:020000040800F2
:1000000000000220F1470008D1410008D741000854
:10001000DD410008E3410008E9410008000000005C
:10002000000000000000000000000000EF41000898
:10003000FD410008000000000B42000819420008C2
:10004000414800084148000841480008414800086C
:10005000414800084148000841480008414800085C
:10006000414800084148000841480008414800084C
:10007000414800084148000841480008414800083C
:10008000414800084148000841480008414800082C
:10009000414800084148000841480008414800081C
:1000A000414800084148000841480008414800080C
:1000B000414800084148000841480008254200081E
:1000C00041480008394200084D42000841480008F4
:1000D00041480008414800084148000841480008DC
:1000E00041480008414800084148000841480008CC
:1000F00061420008414800084148000841480008A2
:1001000041480008414800084148000841480008AB
:10011000414800084148000841480008414800089B
:10012000414800084148000841480008414800088B
:10013000414800080000000000000000414800089D
:10014000414800084148000841480008414800086B
:10015000414800084148000841480008414800085B
:10016000414800084148000841480008414800084B
:10017000414800087542000841480008000000009E
:1001800000000000414800080000000000000000DE
:10019000414800080000000000000000414800083D
:1001A00000000000000000000000000041480008BE
:1001B00041480008414800084148000841480008FB
:0401C00041480008AA
:1001D00010B5054C237833B9044B13B10448AFF381
:1001E00000800123237010BD800400200000000067
:1001F000843C010808B5034B1BB103490348AFF326
:10020000008008BD0000000084040020843C010838
:1002100001F0FF01102A2BDB10F0070F08D010F8B7
:10022000013B013A8B422DD010F0070F42B3F6D1BB
:10023000F0B441EA012141EA014122F007047FF0D4
:1002400000070023F0E80256083C85EA010586EA2B
:10025000010685FA47F5A3FA87F586FA47F6A5FA67
:1002600087F68EB9EED1F0BC01F0FF0102F0070273
:1002700032B110F8013B013A83EA010313B1F8D11E
:100280000020704701387047002D06BF35460338FF
:10029000073815F0010F07D1013015F4807F02BF38
:1002A000013015F4C03F0130F0BC0138704700BF89
:1002B000034613F8012B002AFBD1181A01387047A6
:1002C00081F0004102E000BF83F0004330B54FEA07
:1002D00041044FEA430594EA050F08BF90EA020F74
:1002E0001FBF54EA000C55EA020C7FEA645C7FEA07
:1002F000655C00F0E2804FEA5454D4EB5555B8BF2A
:100300006D420CDD2C4480EA020281EA030382EA9A
:10031000000083EA010180EA020281EA0303362D2C
:1003200088BF30BD11F0004F4FEA01314FF4801CFF
:100330004CEA113102D0404261EB410113F0004F11
:100340004FEA03334CEA133302D0524263EB4303C8
:1003500094EA050F00F0A780A4F10104D5F1200E66
:100360000DDB02FA0EFC22FA05F2801841F10001C1
:1003700003FA0EF2801843FA05F359410EE0A5F195
:1003800020050EF1200E012A03FA0EFC28BF4CF0C6
:10039000020C43FA05F3C01851EBE37101F000457C
:1003A00007D54FF0000EDCF1000C7EEB00006EEB89
:1003B0000101B1F5801F1BD3B1F5001F0CD3490813
:1003C0005FEA30004FEA3C0C04F101044FEA44526A
:1003D00012F5800F80F09A80BCF1004F08BF5FEAF1
:1003E000500C50F1000041EB045141EA050130BDD1
:1003F0005FEA4C0C404141EB0101013C28BFB1F5E3
:10040000801FE9D291F0000F04BF01460020B1FA2D
:1004100081F308BF2033A3F10B03B3F120020CDA00
:100420000C3208DD02F1140CC2F10C0201FA0CF0DE
:1004300021FA02F10CE002F11402D8BFC2F1200C43
:1004400001FA02F120FA0CFCDCBF41EA0C019040F9
:10045000E41AA2BF01EB0451294330BD6FEA040442
:100460001F3C1CDA0C340EDC04F11404C4F120022D
:1004700020FA04F001FA02F340EA030021FA04F33F
:1004800045EA030130BDC4F10C04C4F1200220FA96
:1004900002F001FA04F340EA0300294630BD21FAD4
:1004A00004F0294630BD94F0000F83F4801306BF9A
:1004B00081F480110134013D4EE77FEA645C18BF8E
:1004C0007FEA655C29D094EA050F08BF90EA020F25
:1004D00005D054EA000C04BF1946104630BD91EA1D
:1004E000030F1EBF0021002030BD5FEA545C05D120
:1004F0004000494128BF41F0004130BD14F580045F
:100500003CBF01F5801130BD01F0004545F0FE41D2
:1005100041F470014FF0000030BD7FEA645C1ABF07
:10052000194610467FEA655C1CBF0B46024650EA3E
:10053000013406BF52EA033591EA030F41F400216A
:1005400030BD00BF90F0000F04BF0021704730B5F0
:100550004FF4806404F132044FF000054FF00001C5
:1005600050E700BF90F0000F04BF0021704730B586
:100570004FF4806404F1320410F0004548BF40425B
:100580004FF000013EE700BF42004FEAE2014FEAB0
:1005900031014FEA02701FBF12F07F4393F07F4F8B
:1005A00081F06051704732F07F4208BF704793F08E
:1005B0007F4F04BF41F40021704730B54FF46074A1
:1005C00001F0004521F000411CE700BF50EA0102A4
:1005D00008BF704730B54FF000050AE050EA01024D
:1005E00008BF704730B511F0004502D5404261EBBD
:1005F00041014FF4806404F132045FEA915C3FF4FE
:10060000D8AE4FF003025FEADC0C18BF03325FEA9A
:10061000DC0C18BF033202EBDC02C2F1200300FA4B
:1006200003FC20FA02F001FA03FE40EA0E0021FA70
:1006300002F11444BDE600BF70B54FF0FF0C4CF45E
:10064000E06C1CEA11541DBF1CEA135594EA0C0F10
:1006500095EA0C0F00F0DEF82C4481EA030621EA4B
:100660004C5123EA4C5350EA013518BF52EA033586
:1006700041F4801143F4801338D0A0FB02CE4FF038
:100680000005E1FB02E506F00042E0FB03E54FF068
:100690000006E1FB03569CF0000F18BF4EF0010E60
:1006A000A4F1FF04B6F5007F64F5407404D25FEA5C
:1006B0004E0E6D4146EB060642EAC62141EA55510F
:1006C0004FEAC52040EA5E504FEACE2EB4F1FD0C51
:1006D00088BFBCF5E06F1ED8BEF1004F08BF5FEACF
:1006E000500E50F1000041EB045170BD06F0004681
:1006F00046EA010140EA020081EA0301B4EB5C042E
:10070000C2BFD4EB0C0541EA045170BD41F4801125
:100710004FF0000E013C00F3AB8014F1360FDEBF4A
:10072000002001F0004170BDC4F10004203C35DA26
:100730000C341BDC04F11404C4F1200500FA05F3A9
:1007400020FA04F001FA05F240EA020001F000424A
:1007500021F0004110EBD37021FA04F642EB0601C0
:100760005EEA430E08BF20EAD37070BDC4F10C04EA
:10077000C4F1200500FA04F320FA05F001FA04F2AE
:1007800040EA020001F0004110EBD37041F100019A
:100790005EEA430E08BF20EAD37070BDC4F12005A5
:1007A00000FA05F24EEA020E20FA04F301FA05F20D
:1007B00043EA020321FA04F001F0004121FA04F2B5
:1007C00020EA020000EBD3705EEA430E08BF20EA85
:1007D000D37070BD94F0000F0FD101F000464000BF
:1007E00041EB010111F4801F08BF013CF7D041EA41
:1007F000060195F0000F18BF704703F00046520045
:1008000043EB030313F4801F08BF013DF7D043EA15
:100810000603704794EA0C0F0CEA135518BF95EACB
:100820000C0F0CD050EA410618BF52EA4306D1D152
:1008300081EA030101F000414FF0000070BD50EA71
:10084000410606BF1046194652EA430619D094EAFB
:100850000C0F02D150EA013613D195EA0C0F05D1E5
:1008600052EA03361CBF104619460AD181EA030139
:1008700001F0004141F0FE4141F470014FF00000F1
:1008800070BD41F0FE4141F4780170BD70B54FF08C
:10089000FF0C4CF4E06C1CEA11541DBF1CEA13550C
:1008A00094EA0C0F95EA0C0F00F0A7F8A4EB0504EE
:1008B00081EA030E52EA03354FEA013100F08880E5
:1008C0004FEA03334FF0805545EA131343EA1263AE
:1008D0004FEA022245EA111545EA10654FEA002663
:1008E0000EF000419D4208BF964244F1FD0404F51C
:1008F000407402D25B084FEA3202B61A65EB030578
:100900005B084FEA32024FF480104FF4002CB6EB34
:10091000020E75EB030E22BFB61A754640EA0C00B4
:100920005B084FEA3202B6EB020E75EB030E22BFF4
:10093000B61A754640EA5C005B084FEA3202B6EB35
:10094000020E75EB030E22BFB61A754640EA9C00F4
:100950005B084FEA3202B6EB020E75EB030E22BFC4
:10096000B61A754640EADC0055EA060E18D04FEA82
:10097000051545EA16754FEA06164FEAC30343EA22
:1009800052734FEAC2025FEA1C1CC0D111F4801FEF
:100990000BD141EA00014FF000004FF0004CB6E7E8
:1009A00011F4801F04BF01430020B4F1FD0C88BF87
:1009B000BCF5E06F3FF6AFAEB5EB030C04BFB6EB92
:1009C000020C5FEA500C50F1000041EB045170BD85
:1009D0000EF0004E4EEA113114EB5C04C2BFD4EBB2
:1009E0000C0541EA045170BD41F480114FF0000E36
:1009F000013C90E645EA060E8DE60CEA135594EAB2
:100A00000C0F08BF95EA0C0F3FF43BAF94EA0C0FB4
:100A10000AD150EA01347FF434AF95EA0C0F7FF429
:100A200025AF104619462CE795EA0C0F06D152EA7D
:100A300003353FF4FDAE1046194622E750EA410661
:100A400018BF52EA43067FF4C5AE50EA41047FF472
:100A50000DAF52EA43057FF4EBAE12E74FF0FF3CD7
:100A600006E000BF4FF0010C02E000BF4FF0010CA8
:100A70004DF804CD4FEA410C7FEA6C5C4FEA430C21
:100A800018BF7FEA6C5C1BD001B050EA410C0CBF70
:100A900052EA430C91EA030F02BF90EA020F0020D2
:100AA000704710F1000F91EA030F58BF994208BF39
:100AB00090422CBFD8176FEAE37040F001007047F6
:100AC0004FEA410C7FEA6C5C02D150EA013C07D14D
:100AD0004FEA430C7FEA6C5CD6D152EA033CD3D098
:100AE0005DF8040B704700BF8446104662468C4692
:100AF0001946634600E000BF01B5FFF7B7FF0028C5
:100B000048BF10F1000F01BD4DF808EDFFF7F4FFED
:100B10000CBF012000205DF808FB00BF4DF808ED78
:100B2000FFF7EAFF34BF012000205DF808FB00BF9B
:100B30004DF808EDFFF7E0FF94BF012000205DF8BD
:100B400008FB00BF4DF808EDFFF7CEFF94BF012072
:100B500000205DF808FB00BF4DF808EDFFF7C4FF6B
:100B600034BF012000205DF808FB00BF4FEA410CB4
:100B70007FEA6C5C02D150EA013C0AD14FEA430C97
:100B80007FEA6C5C02D152EA033C02D14FF00000D4
:100B900070474FF0010070474FEA410212F5001212
:100BA00015D211D56FF47873B3EB625212D94FEAB4
:100BB000C12343F0004343EA505311F0004F23FA9E
:100BC00002F018BF404270474FF00000704750EAF3
:100BD000013005D111F0004008BF6FF000407047B0
:100BE0004FF00000704700BF53B94AB9002908BF51
:100BF00000281CBF4FF0FF314FF0FF3000F070B9FC
:100C0000ADF1080C6DE904CE00F006F8DDF804E063
:100C1000DDE9022304B070472DE9F047089E0D4638
:100C200004460F46002B4AD18A42944665D9B2FA4F
:100C300082F343B102FA03FCC3F120029F4020FA81
:100C400002F217439C404FEA1C4E1FFA8CF5B7FB8B
:100C5000FEF1220C0EFB117742EA074201FB05F080
:100C600090420AD91CEB020201F1FF3780F01C818F
:100C7000904240F2198102396244121AA4B2B2FBC6
:100C8000FEF00EFB102244EA024400FB05F5A542EB
:100C90000AD91CEB040400F1FF3280F00781A54261
:100CA00040F204816444023840EA0140641B0021A0
:100CB0001EB1DC400023C6E90043BDE8F0878B424B
:100CC00008D9002E00F0ED800021C6E90005084695
:100CD000BDE8F087B3FA83F1002949D1AB4202D3D2
:100CE000824200F2F880841A65EB03020120174665
:100CF000002EE2D0C6E90047DFE702B9FFDEB2FA14
:100D000082F3002B40F090808A1A4FEA1C471FFAAA
:100D10008CFE0121B2FBF7F507FB1520220C42EAFD
:100D200000420EFB05F0904208D91CEB020205F1CF
:100D3000FF3802D2904200F2CB804546121AA4B28C
:100D4000B2FBF7F007FB102244EA02440EFB00FE60
:100D5000A64508D91CEB040400F1FF3202D2A645D7
:100D600000F2BB801046A4EB0E0440EA05409FE76A
:100D7000C1F120078B4022FA07FC4CEA030C05FA6C
:100D800001F420FA07F3FD404FEA1C492343B5FB69
:100D9000F9F81FFA8CFE09FB18551C0C44EA0544AF
:100DA00008FB0EF5A54202FA01F200FA01F00BD998
:100DB0001CEB040408F1FF3A80F08880A54240F261
:100DC0008580A8F102086444641B9DB2B4FBF9F36A
:100DD00009FB134445EA044403FB0EFEA64508D96B
:100DE0001CEB040403F1FF356CD2A6456AD9023B23
:100DF000644443EA0843A3FB0295A4EB0E04AC420F
:100E0000C846AE4656D353D056B1B0EB080264EB99
:100E10000E0404FA07F7CA40CC401743C6E9007431
:100E200018460021BDE8F087C3F1200102FA03FC57
:100E300020FA01F225FA01F19D402A434FEA1C47AE
:100E40001FFA8CFEB1FBF7F007FB1015110C41EAFD
:100E5000054100FB0EF58D4204FA03F408D91CEBA2
:100E6000010100F1FF382FD28D422DD902386144A3
:100E7000491B92B2B1FBF7F507FB151142EA01429B
:100E800005FB0EF1914208D91CEB020205F1FF3877
:100E900016D2914214D9023D6244521A45EA0041E9
:100EA00038E73146304608E73946E6E61046FBE6C5
:100EB0004845A9D2B9EB020865EB0C0E013BA3E74C
:100EC0004546EAE72B4694E74046D1E7D0467BE724
:100ED000023D624432E708460AE76444023842E7CA
:100EE000704700BF80B48FB000AFF860B9607A601F
:100EF0003B6000233B6100233B753B687B637A6B5F
:100F00003B6C13447B62BB683B623A6A7B68134468
:100F1000FB61BB683B633B6B0133FB620023FB76E9
:100F2000012387F82B30BB68002B02D03B68002BD5
:100F30000AD101233B75FB681A4607F1100393E8B9
:100F4000030082E8030066E03B6C002B40D0FA6AA5
:100F5000FB699A4205D33B7D43F00203DBB23B754C
:100F600036E07B6B5A1C7A631B78FB76FB7E002B8A
:100F70000FD13B6B97F82B201A70FB6A5A1CFA6250
:100F80003B63012387F82B307A6B7B6A9A42DED36E
:100F90001EE0FB6A5A1CFA62FA7E1A7097F82B3030
:100FA000013387F82B307A6B7B6A9A420FD297F81D
:100FB0002B30FF2BCBD13B6B97F82B201A70FB6AA1
:100FC0005A1CFA623B63012387F82B30BFE700BF4E
:100FD0003A6BFB699A4207D33B7D43F00203DBB2D5
:100FE0003B75FB69FB620AE03B6B97F82B201A709C
:100FF000FB6A5A1CFA623B633B6B00221A70FA6A66
:101000003B6AD31A3B61FB681A4607F1100393E869
:10101000030082E80300F8683C37BD465DF8047BB6
:10102000704780B48FB000AF78607B681A897B68A6
:101030001B681B8A9A4201D3002356E17B681B6818
:101040001A687B685B899B0013441B68FB62FB6A20
:101050001B0ADAB27B689A75FB6A03F00303022B62
:101060005AD0022B00F29480002B02D0012B1FD00B
:101070008EE07B6801229A82FB6A9B089BB203F098
:101080003F039AB27B681A82FB6A1B0E5BB203F0C5
:101090000F0387F83330FB6A1B0CDBB27B63FB6A00
:1010A0001B0F9BB203F00F039AB27B685A82B4E025
:1010B0007B681B681A687B685B8901339B0013445B
:1010C0001B68FB61FB6A1B0C9BB2C3F30B039AB258
:1010D0007B689A82FB6A9B089BB203F03F039AB23B
:1010E000FB691B0F9BB29B019BB213439AB27B68B7
:1010F0001A82FB6A1B0F5BB203F00F0387F83330D1
:10110000FB699BB27B63FB691B0C9BB2C3F30B03B4
:101110009AB27B685A8280E07B681B681A687B6899
:101120005B8901339B0013441B68BB627B681B68AF
:101130001A687B685B8902339B0013441B687B62DF
:101140007B681B681A687B685B8903339B001344C8
:101150001B683B62FB6A1B0C9AB27B689A82FB6A33
:101160009B089BB203F03F039AB2BB6A1B0A9BB277
:101170009B019BB213439AB27B681A82BB6A87F8C1
:1011800033307B6A7B633B6A9AB27B685A8244E065
:101190007B681B681A687B685B8901339B0013447A
:1011A0001B68BB617B681B681A687B685B890233BC
:1011B0009B0013441B687B617B681B681A687B6813
:1011C0005B8903339B0013441B683B617B681B688E
:1011D0001A687B685B8904339B0013441B68FB60BF
:1011E000FB689AB27B689A82FB6A9B089BB203F009
:1011F0003F039AB2BB691B0A9BB29B019BB213438C
:101200009AB27B681A82BB6987F833307B697B634B
:101210003B699AB27B685A8200BF7B685B68002B8F
:1012200006D17B6800229A617B6800221A6241E045
:101230007B685A687B6B1A447B689A6197F93330F4
:10124000002B08D07B689A6997F933305B421A44C7
:101250007B681A621AE07B689B7D03F03003202BC9
:1012600011D17B689B7D03F0C003002B05D07B6808
:101270009B7D03F0C003802B05D17B6803F1140232
:101280007B681A6202E07B6800221A627B689B7DA1
:1012900003F0C003802B09D17B689B69002B05D02C
:1012A0007B689B691A687B68DA6103E07B689A69EE
:1012B0007B68DA617B689B7D03F00F03082B05D008
:1012C0007B689B7D03F00F03092B0AD17B681B68A9
:1012D0005A687B68DB899B0013441A687B685A62F2
:1012E00002E07B6800225A62012318463C37BD4663
:1012F0005DF8047B704780B485B000AF78607B6890
:101300001B8901339AB27B681A817B681A897B68D2
:101310001B681B8A9A420CD37B6800221A817B6867
:1013200000225A817B680022DA817B6800229A8140
:101330003CE07B681B681A687B685B899B001344F0
:101340001B68FB60FB681B0AFB72FB6803F003036E
:10135000012202FA03F33B817B685A893B891344DB
:101360009AB27B685A817B689A89FB7A03F03003D2
:10137000002B0CBF01230023DBB29BB213449AB2B3
:101380007B689A817B68DA89FB7A03F00F03082B6C
:1013900004D0FB7A03F00F03092B01D1012300E0F5
:1013A00000239BB213449AB27B68DA8100BF1437E2
:1013B000BD465DF8047B704780B584B000AFF8602F
:1013C000B9607A6028220021F86810F09DFDFB6862
:1013D000BA681A60FB687A685A60F868FFF721FEFD
:1013E000034618461037BD4680BD80B586B000AFB5
:1013F000786039603B681B689B683B613B691B6890
:101400001B68FB60FB681B0A03F0C003802B09D13B
:101410003B6804331A4639697868FFF7CDFF034605
:10142000FB7508E03B685B681A4639697868FFF726
:10143000C3FF0346FB753B6803F10C027B681A622D
:10144000FB7D18461837BD4680BD80B582B000AF21
:1014500078607868FFF74FFF7868FFF7E2FD7B68F8
:101460001B89002B14BF01230023DBB21846083769
:10147000BD4680BD80B485B000AF78607B68FB60FE
:10148000FB6818461437BD465DF8047B704780B58D
:1014900084B000AFF860B9607A607868FFF7EAFF5F
:1014A00003461A46B968F868FFF786FF03461846F0
:1014B0001037BD4680BD80B582B000AF786039601E
:1014C0003868FFF7D7FF034619467868FFF78DFFA6
:1014D000034618460837BD4680BD80B586B000AFCC
:1014E000F860B9607A607B685B8A082B25D17B68DD
:1014F000DB697B617B69002B1FD0FB68002B0CD064
:101500007B691B68002B08D07B691B687A690432F1
:101510007968F8689847034610E0BB68002B0CD048
:101520007B691B68002B08D07B691B687A690432D1
:101530007968B8689847034600E0012318461837D1
:10154000BD4680BD80B586B000AFF860B9607A60F6
:10155000FB685B687B617A697B681A44FB685A6048
:101560007A68B968786910F04EFD0123184618377B
:10157000BD4680BDB0B48BB000AFF860B9607A6092
:101580000B4B7B61BB68BB617B68FB6100233B62EB
:1015900000237B62FB681D4607F114040FCC0FC5C6
:1015A00023682B60F8682C37BD46B0BC704700BF7D
:1015B0004515000880B584B000AFF860B9607A6066
:1015C0007B68002B37D0FB681B68002B33D0FB688F
:1015D000DA687B681A44FB68DB689A4207D3FB68C9
:1015E000DA687B681A44FB689B689A420BD9FB68EF
:1015F0001B69002B02D0FB681B6900E0134BFA68E3
:10160000136100231EE0FB681B687A68B968F868FC
:101610009847034683F00103DBB2002B0BD0FB6835
:101620001B69002B02D0FB681B6900E0084BFA68BD
:101630001361002306E0FB68DA687B681A44FB68E4
:10164000DA60012318461037BD4680BDA03C010872
:10165000AC3C010880B485B000AF78607B68BB60AB
:101660000023FB600AE0BA68FB6813441B78002B78
:1016700001D0012306E0FB680133FB60FB68002B0F
:10168000F1D0002318461437BD465DF8047B70473F
:10169000B0B58CB000AF786039603B681B6A1B88BE
:1016A000BB84BB8C002B01D101233DE13B689B7DBA
:1016B00003F0C003802B10D03B689B8ABA8C9A42FF
:1016C0000BD97B681B69002B02D07B681B6900E08B
:1016D000974B7A681361002326E13B689B7D03F0FA
:1016E0000F03052B00F2B3803B681B8A1A460221C8
:1016F000786800F0DDFC034683F00103DBB2002BC9
:1017000001D0002310E13B689B7D03F00F03042B05
:1017100003D1BB8C9B00BB6247E03B689B7D03F021
:101720000F03052B03D1BB8CDB00BB623DE007F14F
:10173000080300221A605A609A60DA601A613B68F6
:10174000DB69FB610023FB8526E007F108033968AC
:10175000184600F0EFFD034683F00103DBB2002BD7
:1017600010D07B681B69002B02D07B681B6905E0E9
:10177000BB69002B01D0BB6900E06E4B7A68136136
:101780000023D1E03B68DB693A68528A1A443B681F
:10179000DA61FB8D0133FB85FA8DBB8C9A42D4D381
:1017A0003B68FA69DA617B69BB62BB6A00221C464E
:1017B000154622462B46786800F0F7FB034683F077
:1017C0000103DBB2002B01D00023ADE07B681B6876
:1017D000002B06D1BA6A00217868FFF7EBFE0346BA
:1017E000A2E00023FB852DE03B689B7D03F00F0307
:1017F000042B05D03B689B7D03F00F03052B0BD119
:101800003968786800F058FE034683F00103DBB2C4
:10181000002B0DD0002387E03968786800F08AFD3E
:10182000034683F00103DBB2002B01D000237BE0F1
:101830003B68DB693A68528A1A443B68DA61FB8D7F
:101840000133FB85FA8DBB8C9A42CDD36BE000232C
:10185000FB8564E03B689B7D03F0C003802B47D190
:101860003B689B7D03F00F03072B05D03B689B7DF6
:1018700003F00F03062B3BD13B68DB693B623B68FF
:10188000DB691A683B68DA613B68DB69002B1CD1B5
:101890003968786800F036FC0346002B0BD04FF017
:1018A00000024FF00003786800F07FFB0346002B36
:1018B00001D0012300E0002387F8273097F8273074
:1018C00003F0010387F8273006E03968786800F0F4
:1018D00051F9034687F827303B683A6ADA6197F88E
:1018E000273083F00103DBB2002B0DD000231BE077
:1018F0003968786800F03EF9034683F00103DBB2F3
:10190000002B02D000230FE000BF3B68DB693A6880
:10191000528A1A443B68DA61FB8D0133FB85FA8DEC
:10192000BB8C9A4296D3012318463037BD46B0BDD2
:10193000B83C0108D03C010880B592B000AF786097
:101940007B689B7D87F8453097F8453003F0C003EE
:10195000002B40F0C98097F8453003F03003002B8E
:1019600001D1002300E197F8453003F03003202B2C
:1019700008D17B681B6A1B88002B0CBF0123002346
:10198000DBB2F1E097F8453003F03003302B08D19B
:101990007B681B6A1B88002B0CBF01230023DBB272
:1019A000E2E097F8453003F03003102B15D17B6847
:1019B0001B6A002B11D07B681B6A1846FFF74AFE92
:1019C0000346002B14BF01230023DBB283F0010385
:1019D000DBB203F00103DBB2C6E07B681B689B68E7
:1019E000002B01D00023BFE097F8453003F00F0330
:1019F000052B1CD87B68DB697B630023A7F8463086
:101A00000DE0B7F846307A6B13441B78002B01D0F9
:101A10000023A9E0B7F846300133A7F846307B68C9
:101A20005B8AB7F846209A42EBD301239CE097F8F3
:101A3000453003F00F03062B0AD17B68DB69BB63DB
:101A4000BB6B1B88002B0CBF01230023DBB28BE098
:101A500097F8453003F00F03072B08D17B68DB694B
:101A60001B78002B0CBF01230023DBB27CE097F82E
:101A7000453003F00F030B2B07D17B685B8A002BEB
:101A80000CBF01230023DBB26EE097F8453003F072
:101A90000F03082B05D097F8453003F00F03092BEF
:101AA00061D17B68596A7B68DA6907F10C031846D3
:101AB000FFF782FC0346002B14D007F10C031846F5
:101AC000FFF73AFF034683F00103DBB2002B01D09E
:101AD000002349E007F10C031846FFF7B6FC034664
:101AE000002BEAD101233FE097F8453003F0C00313
:101AF000802B07D17B68DB69002B0CBF01230023FF
:101B0000DBB231E097F8453003F0C003402B2AD117
:101B100097F8453003F00F030A2B0AD17B68DB6985
:101B20001B68FB63FB6B002B0CBF01230023DBB2A4
:101B30001AE07B681B68DB680D4A93420AD17B6818
:101B4000DB693B643B6C1B68002B0CBF012300234B
:101B5000DBB209E07B681B68DB68002B0CBF01234C
:101B60000023DBB200E0002318464837BD4680BDA5
:101B7000DB14000880B582B000AF786039603B6844
:101B8000DB69002B01D1012361E03968786800F03E
:101B9000B9FA034683F00103DBB2002B01D0002326
:101BA00055E03B689B7D03F00F030B2B44D801A24B
:101BB00052F823F0E51B0008F11B0008F11B000898
:101BC000F11B0008FD1B0008FD1B0008091C000894
:101BD000151C0008211C0008211C0008391C0008E5
:101BE0002D1C00083968786800F08AFB03462EE057
:101BF0003968786800F09EFB034628E03968786809
:101C000000F05AFC034622E03968786800F082FC54
:101C100003461CE03968786800F0BAFC034616E019
:101C20003968786800F012FD034610E0396878687A
:101C300000F052FD03460AE07B681B69002B02D0CE
:101C40007B681B6900E0044B7A6813610023184627
:101C50000837BD4680BD00BFD83C010880B582B0C2
:101C600000AF786039603B681B68DB68002B18D0D8
:101C70003B681B68DB683A68796800209847034630
:101C800083F00103DBB2002B0BD07B681B69002BB8
:101C900002D07B681B6900E0044B7A681361002363
:101CA00000E0012318460837BD4680BDEC3C010822
:101CB00080B582B000AF786039603B689B7D03F0EF
:101CC0003003302B08D13B681B6A1A883B681B8A9B
:101CD0009A4226D0012359E03B689B7D03F03003F4
:101CE000102B1ED13B681B6A002B0CD03B681B6A73
:101CF0001846FFF7AFFC034683F00103DBB2002B6D
:101D00000FD0012342E03B689B7D03F0C003002B12
:101D100007D13868FFF710FE0346002B01D00123DE
:101D200034E03B68DB69002B13D13B689B7D03F0FB
:101D30003003002B0BD17B681B69002B02D07B6822
:101D40001B6900E0134B7A68136100231EE0012336
:101D50001CE03B689B7D03F0C003402B05D1396834
:101D60007868FFF77BFF034610E03B689B7D03F03C
:101D70003003202B05D139687868FFF789FC0346CA
:101D800004E039687868FFF7F5FE0346184608371F
:101D9000BD4680BDFC3C010880B58CB000AF7860CA
:101DA000396007F1080339681846FFF784FB0346DA
:101DB00083F00103DBB2002B0BD07B681B69002B87
:101DC00002D07B681B6900E0074B7A68136100232F
:101DD00006E007F1080319467868FFF769FF034634
:101DE00018463037BD4680BD143D010880B584B02B
:101DF00000AF786039603B68DB691B68FB601EE000
:101E0000FB681B685B68002B08D0FB681B685B687D
:101E1000F968786898470346FB7205E0F9687868C6
:101E2000FFF7BAFF0346FB72FB7A83F00103DBB2D4
:101E3000002B01D0002306E0FB689B68FB60FB6879
:101E4000002BDDD1012318461037BD4680BD80B57B
:101E50008EB000AFF860B9607A6007F110037A685D
:101E6000B9681846FFF713FB034683F00103DBB2A2
:101E7000002B01D001232AE097F8263003F00F034E
:101E80000A2B0DD107F110031946F868FFF7AEFFD2
:101E9000034683F00103DBB2002B0FD0002316E0D2
:101EA00007F110031946F868FFF702FF034683F0B5
:101EB0000103DBB2002B01D0002308E007F110037F
:101EC0001846FFF7C2FA0346002BD5D10123184666
:101ED0003837BD4680BD80B588B000AFF860B960C6
:101EE0007A600023FB61BB68DBB203F07F03FB7603
:101EF000BB68DB09BB6013E0FB7E63F07F03FB760E
:101F0000FB695A1CFA6120333B44FA7E03F8102C1B
:101F1000BB68DBB203F07F03FB76BB68DB09BB6009
:101F2000FB69032B05D8BB68002BE5D17B68002B30
:101F3000E2D17B68002B24D07B68DBB21B01DBB2D3
:101F400003F07003DAB2FB7E1343FB767B68DB0899
:101F50007B6013E0FB7E63F07F03FB76FB695A1C1A
:101F6000FA6120333B44FA7E03F8102C7B68DBB225
:101F700003F07F03FB767B68DB097B607B68002BCB
:101F8000E8D1FB695A1CFA6120333B44FA7E03F81E
:101F9000102C07F11003FA691946F868FFF70AFBDD
:101FA000034618462037BD4680BD90B587B000AFC8
:101FB000F860C7E90023D7E90023802A73F1000302
:101FC0000AD23B78FB7507F1170301221946F8681E
:101FD000FFF7F0FA03460FE03C68D7E900014FF045
:101FE00000024FF000030A00002313461A46214660
:101FF000F868FFF770FF034618461C37BD4690BDD2
:102000002DE9B04F8AB000AF7861C7E902234FF0E5
:10201000FF326FF00043C7E90623D7E90223002B04
:1020200015DAD7E90201D7E9062300EA020401EA3A
:10203000030523193B6045EB05037B60D7E90023CB
:102040006FEA020A6FEA030BC7E908AB07E0D7E9BA
:10205000022312EB020843EB0309C7E90889D7E919
:1020600008237869FFF7A1FF034618462837BD46C5
:10207000BDE8B08F80B582B000AF786039600422CF
:1020800039687868FFF796FA034618460837BD4660
:1020900080BD80B582B000AF7860396008223968B1
:1020A0007868FFF787FA034618460837BD4680BDB3
:1020B0002DE9B04F88B000AF78610B46FA60FB7431
:1020C000FB6800229A4693464FEA5A754FEACA04C3
:1020D000FB7C00229846914644EA08033B6045EAAF
:1020E00009037B60D7E90034C7E90634D7E9062342
:1020F0007869FFF75AFF034618462037BD46BDE80A
:10210000B08F000080B584B000AF786039603B6864
:102110009B7D03F00F030B2B26D801A252F823F06E
:1021200051210008512100085121000851210008C7
:10213000572100085D210008632100086321000881
:102140006321000863210008692100086321000859
:102150000023FB7314E00523FB7311E00123FB73E1
:102160000EE00223FB730BE07B681B69002B02D09F
:102170007B681B6900E0094B7A681361002308E063
:102180003B681B8A1A46FB7B19467868FFF790FF6D
:10219000034618461037BD4680BD00BFD83C010835
:1021A000B0B584B000AFF860B9607A607B68002297
:1021B0001C46154622462B46F868FFF7F6FE0346F6
:1021C00083F00103DBB2002B01D0002305E07A6825
:1021D000B968F868FFF7EEF9034618461037BD46B0
:1021E000B0BD0000B0B58CB000AFF860B9607A60E7
:1021F00007F1140300221A605A609A60DA601A61CB
:1022000007F114037A68B9681846FFF720FE034601
:1022100083F00103DBB2002B04D07A6AFB681A61F9
:10222000002365E03B6AFB62FB6A00221C46154600
:1022300022462B46F868FFF7B8FE034683F00103F9
:10224000DBB2002B01D0002352E0FB681B68002B9F
:1022500006D1FA6A0021F868FFF7ACF9034647E0B7
:10226000FB68DA68FB6A1A44FB689B689A420BD9E0
:10227000FB681B69002B02D0FB681B6900E01E4B4A
:10228000FA681361002333E0FB681B687B61FB681D
:102290005B68BB61FB6AFB6100233B6200237B62DE
:1022A00007F114037A68B9681846FFF7D0FD0346B2
:1022B00087F82B30FB68DA683B6A1A44FB68DA60FF
:1022C000BA69FB685A607A6AFB681A613B6AFA6A03
:1022D0009A420BD0FB681B69002B02D0FB681B697C
:1022E00000E0064BFA681361002301E097F82B30F9
:1022F00018463037BD46B0BDA03C0108283D010856
:10230000B0B584B000AF786039603B68DB691846CF
:10231000FFF7A0F90346FB60FB6800221C46154648
:1023200022462B467868FFF740FE034618461037D2
:10233000BD46B0BD2DE9B04F8CB000AFF861B961BA
:10234000BB699B7D03F00F03022B52D14FF00002BB
:102350004FF00003C7E90A23BB695B8A012B0BD14D
:10236000BB69DB691B78DBB200223B617A61D7E98C
:102370000434C7E90A3435E0BB695B8A022B0BD110
:10238000BB69DB691B889BB20022BB60FA60D7E99E
:102390000234C7E90A3425E0BB695B8A042B0AD101
:1023A000BB69DB691B6800223B607A60D7E90034B7
:1023B000C7E90A3416E0BB695B8A082B06D1BB6902
:1023C000DB69D3E90023C7E90A230BE0FB691B693A
:1023D000002B02D0FB691B6900E0364BFA691361E0
:1023E000002361E0D7E90A23F869FFF7DEFD034621
:1023F0005AE04FF000024FF00003C7E90823BB6921
:102400005B8A012B0AD1BB69DB6993F900305BB2AF
:10241000DA179A469346C7E908AB32E0BB695B8A94
:10242000022B0AD1BB69DB69B3F900301BB2DA17A2
:1024300098469146C7E9088923E0BB695B8A042B6B
:1024400008D1BB69DB691B68DA171C461546C7E96A
:10245000084516E0BB695B8A082B06D1BB69DB69BE
:10246000D3E90023C7E908230BE0FB691B69002BB4
:1024700002D0FB691B6900E00E4BFA69136100236F
:1024800012E0BB699B7D03F00F03032B06D1D7E954
:102490000823F869FFF7B4FD034605E0D7E90823F0
:1024A000F869FFF782FD034618463037BD46BDE8A0
:1024B000B08F00BF3C3D010880B582B000AF7860AE
:1024C00039603B685B8A042B07D13B68DB6919469E
:1024D0007868FFF7CFFD034616E03B685B8A082B60
:1024E00007D13B68DB6919467868FFF7D2FD0346E0
:1024F0000AE07B681B69002B02D07B681B6900E047
:10250000034B7A681361002318460837BD4680BD27
:102510003C3D010880B584B000AF7860396000238D
:10252000FB603B68DB69FB60FB68002B06D1002287
:1025300000217868FFF734FE034622E03B689B7D6C
:1025400003F0C003002B13D1FB681B881A463B68BD
:102550005B8A023B9A420BD97B681B69002B02D035
:102560007B681B6900E0094B7A681361002308E06F
:10257000FB68991CFB681B881A467868FFF710FEF9
:10258000034618461037BD4680BD00BF503D0108C8
:1025900080B586B000AF7860396000237B613B680E
:1025A0005B8A3B613B68DB69BB603B689B7D03F0FA
:1025B000C003802B03D14FF0FF333B6111E03B6937
:1025C000002B0BD17B681B69002B02D07B681B6939
:1025D00000E01C4B7A68136100232FE03B69013B4C
:1025E0003B61BB68002B02D100237B6120E0BB680C
:1025F000FB6005E07B6901337B61FB680133FB60B5
:102600007A693B699A4203D2FB681B78002BF1D1AF
:10261000FB681B78002B0BD07B681B69002B02D05A
:102620007B681B6900E0084B7A681361002305E0B2
:102630007A69B9687868FFF7B3FD0346184618371A
:10264000BD4680BD643D0108783D010880B584B079
:1026500000AF786039603B685B6A002B0BD17B6808
:102660001B69002B02D07B681B6900E0194B7A685C
:102670001361002329E03B689B7D03F00F03092BC6
:102680001AD13B681B6A002B16D03B681B6A083BBB
:10269000FB60FB681B68002B0ED0FB681B68FA68A8
:1026A0000432396878689847034683F00103DBB247
:1026B000002B01D0002308E03B68596A3B68DB69C6
:1026C0001A467868FFF78EFD034618461037BD4658
:1026D00080BD00BF8C3D010880B582B000AF78603E
:1026E00039603B68D9693B685B8A1A467868FFF7AE
:1026F00057FD034618460837BD4680BD80B400AF7D
:10270000044B4AF6AA221A6000BFBD465DF8047B5E
:10271000704700BF0030004080B588B004AF7860DB
:1027200039600023FB737B6802933B6801934FF48D
:1027300080730093064B074A0749022008F06EFA9F
:102740000346FB7397F90F3018461037BD4680BD1E
:10275000D12D0008492D0008C92C000880B588B08B
:1027600002AF78604FF480737B61234BBB60002322
:10277000FB747B6903F00303002B04D07B699B0887
:1027800001339B007B610023FB6027E0FFF7B6FF6E
:1027900001F0A8FBBA68FB68D31A7A699A420DD98E
:1027A000BA68FB68D31A7B617B6903F00303002BD3
:1027B00004D07B699B0801339B007B61FB680F4A57
:1027C00098187B6800937B69FA68B96808F048F943
:1027D0000346FB74FA687B691344FB60FA68BB68C4
:1027E0009A4203D297F91330002BCFD097F91330C8
:1027F00018461837BD4680BD302B0200284001081E
:102800002DE9F04F97B008AFF860B960BB687B6303
:10281000FB689B780B2B40F08280FB68D3F8033079
:1028200007F114021146184609F0EFFC02F06EF8A9
:1028300002467B6B9A61FB68D3F80730D3E900232B
:10284000C7E90A23D7E90A0102460B464FF0000AFE
:102850004FF0000B4FEA431B4BEAD26B4FEA421A90
:1028600052465B46B2EB000863EB01094FF00002F1
:102870004FF000034FEA891343EA98634FEA881246
:10288000B2EB080463EB09054FF000024FF00003C0
:10289000EB0043EA5473E20014461D4623183B60E4
:1028A00045EB01037B60D7E90034C7E90A34D7E977
:1028B0000A011EA3D3E90023FEF796F902460B4650
:1028C00013467B62BA6A7B6A174901FB03F3D31A8A
:1028D0003B627B6B9B683B607B6B93F800C07B6BC0
:1028E0005B787A6B9278B7F91410B7F91600B7F9DC
:1028F0001840B7F91A50BE8B0696059504940390BC
:1029000002910192009363463A6A796A386800F04E
:10291000DBFE7B6B9B685A1C7B6B9A6000E000BF00
:102920003C37BD46BDE8F08F00CA9A3B00CA9A3BCF
:1029300000000000000000002DE9F04F93B006AF4A
:10294000F860B960BB68FB62FB689B78072B75D1A8
:10295000FB68D3F8033007F110021146184609F05E
:10296000A0FC01F0D3FF0246FB6A9A61FB68D3F832
:102970000730D3E90023C7E90823D7E90801024655
:102980000B464FF0000A4FF0000B4FEA431B4BEA97
:10299000D26B4FEA421A52465B46B2EB000863EB39
:1029A00001094FF000024FF000034FEA891343EA98
:1029B00098634FEA8812B2EB080463EB09054FF005
:1029C00000024FF00003EB0043EA5473E2001446A8
:1029D0001D4623183B6045EB01037B60D7E90034BB
:1029E000C7E90834D7E9080118A3D3E90023FEF7A3
:1029F000FBF802460B461346FB613A6AFB69124933
:102A000001FB03F3D31ABB61FB6A9D68FB6A1E7866
:102A1000FB6A5B78FA6A9278B7F91010B7F912007E
:102A2000B7F9144004940390029101920093334645
:102A3000BA69F969284600F0B9FE00E000BF3437F2
:102A4000BD46BDE8F08F00BF00CA9A3B00CA9A3B62
:102A500000000000000000002DE9F04F93B006AF29
:102A6000F860B960BB68FB62FB689B78072B77D185
:102A7000FB68D3F8033007F110021146184609F03D
:102A800010FC01F043FF0246FB6A9A61FB68D3F831
:102A90000730D3E90023C7E90823D7E90801024634
:102AA0000B464FF0000A4FF0000B4FEA431B4BEA76
:102AB000D26B4FEA421A52465B46B2EB000863EB18
:102AC00001094FF000024FF000034FEA891343EA77
:102AD00098634FEA8812B2EB080463EB09054FF0E4
:102AE00000024FF00003EB0043EA5473E200144687
:102AF0001D4623183B6045EB01037B60D7E900349A
:102B0000C7E90834D7E908011AA3D3E90023FEF77F
:102B10006BF802460B461346FB613A6AFB6914499F
:102B200001FB03F3D31ABB61FB6A9D68FB6A1E7845
:102B3000FB6A5B78FA6A92781432D2B2B7F9101055
:102B4000B7F91200B7F9144004940390029101926E
:102B500000933346BA69F969284600F027FE00E081
:102B600000BF3437BD46BDE8F08F00BFAFF3008033
:102B700000CA9A3B00CA9A3B0000000080B487B0AC
:102B800000AF786039603B687B617B68D3F80330C5
:102B90001B78FB747B68D3F803305B78BB747B686D
:102BA000D3F803309B787B747B681B78FE2B02D1B3
:102BB0002D4BFB6005E07B681B78F82B45D12B4B38
:102BC000FB60FB7C013B132B41D801A252F823F0A0
:102BD0004F2C00084F2C00084F2C00084F2C0008E9
:102BE0004F2C00084F2C00084F2C00084F2C0008D9
:102BF0004F2C00084F2C0008212C00082F2C000817
:102C00004F2C00084F2C00084F2C00084F2C0008B8
:102C10004F2C00084F2C00083D2C00084F2C0008BA
:102C20007B69002B15D07B6901221A7711E07B6943
:102C3000002B10D07B6901221A770CE07B69002BF6
:102C40000BD07B6901221A7707E000BF06E000BFC6
:102C500004E000BF02E000BF00E000BF1C37BD463B
:102C60005DF8047B704700BF843E0108943E010874
:102C700080B483B000AF0346FB71FB79002B01D118
:102C8000002301E06FF0020318460C37BD465DF8E3
:102C9000047B704780B500AF094B1B78DBB2002B7B
:102CA0000BD1074B01221A70064802F0D3FB00F04B
:102CB0003DFF034B00221A7000E000BF80BD00BF43
:102CC0009C040020A44A002080B58CB004AFB960F9
:102CD0007A603B600346FB733B68BB610123FB7773
:102CE000BB69002B02D14FF0FF3327E0BB691B7992
:102CF000FB820023BB7717E0FB8A5B0099B2FB7B6A
:102D00009AB27B689BB2192002900193BB68009332
:102D100001230C4802F0C6FD0346FB77FB7F002B26
:102D200006D0BB7F0133BB77BB7F012BE4D900E02A
:102D300000BFFB7F1846FFF79BFF0346184620376E
:102D4000BD4680BDA44A002080B58CB004AFB960F8
:102D50007A603B600346FB733B68BB610123FB77F2
:102D6000BB69002B02D0BB68002B02D14FF0FF33B0
:102D700027E0BB691B79FB820023BB7717E0FB8A46
:102D80005B0099B2FB7B9AB27B689BB232200290C7
:102D90000193BB68009301230C4802F089FC0346B1
:102DA000FB77FB7F002B06D0BB7F0133BB77BB7F5C
:102DB000012BE4D900E000BFFB7F1846FFF758FF66
:102DC000034618462037BD4680BD00BFA44A0020F8
:102DD00080B483B000AF78603960094B1B68002273
:102DE0005A6200BF064B1B685B6A7A689A42F9D840
:102DF00000BF00BF0C37BD465DF8047B704700BFC5
:102E0000584B002080B582B000AF786039603A68D6
:102E10007968002009F0BCFA034618460837BD4619
:102E200080BD80B500AF002009F0DEFA03461846E9
:102E300080BD80B500AF002009F060FB0346184656
:102E400080BD000080B400AF044B4AF6AA221A608D
:102E500000BFBD465DF8047B704700BF00300040F6
:102E600080B586B002AF0346FB71E023FB81FB799E
:102E7000072B01D9012326E0154B1B78FA799A42DA
:102E800001D100231FE0FB79012202FA03F3DBB238
:102E90003B7307F10C02F9896423009301230D4869
:102EA00002F008FB03467B737B7B002B07D1084AAB
:102EB000FB79137000216420FFF78AFF02E0044BC6
:102EC000FF221A707B7B18461037BD4680BD00BFBD
:102ED00000000020A44A002090B583B000AF00237A
:102EE000FB7178E0FFF7AEFF00F0FCFFFB793E4A94
:102EF0005B01134403331B787B71FA79FB794FF440
:102F0000427101FB02F239490A4437495B010B4423
:102F100010331A60FB79344A5B0113440C330022EE
:102F20001A70FB79304A5B011344143300221A7083
:102F3000FB792D4A5B0113441C3300221A700123D4
:102F4000BB717B791846FFF78BFF03463B713B79DA
:102F5000002B12D1022001F0E5FCFB79224A5B0133
:102F6000134404331B789BB25B0099B214230222F2
:102F70001F4802F0BDFE0346BB71BB79002B27D171
:102F8000FB79194A5B011344143301221A70FC794E
:102F900001F0BCFC0346174A42F82430FB7918467E
:102FA00000F02AF80346FB7097F90330002B0FD18D
:102FB000FB790D4A5B0113440C3301221A70FC7932
:102FC00001F0A4FC0246084963010B4418331A605F
:102FD000FB790133FB71FB79132B83D900BF00BF51
:102FE0000C37BD4690BD00BF04000020A0040020A7
:102FF000A44A0020544900202DE9F0438BB000AFD3
:103000000346FB716B461E46FFF71CFF002387F843
:103010002730132387F8253097F825100B46013BFE
:103020003B62CBB20022984691464FF000024FF02F
:1030300000034FEAC90343EA58734FEAC802CBB210
:1030400000221C4615464FF000024FF00003EB0033
:1030500043EA5473E2000B460733DB08DB00ADEBB9
:10306000030D6B460033FB610023FB8100237B7360
:1030700000233B730023FB72FB79BE4A5B011344C0
:1030800010331A68FB795B01BA490B4419461046A4
:10309000FFF742FB03461A46FB691A70FB79B54AF3
:1030A0005B01134410331B68184607F09FFD03466D
:1030B0001A46FB695A70FB79AE4A5B011344103320
:1030C0001A6807F10D031146184607F03EFC034647
:1030D0001A46FB699A70FB79A64A5B0113441033C8
:1030E0001A6807F10C031146184607F048FC03461E
:1030F0001A46FB69DA707B7B892B02D0FB690122BF
:10310000DA700123FB76FB799A4A5B011344103392
:103110001A68FB7E1146184607F0DCFC03461A4687
:10312000FB691A712023BB76FB79924A5B01134439
:1031300010331A68BB7E1146184607F0E7FC0346B9
:103140001A46FB695A7100237B76FB79894A5B0139
:10315000134410331A687B7E1146184607F0F2FCC0
:1031600003461A46FB699A7100233B76FB79814A34
:103170005B01134410331A683B7E1146184607F072
:10318000FDFC03461A46FB69DA71FB79794A5B015B
:10319000134410331A6807F10B031146184607F061
:1031A00022FC03461A46FB691A72FB7A03F01003ED
:1031B000002B00F0EB80FB796E4A5B011344103367
:1031C0001B681846FFF7CAFA03461A46FB691A72CB
:1031D000FB6993F90830002B03D0FB6993F90830A1
:1031E000EDE0FB79634A5B01134410331B6818461A
:1031F00007F058FC03461A46FB691A72FB6993F9FB
:103200000830002B03D0FB6993F90830D7E0FB7935
:10321000584A5B01134410331A6807F10E03114634
:10322000184607F0C6FB03461A46FB695A72FB793B
:103230005B01504A1A44FB794E495B010B44103341
:103240001B684D49FE2007F013FD03461A46FB6933
:103250009A72FB795B01474A1A44FB7945495B0145
:103260000B4410331B684449F82007F001FD034666
:103270001A46FB69DA72FB795B013E4A1A44FB7914
:103280003C495B010B4410331B683C49252007F087
:10329000EFFC03461A46FB691A73FB795B01354A5A
:1032A0001A44FB7933495B010B4410331B683449E2
:1032B000132007F0DDFC03461A46FB695A73FB79BD
:1032C0005B012C4A1A44FB792A495B010B441033F9
:1032D0001B682C49652007F0CBFC03461A46FB69A6
:1032E0009A73FB79234A5B01134410331B68184619
:1032F00007F012FD03461A46FB69DA73224B7B6125
:1033000000233B61FB791B4A5B01134410331B68AC
:103310001A46396997ED050A252007F0F5FA0346A4
:103320001A46FB691A74FB79124A5B011344103385
:103330001B681A46396997ED050A132007F0E4FA6D
:1033400003461A46FB695A74FB790A4A5B01134427
:1033500010331B681A46396997ED050A652007F096
:10336000D3FA03461A46FB699A74002387F826307D
:103370001DE000BF040000207D2B0008012800088C
:1033800039290008592A00080000C841012316E025
:1033900097F82630FA69D25697F9273013435BB273
:1033A00087F8273097F82630013387F8263097F8CA
:1033B000262097F825309A42EAD397F92730B54668
:1033C00018462C37BD46BDE8F08300BF90B585B0E8
:1033D00000AF0346FB71FB79132B5BD8FB792F4AB7
:1033E000D35CFF2B06D0FB792C4AD25C0132D1B2E0
:1033F0002A4AD154FB79294AD35C032B04D1FFF725
:1034000049FC274BFF221A70FB79244AD35C072B17
:1034100041D901F07BFAF860FB79224A52F8233057
:10342000002B09D0FB791F4A52F82330FA68D31ACF
:1034300042F20F7293422ED9FB791A49FA6841F889
:103440002320FB79184A5B0113440C3300221A70C5
:10345000022001F067FAFB791846FFF7CDFD03461D
:10346000002B0FD1FB79104A5B0113440C3301226E
:103470001A70FC7901F04AFA02460B4963010B44C9
:1034800018331A60FB79054A0021D154044BFF22FE
:103490001A7000E000BF1437BD4690BD40490020BF
:1034A00000000020544900200400002090B585B0A1
:1034B00000AF0023FB73F4E0FFF7C4FC00F012FD43
:1034C000FB7B7C4A5B0113440C331B7883F00103C4
:1034D000DBB2002B41D0FB7B764A5B0113441433F3
:1034E0001B78012B40F0D58001F010FA7860FB7B4F
:1034F000714A52F82330002B09D0FB7B6E4A52F8F8
:1035000023307A68D31AB3F5FA6FC0F0C480FB7B1E
:1035100069497A6841F82320FFF7BCFBFFF792FC6A
:10352000FB7B1846FFF768FD0346002B40F0B58093
:10353000FB7B604A5B0113440C3301221A70FC7B55
:1035400001F0E4F902465B4963010B4418331A6049
:10355000FB7B5A4A0021D1549FE0FB7B554A5B011B
:1035600013441C331B78002B3DD0FB7B514A5B017D
:1035700013441C3300221A70FB7B4E4A5B01134438
:10358000143301221A70FC7B01F0C0F903464A4A49
:1035900042F82430FFF77EFBFB7B1846FFF72CFD3B
:1035A0000346002B10D1FB7B424A5B0113440C33D2
:1035B00001221A70FC7B01F0A9F902463D49630122
:1035C0000B4418331A6006E0FB7B3A4A5B01134454
:1035D0000C3300221A70FB7B384A0021D154384B3F
:1035E000FF221A705AE0FB7B324A5B01134403331B
:1035F0001B78BB73BB7B1846FFF732FC0346002BDE
:1036000004D0FB7B1846FFF7E1FE47E0FB7B294A2D
:103610005B01134410331B681A464FF400612948BC
:1036200007F064F803467B7397F90D30002B04D044
:10363000FB7B1846FFF7CAFE30E001F067F9B8607F
:10364000FB7B1C4A5B01134418331B68002B0BD116
:10365000FB7B184A5B0113441833BA681A60FB7B82
:10366000164A0021D15419E0FB7B124A5B01134436
:1036700018331B68BA68D31AB3F5FA7F04D9FB7BF9
:103680001846FFF7A3FE09E0FB7B0C4A0021D1544A
:1036900004E000BF02E000BF00E000BFFB7B01339D
:1036A000FB73FB7B132B7FF607AF00BF00BF143704
:1036B000BD4690BD04000020544900204049002030
:1036C000000000204041002080B596B000AFF860B7
:1036D000B9607A60FB7007F1100348220021184698
:1036E0000EF012FCFB683B61FB783B7597F860308D
:1036F000BB6197F86430FB61012387F83830BB6801
:10370000FB637B683B64B7F9683007EE903AB8EE2C
:10371000E77ADFED236AC7EE267AC7ED117AB7F9AB
:103720006C3007EE903AB8EEE77ADFED1D6AC7EE2F
:10373000267AC7ED127AB7F9703007EE903AB8EEF4
:10374000E77ADFED176AC7EE267AC7ED137AB7F985
:10375000743007EE903AB8EEE77ADFED116AC7EE03
:10376000267AC7ED147AB7F8783007EE903AF8EE7B
:10377000E77A9FED0C7A67EE877ADFED096A87EECC
:10378000A67ADFED096AC7EE267AC7ED157A07F14A
:103790001003184600F04AF800BF5837BD4680BDF8
:1037A0000000804600003443DB0F494080B596B0EE
:1037B00000AFF860B9607A60FB7007F1100348222F
:1037C000002118460EF0A0FBFB683B61FB783B75BF
:1037D00097F86030BB6197F86430FB61012387F88C
:1037E0002030BB687B627B68BB62B7F9683007EE4C
:1037F000903AF8EEE77AC7ED0B7AB7F96C3007EE3E
:10380000903AF8EEE77AC7ED0C7AB7F9703007EE28
:10381000903AF8EEE77AC7ED0D7A07F110031846F3
:1038200000F004F800BF5837BD4680BD80B58CB0AD
:1038300002AF786007F10803802231491846FDF78E
:1038400099FE07F108037A682E491846FEF7FFFA39
:10385000034683F00103DBB2002B01D002234BE0CF
:103860007B6907F11C000093254B80222649FDF758
:1038700039FB97F82030002B01D003233CE00AF0FD
:10388000AFF80346002B09D00AF0BCF8034683F0DA
:103890000103DBB2002B01D0012300E0002303F081
:1038A0000103DBB283F00103DBB2002B03D000F095
:1038B000FDFA012320E0FFF7BCFA0246FB699A42B9
:1038C00003D200F0F3FA012316E0FB6919460E4813
:1038D000FFF798FA7862FB697A6A9A4203D000F09F
:1038E000E5FA012308E000F0D5FAFFF79AFA08217B
:1038F000064801F050FC002318462837BD4680BD1D
:10390000A449002010400108244A00200000024081
:1039100080B582B000AF0023FB7128E0FB79184A24
:103920005B01134403331B78BB71BB791846FFF767
:1039300097FA03467B717B79002B15D1FB791846EA
:1039400000F03AF803463B713B79002B01D001238C
:1039500011E0FB79184600F015F80346FB70FB7880
:10396000002B01D0012306E0FB790133FB71FB79C9
:10397000132BD3D9002318460837BD4680BD00BF9E
:103980000400002080B584B000AF0346FB71002323
:10399000FB73FB79074A5B01134410331B6819461C
:1039A000FE2007F007F90346FB73FB7B1846103730
:1039B000BD4680BD0400002080B584B000AF034642
:1039C000FB710023FB73FB79074A5B01134410333F
:1039D0001B681946FE2007F0EDF80346FB73FB7BDE
:1039E00018461037BD4680BD0400002080B58AB05F
:1039F00000AF07F1140300221A605A609A60DA607F
:103A00001A6100233B61464B1B6B454A43F004039C
:103A10001363434B1B6B03F004033B613B690023BF
:103A2000FB603F4B1B6B3E4A43F0800313633C4BF0
:103A30001B6B03F08003FB60FB680023BB60384B0B
:103A40001B6B374A43F001031363354B1B6B03F0C9
:103A50000103BB60BB6800237B60314B1B6B304AAA
:103A600043F0020313632E4B1B6B03F002037B60D6
:103A70007B6800233B602A4B1B6B294A43F00803F9
:103A80001363274B1B6B03F008033B603B6800226A
:103A90001C21244801F066FB1C237B610123BB61D0
:103AA0000023FB6100233B6207F1140319461D4804
:103AB00001F0D0F84FF480537B614FF48813BB6161
:103AC0000023FB6100233B6207F1140319461648EB
:103AD00001F0C0F820237B610123BB610023FB615F
:103AE00000233B6207F1140319460F4801F0B2F8B6
:103AF000012220210C4801F035FB4FF4C0537B61BB
:103B00000023BB610023FB6100233B6207F1140328
:103B10001946044801F09EF800BF2837BD4680BD15
:103B200000380240000002400004024080B500AFAF
:103B3000174B184A1A60164B174A5A60144B00224A
:103B40009A60134B0022DA60114B4FF480421A61E5
:103B50000F4B00225A610E4B00229A610C4B00223F
:103B6000DA610B4B00221A62094801F02FFB034671
:103B7000002B01D000F0FEFA0021054804F076FA8F
:103B80000346002B01D000F0F5FA00BF80BD00BF56
:103B9000A44A002000540040801A060080B500AFFF
:103BA000124B134A1A60114B124A5A600F4B0022F3
:103BB0009A600E4B0022DA600C4B4FF480421A617F
:103BC0000A4B00225A61094B00229A61074B0022DE
:103BD000DA61064B00221A62044801F0F7FA034644
:103BE000002B01D000F0C6FA00BF80BDF84A0020CB
:103BF00000580040801A060080B58CB000AF786095
:103C000007F11C0300221A605A609A60DA601A6198
:103C10007B681B684E4A934234D10023BB614D4BF5
:103C20001B6B4C4A43F0020313634A4B1B6B03F0BC
:103C30000203BB61BB69C023FB6112233B6200230B
:103C40007B620123BB620423FB6207F11C0319465C
:103C5000414800F0FFFF00237B613E4B1B6C3D4A57
:103C600043F4001313643B4B1B6C03F400137B61A0
:103C70007B69002200211F2000F077FF1F2000F049
:103C800090FF60E07B681B68344A93425BD100235D
:103C90003B61304B1B6B2F4A43F0020313632D4BE8
:103CA0001B6B03F002033B613B690023FB60294B64
:103CB0001B6B284A43F004031363264B1B6B03F072
:103CC0000403FB60FB684FF48063FB6112233B62DB
:103CD00000237B620123BB620423FB6207F11C0308
:103CE00019461D4800F0B6FF4FF48053FB611223C4
:103CF0003B6200237B620123BB620423FB6207F16A
:103D00001C031946164800F0A5FF0023BB60114BA9
:103D10001B6C104A43F4800313640E4B1B6C03F4BA
:103D20008003BB60BB6800220021212000F01DFF42
:103D3000212000F036FF00220021222000F015FF94
:103D4000222000F02EFF00BF3037BD4680BD00BFEF
:103D50000054004000380240000402400058004077
:103D60000008024080B582B000AF78607B681B68B5
:103D7000194A934211D1194B1B6C184A23F40013B2
:103D800013644021164801F0F9F88021144801F02D
:103D9000F5F81F2000F013FF1AE07B681B68114A3A
:103DA000934215D10D4B1B6C0C4A23F48003136412
:103DB0004FF480610A4801F0E1F84FF480510A485D
:103DC00001F0DCF8212000F0FAFE222000F0F7FEDE
:103DD00000BF0837BD4680BD005400400038024097
:103DE00000040240005800400008024080B582B044
:103DF00000AF786039603A687968002008F0C8FA46
:103E0000034618460837BD4680BD80B500AF002088
:103E100008F0EAFA0346184680BD000080B582B07B
:103E200000AF144B4CF6CC421A60124B45F255527F
:103E30001A60104B04225A600E4B40F2FF729A60D7
:103E400000F064FD786000BF0A4BDB6803F00303F9
:103E5000002B06D000F05AFD02467B68D31A632B74
:103E6000F2D9044B4AF6AA221A6000BF0837BD46B1
:103E700080BD00BF0030004080B400AF044B4AF664
:103E8000AA221A6000BFBD465DF8047B704700BFE0
:103E90000030004080B400AF034B00221A6000BF26
:103EA000BD465DF8047B7047504B002080B400AFE6
:103EB0000A4B1B68B3F1FF3F04D0084B1B6801336A
:103EC000064A1360054B1B68132B02D9044B0122D1
:103ED0001A7000BFBD465DF8047B7047504B002050
:103EE0004D4B002080B500AF114B1B78DBB2002B8F
:103EF0000CD00F4B00221A700E4B00221A6009F0F2
:103F000095FD322000F00EFD09F0A4FD0A4B1B7850
:103F1000DBB2002B0AD0084B00221A7000214FF0B0
:103F2000FF3009F0A1FE00BFFFF76FFF00BF80BDAB
:103F30004D4B0020504B00204C4B002080B500AF73
:103F400000F07EFC00F032F800F0A4F8FFF74EFD20
:103F5000FFF7ECFDFFF722FE00F038FB00F04CFA13
:103F600000F0A6FA0F4805F0A3FB0F4805F008FC87
:103F7000012009F093FD642000F0D4FC4FF47A7026
:103F800000F0D0FCFFF74AFFFEF7A6FFFFF7C0FCEA
:103F9000FFF7A8FFFFF78AFAFFF76EFFFFF7A2FF10
:103FA000F6E700BF584B0020A04B002080B594B02E
:103FB00000AF07F11C033422002118460DF0A4FFC6
:103FC00007F1080300221A605A609A60DA601A61E9
:103FD00000237B602D4B1B6C2C4A43F080531364F1
:103FE0002A4B1B6C03F080537B607B6800233B6093
:103FF000274B1B68264A43F440431360244B1B683D
:1040000003F440433B603B680123FB614FF4803382
:104010003B6202237B634FF48003BB630823FB6393
:104020004FF4B4733B6402237B640823BB64022314
:10403000FB6407F11C03184605F04CF80346002BFF
:1040400001D000F097F804F095F90346002B01D059
:1040500000F090F80F23BB600223FB6000233B615C
:104060004FF4A0537B614FF48053BB6107F1080309
:104070000521184604F0CEF90346002B01D000F0CC
:1040800079F800BF5037BD4680BD00BF0038024000
:104090000070004080B598B000AF3B1D5C2200214D
:1040A00018460DF031FF4FF440737B600423FB6131
:1040B00060233B620223BB6204237B6201233B63D8
:1040C0004FF00063BB650023BB643B1D184604F042
:1040D000A7FA0346002B01D000F04CF800BF603770
:1040E000BD4680BD80B584B000AF78607B68DBB230
:1040F0003B7307F10C0301211846FFF777FE7B683D
:1041000018461037BD4680BD80B586B000AFF86058
:10411000B9607A6000237B6109E0BB685A1CBA6011
:104120001B781846FFF7DEFF7B6901337B617A69F4
:104130007B689A42F1DB7B6818461837BD4680BD24
:1041400080B582B000AF78607B681B68064A9342F6
:1041500006D1064B01221A700421054801F01BF814
:1041600000BF0837BD4680BD000401404C4B002015
:104170000000024080B400AF72B600BFFEE700004E
:1041800080B483B000AF00237B60104B5B6C0F4AA0
:1041900043F4804353640D4B5B6C03F480437B60BA
:1041A0007B6800233B60094B1B6C084A43F080533B
:1041B0001364064B1B6C03F080533B603B6800BFED
:1041C0000C37BD465DF8047B704700BF00380240E5
:1041D00080B400AFFEE780B400AFFEE780B400AF6C
:1041E000FEE780B400AFFEE780B400AFFEE780B426
:1041F00000AF00BFBD465DF8047B704780B400AFE0
:1042000000BFBD465DF8047B704780B400AF00BFBF
:10421000BD465DF8047B704780B500AF00F062FBDF
:1042200000BF80BD80B500AF024801F08FFE00BF27
:1042300080BD00BFA44A002080B500AF024801F055
:1042400085FE00BF80BD00BFF84A002080B500AFEA
:10425000024801F0CEFF00BF80BD00BFF84A002039
:1042600080B500AF024805F0FBFA00BF80BD00BF7B
:10427000A04B002080B500AF01200CF095FD00BFE1
:1042800080BD80B400AF01231846BD465DF8047BB5
:10429000704780B582B000AF786039600DF086FE5F
:1042A000034616221A604FF0FF3318460837BD4602
:1042B00080BD80B582B000AF78604FF0FF31786884
:1042C000FFF7E7FFFEE780B586B000AFF860B960A2
:1042D0007A6000237B610AE0AFF300800146BB688F
:1042E0005A1CBA60CAB21A707B6901337B617A6961
:1042F0007B689A42F0DB7B6818461837BD4680BD64
:1043000080B483B000AF78604FF0FF3318460C37AD
:10431000BD465DF8047B704780B483B000AF786021
:1043200039603B684FF400525A60002318460C373E
:10433000BD465DF8047B704780B483B000AF786001
:10434000012318460C37BD465DF8047B704780B4E6
:1043500085B000AFF860B9607A6000231846143762
:10436000BD465DF8047B704780B586B000AF7860CD
:10437000144A154BD31A7B617B693B61134B1B6855
:10438000002B02D1114B124A1A60104B1A687B683D
:1043900013443A699A4207D20DF008FE03460C22F4
:1043A0001A604FF0FF3309E0084B1B68FB60074BB6
:1043B0001A687B681344054A1360FB68184618376F
:1043C000BD4680BD0000022000100000544B0020BC
:1043D000286B002080B400AF064BD3F88830054A24
:1043E00043F47003C2F8883000BFBD465DF8047B1B
:1043F000704700BF00ED00E080B588B000AF04F06A
:10440000EFF80346274AA2FB03239B0CFB6107F14D
:104410000C0300221A605A609A60DA603B1D002289
:104420001A605A60204B214A1A60FB69013B1E4A00
:1044300053601D4B00229A601B4B4FF6FF72DA60EF
:10444000194B00221A61184B00225A61164B802228
:104450009A61154805F0DCF80346002B01D0FFF700
:1044600089FE4FF48053FB6007F10C0319460E4898
:1044700005F0FEFA0346002B01D0FFF77BFE002378
:104480007B600023BB603B1D1946074805F01AFD01
:104490000346002B01D0FFF76DFE00BF2037BD465D
:1044A00080BD00BF83DE1B43584B0020000001404D
:1044B00080B586B000AF07F1080300221A605A6089
:1044C0009A60DA603B4600221A605A601E4B1F4A0F
:1044D0001A601D4B05225A601B4B00229A601A4B32
:1044E0004EF65F22DA60184B00221A61164B00224A
:1044F0005A61154B00229A61134805F089F803466A
:10450000002B01D0FFF736FE4FF48053BB6007F15C
:10451000080319460C4805F0ABFA0346002B01D0FE
:10452000FFF728FE00233B6000237B603B461946D3
:10453000054805F0C7FC0346002B01D0FFF71AFE23
:1045400000BF1837BD4680BDA04B002000040140CD
:1045500080B584B000AF78607B681B68184A9342CE
:104560000ED10023FB60174B5B6C164A43F001032E
:104570005364144B5B6C03F00103FB60FB681AE0AF
:104580007B681B68104A934215D10023BB600D4B1A
:104590005B6C0C4A43F0020353640A4B5B6C03F000
:1045A0000203BB60BB68002200212C2000F0DDFA72
:1045B0002C2000F0F6FA00BF1037BD4680BD00BFCA
:1045C00000000140003802400004014080B500AF07
:1045D000154B164A1A60144B08225A60124B0222DD
:1045E000DA60114B00221A610F4B02229A610E4BC6
:1045F0000022DA610C4B00221A620B4B00225A6235
:10460000094B0022DA62084B00221A63064B002293
:104610005A63054803F066FD0346002B01D0FFF7FF
:10462000A9FD00BF80BD00BFE84B00200000044092
:1046300080B58AB000AF786007F1140300221A60D9
:104640005A609A60DA601A617B681B681D4A93425F
:1046500034D100233B611C4B1B6B1B4A43F002030C
:104660001363194B1B6B03F002033B613B694FF46F
:1046700040437B610223BB610023FB6103233B6258
:104680000C237B6207F114031946104800F0E2FA8C
:104690000023FB600C4B1B6B0B4A43F0005313636E
:1046A000094B1B6B03F00053FB60FB6800220021E9
:1046B0004D2000F05AFA4D2000F073FA00BF283761
:1046C000BD4680BD000004400038024000040240A6
:1046D00080B400AF024B1846BD465DF8047B7047BE
:1046E000706B030880B483B000AF0346FB71034BCB
:1046F00018460C37BD465DF8047B7047846B030891
:1047000080B584B000AF03460A46FB711346BB80F8
:10471000FB79002B08D1214B1B681B889AB2204BD8
:104720005A800123FB7327E0FB79052B01D9002375
:104730002FE0FB79194A52F82330BB60B868FBF7C9
:10474000B7FD0346FB73FB7B1F2B01D91F23FB73B4
:104750000023BB730CE0BB7BBA6813441A78BB7BA5
:10476000013391B20E4A22F81310BB7B0133BB73A5
:10477000BA7BFB7B9A42EED3FB7B01339BB25B009F
:104780009BB21BB243F440731BB29AB2044B1A8023
:10479000034B18461037BD4680BD00BF880200207D
:1047A000F450002080B400AFBFF34F8F00BF064B22
:1047B000DB6803F4E0620449044B1343CB60BFF3AE
:1047C0004F8F00BF00BFFDE700ED00E00400FA05D9
:1047D00080B582B000AF044B7B60044B3B603B680C
:1047E0007A681A60FFF7DEFFD4327F15FCFF0120E4
:1047F000DFF834D00D480E490E4A002302E0D458A9
:10480000C4500433C4188C42F9D30B4A0B4C002318
:1048100001E013600432A242FBD3FFF7DBFD0DF091
:10482000CBFBFFF78BFB704700000220000000204D
:10483000800400200C71030880040020286B0020F5
:1048400080B500AF0E4B1B680D4A43F40073136034
:104850000B4B1B680A4A43F480631360084B1B68C8
:10486000074A43F480731360032000F073F90F20AC
:1048700000F008F8FFF784FC0023184680BD00BF55
:10488000003C024080B582B000AF7860124B1A68DD
:10489000124B1B7819464FF47A73B3FBF1F3B2FB5A
:1048A000F3F3184600F099F90346002B01D00123D9
:1048B0000EE07B680F2B0AD8002279684FF0FF309A
:1048C00000F053F9064A7B681360002300E00123DF
:1048D00018460837BD4680BD84020020A40200208F
:1048E000A002002080B400AF064B1B781A46064B8E
:1048F0001B681344044A136000BFBD465DF8047B87
:10490000704700BFA40200203451002080B400AFE3
:10491000034B1B681846BD465DF8047B704700BF1B
:104920003451002080B584B000AF7860FFF7EEFF0F
:10493000B8607B68FB60FB68B3F1FF3F05D00A4BB2
:104940001B781A46FB681344FB6000BFFFF7DEFFCD
:104950000246BB68D31AFA689A42F7D800BF00BF74
:104960001037BD4680BD00BFA402002080B485B0D2
:1049700000AF78607B6803F00703FB600C4BDB68DB
:10498000BB60BA684FF6FF031340BB60FB681A02B6
:10499000BB68134343F0BF6343F40033BB60044A76
:1049A000BB68D36000BF1437BD465DF8047B704719
:1049B00000ED00E080B400AF044BDB681B0A03F09D
:1049C00007031846BD465DF8047B704700ED00E024
:1049D00080B483B000AF0346FB7197F90730002B1A
:1049E0000BDBFB7903F01F02074997F907305B09DE
:1049F000012000FA02F241F8232000BF0C37BD4627
:104A00005DF8047B704700BF00E100E080B483B034
:104A100000AF0346FB7197F90730002B12DBFB79DF
:104A200003F01F020A4997F907305B09012000FAD9
:104A300002F2203341F82320BFF34F8F00BFBFF3B2
:104A40006F8F00BF00BF0C37BD465DF8047B704719
:104A500000E100E080B483B000AF03463960FB7131
:104A600097F90730002B0ADB3B68DAB20C4997F95B
:104A700007301201D2B20B4483F800230AE03B68EE
:104A8000DAB20849FB7903F00F03043B1201D2B2FA
:104A90000B441A7600BF0C37BD465DF8047B7047A7
:104AA00000E100E000ED00E080B489B000AFF86004
:104AB000B9607A60FB6803F00703FB61FB69C3F12F
:104AC0000703042B28BF0423BB61FB690433062BB7
:104AD00002D9FB69033B00E000237B614FF0FF320A
:104AE000BB6902FA03F3DA43BB681A407B699A4058
:104AF0004FF0FF317B6901FA03F3D9437B680B4028
:104B0000134318462437BD465DF8047B7047000008
:104B100080B582B000AF78607B68013BB3F1807FE5
:104B200001D301230FE00A4A7B68013B53600F2148
:104B30004FF0FF30FFF78EFF054B00229A60044BC9
:104B400007221A60002318460837BD4680BD00BF03
:104B500010E000E080B582B000AF78607868FFF7C1
:104B600005FF00BF0837BD4680BD80B586B000AFE9
:104B70000346B9607A60FB7300237B61FFF71AFF7D
:104B800078617A68B9687869FFF78EFF024697F90D
:104B90000F3011461846FFF75DFF00BF1837BD46BE
:104BA00080BD80B582B000AF0346FB7197F9073036
:104BB0001846FFF70DFF00BF0837BD4680BD80B522
:104BC00082B000AF0346FB7197F907301846FFF734
:104BD0001DFF00BF0837BD4680BD80B582B000AF65
:104BE00078607868FFF794FF034618460837BD469B
:104BF00080BD80B483B000AF78607B6893F83530B7
:104C0000DBB2022B04D07B6880225A6501230CE0C2
:104C10007B68052283F835207B681B681A687B68EF
:104C20001B6822F001021A60002318460C37BD46AB
:104C30005DF8047B704780B483B000AF78607B6818
:104C400093F83530DBB218460C37BD465DF8047B6F
:104C50007047000080B489B000AF786039600023ED
:104C60007B6100233B610023BB610023FB6165E1A5
:104C70000122FB6902FA03F37B613B681B687A69D6
:104C800013403B613A697B699A4240F054813B682A
:104C90005B6803F00303012B05D03B685B6803F0FE
:104CA0000303022B30D17B689B68BB61FB695B000F
:104CB000032202FA03F3DB43BA691340BB613B688A
:104CC000DA68FB695B0002FA03F3BA691343BB615C
:104CD0007B68BA699A607B685B68BB610122FB698B
:104CE00002FA03F3DB43BA691340BB613B685B68BC
:104CF0001B0903F00102FB6902FA03F3BA691343CB
:104D0000BB617B68BA695A603B685B6803F0030368
:104D1000032B17D07B68DB68BB61FB695B00032258
:104D200002FA03F3DB43BA691340BB613B689A683C
:104D3000FB695B0002FA03F3BA691343BB617B684A
:104D4000BA69DA603B685B6803F00303022B23D186
:104D5000FB69DA087B68083253F82230BB61FB69D3
:104D600003F007039B000F2202FA03F3DB43BA6947
:104D70001340BB613B681A69FB6903F007039B00A2
:104D800002FA03F3BA691343BB61FB69DA087B6873
:104D90000832B96943F822107B681B68BB61FB6964
:104DA0005B00032202FA03F3DB43BA691340BB61E1
:104DB0003B685B6803F00302FB695B0002FA03F3E4
:104DC000BA691343BB617B68BA691A603B685B6868
:104DD00003F44033002B00F0AE800023FB605D4BFA
:104DE0005B6C5C4A43F4804353645A4B5B6C03F442
:104DF0008043FB60FB68584AFB699B08023352F80A
:104E00002330BB61FB6903F003039B000F2202FA0E
:104E100003F3DB43BA691340BB617B684F4A93429B
:104E200025D07B684E4A93421FD07B684D4A9342FF
:104E300019D07B684C4A934213D07B684B4A93420B
:104E40000DD07B684A4A934207D07B68494A934217
:104E500001D106230CE007230AE0052308E0042320
:104E600006E0032304E0022302E0012300E0002324
:104E7000FA6902F0030292009340BA691343BB61DE
:104E80003549FB699B080233BA6941F823203A4B44
:104E90009B68BB613B69DB43BA691340BB613B68FC
:104EA0005B6803F48013002B03D0BA693B6913439A
:104EB000BB61314ABB6993602F4BDB68BB613B69C7
:104EC000DB43BA691340BB613B685B6803F40013C2
:104ED000002B03D0BA693B691343BB61264ABB6907
:104EE000D360254B5B68BB613B69DB43BA69134008
:104EF000BB613B685B6803F40033002B03D0BA69E5
:104F00003B691343BB611C4ABB6953601A4B1B6866
:104F1000BB613B69DB43BA691340BB613B685B68BB
:104F200003F48033002B03D0BA693B691343BB61A0
:104F3000114ABB691360FB690133FB61FB690F2BED
:104F40007FF696AE00BF00BF2437BD465DF8047BF8
:104F5000704700BF003802400038014000000240A6
:104F60000004024000080240000C02400010024011
:104F70000014024000180240003C014080B487B099
:104F800000AF7860396000233B610023FB600023A1
:104F9000BB6000237B61C7E001227B6902FA03F357
:104FA0003B613A683B691340FB60FA683B699A428F
:104FB00040F0B780624A7B699B08023352F8233085
:104FC000BB607B6903F003039B000F2202FA03F32B
:104FD000BA681340BB607B685A4A934225D07B680D
:104FE000594A93421FD07B68584A934219D07B6834
:104FF000574A934213D07B68564A93420DD07B6840
:10500000554A934207D07B68544A934201D1062304
:105010000CE007230AE0052308E0042306E003234D
:1050200004E0022302E0012300E000237A6902F099
:10503000030292009340BA689A4232D1484B1A68F0
:10504000FB68DB43464913400B60454B5A68FB68DD
:10505000DB43434913404B60414BDA68FB68DB4359
:105060003F491340CB603E4B9A68FB68DB433C49A9
:1050700013408B607B6903F003039B000F2202FA4D
:1050800003F3BB602E4A7B699B08023352F823105E
:10509000BB68DA432A487B699B080A40023340F820
:1050A00023207B681A687B695B00032101FA03F304
:1050B000DB431A407B681A607B69DA087B68083238
:1050C00053F822107B6903F007039B000F2202FABA
:1050D00003F3DB437A69D20819407B68083243F84E
:1050E00022107B68DA687B695B00032101FA03F315
:1050F000DB431A407B68DA607B685A6801217B6970
:1051000001FA03F3DB431A407B685A607B689A68B4
:105110007B695B00032101FA03F3DB431A407B68E0
:105120009A607B6901337B617B690F2B7FF634AF1B
:1051300000BF00BF1C37BD465DF8047B704700BF51
:105140000038014000000240000402400008024014
:10515000000C0240001002400014024000180240FF
:10516000003C014080B483B000AF78600B467B8088
:1051700013467B707B78002B03D07A887B689A611A
:1051800003E07B881A047B689A6100BF0C37BD4638
:105190005DF8047B704780B485B000AF78600B4643
:1051A0007B807B685B69FB607A88FB6813401A042C
:1051B000FB68D9437B880B401A437B689A6100BF28
:1051C0001437BD465DF8047B7047000080B584B09D
:1051D00000AF78607B68002B01D101232BE17B6855
:1051E00093F83D30DBB2002B06D17B68002283F8B8
:1051F0003C207868FEF700FD7B68242283F83D2080
:105200007B681B681A687B681B6822F001021A60C1
:105210007B681B681A687B681B6842F400421A604E
:105220007B681B681A687B681B6822F400421A605E
:1052300003F0E2F9F8607B685B68814A934207D823
:10524000FB68804A934294BF01230023DBB206E04F
:10525000FB687D4A934294BF01230023DBB2002BFD
:1052600001D00123E7E0FB68784AA2FB03239B0CF3
:10527000BB607B681B685B6823F03F017B681B6831
:10528000BA680A435A607B681B681B6A23F03F01B7
:105290007B685B686A4A934202D8BB68013309E0C5
:1052A000BB684FF4967202FB03F3694AA2FB032327
:1052B0009B0901337A6812680B4313627B681B6891
:1052C000DB6923F44F4222F0FF027B685B685C4994
:1052D0008B4219D8FB68591E7B685B685B00B1FB89
:1052E000F3F3591C40F6FC730B40002B0AD0FB680B
:1052F000591E7B685B685B00B1FBF3F30133C3F3BA
:105300000B0351E004234FE07B689B68002B11D115
:10531000FB68581E7B6859680B465B000B44B0FB6A
:10532000F3F30133C3F30B03002B0CBF0123002362
:10533000DBB212E0FB68581E7B6859680B469B0085
:105340000B4499000B44B0FBF3F30133C3F30B039D
:10535000002B0CBF01230023DBB2002B01D0012363
:1053600022E07B689B68002B0ED1FB68581E7B688F
:1053700059680B465B000B44B0FBF3F30133C3F3F6
:105380000B0343F400430FE0FB68581E7B68596829
:105390000B469B000B4499000B44B0FBF3F3013325
:1053A000C3F30B0343F44043796809681343CB61AB
:1053B0007B681B681B6823F0C0017B68DA697B6827
:1053C0001B6A1A437B681B680A431A607B681B6868
:1053D0009B6823F4034323F0FF037A6811697A681A
:1053E000D26811437A6812680B4393607B681B682C
:1053F000DB6823F0FF017B685A697B689B691A436D
:105400007B681B680A43DA607B681B681A687B68E4
:105410001B6842F001021A607B6800221A647B68F4
:10542000202283F83D207B6800221A637B680022DB
:1054300083F83E20002318461037BD4680BD00BFCC
:10544000A08601007F841E00FF083D0083DE1B4311
:10545000D34D621080B582B000AF78607B68002BBE
:1054600001D1012321E07B68242283F83D207B6861
:105470001B681A687B681B6822F001021A60786852
:10548000FEF770FC7B6800221A647B68002283F8B8
:105490003D207B6800221A637B68002283F83E204F
:1054A0007B68002283F83C20002318460837BD465D
:1054B00080BD000080B588B002AFF8607A601A46FF
:1054C0000B467B8113463B81FFF720FA7861FB682E
:1054D00093F83D30DBB2202B40F0E0807B690093F5
:1054E000192301227049F86802F096FB0346002B4D
:1054F00001D00223D3E0FB6893F83C30012B01D1AB
:105500000223CCE0FB68012283F83C20FB681B6887
:105510001B6803F00103012B07D0FB681B681A68A6
:10552000FB681B6842F001021A60FB681B681A687E
:10553000FB681B6822F400621A60FB68212283F872
:105540003D20FB68102283F83E20FB6800221A648D
:10555000FB687A685A62FB683A895A85FB685B8DFA
:105560009AB2FB681A85FB68504ADA6279897B69CE
:105570003A6AF86802F0A8F80346002B01D001232C
:105580008DE000233B61FB681B685B693B61FB6846
:105590001B689B693B613B6966E07A69396AF86818
:1055A00002F010FC0346002B0DD0FB681B6C042B93
:1055B00007D1FB681B681A68FB681B6842F400721D
:1055C0001A6001236BE0FB685B6A1A78FB681B6852
:1055D0001A61FB685B6A5A1CFB685A62FB685B8D48
:1055E0009BB2013B9AB2FB685A85FB681B8D013B5D
:1055F0009AB2FB681A85FB681B685B6903F00403B9
:10560000042B1BD1FB681B8D002B17D0FB685B6A3A
:105610001A78FB681B681A61FB685B6A5A1CFB6896
:105620005A62FB685B8D9BB2013B9AB2FB685A855C
:10563000FB681B8D013B9AB2FB681A857A69396A4F
:10564000F86802F000FC0346002B0DD0FB681B6CD1
:10565000042B07D1FB681B681A68FB681B6842F4BF
:1056600000721A6001231AE0FB681B8D002B94D195
:10567000FB681B681A68FB681B6842F400721A60BA
:10568000FB68202283F83D20FB68002283F83E203F
:10569000FB68002283F83C20002300E00223184628
:1056A0001837BD4680BD00BF020010000000FFFF9C
:1056B00080B588B002AFF860084611461A46034626
:1056C0007B810B463B811346FB80FFF71FF9786116
:1056D000FB6893F83D30DBB2202B40F0D9807B692A
:1056E0000093192301226D49F86802F095FA0346E8
:1056F000002B01D00223CCE0FB6893F83C30012B57
:1057000001D10223C5E0FB68012283F83C20FB683D
:105710001B681B6803F00103012B07D0FB681B68A3
:105720001A68FB681B6842F001021A60FB681B687C
:105730001A68FB681B6822F400621A60FB68212269
:1057400083F83D20FB68402283F83E20FB6800225E
:105750001A64FB683A6A5A62FB68BA8C5A85FB681D
:105760005B8D9AB2FB681A85FB684D4ADA62F8884D
:105770003A8979897B690193BB6A00930346F8688B
:1057800002F024F80346002B52D0012381E07A690D
:10579000B96AF86802F016FB0346002B0DD0FB68CF
:1057A0001B6C042B07D1FB681B681A68FB681B681D
:1057B00042F400721A6001236BE0FB685B6A1A789E
:1057C000FB681B681A61FB685B6A5A1CFB685A62BB
:1057D000FB681B8D013B9AB2FB681A85FB685B8DE9
:1057E0009BB2013B9AB2FB685A85FB681B685B69F8
:1057F00003F00403042B1BD1FB681B8D002B17D077
:10580000FB685B6A1A78FB681B681A61FB685B6A55
:105810005A1CFB685A62FB681B8D013B9AB2FB68FD
:105820001A85FB685B8D9BB2013B9AB2FB685A8577
:10583000FB681B8D002BAAD17A69B96AF86802F05F
:1058400002FB0346002B0DD0FB681B6C042B07D119
:10585000FB681B681A68FB681B6842F400721A60D8
:10586000012316E0FB681B681A68FB681B6842F49A
:1058700000721A60FB68202283F83D20FB6800223A
:1058800083F83E20FB68002283F83C20002300E0E0
:10589000022318461837BD4680BD00BF0200100025
:1058A0000000FFFF80B58CB002AFF86008461146DB
:1058B0001A4603467B810B463B811346FB80FFF76C
:1058C00025F87862FB6893F83D30DBB2202B40F07E
:1058D00008827B6A0093192301227B49F86802F051
:1058E0009BF90346002B01D00223FBE1FB6893F8F0
:1058F0003C30012B01D10223F4E1FB68012283F843
:105900003C20FB681B681B6803F00103012B07D0D8
:10591000FB681B681A68FB681B6842F001021A608A
:10592000FB681B681A68FB681B6822F400621A6037
:10593000FB68222283F83D20FB68402283F83E204A
:10594000FB6800221A64FB683A6B5A62FB68BA8EE5
:105950005A85FB685B8D9AB2FB681A85FB685B4AC7
:10596000DA62F8883A8979897B6A0193BB6B009384
:105970000346F86801F0C0FF0346002B01D0012365
:10598000B0E1FB681B8D002B13D100233B62FB6849
:105990001B685B693B62FB681B689B693B623B6AF7
:1059A000FB681B681A68FB681B6842F400721A6087
:1059B00084E1FB681B8D012B1BD1FB681B681A68F7
:1059C000FB681B6822F480621A600023FB61FB689D
:1059D0001B685B69FB61FB681B689B69FB61FB697A
:1059E000FB681B681A68FB681B6842F400721A6047
:1059F00064E1FB681B8D022B1BD1FB681B681A68D6
:105A0000FB681B6822F480621A60FB681B681A68D6
:105A1000FB681B6842F400621A600023BB61FB68EC
:105A20001B685B69BB61FB681B689B69BB61BB69E9
:105A300044E100237B61FB681B685B697B61FB6859
:105A40001B689B697B617B6938E1FB681B8D032BBD
:105A500000F2F180FB681B8D012B23D17A6AB96BB0
:105A6000F86802F063FA0346002B01D0012339E104
:105A7000FB681B681A69FB685B6AD2B21A70FB6824
:105A80005B6A5A1CFB685A62FB681B8D013B9AB229
:105A9000FB681A85FB685B8D9BB2013B9AB2FB6881
:105AA0005A850BE1FB681B8D022B4ED17B6A00935C
:105AB000BB6B00220649F86802F0AEF80346002BE3
:105AC00008D001230EE100BF020010000000FFFF1C
:105AD00004000100FB681B681A68FB681B6842F43D
:105AE00000721A60FB681B681A69FB685B6AD2B2B5
:105AF0001A70FB685B6A5A1CFB685A62FB681B8D54
:105B0000013B9AB2FB681A85FB685B8D9BB2013B37
:105B10009AB2FB685A85FB681B681A69FB685B6A66
:105B2000D2B21A70FB685B6A5A1CFB685A62FB6847
:105B30001B8D013B9AB2FB681A85FB685B8D9BB29B
:105B4000013B9AB2FB685A85B8E07B6A0093BB6B55
:105B500000226649F86802F05FF80346002B01D086
:105B60000123BFE0FB681B681A68FB681B6822F40E
:105B700080621A60FB681B681A69FB685B6AD2B2B4
:105B80001A70FB685B6A5A1CFB685A62FB681B8DC3
:105B9000013B9AB2FB681A85FB685B8D9BB2013BA7
:105BA0009AB2FB685A857B6A0093BB6B00224F490F
:105BB000F86802F031F80346002B01D0012391E090
:105BC000FB681B681A68FB681B6842F400721A6065
:105BD000FB681B681A69FB685B6AD2B21A70FB68C3
:105BE0005B6A5A1CFB685A62FB681B8D013B9AB2C8
:105BF000FB681A85FB685B8D9BB2013B9AB2FB6820
:105C00005A85FB681B681A69FB685B6AD2B21A7016
:105C1000FB685B6A5A1CFB685A62FB681B8D013B80
:105C20009AB2FB681A85FB685B8D9BB2013B9AB206
:105C3000FB685A8542E07A6AB96BF86802F076F937
:105C40000346002B01D001234CE0FB681B681A6956
:105C5000FB685B6AD2B21A70FB685B6A5A1CFB680D
:105C60005A62FB681B8D013B9AB2FB681A85FB6880
:105C70005B8D9BB2013B9AB2FB685A85FB681B683F
:105C80005B6903F00403042B18D1FB681B681A69D5
:105C9000FB685B6AD2B21A70FB685B6A5A1CFB68CD
:105CA0005A62FB681B8D013B9AB2FB681A85FB6840
:105CB0005B8D9BB2013B9AB2FB685A85FB681B8DDA
:105CC000002B7FF4C2AEFB68202283F83D20FB68E6
:105CD000002283F83E20FB68002283F83C2000234A
:105CE00000E0022318462837BD4680BD04000100AD
:105CF00080B58AB002AFF8607A603B600B467B816A
:105D0000FEF704FEF8610023BB61FB6893F83D30A9
:105D1000DBB2202B40F01181FB6900931923012293
:105D20008849F86801F078FF0346002B01D0022370
:105D300004E1FB6893F83C30012B01D10223FDE024
:105D4000FB68012283F83C20FB681B681B6803F09A
:105D50000103012B07D0FB681B681A68FB681B68EE
:105D600042F001021A60FB681B681A68FB681B6836
:105D700022F400621A60FB68242283F83D20FB684D
:105D800000221A64FB68704ADA62FB681B681A68B2
:105D9000FB681B6842F480721A60FB6900933B68E1
:105DA00000224FF00111F86801F036FF0346002B86
:105DB0000DD0FB681B681B6803F48073B3F5807F0C
:105DC00003D1FB684FF400721A640323B6E07B89A9
:105DD000DBB21A46FB681B6802F0FE021A61FEF78E
:105DE00095FDF861FB681B685B6903F00203022BF9
:105DF0000CBF01230023DBB2FB75FB681B685B69EA
:105E000003F48063B3F5806F0CBF01230023DBB282
:105E1000BB7525E0FEF77AFD0246FB69D31A3A68A6
:105E20009A4202D33B68002B03D1FB68A02283F87F
:105E30003D20FB681B685B6903F00203022B0CBF6B
:105E400001230023DBB2FB75FB681B685B6903F46D
:105E50008063B3F5806F0CBF01230023DBB2BB75F9
:105E6000FB6893F83D30DBB2A02B05D0FB7D002B07
:105E700002D1BB7D002BCDD0FB68202283F83D20D2
:105E8000FB681B685B6903F00203022B29D1FB68E6
:105E90001B681A68FB681B6842F400721A600023D2
:105EA0003B61FB681B685B693B61FB681B689B6926
:105EB0003B613B69FB690093192301222149F86882
:105EC00001F0AAFE0346002B01D0012336E0FB6857
:105ED000202283F83D20FB68002283F83C20002329
:105EE0002CE0FB681B681A68FB681B6842F40072B0
:105EF0001A60FB681B686FF480625A61FB6900934B
:105F0000192301220F49F86801F086FE0346002B91
:105F100001D0012312E0BB690133BB61BA697B6820
:105F20009A42FFF432AFFB68202283F83D20FB68E1
:105F3000002283F83C20012300E00223184620378A
:105F4000BD4680BD020010000000FFFF80B588B094
:105F500000AF78600023BB617B681B685B687B6176
:105F60007B68DB6A3B617B6893F83E30FB737B6840
:105F700093F83D30BB73FB7B102B03D0FB7B402B96
:105F800040F0B1807B681B689B69BB617B681B68C4
:105F90005B69FB61FB6903F00103002B0DD13B69D9
:105FA000B3F52A0F03D03B69B3F12A4F01D1012386
:105FB00000E00023012B00F01481FB6903F00103D2
:105FC000002B0BD07B6903F40073002B06D078689C
:105FD00002F031F8786800F05EFD83E0FB6903F0C1
:105FE0000803002B08D07B6903F40073002B03D057
:105FF000786800F0D6FD75E0FB6903F00203002B22
:1060000008D07B6903F40073002B03D0786800F09C
:10601000F2FD67E0BB6903F00403002B36D07B6818
:106020001B685B6803F40063B3F5006F00F0DB806E
:10603000FB6903F08003002B0DD07B6903F48063C0
:10604000002B08D0FB6903F00403002B03D1786810
:1060500000F0D6F946E0FB6903F00403002B00F0E2
:10606000C2807B6903F40073002B00F0BC80BB7B13
:10607000212B03D1786800F05FFAB4E0FB7B402B62
:1060800040F0B180786800F0CDFAACE07B681B6826
:106090005B6803F40063B3F5006F00F0A480FB6954
:1060A00003F04003002B0DD07B6903F48063002BC9
:1060B00008D0FB6903F00403002B03D1786800F0DB
:1060C00045FB0FE0FB6903F00403002B00F08B801D
:1060D0007B6903F40073002B00F08580786800F082
:1060E000F0FB80E07FE07B681B6C002B04D07B68BA
:1060F0001B685B69FB6107E07B681B689B69BB6190
:106100007B681B685B69FB61FB6903F00203002B82
:1061100011D07B6903F40073002B0CD07B681B6CDF
:10612000002B03D07B681B689B69BB61B9697868E9
:1061300000F0B0FF5AE0FB6903F01003002B08D019
:106140007B6903F40073002B03D0786800F0EAFF4A
:106150004CE0BB7B212B02D0BB7B292B20D1FB69E0
:1061600003F08003002B0DD07B6903F48063002BC8
:1061700008D0FB6903F00403002B03D1786800F01A
:10618000CBFE32E0FB6903F00403002B2DD07B69CA
:1061900003F40073002B28D0786800F0FAFE24E0A6
:1061A000FB6903F04003002B0DD07B6903F480638F
:1061B000002B08D0FB6903F00403002B03D178689F
:1061C00000F008FF12E0FB6903F00403002B0DD080
:1061D0007B6903F40073002B08D0786800F038FF67
:1061E00004E000BF02E000BF00E000BF2037BD4672
:1061F00080BD80B58AB000AF78607B681B685B6942
:106200003B627B681B685B68FB6100237B627B6889
:1062100093F83E30FB763B6A03F48073002B0DD07D
:10622000FB6903F48073002B08D07B6A43F0010301
:106230007B627B681B686FF480725A613B6A03F46F
:106240000073002B0DD0FB6903F48073002B08D082
:106250007B6A43F002037B627B681B686FF4007209
:106260005A613B6A03F48063002B3ED0FB6903F460
:106270008073002B39D0FB7EBB767B685B8D9BB235
:106280007B617B6893F83D30FB747B681B6BFB6024
:10629000BB7E202B12D17B69002B0FD1FB7C212BE5
:1062A00008D0FB7C292B05D0FB7C282B06D1FB6872
:1062B000212B03D1786801F065F816E07B681B6834
:1062C0006FF480625A617B6A43F004037B62FB7E59
:1062D000102B02D0FB7E402B07D17B681B681A680D
:1062E0007B681B6842F400721A603B6A03F4006327
:1062F000002B0DD0FB6903F48073002B08D07B6A60
:1063000043F008037B627B681B686FF400625A618C
:106310007B6A002B08D07B681A6C7B6A1A437B6807
:106320001A64786801F09EF800BF2837BD4680BD2A
:1063300080B483B000AF786000BF0C37BD465DF815
:10634000047B704780B483B000AF786000BF0C3727
:10635000BD465DF8047B704780B483B000AF7860C1
:1063600000BF0C37BD465DF8047B704780B483B036
:1063700000AF786000BF0C37BD465DF8047B704706
:1063800080B483B000AF78600B46FB7013463B804F
:1063900000BF0C37BD465DF8047B704780B483B006
:1063A00000AF786000BF0C37BD465DF8047B7047D6
:1063B00080B483B000AF786000BF0C37BD465DF895
:1063C000047B704780B483B000AF786000BF0C37A7
:1063D000BD465DF8047B704780B483B000AF786041
:1063E00000BF0C37BD465DF8047B704780B483B0B6
:1063F00000AF786000BF0C37BD465DF8047B704786
:1064000080B584B000AF78607B6893F83D30FB7353
:106410007B6893F83E30BB737B68DB6ABB607B684C
:106420001B8D002B50D1FB7B212B4DD1BB68082B42
:106430001DD0BB68202B1AD0BB6813F5803F16D047
:106440007B681B685A687B681B6822F4E0625A60AC
:106450007B6811221A637B68002283F83E207B68E8
:10646000202283F83D207868FFF762FF60E07B68B8
:106470001B685A687B681B6822F4E0625A607B687C
:106480001B681A687B681B6842F400721A607B689C
:1064900000221A637B68202283F83D207B6893F8F2
:1064A0003E30DBB2402B07D17B68002283F83E20D0
:1064B0007868FFF77DFF3BE07B68002283F83E2091
:1064C0007868FFF735FF33E0FB7B212B05D0BB7BE2
:1064D000402B2DD1FB7B222B2AD17B685B8D9BB27D
:1064E000002B08D17B681B685A687B681B6822F404
:1064F00080625A601CE07B6893F83E30DBB2402B30
:1065000003D1786800F08EF812E07B685B6A1A7835
:106510007B681B681A617B685B6A5A1C7B685A62DD
:106520007B685B8D9BB2013B9AB27B685A85FFE723
:1065300000BF1037BD4680BD80B584B000AF786025
:106540007B68DB6AFB607B6893F83D30DBB2212B14
:1065500064D17B685B8D9BB2002B12D07B685B6A39
:106560001A787B681B681A617B685B6A5A1C7B68B7
:106570005A627B685B8D9BB2013B9AB27B685A85FD
:106580004CE0FB68082B1DD0FB68202B1AD0FB6861
:1065900013F5803F16D07B681B685A687B681B68C0
:1065A00022F4E0625A607B6811221A637B68002241
:1065B00083F83E207B68202283F83D207868FFF72F
:1065C000B7FE2BE07B681B685A687B681B6822F467
:1065D000E0625A607B681B681A687B681B6842F43B
:1065E00000721A607B6800221A637B68202283F89D
:1065F0003D207B6893F83E30DBB2402B07D17B68AF
:10660000002283F83E207868FFF7D2FE06E07B6820
:10661000002283F83E207868FFF78AFE00BF10371B
:10662000BD4680BD80B584B000AF78607B6893F8CC
:106630003D30FB737B681B6D002B1DD17B68DB6CD1
:10664000012B0BD17B689B6CDAB27B681B681A61EB
:106650007B681B6D9A1C7B681A6573E07B689B6C7A
:106660009BB21B12DAB27B681B681A617B681B6DD8
:106670005A1C7B681A6565E07B681B6D012B0BD18A
:106680007B689B6CDAB27B681B681A617B681B6D48
:106690005A1C7B681A6555E07B681B6D022B51D133
:1066A000FB7B222B0DD17B681B681A687B681B68FB
:1066B00042F480721A607B681B6D5A1C7B681A65F5
:1066C00040E07B685B8D9BB2002B15D0FB7B212BC0
:1066D00012D17B685B6A1A787B681B681A617B68D9
:1066E0005B6A5A1C7B685A627B685B8D9BB2013B7C
:1066F0009AB27B685A8525E07B685B8D9BB2002B44
:1067000020D1FB7B212B1DD17B681B685A687B68DD
:106710001B6822F4E0625A607B681B681A687B6819
:106720001B6842F400721A607B6800221A637B685F
:10673000202283F83D207B68002283F83E20786881
:10674000FFF736FE00BF1037BD4680BD80B584B070
:1067500000AF78607B6893F83D30DBB2222B40F0CD
:10676000AC807B685B8D9BB2FB60FB68032B21D9FF
:106770007B681B681A697B685B6AD2B21A707B6897
:106780005B6A5A1C7B685A627B685B8D9BB2013BDB
:106790009AB27B685A857B685B8D9BB2032B40F075
:1067A0008C807B681B685A687B681B6822F4806257
:1067B0005A6082E07B68DB6A022B75D0FB68012B94
:1067C00002D0FB68002B6FD1786801F07DFB034697
:1067D000002B42D17B681B681A687B681B6822F417
:1067E00080621A607B681B685A687B681B6822F4A9
:1067F000E0625A607B681B681A697B685B6AD2B288
:106800001A707B685B6A5A1C7B685A627B685B8D76
:106810009BB2013B9AB27B685A857B68202283F841
:106820003D207B6893F83E30DBB2402B0AD17B6879
:10683000002283F83E207B6800221A637868FFF705
:10684000C1FD3AE07B68002283F83E207B6812227B
:106850001A637868FFF776FD2FE07B681B685A683B
:106860007B681B6822F4E0625A607B681B681A69C7
:106870007B685B6AD2B21A707B685B6A5A1C7B6861
:106880005A627B685B8D9BB2013B9AB27B685A85EA
:106890007B68202283F83D207B68002283F83E201D
:1068A0007868FFF799FD08E07B681B685A687B6889
:1068B0001B6822F480625A60FFE700BF1037BD46B4
:1068C00080BD80B584B000AF78607B68DB6AFB6018
:1068D0007B685B8D9BB2042B1BD17B681B685A685D
:1068E0007B681B6822F480625A607B681B681A69A7
:1068F0007B685B6AD2B21A707B685B6A5A1C7B68E1
:106900005A627B685B8D9BB2013B9AB27B685A8569
:10691000BDE07B685B8D9BB2032B29D17B681B6834
:106920005A687B681B6822F480625A60FB68042BFB
:106930000AD0FB68022B07D07B681B681A687B684B
:106940001B6822F480621A607B681B681A697B6886
:106950005B6AD2B21A707B685B6A5A1C7B685A62A7
:106960007B685B8D9BB2013B9AB27B685A858EE057
:106970007B685B8D9BB2022B76D1FB68012B02D02A
:10698000FB68102B08D17B681B681A687B681B6842
:1069900022F480621A6019E0FB68042B02D0FB68C5
:1069A000022B08D17B681B681A687B681B6842F45D
:1069B00080621A600AE0FB68102B07D07B681B68B6
:1069C0001A687B681B6842F400721A607B681B6857
:1069D0001A697B685B6AD2B21A707B685B6A5A1C60
:1069E0007B685A627B685B8D9BB2013B9AB27B6885
:1069F0005A857B681B681A697B685B6AD2B21A7019
:106A00007B685B6A5A1C7B685A627B685B8D9BB2B1
:106A1000013B9AB27B685A857B681B685A687B6821
:106A20001B6822F440725A607B68202283F83D2064
:106A30007B6893F83E30DBB2402B0AD17B680022A2
:106A400083F83E207B6800221A637868FFF7BAFC5F
:106A50001DE07B68002283F83E207B6812221A63C7
:106A60007868FFF76FFC12E07B681B681A697B6827
:106A70005B6AD2B21A707B685B6A5A1C7B685A6286
:106A80007B685B8D9BB2013B9AB27B685A8500BFE5
:106A90001037BD4680BD80B483B000AF78607B689E
:106AA00093F83E30DBB2402B17D17B681B6D002B77
:106AB00009D17B685B6CDBB21A467B681B6802F00D
:106AC000FE021A6167E07B685B6CDBB243F0010396
:106AD000DAB27B681B681A615DE07B681B69B3F5FD
:106AE000804F33D17B6893F83D30DBB2212B09D145
:106AF0007B685B6CDBB21A467B681B6802F0FE02A7
:106B00001A6108E07B685B6CDBB243F00103DAB228
:106B10007B681B681A617B685B6B002B04D07B6809
:106B20005B6BDB6B002B08D17B689B6B002B32D03F
:106B30007B689B6BDB6B002B2DD07B681B685A68D6
:106B40007B681B6842F400625A6024E07B681B6D1E
:106B5000002B0ED17B685B6C9BB2DB11DBB203F0C8
:106B60000603DBB263F00F03DAB27B681B681A61BD
:106B700011E07B681B6D012B0DD17B685B6C9BB2B8
:106B8000DB11DBB203F00603DBB263F00E03DAB213
:106B90007B681B681A6100BF0C37BD465DF8047B3B
:106BA000704780B483B000AF78607B685B6CDAB20A
:106BB0007B681B681A617B685B6B002B04D07B6869
:106BC0005B6BDB6B002B08D17B689B6B002B0CD0C5
:106BD0007B689B6BDB6B002B07D07B681B685A685C
:106BE0007B681B6842F400625A6000BF0C37BD46E8
:106BF0005DF8047B704780B491B000AF78607B682B
:106C000093F83E3087F83F307B68DB6ABB637B6874
:106C10001B6B7B637B6893F83D30DBB2222B40F02B
:106C200069817B681B6D002B0FD197F83F30402B9B
:106C30000BD100233B637B681B685B693B637B680C
:106C40001B689B693B633B6B60E17B681B6D002BA2
:106C50001DD17B681B69B3F5404F18D10023FB623F
:106C60007B681B685B69FB627B681B689B69FB62D6
:106C7000FB6A7B681B681A687B681B6842F4807239
:106C80001A607B681B6D5A1C7B681A653EE17B6845
:106C90005B8D9BB2002B13D10023BB627B681B680A
:106CA0005B69BB627B681B689B69BB62BB6A7B6874
:106CB0001B681A687B681B6842F400721A6015E151
:106CC0007B685B8D9BB2012B40F08A80BB6B13F518
:106CD000803F37D17B681B681A687B681B6822F489
:106CE00080621A607B681B685B6803F40063B3F51D
:106CF000006F13D17B681B681A687B681B6822F4DD
:106D000080621A6000237B627B681B685B697B6220
:106D10007B681B689B697B627B6AE7E000233B62C0
:106D20007B681B685B693B627B681B689B693B6295
:106D30003B6A7B681B681A687B681B6842F40072B8
:106D40001A60D3E0BB6B082B2ED0BB6B202B2BD053
:106D50007B6B122B02D1BB6B012B25D1BB6B042BA0
:106D60000ED0BB6B022B0BD0BB6B102B08D07B68FB
:106D70001B681A687B681B6822F480621A6007E04F
:106D80007B681B681A687B681B6842F480621A6023
:106D90000023FB617B681B685B69FB617B681B6888
:106DA0009B69FB61FB69A1E07B681B681A687B68D3
:106DB0001B6822F480621A600023BB617B681B6839
:106DC0005B69BB617B681B689B69BB61BB697B6856
:106DD0001B681A687B681B6842F400721A6085E0C1
:106DE0007B685B8D9BB2022B4DD1BB6B042B16D005
:106DF000BB6B022B13D0BB6B102B10D07B681B68B6
:106E00001A687B681B6822F480621A607B681B68C2
:106E10001A687B681B6842F400621A6007E07B68AE
:106E20001B681A687B681B6842F480621A607B6882
:106E30001B685B6803F40063B3F5006F17D1BB6B8D
:106E400013F5803F0BD0BB6B012B08D0BB6B082B1D
:106E500005D0BB6B102B02D0BB6B202B07D17B68FE
:106E60001B685A687B681B6842F480525A60002392
:106E70007B617B681B685B697B617B681B689B69C6
:106E80007B617B6932E07B681B681A687B681B68E2
:106E900042F480621A607B681B685B6803F40063DD
:106EA000B3F5006F17D1BB6B13F5803F0BD0BB6BF5
:106EB000012B08D0BB6B082B05D0BB6B102B02D06D
:106EC000BB6B202B07D17B681B685A687B681B68EB
:106ED00042F480525A6000233B617B681B685B6907
:106EE0003B617B681B689B693B613B697B68002257
:106EF0001A650BE00023FB607B681B685B69FB6025
:106F00007B681B689B69FB60FB68FFE700BF443739
:106F1000BD465DF8047B704780B584B000AF7860F3
:106F20007B6893F83D30FB737B685B8D9BB2002BD5
:106F30002BD07B685B6A1A787B681B681A617B6858
:106F40005B6A5A1C7B685A627B685B8D9BB2013B13
:106F50009AB27B685A857B685B8D9BB2002B14D1FB
:106F6000FB7B292B11D17B681B685A687B681B68E7
:106F700022F480625A607B6821221A637B6828228F
:106F800083F83D207868FFF7E7F900BF1037BD466A
:106F900080BD80B483B000AF78607B685B8D9BB2AE
:106FA000002B11D07B685B6A1A787B681B681A61BA
:106FB0007B685B6A5A1C7B685A627B685B8D9BB2FC
:106FC000013B9AB27B685A8500BF0C37BD465DF81D
:106FD000047B704780B584B000AF78607B6893F81D
:106FE0003D30FB737B685B8D9BB2002B2CD07B68A4
:106FF0001B681A697B685B6AD2B21A707B685B6A2D
:107000005A1C7B685A627B685B8D9BB2013B9AB2CB
:107010007B685A857B685B8D9BB2002B14D1FB7B10
:107020002A2B11D17B681B685A687B681B6822F485
:1070300080625A607B6822221A637B68282283F868
:107040003D207868FFF792F900BF1037BD4680BD3C
:1070500080B483B000AF78607B685B8D9BB2002BFF
:1070600012D07B681B681A697B685B6AD2B21A709F
:107070007B685B6A5A1C7B685A627B685B8D9BB23B
:10708000013B9AB27B685A8500BF0C37BD465DF85C
:10709000047B704780B584B000AF7860396000230E
:1070A000FB737B6893F83D30DBB203F02803282B99
:1070B00025D17B681B685A687B681B6822F4806254
:1070C0005A603B6803F00403002B01D10123FB73DA
:1070D0003B6803F08003002B03D17B68DB68BB8136
:1070E00002E07B689B69BB817B68002283F83C20BF
:1070F000BA89FB7B19467868FFF742F90EE0002356
:10710000BB607B681B685B69BB607B681B689B69B5
:10711000BB60BB687B68002283F83C2000BF10374F
:10712000BD4680BD80B584B000AF78607B6893F8C1
:107130003D30FB737B681B685A687B681B6822F4D0
:10714000E0625A600023BB607B681B685B69BB60C0
:107150007B681B681A687B681B6842F001021A6032
:10716000BB687B681B681A687B681B6822F48062B6
:107170001A607B681B685B6803F40063B3F5006FFB
:1071800072D1FB7B222B02D0FB7B2A2B35D17B6873
:107190009B6B1B685B689AB27B685A857B685B8DCA
:1071A0009BB2002B05D07B681B6C43F004027B680C
:1071B0001A647B681B685A687B681B6822F400624B
:1071C0005A607B689B6B1846FDF735FD0346012B23
:1071D00049D07B689B6B694A1A657B689B6B184634
:1071E000FDF707FD0346002B3DD07B689B6B1B6DB5
:1071F0007A68926B1046984735E07B685B6B1B683A
:107200005B689AB27B685A857B685B8D9BB2002B6A
:1072100005D07B681B6C43F004027B681A647B68B2
:107220001B685A687B681B6822F400625A607B689E
:107230005B6B1846FDF7FFFC0346012B14D07B68FF
:107240005B6B4E4A1A657B685B6B1846FDF7D1FC99
:107250000346002B08D07B685B6B1B6D7A68526B12
:107260001046984700E000BF7B685B8D9BB2002B07
:107270003ED07B681B685B6903F00403042B12D1CA
:107280007B681B681A697B685B6AD2B21A707B687C
:107290005B6A5A1C7B685A627B685B8D9BB2013BC0
:1072A0009AB27B685A857B681B685B6903F0400370
:1072B000402B12D17B681B681A697B685B6AD2B26B
:1072C0001A707B685B6A5A1C7B685A627B685B8DAC
:1072D0009BB2013B9AB27B685A857B685B8D9BB2FF
:1072E000002B05D07B681B6C43F004027B681A649A
:1072F0007B681B6C002B03D0786800F0B3F839E092
:10730000FB7B2A2B09D17B6800221A637B68282229
:1073100083F83D207868FFF729F87B6893F83D30C3
:10732000DBB2282B11D17B68154ADA627B68002218
:107330001A637B68202283F83D207B68002283F853
:107340003E207868FFF72AF814E07B681B6B222B3D
:1073500002D0FB7B222B0DD17B6800221A637B6855
:10736000202283F83D207B68002283F83E20786845
:10737000FEF7FCFF00BF1037BD4680BDC97A00088C
:107380000000FFFF80B584B000AF78607B6893F8A1
:107390003D30FB737B68DB6ABB60BB68082B02D0A7
:1073A000BB68202B29D1FB7B282B26D17B682C4A5C
:1073B000DA627B681B685A687B681B6822F4E062AB
:1073C0005A607B681B686FF480625A617B681B6837
:1073D0001A687B681B6822F480621A607B6800224E
:1073E0001A637B68202283F83D207B68002283F8A3
:1073F0003E207868FEF7D2FF2EE0FB7B212B26D1C2
:107400007B68174ADA627B6821221A637B68202234
:1074100083F83D207B68002283F83E207B681B6850
:107420005A687B681B6822F4E0625A607B681B68BC
:107430006FF480625A617B681B681A687B681B68FE
:1074400022F480621A607868FEF786FF04E07B68A9
:107450001B686FF480625A6100BF1037BD4680BD63
:107460000000FFFF80B584B000AF78607B6893F8C0
:107470003D30FB737B6893F83E30BB73BB7B102BB6
:1074800002D0BB7B402B0AD1FB7B222B07D17B6830
:107490001B681A687B681B6822F400621A60FB7B19
:1074A00003F02803282B07D17B6800221A637B682E
:1074B000282283F83D2015E07B681B685B6803F495
:1074C0000063B3F5006F0AD0FB7B602B07D07B68AD
:1074D000202283F83D207B68002283F83E207B68D1
:1074E00000221A637B681B685B6803F40063B3F5D2
:1074F000006F62D17B681B685A687B681B6822F446
:1075000000625A607B685B6B93F83530DBB2012B0D
:1075100020D07B685B6B6A4A1A657B685B6B184698
:10752000FDF767FB0346002B00F089807B681B6832
:107530001A687B681B6822F001021A607B682022AF
:1075400083F83D207B685B6B1B6D7A68526B10463D
:10755000984774E07B689B6B594A1A657B689B6B04
:107560001846FDF746FB0346002B68D07B681B6876
:107570005B6903F04003402B0BD17B681B681A69E1
:107580007B685B6AD2B21A707B685B6A5A1C7B6844
:107590005A627B681B681A687B681B6822F00102CC
:1075A0001A607B68202283F83D207B689B6B1B6DF3
:1075B0007A68926B1046984741E07B6893F83D30BB
:1075C000DBB2602B25D17B68202283F83D207B68CD
:1075D00000221A647B681B685B6903F04003402B40
:1075E0000BD17B681B681A697B685B6AD2B21A7020
:1075F0007B685B6A5A1C7B685A627B681B681A68E6
:107600007B681B6822F001021A607868FEF7EEFEC4
:1076100015E07B681B685B6903F04003402B0BD1CE
:107620007B681B681A697B685B6AD2B21A707B68D8
:107630005B6A5A1C7B685A627868FEF7CDFE7B68ED
:107640001B6CBB60BB6803F00103002B0ED1BB6851
:1076500003F00203002B09D1BB6803F00403002BE5
:1076600004D1BB6803F00803002B07D07B681B68BC
:107670005A687B681B6822F4E0625A607B6893F862
:107680003D30FB737B681B6C03F00403042B13D1A8
:10769000FB7B282B10D17B680A4ADA627B680022C8
:1076A0001A637B68202283F83D207B68002283F8E0
:1076B0003E207868FEF772FE00BF1037BD4680BDE1
:1076C000C97A00080000FFFF80B588B002AFF860FB
:1076D0007A603B600B467B81FB68DB6A7B617B6980
:1076E000082B06D07B69012B03D07B6913F5803F03
:1076F00008D1FB681B681A68FB681B6842F480723B
:107700001A600BE0FB681B6B122B07D1FB681B6830
:107710001A68FB681B6842F480721A603B68009329
:107720007B6800224FF00111F86800F075FA0346FB
:10773000002B0DD0FB681B681B6803F48073B3F546
:10774000807F03D1FB684FF400721A64032335E095
:10775000FB681B69B3F5804F08D17B89DBB21A4601
:10776000FB681B6802F0FE021A611BE07B89DB11DB
:10777000DBB203F00603DBB263F00F03DAB2FB689F
:107780001B681A613B687A680E49F86800F09BFA3A
:107790000346002B01D0012310E07B89DAB2FB689D
:1077A0001B681A613B687A680749F86800F08BFA31
:1077B0000346002B01D0012300E0002318461837B0
:1077C000BD4680BD080001000200010080B588B000
:1077D00002AFF860084611461A4603467B810B4605
:1077E0003B811346FB80FB681B681A68FB681B68BB
:1077F00042F480721A607B6A00933B6A00224FF069
:107800000111F86800F008FA0346002B0DD0FB6860
:107810001B681B6803F48073B3F5807F03D1FB689A
:107820004FF400721A6403235FE07B89DBB21A46CF
:10783000FB681B6802F0FE021A617B6A3A6A2D49F6
:10784000F86800F040FA0346002B01D001234CE019
:1078500000237B61FB681B685B697B61FB681B68BD
:107860009B697B617B697A6A396AF86800F0AAFAD9
:107870000346002B0DD0FB681B6C042B07D1FB6863
:107880001B681A68FB681B6842F400721A600123C7
:107890002BE0FB88012B05D13B89DAB2FB681B6822
:1078A0001A6121E03B891B0A9BB2DAB2FB681B68B4
:1078B0001A617A6A396AF86800F084FA0346002B84
:1078C0000DD0FB681B6C042B07D1FB681B681A6882
:1078D000FB681B6842F400721A60012305E03B89D3
:1078E000DAB2FB681B681A61002318461837BD46D8
:1078F00080BD00BF0200010080B588B002AFF86013
:10790000084611461A4603467B810B463B811346C7
:10791000FB80FB681B681A68FB681B6842F4806286
:107920001A60FB681B681A68FB681B6842F4807267
:107930001A607B6A00933B6A00224FF00111F868DD
:1079400000F06AF90346002B0DD0FB681B681B682A
:1079500003F48073B3F5807F03D1FB684FF40072AA
:107960001A640323AAE07B89DBB21A46FB681B6812
:1079700002F0FE021A617B6A3A6A5249F86800F026
:10798000A2F90346002B01D0012397E000237B617D
:10799000FB681B685B697B61FB681B689B697B619B
:1079A0007B697A6A396AF86800F00CFA0346002BA2
:1079B0000DD0FB681B6C042B07D1FB681B681A6891
:1079C000FB681B6842F400721A60012376E0FB88B2
:1079D000012B05D13B89DAB2FB681B681A6121E0F3
:1079E0003B891B0A9BB2DAB2FB681B681A617A6A90
:1079F000396AF86800F0E6F90346002B0DD0FB6801
:107A00001B6C042B07D1FB681B681A68FB681B689A
:107A100042F400721A60012350E03B89DAB2FB683D
:107A20001B681A617A6A396AF86800F0CBF9034674
:107A3000002B0DD0FB681B6C042B07D1FB681B6867
:107A40001A68FB681B6842F400721A60012335E073
:107A5000FB681B681A68FB681B6842F480721A6036
:107A60007B6A00933B6A00224FF00111F86800F036
:107A7000D3F80346002B0DD0FB681B681B6803F48A
:107A80008073B3F5807F03D1FB684FF400721A64F2
:107A9000032313E07B89DBB243F00103DAB2FB6816
:107AA0001B681A617B6A3A6A0649F86800F00BF9AC
:107AB0000346002B01D0012300E0002318461837AD
:107AC000BD4680BD0200010080B586B000AF786081
:107AD0000023FB607B689B6B7B617B6993F83D3087
:107AE000FB744B4B1B68DB084A4AA2FB03231A0AB0
:107AF00013469B001344DA00D31AFB60FB68002B8B
:107B000006D17B691B6C43F020027B691A640AE092
:107B1000FB68013BFB607B691B681B6803F4007317
:107B2000B3F5007FEAD07B695B6B002B03D07B69E8
:107B30005B6B0022DA637B699B6B002B03D07B6954
:107B40009B6B0022DA637B691B681A687B691B6880
:107B500022F480621A607B6900225A857B695B6B24
:107B6000002B03D07B695B6B00221A657B699B6BE2
:107B7000002B03D07B699B6B00221A657B691B6815
:107B80001A687B691B6822F001021A607B6993F80E
:107B90003D30DBB2602B0ED17B69202283F83D2083
:107BA0007B69002283F83E207B6900221A64786991
:107BB000FEF71CFC27E0FB7C03F02803282B17D1E1
:107BC0007B691B681A687B691B6842F001021A60B6
:107BD0007B691B681A687B691B6842F480621A60C3
:107BE0007B6900221A637B69282283F83D2007E025
:107BF0007B69202283F83D207B69002283F83E20A8
:107C00007869FEF7E9FB00BF1837BD4680BD00BFAD
:107C10008402002089B5F81480B584B000AFF86004
:107C2000B9603B601346FB7125E03B68B3F1FF3F51
:107C300021D0FCF76BFE0246BB69D31A3A689A4220
:107C400002D33B68002B16D1FB6800221A63FB6845
:107C5000202283F83D20FB68002283F83E20FB6849
:107C60001B6C43F02002FB681A64FB68002283F857
:107C70003C20012323E0BB681B0CDBB2012B0DD1A0
:107C8000FB681B685B69DA43BB6813409BB2002B3F
:107C90000CBF01230023DBB21A460CE0FB681B6813
:107CA0009B69DA43BB6813409BB2002B0CBF0123D6
:107CB0000023DBB21A46FB799A42B6D0002318465D
:107CC0001037BD4680BD80B584B000AFF860B960A4
:107CD0007A603B6051E0FB681B685B6903F480637A
:107CE000B3F5806F23D1FB681B681A68FB681B68BB
:107CF00042F400721A60FB681B686FF480625A617C
:107D0000FB6800221A63FB68202283F83D20FB6891
:107D1000002283F83E20FB681B6C43F00402FB68E2
:107D20001A64FB68002283F83C20012346E07B684C
:107D3000B3F1FF3F21D0FCF7E9FD02463B68D31ABF
:107D40007A689A4202D37B68002B16D1FB68002226
:107D50001A63FB68202283F83D20FB68002283F829
:107D60003E20FB681B6C43F02002FB681A64FB6832
:107D7000002283F83C20012320E0BB681B0CDBB20F
:107D8000012B0CD1FB681B685B69DA43BB681340AD
:107D90009BB2002B14BF01230023DBB20BE0FB6876
:107DA0001B689B69DA43BB6813409BB2002B14BF6E
:107DB00001230023DBB2002B8DD10023184610379E
:107DC000BD4680BD80B584B000AFF860B9607A6010
:107DD0002DE0F86800F000F90346002B01D00123E4
:107DE0002DE0BB68B3F1FF3F21D0FCF78FFD0246C9
:107DF0007B68D31ABA689A4202D3BB68002B16D1AB
:107E0000FB6800221A63FB68202283F83D20FB6890
:107E1000002283F83E20FB681B6C43F02002FB68C5
:107E20001A64FB68002283F83C20012307E0FB680A
:107E30001B685B6903F08003802BCAD100231846BE
:107E40001037BD4680BD80B584B000AFF860B96022
:107E50007A602DE0F86800F0BFF80346002B01D0EF
:107E600001232DE0BB68B3F1FF3F21D0FCF74EFDAD
:107E700002467B68D31ABA689A4202D3BB68002BC9
:107E800016D1FB6800221A63FB68202283F83D208C
:107E9000FB68002283F83E20FB681B6C43F0200245
:107EA000FB681A64FB68002283F83C20012307E08A
:107EB000FB681B685B6903F00403042BCAD1002331
:107EC00018461037BD4680BD80B485B000AF7860DD
:107ED0000023FB60134B1B68DB08134AA2FB032340
:107EE0001A0A13469B001344FB60FB68013BFB60CE
:107EF000FB68002B07D17B681B6C43F020027B687A
:107F00001A64012308E07B681B681B6803F4007394
:107F1000B3F5007FE9D0002318461437BD465DF85D
:107F2000047B70478402002089B5F81480B584B0C2
:107F300000AFF860B9607A6042E0FB681B685B697B
:107F400003F01003102B19D1FB681B686FF01002AF
:107F50005A61FB6800221A63FB68202283F83D20E7
:107F6000FB68002283F83E20FB681A6CFB681A64E9
:107F7000FB68002283F83C20012329E0FCF7C6FCC3
:107F800002467B68D31ABA689A4202D3BB68002BB8
:107F900016D1FB6800221A63FB68202283F83D207B
:107FA000FB68002283F83E20FB681B6C43F0200234
:107FB000FB681A64FB68002283F83C20012307E079
:107FC000FB681B685B6903F04003402BB5D10023BD
:107FD00018461037BD4680BD80B483B000AF7860CE
:107FE0007B681B685B6903F48063B3F5806F1BD10A
:107FF0007B681B686FF480625A617B6800221A6399
:108000007B68202283F83D207B68002283F83E2095
:108010007B681B6C43F004027B681A647B68002257
:1080200083F83C20012300E0002318460C37BD46AE
:108030005DF8047B704780B483B000AF78607B68E4
:10804000DB6AB3F52A0F03D17B680122DA6207E00D
:108050007B68DB6AB3F12A4F02D17B680822DA62BF
:1080600000BF0C37BD465DF8047B704780B483B019
:1080700000AF786039607B6893F83D30DBB2202B2D
:1080800029D17B68242283F83D207B681B681A680D
:108090007B681B6822F001021A607B681B685A6AC1
:1080A0007B681B6822F010025A627B681B68596A61
:1080B0007B681B683A680A435A627B681B681A68C7
:1080C0007B681B6842F001021A607B68202283F8FB
:1080D0003D20002300E0022318460C37BD465DF822
:1080E000047B7047F0B58FB00AAF78607B68002BD7
:1080F00001D1012316E17B681B68BB607B6893F8A4
:10810000BD34DBB2002B06D17B68002283F8BC248F
:108110007868FCF78DFA7B68032283F8BD24BB687E
:10812000DB6B03F48073002B02D17B6800221A61A1
:108130007B681B68184601F0B6FF7B681B683B60D4
:108140007E686D4606F110040FCC0FC50FCC0FC52D
:1081500094E8030085E80300331D0ECB386801F076
:1081600041FF0346002B05D07B68022283F8BD2423
:108170000123D7E07B681B680021184601F0A4FFAB
:108180000023FB734AE0FA7B79681346DB00134453
:108190009B000B443D3301221A70FA7B7968134629
:1081A000DB0013449B000B443C33FA7B1A70FA7BD0
:1081B000FB7B98B279681346DB0013449B000B44A9
:1081C000443302461A80FA7B79681346DB00134475
:1081D0009B000B44403300221A70FA7B79681346E7
:1081E000DB0013449B000B44483300221A60FA7BE7
:1081F00079681346DB0013449B000B444C33002288
:108200001A60FA7B79681346DB0013449B000B4429
:10821000543300221A60FB7B0133FB73FA7B7B68CB
:108220005B689A42AFD30023FB7344E0FA7B796822
:108230001346DB0013449B000B4403F27D23002212
:108240001A70FA7B79681346DB0013449B000B44D9
:1082500003F51F73FA7B1A70FA7B79681346DB000B
:1082600013449B000B4403F5207300221A70FA7B21
:1082700079681346DB0013449B000B4403F522731B
:1082800000221A60FA7B79681346DB0013449B00D6
:108290000B4403F5237300221A60FA7B79681346B6
:1082A000DB0013449B000B4403F5257300221A6086
:1082B000FB7B0133FB73FA7B7B685B689A42B5D327
:1082C0007B681B683B607E686D4606F110040FCC2E
:1082D0000FC50FCC0FC594E8030085E80300331DDC
:1082E0000ECB386801F03CFF0346002B05D07B68BD
:1082F000022283F8BD24012314E07B68002283F866
:1083000038207B68012283F8BD247B685B6A012BDF
:1083100002D1786800F00AF87B681B68184602F002
:10832000FAF8002318461437BD46F0BD80B485B076
:1083300000AF78607B681B68FB607B680122C3F834
:1083400000257B68002283F8F424FB689B6943F0D6
:108350000062FB689A61FB685B6D43F0805343F0F9
:108360000303FA685365002318461437BD465DF8C9
:10837000047B704780B582B000AF00237B60002390
:108380003B60204B1B6C1F4A43F0805313641D4B12
:108390001B6C03F080533B603B681B4B01221A604F
:1083A000FCF7B4FA786009E0FCF7B0FA02467B68A3
:1083B000D31AB3F57A7F01D903231FE0134B5B680F
:1083C00003F48033B3F5803FEED1114B01221A60E4
:1083D000FCF79CFA786009E0FCF798FA02467B68A3
:1083E000D31AB3F57A7F01D9032307E0074B5B6803
:1083F00003F40033B3F5003FEED1002318460837ED
:10840000BD4680BD0038024040000E420070004072
:1084100044000E4280B584B000AF786039607B685C
:10842000002B01D10123CCE0684B1B6803F00F0344
:108430003A689A420CD9654B3A68D2B21A70634BCB
:108440001B6803F00F033A689A4201D00123B8E099
:108450007B681B6803F00203002B20D07B681B683D
:1084600003F00403002B05D0594B9B68584A43F492
:10847000E05393607B681B6803F00803002B05D072
:10848000534B9B68524A43F460439360504B9B6844
:1084900023F0F0027B689B684D4913438B607B6837
:1084A0001B6803F00103002B44D07B685B68012B41
:1084B00007D1474B1B6803F40033002B19D101236C
:1084C0007FE07B685B68022B03D07B685B68032BD3
:1084D00007D13F4B1B6803F00073002B09D1012328
:1084E0006FE03B4B1B6803F00203002B01D101231B
:1084F00067E0374B9B6823F003027B685B68344975
:1085000013438B60FCF702FAF8600AE0FCF7FEF90F
:108510000246FB68D31A41F28832934201D9032301
:108520004FE02B4B9B6803F00C027B685B689B0061
:108530009A42EBD1254B1B6803F00F033A689A422D
:108540000CD2224B3A68D2B21A70204B1B6803F04F
:108550000F033A689A4201D0012332E07B681B681E
:1085600003F00403002B08D0194B9B6823F4E0525E
:108570007B68DB68164913438B607B681B6803F0DC
:108580000803002B09D0124B9B6823F460427B68E0
:108590001B69DB000E4913438B6000F06BFB024646
:1085A0000B4B9B681B0903F00F030A49CB5C22FAB3
:1085B00003F3094A1360094B1B681846FCF762F97C
:1085C000002318461037BD4680BD00BF003C024066
:1085D00000380240586B030884020020A0020020EB
:1085E00080B400AF034B1B681846BD465DF8047BA2
:1085F000704700BF8402002080B500AFFFF7F0FF96
:108600000246054B9B689B0A03F007030349CB5CBA
:1086100022FA03F3184680BD00380240686B030855
:1086200080B58CB000AF786000237B6200233B6292
:108630000023FB610023BB6100237B6100233B61BE
:108640000023FB600023FB620023BB627B681B6886
:1086500003F00103002B10D06F4BD3F88C3023F0C4
:10866000C0627B689B6B6C491343C1F88C307B689C
:108670009B6B002B01D10123FB627B681B6803F01D
:108680000203002B10D0644BD3F88C3023F0C0527F
:108690007B68DB6B60491343C1F88C307B68DB6B14
:1086A000002B01D10123FB627B681B6803F00403EC
:1086B000002B17D0584BD3F88C3023F440127B6832
:1086C0001B6B55491343C1F88C307B681B6BB3F5AA
:1086D000801F01D10123FB627B681B6B002B01D142
:1086E0000123BB627B681B6803F00803002B17D0D3
:1086F000494BD3F88C3023F440027B685B6B4649CE
:108700001343C1F88C307B685B6BB3F5800F01D1EC
:108710000123FB627B685B6B002B01D10123BB62F1
:108720007B681B6803F02003002B00F08A80002385
:10873000BB60394B1B6C384A43F080531364364B93
:108740001B6C03F08053BB60BB68344B1B68334A1F
:1087500043F480731360FCF7D9F8786208E0FCF703
:10876000D5F802467B6AD31A022B01D9032378E29B
:108770002A4B1B6803F48073002BF0D0264B1B6F31
:1087800003F440733B623B6A002B2FD07B681B6C69
:1087900003F440733A6A9A4228D01F4B1B6F23F4AC
:1087A00040733B621E4B01221A601D4B00221A606F
:1087B000194A3B6A1367184B1B6F03F00103012B27
:1087C00014D1FCF7A3F878620AE0FCF79FF80246A0
:1087D0007B6AD31A41F28832934201D9032340E2E3
:1087E0000D4B1B6F03F00203002BEED07B681B6C5C
:1087F00003F44073B3F5407F14D1074B9B6823F417
:10880000F8127B681B6C23F0704323F44073024919
:1088100013438B600CE000BF003802400070004042
:10882000400E47424A4B9B68494A23F4F813936031
:10883000474B1A6F7B681B6CC3F30B03444913430C
:108840000B677B681B6803F01003002B04D07B6868
:1088500093F858203F4B1A607B681B6803F0800335
:10886000002B0AD03A4BD3F8943023F440027B68B3
:10887000DB6C37491343C1F894307B681B6803F005
:108880004003002B0AD0324BD3F8943023F080629F
:108890007B689B6C2E491343C1F894307B681B683E
:1088A00003F48073002B11D0294BD3F8943023F0BC
:1088B00000627B685B6D26491343C1F894307B6886
:1088C0005B6DB3F1006F01D10123BB627B681B6854
:1088D00003F40073002B0AD01D4BD3F8943023F01F
:1088E00080527B685B6C1A491343C1F894307B68F3
:1088F0001B6803F48063002B11D0154BD3F8943020
:1089000023F000527B681B6D11491343C1F894306A
:108910007B681B6DB3F1005F01D10123FB62FB6A31
:10892000012B05D07B681B68B3F5006F40F0FF801A
:10893000094B00221A60FBF7E9FF78620EE0FBF7B3
:10894000E5FF02467B6AD31A022B07D9032388E18D
:1089500000380240E0114742680047427E4B1B68E6
:1089600003F00063002BEAD17B681B6803F001036E
:10897000002B03D07B689B6B002B09D07B681B68A6
:1089800003F00203002B28D07B68DB6B002B24D183
:10899000714BD3F884301B0C03F0030301335B00ED
:1089A000FB616D4BD3F884301B0E03F00F03BB61EA
:1089B0007B685A687B689B689B011A43FB695B086C
:1089C000013B1B041A43BB691B061A437B685B69A6
:1089D0001B0761491343C1F884307B681B6803F0AF
:1089E0000403002B04D07B681B6BB3F5801F0AD0F7
:1089F0007B681B6803F00803002B35D07B685B6B3A
:108A0000B3F5800F30D1544BD3F884301B0C03F0F6
:108A1000030301335B00FB614F4BD3F884301B0F22
:108A200003F007037B617B685A687B689B689B0146
:108A30001A43FB695B08013B1B041A437B681B69F3
:108A40001B061A437B691B0743491343C1F8843053
:108A5000414BD3F88C3023F01F027B689B6A013BAB
:108A60003D491343C1F88C307B681B6803F4806375
:108A7000002B29D07B681B6DB3F1005F24D1364BEE
:108A8000D3F884301B0C03F0030301335B00BB619C
:108A9000314BD3F884301B0F03F007037B617B68F5
:108AA0005A687B689B689B011A437B68DB685B089C
:108AB000013B1B041A43BB691B061A437B691B0756
:108AC00025491343C1F884307B681B6803F40063B5
:108AD000002B16D07B685A687B689B689B011A4301
:108AE0007B68DB685B08013B1B041A437B681B69DE
:108AF0001B061A437B685B691B0717491343C1F8C0
:108B00008430164B01221A60FBF700FF786208E000
:108B1000FBF7FCFE02467B6AD31A022B01D9032322
:108B20009FE00D4B1B6803F00063002BF0D0BB6A85
:108B3000012B40F095800A4B00221A60FBF7E6FEFD
:108B400078620FE0FBF7E2FE02467B6AD31A022B43
:108B500008D9032385E000BF00380240680047427F
:108B600070004742414B1B6803F00053B3F1005FB4
:108B7000E8D07B681B6803F00403002B03D07B68FC
:108B80001B6B002B09D07B681B6803F00803002BCC
:108B90002BD07B685B6B002B27D1344BD3F888300C
:108BA0001B0C03F0030301335B003B617B689A6994
:108BB0007B68DB699B011A433B695B08013B1B0433
:108BC0001A437B685B6A1B0628491343C1F8883047
:108BD000264BD3F88C3023F4F8527B68DB6A013BD8
:108BE0001B0222491343C1F88C307B681B6803F4D5
:108BF0008073002B1DD07B685B6DB3F1006F18D1C3
:108C00001A4BD3F888301B0E03F00F03FB607B6810
:108C10009A697B68DB699B011A437B681B6A5B0866
:108C2000013B1B041A43FB681B0610491343C1F8A0
:108C300088300F4B01221A60FBF768FE786208E06B
:108C4000FBF764FE02467B6AD31A022B01D9032389
:108C500007E0064B1B6803F00053B3F1005FEFD150
:108C6000002318463037BD4680BD00BF00380240A3
:108C7000700047422DE9B04FAEB000AF0023C7F8F7
:108C8000AC300023C7F8B4300023C7F8A830002365
:108C9000C7F8A4300023C7F8B030CB4B9B6803F073
:108CA0000C030C2B00F2068201A252F823F000BF45
:108CB000E58C0008B5900008B5900008B590000854
:108CC000ED8C0008B5900008B5900008B59000083C
:108CD000F58C0008B5900008B5900008B590000824
:108CE000E58E0008B94BC7F8B030E7E1B84BC7F8DC
:108CF000B030E3E1B44B5B6803F03F03C7F8AC303E
:108D0000B14B5B6803F48003002B71D0AE4B5B6802
:108D10009B090022C7F89830C7F89C20D7F89830F4
:108D2000C3F30803C7F890300023C7F89430D7E99D
:108D3000244522462B464FF000004FF00001590118
:108D400041EAD261500102460B462146511A39646C
:108D5000294663EB01037B644FF000024FF00003F0
:108D6000D7E9108949468B01414643EA9163414660
:108D70008A014146511AB963494663EB0103FB631B
:108D80004FF000024FF00003D7E90E894946CB00AF
:108D9000414643EA51734146CA001046194603460C
:108DA00022469B183B632B460A4642EB03037B6338
:108DB0004FF000024FF00003D7E90C4529464B0263
:108DC000214643EAD15321464A0210461946D7F8B4
:108DD000AC300022C7F88830C7F88C20D7E92223AE
:108DE000F7F702FF02460B461346C7F8B43067E0B8
:108DF000754B5B689B090022C7F88030C7F8842058
:108E0000D7F88030C3F30803BB670023FB67D7E9BB
:108E10001E4522462B464FF000004FF0000159013D
:108E200041EAD261500102460B462146511AB9620D
:108E3000294663EB0103FB624FF000024FF0000391
:108E4000D7E90A8949468B01414643EA9163414685
:108E50008A014146B2EB010A494663EB010B4FF030
:108E600000024FF000034FEACB0343EA5A734FEA84
:108E7000CA0292469B4623461AEB03033B622B46EB
:108E80004BEB03037B624FF000024FF00003D7E986
:108E9000084529468B02214643EA915321468A021E
:108EA00010461946D7F8AC3000223B677A67D7E9FD
:108EB0001C23F7F799FE02460B461346C7F8B43059
:108EC000414B5B681B0C03F0030301335B00C7F8E5
:108ED000A830D7F8B420D7F8A830B2FBF3F3C7F81E
:108EE000B030EBE0384B5B6803F03F03C7F8AC30C1
:108EF000354B5B6803F48003002B6BD0324B5B680F
:108F00009B090022BB66FA66BB6EC3F308033B668F
:108F100000237B66D7E9184522462B464FF0000018
:108F20004FF00001590141EAD261500102460B465F
:108F30002146511AB961294663EB0103FB614FF0E9
:108F400000024FF00003D7E906AB59468B015146AA
:108F500043EA916351468A015146B2EB01085946F2
:108F600063EB01094FF000024FF000034FEAC90321
:108F700043EA58734FEAC80290469946234618EBD5
:108F800003033B612B4649EB03037B614FF0000277
:108F90004FF00003D7E9044529464B02214643EA36
:108FA000D15321464A0210461946D7F8AC30002268
:108FB000BB65FA65D7E91623F7F716FE02460B469E
:108FC0001346C7F8B43065E0003802400024F400CE
:108FD00000127A003D4B5B689B090022184611463F
:108FE000C0F308033B6500237B65D7E9148942463B
:108FF0004B464FF000004FF00001590141EAD261A9
:10900000500102460B464146511AB960494663EB8E
:109010000103FB604FF000024FF00003D7E902AB01
:1090200059468B01514643EA916351468A015146A4
:10903000541A594663EB01054FF000024FF000034C
:10904000EB0043EA5473E20014461D464346E3181E
:109050003B604B4645EB03037B604FF000024FF053
:109060000003D7E9004529468B02214643EA915384
:1090700021468A0210461946D7F8AC300022BB645C
:10908000FA64D7E91223F7F7AFFD02460B46134601
:10909000C7F8B4300D4B5B681B0F03F00703C7F82C
:1090A000A430D7F8B420D7F8A430B2FBF3F3C7F854
:1090B000B03003E0064BC7F8B03000BFD7F8B0308F
:1090C0001846B837BD46BDE8B08F00BF0038024033
:1090D0000024F40080B586B000AF78607B68002B78
:1090E00001D101238DE27B681B6803F00103002B93
:1090F00000F08380944B9B6803F00C03042B19D081
:10910000914B9B6803F00C03082B06D18E4B5B68D8
:1091100003F48003B3F5800F0CD08B4B9B6803F0F6
:109120000C030C2B12D1884B5B6803F48003B3F55E
:10913000800F0BD1844B1B6803F40033002B5BD0F2
:109140007B685B68002B57D101235AE27B685B6820
:10915000B3F5803F06D17C4B1B687B4A43F48033D8
:1091600013601DE07B685B68B3F5A02F0CD1764BD4
:109170001B68754A43F480231360734B1B68724A63
:1091800043F4803313600BE06F4B1B686E4A23F48B
:10919000803313606C4B1B686B4A23F4802313608D
:1091A0007B685B68002B13D0FBF7B0FB386108E0ED
:1091B000FBF7ACFB02463B69D31A642B01D90323AE
:1091C0001FE2614B1B6803F40033002BF0D014E066
:1091D000FBF79CFB386108E0FBF798FB02463B6914
:1091E000D31A642B01D903230BE2574B1B6803F4FA
:1091F0000033002BF0D100E000BF7B681B6803F058
:109200000203002B6FD0504B9B6803F00C03002B24
:1092100017D04D4B9B6803F00C03082B05D14A4B2C
:109220005B6803F48003002B0BD0474B9B6803F073
:109230000C030C2B1CD1444B5B6803F48003002B04
:1092400016D1414B1B6803F00203002B05D07B684D
:10925000DB68012B01D00123D3E13B4B1B6823F0DA
:10926000F8027B681B69DB00374913430B603AE067
:109270007B68DB68002B20D0344B01221A60FBF79F
:1092800045FB386108E0FBF741FB02463B69D31A16
:10929000022B01D90323B4E12B4B1B6803F002031B
:1092A000002BF0D0284B1B6823F0F8027B681B6969
:1092B000DB00254913430B6015E0244B00221A60A4
:1092C000FBF724FB386108E0FBF720FB02463B6913
:1092D000D31A022B01D9032393E11B4B1B6803F024
:1092E0000203002BF0D17B681B6803F00803002BFE
:1092F00036D07B685B69002B16D0154B01221A60B3
:10930000FBF704FB386108E0FBF700FB02463B6912
:10931000D31A022B01D9032373E10B4B5B6F03F0CC
:109320000203002BF0D01BE0094B00221A60FBF770
:10933000EDFA38610EE0FBF7E9FA02463B69D31A11
:10934000022B07D903235CE10038024000004742AA
:10935000800E47428A4B5B6F03F00203002BEAD179
:109360007B681B6803F00403002B00F09780002348
:10937000FB75834B1B6C03F08053002B0FD1002334
:10938000BB607F4B1B6C7E4A43F0805313647C4B65
:109390001B6C03F08053BB60BB680123FB75794BEA
:1093A0001B6803F48073002B18D1764B1B68754A39
:1093B00043F480731360FBF7A9FA386108E0FBF708
:1093C000A5FA02463B69D31A022B01D9032318E1FF
:1093D0006C4B1B6803F48073002BF0D07B689B6898
:1093E000012B06D1664B1B6F654A43F001031367DF
:1093F0001CE07B689B68052B0CD1614B1B6F604A9E
:1094000043F0040313675E4B1B6F5D4A43F0010397
:1094100013670BE05A4B1B6F594A23F00103136784
:10942000574B1B6F564A23F0040313677B689B68F6
:10943000002B15D0FBF76AFA38610AE0FBF766FAF1
:1094400002463B69D31A41F28832934201D9032381
:10945000D7E04B4B1B6F03F00203002BEED014E060
:10946000FBF754FA38610AE0FBF750FA02463B6911
:10947000D31A41F28832934201D90323C1E0404B11
:109480001B6F03F00203002BEED1FB7D012B05D1F6
:109490003B4B1B6C3A4A23F0805313647B689B69F7
:1094A000002B00F0AD80364B9B6803F00C03082BBB
:1094B00060D07B689B69022B45D1334B00221A6038
:1094C000FBF724FA386108E0FBF720FA02463B6913
:1094D000D31A022B01D9032393E0294B1B6803F015
:1094E0000073002BF0D17B68DA697B681B6A1A4332
:1094F0007B685B6A9B011A437B689B6A5B08013B44
:109500001B041A437B68DB6A1B061A437B681B6BD0
:109510001B071B4913434B601B4B01221A60FBF7CF
:10952000F5F9386108E0FBF7F1F902463B69D31A17
:10953000022B01D9032364E0114B1B6803F0007375
:10954000002BF0D05CE0104B00221A60FBF7DEF934
:10955000386108E0FBF7DAF902463B69D31A022BBF
:1095600001D903234DE0064B1B6803F00073002B69
:10957000F0D145E07B689B69012B07D1012340E0D6
:109580000038024000700040600047421F4B5B689B
:10959000FB607B689B69012B30D0FB6803F4800281
:1095A0007B68DB699A4229D1FB6803F03F027B6844
:1095B0001B6A9A4222D1FA6847F6C07313407A6850
:1095C000526A9201934219D1FB6803F440327B68DE
:1095D0009B6A5B08013B1B049A420FD1FB6803F0B6
:1095E00070627B68DB6A1B069A4207D1FB6803F056
:1095F000E0427B681B6B1B079A4201D0012300E00D
:10960000002318461837BD4680BD00BF0038024011
:1096100080B582B000AF78607B68002B01D1012358
:1096200041E07B6893F83D30DBB2002B06D17B68CC
:10963000002283F83C207868FAF78AFF7B680222D0
:1096400083F83D207B681A687B680433194610460E
:1096500000F0FEFA7B68012283F846207B68012235
:1096600083F83E207B68012283F83F207B6801223B
:1096700083F840207B68012283F841207B68012227
:1096800083F842207B68012283F843207B68012213
:1096900083F844207B68012283F845207B680122FF
:1096A00083F83D20002318460837BD4680BD0000E2
:1096B00080B485B000AF78607B6893F83D30DBB252
:1096C000012B01D0012346E07B68022283F83D2074
:1096D0007B681B68234A934222D07B681B68B3F1E6
:1096E000804F1DD07B681B681F4A934218D07B684F
:1096F0001B681E4A934213D07B681B681C4A934226
:109700000ED07B681B681B4A934209D07B681B689C
:10971000194A934204D07B681B68184A934211D1BE
:109720007B681B689B6803F00703FB60FB68062BE4
:1097300010D07B681B681A687B681B6842F00102C6
:109740001A6007E07B681B681A687B681B6842F038
:1097500001021A60002318461437BD465DF8047BE9
:10976000704700BF000001400004004000080040B6
:10977000000C00400004014000400140001800407F
:1097800080B485B000AF78607B6893F83D30DBB281
:10979000012B01D001234EE07B68022283F83D209B
:1097A0007B681B68DA687B681B6842F00102DA603C
:1097B0007B681B68234A934222D07B681B68B3F105
:1097C000804F1DD07B681B681F4A934218D07B686E
:1097D0001B681E4A934213D07B681B681C4A934245
:1097E0000ED07B681B681B4A934209D07B681B68BC
:1097F000194A934204D07B681B68184A934211D1DE
:109800007B681B689B6803F00703FB60FB68062B03
:1098100010D07B681B681A687B681B6842F00102E5
:109820001A6007E07B681B681A687B681B6842F057
:1098300001021A60002318461437BD465DF8047B08
:10984000704700BF000001400004004000080040D5
:10985000000C00400004014000400140001800409E
:1098600080B582B000AF78607B681B681B6903F02D
:109870000203022B22D17B681B68DB6803F0020322
:10988000022B1BD17B681B686FF002021A617B6898
:1098900001221A777B681B689B6903F00303002B86
:1098A00003D0786800F0B5F905E0786800F0A7F912
:1098B000786800F0B8F97B6800221A777B681B682B
:1098C0001B6903F00403042B22D17B681B68DB684F
:1098D00003F00403042B1BD17B681B686FF00402A8
:1098E0001A617B6802221A777B681B689B6903F404
:1098F0004073002B03D0786800F08BF905E078689E
:1099000000F07DF9786800F08EF97B6800221A7704
:109910007B681B681B6903F00803082B22D17B6856
:109920001B68DB6803F00803082B1BD17B681B68EE
:109930006FF008021A617B6804221A777B681B6843
:10994000DB6903F00303002B03D0786800F061F9B2
:1099500005E0786800F053F9786800F064F97B68F6
:1099600000221A777B681B681B6903F01003102B19
:1099700022D17B681B68DB6803F01003102B1BD11E
:109980007B681B686FF010021A617B6808221A77E7
:109990007B681B68DB6903F44073002B03D0786895
:1099A00000F037F905E0786800F029F9786800F0F0
:1099B0003AF97B6800221A777B681B681B6903F001
:1099C0000103012B0ED17B681B68DB6803F00103E8
:1099D000012B07D17B681B686FF001021A61786860
:1099E000FAF7AEFB7B681B681B6903F08003802BD2
:1099F0000ED17B681B68DB6803F08003802B07D1E6
:109A00007B681B686FF080021A61786800F0E0FAEA
:109A10007B681B681B6903F04003402B0ED17B68F9
:109A20001B68DB6803F04003402B07D17B681B6891
:109A30006FF040021A61786800F0FFF87B681B68DD
:109A40001B6903F02003202B0ED17B681B68DB68A9
:109A500003F02003202B07D17B681B686FF02002E6
:109A60001A61786800F0AAFA00BF0837BD4680BDC9
:109A700080B584B000AF786039600023FB737B68E9
:109A800093F83C30012B01D10223B4E07B68012222
:109A900083F83C207B68022283F83D207B681B68AA
:109AA0009B68BB60BB6823F07703BB60BB6823F493
:109AB0007F43BB607B681B68BA689A603B681B6821
:109AC000B3F5005F3ED0B3F5005F00F28780B3F5D9
:109AD000805F00F08680B3F5805F7FD8702B1AD04E
:109AE000702B7BD8602B50D0602B77D8502B3CD07C
:109AF000502B73D8402B58D0402B6FD8302B64D0CC
:109B0000302B6BD8202B60D0202B67D8002B5CD05B
:109B1000102B5AD062E07B6818683B6899683B68F4
:109B20005A683B68DB6800F0ADF97B681B689B688E
:109B3000BB60BB6843F07703BB607B681B68BA6897
:109B40009A604FE07B6818683B6899683B685A6880
:109B50003B68DB6800F096F97B681B689A687B6855
:109B60001B6842F480429A603CE07B6818683B685E
:109B700059683B68DB681A4600F00AF97B681B6885
:109B80005021184600F063F92CE07B6818683B68A8
:109B900059683B68DB681A4600F029F97B681B6846
:109BA0006021184600F053F91CE07B6818683B6898
:109BB00059683B68DB681A4600F0EAF87B681B6866
:109BC0004021184600F043F90CE07B681A683B68B6
:109BD0001B681946104600F03AF903E00123FB73B5
:109BE00000E000BF7B68012283F83D207B680022F3
:109BF00083F83C20FB7B18461037BD4680BD80B4FF
:109C000083B000AF786000BF0C37BD465DF8047BC1
:109C1000704780B483B000AF786000BF0C37BD469A
:109C20005DF8047B704780B483B000AF786000BFFC
:109C30000C37BD465DF8047B704780B483B000AF3D
:109C4000786000BF0C37BD465DF8047B70470000AC
:109C500080B485B000AF786039607B681B68FB60BA
:109C60007B68404A934213D07B68B3F1804F0FD09A
:109C70007B683D4A93420BD07B683C4A934207D0B5
:109C80007B683B4A934203D07B683A4A934208D1AF
:109C9000FB6823F07003FB603B685B68FA68134362
:109CA000FB607B682F4A93422BD07B68B3F1804FD7
:109CB00027D07B682C4A934223D07B682B4A93425F
:109CC0001FD07B682A4A93421BD07B68294A934263
:109CD00017D07B68284A934213D07B68274A934267
:109CE0000FD07B68264A93420BD07B68254A93426B
:109CF00007D07B68244A934203D07B68234A93426F
:109D000008D1FB6823F44073FB603B68DB68FA68AA
:109D10001343FB60FB6823F080023B685B691343DD
:109D2000FB607B68FA681A603B689A687B68DA6255
:109D30003B681A687B689A627B680A4A934203D040
:109D40007B680C4A934203D13B681A697B681A63AB
:109D50007B6801225A6100BF1437BD465DF8047B61
:109D6000704700BF000001400004004000080040B0
:109D7000000C00400004014000400140004401404C
:109D80000048014000180040001C00400020004036
:109D900080B487B000AFF860B9607A60FB681B6A76
:109DA0007B61FB681B6A23F00102FB681A62FB6897
:109DB0009B693B613B6923F0F0033B617B681B01BE
:109DC0003A6913433B617B6923F00A037B617A693B
:109DD000BB6813437B61FB683A699A61FB687A69E7
:109DE0001A6200BF1C37BD465DF8047B704780B423
:109DF00087B000AFF860B9607A60FB681B6A23F037
:109E00001002FB681A62FB689B697B61FB681B6A36
:109E10003B617B6923F470437B617B681B037A6938
:109E200013437B613B6923F0A0033B61BB681B01CB
:109E30003A6913433B61FB687A699A61FB683A6946
:109E40001A6200BF1C37BD465DF8047B704780B4C2
:109E500085B000AF786039607B689B68FB60FB6809
:109E600023F07003FB603A68FB68134343F0070379
:109E7000FB607B68FA689A6000BF1437BD465DF8E6
:109E8000047B704780B487B000AFF860B9607A6037
:109E90003B60FB689B687B617B6923F47F437B614C
:109EA0003B681A027B681A43BB6813437A69134301
:109EB0007B61FB687A699A6000BF1C37BD465DF81C
:109EC000047B704780B485B000AF786039607B68F0
:109ED00093F83C30012B01D102235AE07B68012228
:109EE00083F83C207B68022283F83D207B681B6856
:109EF0005B68FB607B681B689B68BB60FB6823F04A
:109F00007003FB603B681B68FA681343FB607B6867
:109F10001B68FA685A607B681B68214A934222D00A
:109F20007B681B68B3F1804F1DD07B681B681D4A9E
:109F3000934218D07B681B681B4A934213D07B68FE
:109F40001B681A4A93420ED07B681B68184A9342DA
:109F500009D07B681B68174A934204D07B681B6852
:109F6000154A93420CD1BB6823F08003BB603B6869
:109F70005B68BA681343BB607B681B68BA689A6009
:109F80007B68012283F83D207B68002283F83C2017
:109F9000002318461437BD465DF8047B704700BFA8
:109FA000000001400004004000080040000C004098
:109FB00000040140004001400018004080B483B01C
:109FC00000AF786000BF0C37BD465DF8047B70477A
:109FD00080B483B000AF786000BF0C37BD465DF839
:109FE000047B704784B080B584B000AF786007F11F
:109FF0001C0080E80E003B6B012B22D17B689B6B21
:10A0000023F480327B689A637B68DB6823F48403E3
:10A0100023F040037A68D3607B68DB6823F4401246
:10A020007B68DA60FB6C012B05D17B68DB6843F44D
:10A0300080127B68DA60786800F09CFA0346FB7354
:10A040001AE07B68DB6843F040027B68DA6078687E
:10A0500000F090FA0346FB733B6C002B06D17B6843
:10A060009B6B43F480327B689A6305E07B689B6B53
:10A0700023F480327B689A63BB6A012B0BD17B6827
:10A080009B6843F006027B689A607B689B6843F09C
:10A0900020027B689A60FB7B18461037BD46BDE8FE
:10A0A000804004B0704780B483B000AF78607B68B4
:10A0B0009B6823F001027B689A60002318460C37E6
:10A0C000BD465DF8047B704780B584B000AF786012
:10A0D0000B46FB700023FB607B68DB6823F0C0420B
:10A0E0007B68DA60FB78012B15D17B68DB6843F075
:10A0F00000527B68DA600120FAF714FCFB68013338
:10A10000FB60786800F028FA0346012B1ED0FB683C
:10A11000312BF0D91AE0FB78002B15D17B68DB6876
:10A1200043F080427B68DA600120FAF7FBFBFB68B2
:10A130000133FB60786800F00FFA0346002B05D06E
:10A14000FB68312BF0D901E0012305E0FB68322BDD
:10A1500001D1012300E0002318461037BD4680BD21
:10A1600084B080B586B000AF786007F1240080E845
:10A170000E000023FB757B68FB6000233B6109E058
:10A180007A683B6940339B00134400225A603B6964
:10A1900001333B613B690E2BF2D9FB6C002B1CD1C8
:10A1A000FB6803F500635B68FA6802F5006243F040
:10A1B000020353607B689B6B23F400127B689A63F5
:10A1C0007B681B6843F040027B681A607B681B68F1
:10A1D00043F080027B681A6005E07B689B6B43F468
:10A1E00000127B689A63FB6803F560631A460023DC
:10A1F0001360FB6803F500631946FB6803F5006311
:10A200001A460B681360BB6B012B0CD1FB6A002B49
:10A2100004D10021786800F065F908E00121786830
:10A2200000F060F903E00321786800F05BF9102189
:10A23000786800F0F3F80346002B01D00123FB758A
:10A24000786800F01FF90346002B01D00123FB754D
:10A25000FB6803F500631A4600231361FB6803F5EE
:10A2600000631A4600235361FB6803F500631A4636
:10A270000023D36100233B6143E03B695A01FB6843
:10A28000134403F510631B6803F00043B3F1004F60
:10A2900018D13B69002B0AD13B695A01FB68134472
:10A2A00003F510631A464FF00063136013E03B6937
:10A2B0005A01FB68134403F510631A464FF09043AC
:10A2C000136008E03B695A01FB68134403F510630F
:10A2D0001A46002313603B695A01FB68134403F5D7
:10A2E00010631A46002313613B695A01FB6813444B
:10A2F00003F510631A464FF67F3393603B690133D1
:10A300003B617B6A3A699A42B7D300233B6143E0E1
:10A310003B695A01FB68134403F530631B6803F083
:10A320000043B3F1004F18D13B69002B0AD13B69C0
:10A330005A01FB68134403F530631A464FF000637B
:10A34000136013E03B695A01FB68134403F5306363
:10A350001A464FF09043136008E03B695A01FB68CE
:10A36000134403F530631A46002313603B695A0116
:10A37000FB68134403F530631A46002313613B69FD
:10A380005A01FB68134403F530631A464FF67F33D6
:10A3900093603B6901333B617B6A3A699A42B7D368
:10A3A000FB6803F500631B69FA6802F5006223F499
:10A3B000807313617B6800229A617B686FF0804232
:10A3C0005A613B6B002B05D17B689B6943F01002FF
:10A3D0007B689A617B689A690F4B13437A68936133
:10A3E000FB6B002B05D07B689B6943F008027B6800
:10A3F0009A61FB6C012B07D17B689B6943F080431A
:10A4000043F004037A689361FB7D18461837BD4614
:10A41000BDE8804004B0704700383C8080B485B00F
:10A4200000AF786039600023FB60FB680133FB609C
:10A43000FB68134A934201D903231BE07B681B6925
:10A44000002BF2DA0023FB603B689B0143F0200203
:10A450007B681A61FB680133FB60FB68084A934222
:10A4600001D9032306E07B681B6903F02003202B3E
:10A47000F0D0002318461437BD465DF8047B7047C2
:10A48000400D030080B485B000AF78600023FB600E
:10A49000FB680133FB60FB68114A934201D9032337
:10A4A00018E07B681B69002BF2DA0023FB607B68F5
:10A4B00010221A61FB680133FB60FB68084A934273
:10A4C00001D9032306E07B681B6903F01003102BFE
:10A4D000F0D0002318461437BD465DF8047B704762
:10A4E000400D030080B485B000AF78600B46FB7070
:10A4F0007B68FB60FB6803F500631A68FB78F9680A
:10A5000001F5006113430B60002318461437BD4664
:10A510005DF8047B704780B485B000AF78607B68DD
:10A52000FB60FB6803F560631B68FA6802F5606214
:10A5300023F003031360FB6803F500635B68FA68AC
:10A5400002F5006243F002035360002318461437FB
:10A55000BD465DF8047B704780B483B000AF78607F
:10A560007B685B6903F0010318460C37BD465DF854
:10A57000047B704780B485B000AF78600023FB6037
:10A58000FB680133FB60FB68134A934201D9032344
:10A590001BE07B681B69002BF2DA0023FB607B6801
:10A5A0001B6943F001027B681A61FB680133FB60A1
:10A5B000FB68094A934201D9032306E07B681B69C3
:10A5C00003F00103012BF0D0002318461437BD46D9
:10A5D0005DF8047B704700BF400D030080B483B07A
:10A5E00000AF0346FB7197F90730002B02D097F9B3
:10A5F000073000E0002318460C37BD465DF8047BA9
:10A60000704790B589B002AFF860B9607A603B607E
:10A6100000233B610023FB7555E0FB681B7803F0CA
:10A620000603022B0FD0FB681B7803F00603042BF4
:10A6300009D0FB681B7803F00603062B03D07B6868
:10A640009B68002B33D07B6800221A607B681A69F4
:10A650007B685B68D0187B68DA687B685B68D11AB6
:10A660007B6803F108043B6807F11002009323465E
:10A6700001F003FC03461A46BB681A70BB6893F9E5
:10A680000030002B03D0BB6893F900302AE03B690F
:10A69000002B06D1BB68FD221A70BB6893F900300D
:10A6A00020E07B685A683B691A447B685A603A68C4
:10A6B0007968002000F09CFC03461A46BB681A70BB
:10A6C000FB6800221A70FB681B78002B03D17B68A3
:10A6D0009B68002B04D0BB6893F90030002B9CD002
:10A6E00097F9173018461C37BD4690BD90B58FB00E
:10A6F00002AFF860B9607A60002210218148FAF751
:10A7000031FD0023BB627B68002B02D0FB68002B6D
:10A7100002D14FF0FF33F0E0BB68002B02D16FF0A5
:10A720000503EAE0BA680021F86807F0EDFB07F1DD
:10A73000100314220021184607F0E6FBFB683B6279
:10A74000BB68FB617A6807F12E031146184601F0D9
:10A75000D6FA034687F8273097F92730002B02D026
:10A7600097F92730C9E000237B6197F82E3087F8EE
:10A770002F3007F1100207F1270107F12F007B6846
:10A78000FFF73FFF034687F8273097F92730002B64
:10A7900002D097F92730B0E000237B6197F82E3084
:10A7A00087F82F304DE097F82F3003F01803082B6F
:10A7B0000ED097F82F3003F01803102B08D097F81D
:10A7C0002F3003F01803182B02D0BB69002B26D0C2
:10A7D00000233B613A6A7B69D018FA697B69D11A18
:10A7E0007B6807F1100202F1080407F128020093C8
:10A7F000234601F058FB034687F8273097F92730A6
:10A80000002B02D097F9273077E0BB6A002B02D1EA
:10A810006FF0020371E07A69BB6A13447B61012225
:10A8200010213848FAF79EFC07F110037A681946A0
:10A83000012000F0DDFB034687F82730002387F86E
:10A840002F3097F82F30002B02D1BB69002B03D09B
:10A8500097F92730002BA6D000237B6197F82E3084
:10A8600087F82F303CE097F82F3003F04003002B9F
:10A8700002D1BB69002B26D000233B613A6A7B6979
:10A88000D018FA697B69D11A7B6807F1100202F1CE
:10A89000080407F128020093234601F065FB0346F4
:10A8A00087F8273097F92730002B02D097F9273007
:10A8B00023E0BB6A002B02D16FF002031DE07A692E
:10A8C000BB6A13447B6107F110037A6819460220C2
:10A8D00000F08EFB034687F82730002387F82F30DF
:10A8E00097F82F30002B02D1BB69002B03D097F9CA
:10A8F0002730002BB7D097F9273018463437BD469C
:10A9000090BD00BF0000024080B586B000AF034696
:10A9100087ED020A79603A60FB730023FB753B68A0
:10A92000002B0AD03A68FB7B796897ED020A18463B
:10A9300001F030FB0346FB7501E0FF23FB7597F93F
:10A94000173018461837BD4680BD80B584B000AFBB
:10A95000786039600023FB733B68002B07D03B68AD
:10A960001946786801F077F90346FB7301E0FF238D
:10A97000FB7397F90F3018461037BD4680BD80B580
:10A9800084B000AF786039600023FB733B68002B14
:10A9900007D03B681946786801F06DF90346FB73F0
:10A9A00001E0FF23FB7397F90F3018461037BD46BF
:10A9B00080BD80B584B000AF786039600023FB7340
:10A9C0003B68002B07D03B681946786801F063F9B3
:10A9D0000346FB7301E0FF23FB7397F90F30184622
:10A9E0001037BD4680BD80B584B000AF7860396057
:10A9F0000023FB733B68002B07D03B68194678683F
:10AA000001F06DF90346FB7301E0FF23FB7397F937
:10AA10000F3018461037BD4680BD80B586B002AFF6
:10AA200078600023BB600023FB737B68002B0FD092
:10AA30007B6803F53A717B6807F1080200931346BF
:10AA4000202240F21F1001F07EF80346FB7301E064
:10AA5000FF23FB7397F90F3018461037BD4680BDB2
:10AA600080B588B002AFF860B9607A603B600023BF
:10AA7000FB753B6A002B02D0FB68002B02D1FF2341
:10AA8000FB7509E03B6A00933B687A68B968F8682F
:10AA900001F08EF90346FB7597F917301846183701
:10AAA000BD4680BD80B584B000AF78600023FB73E5
:10AAB0007B68002B02D1FF23FB7305E07B681846FF
:10AAC00001F0C0F90346FB7397F90F3018461037B1
:10AAD000BD4680BD80B584B000AF03463960FB71D0
:10AAE0000023FB733B68002B02D1FF23FB7307E0BD
:10AAF0003B68F91D0122052000F0B6FF0346FB73F9
:10AB000097F90F3018461037BD4680BD80B584B028
:10AB100000AF03463960FB710023FB733B68002BD9
:10AB200002D1FF23FB7307E03B68F91D01220720D8
:10AB300000F09AFF0346FB7397F90F301846103761
:10AB4000BD4680BD80B584B000AF03463960FB715F
:10AB50000023FB733B68002B02D1FF23FB7307E04C
:10AB60003B68F91D0122062000F07EFF0346FB73BF
:10AB700097F90F3018461037BD4680BD80B584B0B8
:10AB800000AF03463960FB710023FB733B68002B69
:10AB900002D1FF23FB7307E03B68F91D0122162059
:10ABA00000F062FF0346FB7397F90F301846103729
:10ABB000BD4680BD80B584B000AF03463960FB71EF
:10ABC0000023FB733B68002B02D1FF23FB7307E0DC
:10ABD0003A68FB791146184601F00FFA0346FB73F9
:10ABE00097F90F3018461037BD4680BD80B584B048
:10ABF00000AF78600023FB737B68002B02D1FF233A
:10AC0000FB7305E07B68184601F089F80346FB7387
:10AC100097F90F3018461037BD4680BD80B58AB011
:10AC200004AFB9607A603B600346FB730023FB7599
:10AC3000BB6A002B14D04FF442720021B86A07F0AF
:10AC400063F9BB6AF87B02937B6A01933B6A0093CA
:10AC50003B687A68B96800F091FE0346FB7501E035
:10AC6000FF23FB7597F9173018461837BD4680BD8E
:10AC700080B487B000AFB9607A603B600346FB7375
:10AC80000023FB750023BB753B68002B02D0BB681B
:10AC9000002B02D1FF23FB7535E00023BB752AE0B2
:10ACA000BA7D39681346DB0013440B441C331B7810
:10ACB000002B1DD1BA7D39681346DB0013440B44C9
:10ACC0001C33FA7B1A70BA7D39681346DB001344D3
:10ACD0000B441833BA68C3F80520BA7D39681346A7
:10ACE000DB0013440B4418337A68C3F8092005E0ED
:10ACF000BB7D0133BB75BB7D2F2BD1D9BB7D302BE9
:10AD000001D1F623FB7597F9173018461C37BD465D
:10AD10005DF8047B7047000080B58AB000AF7860B2
:10AD20007B68002B03D1FF2387F8273070E0786819
:10AD3000FFF773FE034687F8273097F92730002B7B
:10AD400066D17B68012283F8CC21012387F8263065
:10AD50003CE097F82630DB0887F8253097F8263056
:10AD600003F00703012202FA03F387F8243097F86F
:10AD700025307A68134493F8E82297F8243013407A
:10AD8000DBB2002B1DD07A6807F1080197F8263056
:10AD9000184601F04CF9034687F8273097F9273019
:10ADA000002B0ED13B7F002B03D1F82387F82730EF
:10ADB00014E097F82630397F7A6813440A4683F8FE
:10ADC000CC2197F82630013387F8263097F82630C3
:10ADD000F42B03D897F92730002BBAD0FF2387F83C
:10ADE000263011E097F82630A3F1F50297F82630C7
:10ADF0000A49895C7A6813440A4683F8CC2197F89B
:10AE00002630013B87F8263097F82630F42BE9D816
:10AE100097F9273018462837BD4680BDE86B0308F0
:10AE200080B487B000AF0346B9607A60FB7300233B
:10AE3000FB7500237B757B68002B55D0BB68002B0E
:10AE400052D00023BB7520E0BA7D79681346DB0041
:10AE500013440B441C331B78FA7B9A4212D1BA7DFF
:10AE6000B86879681346DB0013440B441833024674
:10AE7000043318685968106051601B7A13720123FB
:10AE80007B7505E0BB7D0133BB75BB7D2F2BDBD90B
:10AE90007B7D002B02D1FE23FB7528E0FB7BF42B8E
:10AEA00011D9FB7B7A68134493F8CC31002B0AD17B
:10AEB000FB7BA3F1F502FB7B1149895C7A681344A3
:10AEC0000A4683F8CC21FB7B002B10D1FB7B7A68F0
:10AED000134493F8CC31002B09D1FB7B7A681344DF
:10AEE000012283F8CC2102E0FF23FB7500E000BFC4
:10AEF00097F9173018461C37BD465DF8047B70473C
:10AF0000E86B030880B485B000AFF8600B467A6048
:10AF1000FB72FB681A68FB7A1A44FB685B689A420A
:10AF200003D87B6800221A7002E07B6801221A7045
:10AF3000002318461437BD465DF8047B704780B483
:10AF400087B000AF0346B9607A60FB730023FB75DE
:10AF5000FB7B022B07D8FB7B5A33DB007A681A4451
:10AF6000BB681A6001E0F923FB7597F917301846A2
:10AF70001C37BD465DF8047B704780B485B000AFD8
:10AF800078607B685B68002B2BD07B685A687B6895
:10AF90001B689A4202D26FF0010323E07B685A6873
:10AFA0007B681B68D21A7B685A607B685B68002BE1
:10AFB00017D00023FB730FE07B681A697B68196860
:10AFC000FB7B0B441A447B681969FB7B0B441278AA
:10AFD0001A70FB7B0133FB73FA7B7B685B689A42D8
:10AFE000EAD3002318461437BD465DF8047B70474A
:10AFF0002DE9F04F97B000AF0346B9627A6287F847
:10B000002F30002387F85630002387F8573007F198
:10B0100034020023136053601372002387F8333027
:10B02000A4E1BB6A1B683B65BB6A1A693B6D1344AC
:10B030001B7887F8563007F1400197F82F307A6A6D
:10B040001846FFF77CFF034687F8573097F95730CB
:10B050001846FFF7C3FA034687F8573097F856307B
:10B06000002B27D0002BC0F21981FF2B00F3168193
:10B07000F42BC0F21381F43B0B2B00F20F8101A2E1
:10B0800052F823F0ABB10008C1B000082BB10008A2
:10B09000E7B100089DB200089DB200089DB200080B
:10B0A000C1B000082BB10008E7B100089DB200084C
:10B0B000B5B00008BB6A1B685A1CBB6A1A6055E130
:10B0C00007F133031A460221B86AFFF71BFF034654
:10B0D00087F8573097F957301846FFF77FFA03463D
:10B0E00087F8573097F83330002B00D03EE13B6CA7
:10B0F000D3E90001BB6A1A693B6D013313441B7825
:10B10000DBB200229A4693463B6C10EB0A02BA610E
:10B1100041EB0B02FA61D7E90612C3E90012BB6AE0
:10B120001B689A1CBB6A1A6020E107F133031A46B8
:10B130000321B86AFFF7E6FE034687F8573097F910
:10B1400057301846FFF74AFA034687F8573097F802
:10B150003330002B00D009E13B6CD3E90001BB6A1E
:10B160001A693B6D013313441B781CB2BB6A1A6920
:10B170003B6D023313441B781B021BB223431BB2EB
:10B180009BB29BB200221D4616463B6C42193A61A7
:10B1900041EB06027A61D7E90412C3E90012BB6AE7
:10B1A0001B68DA1CBB6A1A60E0E007F133031A4639
:10B1B0001721B86AFFF7A6FE034687F8573097F9BC
:10B1C00057301846FFF70AFA034687F8573097F8C2
:10B1D0003330002B00D0C9E0BB6A1B6803F11702B3
:10B1E000BB6A1A60C2E007F133031A460621B86A47
:10B1F000FFF788FE034687F8573097F9573018460F
:10B20000FFF7ECF9034687F8573097F83330002BF7
:10B2100000D0ABE0BB6A1A693B6D013313441B7865
:10B220001946BB6A1A693B6D023313441B781B0233
:10B230001943BB6A1A693B6D033313441B781B0423
:10B240001943BB6A1A693B6D043313441B781B0610
:10B250000B43002298469146BB6A1A693B6D053341
:10B2600013441B78DBB20022BB60FA604FF000028F
:10B270004FF00003B9680B000022396C48EA020065
:10B28000386049EA03037B60D7E90034C1E9003440
:10B29000BB6A1B689A1DBB6A1A6067E007F134013C
:10B2A00097F856307A6A1846FFF7BAFD034687F8D2
:10B2B000573097F95730002B00D057E097F85620B9
:10B2C0007B6A134493F8CC31002B03D1FE2387F81B
:10B2D00057304BE097F856207B6A134493F8CC1113
:10B2E00007F133031A46B86AFFF70CFE034687F8E6
:10B2F000573097F95730002B00D037E097F83330AC
:10B30000002B00D032E0D7F83530002B22D0BB6ABA
:10B310001A693B6D01331344C7F8473097F82F3053
:10B3200087F845303B6CC7F84B3097F8563087F8B4
:10B33000443097F856207B6A134493F8CC3187F851
:10B340004630D7F83540D7F8392007F14403114685
:10B350001846A047BB6A196897F856207B6A1344C1
:10B3600093F8CC31CA18BB6A1A6000BFBB6A1A686E
:10B37000BB6A5B689A4204D297F83330002B3FF4E3
:10B3800050AE97F95730002B05D1B86AFFF7F5FD9D
:10B39000034687F8573097F9573018465C37BD4653
:10B3A000BDE8F08F80B485B000AFF860B9607A6016
:10B3B0003B60FB691A68BB691B681A443B681A60EA
:10B3C0003B6A1B68002B07D0FB691A683B6A1B6845
:10B3D0001A447B681A6003E03B681A687B681A604D
:10B3E0007B681B6803F00303002B06D07B681B6897
:10B3F0009B0801339A007B681A60FB681B88DAB2ED
:10B40000BB681A70FB681B881B0A9AB2BB680133C1
:10B41000D2B21A70FB681B88022B0FD17B681B68A5
:10B420009A08BB680233D2B21A707B681B689B080B
:10B430001A0ABB680333D2B21A700CE07B681A6830
:10B44000BB680233D2B21A707B681B681A0ABB68E9
:10B450000333D2B21A7000BF1437BD465DF8047BC7
:10B46000704790B5D3B004AF044607F59C70A0F5C3
:10B470009870016007F59C71A1F59A710A6007F553
:10B480009C72A2F59C72136007F59C73A3F59573EB
:10B4900022461A80002387F83731D7F85031002B25
:10B4A00000F0548107F59C73A3F59A731B68002B79
:10B4B00007D007F59C73A3F598731B68002B00F069
:10B4C0004581D7F84831002B07D007F59C73A3F5C9
:10B4D0009C731B68002B00F03981D7F850319B69B1
:10B4E000002B00F02D8107F58C7407F58A7207F1A7
:10B4F000140107F10E0007F5A673029307F5A47374
:10B5000001933B1D00932346FFF74CFF0423C7F82C
:10B510002431D7F81831C7F83031D7F83021D7F8AF
:10B5200024311344C7F82031FC23C7F81C31D7F865
:10B5300050319B69D7F81C219A4240F2F780D7F826
:10B5400050319B69C7F81C31F0E0D7F83021D7F8AB
:10B5500024311344D7F81C219A420BD2D7F81C315E
:10B56000C7F82C31D7F81C21D7F82431D31AC7F8E3
:10B5700028311EE0D7F83021D7F824311344C7F81A
:10B580002C31D7F83031C7F82831D7F82C3103F0F7
:10B590000303002B06D0D7F82C319B0801339B0006
:10B5A000C7F82C31D7F82C31FC2B02D9FC23C7F873
:10B5B0002C31D7F82831002B7ED007F59C73A3F5EA
:10B5C0009A731A68D7F828311344D7F830219A4271
:10B5D00015D307F11402D7F82431D018D7F8182161
:10B5E000D7F83031D31A07F59C72A2F59C72126815
:10B5F0001344D7F82821194606F005FD5CE007F54D
:10B600009C73A3F59A731B68D7F830219A423BD9F3
:10B6100007F11402D7F82431D018D7F81821D7F839
:10B620003031D31A07F59C72A2F59C721268D118BA
:10B6300007F59C73A3F59A731B68D7F83021D31ACA
:10B640001A4606F0E0FCD7F82421D7F830311A4426
:10B6500007F59C73A3F59A731B68D31A07F11402BC
:10B66000D01807F59C73A3F59A731A68D7F8303190
:10B67000D21AD7F828311A4407F59C73A3F59873AA
:10B68000196806F0C0FC17E007F11402D7F824315E
:10B69000D01807F59C73A3F59A731A68D7F8303160
:10B6A000D31A07F59C72A2F5987212681344D7F862
:10B6B0002821194606F0A7FCD7F82421D7F828310D
:10B6C0001344D7F82C219A4212D0D7F82421D7F866
:10B6D0002831134407F11402D018D7F82421D7F8E1
:10B6E00028311344C3F580731A46002106F00CFC80
:10B6F00007F11401D7F85031D7F82C21002000F0C1
:10B70000B3F9034687F8373197F93731002B1BD14E
:10B710000023C7F82431D7F83021D7F82831D31ABD
:10B72000C7F83031D7F83031C7F82031D7F8203199
:10B73000002B0FD097F93731002B3FF406AF09E00B
:10B74000FE2387F8373105E000BF03E0FF2387F8C9
:10B75000373100E000BF97F93731184607F59E777B
:10B76000BD4690BD80B584B000AF78600023FB81FA
:10B7700027E007F10C037968184600F0C0FA034689
:10B780007B7397F90D30002B15D13B7B03F0200321
:10B79000002B02D000237B7317E0796842F210700F
:10B7A00000F09AF903467B7397F90D30002B05D012
:10B7B00097F90D300BE097F90D3008E0FB89013364
:10B7C000FB81FB89B3F57A7FD3D397F90D30184607
:10B7D0001037BD4680BD80B584B000AF78600023CF
:10B7E000FB812FE079684CF2503000F075F9034688
:10B7F0007B7397F90D30002B02DA97F90D302DE0AD
:10B8000007F10C017B680122252000F0F5F80346C2
:10B810007B7397F90D30002B02DA97F90D301DE09C
:10B820003B7B03F01003002B09D03B7B03F020038C
:10B83000002B04D03B7B03F04003002B06D0FB8998
:10B840000133FB81FB89632BCCD900E000BFFB896E
:10B85000642B02D16FF0040300E000231846103778
:10B86000BD4680BD80B58AB000AFB9607A603B60EC
:10B870000346FB73002387F827307B6B002B72D0C5
:10B88000BB68002B6FD03B68002B6CD03B6B002B50
:10B8900069D07B6B9B69BB613B6B1B68002B14D130
:10B8A00007F11401F87B7B6B022200F0A5F8034638
:10B8B00087F827303B7D1AB27B7D1B021BB21343F6
:10B8C0001BB29BB21A463B6B1A603B6B1B68002B8A
:10B8D0004DD097F92730002B49D13B6B1B687A6814
:10B8E0009A4203D23B687A681A6003E03B6B1A689D
:10B8F0003B681A603B681B683B620023FB6116E0F3
:10B90000BA68FB69D118F87B7B6BBA6900F074F8F0
:10B91000034687F8273097F92730002B0CD13A6A75
:10B92000BB69D31A3B62FA69BB691344FB613A6A8B
:10B93000BB699A42E4D800E000BF3B6A002B0AD002
:10B94000BA68FB69D118F87B7B6B3A6A00F054F84F
:10B95000034687F827303B6B1A683B681B68D21A8E
:10B960003B6B1A6003E0FF2387F8273000E000BF3D
:10B9700097F9273018462837BD4680BD80B487B078
:10B9800000AFB9607A603B600346FB730023FB7530
:10B99000BB6A002B26D0BB68002B23D07B68002B12
:10B9A00020D03B68002B1DD0BB6ABA681A60BB6A06
:10B9B0007A685A60BB6A3A689A60BB6A7A6A1A61A6
:10B9C000BB6AFA7B1A733B6A03F00303002B05D0B2
:10B9D0003B6A23F00302BB6A9A6105E0BB6A3A6ADC
:10B9E0009A6101E0FF23FB7597F9173018461C3761
:10B9F000BD465DF8047B704790B587B000AFB96075
:10BA00007A603B600346FB730023FB753B68002BA9
:10BA100022D03B681B68002B1ED0BB68002B1BD0BC
:10BA20003B681B7B012B03D1FB7B63F07F03FB7324
:10BA30003B681C683B681B69F87B7A68B968A0475B
:10BA400003461A463B681A753B6893F91430002B7D
:10BA500004D0FD23FB7501E0FF23FB7597F9173038
:10BA600018461C37BD4690BD90B587B000AFB96091
:10BA70007A603B600346FB730023FB753B68002B39
:10BA800022D03B685B68002B1ED0BB68002B1BD00C
:10BA90003B681B7B012B03D1FB7B03F07F03FB7314
:10BAA0003B685C683B681B69F87B7A68B968A047AB
:10BAB00003461A463B681A753B6893F91430002B0D
:10BAC00004D0FD23FB7501E0FF23FB7597F91730C8
:10BAD00018461C37BD4690BD80B584B000AF786075
:10BAE00039600023FB733B68002B0BD03B689B68DD
:10BAF000002B07D03B689B683A681269114678684A
:10BB0000984701E0FF23FB7397F90F301846103771
:10BB1000BD4680BD80B588B004AFB9607A603B6037
:10BB20000346FB81F8893B680293002301930023BD
:10BB3000009300237A68B968FFF793FC0346184620
:10BB40001037BD4680BD80B588B002AFB9607A605D
:10BB50003B600346FB810023BB820023FB753B6AED
:10BB6000002B6ED0BB68002B6BD03B68002B68D0DD
:10BB70003B6800221A6007F113013B6A012206208C
:10BB8000FFF73AFF0346FB7597F91730002B5BD19F
:10BB9000FB7CBB75FB7C03F07F03DBB2FB74FB7C9F
:10BBA000BA7D9A4208D007F113013B6A01220620B0
:10BBB000FFF75AFF0346FB7597F91730002B43D167
:10BBC000FB8943F4805398B23B6A00220021FFF7BF
:10BBD000A1FF0346FB7597F91730002B34D1386A63
:10BBE000FFF7C0FD0346FB7597F91730002B2BD1EB
:10BBF00007F114003B6A00933B687A68B96800F06B
:10BC000068F90346FB7597F91730002B1CD1FB7CB4
:10BC1000BA7D9A420AD0BB7DFB7407F113013B6ADF
:10BC200001220620FFF720FF0346FB7597F9173026
:10BC3000002B09D1BB8AFA899A4205D0FB23FB75F8
:10BC400002E0FF23FB7500E000BF97F917301846AC
:10BC50001837BD4680BD80B582B000AF78603960CE
:10BC60003B68012279681C20FFF7C6FE0346184690
:10BC70000837BD4680BD80B582B000AF78603960BE
:10BC80003B68012279682B20FFF7B6FE0346184671
:10BC90000837BD4680BD80B584B000AF786039609C
:10BCA0007B68002B13D007F10C013B680222202097
:10BCB000FFF7A2FE0346FB733B7B1AB27B7B1B02A2
:10BCC0001BB213431BB29AB27B681A8001E0FF23B8
:10BCD000FB7397F90F3018461037BD4680BD80B50D
:10BCE00082B000AF786039603B6801227968252016
:10BCF000FFF782FE034618460837BD4680BD80B573
:10BD000082B000AF786039603B68012279682D20ED
:10BD1000FFF772FE034618460837BD4680BD80B562
:10BD200084B000AF78600123FB720023BB720F2345
:10BD3000BB8107F10B017B6801221420FFF794FE01
:10BD40000346FB7397F90F30002B2BD11CE0796869
:10BD500042F21070FFF7C0FE0346FB7397F90F30F5
:10BD6000002B11D107F10A017B6801222520FFF782
:10BD700043FE0346FB7397F90F30002B04D1BB7AC7
:10BD800003F01003002B05D1BB895A1EBA81002B8A
:10BD9000DDD100E000BFBB7A03F01003002B01D11E
:10BDA000FB23FB7397F90F3018461037BD4680BD53
:10BDB00080B58AB004AFF860B9607A603B60002358
:10BDC000FB753B6A002B33D0FB68002B30D07B68BF
:10BDD000002B24D1FB681B781AB2FB6801331B7857
:10BDE0001B021BB213431BB2BB82BB8A46F22B62FF
:10BDF000934201D0FC23FB7597F91730002B1AD121
:10BE00003B6A0293BB6801930023009300233A68C6
:10BE1000F9680220FFF725FB0346FB750BE03B6A40
:10BE20003A68F9680020FFF71FFE0346FB7502E041
:10BE3000FF23FB7500E000BF97F91730184618374D
:10BE4000BD4680BD80B584B000AF78607B680022BD
:10BE500000210320FFF75EFE0346FB7397F90F30C6
:10BE6000002B04D17868FFF7B6FC0346FB7397F903
:10BE70000F3018461037BD4680BD80B586B002AF82
:10BE8000F860B9607A603B60BB6901933B680093DE
:10BE90007B68BA68F9680120FFF7E4FC034618469E
:10BEA0001037BD4680BD80B586B002AFF860B9607E
:10BEB0007A603B60BB6901933B6800937B68BA681A
:10BEC000F9680220FFF7CEFC034618461037BD463E
:10BED00080BD80B586B000AFF860B9607A603B6025
:10BEE00007F110013B6A04220320FFF785FD03469A
:10BEF000FB7597F91730002B30D13B7C1AB207F154
:10BF0000100301331B781B021BB213431BB29AB2FE
:10BF1000FB681A80BB7C1AB207F1100302330133AD
:10BF20001B781B021BB213431BB29BB21A463B6821
:10BF30001A603B681B68002B10D03B681B687A684E
:10BF40009A4202D2FA23FB7508E03B681A683B6A02
:10BF5000B9680320FFF750FD0346FB7597F91730CA
:10BF600018461837BD4680BD80B586B002AFF86070
:10BF7000B9607A603B60BB6901933B6800937B6862
:10BF8000BA68F9680320FFF76DFC034618461037BE
:10BF9000BD4680BD80B588B000AF034687ED020A7C
:10BFA00079603A60FB73BB687B61FB7B3B767B69A6
:10BFB000DBB27B767B691B0ADBB2BB767B691B0C31
:10BFC000DBB2FB767B691B0EDBB23B777B68DBB2B7
:10BFD0007B777B681B0ADBB2BB777B681B0CDBB211
:10BFE000FB7707F118013B6808220D20FFF792FD4F
:10BFF000034618462037BD4680BD80B584B000AFEB
:10C0000003463960FB71FB793B7300237B7300238C
:10C01000BB730023FB7307F10C013B68042209206A
:10C02000FFF778FD034618461037BD4680BD80B542
:10C0300090B002AF0346B9607A60FB73BB68002B17
:10C0400000F0DA80FB7BF52B03D9FE2387F837302D
:10C05000D5E0FB7B9BB203F5407398B207F1300249
:10C0600007F114017B68009313461C22FFF76BFD58
:10C07000034687F8373097F93730002B40F0BF8000
:10C080003B6B1C2B03D0FE2387F83730B7E03A7D9B
:10C09000BB681A707A7DBB685A70BA7DBB689A70AB
:10C0A000FA7DBB68DA703A7EBB681A717A7EBB682B
:10C0B0005A71BA7EBB689A71FA7EBB68DA713A7FB0
:10C0C000BB681A727A7FBB685A72BA7FBB689A7271
:10C0D000FA7FBB68DA7297F82020BB681A7397F86A
:10C0E0002120BB685A7397F82220BB689A7397F88F
:10C0F0002320BB68DA7397F82420BB681A7497F87A
:10C100002520BB685A7497F82620BB689A7497F864
:10C110002720BB68DA7497F82820BB681A7597F84F
:10C120002920BB681A7697F82A20BB685A7697F8B8
:10C130002B20BB689A7697F82C20BB68DA76BB6810
:10C140001B791AB2BB685B791B021BB213431BB28B
:10C150009AB2BB689A80BB689B791AB2BB68DB79DC
:10C160001B021BB213431BB29AB2BB68DA80BB68D6
:10C170001B7A1A46BB685B7A1B021A43BB689B7A20
:10C180001B041A43BB68DB7A1B061A43BB689A6020
:10C19000BB681B7B1A46BB685B7B1B021A43BB68F0
:10C1A0009B7B1B041A43BB68DB7B1B061A43BB68E3
:10C1B000DA60BB681B7C1A46BB685B7C1B021A43B7
:10C1C000BB689B7C1B041A43BB68DB7C1B061A43C1
:10C1D000BB681A61BB681B7E1A46BB685B7E1B028C
:10C1E0001A43BB689B7E1B041A43BB68DB7E1B069D
:10C1F0001A43BB689A6102E0FF2387F8373097F94A
:10C20000373018463837BD4680BD80B483B000AFA4
:10C21000786039607B681B781AB27B6801331B78C1
:10C220001B021BB213431AB23B681A807B680233AD
:10C230001B781AB27B6803331B781B021BB21343B3
:10C240001AB23B685A807B6804331B781AB27B6849
:10C2500005331B781B021BB213431AB23B689A804A
:10C260007B6806331B781AB27B6807331B781B0286
:10C270001BB213431AB23B68DA807B6808331B7821
:10C280001AB27B6809331B781B021BB213431BB223
:10C290009AB23B681A8100BF0C37BD465DF8047B3B
:10C2A000704780B483B000AF786039607B681B78DA
:10C2B0001AB27B6801331B781B021BB213431AB2FC
:10C2C0003B681A807B6802331B781AB27B680333A1
:10C2D0001B781B021BB213431AB23B685A807B685F
:10C2E00004331B781AB27B6805331B781B021BB220
:10C2F00013431AB23B689A8000BF0C37BD465DF805
:10C30000047B704780B584B000AF78600023FB7376
:10C310007B681033184601F021FA0346BB81BB89C4
:10C32000B3F5007F01D200232EE07B68DA78FB7B37
:10C330001146184602F0C4FD034683F00103DBB248
:10C34000002B01D000231FE07B681033184601F05A
:10C3500005FA0346BB81BB89B3F5007F0CD37B682C
:10C36000D9787B6803F591520832F87B4FF400735B
:10C3700002F0FAFD034607E07B68DA78FB7B1146A2
:10C38000184602F0C7FD002318461037BD4680BD91
:10C3900080B586B000AF0346B9607A60FB73FB7B63
:10C3A00041F2286202FB03F30E4A13447B617B696E
:10C3B0001C337A6892B2B968184601F092FA0346C3
:10C3C0007B827B691C33184601F053F903463F2BEF
:10C3D00003D9FB7B184600F007F87B8A184618370C
:10C3E000BD4680BD3851002080B586B000AF034601
:10C3F000FB71FB7941F2286202FB03F33B4A1344D1
:10C400007B6101F0EDFA0346002B09D001F0FAFA46
:10C41000034683F00103DBB2002B01D0012300E0CF
:10C42000002303F00103DBB283F00103DBB2002B36
:10C4300001D0002355E07B691C33184601F019F93F
:10C440000346002B01D100234BE00023FB747B69E2
:10C450009A78FB7C1146184602F032FD034683F0C1
:10C460000103DBB2002B01D000233AE07B6903F12A
:10C470001C007B6903F5A15308334FF40072194681
:10C4800001F0C8F903463B823B8A002B21D07B692F
:10C4900099787B6903F5A15208323B8AF87C02F057
:10C4A00063FD034683F00103DBB2002B0FD0C922EA
:10C4B0000F49104805F03EFC0F4BFB60FB681B6802
:10C4C00003F00103002B00D000BE002309E03B8AEB
:10C4D00007E07B699A78FB7C1146184602F01AFD4A
:10C4E000002318461837BD4680BD00BF38510020D4
:10C4F000F46B0308D83E0108F0ED00E080B582B08F
:10C5000000AF0346FB71FB7941F2286202FB03F3A3
:10C510001833054A13440433184601F01FF9034643
:10C5200018460837BD4680BD3851002080B584B01C
:10C5300002AF41F228620021254805F0E5FC002306
:10C54000FB713DE0FB7941F2286202FB03F3204AD4
:10C5500013443B603B68FF225A713A68002343F062
:10C560007F4343F47F0343F44243D380002343F0EB
:10C57000010313813B6800229A723B680022DA7241
:10C580003B6808221A733B6803F110003B6803F113
:10C5900028010023009301234FF4007200F0D7FB21
:10C5A0003B6803F11C003B6803F50A71012300930B
:10C5B00001234FF4805200F0CAFBFB790133FB7179
:10C5C000FB79002BBED000BF00BF0837BD4680BD41
:10C5D0003851002080B584B000AF0346FB710023C2
:10C5E000FB731FE0FB7B41F2286202FB03F3114A5D
:10C5F0001344BB6005220021B86805F085FCBB68C8
:10C600001033184601F091F9BB681C33184601F04D
:10C610008CF9BB681C330121184601F097F9FB7BAC
:10C620000133FB73FB7B002BDCD000BF00BF103756
:10C63000BD4680BD3851002080B59AB002AF034698
:10C640003960FB711346BB803B685B79022B03D1D9
:10C650003B689B79022B01D00023F3E00023FB65AC
:10C66000002387F85B301AE097F85B30774A41F295
:10C67000286101FB03F3134402331B78002B09D11B
:10C6800097F85B3041F2286202FB03F36F4A1344D0
:10C69000FB6508E097F85B30013387F85B3097F86B
:10C6A0005B30002BE0D0FB6D002B10D140F21D124F
:10C6B0006749684805F03EFB674B7B647B6C1B68F1
:10C6C00003F00103002B00D000BE0023BAE03B685A
:10C6D0009A78FB6D1A700923A7F858303B683B64C1
:10C6E0003B6CFB63FB6B1B781A46FB6B13447B654F
:10C6F00013E07B6D3B633B6B1B789AB2B7F8583005
:10C700001344A7F858307B6DBB63BB6B7B637B6BBB
:10C710001B781A467B6B13447B657B6DFB62FB6A5F
:10C7200001331B78242B04D1B7F85820BB889A42D8
:10C73000DFD97B6DBB62BB6A01331B78052B35D11A
:10C740007B6D3B65FB79396D184602F065FB03464E
:10C7500083F00103DBB2002B10D040F231123C49D0
:10C760003C4805F0E7FA3C4BFB64FB6C1B6803F0AC
:10C770000103002B00D000BE002363E03B6D9A78DC
:10C78000FB6D5A707B6DFB61FB691B789AB2B7F841
:10C7900058301344A7F858307B6D7B627B6A3B624C
:10C7A0003B6A1B781A463B6A13447B657B6DBB6111
:10C7B000BB6901331B78042B3FD17B6D5B790A2B5E
:10C7C0003BD17B6DFB60FB681B789AB2B7F85830A1
:10C7D0001344A7F858307B6D7B617B693B613B69F3
:10C7E0001B781A463B6913447B65FB6D0333FA6D76
:10C7F0000232F8790192009302230222796D02F04D
:10C8000093FA034683F00103DBB2002B10D040F211
:10C8100041120F490F4805F08DFA0F4BBB64BB6CFA
:10C820001B6803F00103002B00D000BE002309E0C9
:10C83000B7F858300E33A7F85830F86DFFF762FD9F
:10C84000B7F8583018466037BD4680BD38510020D3
:10C850000C6C0308D83E0108F0ED00E080B58AB00A
:10C8600000AF03463A60FB710B46BB713B681B7817
:10C8700003F06003DBB2202B01D00023CEE00023C5
:10C8800087F82730674B3B6297F82730002B01D0A1
:10C890000023C3E03B6A1B789AB23B689B889BB23B
:10C8A0009A420AD097F82730013387F827303B6A3D
:10C8B00003F5B15308333B62E6E700BF3B685B78A2
:10C8C000203B032B00F2A08001A252F823F000BF0E
:10C8D000E1C8000819C900082FC90008D7C9000815
:10C8E000BB79012B07D13B6A9A1DF8790723396878
:10C8F00002F00EFD8AE0BB79032B40F087804A4BA3
:10C90000002B00F083803B6A9A1D97F82730114670
:10C910001846AFF3008079E0BB79012B78D13B6AF0
:10C920009A1DF8790723396802F0F2FC70E0BB79B0
:10C93000012B05D1FB793968184602F077FC69E0D4
:10C94000BB79032B66D13B685B889BB23B610023BC
:10C95000FB73FB7B3A6922FA03F303F00103002B1C
:10C9600014BF01230023DBB2FB773B685B889BB2DB
:10C97000BB610123FB75FB7DBA6922FA03F303F067
:10C980000103002B14BF01230023DBB2BB773B68FC
:10C990005B889BB2DAB23B6A1A713B6A03F11C02F4
:10C9A000FB7F002B14BF01230023DBB283F00103C4
:10C9B000DBB203F00103DBB21946104600F0C6FFFC
:10C9C0001A4B002B26D0BA7FF97F97F827301846EC
:10C9D000AFF300801EE0BB79012B05D1FB793968EC
:10C9E000184602F023FC17E0BB79032B14D1104B3F
:10C9F000002B11D03B685B889AB297F8273011461C
:10CA00001846AFF3008007E0002307E000BF04E012
:10CA100000BF02E000BF00E000BF01231846283736
:10CA2000BD4680BD3851002000000000000000001D
:10CA30000000000080B586B000AF3B600346FB718C
:10CA40000B46BB7113467B710023FB7514E0FB7D25
:10CA500041F2286202FB03F3594A13443B613B69EC
:10CA6000DB78BA799A420AD03B699B78BA799A42C4
:10CA700005D0FB7D0133FB75FB7D002BE7D0FB7DF3
:10CA8000002B10D04FF4D7724E494F4805F052F9A1
:10CA90004E4BBB60BB681B6803F00103002B00D04A
:10CAA00000BE002388E03B69DB78BA799A424ED118
:10CAB0003B6903F110003B6903F5915308333A6871
:10CAC00092B2194600F00DFF414B002B2AD03B6972
:10CAD0005B79FF2B26D00023FB601FE03B695A796E
:10CAE0003969FB680B4403F5915308331B789A426C
:10CAF00011D13B691033184600F0EDFD034683F079
:10CB00000103DBB2002B06D03B695A79FB7D11464D
:10CB10001846AFF30080FB680133FB60FA683B689E
:10CB20009A42DBD32B4B002B0ED03B6910331846B7
:10CB300000F0D1FD034683F00103DBB2002B03D0EC
:10CB4000FB7D1846AFF300803869FFF7DBFB3B69DC
:10CB50009B78BA799A422ED11F4B002B03D0FB7DD4
:10CB60001846AFF30080FB7D1846FFF73DFC0346F7
:10CB7000002B20D13B691C33184600F07AFD034698
:10CB8000002B18D13B68002B15D03B6803F03F0306
:10CB9000002B10D13B699A78FB791146184602F0B8
:10CBA0008FF90346002B06D03B699978F87900236A
:10CBB000002202F0D9F9012318461837BD4680BD7E
:10CBC00038510020186C0308D83E0108F0ED00E051
:10CBD00000000000000000000000000080B400AF72
:10CBE00000BFBD465DF8047B704780B483B000AFE2
:10CBF0000346FB7100BF0C37BD465DF8047B7047F0
:10CC000080B48BB000AF03463960FB711346BB8024
:10CC10003B689B79012B03D13B68DB79012B01D069
:10CC2000002325E03B68BB61BB697B617B691B78A6
:10CC30001A467B6913443B620923FB843B6AFB6110
:10CC4000FB6901331B78212B11D13B6ABB60BB68A8
:10CC50001B789AB2FB8C1344FB843B6A3B613B69B3
:10CC6000FB60FB681B781A46FB6813443B62FB8C35
:10CC700018462C37BD465DF8047B704780B588B0F8
:10CC800000AF03463A60FB710B46BB71BB79012BC9
:10CC900001D0012357E03B681B7803F01F03DBB290
:10CCA000012B01D000234EE03B681B7803F06003AA
:10CCB000DBB2002B0AD13B685B780B2B06D1FB79EA
:10CCC0003968184602F0B2FA01233CE03B681B7851
:10CCD00003F06003DBB2202B01D0002333E03B687C
:10CCE0005B78002B02D0032B08D029E0FB79396850
:10CCF000184602F09BFAF7F76BFD23E007F10803F3
:10CD0000FB610623BB6100237B6106233B61BA699B
:10CD10003B699A4202D24FF0FF3305E03A697969E4
:10CD2000F86905F0F1F80023002B01D000230AE098
:10CD300007F10802F8790623396802F0E9FA01E000
:10CD4000002300E0012318462037BD4680BD80B493
:10CD500085B000AFF860B96011461A460B46FB80FB
:10CD60001346BB80FB88B3F5004F01D900231BE0BD
:10CD7000FB68BA681A60FB68FA889A80BB88C3F3BC
:10CD80000E0399B2FA68D38861F30E03D380FA6870
:10CD9000D379397E61F3C713D371FB6800225A81BE
:10CDA000FB6800221A81012318461437BD465DF83E
:10CDB000047B704780B58AB000AFF860B960134655
:10CDC000FB80BB683B62FB889B08FB840BE03B6AF3
:10CDD0001B68FA68BA617B61BB697A691A6000BF37
:10CDE000FB680433FB60FB8C5A1EFA84002BEED1E7
:10CDF000FB88DBB203F00303FB77FB7F002B09D03A
:10CE00003B6A1B683B61FA7F07F110031946F8681B
:10CE100005F0F9F800BF2837BD4680BD80B58AB05F
:10CE200000AFF860B9601346FB80FB683B62FB888B
:10CE30009B08FB8408E0BB68BB61BB691A683B6A5E
:10CE40001A60BB680433BB60FB8C5A1EFA84002B4B
:10CE5000F1D1FB88DBB203F00303FB77FB7F002BF0
:10CE60000BD000237B61FA7F07F11403B9681846E1
:10CE700005F0C9F87A693B6A1A6000BF2837BD46D9
:10CE800080BD80B584B000AFF860B9601346FB8008
:10CE9000FB681B68FA88F968C988C1F30E0189B27A
:10CEA00001FB02F29818FB68DB88C3F30E039BB208
:10CEB0001A46B96805F0A7F800BF1037BD4680BD17
:10CEC00080B58EB000AFF860B96011461A460B46C7
:10CED000FB801346BB80FB689A88BB88D31AFB840F
:10CEE000FA88FB8CD31ABB84FB68DB88C3F30E0380
:10CEF0009BB21A46FB8C13FB02F37B84FB68DB8836
:10CF0000C3F30E039BB21A46BB8C13FB02F3FB86E2
:10CF1000FB681B68BA88F968C988C1F30E0189B239
:10CF200001FB02F213443B6397F84030002B02D020
:10CF3000012B22D09EE0FA88FB8C9A420DD8FB8808
:10CF4000FA68D288C2F30E0292B202FB03F31A46C9
:10CF5000B968386B05F057F88CE07B8C1A46B968D5
:10CF6000386B05F050F8FB6818687B8CBA6813447E
:10CF7000FA8E194605F047F87CE0FA88FB8C9A4255
:10CF80000FD8FB68DB88C3F30E039BB21A46FB88FD
:10CF900013FB02F39BB21A46B968386BFFF70AFF1E
:10CFA00067E07B8C23F003033B843B8C1A46B96813
:10CFB000386BFFF7FFFE3B8C3A6B13443B637B8C73
:10CFC000DBB203F0030387F82F3097F82F30002BE4
:10CFD00043D0BB68FB6197F82F309BB2C3F10403C9
:10CFE0009AB2FB8E7B8313463B837A8B3B8B9342B7
:10CFF00028BF13469BB287F82E3097F82E309BB28D
:10D00000FA8ED31AFB86FB691B687B6107F1140358
:10D01000BB6207E0BA6A531CBB623B6B591C3963A5
:10D0200012781A7097F82F305A1E87F82F20002B8D
:10D03000F0D1FB681B683B6307E0BA6A531CBB6214
:10D040003B6B591C396312781A7097F82E305A1EB0
:10D0500087F82E20002BF0D102E0FB681B683B63B1
:10D06000FB8E002B05D0FB8E1A46B968386BFFF794
:10D07000A1FE00BF00BF3837BD4680BD80B584B07B
:10D0800000AFF860B9601346FB80FB681B68FA8844
:10D09000F968C988C1F30E0189B201FB02F299183F
:10D0A000FB68DB88C3F30E039BB21A46B86804F032
:10D0B000AAFF00BF1037BD4680BD80B58EB000AF5F
:10D0C000F860B96011461A460B46FB801346BB80D8
:10D0D000FB689A88BB88D31AFB84FA88FB8CD31A26
:10D0E000BB84FB68DB88C3F30E039BB21A46FB8C40
:10D0F00013FB02F37B84FB68DB88C3F30E039BB254
:10D100001A46BB8C13FB02F3FB86FB681B68BA88CC
:10D11000F968C988C1F30E0189B201FB02F2134418
:10D120003B6397F84030002B02D0012B22D0A0E0C7
:10D13000FA88FB8C9A420DD8FB88FA68D288C2F331
:10D140000E0292B202FB03F31A46396BB86804F080
:10D150005AFF8EE07B8C1A46396BB86804F053FF97
:10D160007B8CBA68D018FB681B68FA8E194604F0ED
:10D170004AFF7EE0FA88FB8C9A420FD8FB68DB8876
:10D18000C3F30E039BB21A46FB8813FB02F39BB258
:10D190001A46396BB868FFF741FE69E07B8C23F0D3
:10D1A00003033B843B8C1A46396BB868FFF736FEA5
:10D1B0003B8C3A6B13443B637B8CDBB203F0030381
:10D1C00087F82F3097F82F30002B45D0BB68FB61D4
:10D1D00097F82F309BB2C3F104039AB2FB8E7B8386
:10D1E00013463B837A8B3B8B934228BF13469BB2FB
:10D1F00087F82E3097F82E309BB2FA8ED31AFB8622
:10D2000000237B6107F11403BB6207E03A6B531CF8
:10D210003B63BB6A591CB96212781A7097F82F30B9
:10D220005A1E87F82F20002BF0D1FB681B683B6348
:10D2300007E03A6B531C3B63BB6A591CB962127816
:10D240001A7097F82E305A1E87F82E20002BF0D136
:10D250007A69FB691A6002E0FB681B683B63FB8E1E
:10D26000002B05D0FB8E1A46396BB868FFF7D6FD48
:10D2700000BF00BF3837BD4680BD80B485B000AF69
:10D280000346FB800B46BB8013467B80BA887B88B5
:10D290001344FB81BA88FB899A4204D8FA89FB8837
:10D2A0005B009A4208DBFB885B009BB25B42BB8160
:10D2B000FA89BB891344FB81FB8918461437BD46A4
:10D2C0005DF8047B704780B58AB000AFF860B96044
:10D2D00011461A460B46FB801346BB80FB689B88B1
:10D2E0007B84FB883B84BB88FB833A8CFB8B9A4214
:10D2F00004D33A8CFB8BD31A9BB208E07B8C5B0087
:10D300009AB2398CFB8BCB1A9BB213449BB2FB8431
:10D31000FB8C002B01D1002337E0FB689B88FA8C43
:10D320009A421BD9FB68BB61FB88FB82BB699B8867
:10D33000FA8A9A4205D3BB699B88FA8AD31ABB82C0
:10D3400004E0BB699A88FB8A1344BB82BB69BA8A32
:10D350005A81BB8ABB80FB689B88FB84FB689B88E7
:10D360007B82BB883B8203E03A8A7B8AD31A3B826A
:10D370007A8A3B8A9A42F7D93B8ABB84BB8C1A468D
:10D38000B968F868FFF77AFE012318462837BD46CA
:10D3900080BD80B58CB002AFF860B96011461A4606
:10D3A0000B46FB801346BB80FB689B887B84BB8855
:10D3B0003B843B8EFB833A8CFB8B9A4204D33A8CA2
:10D3C000FB8BD31A9BB208E07B8C5B009AB2398C42
:10D3D000FB8BCB1A9BB213449BB2FB84FB8C002BC0
:10D3E00001D1002341E0FB689B88FA8C9A421BD94B
:10D3F000FB68BB61BB88FB82BB699B88FA8A9A4247
:10D4000005D3BB699B88FA8AD31ABB8204E0BB6947
:10D410009A88FB8A1344BB82BB69BA8A5A81BB8A49
:10D420003B86FB689B88FB84FA8CFB889A4201D27E
:10D43000FB8CFB80FB689B887B823B8E3B8203E0FE
:10D440003A8A7B8AD31A3B827A8A3B8A9A42F7D9F4
:10D450003B8ABB84B98CFA8897F8343000930B462A
:10D46000B968F868FFF729FEFB8818462837BD46DB
:10D4700080BD80B592B002AFF860B96011461A461F
:10D480000B46FB8013467B71FB88002B01D10023E8
:10D49000BCE0FB681B89FB87FB685B89FB86BB687C
:10D4A000BB63FB68DB79C3F3C013DBB283F001031A
:10D4B000DBB2002B36D0FB689B887B85FB8F3B85DE
:10D4C000FB8EFB847B8DBB843B8D7B84FB8C3B8400
:10D4D0007A8C3B8C9A4204D37A8C3B8CD31A9BB2C5
:10D4E00008E0BB8C5B009AB2798C3B8CCB1A9BB268
:10D4F00013449BB2FB837A8DFB8B9A4204D97A8DBD
:10D50000FB8BD31A9BB200E000237B86FB88FB8554
:10D510007B8EBB85FA8DBB8D934228BF13469BB291
:10D52000FB804BE0FB689B88FA889A4217D37B7993
:10D53000002B0ED1FB88FA6892889B1AFA68D28871
:10D54000C2F30E0292B202FB03F31A46BB6B134402
:10D55000BB63FB689B88FB80FB8EFB872EE0FB6830
:10D560009B88BB83FB8F7B83FB8E3B837A8B3B8BC0
:10D570009A4204D37A8B3B8BD31A9BB208E0BB8BC5
:10D580005B009AB2798B3B8BCB1A9BB213449BB254
:10D59000BB86BA8EFB881A44FB689B885B009A4264
:10D5A0000CDBFB689888FB689A88FB88D31A9AB2D0
:10D5B000FB8E1946FFF761FE0346FB87FB88002BB5
:10D5C00023D0FB689B88FB82FB8FBB8203E0BA8A77
:10D5D000FB8AD31ABB82FA8ABB8A9A42F7D9BB8AE2
:10D5E0003B86398EFA887B7900930B46B96BF868D5
:10D5F000FFF766FCFB689B88FA88F98F1846FFF7EF
:10D600003CFE03461A46FB681A81FB8818464037E1
:10D61000BD4680BD80B586B002AFF860B9601146E6
:10D620001A460B46FB8013467B71FB681B8998B238
:10D63000FB685B899BB2F9887A7901920093034673
:10D640000A46B968F868FFF7A4FE0346FB80FB684A
:10D650009888FB685B899BB2FA881946FFF70DFE34
:10D6600003461A46FB685A81FB8818461037BD46A8
:10D6700080BD80B487B000AF78607B6899887B6894
:10D680001B899AB27B685B899BB279823A82FB8163
:10D690003A8AFB899A4204D33A8AFB89D31A9BB20D
:10D6A00008E07B8A5B009AB2398AFB89CB1A9BB26D
:10D6B00013449BB27A689288FB821346BB82FA8A33
:10D6C000BB8A934228BF13469BB218461C37BD46FF
:10D6D0005DF8047B704780B483B000AF78607B68EE
:10D6E0001B899AB27B685B899BB29A420CBF01236B
:10D6F0000023DBB218460C37BD465DF8047B70474B
:10D7000080B485B000AF78607B6899887B681B899E
:10D710009AB27B685B899BB2F981BA817B81BA89B5
:10D720007B899A4204D3BA897B89D31A9BB208E0D9
:10D73000FB895B009AB2B9897B89CB1A9BB21344EF
:10D740009BB27A68928893422CBF01230023DBB2FC
:10D7500018461437BD465DF8047B704780B487B027
:10D7600000AF78607B6899887B681B899AB27B6878
:10D770005B899BB2F982BA827B82FB8A3B82BB8A3D
:10D78000FB817B8ABB81FA89BB899A4204D3FA89DF
:10D79000BB89D31A9BB208E03B8A5B009AB2F98935
:10D7A000BB89CB1A9BB213449BB27B81FA8A7B89DB
:10D7B0009A4204D9FA8A7B89D31A9BB200E00023EB
:10D7C00018461C37BD465DF8047B704780B584B0B1
:10D7D00000AF786039607B681B899AB27B685B898F
:10D7E0009BB239687868FFF76EFD0346FB737B6870
:10D7F00098887B685B899BB2FA7B92B21946FFF7E7
:10D800003CFD03461A467B685A81FB7B184610375D
:10D81000BD4680BD80B584B000AFF860B9601346E6
:10D82000FB80FA880023B968F868FFF7F3FE034627
:10D8300018461037BD4680BD80B584B000AFF86093
:10D84000B9601346FB80FA880123B968F868FFF7CE
:10D85000E1FE034618461037BD4680BD80B586B050
:10D8600000AF786039607B681B89BB827868FFF7FE
:10D8700047FF0346002B0CD07B68DB79C3F3C01352
:10D88000DBB283F00103DBB2002B02D00023FB7577
:10D8900022E07B689B883B82BB8AFB8103E0FA899C
:10D8A0003B8AD31AFB813A8AFB899A42F7D9FB89D2
:10D8B0007B827B8A1A4639687868FFF7E2FA7B68D0
:10D8C0009B88B98A01221846FFF7D7FC03461A46FF
:10D8D0007B681A810123FB75FB7D18461837BD460E
:10D8E00080BD80B584B000AFF860B9601346FB809E
:10D8F000FA880023B968F868FFF7BBFD03461846AD
:10D900001037BD4680BD80B584B000AFF860B96007
:10D910001346FB80FA880123B968F868FFF7A9FD70
:10D92000034618461037BD4680BD80B483B000AFB3
:10D9300078607B6800225A817B6800221A8101236B
:10D9400018460C37BD465DF8047B704780B483B041
:10D9500000AF78600B46FB707A68D379F97861F391
:10D96000C713D371012318460C37BD465DF8047BFD
:10D970007047000080B483B000AF0346FB71144BC6
:10D98000002B12D0134B1B78FA799A4208D2124B13
:10D990001968FA7913465B001344DB000B4410E06E
:10D9A0000C4B1B78FA79D31AFB71FB79012B07D842
:10D9B000FA7913465B001344DB00084A134400E085
:10D9C000002318460C37BD465DF8047B704700BF46
:10D9D00000000000906700208C670020286C03087E
:10D9E00080B400AF064B5B78DBB2002B14BF012381
:10D9F0000023DBB21846BD465DF8047B704700BFCC
:10DA00006067002080B400AF074B1B78C3F380032E
:10DA1000DBB2002B14BF01230023DBB21846BD4646
:10DA20005DF8047B704700BF6067002080B500AFE1
:10DA3000064B002B01D1002305E0054B1B7818464F
:10DA400002F0C0FA0123184680BD00BFC5FF0008E0
:10DA5000A502002080B500AF064B002B01D10023AA
:10DA600005E0054B1B78184602F090FA0123184692
:10DA700080BD00BF8DFF0008A502002080B400AF6C
:10DA8000054B1B78FF2B14BF01230023DBB2184684
:10DA9000BD465DF8047B7047A502002080B588B0C4
:10DAA00000AF0346FB71FFF7E9FF0346002B01D0EF
:10DAB000012360E02B220021314804F025FA314B8C
:10DAC000FB60FB6804331846FFF72FFFFB682E4A04
:10DAD00013602D4B1B68002B10D14FF4CA722B49D9
:10DAE0002B4804F027F92B4B3B613B691B6803F083
:10DAF0000103002B00D000BE00233CE0264B002B8E
:10DB000005D02648AFF300800346254A1360002362
:10DB1000FB771EE0FB7F1846FFF72CFFB861BB695F
:10DB2000002B10D14FF4D0721849194804F002F9B3
:10DB3000184B7B617B691B6803F00103002B00D04D
:10DB400000BE002317E0BB691B689847FB7F0133C9
:10DB5000FB77124B1B785A1CFB7F9A42DADA114A88
:10DB6000FB791370FB79184602F03AF9FB791846F5
:10DB700002F0A8F9012318462037BD4680BD00BF3A
:10DB800060670020A802002054680020586C030839
:10DB9000F03E0108F0ED00E000000000906700207A
:10DBA0008C670020A502002080B586B000AF034638
:10DBB000FB710023FB751FE0FB7D1846FFF7DAFEC3
:10DBC00038613B69002B0FD140F2B3121749184856
:10DBD00004F0B0F8174BFB60FB681B6803F001030F
:10DBE000002B1FD000BE1DE03B695B68FA79104630
:10DBF0009847FB7D0133FB750F4B1B785A1CFB7D4F
:10DC00009A42D9DA2B2200210C4804F07DF9102227
:10DC1000FF210B4804F078F90C22FF21094804F099
:10DC200073F900E000BF1837BD4680BD646C03087F
:10DC3000F03E0108F0ED00E09067002060670020F2
:10DC4000636700207367002080B582B000AF034691
:10DC5000FB71FB791846FFF7A7FF01F0DBFB00BF64
:10DC60000837BD4680BD000090B591B000AF786028
:10DC70000B46FB70FFF702FF034683F00103DBB2A4
:10DC8000002B40F030819C4B1B68FB6207F10803BE
:10DC9000BB627B687B62FB6A3B623B6A1B6800205D
:10DCA000984700BFFB6A0433B96A1846FFF78EFD38
:10DCB0000346FB77FB6ABB61BB691B680120984781
:10DCC00000BFFB7F83F00103DBB2002B40F00D812E
:10DCD0007B7A013B072B00F2F08001A252F823F07F
:10DCE00001DD000811DD0008BBDE000861DE000870
:10DCF00091DE000827DD000895DD0008ABDE000896
:10DD00003B7A1846FFF7A0FF3A7B7C4B9A70E9E01C
:10DD10003B7A1846FFF798FF794B002B00F0D7802D
:10DD2000AFF30080D3E0754A137843F0010313701A
:10DD3000724AD37F6FF30003D377704AD37F6FF3B8
:10DD40008203D3776D4A92F820306FF3000382F894
:10DD500020306A4A92F820306FF3820382F8203034
:10DD60003A7A07F1080304331946104600F0ECF83C
:10DD7000034683F00103DBB2002B00F0AA803B7A5C
:10DD80000021184602F02EFC3B7A8021184602F052
:10DD900029FC9EE03B7B87F83F3097F83F30BB750E
:10DDA000BB7D03F07F03DBB287F83E3097F83F304E
:10DDB000FB75FB7DDB09DBB287F83D3097F83E2031
:10DDC00097F83D304D4952000A44134403F11802BC
:10DDD000D3796FF30003D37197F83E2097F83D3065
:10DDE000464952000A44134403F11802D3796FF3F1
:10DDF0008203D37197F83E30002B07D1387A7A7BB3
:10DE00003B6997F83F1001F03BFB6BE097F83E2031
:10DE100097F83D30394952000A44134413331B78B4
:10DE20001846FFF7A7FDB863BB6B002B0FD140F27C
:10DE300029223449344803F07DFF344B7B637B6BEC
:10DE40001B6803F00103002B51D000BE4FE0BB6BF9
:10DE50001C69387A7A7B3B6997F83F10A04741E00C
:10DE6000264B1B78C3F30003DBB2002B33D0284BC7
:10DE7000002B30D0214B1B78C3F3C003DBB2002B47
:10DE800014BF01230023DBB21846AFF3008022E069
:10DE90001A4B1B78C3F30003DBB2002B1DD01D4BC4
:10DEA000002B1AD0AFF3008017E0FB68002B16D0D0
:10DEB000FB683A691046984711E0144B3B633B6B93
:10DEC0001B6803F00103002B0BD000BE09E000BF6C
:10DED000D9E600BFD7E600BFD5E600BFD3E600BF56
:10DEE000D1E600BFCFE600BF02E000BF00E000BF08
:10DEF0004437BD4690BD00BF5468002060670020D5
:10DF000000000000786C0308F03E0108F0ED00E02E
:10DF1000000000000000000080B584B000AF0346A0
:10DF2000B9607A60FB73BB68DB68184601F07EFA63
:10DF3000BB68DB68F87B7A6801219847034618467E
:10DF40001037BD4680BD000080B594B000AF0346D9
:10DF50003960FB71002001F069FA3B681B7803F01F
:10DF60006003DBB2602B10D140F26E22A349A448BB
:10DF700003F0E0FEA34BBB61BB691B6803F0010328
:10DF8000002B00D000BE002359E23B681B7803F051
:10DF90006003DBB2402B0FD19B4B002B01D1002340
:10DFA0004DE2994801F042FAFB793A68012118469E
:10DFB000AFF30080034642E23B681B78C3F30403DF
:10DFC000DBB2022B00F08281022B00F32B82002BAC
:10DFD00003D0012B00F0298124E23B681B7803F079
:10DFE0006003DBB2202B23D13B689B889BB2FB8272
:10DFF000FB8ADBB287F8273097F827300F2B01D93F
:10E0000000231CE297F82730804A1344DB78184637
:10E01000FFF7B0FC38623B6A002B01D100230EE20F
:10E02000FB793A68396A1846FFF776FF034606E23D
:10E030003B681B7803F06003DBB2002B0AD0714B06
:10E04000BB62BB6A1B6803F00103002B00D000BE5B
:10E050000023F4E13B685B78092B00F2D98001A230
:10E0600052F823F0C5E10008A1E1000811E2000820
:10E070007DE1000811E200088DE0000863E100087E
:10E0800011E20008B1E00008C9E00008386801F0BA
:10E09000DDF93B685B889BB2DAB2FB791146184622
:10E0A00001F040FF594A137843F002031370BBE0BC
:10E0B000564B5B78DBB2FB7307F10F02F879012353
:10E0C000396801F025F9AFE03B685B889BB287F8BF
:10E0D00037304E4B5B78DBB297F837209A4236D018
:10E0E0004A4B5B78DBB2002B0FD0FB79184602F06D
:10E0F000D9F8464B9B7887F83630FB791846FFF7FE
:10E1000053FD424A97F83630937097F83730002B1A
:10E110001DD097F83720FB791146184600F09CF97E
:10E12000034683F00103DBB2002B10D040F2C22281
:10E130003249334803F0FEFD324B3B633B6B1B68B7
:10E1400003F00103002B00D000BE002377E12F4A2B
:10E1500097F837305370FB793968184601F066F844
:10E1600062E0FB793968184600F0B4FA034683F0A0
:10E170000103DBB2002B56D0002360E13B685B88D3
:10E180009BB2012B01D0002359E1204A137843F0C0
:10E1900008031370FB793968184601F047F843E02B
:10E1A0003B685B889BB2012B01D0002347E1174AF3
:10E1B00013786FF3C3031370FB793968184601F0C5
:10E1C00035F831E0114B1B785B09DBB29BB203F0F1
:10E1D00001039AB20D4B1B789B08DBB29BB203F094
:10E1E00002039BB213439BB2BB8107F10C02F87987
:10E1F0000223396801F08CF816E000BF886C030830
:10E20000F03E0108F0ED00E0000000006067002033
:10E210008D4BFB62FB6A1B6803F00103002B00D0EF
:10E2200000BE00230BE100BF08E13B689B889BB266
:10E23000BB82BB8ADBB287F83F3097F83F300F2BA9
:10E2400001D90023FBE097F83F30804A1344DB7884
:10E250001846FFF78FFBB863BB6B002B01D100237F
:10E26000EDE0FB793A68B96B1846FFF755FE0346B7
:10E2700083F00103DBB2002B00F0DF803B681B78EA
:10E2800003F06003DBB2002B01D00023D7E03B6832
:10E290005B780A3B012B16D8002001F0C7F83B68D9
:10E2A0005B780A2B09D10023FB7207F10B02F87986
:10E2B0000123396801F02CF807E0FB79396818462A
:10E2C00000F0B4FF01E00023B9E0B6E03B689B88B2
:10E2D0009BB23B823B8ADBB287F84F3097F84F30D6
:10E2E000BB74BB7C03F07F03DBB287F84E3097F83A
:10E2F0004F30FB74FB7CDB09DBB287F84D3097F8BD
:10E300004E30052B10D940F222325149514803F0CA
:10E3100011FD4D4B3B643B6C1B6803F00103002B6C
:10E3200000D000BE00238AE097F84E2097F84D30C9
:10E33000464952000A44134413331B781846FFF72A
:10E3400019FBB8643B681B7803F06003DBB2002B59
:10E350000CD0BB6C002B01D1002370E0FB793A6834
:10E36000B96C1846FFF7D8FD034668E03B685B7858
:10E37000032B18D0032B48DC002B02D0012B12D02A
:10E3800043E097F84F20FB791146184600F004FF50
:10E3900003469BB23B8107F10802F87902233968F2
:10E3A00000F0B6FF3DE03B685B889BB2002B12D1CA
:10E3B0003B685B78012B07D197F84F20FB7911461A
:10E3C000184600F09DFE06E097F84F20FB791146B5
:10E3D000184600F049FEBB6C002B21D0FB793A684F
:10E3E000B96C1846FFF798FD002001F01FF8174B95
:10E3F00093F82030C3F30003DBB2002B10D1FB797C
:10E400003968184600F012FF0AE00F4B7B647B6C02
:10E410001B6803F00103002B00D000BE00230EE0B8
:10E4200000BF0BE0084BFB61FB691B6803F00103B5
:10E43000002B00D000BE002301E000BF01231846DE
:10E440005037BD4680BD00BFF0ED00E060670020A2
:10E45000886C0308F03E010880B594B000AF034615
:10E460000A46FB711346BB71BB79013BDBB2184610
:10E47000F6F738F978647B6C002B03D07B6C5B7803
:10E48000022B10D040F26A328A498B4803F052FCCA
:10E490008A4BBB61BB691B6803F00103002B00D0F2
:10E4A00000BE002302E17B6CDB795B1103F001030A
:10E4B000D9B2834A137861F3041313707B6CDB7950
:10E4C0009B1103F00103D9B27D4A137861F3451320
:10E4D00013707B6C0933FB647B6C5B889BB21A46C0
:10E4E0007B6C13443B64D6E0012387F84B30FB6C14
:10E4F0007B617B6901331B780B2B0FD1FB6CFB63BA
:10E50000FB6BDB7887F84B30FB6C3B613B69FB6056
:10E51000FB681B781A46FB681344FB64FB6CBB600A
:10E52000BB6801331B78042B10D040F2853261495F
:10E53000614803F0FFFB614BFB61FB691B6803F063
:10E540000103002B00D000BE0023AFE0FB6CBB63D7
:10E550003A6CFB6CD31AFB86002387F84A307AE0CA
:10E5600097F84A301846FFF705FA38633B6B002BE3
:10E5700010D140F28E324F494F4803F0DBFB4F4B36
:10E580007B627B6A1B6803F00103002B00D000BE96
:10E5900000238BE03B6B9B68FA8EF879B96B984748
:10E5A0000346FB85FB8D082B50D9FA8DFB8E9A42D2
:10E5B0004CD897F84B30012B07D13B6B9B68414AF5
:10E5C000934202D1022387F84B30002387F8493069
:10E5D0002AE0BB6B9A7897F84930134487F82D30BE
:10E5E00097F82D30364A1344DB78FF2B10D040F2D9
:10E5F000AD323049304803F09DFB304BBB62BB6A03
:10E600001B6803F00103002B00D000BE00234DE087
:10E6100097F82D302A4A134497F84A20DA7097F871
:10E620004930013387F8493097F8492097F84B3043
:10E630009A42CED397F84A30FA8DB96B224802F04D
:10E640000BFEFB8DFA6C1344FB640CE097F84A3028
:10E65000013387F84A301D4B1B785A1C97F84A3013
:10E660009A42BFF67DAF194B1B785A1C97F84A3077
:10E670009A4210DA4FF46F720E490F4803F05AFBBA
:10E680000E4B3B623B6A1B6803F00103002B00D07A
:10E6900000BE00230AE0FA6C3B6C9A42FFF424AF00
:10E6A0000B4B002B01D0AFF30080012318465037ED
:10E6B000BD4680BDA06C0308F03E0108F0ED00E00F
:10E6C0006067002039C6000873670020906700204B
:10E6D0000000000080B594B000AF03463960FB71C4
:10E6E0003B685B889BB2BB84BB8C1B0A9BB2DBB2D2
:10E6F00087F84B303B685B889BB2FB84FB8CDBB2BA
:10E7000087F84A3097F84B30013B0E2B00F2C88057
:10E7100001A252F823F000BF55E70008C5E7000842
:10E7200039E80008A1E80008A1E800086FE800083F
:10E73000C5E70008A1E80008A1E80008A1E8000872
:10E74000A1E80008A1E80008A1E80008A1E8000885
:10E750006BE70008F5F7BCFFB862F8791223BA6AD4
:10E76000396800F0D5FD03469BE0504B002B01D1EA
:10E77000002396E0AFF3008003467B647B6C002BA4
:10E7800010D140F2ED324A494A4803F0D3FA4A4BDD
:10E79000FB63FB6B1B6803F00103002B00D000BE82
:10E7A00000237EE07B6C02333B623B6A1B88A7F848
:10E7B00042307A6CB7F84230F879396800F0A8FD39
:10E7C00003466EE097F84B30022B07D197F84A309A
:10E7D0001846F5F787FF0346FB640BE0374B002B29
:10E7E00001D100235DE097F84A301846AFF300806E
:10E7F0000346FB64FB6C002B10D140F207422C490E
:10E800002C4803F097FA2C4BFB62FB6A1B6803F061
:10E810000103002B00D000BE002342E0FB6C02335A
:10E82000FB61FB691B887B86FA6C7B8EF879396803
:10E8300000F06EFD034634E03B689B889AB297F87F
:10E840004A3011461846F5F75BFF78637B6B002B67
:10E8500001D1002325E07B6BBB61BB691B789BB2B8
:10E86000F8797A6B396800F053FD034619E0144BD0
:10E87000002B01D1002314E0AFF30080B863BB6B21
:10E88000002B01D100230CE0BB6B7B617B691B7803
:10E890009BB2F879BA6B396800F03AFD034600E0A4
:10E8A000002318465037BD4680BD00BF0000000061
:10E8B000B46C0308F03E0108F0ED00E00000000039
:10E8C0000000000080B5AAB000AF78600B46FB7076
:10E8D0007B685B78023B032B00F2B18101A252F806
:10E8E00023F000BFF5E8000817EB0008BFE90008B7
:10E8F0006FEA00088A4A13786FF300031370884A9E
:10E9000013786FF341031370854B00225A70844AC9
:10E9100013786FF382031370824B1B68C7F89C3027
:10E920007B68C7F89830FB7887F8973097F897306E
:10E9300083F00103DBB2002B09D0D7F89C30C7F875
:10E940009030D7F890301B680020984700BFD7F868
:10E950009C300433D7F898101846FEF77FFF034623
:10E9600087F88F3097F8973083F00103DBB2002BE4
:10E9700009D0D7F89C30C7F88830D7F888301B68A2
:10E980000120984700BF97F88F3083F00103DBB276
:10E99000002B10D0B5226449644803F0CBF9644BD6
:10E9A000C7F88430D7F884301B6803F00103002BCC
:10E9B00003D000BE01E000BF8BE100BF89E1584BEE
:10E9C0001B78C3F30003DBB2002B00F07D81544AB7
:10E9D000137843F004031370524B1B68C7F8803060
:10E9E0007B68FB67FB7887F87B3097F87B3083F098
:10E9F0000103DBB2002B07D0D7F880307B677B6F39
:10EA00001B680020984700BFD7F880300433F96FA7
:10EA10001846FEF723FF034687F8733097F87B30DC
:10EA200083F00103DBB2002B07D0D7F88030FB6600
:10EA3000FB6E1B680120984700BF97F8733083F086
:10EA40000103DBB2002B0ED0B5223749374803F063
:10EA500071F9374BBB66BB6E1B6803F00103002BDB
:10EA600003D000BE01E000BF2EE100BF2CE12C4B23
:10EA70001B78C3F30003DBB2002B00F02781284A88
:10EA800013786FF382031370264B1B687B667B68D9
:10EA90003B66FB7887F85F3097F85F3083F00103BF
:10EAA000DBB2002B06D07B6EBB65BB6D1B68002004
:10EAB000984700BF7B6E0433396E1846FEF7CEFED2
:10EAC000034687F8573097F85F3083F00103DBB2D5
:10EAD000002B06D07B6E3B653B6D1B680120984781
:10EAE00000BF97F8573083F00103DBB2002B0ED044
:10EAF000B5220D490D4803F01DF90D4BFB64FB6C6D
:10EB00001B6803F00103002B03D000BE01E000BF2F
:10EB1000DCE000BFDAE0002387F8A73028E000BF80
:10EB20006067002054680020CC6C0308F03E0108A8
:10EB3000F0ED00E097F8A7301846FEF71BFFC7F886
:10EB4000A000D7F8A030002B0DD0D7F8A0305B691B
:10EB5000002B08D0D7F8A0305B697A6810787A6803
:10EB600052681146984797F8A730013387F8A730C5
:10EB70005A4B1B785A1C97F8A7309A42DADA584B4E
:10EB80001B78C3F38003DBB2002B00F0A180544A52
:10EB900013786FF38203137007F1080300221A60E1
:10EBA0005A609A607B681B783B7205237B724D4BE1
:10EBB0001B68BB6407F108037B64FB7887F843306C
:10EBC00097F8433083F00103DBB2002B06D0BB6C17
:10EBD000FB63FB6B1B680020984700BFBB6C0433D2
:10EBE000796C1846FEF73AFE034687F83B3097F8F3
:10EBF000433083F00103DBB2002B06D0BB6C7B6398
:10EC00007B6B1B680120984700BF97F83B3083F06F
:10EC10000103DBB2002B0ED0B5223349334803F099
:10EC200089F8334B3B633B6B1B6803F00103002BFC
:10EC300003D000BE01E000BF4AE000BF48E0294B1E
:10EC40001B68FB627B68BB62FB7887F8273097F80C
:10EC5000273083F00103DBB2002B06D0FB6A3B6256
:10EC60003B6A1B680020984700BFFB6A0433B96AFF
:10EC70001846FEF7F3FD0346FB7797F8273083F03D
:10EC80000103DBB2002B06D0FB6ABB61BB691B68CA
:10EC90000120984700BFFB7F83F00103DBB2002B0C
:10ECA0000ED0B5221049114803F044F8104B7B6197
:10ECB0007B691B6803F00103002B03D000BE01E059
:10ECC00000BF06E000BF04E000BF02E000BF00E0BC
:10ECD00000BF00BFA837BD4680BD00BF90670020C1
:10ECE0006067002054680020CC6C0308F03E0108E7
:10ECF000F0ED00E080B582B000AF0346FB71FB7918
:10ED0000002B05D0074B1B78184601F0DBF804E018
:10ED1000044B1B78184601F0EDF800BF0837BD46DC
:10ED200080BD00BFA502002080B58AB000AF396069
:10ED300011461A460346FB710B46BB7113467B71A5
:10ED400000237B6259E03B683B623B6A5B78052BA2
:10ED500008D13B6ADB78C3F30103DBB21A467B7947
:10ED6000934210D040F287422849294802F0E2FF3E
:10ED7000284BBB61BB691B6803F00103002B00D06B
:10ED800000BE00233EE0FB79396A184600F044F8E3
:10ED9000034683F00103DBB2002B10D04FF49162E5
:10EDA0001A491B4802F0C6FF1A4BFB61FB691B683E
:10EDB00003F00103002B00D000BE002322E03B6AD9
:10EDC0009B78FB75FB7DDB09DBB2012B04D13B6A31
:10EDD0009A787B6B1A7003E03B6A9A783B6B1A70E7
:10EDE0003B683B613B69FB60FB681B781A46FB682C
:10EDF00013443B607B6A01337B62BB797A6A9A4237
:10EE0000A1DB012318462837BD4680BDDC6C030812
:10EE1000F03E0108F0ED00E080B586B000AF03469B
:10EE20003960FB71214B1B78FB713B689B78FB734E
:10EE3000FB7B03F07F03DBB2052B10D940F2AF421E
:10EE40001B491C4802F076FF1B4B3B613B691B686A
:10EE500003F00103002B00D000BE002322E0174B7B
:10EE60009B781946386802F065F9034683F0010380
:10EE7000DBB2002B10D04FF496620D490D4802F022
:10EE800059FF0D4B7B617B691B6803F00103002B6D
:10EE900000D000BE002305E0FB793968184601F078
:10EEA000ADF8034618461837BD4680BDA5020020C0
:10EEB000F06C0308F03E0108F0ED00E06067002010
:10EEC00080B586B000AF03460A46FB711346BB719E
:10EED000BB79BB73BB7B03F07F03DBB2FB75BB79F4
:10EEE000FB73FB7BDB09DBB2BB75FA7DBB7D52009C
:10EEF00013441833064A134407333B610021386931
:10EF000002F0B4F8034618461837BD4680BD00BF6E
:10EF10006067002080B586B000AF03460A46FB71EB
:10EF20001346BB71BB79BB73BB7B03F07F03DBB2C2
:10EF3000FB75BB79FB73FB7BDB09DBB2BB75FA7D31
:10EF4000BB7D520013441833064A134407333B6118
:10EF50000021386902F0C4F8034618461837BD4648
:10EF600080BD00BF6067002080B586B000AF3A600A
:10EF70001A460346FB710B46BB711346BB80354BEB
:10EF80001B78FB71BB79BB72BB7A03F07F03DBB2EA
:10EF9000FB75BB79FB72FB7ADB09DBB2BB75FA7DD3
:10EFA000BB7D2D4952000A4413441833DB79C3F367
:10EFB0000003DBB2002B10D040F2DB422749284887
:10EFC00002F0B8FE274BFB60FB681B6803F00103EF
:10EFD000002B00D000BE002338E0FA7DBB7D1E4927
:10EFE00052000A44134403F11802D37943F0010399
:10EFF000D371BB88B979F8793A6801F09FF9034673
:10F00000002B01D0012321E0FA7DBB7D1249520083
:10F010000A44134403F11802D3796FF30003D37148
:10F02000FA7DBB7D0C4952000A44134403F11802D7
:10F03000D3796FF38203D3710A4B3B613B691B6841
:10F0400003F00103002B00D000BE00231846183740
:10F05000BD4680BDA502002060670020006D03084A
:10F06000F03E0108F0ED00E080B584B000AF03464B
:10F070000A46FB711346BB711F4B1B78FB71BB79B2
:10F080003B733B7B03F07F03DBB2FB73BB797B738A
:10F090007B7BDB09DBB2BB73FA7BBB7B174952007E
:10F0A0000A4413441833DB79C3F34003DBB2002B6B
:10F0B0001DD1BA79FB791146184601F093FAFA7B13
:10F0C000BB7B0E4952000A44134403F11802D37962
:10F0D00043F00203D371FA7BBB7B084952000A4418
:10F0E000134403F11802D37943F00103D37100BF35
:10F0F0001037BD4680BD00BFA5020020606700201C
:10F1000080B584B000AF03460A46FB711346BB715D
:10F110001F4B1B78FB71BB793B733B7B03F07F0379
:10F12000DBB2FB73BB797B737B7BDB09DBB2BB732D
:10F13000FA7BBB7B174952000A4413441833DB792E
:10F14000C3F34003DBB2002B1DD0BA79FB79114623
:10F15000184601F059FAFA7BBB7B0E4952000A446B
:10F16000134403F11802D3796FF34103D371FA7B8F
:10F17000BB7B084952000A44134403F11802D379B7
:10F180006FF30003D37100BF1037BD4680BD00BFD1
:10F19000A50200206067002080B485B000AF034660
:10F1A0000A46FB711346BB71BB793B733B7B03F093
:10F1B0007F03DBB2FB73BB797B737B7BDB09DBB249
:10F1C000BB73FA7BBB7B0A4952000A4413441833D1
:10F1D000DB79C3F34003DBB2002B14BF0123002310
:10F1E000DBB218461437BD465DF8047B704700BF9C
:10F1F0006067002080B584B000AF03463960FB71C2
:10F200003B681B7823F07F03DBB2002B01D0002387
:10F2100000E08023FB73F97BF87900230022FFF7DD
:10F22000A3FE034618461037BD4680BD80B582B0A8
:10F2300000AF03463960FB710B4B3A6810685168A8
:10F2400003C3094B00229A60074B0022DA81064B68
:10F2500000229A81FB7939681846FFF7CBFF0346F5
:10F2600018460837BD4680BD5868002080B588B074
:10F2700000AF0346FB71244B9A89234BDB89D31AD9
:10F280009BB27B8340233B837A8B3B8B934228BF8B
:10F2900013469BB2BB830023FB771B4B1B7823F0E9
:10F2A0007F03DBB2002B1ED08023FB77BB8B002BB0
:10F2B00019D0154B9A68BB8B14497961402139618B
:10F2C000FA60BB603A69BB689A4202D24FF0FF33E2
:10F2D00005E0BA68F968786902F095FE0023002B12
:10F2E00001D000230BE0BB8B002B01D0074A00E0CC
:10F2F0000022BB8BF97FF879FFF736FE03461846EC
:10F300002037BD4680BD00BF586800206C680020D3
:10F3100080B588B000AFB9607A601A460346FB73C7
:10F320001346BB81374BBA681068516803C3354A2E
:10F330007B689360334B0022DA81BB68DB889AB22A
:10F34000BB897B8213463B827A8A3B8A934228BFE1
:10F3500013469AB22B4B9A81BB68DB889BB2002B79
:10F3600030D0284B9B89002B12D07B68002B0FD10B
:10F3700075222549254802F0DDFC254BBB61BB69A0
:10F380001B6803F00103002B00D000BE002335E012
:10F39000FB7B1846FFF76AFF034683F00103DBB2ED
:10F3A000002B2AD07B221849184802F0C3FC184BC6
:10F3B0007B617B691B6803F00103002B00D000BE5A
:10F3C00000231BE0FB7BB9681846FFF713FF0346D9
:10F3D00083F00103DBB2002B0FD080220A490B48D7
:10F3E00002F0A8FC0A4BFB61FB691B6803F00103F8
:10F3F000002B00D000BE002300E001231846203778
:10F40000BD4680BD58680020106D0308083F010804
:10F41000F0ED00E080B500AF14220021024802F0B8
:10F4200073FD00BF80BD00BF5868002080B483B06A
:10F4300000AF7860044A7B68136100BF0C37BD469B
:10F440005DF8047B704700BF5868002080B483B02B
:10F4500000AF7860094B7A681068516803C3074BA6
:10F4600000229A60054B0022DA81044B00229A8127
:10F4700000BF0C37BD465DF8047B7047586800201C
:10F4800080B588B000AF3B600346FB710B46BB7193
:10F4900013467B71BB79FB73FB7BDB09DBB2584AFC
:10F4A0001278C2F3C012D2B2934226D03B68002B2E
:10F4B0000FD0AD225349544802F03CFC534B3B6102
:10F4C0003B691B6803F00103002B00D000BE002342
:10F4D00091E04F4B002B04D0FB7949491846AFF31C
:10F4E0000080474B1B69002B05D0454B1B69F87901
:10F4F000434A0321984701237DE0414B1B7823F0C9
:10F500007F03DBB2002B0CD13D4B9B68002B01D15C
:10F51000002370E03A4B9B683A683E49184602F077
:10F5200072FD374BDA893B689BB213449AB2344B75
:10F53000DA81334B9A683B681344314A9360304B0D
:10F54000DA882F4BDB899A4202D03B683F2B36D8B2
:10F550000123FB772A4B1B69002B07D0284B1B6923
:10F56000F879274A022198470346FB77FB7F002B57
:10F570001AD0FB7922491846FFF73CFE034683F078
:10F580000103DBB2002B34D0DA221E491E4802F000
:10F59000D1FB1E4B7B617B691B6803F00103002BD1
:10F5A00000D000BE002326E0FB790021184601F0C0
:10F5B00019F8FB798021184601F014F819E0FB795D
:10F5C0001846FFF753FE034683F00103DBB2002B1E
:10F5D00010D0E5220B490C4802F0ACFB0B4BBB6191
:10F5E000BB691B6803F00103002B00D000BE0023A1
:10F5F00001E000BF012318462037BD4680BD00BF93
:10F6000058680020246D0308083F0108F0ED00E071
:10F61000000000006C68002080B586B000AF034693
:10F620003960FB711346BB7107F10C0300221A60AD
:10F630005A609A60FB793B7303237B733B683B61A1
:10F64000BA7907F10C0311461846FFF73BF900BFE2
:10F650001837BD4680BD000080B483B000AF0346BC
:10F66000FB7197F90730002B0BDBFB7903F01F02CE
:10F67000074997F907305B09012000FA02F241F8C7
:10F68000232000BF0C37BD465DF8047B704700BFE8
:10F6900000E100E080B483B000AF0346FB7197F94E
:10F6A0000730002B12DBFB7903F01F020A4997F9A0
:10F6B00007305B09012000FA02F2203341F82320D1
:10F6C000BFF34F8F00BFBFF36F8F00BF00BF0C377A
:10F6D000BD465DF8047B704700E100E080B483B074
:10F6E00000AF78600B46FB70FB78002B06D17B687F
:10F6F0009B6B43F480327B689A6305E07B689B6B6D
:10F7000023F480327B689A6300BF0C37BD465DF8F6
:10F71000047B704780B485B000AF78600B46FB7007
:10F72000FB78002B52D12C4B1B682C4A934202D3FE
:10F730000623FB6041E0284B1B68294A934202D90B
:10F740000723FB6039E0244B1B68264A934202D30F
:10F750000823FB6031E0204B1B68234A934202D907
:10F760000923FB6029E01C4B1B68204A934202D905
:10F770000A23FB6021E0184B1B681D4A934202D903
:10F780000B23FB6019E0144B1B681A4A934202D307
:10F790000C23FB6011E0104B1B68174A934202D305
:10F7A0000D23FB6009E00C4B1B68144A934202D303
:10F7B0000E23FB6001E00F23FB607B68DB6823F412
:10F7C0007052FB689B021A437B68DA6000BF1437F3
:10F7D000BD465DF8047B7047840200200048E801C4
:10F7E000DF9DA30100366E013FA44C01FF2C3101C7
:10F7F0009F491A01807306010024F400C0E1E4006F
:10F8000080B483B000AF03460A46FB8013467B7189
:10F81000FB889B089AB27B799BB213449BB25B0036
:10F820009BB20F339BB218460C37BD465DF8047B84
:10F830007047000080B586B000AF0346FB71FB79CE
:10F840001B4A1B0113441B683B61FB79184A1B01CF
:10F85000134408331B78FB730023FB8200237B7562
:10F8600013E07B7D134A5B0113440A331A88FB8A39
:10F87000BB8113467B81BA897B89934238BF13468B
:10F880009BB2FB827B7D01337B757A7DFB7B9A4249
:10F89000E7D3FA7BFB8A11461846FFF7B1FF034610
:10F8A0001A463B695A6200BF1837BD4680BD00BF8B
:10F8B0003C6D0308B468002080B586B000AF0346F5
:10F8C000FB71FB793F4A1B0113441B683B61FB79C9
:10F8D0003C4A1B01134408331B78FB734FF49072AE
:10F8E0000021394802F010FB384B00221A70384BC7
:10F8F00000221A703B69D3F8003823F4FE623B699A
:10F90000C3F800280023FB7510E0FB7D3A695833EB
:10F910005B0113441A68FB7D42F000623969583379
:10F920005B010B441A60FB7D0133FB75FA7DFB7BA9
:10F930009A42EAD33B694FF00112C3F81C283B6995
:10F940000922C3F814283B690922C3F81028FB7B5D
:10F9500019464020FFF754FF03461A463B695A6296
:10F960001C4B10221A80FB79164A1B0113440C33DE
:10F970001B689B08174A12889B1A43F480123B6944
:10F980009A623B69D3F8003923F003023B69C3F85C
:10F9900000290D4B40225A810B4B40225A833B6970
:10F9A000D3F8103B43F0C0423B69C3F8102B3B69CE
:10F9B0009B6943F440223B699A6100BF1837BD46FA
:10F9C00080BD00BF3C6D0308B4680020DA690020E8
:10F9D000DB690020D869002090B48AB000AF0446EB
:10F9E000084611461A462346FB710346BB710B4677
:10F9F0007B7113467B80FB79714A1B0113441B68A2
:10FA00007B62BB79002B21D1BA797B7952001344F8
:10FA10001B016C4A13443B627B796B4A32F813201A
:10FA20003B6A5B89FA81BB81FA89BB89934228BF13
:10FA300013469BB23B867B79634A32F813107B797D
:10FA40003A8E8A1A91B2604A22F813107B79012B00
:10FA500056D17B6A03F510637B617B88DB04184613
:10FA60003A8EBB795B0179690B4402431A61BB7919
:10FA70005B017A6913441A68BB795B0179690B44AD
:10FA800042F004421A60BB795B017A6913441B6837
:10FA900003F44023B3F5802F23D1BA797B79494908
:10FAA000520013441B010B440C331B78012B18D15B
:10FAB0007B6AD3F8083803F480733B61BB795B0140
:10FAC0007A6913441A683B69002B02D04FF08051C9
:10FAD00001E04FF00051BB795B01786903440A43B0
:10FAE0001A603B8E002B65D07B6AD3F83438BA7924
:10FAF000012101FA02F21A437B6AC3F8342859E063
:10FB00007B6A03F53063FB61BB795B01FA691344DF
:10FB10001A69BB795B01F9690B4402F060421A6112
:10FB2000BB795B01FA69134419697B88DB041A46C7
:10FB30003B8E1A43BB795B01F86903440A431A619F
:10FB4000BB795B01FA6913441A68BB795B01F969F7
:10FB50000B4442F004421A60BB795B01FA6913441A
:10FB60001B6803F44023B3F5802F23D1BA797B7946
:10FB70001449520013441B010B440C331B78012B16
:10FB800018D17B6AD3F8083803F48073BB61BB7962
:10FB90005B01FA6913441A68BB69002B02D04FF06D
:10FBA000805101E04FF00051BB795B01F8690344DB
:10FBB0000A431A6000BF2837BD4690BC704700BF9B
:10FBC0003C6D0308B4680020D469002080B483B081
:10FBD00000AF78607B681B6943F001027B681A61A3
:10FBE00000BF7B681B6903F00103002BF9D100BF44
:10FBF0007B681B69002BFBDA00BF00BF0C37BD46DA
:10FC00005DF8047B704780B483B000AF7860002358
:10FC100018460C37BD465DF8047B704780B582B04E
:10FC200000AF78607B68DB6843F040027B68DA6095
:10FC300000217868FFF752FD7868FFF7C7FF7B68FF
:10FC4000DB6823F4705343F4A0527B68DA60002130
:10FC50007868FFF75FFD7B68D3F8003843F0030254
:10FC60007B68C3F8002800BF0837BD4680BD80B55B
:10FC700084B000AF78607B68DB68FB60FB6823F0D2
:10FC80004003FB607B6893F8483023F03F03DBB20E
:10FC9000802B10D1FB6843F01003FB60FB6823F05E
:10FCA0008803FB60FB6823F44013FB60FB6823F4CC
:10FCB0002023FB600FE0FB6823F01803FB607B68E8
:10FCC00093F8513023F03F03DBB2002B03D0FB68E5
:10FCD00043F00803FB607B68FA68DA607B6893F89E
:10FCE0004830C3F38113DBB219467868FFF7F6FC9E
:10FCF0007868FFF76BFFFB6823F47053FB607B6849
:10FD000093F8513023F03F03DBB2002B02D04FF4C5
:10FD1000A05301E04FF41053FA681343FB607B6873
:10FD2000FA68DA607B6893F84830C3F38113DBB27A
:10FD300019467868FFF7EEFC7B68D3F80038BB60A3
:10FD4000BB6823F00303BB607B6893F8483023F063
:10FD50003F03DBB2802B03D1BB6843F48043BB601D
:10FD60007B68BA68C3F8002800BF1037BD4680BD65
:10FD700080B584B000AF78607B681B6C1B0C1B04E3
:10FD8000FB60FB68104A934218D0FB680F4A93420D
:10FD900014D0FB680E4A934210D04FF4EF720D4915
:10FDA0000D4801F0C7FF0D4BBB60BB681B6803F03B
:10FDB0000103002B00D000BE002300E00123184601
:10FDC0001037BD4680BD00BF0000544F00003155C4
:10FDD000000032555C6D0308203F0108F0ED00E0A3
:10FDE00080B584B000AF0346FB71FB79334A1B0139
:10FDF00013441B68FB60F868FFF7BAFF034683F003
:10FE00000103DBB2002B55D1FB79184600F0DAF87C
:10FE1000F868FFF7F8FE0346002B03D0F868FFF7F9
:10FE200026FF02E0F868FFF7F9FEFB68D3F8003E12
:10FE300023F00F02FB68C3F8002EFB68DB6843F079
:10FE40000702FB68DA60FB68DB6823F0C04343F01D
:10FE50008042FB68DA60FB681B6823F0D00343F044
:10FE6000C002FB681A60FB68D3F8003843F0040254
:10FE7000FB68C3F80028FB685B69BB60FB685A69D4
:10FE8000BB681A43FB685A61FB685B68BB60FB6830
:10FE90005A68BB681A43FB685A60FB68084A9A6153
:10FEA000FB689B6843F00102FB689A60FB79184687
:10FEB00000F06CF81037BD4680BD00BF3C6D0308F4
:10FEC0001638008080B584B000AF0346FB71FB7923
:10FED000FB73FB7B064A1B01134404331B685BB2B4
:10FEE0001846FFF7B9FB00BF00BF1037BD4680BD05
:10FEF0003C6D030880B584B000AF0346FB71FB790D
:10FF0000FB73FB7B064A1B01134404331B685BB283
:10FF10001846FFF7BFFB00BF00BF1037BD4680BDCE
:10FF20003C6D030880B584B000AF03460A46FB7100
:10FF30001346BB71FB79144A1B0113441B68FB6019
:10FF4000FB68D3F8003823F4FE63BA7912011A4330
:10FF5000FB68C3F800280023FB720123BB72BB7A45
:10FF6000002B02D06FF07F0300E0002397F90B20F5
:10FF700013435BB2D9B2F8790023002200F0DEF916
:10FF800000BF1037BD4680BD3C6D030880B485B00E
:10FF900000AF0346FB71FB79094A1B0113441B6840
:10FFA000FB60FB68D3F8043823F00202FB68C3F857
:10FFB000042800BF1437BD465DF8047B704700BFBE
:10FFC0003C6D030880B485B000AF0346FB71FB793C
:10FFD000094A1B0113441B68FB60FB68D3F8043813
:10FFE00043F00202FB68C3F8042800BF1437BD4683
:10FFF0005DF8047B704700BF3C6D030880B58EB090
:020000040801F1
:1000000000AF03463960FB71FB79A04A1B01134422
:100010001B687B63FB799D4A1B01134408331B78E3
:1000200087F833303B689B78BB75BB7D03F07F035B
:10003000DBB287F832303B689B78FB75FB7DDB09D0
:10004000DBB287F8313097F8322097F833309A4294
:1000500010D340F282228E498E4801F06BFE8E4B07
:10006000BB61BB691B6803F00103002B00D000BE1D
:10007000002307E197F8322097F8313052001344FB
:100080001B01864A1344FB623B68BB60BB689B88CC
:100090009BB2C3F30A039AB2FB6A5A813B689A790E
:1000A000FB6A1A73FB6A5B893B610423FB603A6954
:1000B000FB6813445A1EFB68B2FBF3F37B8597F889
:1000C0003130002B66D17B8D9B009BB297F833209B
:1000D00011461846FFF794FB03467B847B6B5A6AF4
:1000E0007B8C9A4221D27B8C6D4A1288134419462C
:1000F000FB79664A1B0113440C331B689B08994229
:1001000010D940F292226249624801F013FE624B1C
:10011000FB61FB691B6803F00103002B00D000BEEC
:100120000023AFE07A8C7B6B5A6297F832307A6B9F
:1001300058335B0113441A683B68DB78C3F301034F
:10014000DBB29B0419463B68DB7803F00303DBB2A8
:10015000012B02D04FF0805300E000230B43F96ADB
:1001600049890B431A4397F8323042F40042796BC5
:1001700058335B010B441A607B6BD3F81C2897F84B
:1001800032301033012101FA03F31A437B6BC3F8B9
:100190001C2876E0424B1B881A467B8D13441A4676
:1001A0007B6B5B6A1A44FB7938491B010B440C33A7
:1001B0001B689B089A4210D940F2B722344935484F
:1001C00001F0B8FD344B7B627B6A1B6803F00103CE
:1001D000002B00D000BE002354E0314B1A887B8DE9
:1001E00013449AB22E4B1A807B8D1B041946FB795F
:1001F000264A1B0113440C331B689B08284A1288AB
:100200009A1A97F83230013B0A43796B40339B00CE
:100210000B445A6097F832307A6B48335B011344D1
:10022000196897F832309B0543F400423B68DB784D
:10023000C3F30103DBB29B0413431A463B68DB782C
:1002400003F00303DBB2012B02D04FF0805300E038
:1002500000231343FA6A52891A4397F832300A434B
:10026000796B48335B010B441A607B6BD3F81C3805
:1002700097F83220012101FA02F21A437B6BC3F88E
:100280001C28012318463837BD4680BD3C6D030845
:10029000686D0308203F0108F0ED00E0B46800201D
:1002A000D869002080B487B000AF0346FB71FB79AA
:1002B0001F4A1B0113441B683B61FB791C4A1B014D
:1002C000134408331B78FB733B694FF00112C3F8EA
:1002D0001C280123FB751EE0FB7D3A6958335B0146
:1002E000134400221A60FB7D124A5B0113440A3357
:1002F00000221A80FB7D3A6948335B0113440022D7
:100300001A60FB7D0B4A5B0113441A3300221A80EA
:10031000FB7D0133FB75FA7DFB7B9A42DCD3064BF8
:1003200010221A8000BF1C37BD465DF8047B704761
:100330003C6D0308B4680020D869002090B589B0EE
:1003400002AF3A601A460346FB710B46BB71134677
:10035000BB80BB793B733B7B03F07F03DBB27B75D8
:10036000BB797B737B7BDB09DBB23B757A7D3B7DA5
:10037000520013441B01234A13443B613B693A6812
:100380001A603B6900225A603B69BA881A817B7DFA
:10039000002B10D13B7D1C49BA8821F813203B7DEE
:1003A000194A32F813303A7D797DF87900930123A8
:1003B000FFF712FB20E03B695B89BA88B2FBF3F3DD
:1003C000FB823B695A89BB88B3FBF2F101FB02F265
:1003D0009B1AFB81FB89002B02D1BB88002B02D129
:1003E000FB8A0133FB82FC8A3A7D797DF879BB88F0
:1003F00000932346FFF7F0FA012318461C37BD4649
:1004000090BD00BFB4680020D469002080B489B0DA
:1004100000AF0346FB710B46BB7113467B71FB7942
:100420006E4A1B0113441B68FB61BB79BB73BB7B2A
:1004300003F07F03DBB2FB76BB79FB73FB7BDB094D
:10044000DBB2BB76BB7E012B67D1FB6903F5106382
:100450003B61FB7E002B06D0FB7E5B013A691344B7
:100460001B68002B13DBFB7E5B013A6913441A689F
:100470007B79002B02D04FF0026101E04FF0006168
:10048000FB7E5B01386903440A431A6037E0FB7E58
:100490005B013A6913441A68FB7E5B0139690B44BE
:1004A00042F000621A6000BFFB7E5B013A691344B0
:1004B0009B6803F04003002BF6D0FB7E5B013A699A
:1004C00013441A687B79002B01D0454901E04FF0B5
:1004D0008041FB7E5B01386903440A431A6000BF18
:1004E000FB7E5B013A6913449B6803F00203002B17
:1004F000F6D0FB7E5B013A69134402229A60FB7ED0
:100500009B0143F02002FB691A6100BFFB691B6974
:1005100003F02003002BF9D159E0FB6903F53063A8
:100520007B61FB7E002B06D0FB7E5B017A69134466
:100530001B68002B12DBFB7E5B017A6913441A688F
:100540007B79002B02D04FF4001100E00021FB7EEC
:100550005B01786903440A431A6038E0FB69D3F809
:10056000043843F40072FB69C3F8042800BFFB6938
:100570005B6903F08003002BF9D0FB7E5B017A6995
:1005800013441A687B79002B01D0154901E04FF024
:100590008041FB7E5B01786903440A431A6000BF17
:1005A000FB7E5B017A6913449B6803F00203002B16
:1005B000F6D0FB7E5B017A69134402229A60FB69E4
:1005C000D3F8043843F48062FB69C3F8042800BF01
:1005D0002437BD465DF8047B704700BF3C6D0308BF
:1005E0000000204080B582B000AF03460A46FB7190
:1005F0001346BB71B979FB7901221846FFF706FF54
:1006000000BF0837BD4680BD80B485B000AF03464B
:100610000A46FB711346BB71FB792A4A1B0113443E
:100620001B68FB60BB793B723B7A03F07F03DBB254
:10063000FB72BB797B727B7ADB09DBB2BB72BB7A64
:10064000012B1CD1FB7AFA6848335B0113441A680A
:10065000FB7A22F40012F96848335B010B441A60FC
:10066000FB7AFA6848335B0113441A68FB7A42F05C
:100670008052F96848335B010B441A601BE0FB7A37
:10068000FA6858335B0113441A68FB7A22F40012AB
:10069000F96858335B010B441A60FB7AFA685833E7
:1006A0005B0113441A68FB7A42F08052F9685833B0
:1006B0005B010B441A6000BF1437BD465DF8047B34
:1006C000704700BF3C6D030880B48DB000AF034697
:1006D0003960FB711346BB80FB79274A1B01134429
:1006E0001B68BB62BB6A03F580537B62BB889B08B7
:1006F000FB850BE07B6A1B683A68BA617B61BB696A
:100700007A691A6000BF3B6804333B60FB8D5A1E58
:10071000FA85002BEED1BB88DBB203F0030387F828
:10072000233097F82330002B20D07B6A1B68FB61B5
:10073000FB693B613B69DAB23B681A7097F823307A
:10074000012B07D93B680133FA69FA60FA68120A8B
:10075000D2B21A7097F82330022B07D93B680233C4
:10076000FA69BA60BA68120CD2B21A7000BF343794
:10077000BD465DF8047B70473C6D030880B489B0CA
:1007800000AF3A601A460346FB710B46BB71134635
:10079000BB80FB79234A1B0113441B687B61BB7937
:1007A00001331B037A6913443B61BB889B08FB83BD
:1007B00008E03B68BB60BB681A683B691A603B682D
:1007C00004333B60FB8B5A1EFA83002BF1D1BB88AC
:1007D000DBB203F00303FB73FB7B002B1BD03B68F6
:1007E0001B78BB61FB7B012B07D93B6801331B786E
:1007F0001B021A46BB691343BB61FB7B022B07D963
:100800003B6802331B781B041A46BB691343BB6168
:100810003B69BA691A6000BF2437BD465DF8047BA6
:10082000704700BF3C6D030880B58CB000AF034635
:10083000FB71FB795D4A1B0113441B68BB62BB6AF9
:1008400003F580537B62BB6A1B6A3B623B6A5B0CAD
:10085000DBB203F00F03FB773B6ADBB203F00F035D
:10086000BB773B6A1B099BB2C3F30A03BB83BB7F05
:1008700058335B01BA6A1344BB61FB7F013B052B14
:100880007ED801A252F823F095090108C108010899
:100890003B090108B308010881090108A108010802
:1008A0007B6A1B68424A13607B6A1B68404A53603C
:1008B00077E0BB691B6943F0C042BB691A6170E015
:1008C000BB7F5B013B4A13443B613B695B68002B88
:1008D00007D03B695B68BA8B796A1846FDF713F855
:1008E0000CE03B691968BA8BFB791846FFF7ECFE00
:1008F0003B691A68BB8B1A443B691A603B695B8988
:10090000BA8B9A4248D2BB691B69C3F312013B6997
:100910001A898BB2D31A9AB23B691A81BB7F002B1A
:100920003AD13B691A89244B1B88D31A9AB23B6986
:100930001A81214B00221A802EE0BB7F002B2DD183
:10094000BB8B002B2AD1BB6A1B6C1C4A934225D956
:10095000BB699B687B617A6948F220031340002BD6
:100960001CD00123FB627B6903F02003002B03D022
:10097000FB6A43F02003FB62BB69FA6A9A600DE0F0
:100980000F4BFB60FB681B6803F00103002B07D0D3
:1009900000BE05E000BF04E000BF02E000BF00E0D1
:1009A00000BF00BF3037BD4680BD00BF3C6D0308AF
:1009B000AC680020B4680020D46900200930544F8E
:1009C000F0ED00E080B596B002AF0346FB71FB7915
:1009D000604A1B0113441B687B64FB795D4A1B0161
:1009E000134408331B7887F84330002387F84F30CF
:1009F000A4E07B6CD3F8182897F84F30103322FA14
:100A000003F303F00103002B00F0938097F84F30BD
:100A100058335B017A6C1344FB63FB6B9B68BB63CD
:100A2000BB6B03F00803002B34D00823BB64BB6B03
:100A300003F40043002B08D07B6C1B6C464A9342A6
:100A400003D9BB6C43F40043BB64FB6BBA6C9A6084
:100A5000FB7987F83330414BFB62012387F82B3059
:100A600007F1140300221A605A609A6097F8333035
:100A70003B7506237B75FA6A07F118031068516805
:100A800003C397F82B2007F1140311461846FDF70E
:100A900019FF00BFFB6B9B6803F00103002B48D0DC
:100AA000FB6B01229A6097F84F305B012C4A13448C
:100AB0007B6397F84F30002B0ED12A4B1B88002BFD
:100AC0000AD0284B1B8897F84F10F8790093012320
:100AD0000022FEF781FF2CE07B6B1B891A46FB7915
:100AE00087F82A3097F84F3087F829307A62002348
:100AF00087F82330012387F8223007F1080300220A
:100B00001A605A609A6097F82A303B7207237B720A
:100B100097F829303B737B6A3B6197F823307B73EE
:100B200097F8222007F1080311461846FDF7CAFE80
:100B300000BF97F84F30013387F84F3097F84F20B8
:100B400097F843309A42FFF454AF00BF00BF5037CC
:100B5000BD4680BD3C6D03080930544FAC68002091
:100B6000B4680020D469002080B594B002AF034679
:100B7000FB71FB79884A1B0113441B683B64FB79BA
:100B8000854A1B01134408331B7887F83F303B6CC0
:100B900003F51063BB63002387F84730F0E03B6C3C
:100BA000D3F8182897F8473022FA03F303F001032B
:100BB000002B00F0E08097F847305B011033774A54
:100BC00013447B6397F847305B01BA6B13449B680F
:100BD00003F00103002B46D097F847305B01BA6B56
:100BE000134401229A6097F84730002B0ED16C4BCA
:100BF0005B88002B0AD06A4B5B8897F84710F8791E
:100C0000009301230122FEF7E7FE2CE097F847301E
:100C100063F07F03D9B27B6B1B891A46FB7987F897
:100C200027300B4687F826303A620023FB770123F2
:100C3000BB7707F10C0300221A605A609A6097F89C
:100C400027303B7307237B7397F826303B743B6A4E
:100C50007B61FB7F7B74BA7F07F10C03114618465A
:100C6000FDF730FE00BF97F847305B01BA6B1344C5
:100C70009B6803F08003002B7DD03B6CD3F83438A5
:100C800097F84720012101FA02F21340002B72D09D
:100C900097F847305B01BA6B13441B69DB0C9BB2BE
:100CA000C3F309037B860023A7F8443045E097F897
:100CB00047305B01BA6B13441B693B867B6B5A89D7
:100CC0003B8EBB8313467B83BA8B7B8B934228BFBF
:100CD00013469BB2FB85FA8D97F847305B01B96BE1
:100CE0000B449B6999002F4B0B409A422BD87B6B8E
:100CF0005B68002B0ED097F8473001331B033A6C2A
:100D00001344BB627B6B5B68FA8DB96A1846FCF7CB
:100D100093FD0DE07B6B1A68FB8D97F84710F8790F
:100D2000FFF72CFD7B6B1A68FB8D1A447B6B1A60F6
:100D3000B7F844300133A7F84430B7F844207B8E2D
:100D40009A42B4D300E000BF97F847305B01BA6B1A
:100D500013441B69C3F31203002B0CD13B6CD3F873
:100D6000343897F84720012101FA02F2D2431A40A1
:100D70003B6CC3F8342897F84730013387F8473085
:100D800097F8472097F83F309A42FFF408AF00BF2A
:100D900000BF4837BD4680BD3C6D0308B4680020E5
:100DA000D4690020FCFF030080B59CB000AF03466F
:100DB000FB71FB79AA4A1B0113441B68BB66BB6E1F
:100DC0009B697B66BB6E5B697A6E13403B663B6ECC
:100DD00003F48053002B07D0BB6E4FF480525A614E
:100DE000FB791846FEF768FD3B6E03F40053002BB9
:100DF0003BD0BB6E4FF400525A61BB6ED3F808383B
:100E00005B0803F00303002B02D0022B04D007E0A1
:100E1000022387F86F3007E0012387F86F3003E083
:100E2000002387F86F3000BFFB7987F8573097F8B9
:100E30006F3087F85630012387F8553007F11803D3
:100E400000221A605A609A6097F857303B76012367
:100E50007B7697F856303B7797F8552007F11803C3
:100E600011461846FDF72EFD00BF3B6E03F40063EC
:100E7000002B23D0BB6E4FF400625A61FB7987F8D8
:100E80005430042387F85330012387F8523007F198
:100E9000240300221A605A609A6097F8543087F849
:100EA000243097F8533087F8253097F8522007F10F
:100EB000240311461846FDF705FD00BF3B6E002BCD
:100EC00023DABB6E4FF000425A61FB7987F851304C
:100ED000052387F85030012387F84F3007F130039E
:100EE00000221A605A609A6097F8513087F83030C3
:100EF00097F8503087F8313097F84F2007F13003DA
:100F000011461846FDF7DEFC00BF3B6E03F00403FC
:100F1000002B28D0BB6E5B68FB65FB6D03F0040300
:100F2000002B1DD0FB7987F84E30022387F84D3017
:100F3000012387F84C3007F10C0300221A605A6035
:100F40009A6097F84E303B7397F84D307B7397F863
:100F50004C2007F10C0311461846FDF7B3FC00BF07
:100F6000BB6EFA6D5A603B6E03F00803002B3AD05B
:100F7000BB6E08225A603B4B1B78002B0DD0BB6E1A
:100F8000D3F808381B0AC3F30D03BB65FB790122B4
:100F9000B96D1846FEF740FB05E0BB6E9B6923F078
:100FA0000802BB6E9A61FB7987F84B30032387F800
:100FB0004A30012387F8493007F13C0300221A60C8
:100FC0005A609A6097F84B3087F83C3097F84A306F
:100FD00087F83D3097F8492007F13C031146184641
:100FE000FDF770FC00BF3B6E03F01003002B20D018
:100FF000BB6E9B6923F01002BB6E9A61FB791846A9
:10100000FFF712FCBB6E5B6803F01003002BF5D1F9
:10101000154B1B78002B06D0FB791846FEF70AFC0F
:10102000114B00221A70BB6E9B6943F01002BB6E1D
:101030009A613B6E03F40023002B03D0FB79184622
:10104000FFF7C0FC3B6E03F48023002B03D0FB7939
:101050001846FFF789FD00BF7037BD4680BD00BF51
:101060003C6D0308DB690020DA69002080B485B09C
:1010700000AF786039607B681B78C3F30003DBB294
:10108000002B06D17B681B78C3F38003DBB2002BF7
:1010900001D000231EE07B681B78C3F30003DBB2A2
:1010A000002B08D17B681B78C3F38003DBB2002BD5
:1010B00001D1012300E00023FB73FB7B03F001035C
:1010C000FB73FB7B002B04D07A68137843F0040396
:1010D0001370FB7B18461437BD465DF8047B7047E0
:1010E00080B485B000AF786039607B681B78C3F34B
:1010F0008003DBB2012B08D17B681B78C3F30003AC
:10110000DBB2002B01D1012300E00023FB73FB7B4A
:1011100003F00103FB73FB7B002B04D07A68137888
:101120006FF382031370FB7B18461437BD465DF8DE
:10113000047B704780B58AB000AF78600B46FB70C7
:101140007B68FB60FB689B889BB2C3F30A039BB27E
:10115000FB847B68DB78C3F30103DBB2032B4DD048
:10116000032B67DC012B02D0022B1DD062E0FB7841
:10117000022B02D14FF4806301E040F2FF33FB8287
:10118000FA8CFB8A9A4257D9A3223049304800F0A2
:10119000D1FD304B3B613B691B6803F00103002B21
:1011A00000D000BE00234DE0FB78022B13D1FB8C56
:1011B000B3F5007F42D0AB222449254800F0BAFDA8
:1011C000244BBB61BB691B6803F00103002B00D0FB
:1011D00000BE002336E0FB8C402B2FD9AF221B49E9
:1011E0001B4800F0A7FD1B4BFB61FB691B6803F06C
:1011F0000103002B00D000BE002323E0FB78022B6C
:1012000002D14FF4806300E04023BB84FA8CBB8C96
:101210009A4215D9B6220D490D4800F08BFD0D4BB1
:101220003B623B6A1B6803F00103002B00D000BE49
:10123000002307E0002305E000BF02E000BF00E05C
:1012400000BF012318462837BD4680BD786D0308CE
:10125000383F0108F0ED00E080B48DB000AFF860D9
:10126000B96011461A460B46FB8013467B71BB687A
:10127000FB62FB88FA6A1344BB6227E0FB6A3B62AD
:101280003B6A01331B78052B16D1FB6A9B7887F8E4
:10129000273097F82730BB77BB7F03F07F03DBB2A3
:1012A0005B00FA68134497F82720FA77FA7FD2098F
:1012B000D2B211467A795A54FB6ABB61BB697B6131
:1012C0007B691B781A467B691344FB62FA6ABB6A26
:1012D0009A42D3D300BF00BF3437BD465DF8047BCC
:1012E00070472DE9FF4755EC104B002D0E4619466F
:1012F0002B46BBBF05F100431D4600232D230B7079
:101300000D9BDDF830A0914623F02008BCBF22469B
:101310001446B8F1460F05D0B8F1450F00D101369B
:10132000022100E0032103AB019302AB009345ECE3
:10133000104B5346324600F0FFFEB8F1470F074608
:1013400002D119F0010F22D0B8F1460F07EB0609C0
:1013500010D13B78302B0AD10022002320462946A9
:10136000EFF7D2FB18B9C6F10106CAF80060DAF847
:10137000003099440022002320462946EFF7C4FBA1
:1013800008B1CDF80C903022039B4B4507D3039B4B
:101390000E9ADB1B3846136004B0BDE8F087591C79
:1013A00003911A70F0E7F7B503460029B8BF494228
:1013B00003F8022BB4BF2D222B22092942702ADD0B
:1013C0000DF1070217460A26944691FBF6F506FB37
:1013D000151430340CF8014C0C46632C02F1FF322A
:1013E0002946F1DC3031ACF1020402F8011C411C49
:1013F0002246BA420AD30DF10902A2EB0C02BC420A
:1014000088BF00221344181A03B0F0BD12F8015B24
:1014100001F8015FEDE7302330318370C170031DA7
:10142000F1E700002DE9F04F2DED028B8DB00C4659
:10143000DDF8608016461F46054600F06DFDD0F8C9
:1014400000A05046EEF734FF00230A93236805936B
:10145000D8F8003094F818B0073323F0070303F1ED
:101460000802C8F80020D3E9008929F00043079357
:10147000CDF8188008EE100AC4E91289DDE90601EA
:101480009E4B4FF0FF32EFF771FB88BBDDE90601A1
:101490009A4B4FF0FF32EFF74BFB48BB0022002383
:1014A00040464946EFF73AFB10B12D2384F843300C
:1014B000934A944BBBF1470F94BF90469846032341
:1014C0002361059B23F0040323604FF0000900977C
:1014D00033460BAA2146284600F0DAF9013040F0E5
:1014E00090804FF0FF300DB0BDEC028BBDE8F08F67
:1014F00042464B4640464946EFF738FB40B14B4623
:10150000002BBCBF2D2384F843307F4A7F4BD1E7AB
:1015100063680BF0DF0206925A1C3FD1062363601A
:10152000059B616843F48062002303930AABCDE915
:1015300001B309AB49EC108B009322600DF123033A
:101540002846FFF7CEFE069B0999472B804608D117
:10155000C81C02DB6368994241DDABF102035FFA0C
:1015600083FBBBF1650F20D801395A4604F15000C6
:101570000991FFF718FF0A9A1318012A814623617F
:1015800002DC2268D20701D5013323619DF82330A4
:10159000002B9CD02D2384F8433098E7069A472AE5
:1015A000BED1002BBCD10123B9E7BBF1660F18D126
:1015B000002963680BDD216113B92268D00702D5C9
:1015C00001330B442361A1654FF00009DEE713B935
:1015D0002268D20701D50233F4E70123F2E74FF086
:1015E000670B0A9B994205DB23682161D807EAD57E
:1015F0004B1CE7E70029D4BFC1F1020201221344CA
:10160000E0E723685A0507D4236942463146284655
:10161000B84701302CD164E7BBF1650F40F2E080A0
:10162000D4E9120100220023EFF76EFA002834D02B
:10163000374A012331462846B84701303FF451AFBD
:10164000DDE909239A4202DB2368D80710D518EE9A
:10165000103A524631462846B84701303FF441AF70
:101660004FF0000804F11A090A9B013B434509DCCD
:1016700023689B0700F10781E0680B9B9842B8BF85
:10168000184630E701234A4631462846B84701301C
:101690003FF427AF08F10108E6E7099B002B39DC8E
:1016A0001B4A012331462846B84701303FF419AFA1
:1016B000DDE90932134302D12368D907D8D518EEE2
:1016C000103A524631462846B84701303FF409AF38
:1016D0004FF0000904F11A0A099B5B424B4501DCFB
:1016E0000A9B92E70123524631462846B84701300B
:1016F0003FF4F7AE09F10109EEE700BFFFFFEF7F0E
:101700008A6E03088E6E0308926E0308966E0308B5
:101710009A6E03080A9AA36D9A42A8BF1A46002A35
:10172000914637DC4FF0000B29EAE97904F11A02FF
:10173000A36D0593A3EB09035B4533DCDDE90923C6
:101740009A423BDB2368DA0738D4DDE90932A2EBA1
:101750000309059BD21A9145A8BF9146B9F1000F24
:1017600035DC4FF0000829EAE97904F11A0ADDE9CD
:1017700009239B1AA3EB090343457FF779AF0123A4
:10178000524631462846B84701303FF4AAAE08F128
:101790000108ECE71346314642462846B847013077
:1017A000C0D19EE60123314628460592B847013054
:1017B0003FF497AE059A0BF1010BB9E718EE103A1A
:1017C000524631462846B8470130BED189E6059ACF
:1017D0004B46424431462846B8470130C1D180E6E5
:1017E0000A9A012A01DCDB073AD501234246314639
:1017F0002846B84701303FF474AE18EE103A52460E
:1018000031462846B84701303FF46BAED4E91201A7
:1018100000220023DDF828A0EFF776F9D8B90AF105
:10182000FF3308F1010231462846B84701300ED196
:1018300057E60123524631462846B84701303FF467
:1018400050AE08F101080A9B013B4345F1DC4B46D1
:1018500004F15002DAE64FF0000804F11A0AF2E748
:1018600001234246DFE701234A4631462846B8476E
:1018700001303FF436AE08F10108E3680B995B1ABA
:101880004345F0DCF8E64FF0000804F11909F4E7ED
:101890002DE9F047164699468A680B69DDF82080E5
:1018A0009342B8BF1346336091F8432007460C4675
:1018B0000AB1013333602368990642BF33680233AB
:1018C0003360256815F0060506D104F1190AE368AE
:1018D00032689B1AAB4226DC94F84320131E226820
:1018E00018BF012392062BD404F14302494638461F
:1018F000C04701301ED02368226903F00603042B81
:1019000002BFE5683368ED1AA3680CBF25EAE575E8
:1019100000259342C4BF9B1AED1800261A34B54225
:101920001AD1002008E00123524649463846C047F4
:10193000013003D14FF0FF30BDE8F0870135C6E735
:10194000E1185A1C302081F84300224494F84510D5
:1019500082F843100233C7E701232246494638463E
:10196000C0470130E6D00136D9E700002DE9FF4736
:101970000F7E0C9D782F914680460C469A4601F1C9
:10198000430207D8622F0AD8002F00F0D480582FC6
:1019900000F0C08004F1420584F842703AE0A7F1FB
:1019A0006303152BF6D801A151F823F0051A01089D
:1019B000191A0108951901089519010895190108C6
:1019C00095190108191A01089519010895190108B6
:1019D00095190108951901081D1B0108451A0108F0
:1019E000D71A010895190108951901083F1B01082C
:1019F00095190108451A010895190108951901085A
:101A0000DF1A01082B681A1D1B682A6004F14205C1
:101A100084F8423001239FE020682B68070603F119
:101A20000401296001D51E6803E04606FBD5B3F921
:101A30000060002E03DA2D23764284F843305A48A2
:101A40000A2312E02B682068191D2960050601D5BC
:101A50001E6802E04106FBD51E8853486F2F0CBF5D
:101A600008230A23002184F843106568A560002D2F
:101A7000A2BF216821F0040121600EB9002D4BD0D6
:101A80001546B6FBF3F103FB1167C75D05F8017D51
:101A90003746BB420E46F4D9082B0BD12368DE072C
:101AA00008D5236961689942DEBF302305F8013CFF
:101AB00005F1FF35521B2261CDF800A04B4603AA69
:101AC00021464046FFF7E4FE01304AD14FF0FF3097
:101AD00004B0BDE8F087236843F020032360334857
:101AE000782784F84570236829681F0651F8046B2D
:101AF00002D45F0648BFB6B2DF0748BF43F02003F9
:101B0000296048BF23601EB9236823F020032360A7
:101B10001023A7E72448E4E71546BDE72B682668AD
:101B20006169181D286035061B6801D5196002E03F
:101B30007006FBD51980002323611546BCE72B688E
:101B40001A1D2A601D68626800212846EEF760FBB6
:101B500008B1401B606063682361002384F8433050
:101B6000AAE723692A4649464046D0470130ADD00E
:101B700023689B0713D4E068039B9842B8BF1846BC
:101B8000A6E70123324649464046D04701309DD062
:101B90000135E36803995B1AAB42F2DCEBE7002501
:101BA00004F11906F5E700BF9C6E0308AD6E03084B
:101BB000002310B50446C0E90033C0E90433836054
:101BC00081814366C2818361194608225C3000F03E
:101BD0009BF90D4B63620D4BA3620D4BE3620D4B02
:101BE00023630D4B24629C4206D003F168029442A9
:101BF00002D0D0339C4205D104F15800BDE810401A
:101C000000F0FEB910BD00BF591D01087B1D010881
:101C1000B31D0108D71D0108DC690020024A0349F1
:101C2000034800F069B800BFB8020020A9390108D4
:101C3000C402002041680C4B994210B5044601D003
:101C400001F0B2FEA168094B994202D0204601F092
:101C5000ABFEE168064B994204D02046BDE8104037
:101C600001F0A2BE10BD00BFDC690020446A002064
:101C7000AC6A002010B50B4B0B4C0C4A1A60204686
:101C800000220421FFF794FF04F1680001220921DA
:101C9000FFF78EFF04F1D0000222BDE810401221B0
:101CA000FFF786BF146B0020DC6900201D1C0108B3
:101CB000014800F0A6B900BF1D6B0020014800F0EC
:101CC000A1B900BF1D6B002010B50446FFF7F0FF5F
:101CD000236A1BB1BDE81040FFF7F0BF044B23623D
:101CE000044B1B68002BF5D1FFF7C4FFF2E700BFE0
:101CF000351C0108146B00202DE9F843074688467F
:101D000014460026D4E90195B9F1010905D52468E6
:101D1000002CF7D13046BDE8F883AB89012B07D9F9
:101D2000B5F90E30013303D029463846C047064383
:101D30006835E9E70FB407B5064904AB086853F8FE
:101D4000042B8168019301F08FFC03B05DF804EB74
:101D500004B070471003002010B50C46B1F90E1006
:101D600000F000F90028ABBF636DA3891B1823F4B2
:101D70008053ACBF6365A38110BD2DE9F0411F46C0
:101D80008B89DB0505460C46164605D5B1F90E10C4
:101D90000223002200F0D4F8A389B4F90E1023F432
:101DA0008053A38132463B462846BDE8F04100F00F
:101DB000EBB810B50C46B1F90E1000F0C1F8431C99
:101DC000A38915BF606523F4805343F48053A38136
:101DD00018BFA38110BDB1F90E1000F0A1B8F8B57D
:101DE0000E461446054618B1036A0BB9FFF76CFF9F
:101DF000A369A360A3891A0725D523691BB32368A8
:101E00002269981A6369F6B28342374604DC214698
:101E1000284601F0C9FDE0B9A368013BA36023682F
:101E20005A1C22601E706269431C9A4204D0A38926
:101E3000DB0706D50A2E04D12146284601F0B4FD61
:101E400038B93846F8BD2146284600F005F8002884
:101E5000D5D04FF0FF37F4E738B52A4B0546186860
:101E60000C4618B1036A0BB9FFF72EFFA389B4F92A
:101E70000C20180722D4D90607D409232B6042F07E
:101E80004003A3814FF0FF3034E0580712D5616B57
:101E900041B104F14403994202D0284600F03EFFCC
:101EA00000236363A38923F02403A38100236360D9
:101EB00023692360A38943F00803A38123694BB9F5
:101EC000A38903F42073B3F5007F03D0214628468D
:101ED00001F0B8FDA089B4F90C2010F001030AD07C
:101EE0000023A36063695B42A361236943B910F0D7
:101EF0008000C4D138BD810758BF6369A360F4E78F
:101F00000020F7E71003002002440346934200D16B
:101F1000704703F8011BF9E70048704704040020EC
:101F200038B5064D0023044608462B60F2F7E8F961
:101F3000431C02D12B6803B1236038BD186B00200D
:101F400038B5074D04460846114600222A601A4655
:101F5000F2F7FDF9431C02D12B6803B1236038BDB1
:101F6000186B002038B5074D04460846114600227C
:101F70002A601A46F2F7A7F9431C02D12B6803B175
:101F8000236038BD186B002038B5074D044608465D
:101F9000114600222A601A46F2F7B6F8431C02D115
:101FA0002B6803B1236038BD186B0020014B186803
:101FB000704700BF1003002070B50D4D0D4C641B21
:101FC000A4100026A64209D10B4D0C4C01F05AFE7C
:101FD000641BA4100026A64205D170BD55F8043B31
:101FE00098470136EEE755F8043B98470136F2E78B
:101FF00004710308047103080471030808710308DD
:102000007047704770470A44914200F1FF3300D196
:10201000704710B511F8014B03F8014F9142F9D107
:1020200010BD2DE9F74F03690C69A34207467EDB1B
:10203000013C01F1140800F1140505EB8403019340
:1020400058F8243055F8242001339A424FEA840B83
:1020500008EB8409B2FBF3F631D34FF0000E404693
:10206000AC46F24650F8042B93B206FB03E34FEA6A
:10207000124E1A0C9BB2AAEB0303DCF800A013FA71
:102080008AF306FB0E220093009B4FEA124E92B297
:10209000C2EB1A4202EB2342BDF80030814543EA0D
:1020A00002434CF8043B4FEA224ADBD255F80B308E
:1020B0002BB9019B043B9D421A462CD33C61384608
:1020C00001F0A8F9002822DB01362946002058F843
:1020D000042BD1F800C093B2C31A120C13FA8CF37C
:1020E000C2EB1C4202EB23429BB243EA0243C145CE
:1020F00041F8043B4FEA2240E9D255F8242005EB91
:10210000840322B9043B9D421A460AD33C613046FF
:1021100003B0BDE8F08F1268043B002ACED1013C29
:10212000C9E71268043B002AF0D1013CEBE700202C
:10213000EEE70000000000002DE9F04F2DED048BCC
:10214000C56993B08DED020B57EC106BDDF8808004
:10215000079104460A920D9375B9102000F02AFEEB
:102160000246E06120B9AE4BEF21AE4801F0D8FC49
:10217000C0E901550560C560E369196851B15A6845
:102180004A60012393408B60204600F007FFE3691B
:1021900000221A603B1EBBBF23F0004303930023C1
:1021A0000122ACBFC8F80030C8F800209E4BDDF813
:1021B0000C8033EA08031BD10D9A42F20F731360AF
:1021C000C8F31303334300F09385219B63B9974B06
:1021D00027E0974B00930833219A1360009813B0BF
:1021E000BDEC048BBDE8F08F904B00930333F3E715
:1021F0009DED027B002251EC170BB0EE478AF0EE0A
:10220000678A0023EEF780FC814660B10D9A0123B6
:102210001360219B002B00F06885864B219A136088
:10222000013B0093DAE710AA11A92046B0EE480A54
:10223000F0EE680A01F094F9C8F30A558246002DC1
:102240007FD018EE903AC3F3130343F07F5351EC61
:10225000180B43F44013A5F2FF35CDF8389019461A
:102260000022754BEEF730F867A3D3E90023EEF7B1
:10227000E3F967A3D3E90023EEF728F806462846DA
:102280000F46EEF76FF964A3D3E90023EEF7D4F914
:1022900002460B4630463946EEF718F806460F461A
:1022A000EEF77AFC00228346002330463946EEF7EB
:1022B00035FC48B15846EEF755F932463B46EEF745
:1022C00023FC08B90BF1FF3BBBF1160F57D85B4B52
:1022D00003EBCB03D3E9002351EC180BEEF71EFC04
:1022E00000284ED00BF1FF3B00230C93109B5B1B8F
:1022F0005A1E45BFC3F10103059300230023069234
:1023000054BF05930693BBF1000F3CDB069BCDF851
:102310002CB05B44069300230893079B092B68D8D5
:10232000052BC4BF043B0793079BA3F10203CCBF5B
:1023300000250125032B00F28580DFE803F02E3B0A
:102340003958DDE910531D4405F23243202BC1BF3B
:10235000C3F1400308FA03F805F2124326FA03F327
:10236000D6BFC3F1200348EA030006FA03F0EEF7F4
:10237000E9F80122A1F1F873013D0E926FE7012304
:10238000B3E70C90B2E7059BA3EB0B030593CBF1EE
:102390000003089300230B93BFE7002309930A9BD4
:1023A000002B52DC0123019304931A460A920BE09E
:1023B0000123F3E7002309930A9B5B440193013354
:1023C000012B0493B8BF0123E0690021042202F12C
:1023D00014069E423DD94160204600F09FFD0090CA
:1023E000002839D1164B024640F2AF11BDE6012359
:1023F000E1E701250023079309954FF0FF3301938F
:10240000049300221223D1E761436F63A787D23F71
:10241000B3C8608B288AC63FFB799F501344D33FD3
:10242000CB6E0308E26E03080000F07FC76E03085E
:10243000BE6E03089B6E03080000F83FD06F0308D0
:102440003A6F030801230993D7E70A9B019304938A
:10245000BAE701315200BAE7E369009A1A60049BB7
:102460000E2B00F2A880002D00F0A580BBF1000F1C
:1024700038DDC04B0BF00F0203EBC2031BF4807F6F
:10248000D3E900674FEA2B1819D0BB4B51EC180B5E
:10249000D3E90823EEF7FAF9CDE9020108F00F08B5
:1024A0000325DFF8D492B8F1000F0AD1DDE902016B
:1024B00032463B46EEF7EAF9CDE902012BE0022570
:1024C000EFE718F0010F08D030463946D9E900236C
:1024D000EEF7B2F8013506460F464FEA680809F1F3
:1024E0000809E0E700F09F80CBF10006A14BA24F66
:1024F00006F00F0203EBC203D3E9002351EC180BE3
:10250000EEF79AF8CDE90201361100230225002EDC
:102510007ED1002BD0D10C9BDDE90289002B00F08D
:102520008480964B002240464946EEF7F7FA002891
:102530007BD0049B002B78D0019B002B39DD904B86
:10254000002240464946EEF777F8CDE90201019EA8
:102550000BF1FF370135DDE902892846EEF702F875
:1025600042464B46EEF768F8864B0022EDF7AEFE8A
:10257000A1F15073CDE902010393002E58D1824B93
:10258000002240464946EDF79FFEDDE902238046E2
:102590008946EEF7E1FA002840F09682DDE9022153
:1025A000404601F100434946EEF7B8FA002840F0F2
:1025B00089828DED028B119B002BC0F24E81BBF105
:1025C0000E0F00F34A816B4B03EBCB03D3E9008979
:1025D0000A9B002B80F2DC80049B002B00F3D88048
:1025E00040F06F82684B002240464946EEF724F8DF
:1025F000DDE90223EEF7A6FA049E3746002840F0F4
:102600004582009D312305F8013B0BF1010B41E2AE
:10261000F20705D5D7E90023EEF70EF801350123BF
:102620007610083773E7022575E7049E5F4692E748
:102630000099504B9DED027B314402910999B0EE17
:10264000479AF0EE679A03EBC60353E90223002989
:1026500044D04E490020EEF719F953EC192BEDF751
:1026600033FE009D41EC190B49464046EEF794FAC3
:102670000646EDF777FF02460B4640464946EDF722
:1026800023FE303605F8016B53EC192B8046894642
:10269000EEF744FA002864D142464B463749002001
:1026A000EDF712FE53EC192BEEF738FA002840F044
:1026B000B680029B9D423FF47CAF314B51EC190B2D
:1026C0000022EDF7B9FF2E4B41EC190B00224046DA
:1026D0004946EDF7B1FF80468946C5E751EC170B37
:1026E000EDF7AAFF029B009D0F9341EC190B4946A1
:1026F0004046EEF751FA0646EDF734FF3036024613
:102700000B4640464946EDF7DFFD05F8016B029B9D
:102710009D42804689464FF0000224D11B4B51EC6C
:10272000190BEDF7D3FD02460B4640464946EEF73E
:1027300013FA002873D153EC192B14490020EDF73C
:10274000C3FD02460B4640464946EEF7E7F900282E
:102750003FF42FAF0F9D6B1E0F9315F8013C302BEC
:10276000F8D0BB464AE0064BEDF766FF8046894647
:10277000BDE700BFD06F0308A86F03080000F03F5B
:102780000000244000001C40000014400000E03F16
:10279000DDE90267009D42464B4630463946EEF77A
:1027A00075F8EEF7F9F90190EDF7DCFE42464B467D
:1027B000EDF742FF02460B4630463946EDF784FD01
:1027C000019E049F303605F8016B009EAE1BB74298
:1027D00002460B4634D1EDF779FD42464B4606469C
:1027E0000F46EEF7B9F9C8B942464B46304639466E
:1027F000EEF78AF910B1019BDB070FD45146204652
:1028000000F0CCFB00230D9A2B700BF10103136039
:10281000219B002B3FF4E2AC1D60DFE45F462B46BA
:102820001D4613F8012D392A06D1009A9A42F7D194
:102830000099302201370A701A7801321A7090E735
:10284000A34B0022EDF7F8FE0022002306460F46B8
:10285000EEF75AF900289ED0D0E7099A002A00F036
:10286000CA80079A012A00F3AD800E9A002A00F070
:10287000A58003F23343089E059D059A1A440592EC
:10288000069A01211A442046069200F03DFC0746B4
:1028900065B1069B002B09DDAB42059AA8BF2B460C
:1028A000D21A0592069AED1AD31A0693089BF3B131
:1028B000099B002B00F0A380002E10DD3946324624
:1028C000204600F0E1FC524601460746204600F053
:1028D00031FC51468046204600F060FBC246089B12
:1028E0009A1B04D05146204600F0CEFC82460121BE
:1028F000204600F009FC0B9B002B064640F381802C
:102900001A460146204600F0BFFC079B012B0646F5
:102910007ADD4FF00008336906EB8303186900F095
:10292000A5FBC0F12000069B184410F01F0000F02A
:102930009480C0F12003042B40F38580059BC0F1F7
:102940001C0003440593069B034405440693059B22
:10295000002B05DD51461A46204600F0EFFC82466A
:10296000069B002B05DD31461A46204600F0E6FCAA
:1029700006460C9B002B72D03146504600F04AFDB3
:1029800000286CDA002351460A22204600F028FB7A
:10299000099B0BF1FF3B8246002B00F0B081002326
:1029A00039460A22204600F01BFB019B002B0746FC
:1029B00000F39680079B022B59DC91E0109BC3F13A
:1029C000360358E7049B5E1E089BB342BFBF089BBB
:1029D0000B9A0896F31AB4BFD2189E1B049BBCBF77
:1029E0000B920026002BB7BFDDE90423DDE9043597
:1029F0009D1A002341E7089E059D099F48E7089A14
:102A000070E7079B012B19DC029BBBB9039BC3F347
:102A100013039BB9039B23F000431B0D1B0583B1DC
:102A2000059B01330593069B013306934FF0010884
:102A30000B9B002B7FF46FAF012074E74FF0000871
:102A4000F6E79846F4E782D0059A1C331A440592BB
:102A5000069A1A441D44069279E70346F4E7049B5C
:102A6000002B37DC079B022B34DD049B0193019B79
:102A700063B931460522204600F0B2FA0146064607
:102A8000504600F0C7FC00283FF7BBAD0A9B009DF5
:102A90006FEA030B4FF000083146204600F07EFA43
:102AA000002F3FF4ABAEB8F1000F05D0B84503D00E
:102AB0004146204600F072FA3946204600F06EFA90
:102AC0009CE600263746E1E7BB46374699E500BF5E
:102AD00000002440099B002B00F0C880049B019358
:102AE000002D05DD39462A46204600F027FC074622
:102AF000B8F1000F5BD07968204600F00FFA054668
:102B000028B9834B024640F2EF21FFF72EBB3A690A
:102B10000232920007F10C010C30FFF774FA012227
:102B20002946204600F00AFC009B01330493DDE9AE
:102B3000002313440893029B03F00103B846069355
:102B40000746049B3146013B50460193FFF769FA63
:102B50004146029000F13009504600F05BFC3A46D5
:102B600005903146204600F071FCC268054602BB64
:102B70000146504600F04EFC024629462046099286
:102B800000F00CFA079B099A049D43EA0201069B98
:102B9000194310D1B9F1390F29D0059B002B02DD63
:102BA000029B03F13109019B83F8009074E73846DA
:102BB000BAE70122E1E7059B002B04DB07990B43F1
:102BC00006990B4320D1002AEDDD51460122204613
:102BD00000F0B4FB3146824600F01CFC002803DC08
:102BE000E1D119F0010FDED0B9F1390FD8D1019A36
:102BF000392313702B461D46013B15F8012C392A49
:102C00006CD001321A7047E7002A07DDB9F1390F9D
:102C1000EDD0019A09F1010313703DE7049B089A76
:102C200003F8019C934243D0514600230A222046D8
:102C300000F0D6F9B84582464FF000034FF00A0283
:102C40004146204607D100F0CBF980460746049B59
:102C50000133049375E700F0C3F939468046002339
:102C60000A22204600F0BCF90746F0E7049B0193D6
:102C7000009D31465046FFF7D4F900F13009009B22
:102C800005F8019BEA1A019B934207DD5146002398
:102C90000A22204600F0A4F98246EAE7019B002BB5
:102CA000C8BF1D46009BD8BF01251D444FF000083A
:102CB00051460122204600F041FB3146824600F099
:102CC000A9FB002896DC02D119F0010F92D12B4606
:102CD0001D4613F8012D302AFAD0DDE6009A9A42FB
:102CE00089D10BF1010B312396E70A4BFFF799BA13
:102CF000219B002B7FF46DAA074BFFF792BA019B33
:102D0000002BB5DC079B022B3FF7B1AEB0E700BF4D
:102D10003A6F03089A6E0308BE6E030837B50029A0
:102D200044D051F8043C0190002BA1F10404B8BF39
:102D3000E41800F0E7F81E4A0198136833B963609D
:102D4000146003B0BDE8304000F0E2B8A34208D9F7
:102D5000256861198B4201BF19685B6849192160B8
:102D6000EDE71A465B680BB1A342FAD91168551812
:102D7000A5420BD1246821445418A3421160E0D12C
:102D80001C685B6853600C441460DAE702D90C23BA
:102D90000360D6E7256861198B4204BF19685B6838
:102DA000636004BF491921605460CAE703B030BDB5
:102DB000206B0020024B0146186800F023B800BFCA
:102DC0001003002070B50E4E0C463168054611B94F
:102DD00000F096FE30602146284600F091FE431C2C
:102DE0000AD0C41C24F00304A04207D0211A2846AC
:102DF00000F086FE013001D14FF0FF34204670BD57
:102E0000246B00202DE9F843CD1C25F0030508357F
:102E10000C2D38BF0C25002D074601DBA94205D932
:102E20000C233B6000263046BDE8F883DFF8D080F5
:102E300000F068F8D8F800301C465CBB29463846DC
:102E4000FFF7C0FF431C044655D1D8F80040264682
:102E5000002E45D1002C48D023683146384604EB7B
:102E6000030900F04DFE81453FD121686D1A2946C6
:102E70003846FFF7A7FF013037D023682B44236083
:102E8000D8F80030002B38D05A68A2422BD100224B
:102E90005A600FE02268521B1FD40B2A17D9611900
:102EA000A342256018BF5960636808BFC8F80010C6
:102EB00062514B60384604F10B0600F029F826F009
:102EC0000706231DF21AAED09B1BA350ABE7A3420B
:102ED0006268DDD1C8F80020ECE723466468ACE7FF
:102EE00034467668B4E71346CCE70C233B6038469B
:102EF00000F00EF897E72560DCE75B60FFDE00BFBF
:102F0000206B00200148FFF77CB800BF1C6B00203D
:102F10000148FFF777B800BF1C6B002070B5C66989
:102F200004460D4676B91020FFF744FF0246E061E3
:102F300020B9184B18486B2100F0F2FDC0E901667A
:102F40000660C660E669F36883B1E369DB6853F83D
:102F50002500B8B9012101FA05F6721D920020463C
:102F600000F0FCFD60B1C0E901560EE02122042111
:102F7000204600F0F3FDE369F060DB68002BE4D14C
:102F8000002070BD026843F825200023C0E9033308
:102F9000F7E700BFCB6E03084B6F030870B5C66937
:102FA00005460C4676B91020FFF704FF0246E8619B
:102FB00020B9094B09488F2100F0B2FDC0E9016634
:102FC0000660C6603CB1EB696268DB6853F82210AA
:102FD000216043F8224070BDCB6E03084B6F03089D
:102FE0002DE9F0410D6907460C461E4601F1140C0F
:102FF0000020DCF8003099B202FB01611E0C0B0CC2
:1030000002FB063389B2013001EB034185424CF8E3
:10301000041B4FEA1346ECDC0EB3A368AB4219DC89
:10302000616838460131FFF779FF804628B90246CA
:103030000C4B0D48BA2100F073FD2269023204F1F5
:103040000C0192000C30FEF7DEFF21463846FFF7F8
:10305000A5FF444604EB850301355E6125612046EA
:10306000BDE8F0813A6F03084B6F0308030C1B04A3
:10307000D3B90004102310F07F4F04BF00020833BF
:1030800010F0704F04BF0001043310F0404F04BF34
:1030900080000233002805DB10F0804F03F10103AC
:1030A00008BF2023184670470023E4E7036813F0A5
:1030B00007020CD0D90722D49A0749BF5B089B08A6
:1030C000036001225CBF036002221046704799B280
:1030D00009B91B0C1022D9B209B908321B0A190709
:1030E00004BF1B090432990704BF9B080232D907A9
:1030F00003D45B0802F1010203D00360E5E700227C
:10310000E3E72022E1E7000010B50C460121FFF7BC
:1031100005FF024628B9054B054840F2451100F06D
:10312000FFFC01234461036110BD00BF3A6F030837
:103130004B6F03082DE9F04F91460A69D9F810301A
:103140009A42B8BF0B460C46BCBF4C46994627690D
:10315000D9F810A0A368616807EB0A06B34285B0EE
:10316000B8BF0131FFF7DAFE30B90246444B45489B
:103170004FF4B17100F0D4FC00F1140505EB8608A2
:103180002B460022434521D304F1140303EB8707A8
:1031900009F1140303EB8A0202923A1B153A22F05A
:1031A0000302043204F115018F4238BF0422019258
:1031B000029A03939A420CD8002E03DD58F8043D7E
:1031C000002B5BD0066105B0BDE8F08F43F8042BFF
:1031D000D8E7B3F800A0BAF1000F24D004F1140E20
:1031E000A9464FF0000C5EF8042BD9F800101FFA26
:1031F00082FB89B20AFB0B114FEA124BD9F800206F
:1032000061444FEA124C0AFB0BC202EB114289B235
:1032100041EA0241774549F8041B4FEA124CE2D8D3
:10322000019A45F802C0039AB2F802900433B9F14A
:10323000000F21D0296804F1140CAE464FF0000AAB
:10324000BCF800B0BEF8022009FB0B22524489B240
:1032500041EA02414EF8041B5CF8041B4FEA114A94
:10326000BEF8001009FB0A1101EB124167454FEA55
:10327000114AE5D8019AA950043599E7013E9BE728
:103280003A6F03084B6F03082DE9F843154612F017
:10329000030206460F4607D0254C013A002354F896
:1032A0002220FFF79DFE0746AD103DD0F4697CB9A2
:1032B0001020FFF77FFD0246F06128B91D4B1E4824
:1032C00040F2B31100F02CFCC0E901440460C4607A
:1032D000D6F81C80D8F808404CB940F2712130462D
:1032E000FFF712FF0023C8F80800044603604FF000
:1032F0000009EB070AD5394622463046FFF71AFF88
:10330000394680463046FFF749FE47466D100BD0E0
:10331000206838B9224621463046FFF70BFF20606F
:10332000C0F800900446E4E73846BDE8F88300BFE3
:1033300098700308CB6E03084B6F03082DE9F04724
:103340000C464968236903EB6218A3680746914657
:103350004FEA621A08F10106B3420BDB3846FFF769
:10336000DDFD054648B90246284B29484FF4EF7168
:1033700000F0D6FB01315B00EEE7002300F1140101
:1033800000F110021846534533DB20692AEAEA7A35
:1033900004F1140319F01F0901EB8A0103EB800CFF
:1033A0002BD0C9F1200E8A460022186800FA09F0D5
:1033B00010434AF8040B53F8042B9C4522FA0EF2F2
:1033C000F3D8ACEB0403153B23F00303043304F1FF
:1033D0001500844538BF0423CA500AB108F102061B
:1033E000013E38462E612146FFF7D8FD2846BDE84C
:1033F000F08742F8040F0133C5E7043953F8042B72
:1034000041F8042F9C45F9D8EAE700BF3A6F03085A
:103410004B6F030830B502690C69121B0ED100F125
:103420001403143103EB840001EB840150F8045DB4
:1034300051F8044DA54203D005D30122104630BDFA
:103440008342F3D3FAE74FF0FF32F7E72DE9F84F65
:103450000C460646114620469046FFF7DBFF051E48
:1034600010D129463046FFF759FD30B93A4B024694
:1034700040F23721394800F053FB0123C0E90435FD
:10348000BDE8F88FA4BF4346A0463046D8F80410E4
:10349000A6BF1C4600250125FFF740FD20B92E4B95
:1034A000024640F24521E5E7D8F810702669C5606C
:1034B00004F1140908F1140500F1140E05EB870C52
:1034C00009EB860608F11002F246002159F8043B88
:1034D00052F804BF11FA8BF899B21B0CA8EB010843
:1034E000C3EB1B4303EB28431FFA88F819144E451E
:1034F00048EA03434AF8043BE8D8331B153B23F062
:10350000030304331534A64238BF04231D44734417
:103510009E462E4666450ED30CF10302521B22F046
:103520000302033DAC4538BF0022134453F8042D79
:103530007AB10761A4E756F8048B11FA88F21414E3
:1035400004EB184492B242EA04424EF8042B2114D0
:10355000E0E7013FEAE700BF3A6F03084B6F03085B
:103560002DE9F7430F46012159EC108B1646FFF762
:10357000D5FC044630B90246244B254840F20F31B1
:1035800000F0CEFAC9F30A55C9F313032DBB01931A
:10359000B8F1000326D068460093FFF787FDDDE908
:1035A0000012E8B1C0F1200302FA03F30B43C2405A
:1035B00063610192019BA361002B14BF02220122CF
:1035C0002261BDB1A5F2334505443D60C0F135002F
:1035D0003060204603B0BDE8F08343F48013D6E7A3
:1035E0006161E7E701A8FFF761FD019B636120309E
:1035F0000122E5E704EB8203A0F23240386018694B
:10360000FFF734FDC0EB4210E2E700BF3A6F03085A
:103610004B6F03089368013B002B10B4936008DAEA
:103620009469A34201DB0A2903D15DF8044BFEF73C
:10363000D6BB1368581C1060197008465DF8044B1F
:103640007047F8B506460F461446D518AC4201D16E
:10365000002007E014F8011B3A463046FFF7DAFF76
:10366000431CF3D1F8BD00002DE9F04F0D469DB08D
:1036700014469846064618B1036A0BB9FEF724FBB8
:103680006B6ED90705D4AB899A0502D4A86DFEF7F5
:10369000B8FCAB891B0701D52B699BB9294630467D
:1036A000FEF7DAFB70B16B6EDC0704D54FF0FF302C
:1036B0001DB0BDE8F08FAB899805F7D4A86DFEF773
:1036C000A1FCF3E70023099320238DF82930CDF8DE
:1036D0000C803023DFF8B0818DF82A304FF00109DB
:1036E00023469A4613F8012B0AB1252AF9D1BAEBE1
:1036F000040B0BD05B46224629463046FFF7A1FF5C
:10370000013000F0A980099A5A4409929AF80030D1
:10371000002B00F0A18000234FF0FF32CDE90523FC
:103720000AF1010A049307938DF853301A93544613
:10373000052214F8011B5448ECF76AFD049AD8B925
:10374000D10644BF20238DF85330130744BF2B23E9
:103750008DF853309AF800302A2B15D0079A54462A
:1037600000204FF00A0C214611F8013B303B092B99
:103770004DD9B0B1079214E0A0EB080309FA03F3A6
:1037800013430493A246D2E7039B191D1B680391C0
:10379000002BBBBF5B4242F0020207930793B8BF06
:1037A000049223782E2B0CD163782A2B34D1039BDF
:1037B0001A1D1B680392002BB8BF4FF0FF33023471
:1037C0000593DFF8D4A0217803225046ECF720FDC2
:1037D00038B1049BA0EB0A0040228240134301341D
:1037E000049314F8011B29488DF828100622ECF7E1
:1037F0000FFD00283FD0264B1BBB039B073323F054
:10380000070308330393099B3B44099368E70CFBC8
:1038100002320C460120A6E7002301340593194625
:103820004FF00A0C204610F8012B303A092A03D930
:10383000002BC6D00591C4E70CFB012104460123EF
:10384000F0E703AB00932A46124B04A93046FDF77C
:10385000E9FD0746781CD6D16B6ED90705D4AB8934
:103860009A0502D4A86DFEF7CDFBAB895B063FF548
:103870001DAF09981CE703AB00932A46054B04A92A
:103880003046FEF773F8E4E7A4700308AE7003084F
:103890002514010843360108AA7003088A892DE916
:1038A000F041054610070C4658D44B68002B05DC48
:1038B0000B6C002B02DC0020BDE8F081E66A002ED4
:1038C000F9D0002312F480522F68216A2B6032D085
:1038D000606DA3895A0705D56368C01A636B0BB185
:1038E000236CC01A00230246E66A216A2846B047C4
:1038F000431CA38906D129681D292BD8294A0A41CE
:10390000D60727D400226260D9042269226004D538
:10391000421C01D12B6803B96065616B2F600029DF
:10392000C9D004F14403994202D02846FFF7F6F9C2
:1039300000206063C0E701232846B047411CC8D17E
:103940002B68002BC5D01D2B01D0162B01D12F6069
:10395000B1E7A38943F04003A381ADE70F69002FCE
:10396000A9D093070E6808BF4B690F6018BF0023EA
:10397000A6EB07088B60B8F1000F9CDD216AA66AF0
:1039800043463A462846B047002806DCA38943F060
:103990004003A3814FF0FF308EE70744A8EB0008F7
:1039A000E9E700BFFEFFBFDF38B50B6905460C46EF
:1039B00013B90025284638BD18B1036A0BB9FEF7C4
:1039C00083F9B4F90C30002BF3D0626ED00704D425
:1039D000990502D4A06DFEF714FB28462146FFF797
:1039E0005DFF636EDA070546E4D4A3899B05E1D445
:1039F000A06DFEF707FBDDE770B50C46B1F90E10C0
:103A0000002996B015461E460DDAA38913F0800FE3
:103A10004FF000010CBF4FF4806340230020316061
:103A20002B6016B070BD6A4600F048F80028ECDB49
:103A3000019901F47041A1F50053594259414FF4E5
:103A40008063EBE78B8973B59D0706460C4607D567
:103A500004F14703236023610123636102B070BD59
:103A600001AB6A46FFF7C8FF009905463046FFF7ED
:103A7000C9F948B9B4F90C309A05EFD423F003031F
:103A800043F00203A381E3E7A389206043F08003AE
:103A9000A381009B6361019B20615BB1B4F90E10AF
:103AA000304600F01DF828B1A38923F0030343F04A
:103AB0000103A381A3891D43A581CFE738B5074D35
:103AC00000230446084611462B60F0F725FC431CF2
:103AD00002D12B6803B1236038BD00BF186B0020F2
:103AE00038B5064D0023044608462B60F0F724FC49
:103AF000431C02D12B6803B1236038BD186B002032
:103B000038B5064D0023044608462B60F0F72CFC20
:103B1000431C02D12B6803B1236038BD186B002011
:103B20001FB514461A46094B1B680546D8684CB1A8
:103B3000074B0091CDE9013406492B4600F044F8CB
:103B400000F054F8044B1C46F3E700BF10030020BC
:103B5000BF700308CC700308FA70030837B5A1FBE7
:103B600002244CB911460192FFF74CF9019A05461F
:103B700030B9284603B030BD0C2202600025F8E7BA
:103B80002146FEF7C1F9F4E782B001B901A942B1BB
:103B90004BB113780B601278101E18BF012002B0D1
:103BA00070471046FBE76FF00100F8E749B1FF2AC4
:103BB00085BF8A2303600A704FF0FF3098BF012051
:103BC00070470846704700000EB403B5014603ABCA
:103BD000054853F8042B00680193FFF745FD02B038
:103BE0005DF804EB03B070471003002008B5062011
:103BF00000F02CF80120F0F75CFB1F2938B50446D3
:103C00000D4604D9162303604FF0FF3038BDC26B58
:103C100012B152F821304BB9204600F031F82A4653
:103C200001462046BDE8384000F018B8012B0AD004
:103C3000591C03D1162303600120E7E7002442F852
:103C40002540284698470020E0E70000024B014647
:103C50001868FFF7D2BF00BF1003002038B5074D2A
:103C600000230446084611462B60F0F712FB431C64
:103C700002D12B6803B1236038BD00BF186B002050
:103C8000F0F7FFBAF8B500BFF8BC08BC9E46704715
:0C3C9000F8B500BFF8BC08BC9E467047A9
:103CA00073747265616D2066756C6C00696F206558
:103CB00072726F72000000006172726179206D6132
:103CC000782073697A65206578636565646564004A
:103CD000286E6F6E65290000696E76616C696420DC
:103CE0006669656C642074797065000063616C6C52
:103CF0006261636B206572726F7200006D6973732D
:103D0000696E6720726571756972656420666965A0
:103D10006C640000696E76616C6964206578746516
:103D20006E73696F6E0000007375626D7367207348
:103D3000697A65206368616E67656400696E7661A3
:103D40006C696420646174615F73697A6500000066
:103D500062797465732073697A6520657863656537
:103D6000646564007A65726F2D6C656E6774682097
:103D7000737472696E670000756E7465726D696E3A
:103D80006174656420737472696E6700696E766130
:103D90006C6964206669656C64206465736372692C
:103DA00070746F72000000004E4F5F4745535455CA
:103DB0005245000057524953545F5348414B455FA9
:103DC0004A4947474C450000464C49434B5F494EE2
:103DD00000000000464C49434B5F4F555400000023
:103DE0004E4F524D414C00004C4F5720504F5745BD
:103DF00052000000504552464F524D414E4345003F
:103E00004E4F5F544150000053494E474C455F545C
:103E100041500000444F55424C455F544150000012
:103E2000444F55424C455F53494E474C455F5441C2
:103E300050000000545249504C455F54415000001E
:103E4000545249504C455F53494E474C455F54418D
:103E500050000000545249504C455F444F55424C6D
:103E6000455F544150000000545249504C455F4456
:103E70004F55424C455F53494E474C455F54415066
:103E8000000000005B4D455441204556454E545DB1
:103E9000000000005B4D455441204556454E5420DE
:103EA00057414B452055505D000000004D65746141
:103EB00020414900426F776965476C6F7665000065
:103EC000313233343536373839000000446174619B
:103ED000000000004446550025732025643A204127
:103EE0005353455254204641494C45440D0A000065
:103EF00025732025643A20415353455254204641AE
:103F0000494C45440D0A000025732025643A2041A0
:103F10005353455254204641494C45440D0A000034
:103F200025732025643A204153534552542046417D
:103F3000494C45440D0A000025732025643A204170
:103F40005353455254204641494C45440D0A000004
:103F500020207C007C0D00004E554C4C0D000000D4
:103F6000253034583A200000253030580000000039
:103F700004110040081104400C14084010140C40B7
:103F8000141410400000000000000000703F010801
:103F9000883F01080000000000000000050000004C
:103FA0000500000004110040081104400C140840F2
:103FB00010140C4014141040181414401C14184011
:103FC0000000000000000000A43F0108C43F0108F9
:103FD00000000000000000000700000007000000D3
:103FE00004110040081204100C11084010110C407C
:103FF0001518014014001400191801402C001C0071
:10400000000000008C3F0108C83F010800000000CC
:10401000E03F01080440010800000000000000002B
:1040200006000000060000002B66000000004C099E
:104030004F55A498B6316E32C0C72A80B12E69D4CC
:10404000F956024A0A20337172EA65EA08D3AE32A1
:10405000000000000E5A8F62DFDEAD21D0113878EB
:1040600003111ED2EF48630E000000003206EF1469
:10407000F5CAA749934054DEFC9E367045E9CF7DD2
:10408000F04F010084746C6CDC3901002E140000C8
:1040900000000000F0000000000000000000000030
:1040A00074D6375FB87A1300D0291000D0291000D9
:1040B000D0291000D0291000D0291000D0291000DC
:1040C000D0291000D0291000DC9A1000D02910004F
:1040D000D0291000D0291000D029100084460100FA
:1040E000D0291000985F12000CB11000D0291000E8
:1040F00068B3100068B3100068B31000804D120060
:104100007C6D12007C6D120064B61000ECB61000DD
:1041100034B81000406A1200D02910002C1A100088
:10412000C8B5100010151000D0291000D0291000BB
:10413000B81810006C191000246E1200246E1200C2
:10414000246E12008CCA1200C102CFF25D074FF636
:10415000F5040001590600014D06CFF76906CFF7B7
:104160008506CFF7D907CFF7E505CFF93506CFF9A3
:104170001107CFF9A1010FFAA9010FFA95020FFA61
:1041800009060FFAB100C00719014FFAB5044FFA3A
:10419000F5044FFA5D054FFA2D04C00059064FFA99
:1041A00071064FFA9500C007B5018FFAD9018FFA51
:1041B0000D01C00741028FFA65038FFABD038FFA24
:1041C00015048FFA61048FFA79048FFA2901C00768
:1041D000F9048FFAD90540014D068FFA81078FFA4D
:1041E000A501CFFAA502CFFA6D03CFFA7906CFFA6F
:1041F000B502400135000FFB75000FFBA9000FFB56
:10420000D9000FFBE1000FFBED000FFBF5000FFBEA
:1042100005010FFB49020FFB4D020FFB55020FFB7F
:1042200065020FFB75020FFB81020FFB75030FFB8D
:10423000AD040FFBD5040FFBED040FFBF5040FFBE2
:1042400019050FFBC903400121060FFB8D03C007B1
:10425000D9060FFB29014FFB3105C00015024FFBAA
:10426000F1024FFBAD00800065008000F5074000C3
:10427000390080001100800079008000D9008000A2
:10428000B5008000F5054FFBB9064FFBFD064FFB5F
:104290006903400151068FFB2902CFFBB5020FFCD9
:1042A00035040FFC81040FFC8D040FFC61050FFC2D
:1042B0000D018FFDA1018FFDB1018FFDC1018FFDAA
:1042C0002902400191038FFD09058FFD7104C00093
:1042D0009900CFFD0504C00051020FEFBD04CFFDD2
:1042E0002505CFFD6D06CFFDA506CFFD5D07CFFDF2
:1042F000F507CFFD29000FFEB901400111020FFEA5
:10430000A1020FFE39030FFEC9030FFEB1040FFE19
:1043100071070FFEA5068008FD070FFE0D004FFE7A
:1043200061004FFEB5004FFEB9004FFECD004FFEBD
:10433000F5004FFE05024FFED9058FFE65068FFE84
:104340007D068FFE7500400135078FFE49078FFE01
:104350006D078FFEE5078FFE1500CFFE9D00CFFE97
:10436000B500CFFEE500CFFE5901CFFE0502CFFE1E
:104370001D02CFFE510680085D0680086906800890
:10438000350780084D02CFFE9D02CFFEA502CFFE6D
:104390007D0780084D03CFFEB503CFFE1904CFFE85
:1043A0008104CFFEA904CFFEC9078008F107800869
:1043B000B1060001D906CFFE9907CFFE9500C008CF
:1043C000C900C008F100C0087D000FFFBD000FFF4D
:1043D000890500013502C00881020FFF85020FFF29
:1043E000D502C000CD020FFF19030FFF19030FFF05
:1043F000850540006D064FFF35008FFF5902CFEF56
:104400000D03CFEFAD03CFEF0104CFEF8D04CFEF5E
:104410009D04CFEF1105CFEF5905CFEF6905CFEF21
:104420001D01000299010002AD020002AD0300026D
:1044300075040002C5040002C5050002450600021D
:104440007D030FF045070002610040029100400229
:10445000650140024903400231004FF05D014FF019
:1044600009028FF051078FF02100CFF04500CFF007
:10447000B101CFF0FD06CFF00507CFF0DD000FF161
:10448000E9000FF1DD03400279050FF131060FF16C
:1044900039060FF149060FF12D004FF181004FF160
:1044A0006D048002E105800251068002D906800277
:1044B000F9068002F90680026D078002B9078002C2
:1044C00085044FF16D074FF171074FF179074FF1F7
:1044D0007D074FF181074FF19D074FF1AD074FF178
:1044E000B1074FF1B1074FF149018FF1A1018FF1F0
:1044F000DD018FF17D028FF179038FF105048FF1DA
:104500001900C002C9068FF161078FF1F9078FF119
:10451000D500CFF19902CFF1A102CFF1BD03CFF1C8
:10452000F101C0026102C002D502C0028D04C002C6
:104530003905C002FD05C002B106C00249010003F1
:10454000490100039501000331020003A5020003A5
:10455000E1020003690300038D030003CD030003A0
:104560000505000379050003D1060003F9070003E0
:10457000ED004003DD014003210740032107400314
:1045800051074003190080038D008003DD00800384
:1045900009068FF221068FF2FD07CFF249000FF3D3
:1045A0004D010FF371010FF381010FF3B5010FF30B
:1045B000B9010FF3C5010FF311020FF36903800373
:1045C0009903800351048003890580030D0680034D
:1045D0007D068003D5068003F1068003550780031E
:1045E000F501C0032503C003E505C003B106C00300
:1045F0002907C0032900000429000004C5020004A3
:10460000DD048FF359058FF309068FF36D068FF3E1
:104610007D068FF3FD068FF311078FF385078FF368
:1046200035060004FD06000445014004050340046E
:104630009D034004F504400459054004C100800472
:104640006D0580040906800441078004AD01C004A3
:10465000E901C004F503C004A906C0041107C004A1
:104660006D00000535010005B5020005B502000525
:10467000510300056D0300054505000501004005D7
:10468000E50040052103400501010FF54D010FF53F
:10469000E5020FF509030FF519030FF5CD030FF52B
:1046A000D1030FF5DD030FF5B1040FF53D0540050E
:1046B000C505400561064005C5064005F9074005EA
:1046C000650080056500800575008005F1008005A6
:1046D00049028005CD00CFF5E100CFF53101CFF5DE
:1046E000FD01CFF5ED02CFF58103CFF5E903CFF55D
:1046F0004504CFF52505CFF5ED010FF609020FF6BC
:1047000085020FF6C1020FF6F9020FF625074FF6E4
:104710007D074FF6C1074FF655008FF6C5018FF69E
:1047200039028FF649028FF6E9028FF6F1028FF611
:10473000BD038FF671048FF61D058FF60500CFF6C9
:104740008500CFF69500CFF67D01CFF68501CFF637
:10475000A902CFF6D902CFF6A503CFF6CD05CFF645
:104760006106CFF67106CFF62907CFF63107CFF6EF
:1047700021000FF7E1000FF765010FF721030FF795
:104780004D030FF7B1030FF7C1030FF791040FF7B4
:10479000AD040FF7B1050FF721060FF781060FF7EC
:1047A00091070FF7E5070FF705004FF7A1004FF747
:1047B000B1004FF761014FF775014FF7A1014FF7B6
:1047C000C5014FF719024FF789024FF7C1024FF7A2
:1047D000F1024FF75D034FF7DD044FF735054FF753
:1047E00045054FF709064FF719064FF7F5064FF73E
:1047F0008D058FF7A5058FF71D078FF75D078FF7DD
:10480000DD00CFF77D01CFF7D90680058D07800544
:104810001D05CFF7DD05CFF73501C005E903C0055C
:1048200051000FF8A1000FF839010FF811020FF82D
:1048300079020FF88104C0051507C0056107C0059E
:10484000FD07C00585000006A90000063D004FF8E1
:1048500045004FF859004FF8BD01000651014FF8CF
:1048600085030006690500065502400689008FF899
:104870003D03400601018FF845018FF8AD018FF827
:1048800021028FF871028FF8C1028FF8DD028FF8D4
:10489000ED028FF835038FF8E1038FF8F1038FF8FD
:1048A000F5038FF821048FF83D048FF865048FF825
:1048B00079048FF8E504C0069105C006FD000FF9E4
:1048C000B5010FF9B505C00695020007950200076E
:1048D000BD0200074D05000719048FF9B9048FF9CF
:1048E000C9048FF9F9048FF909058FF909058FF9C2
:1048F000CD064007D1058FF9ED068FF90D0740076A
:104900005503CFF9450740078103CFF9ED03CFF9F0
:104910002904CFF9CD074007E50740076904CFF91F
:10492000FD0740071D008007FD04CFF93100800717
:10493000490080074105CFF95D0080076505CFF983
:104940007505CFF98905CFF99D05CFF9C105CFF9D7
:10495000E105CFF9B906CFF90107CFF91907CFF96A
:104960004D07CFF99507CFF97100800789008007BF
:104970003D060FFA89070FFAE1070FFAF9070FFA58
:104980002D004FFA2D004FFAD5008007ED0080076B
:10499000FD048FFA15058FFA41058FFAB9018007DA
:1049A000D5018007D5058FFA51078FFA69078FFA6D
:1049B0009D078FFAC50380070D06CFFA2506CFFAAB
:1049C0005D06CFFA4D018FFB65018FFB8903CFFB9D
:1049D0009103CFFBC503CFFB5906CFFB7106CFFB7D
:1049E000A906CFFBC106CFFBFD06CFFB1507CFFB0A
:1049F0004907CFFB6507CFFB05000FFC6D000FFCDF
:104A00009D000FFCED000FFCF9000FFC4D010FFCA9
:104A1000B1010FFC8901C0072903C00745030FFC42
:104A200081030FFCCD030FFC2103C0075503C00712
:104A30002105C007B9060FFCC9060FFC2105C007F8
:104A40008105C00749070FFC59070FFC69014FFC9E
:104A500071014FFC81014FFC9D014FFC9505C00782
:104A6000D5014FFCD9014FFCE9014FFC75024FFC09
:104A7000ED05C007C9044FFCE1044FFC7D054FFC68
:104A800025064FFC19074FFCCD07C007E5008FFC3A
:104A9000D507C007F5008FFCDD07C007F5018FFCC7
:104AA0008D000008F1038FFC91048FFC7502000853
:104AB0002D030008DD050008F105000821078FFC23
:104AC000DD078FFCED02CFFC6104CFFC6504CFFC59
:104AD000B504CFFCBD04CFFCD904CFFC1505CFFC39
:104AE0001D05CFFC8506CFFCD90140086D000FFDE8
:104AF000E501400819020FFD31020FFD75020FFD9F
:104B000051024008ED030FFD05040FFD31040FFDB8
:104B1000A9050FFD55004FFD6D004FFDE5004FFD50
:104B200095014FFD9D014FFDB1014FFDC9014FFDA5
:104B3000AD034FFD49028FFD61028FFD2D0340083B
:104B400001048FFD19048FFDC9058FFDD504CFFD2C
:104B5000ED04CFFDB5020FFE9D038FFEB5038FFE62
:104B600075000FFF8D000FFF59020FFF71020FFF3D
:104B700059028FFFB5028FFFD9000004F1060FF62E
:104B8000CD010001FD004FF6310200011503800543
:104B9000DD05CFF8ED06CFF841024FF94D024FF990
:104BA000AD060007ED078000B5068FF9FD068FF909
:104BB0004D07CFFAF9040000110200012904800713
:104BC00079010001C5010001910100014504800740
:104BD000DD048007A1008FFB2D068007AD028FFB4F
:104BE000E9020FFDF9020FFD9901C00905034FFD10
:104BF0003501000071010000FD038FFD2D02CFEE95
:104C000065048FFDF5048FFDF906CFFD99050FFEB4
:104C100045074FFEE1054008010640080900000075
:104C200085000000E2C20845018068408420030C32
:104C30001908310448410E8D0015061021421D78D7
:104C40004A0E6FFB0143C2C6284D4C700208E000BB
:104C5000084300150610004161402142FA0A2FF670
:104C60000143C2C6E2C20845018068408420030CAB
:104C70001908310448410E8D0015061021421D7897
:104C8000EE0D6FFB0143C2C6284D4C70C20FA00051
:104C9000084300150610004161402142CE0A2FF65C
:104CA0000143C2C6E2C20845018068408420030C6B
:104CB0001908310448410E8D0015071021421D7856
:104CC0001E0E6FFB0143C2C6284D4C70820FA00020
:104CD0000843001507100041614021428A0AE000A4
:104CE0000143C2C6E2C20845018068408420030C2B
:104CF0001908310448410E8D0015071021421D7816
:104D0000A60D6FFB0143C2C6284D4C70420FA00098
:104D1000084300150710004161402142620AE0008B
:104D20000143C2C6E2C20845018068408420030CEA
:104D30001908310448410E8D0015061021421D78D6
:104D4000E20A6FFB0143C2C6284D4C71020FA0005E
:104D5000084300150610004161402142CE092FF69C
:104D60000143C2C6E2C20845018068408420030CAA
:104D70001908310448410E8D0015071021421D7895
:104D8000BE0A6FFB0143C2C6284D4C71C20EA00083
:104D9000084300150710004161402142FA09E00074
:104DA0000143C2C6F1C081808424031C110C31145C
:104DB000001005000E881D789E5A04F010E08E5AEF
:104DC000D1C0E07EF1C081808424031C110C311419
:104DD000001006000E881D78A05A04F010E08F5ACB
:104DE000D1C0E07EF1C081808424031C110C3114F9
:104DF000001006000E881D789F5A04F010E0905AAB
:104E0000D1C0E07EF1C081808424031C110C3114D8
:104E1000001006000E881D789C5A04F010E08D5A90
:104E2000D1C0E07EFC1C88B7E1C0E1C1E1C2E1C3B2
:104E3000FC1C08B1FC1C48B1FC1C88B1FC1CC8B1AE
:104E4000FC1C08B2FC1C48B2FC1C88B2FC1CC8B29A
:104E5000E1C4F1C0FC1C08BF6A208000E1C06A20E8
:104E6000C000E1C0C340F0002D000088C1B8F026AA
:104E70000170A000A47E03E94079C1C06B20C0008E
:104E8000C1C06B208000C1C00A240070D1C0C1C461
:104E900004140B3404140A340414093404140834BC
:104EA00004140734041406340414053404140434BC
:104EB000C1C3C1C2C1C1C1C004141E346F243F00AC
:104EC000E4C22F27BF036F233F00CB45A000A242BF
:104ED000208D06210000820BAFEE00AD208D1470F6
:104EE000C340F000340005F27B00200033A8A0B9D5
:104EF00033A820AD00168070A000A142147033F2D8
:104F00000016C070A000B042CB44A000A0421470B4
:104F1000C343F000400226002B00408C6D71E5B8C1
:104F2000002B80102F27BF006F233F0012F4258332
:104F3000067925A32F26BF0011F02F277F006F23AE
:104F40003F0007830F20800007A32F267F000BF070
:104F50002583257805A32F26BF00008C002B001089
:104F600006A32F26BF03C4C6E6C1A3C12F273F0255
:104F70006F233F006F263F0437886D7034700CF24A
:104F8000358883E93688448005B9422101083A62B0
:104F9000688A74708E00210080C4E782C682FFD9BF
:104FA0005ADD181A800F1200E8FB87A240C641C7DD
:104FB0004F00200042C1AB25081E00168170F00092
:104FC0003500C5B9347210F46F273F006F233F00DE
:104FD000AA215A004B2180830BF22F21BF0F000022
:104FE00077000BF02F21BF0F0000B70005F02F2135
:104FF000BF0F0000B7006F263F04688A02C108EBAC
:105000008C21C38F04F477887470D7F58C21C38FFB
:105010006D7109F427820F09010301C127A200C1A4
:1050200026A22F263F026140C6C5E07814707C009E
:10503000210000432F273F036F233F006F263F04CB
:1050400022F029F400168070F0003500C5B8147203
:105050000FF46F273F006F233F00AA205A004B2018
:1050600080830CF22F21BF0F000077000AF02F2160
:10507000BF0F0000B70006F02F21BF0F0000B700E0
:105080006F263F044C8B00815470BA07E2FF8C20DE
:10509000C38F2F263F038C20C38F0041CA21E10814
:1050A0005470E07FCA204100E07F23D8E8C3A3C149
:1050B0002F273F046F233F006F263F042D90AD70D4
:1050C00034700CF22B9083E92C90247742805A2183
:1050D00001053A622C8A34709400210080C3C48296
:1050E000A282FFDC081A800F1300343F64A240C57F
:1050F00041C65100200042C4AB21080E0016817049
:10510000F0003500C5B934720FF46F273F006F23EC
:105110003F00AA215A004B2180830CF22F21BF0FA0
:10512000000077000AF02F21BF0F0000B70006F043
:105130002F21BF0F0000B7006F263F042C8A02C446
:1051400009E98C24C39F07F42D903470AC07E2FF6B
:105150005AD98C24C39FAD710AF404821108C1008E
:1051600001C004A200C002A291D867582F263F04B4
:10517000A140C8C700168070F0003500C5B8147291
:105180000FF46F273F006F233F00AA205A004B20E7
:1051900080830CF22F21BF0F00007700E07E2F21CB
:1051A000BF0F0000B700E07E2F21BF0F0000B70047
:1051B000E07EE078F1C002881708BF01F6D802113E
:1051C000C0000D0832000C70D1C0E07EF0D892090A
:1051D000AFF42C71E4C2C34200000000C3430000DE
:1051E00000002845AE0D6FF908464C706C70C14048
:1051F000320B6008A141C4C6E4C2C34200000000F3
:10520000C3430000000028458A0D6FF908464C7121
:105210006C70C1400E0B6008A141C4C6E4C2C34219
:1052200000000000C343000000002845660D6FF930
:1052300008464C726C70C140EA0A6008A141C4C6BD
:10524000E2C2C34200000000C343000000003E0D64
:105250006FF908454C736C76CA0A6008A140C2C653
:10526000E4C2C34200000000C34300000000284520
:10527000220D6FF908464C746C70C140A60A600894
:10528000A141C4C6E4C2C34200000000C343000001
:1052900000002845FE0C6FF908464C756C70C14043
:1052A000820A6008A141C4C6E4C2C3421300D47993
:1052B000C3431300D8792845DA0C6FF908464C76B9
:1052C0006C70C1405E0A6008A141C4C6E4C2C3421A
:1052D00000000000C343000000002845B60C6FF931
:1052E000084607DA6C70C1403A0A6008A141C4C69A
:1052F000F1C0C34200000000C34300000000860C60
:105300004FF908DA1E0A60086C74D1C0E07EE078BC
:10531000E4C2C34200000000C3430000000028456F
:10532000720C6FF9084609DA6C70C140F609600822
:10533000A141C4C6E2C2C34200000000C343000052
:1053400000004A0C6FF908450ADA6C76D609600845
:10535000A140C2C6E2C3A1C13A0CEFFA084540C061
:1053600040240530C34200000000C3430000000099
:105370008C76720BEFFAA140402404300BDA6C7685
:1053800092096008A14000C0C2C7E078E4C2AD70D5
:105390000A26801F1300387A0086218602790D09BB
:1053A000720122B9960BCFFAA571F10D349408E67B
:1053B000C3421300D879C3431300DC79C60B4FF9FD
:1053C0000CDA620960086C74C4C6E078F1C0C342AC
:1053D00000000000C34300000000AA0B4FF90DDAE3
:1053E000420960086C74D1C0E07EE078F1C0C3422D
:1053F00000000000C343000000008A0B4FF90EDAE2
:10540000220960086C74D1C0E07EE078F1C0C3422C
:1054100000000000C343000000006A0B4FF90FDAE0
:10542000020960086C74D1C0E07EE078E07F0C7007
:10543000E8C2084594E142012500ED700E71CD707F
:10544000E1ADE0ADAA09AFF5CF78618D408D2F2198
:10545000080408BB1470C571657ACF78C522420074
:105460002F20402040AD28BADD08748241AD09DE0E
:105470000E71E3AD021DC2137609AFF5CF78638DCF
:10548000428D2F21080408BB1470C571657ACF784E
:10549000C52242002F20402042AD28BADD08B48446
:1054A00043ADCD700E71E5AD041DC2136A08AFF5B2
:1054B000CF78658D448D2F21080408BB1470C57109
:1054C000657ACF78C52242002F20402044AD28BA0B
:1054D000DD08748245ADE7ADE6AD09DF4A26401030
:1054E0003608AFF5EF78878D468D1470402C00128A
:1054F000D079E5714578EF7BC52042003B7E06AD53
:1055000028B8E10BB48407AD0E0F4000060F600011
:1055100008ADDE0E600009ADBA0E60000AAD5A0992
:10552000AFF50BADD609AFF50CAD8609AFF50DADF6
:105530000EADC341F00000010D8914DFC2B80FADFC
:105540000989C6B810AD0591C6B811AD0C89C1B8AE
:1055500012AD138D2C8900160270F00090016C20A2
:10556000430024B95B784421420044208100052394
:105570008000257813ADE140C8C6E078E8C2F02687
:105580004D70A000F44D48470846B57066F22F27CD
:105590003F046F233F00018500AE6085428528B837
:1055A00001AE204062AE66086FF843AE828E04AE54
:1055B0005527801F22B8C5B840250315984E4C705A
:1055C00009240B101FF0608320EBD48B8089447179
:1055D000C3BE6C24C010C57800A9888B8420C20388
:1055E00004BC8424011C857800A9158BC57C07B8F0
:1055F000857800A90C93968B02A928B881A903A9E4
:1056000024744F78C308C4820CE520F0A08521EDF6
:10561000948D60894471C3BC6C23C000857800A957
:10562000688D8420C20304BB8423010C657800A923
:10563000158D857B07B8657800A90C95768D02A934
:1056400028B861A903A924744F78C508C4822F26FD
:105650003F0408D9157903F02C703078C8C6E0787B
:10566000E4C2CB44A000C07E8084607C4845CD70FD
:1056700009E8008DCD7107E83D582488058821ADE3
:1056800002ADC140C4C6E078EAC208457CB87041AA
:1056900048461D08F50030405525401E0F79C14091
:1056A0000242B7FF001904200C71CAC60F0D74180E
:1056B0001E4E2C709609EFFC4C75CB47A000B47EB3
:1056C0008287A1400241C142607C224307E8710DFC
:1056D000F0100C71310D1011E9F1250D32140C7020
:1056E000870D30140241F9E544F2FEE5DFF5208F25
:1056F00003AE02AE01AE0C7420AE3FF0410DD010EF
:10570000AB0D1191CE0E00070845026EC341130088
:10571000C178F60AEFEE4C76184EC341A000EC7F3C
:10572000E60AEFEE4C7609ED8025041F1E4E4C76FE
:10573000D60AEFEEA14100110021B6F10D08352582
:105740000C7000190520CAC60A0FEFF90C72412827
:105750000306412802044128010210AE14D873AE9A
:1057600052AE31AE09F010D86A0AA000C14205F06D
:10577000C14002412FFF310911A098F1E8C2CB4688
:10578000A000B47E648648453040607B0847B6E898
:10579000FEE70C7033F40D081020408D40AE03F08E
:1057A000408ECB451300C77805EA8C22C38F23F2C5
:1057B00006F0F20C6FEEA140408E1AEA21860169D4
:1057C00001A63A0B6FEE5A4D008E250894003B5807
:1057D000004320441D4DE141220B6FEE0242008E3A
:1057E0000D08F4005425401A120B4FEE048E0D08DC
:1057F0001E00820C6FEE0AD80C71C8C6E2C2390BCB
:10580000B00028434B0B5000A30B110080905F0C9D
:105810001316AB0CD011B70C1012930C91122190EF
:1058200004691109340200A253217E800C7146F2F2
:105830000AD868F08090C341A000D0D34B0CD0119F
:105840004D0C1012670C9112D608000051F0809098
:10585000CB45A000C87E3F0C9016490C50164F0C4B
:105860001116828523EC407C43F07B0C1016870CCC
:1058700050163B0C911621900C7164693D09300162
:1058800060A21AD83EF0DE0B000033F01E0C0000C0
:105890002FF020850BE943852588607A048829F05C
:1058A000808505EC607C048823F0CB44A000CC7E8E
:1058B000A0842AED607D6141C2C621900C716469AB
:1058C000F909308160A207D81CF001902C68646847
:1058D000F8E160A205F753207E800C71EEF308D842
:1058E00010F00190246820A203E818D80AF00C7187
:1058F000C2C621900C716469C109308160A219D8B7
:105900002C7170580C70C2C6F1C07920000004716F
:1059100004A90C716458D1C0E07EE078F8C2084652
:1059200004880D081F000196A10811020B1694109F
:10593000CE086FFA0A16931004E82D10920003F0B7
:105940004E71CB47A000F4D4CB45A000D4D40C704A
:10595000031FC214041F02151CAD181D4511229609
:10596000081690104B210086304113F24129CC20BB
:10597000532441105D09D0006B0990007D0951004E
:10598000670A5F20C341A000EC4021D84DF02E589B
:105990001045345800410240A242335816E8BC4832
:1059A00018DA6608EFEEA1400185F0D904796309A1
:1059B000300491E0E5093108A2E0F7F2A1E0C62148
:1059C0002126CF21E120F5F000962C767058D8C61C
:1059D000081D8114041D8114001D801FA000744047
:1059E0000DF03F0A5120081D4114041D4114001DF3
:1059F000801FA000544003F001A5498E2E8D00AFFA
:105A00005B7AC0B91FAD194E45792EAD44F00A023C
:105A10002100567192E00F022000C5212126C341CA
:105A2000A000084122D8558DC0DB2F24020409169E
:105A3000881006160B114424071141290C2353200A
:105A4000862002A501A520A50421C120442400022E
:105A5000442409126C24CC0026B905208001412978
:105A600085230521C1018578842202004425430055
:105A700005214102457873AD34AD15AD0396101D77
:105A8000C412121D02121FAD28B800AFA609600093
:105A9000A140194E008802AF41290022442117A1DC
:105AA000D342A000E07E1D1D4214011F02141EAD52
:105AB00012F2C5B8D3464C3DCDCC1108740163B881
:105AC000483080000030960527091F20D34012007F
:105AD000504B08F023093F20CE70D34012004C4BAE
:105AE0004023C0246C204000001A002410F0D34052
:105AF00012007C4B04F0D3401200784B9C4E056F93
:105B00006242060FAFEE001A002410D8402755114C
:105B1000F670D347120064580DB50FF240250516F4
:105B2000A1408241A24262430A24C005232000040E
:105B30000A268005D8C615097F2040250516A140F4
:105B40008241A24262432CF0422351202F2647F487
:105B50001FF2402518160A2640248A46CF796C7118
:105B60008C70A140A242232000040A2500060012E6
:105B70001020C677A6712F2687F5C571F0F5422350
:105B80008120066F2F7A00245424002215002F2133
:105B90000705402505166C71A140A2422320000490
:105BA0000A24C005D8C6462111264F211121089587
:105BB000528D958D748D131589108A2301101FAD98
:105BC00042AF412802029B78366B402BC80004216B
:105BD000862F00001F3FC2BC4421511040AF6C20F3
:105BE0000901442002040421C00244200B18457C12
:105BF0000526C2020CBB8421020045780423830FD2
:105C00000F000080257840299123657805245012E3
:105C10000521112042F146211126CF212121CF213A
:105C2000E2200E8D0E70001F02141F1D02141D783D
:105C300033F1E078C341A000F47E4081004307EADD
:105C400040404382FEEA63A002F060A10C70E07F56
:105C50000C1B0100C340A000E87E2180E07F008093
:105C6000E4C2CB45A000E87EC488088D390E001040
:105C7000170E9110960A4FFA21A500A53BD8C341F3
:105C80001200B05B07F01F08B1003BD8C341110000
:105C900064A69A0E00000C716B200004E078E07896
:105CA000E078C8ADC4C6E078EAC22190A468CB47CA
:105CB000A000E87E38608A20832840201101008DF2
:105CC0008C20038C48002500C16D288FB509B100D8
:105CD00000418021FC02A509750241DA770A6F00B4
:105CE00082DA7F0A6F008A220401910A4E00248E14
:105CF00021A7418E638E208E828E08BA08BB257A3A
:105D00000523010310B9457920A73CF07D08300038
:105D1000A572A38707000000A385770D10102085CA
:105D20002489F9090180088F0B0851003B5821A7ED
:105D300000A7488D0185D20CAFEEC1414085A88DEA
:105D4000B912C00045083300DD652187008772580D
:105D50001CF0408E208761870022428009F0218E4E
:105D6000408E808708B9618745790024429041239D
:105D7000018021A740A706F0001E0274F000480031
:105D8000FA0C2FFA2C701D65370D4494CAC6E2D860
:105D9000001E0270F0004800CAC6E078F1C0A3C13E
:105DA000C342A000F07E408A0AEA048841C12C74F4
:105DB00093B940C162C00C7180C16458A3C0D1C006
:105DC000E07EE078E6C242233C8015F2CD70AD70F3
:105DD000A8204004976D5C642F27FF026F233F00CB
:105DE000F38C06EFD3AC0E1C4310D0A42F26FF0279
:105DF000A5715E098FF9C6C600161D70A000044784
:105E000009244C17F0261D73A000206CAB25103020
:105E1000AA259030350DFE315025DD31AB2590306F
:105E200067244033FC1CC8B7AA250938A7250939BF
:105E3000FC1C48B7AA254938A7254939FC1C48B796
:105E40000A27803F11003CC86F243F00AA279030EA
:105E50004F27DF31AB27903004141D34AB2549396F
:105E600004141D34AB25093904141F34672440334E
:105E7000AB2710306F243F00C342A000007F39A23F
:105E8000E07F18A2F1C0FA090FFDC340A000084747
:105E90004020020ACC4820E0001A800F1200A85DC2
:105EA0000019800F1200545D0018800F12008E61DF
:105EB000D1C0E07E05EB1522CC00FC1CC090CD07C4
:105EC0000FFEE078004206E8108AE7B80C77E07D24
:105ED000D901EFFE4040E078EAC20010100008450A
:105EE00058204E0170B870417E0DEFFC2847C34129
:105EF00000801E403671D5212208E4A6041D5010F2
:105F00001825021407F42C70041E0110A3A642A643
:105F10000AF0C341A000007F988179814041A1A689
:105F200083A662A620A6CAC60C705470AB2050028D
:105F3000E07CC340A000587FE07F40A0EEC24E70DE
:105F4000CB46A000007F8A2190285240A46EAB224D
:105F500050220085402153200CE82086E18580B93D
:105F60002B214004FE0E0FFEE5782B20C00406F026
:105F70002B2240242B22C02406710CE62672D7085F
:105F800034A20CE5CEC6E078EEC2D988084530438D
:105F9000C1BE76086FFBA1404E700E710AE81F0E5D
:105FA000B510A1403558130B25200C712E7040F010
:105FB0000C7110413CF00D8D03E8E08505F00D1DDE
:105FC0004310A94702F01CEF3E086FFBE14011E8C7
:105FD000E14035581B08C104558705EA3987607AC6
:105FE000E140190F6013E140320B0FF906F01A0877
:105FF0006FFBE14002E80E70E087E7F1167015F2E2
:106000001A0B2FF9A1400B0E90100D1D0310108DCF
:1060100014700BF2101D03109E782C704C71A1406F
:106020009158BE784E71792010200C7083E856701C
:10603000B1F51470CA2042240240CEC6001E007082
:10604000A000E0476A208002AEB8BFB829200080D7
:10605000AA20C1005120C087BFB8AB20C100E724EF
:106060006233C740A000E047641C08B0AA20490979
:10607000981C0030AA200909941C0030AA20490865
:10608000901C0030AA2009088C1C00300A20000F48
:10609000881C00306A208000841C00306A20C00008
:1060A000801C00307C1CC037781C8037741C403743
:1060B000AA2050005CC06C1CC036681C8036641C72
:1060C0004036601C00365C1CC035581C8035541CA2
:1060D0004035501C00354C1CC034481C8034441CD6
:1060E0004034401C00344FC74EC64DC54CC42C1C18
:1060F000C032281C8032241C4032201C00321C1C60
:10610000C031181C8031141C4031101C003143C3B5
:1061100042C241C1AA204800422000841E00010062
:106120006A2180084421C1006B2180082220800F51
:106130001200D03914702A000100AB20480000166C
:106140000A70A000AC46001A00172220800F12002F
:10615000EC2A00160A70A000AC4600121C1098141D
:106160001E30AB26493994141E30AB2609399014E1
:106170001E30AB2649388C141E30AB2609388814E3
:106180001E300A24807784141E306B2680308014E1
:106190001E306B26C0307C141F3078141E307414EF
:1061A0001D306C141B3068141A30641419306014DC
:1061B00018305C141730581416305414153050141D
:1061C00014304C141330481412304414113040145D
:1061D00010300FC70EC60DC50CC42C140B3028147C
:1061E0000A3024140930201408301C140730181405
:1061F0000630141405301014043003C302C201C168
:106200001CC0AB2050009C1400346F233F006F244F
:106210003F00E078FC1C08B0AA2048000B081000E2
:106220000C70AB20480010D8AB2048000414003498
:10623000E07EE208000098141E306B26403398146C
:106240001E30AB26493994141E30AB260939901400
:106250001E30AB2649388C141E30AB260938881402
:106260001E300A24807784141E306B268030801400
:106270001E306B26C0307C141F3078141E3074140E
:106280001D306C141B3068141A30641419306014FB
:1062900018305C141730581416305414153050143C
:1062A00014304C141330481412304414113040147C
:1062B00010300FC70EC60DC50CC42C140B3028149B
:1062C0000A3024140930201408301C140730181424
:1062D0000630141405301014043003C302C201C187
:1062E0001CC0AB2050009C140030AB201000A01448
:1062F0000030AB2090005120C087A41400346F23DD
:106300003F000A000100672440336F243F00E0781B
:1063100000160A70A000AC4600121C10C3400040DA
:106320000000AB205002E07EE2C0AA240A14157CD3
:1063300092498A209F0F4478412A430135BA4F2061
:106340000D000423810F0000C0FF5322C0002578F8
:10635000A0B401B4C2C4E078E8C2CB45A0008C7FF1
:10636000484628471040C340A00094402ADA9A0EBD
:106370006FEEA141DC4DC340A000C0408A0E6FEE1D
:106380002ADA0240E141EE0AAFFAC142C8C6E0781B
:10639000CB44F0000001148C17089F01148C1308E3
:1063A0005F010B940B081F00148CE4B8E07C148C84
:1063B000C341F000340045DA15A9768C70D890B846
:1063C00076A954A905A445D89507EFF32C70E07879
:1063D000C340F00000012D880C88C2B924B8C0B8B1
:1063E0004720C00109204000E07F0471C340F00055
:1063F00000012D880C88C2B924B8C0B84720C0015C
:106400000920410022780471E07F0F7841020FF5E6
:1064100029020FF54D020FF5F1C05E090FF51108C5
:1064200074024220410209095402FFD8D1C0E07E23
:106430005588748878D9447904BAC3BB8422010C86
:1064400087B9657A35A8E07F54A8E078E2C064880F
:10645000058824BB0029CC006C714128CD0041285F
:10646000010106234003C2B947783878057C8F784C
:10647000C2C4E078EEC3A1C1084614882486F5683A
:106480003F67288F0386001E0070F0002C011CE976
:106490004087698F01864027111403128B00828A7E
:1064A000442312820A20402403F4001110200D71AD
:1064B000290B3F00AD711D0A302028451D095401EC
:1064C000AD740CF02286001C013000C000A1CEC7C4
:1064D00009093404284510DD2187428640C100C1E6
:1064E0001108312020A22C7023A022A021A020A0DE
:1064F0004423138104F24A8F22864CA900280213F8
:106500002F273F036F233F00C341F0004002130BCE
:1065100051106581657A45A12F263F0306F06581FC
:10652000467B65A12F263F030D0830200241DA0C7F
:106530006FEEA142110B31205325011142860C70E0
:1065400090B806F04286C3400100000140C060C11F
:1065500000C02B08302001A2088F230D0510210A4E
:1065600010201B0D35114E253C11B24FA820C00143
:10657000B8673088B862A57130A8CEC70275001917
:106580004023CEC7EEC3A3C1084614882486F5680D
:106590003F67288F0386001E0070F0002C0118E969
:1065A000498F0186402711144422138250420A2049
:1065B000402404F400111020290A3F20AD711D0B66
:1065C000302028451D095401AD740CF02286081CAA
:1065D000013002C000A1CEC709093404284510DDEE
:1065E0000D0830200241220C6FEEA142170ABF2095
:1065F000532501110C7090B8428641C061C101C0A1
:1066000008F0C34001000001428640C060C100C0E4
:106610002B08302001A2088F230D0510210B10201C
:106620001B0D35114E253C1102274213A820C00135
:10663000B8673088B862A57130A8CEC70275001956
:106640004023CEC7F0C208451488248510DFD568E2
:106650003E66098E20850C161110081690104420F5
:106660005480CA2762100F08BE00104250228020BA
:1066700009AE130930200927131422408A0B6FEE4C
:106680006242150F25140220C024C3411200A866DF
:1066900008AE27F0148D4086768D04710F797071E5
:1066A000228A8D71638ACA202600002C421014AD04
:1066B0002F273F036F233F00C340F0004002C34138
:1066C0001200B066110B51006580467B65A02F2635
:1066D0003F0307F06580657A45A02F263F030D092B
:1066E00030200021C02403A6512240A02E701FF2AA
:1066F0003D270214792400200520BE8017F205866C
:106700000430408426002C00A142320C8FFD14700E
:106710001A002B004A21C0280385001E0070F000DB
:106720002C011F0F25142E7010F00D0F2514A14001
:1067300095FFD0C6A14050FF178D047717AD468650
:1067400004EA2786607A2240D0C6E0783906EFFF57
:106750002040E078E2C22040284547FF178D0477AB
:1067600017ADC2C6F1C0C8444A26C001F81CC8B162
:106770000A0C6FF58147A2C0D1C0E07EF1C0C844C9
:106780004A26C003F81CC8B1F20B6FF58147A2C0BE
:10679000D1C0E07EF1C0C8444A26C001F81CC8B18F
:1067A0000A0B6FF58147A2C0D1C0E07EF2C3A1C140
:1067B0000010150108470A21C0210A2280210A235E
:1067C00040210A20002170442F273F006F233F0003
:1067D0000DC6168E778E04771D0B0300758E04860A
:1067E000B56B1D652AAD1909FF20E0A578220300CD
:1067F00044A50FF06F263F000C70D2C720EA492055
:106800001021284D4041020A6FEE02426C700CC00C
:10681000081D02140C1D0015181DC0141C1D801429
:10682000091D421405A580C0E1414A086FF5A24246
:1068300000C001A5C14004F80C71D2C76F263F000B
:10684000DCF1E078E2C20845178884E8A1400AFF3D
:10685000A6096FF5A1406F263F00C2C6F6C23045BB
:1068600008457758782013008CD81F230F20CB467B
:10687000A000CC49A140560EEFF9DF672F871047E3
:10688000304105E9624020581042EB852A852F27C8
:10689000BF056F233F006F263F046240E142060DB3
:1068A000EFFC30408E710DE8388D6C70A242624072
:1068B0000A240004E145A146265883E88E704C71F5
:1068C000E241624099582F26BF05410930206240BD
:1068D00020583908640462409F200203C84E1E6697
:1068E0001D0A64243A602182088605207E800EF20B
:1068F00007200004E77905207E8008F2402340222B
:10690000201E0014E1A28D588240D6C6EAC2F26968
:10691000504130405CD9E1426846320F2FFC0845B7
:106920004A240072A2A6FD650C6D2C70C14203A61C
:10693000A820C002011180241470CA2161003470A3
:10694000C078011A1200C340A000E47F2080101E0E
:106950000014C0A025A6CAC6EAC200160370A00093
:106960006C7F48473040CE6BC343A000F0F3402318
:106970000D061041C3421300A479C141A140E4FFB8
:106980000019802FA000F87FC0A700184023CAC6B6
:10699000EEC2C8470A2100217042484530401D0D13
:1069A000300010430AEF40250E0666BD0242A043A8
:1069B000C140A141D6FF03F0A84662400241A14276
:1069C00042430A244004C145160F6FFEE146CEC67D
:1069D000EEC2C340A000E47FE080504230436A2012
:1069E0008002AEB8292000802E7032F040201104C1
:1069F000630B442462874387604170401309A500FC
:106A000028462086D3715C5C5C5C246EF8F300221F
:106A10000D2008DAA140E141EE0F2FEEC3A70226B8
:106A2000001441280204412801020CAD4EAD2DADE9
:106A3000248738B80FAD41298303412982011269A7
:106A40006AAD49AD08ADE58736B92BAD2F204804B6
:106A5000CEEF6A2180028EB929204080CEC6E07830
:106A6000EAC20847CD70AD7037F000160170A00083
:106A70004C405A2500161A6100120B01590B7E106A
:106A8000504016400220D1834326019007D83C2075
:106A900042047F2100003470CA2081009AE80E4031
:106AA00040204C8041260390002111A30121C18088
:106AB0007C2102227A2100003470CA208100F6E88D
:106AC0004F2380100D0BFE100018042002407E584A
:106AD00008184024A5710016C070A00050408F0D0A
:106AE0000290CAC6E4C2E1C4FC1CC8B2FC1C88B255
:106AF000FC1C48B2FC1C08B2FC1CC8B1FC1C88B1D0
:106B0000FC1C48B1FC1C08B1E1C3E1C2E1C1E1C019
:106B1000FC1C88B76A25C010E1C56A258010E1C554
:106B2000FC1C08BFCB45F000A0010085A0B800A563
:106B30000415021022850285E078FD090180CB460C
:106B4000A000E87F008E596138609A58001EC3117A
:106B5000008581B800A5A15840D9C340F0002C01A0
:106B600020A02A094FFC05E8008580B800A5095837
:106B7000C1C50A244073C1C56B258010C1C56B25F2
:106B8000C01004141E34C1C0C1C1C1C2C1C30414A9
:106B900004340414053404140634041407340414AF
:106BA00008340414093404140A3404140B34C1C422
:106BB000C4C26F243F00E078EEC281581470A00078
:106BC000210008452F27FF046F233F006F263F0455
:106BD000008DE1B842F4CB46F000A0010086A0B8D9
:106BE000001E001022860286E078FD0921803041D7
:106BF0009A086FFC04161210D340A000E87FCB4720
:106C0000F000200114E802854220C081CA206E00F5
:106C100002A524871F09BF014270402180219A5894
:106C20000010802004710018022006F00018C32113
:106C300004F002A5A1407C58009581B800B540D869
:106C400000A706A7008681B800A604870D089F014B
:106C5000A158008680B800A62F26FF04CEC6E07893
:106C600005E80018840F0000E80706E90019820F04
:106C700000000B0005EA001A820F00000C0006EB72
:106C8000001B820F00000B000D0C1000001C820F77
:106C900000001800B470E07C001D820F0000150099
:106CA000E07EE078A81000011470E07FCA20610047
:106CB000E2C2E6E117F48D7666DD93BCC341A10024
:106CC000F011001E4273F000480080A105198302F4
:106CD00043B1188864B10A19040104A90C716458FD
:106CE000C2C6060F8FFCC2C6E4C3A7C1084634580B
:106CF00008452E580042C140A141335808450FE8CD
:106D00002F856079A1402508B50010D84E85607A9E
:106D1000A141250830046FD909F04C7080C022D9F8
:106D20006C70404466C607F066D94C706C70404485
:106D3000A1406C58C4C7E078F1C008B80A274001E8
:106D400098B84A2500025358D1C0E07E0A27400176
:106D5000B5062FF54A250002F1C000358C0F8042A0
:106D600000000A2780014834461208B82F248811F1
:106D70000F0C341198B80024861F0000FCFFAC7281
:106D80005358D1C0E07EE078F1C000358C0F8042CE
:106D900000000A2780014834461208B82F248811C1
:106DA0000F0C341198B80024861F0000FCFF4A2500
:106DB00080025358D1C0E07E0A2780010A26400194
:106DC00045062FF54A25C002F1C000358C0F8042E0
:106DD00000000A2780014834461208B82F24881181
:106DE0008FB8110C341198B80024861F0000FCFFE6
:106DF000AC725358D1C0E07EF1C0FC1C88B7AA0821
:106E00004FFA04141E34D1C0E07EE078F1C0FC1CBF
:106E100088B7620A8FED04141E34D1C0E07EE0789A
:106E2000FC1C88B7E1C0E1C1E1C2E1C3FC1C08B1B0
:106E3000FC1C48B1FC1C88B1FC1CC8B1FC1C08B28D
:106E4000FC1C48B2FC1C88B2FC1CC8B2E1C4F1C0F6
:106E5000FC1C08BF6A208000E1C06A20C000E1C0BD
:106E6000AA20900277B80F780F0850008AE8C34034
:106E7000A000EC4004F0C340A0000841CA0F8FFFFF
:106E8000C1C06B20C000C1C06B208000C1C00A24FB
:106E90000070D1C0C1C404140B3404140A340414A7
:106EA0000934041408340414073404140634041494
:106EB000053404140434C1C3C1C2C1C1C1C0041427
:106EC0001E346F243F00E078E8C2E1C4FC1CC8B265
:106ED000FC1C88B2FC1C48B2FC1C08B2FC1CC8B1EB
:106EE000FC1C88B1FC1C48B1FC1C08B1E1C3E1C228
:106EF000E1C1E1C0FC1C88B76A25C010E1C56A2564
:106F00008010E1C5FC1C08BFAA2090024220C108E5
:106F1000422040092F7C4C739140110CB5110F7B1E
:106F2000482082208022830FB36ACD71C340A00025
:106F3000744984251F1ECB47F0002001787E1D6513
:106F40002F273F006F233F00C9A741852085041DDF
:106F50000110001D01102F263F00024045580A87EE
:106F6000C478D170EEF3C1C50A244073C1C56B2546
:106F70008010C1C56B25C01004141E34C1C0C1C12E
:106F8000C1C2C1C304140434041405340414063407
:106F900004140734041408340414093404140A349F
:106FA00004140B34C1C4C8C26F243F00F0C20845AA
:106FB000C343A000D34DD340A000A04DC340A000C8
:106FC000E04D8A21870D76DA8E70001B430017187A
:106FD00003200F188300081840202418402040A0E8
:106FE0005D581D08850F0000F813C340F000340001
:106FF00028D94C7034A8151803006DF089250119A3
:1070000064D888253E17A278C8D90F7ED749D141C8
:10701000D1770C728A210A0CB20F2FF9CA21C5232D
:1070200010435D5808455B5810429608AFF716406C
:107030000C2200A0C22585141A2551143D278D135A
:107040005F25001785290322027002800421912FF9
:10705000FF01FCFF6A08AFF720E0147820E03270EF
:10706000CA210D20A140660F2FF9224110413C2773
:107070008F135B5808455C581708350808461FD819
:10708000A0E53C205403CA262510CA2525105F27F9
:1070900000170421D124002010202608AFF7164045
:1070A000150C30204225011809290100092E021073
:1070B000484909F04226011809290200092D00104B
:1070C00020E2DD65104D5148020F2FF9E140042107
:1070D00002204040D0C6E0785020C307004241283B
:1070E000C107210B840FB1421872C3401300AC7961
:1070F0003D0B840F807F01002C71190620006C70FD
:107100003D0B840FB13E1972890B850F853F921597
:10711000C3401300BC791520430008130B0023481B
:10712000522100009900200002204C003D0B810FED
:10713000807F0000410A1300E07F0C700132800F55
:107140004971CAF27FD917B90430408014002C006D
:107150008D70110B850F80310000E07F01324000FF
:107160006D70650020006C700432808FB1428071B8
:107170000C000C002C71A90420006C700432808F6C
:10718000CFC2B5F10C0026006C70110520002C71E7
:10719000F02641701300B4790032800FB83F3BAA4B
:1071A000013040004830CC024834801000308B0F52
:1071B0001737D1F70030830F313F80710232C3009F
:1071C0000233C202003280000030810F31334CBBE9
:1071D0000131810FDDB50EEA003041000131810F30
:1071E0008A3855B3003041000131810F36BB610B45
:1071F000003041000131810F2A3EABAA003040002F
:1072000002320000430C30100032010002360070E0
:107210000040000007310000402CC1158C24FE9076
:1072200002330010023300000130800F803F000065
:107230003860E020CA07C370003200000030800FC1
:10724000800D0000E07E0130800F00C0000007319B
:107250000000023200000130800F803F0000E07E1D
:10726000F81C48B3041CC0370042AD08830F8000EF
:1072700000005022FE87C3401300CC79AC002100EF
:107280002C7154703C012B004A2140000032820FC7
:10729000004C00008A25FF19890A830F807F0000B7
:1072A000532280058D7097BC0020830F4A0020FB7D
:1072B000412C0B12422AC105647C00238B10B9615A
:1072C00037BB057C7FDA17BA04238D1F7F0000C00F
:1072D0007961477C9FBA80217E00013482105D0D68
:1072E000851F000000C05022FE87F4002200347089
:1072F0006C0121004A250010483181000031800FC7
:107300001737D1F70031810F313F807151012000D3
:1073100001310D004A250010890A828F807F00000C
:107320003D01200001328D00F60A20004A230000B2
:107330002D0120005220CD070132830F00400000B4
:107340000732C30002260C70350088C2C370CFFF1D
:10735000305C857814700033CC00003400130030AA
:107360008D0F783E269E01358D1FCC3E13CE00300A
:107370004D030030800F913EEEE90130800F2A3F2F
:10738000AAAA0034001048318B0094002C00013070
:107390004C030032800F003F000000320D00013529
:1073A00000133470A8002100003301000033801F57
:1073B0001737D1F70130400081002000023500105E
:1073C000520B20006C70220B2FF6084500809108AC
:1073D0005108CB4580FF0000850000000032800F7F
:1073E000AABEABAA0130800F003F0000003283002C
:1073F0006109300000330000483181000031830F03
:1074000017B7D1F70130C3000031800F313F8071D1
:10741000023381004900200002304D000232000397
:107420004C21008034002100003301000033801F14
:1074300017B7D1F701310000023080000033811FFF
:10744000313F80711900200002310D0002354010DB
:107450000D00200002320D0002324D00A140041444
:107460001F30E07F08140D34EC1CC8B60A23003727
:1074700041C542C643C7101CC037E846C845422430
:107480001C386C249C308B4740C0E1401C1CC03130
:10749000181C8031141C4031101C003143C342C2FF
:1074A000BA0B200041C106E8C78715002000A68757
:1074B000360A2FF618130F300018C003A140C1413F
:1074C0000A24C03610141F3003C702C601C5E07F6E
:1074D00014141B34F01CC8B60A23003741C542C639
:1074E0000C1CC03742241C386C249C308B45CB4686
:1074F000F07F000041C0A140141C4031101C00313D
:1075000043C342C247C6181C0130520B2000001C66
:10751000C13006E8C78519002000A685CA092FF6E4
:107520004A2500100018800F00002200A140C14130
:107530000A24C0360C141F3002C601C5E07F1014A7
:107540001B34E078F41CC8B60A23003741C5081C78
:10755000C03742241C386C249C308B4541C0A1406C
:10756000141C4031101C003143C342C21C1C0130AA
:10757000181C0130E60A2000001C013106E82785AE
:107580001900200018150D105E092FF6AD702C7033
:107590000018800F00002200A1400A24C036081401
:1075A0001F3001C5E07F0C141B34E078F01CC8B616
:1075B0000A23003741C542C60C1CC03742241C3880
:1075C0006C249C308B45CB46F87F000041C0A14025
:1075D000141C4031101C003143C342C247C6181C62
:1075E00001307A0A2000001C413006E8C7851900E6
:1075F0002000A685F2082FF64A2500100018800FFB
:1076000000002100A140C1410A24C0360C141F30E3
:1076100002C601C5E07F10141B34E078EC1CC8B62C
:107620000A23003741C542C643C7101CC03708476C
:107630006040E60A2000484542241C386C249C30F7
:1076400044C0A1408B46D20A200045C142C0C1407F
:1076500043C11C1C803FF07F0000181C013041C753
:10766000FA092000001CC13006E806861A0B20002B
:1076700027860AF072080FF60018800F000022001B
:10768000FFD817B80A24C03610141F3003C702C62B
:1076900001C5E07F14141B34EC1CC8B60A23003764
:1076A00041C542C643C7101CC037084760406A0A3C
:1076B0002000484542241C386C249C3044C0A14022
:1076C0008B46560A200045C142C0C14043C11C1C24
:1076D0000130181C013041C782092000001C013113
:1076E00006E80686A20A200027860AF0FA0FCFF5E0
:1076F0000018800F000022004A2000000A24C03633
:1077000010141F3003C702C601C5E07F14141B34D8
:10771000EC1CC8B60A23003741C542C643C7101C3B
:10772000C03708476040F2092000484542241C3811
:107730006C249C3044C0A1408B46DE09200045C12A
:1077400042C0C14043C11C1C803FF87F0000181C90
:10775000013041C706092000001C413006E80686BA
:10776000260A200027860CF07E0FCFF50018800F28
:10777000000021000A20800FC07F00000A24C036CC
:1077800010141F3003C702C601C5E07F14141B3458
:10779000E81C48B341C642C70C1C0034101C4034DE
:1077A000141CC0376846484761822D0EB2104082D3
:1077B000304010414A2540102240760A2000024104
:1077C00008170212D60E20006187A5710042ED0D48
:1077D000A29320434040604114141F301014113014
:1077E0000C14103002C701C6E07F18140D34E07885
:1077F00048432042350B701020813109810F803FB2
:1078000000002182410BF2100131010040220C02E4
:107810004A23800004140214647100310100F90B42
:10782000E2820131810010F01D0BB2104A234000AA
:1078300004120C024023430000310100F50BE282E8
:1078400001310103E07F2040C341A000F47F40816B
:1078500000A1E07F4040E078C341A000F47F208198
:1078600002E90079E07F0C70E07F0C704A24C002CE
:10787000150020006F220A006F220A002F228200CA
:107880004A2480022F244090C0226500412C4315D9
:107890008C23DF8F6C002100532101858E23D08C37
:1078A0004E00210094B9CE232400320024004E2340
:1078B0000C08B5E3CA212900CC23EC87CA20490073
:1078C000CA2129002A0029000128C00000290C0330
:1078D0000129C1001B002000857890733000290029
:1078E00001280C030029C1000028C000857951221D
:1078F0000080E07D4E2000803279E07FC02166006C
:10790000CC202180D1222280C022620040413B78DD
:10791000E07F1C782F230080CA210100E120C107ED
:10792000C2200100412BC200C372007000002F2151
:107930008400412B0C0661BC8C24839FE120C50789
:10794000402B0007C521810F007F0000E120C10707
:10795000412A42052F2CC190C2240413C024631075
:107960008571002B030369BC827A402A42052F21CE
:1079700040802F218400412B0C038579E07F402B30
:107980000005E0782F2440900224831F007000003F
:10799000402BC2002F2284000223830F200000000E
:1079A000D373C01F00004028030120002600412897
:1079B00040874578442041000521C180E07FC120F7
:1079C0002200E07F6C2180072F23C4004578412CE2
:1079D0004C1582240D9AB7F642240C96532081054B
:1079E00022002C002F2000800521C1802F20840F31
:1079F00080FF0000D020A1058C24D19FE07FD02003
:107A0000A2054E24021097B9012980002F2004807E
:107A1000E120C6074E22CC07132101030521C180B6
:107A2000D1202180E07FC0206200E078CB44E0FFDD
:107A30000000142444101424C510B5BC0C24008389
:107A4000E00006000C250083D8000600412C440508
:107A5000412D45050025050182258F0F8C25DF8EE0
:107A6000C00026000721CC804025470094B9D4B936
:107A700094BBCF27E402402BC302412A4505402A8C
:107A8000C282052343011D2084001C208C009470B9
:107A9000CF27E2071D20C4001C20C50000240C9144
:107AA000412500001D2184001C21850000240C912B
:107AB000012040811D21C4001C21C5004126017008
:107AC00000000000002000810121410119093F054B
:107AD00000240C934227470001200080012141002F
:107AE00000240C93402F0405412FC7070800050010
:107AF000E07F8071C524C19144204500C525620006
:107B0000002040814121010015095E050024840FF9
:107B1000100000002F2142802F200400E07F8071A0
:107B20002F25C0804126047000000000CC22218057
:107B30003C0321002F214090C7246500CC202180E8
:107B40001003010041294695D3B9CF2122055C00DD
:107B50002200004034700E0001001D0020002F2A7A
:107B6000411014704A22C0170C0004002F2A011083
:107B700040220A1842228A1202268602C471022674
:107B80008BF2000020000128CB02140009004222E1
:107B90000B180028C102150020000C70002880027C
:107BA00000298A0205238112412D47855323C804E9
:107BB000CF2022155A002200404215700C0001000F
:107BC0001B0020002F2A011254704A22C0170E00F9
:107BD00004002F2A811040220A1842228A1202270A
:107BE0008702E47102268BF200002000012ACB02FA
:107BF0001200090042220B18002AC80213002000BC
:107C00004C70002A820200288A12052388128C26D2
:107C1000DF8FEA0101008C27DF8F1402210000268C
:107C2000C6011D208A001C208B008226CF0F1D213B
:107C300087001C218C000023CB91412402101D20C1
:107C400007021C200C020023CB91012202031D21FC
:107C500007021C210C020022C28141240910402984
:107C60000113412A03056579402A0703402A0003CE
:107C7000412B03156578402B0C135570C524A210B9
:107C8000D47020000C000421BE8F200000001400DE
:107C90000100C4712F2142802F2004802F2404135F
:107CA000D47062000C00957036000A000424BE9F58
:107CB000FF7FFFFF0C00020044207E8022000100B5
:107CC00040204080412101000421BE8F200000009F
:107CD0000E000100C4712F2142802F2004008C2649
:107CE000DF8FFE000A00D4701A000C000621810FFD
:107CF00010000000402E020545792F22030145792E
:107D0000E07E8C26FF82EA000B0002268A710000CA
:107D1000000042224A9084000B00880001004C229F
:107D200000982A000B0042220A1805240C906D7757
:107D300010000200002B8B128723FF1F0421CC02AE
:107D4000012980025D0020002C7095706D771E0067
:107D500002004C220098C223CA120A000A00002B1B
:107D60008B128723FF1F0420CC0202268BF2000017
:107D700020000029CB021400090040220B18012921
:107D8000C002150020002C70012880020129810208
:107D90000520C0020D0000002F2000802F214B0085
:107DA0004420BE801800010044204A0105223E9371
:107DB0000C00010040208080412101002F214280E1
:107DC0002F2004002F2142802F200400022686014C
:107DD0000421BE8F10000000C026620088F18A26B0
:107DE000DF0FC341100000000507EFFF0C700226F3
:107DF00086012C70F906EFFF0C70D37110000000A3
:107E0000CC2021802F210301C521820FF87F0000A3
:107E1000C07878F58C27DF8F140001002F21030133
:107E20000521810FF07F00000C706CF10C20809F09
:107E300010000000CC2221802F210301C521820FD8
:107E4000F87F0000C521810FF07F00000C705AF10F
:107E50000C25808FE0FF0000220006000C702C70C3
:107E60009470C521820F008000004CF1C72465008A
:107E70000C21809FE0FF0000B2F7C341F87F0000B3
:107E80000C7040F10721810F008000000D00000000
:107E90000723830F00800000002144000023C50059
:107EA0000C244081CC208180100006000844404012
:107EB00081422844604181438A24DF1F402C4C15B5
:107EC000142444101424C510402C8C100C2400835E
:107ED000CC250583C601060041290405412B050573
:107EE00002244601532686020721C7004029C10209
:107EF00041284C0585794028C002402BC302412A05
:107F00004C05857B402AC2029FBB4E260C881C0074
:107F10002D00012A85018C260180012B8501CA25AF
:107F20002600170020008D70D470002B0C03C5258F
:107F30000203012B8C01412FC787620022009FB9E9
:107F40000025058001244C9010002600C224660004
:107F50002F2404932F254401412DC082402C41152C
:107F60002578412CC112402C0405E120C607807100
:107F70004C260088CA238500CA22250013238301CA
:107F800005238380D3256182D1202180CA27620006
:107F90000020C081E07F412101000E2505800321E2
:107FA0000C83520023000C70412DC082402C4115DF
:107FB0002578412CC11242244400402C0405E120C4
:107FC000C60780714C260088CA238500CA22250076
:107FD0001323830105238380CA27220004270780F7
:107FE000D3256182CA2762000020C081E07F412141
:107FF0000100CC252180E120C1072C702F2801032E
:108000009FE01400250004712F284181CA20240814
:10801000C02063084E20018818002D00002C0C1091
:10802000C0E0002D0C00CA24261017002000AC7000
:108030001470012D4100C5244210002D0500532469
:1080400081020E2040800424840F000000081200EA
:108050002200C02061002F2402932F2544014C07E9
:10806000E6FFC52406004E2040004E2001881A007D
:108070002D00012D0500C0E0012C0510CA252600A9
:10808000150020008D701470002C4110C525420091
:10809000012C0C101507EFFF84712F224090412610
:1080A000047000000000520201002F23C0904126FE
:1080B000057000000000600201000C238092CC22B9
:1080C0000180CC21C180084214000E004040414292
:1080D0002842604141438842A04441452F26400048
:1080E000412E4685D3B9CF2122055C0022000040F5
:1080F00034700E0001001D0020002F2A4110147062
:108100004A22C0170C0004002F2A011040220A182E
:1081100042228A1202268602C47102268BF20000D5
:1081200020000128CB021400090042220B1800286D
:10813000C102150020000C700028800200298A026C
:10814000052381122F27C000412F47855323C804E0
:10815000CF2022155A002200404215700C00010069
:108160001B0020002F2A011254704A22C0170E0053
:1081700004002F2A811040220A1842228A12022764
:108180008702E47102268BF200002000012ACB0254
:108190001200090042220B18002AC8021300200016
:1081A0004C70002A820200288A12052388128C262D
:1081B000DF8F380301008C27DF8F7E03210002262A
:1081C000CB014C23809D0221491218010900422352
:1081D0008A9088000100220009002F2280802F2031
:1081E0000B1240224A90740001002F2280806D0003
:1081F00020002F200B124C2200986D7026002B00BF
:1082000042220A180A2180901000020002268B7276
:10821000000020000028C912012882123D00200021
:108220000D7002268B7200002000002AC90202266F
:108230008BF2000020000028CB121400090040221D
:108240000B180128C212150020000D70012A8202AD
:10825000012888120522C2022F2000802F214B0006
:108260002F2000802F214B000C2440819E01020012
:1082700000208080012101020421BE8F80000000C7
:1082800012000100C4712F2142802F200480C521DB
:1082900065104420BE802E0021003570CB20618106
:1082A0002200010040208080C02165000421BE8F93
:1082B000800000000E0001002F2142802F200400CA
:1082C000C4712F2142802F2004002F2142802F20B3
:1082D0000400D47048000C008C26DF8F14010A00C3
:1082E0000621810F10000000402E020545792F2243
:1082F00003014579E07E1470B205C2FFD37300809C
:1083000000007C710C00020054707C71CA21410095
:108310004040E07E5470A605C2FFE07E02268A71CE
:108320000000000042224A9082000B0086000100FB
:108330004C22009828000B0042220A1805210990BF
:108340006D7712000200002B8B128723FF1F042180
:10835000C902012980025F0020002C7035706D7702
:108360001C0002004C220098C223CA1208000A0016
:10837000002B8B128723FF1F0420C90202268BF2D9
:10838000000020000029CB021200090040220B1837
:108390000129C002130020002C700128800201294D
:1083A00081020520C0020F0000002F2000802F2135
:1083B0004B004420BE801A00010044204A010522DF
:1083C0007E920E00010040208080412101002F217B
:1083D00042802F2004002F2142802F2004000226FB
:1083E00086010421BE8F10000000C02662007AF1D1
:1083F0008A26DF0FC341100000000C7072F10226C4
:1084000086012C70DD06EFFF0C70022080800321B6
:1084100001020421BE8F400000001E0002002F2038
:1084200000802F214B00422646000421BE8F4000D1
:108430000000440001004420BE803C002100442094
:108440007E801400020035702C00020044203E8122
:108450002400010040208080412101000421BE8FC2
:1084600080000000C02662000C0001002F21428025
:108470002F2004002F2142802F2004002F21428032
:108480002F200400D371100000004A06CAFF347088
:108490000C0001002F2A41001900000014700A008E
:1084A0000C002F2A0100C0222908ABF3CA22EB07D7
:1084B0006ABA02268BF0000020000128CB021400CB
:1084C000090042220B080028C102150020000C7090
:1084D000002981000521C102002880000226868033
:1084E0003C06CCFFFD05CFFFD37110000000CC206F
:1084F00021802F21030102780E0001000521810F48
:10850000F87F0000E07E8C27DF8F220002000C2025
:10851000809F10000000CC2221800C0001002F2140
:108520004301EEF10C244081EAF50521810FF07F33
:1085300000000C70E07E60414040E07EE4C24831C3
:10854000010007364C704847000008450990C343B6
:10855000833A6F12CD7048300000003400100030B4
:10856000C10004318083C5F63FD818B804F0C34079
:1085700000BF000001310000308D4830C002107A89
:108580008BE248310100CA20A60200344110107865
:108590004820C0000CB5A60AEFF70031C000043037
:1085A0008083C5F63FD918B904F0C34100BF00006D
:1085B000013040004830C00205A5C4C6EAC3822489
:1085C0000D345041084594C08A220C003A0C6FEDDE
:1085D00028460085402483304024043254248539C1
:1085E000402406314024C730C14122424608AFF43E
:1085F000021C433202C704EFE140CAC703148E30A5
:108600005625101D2C70ED70F8E902148130CF78DA
:10861000E90924800477A9085502252000000AF002
:1086200013F01AF01EF026F02EF038F03CF042F075
:1086300094C081C1260B6FF883C283C140DACA0B94
:108640006FED02403CF094C04608EFF881C1781D00
:10865000181036F094C0460DAFF081C101A530F07E
:1086600094C02E08EFF881C10030000004A528F066
:1086700094C01E08EFF881C100300100891D181058
:1086800025A51EF094C00A08EFF881C10030010052
:108690008A1D181026A514F094C0F60FAFF881C1FA
:1086A00007A50EF094C0F20EAFF781C110B508F027
:1086B00094C0DE0FAFF881C18B1D181001C08A2154
:1086C0003E063270CA274D103C2101203D2100207A
:1086D0001E669CF1ECC3A7C10A21002170405042E4
:1086E000284608451E0B200055208F092285260AA2
:1086F000EFFB03854A24C0704168142001000C7010
:108700000C1D8010A8200002024E15254310047194
:1087100024714BA3760C2000A14000190020A14039
:108720008A0D2000C1410041A140B60D200030411A
:108730000041A1403A0C20002242CD700018822353
:1087400036E821870287408744C145C05625801AF4
:1087500083C146C68A0B2FEF43C200184320B817C7
:108760000210BC170110C01700104A24C0703FDB74
:1087700040C218BB80C241C1081C0030A8200004C0
:108780002082604004318083CF20EC07013100005B
:108790004830C00248308000041A100002C201C1F3
:1087A00000C045A724A703A700108E20A140C14107
:1087B000D20A20000A2240044A24C0705525401ADB
:1087C000A820800104100104041A502000884830B9
:1087D0000000001A0020CCC7E8C3B2C108460080E0
:1087E00060444024C330402405314024863048474B
:1087F0000A2540109A0E6FF4031C43320214803095
:108800005626101D031481300F788F092400047739
:108810007B0855022520000009F015F016F01DF028
:108820001FF022F023F025F02AF082C040DADA09A6
:108830006FED024182C081C3A1413E096FF8E14260
:1088400025F0781600161EF0018681C3A1416A0B3F
:10885000AFF0E1421BF004862F30000012F08916C1
:10886000001610F08A1600160CF007860AF0109613
:1088700081C3A141360DAFF7E14209F08B16001616
:1088800081C3A141260EAFF8E14202148030047189
:10889000021C0230B8F101C04128010200AD21AD37
:1088A000C8C7E078E8C3A1C1504028452C7010DA51
:1088B00060408846960F2FFB6847B570AD701BF47B
:1088C0004A240071C34213006C5E0C70A820800221
:1088D0000412030480C11C6104713823010420AC1C
:1088E0009E0AAFF680C007E8AD72011F0311001F9A
:1088F0004310A0A6C8C7E078F2C3B2C110450080FB
:1089000060444024C330402405314024863048452B
:108910000A2440207A0D6FF4031CC3320214803005
:1089200056250E2B55254F2A5525D02855259129FA
:108930005525132D4025122B031481300F78AF09D4
:10894000240004779B08D502252000000BF00EF0D0
:1089500018F01AF020F023F028F02BF030F037F068
:1089600038F081C3E1401DF082C040DA9A086FED13
:10897000C14182C081C38241FE0F2FF8A14231F074
:10898000BE402AF0B015802081C382410A0F2FF625
:10899000A14227F081C3024003F081C322408241FB
:1089A000760FAFF8A1421DF02815002014F081C306
:1089B000424082412E0EEFF8A14213F081C3624083
:1089C00082418E0EEFF9A1420BF0CC15002004F08D
:1089D0005315002681C38241DE09AFF0A142021483
:1089E00080300471021C0230A8F101C0412801024C
:1089F000001C0220011C4220D2C7E0789D058003A4
:108A0000E8C3B4C11040B11080003AE855204D2AA7
:108A10002C8D2F097000B1180320C3401300005F94
:108A20000B0990000909D00014F010E0820D2FF816
:108A300084C15620002B84C1CE0F2FED40DA408533
:108A400021850285AC1D8010B01D4010B41D0010A2
:108A50005620012B84C040DAAE0F2FED84C54A2486
:108A6000007180C0A8208001141501140418500062
:108A70005520402B80C1920F2FED10DAC8C7E07847
:108A8000E4C3A7C1084532E9B0EA4A24C0702C709B
:108A9000A820800315254010A4100C009810030096
:108AA00084C2357A02330003247100A256096FFB99
:108AB00084C0B0158110370994003221830F130050
:108AC000FB5E0130820FFAC400006A7B0030800038
:108AD0000130810F74490024483380000431008044
:108AE000C5F6A60DA003A140C4C75625001B80C132
:108AF0002609600480C64A2400715525411B204286
:108B0000A820C00260820416001404330080CA202A
:108B1000C500041A100080C010DAEE0E2FED80C6DA
:108B2000001400304A24C070A8200002041601126C
:108B300004310080CA2049000430808FC9369C531C
:108B400044F7B01DC310C4C70430808F3837A48CDD
:108B500044F7B01D8310C4C70430808FD338F6CFDC
:108B60006F200B00B01D0210C4C7E078F1C00043B5
:108B70000C7009E987EA5523400C8A0EEFEE552365
:108B80008109D1C0E07EE078ECC3ACC108470B801E
:108B900042872C8743C00D877FDC17BC45C0096A1C
:108BA00048328800504048308B00310AB20044C13E
:108BB0004027021E4A2180004A24C070402400330E
:108BC000A8204002A08004120304013343030418C8
:108BD000D00012712471B2F6073408124A24C07012
:108BE0004A2100000734D112A820400483C3357BFA
:108BF000008315274C104B840030001089C50232C9
:108C00000200357D247100A340A589C080C1D20A2D
:108C10006FFB80C66108B2204A2580104A24C070CC
:108C2000142540134B680C70A820800383C11527BE
:108C3000831001498B8389C3157B02344110047171
:108C4000447120A389C086C1960A6FFB4024123666
:108C50004A24C07040240030A82040024080041202
:108C6000012401318100041850001275B007EBFF98
:108C700040254D104A24C070A820C0010086003154
:108C80000B20041ED01201C100C000C201C302C4E7
:108C9000013040008C1F8010901FC0100130C002B6
:108CA000941F0013CCC7E078E2C3A3C1204208455B
:108CB00080C12E0A6FFB404001C100C002C20130DA
:108CC00040002585013082000C710432408047F756
:108CD000268504324080C3F60C70C2C7E6C3AAC121
:108CE00084804A24C070084528475520CE080C705F
:108CF000A820400304160314402441391A610433A8
:108D0000008304716F210B0020AA520AAFF54024A2
:108D100040399D0F1110990830000C7049852A8543
:108D200050712471CA218A008309A2002AA55C4DD2
:108D300083C1B60F6FF683C7081500104A24C070B0
:108D400048308100A820C001008707304000041F80
:108D500010104A24C0702C70A820800315254010E4
:108D600083C298100C00234A86C2357A023300036E
:108D7000247100A286C06A08AFF780C101C100C09B
:108D8000478502C3013040000032810F404000009F
:108D90000130C000043100800C7049F703C304C2E5
:108DA00005C10C7160A641A622A6C6C70C70281D7D
:108DB0000110C6C7F6C38224103D50440845002464
:108DC000803F000034018A220C003E0C2FED284623
:108DD00000854024833340240435562485394024BB
:108DE00006344024C733C14182424A086FF40E1C46
:108DF000C332141411300F0930205525101B2240A6
:108E0000D6C70F148F3055254E1A5625151B5525DC
:108E1000D218552593195525171D4025161B2E7060
:108E20004A200000EDE80E148130EF78D309248049
:108E300004778AE04E010D00252000000BF028F099
:108E400032F03BF043F055F065F06EF07AF088F0C8
:108E500090F00024803F0000340184C19E0AAFF8E6
:108E600080C200C301C202C1C3407A44000060A6B0
:108E700041A622A6AC180020408621860286541DF9
:108E80009810551D5810561D18107DF00024803F75
:108E90000000340184C1C60A2FF886C286C140DAB8
:108EA000A2405BF00024803F00003401EE0C6FF024
:108EB00084C103A567F00024803F00003401CE097F
:108EC0002FF684C1001802205DF00024803F0000CE
:108ED000340184C1260AAFF880C200C201C102C0B9
:108EE000001A8020041A4020081A00204BF00024A9
:108EF000803F0000340184C1020AAFF880C200C282
:108F000001C102C0001B8020041B4020081B002060
:108F100039F00024803F00003401820C6FF084C1DE
:108F20000AA531F00024803F0000340184C19A0872
:108F3000EFF85524023D5524013D60DAC2400DF0A2
:108F40000024803F0000340184C1EA08EFF996C292
:108F500096C178DAE240B20A0FED15F00024803FA6
:108F600000003401360C6FF084C11C1800200BF097
:108F70000024803F00003401220C6FF084C19C1853
:108F8000002004C08A213E069270CA214D202C7117
:108F90003C24002006793F6746F1E078E1C548317E
:108FA000010007364B70484700002180CB45833ACB
:108FB0006F123FDC0D704831810018BC0033411046
:108FC00000314203814104320082CF21EC077090CE
:108FD000013241004831C2024833010000334110E0
:108FE0004922030200314203482301010432008276
:108FF00022A003F69FBC013201034831C10249217E
:1090000041064821010129A0C2C4E078E1C54A24F3
:10901000C07047DDC341DC44304E18BDCB44A34291
:109020000BD7C343D33E98DDC3423B4AC1BF26A002
:10903000004135180302ACA08BA06AA01C18800068
:10904000A8200001041911004A24C070A8200001C2
:10905000041911003418030020180300C2C4E0787A
:10906000EAC3A7C14A24C07068404846284308455F
:109070000C7084C4A820C002024DF02301101524F6
:10908000031004710231810020A349854A24C07075
:1090900081C381C0A82000020414011400324100E1
:1090A000041850004A24C0700A204003A82040023F
:1090B0004080041301040131810004185000098527
:1090C0004A24C0702D7002360670803F00000C707C
:1090D000A820400481C284C315220C00034BE08405
:1090E0001525011023810037C31004710131C1001F
:1090F00020A44A24C0700C70A8208002014A1525C3
:1091000003100471003641000C1B40004A24C0705B
:10911000A820400215254012038015204112257118
:1091200000A184C16140BA0C6FF784C78C854A24C2
:10913000C0700C70A8208003041703142C70402406
:109140004230043300831A620471CA21690020AAE4
:109150008E0F6FF54024403067854A24C070104060
:109160004A200000A820C00315250210E3822C70BD
:1091700040244C300437C0901A640471CA216A003C
:1091800020AA5E0F6FF54024403066854A24C070E7
:1091900008470C70A8200004152502100C120B00C3
:1091A0002C7040244C300433C0901A640471CA21DE
:1091B000690020AA2A0F6FF54024403004E8341DCE
:1091C00003100FF0341580103515811004710F7ADB
:1091D0000B098500341D421003F0341D021084C1B8
:1091E000A14079270F10FA0B6FF7402411348B85BB
:1091F0004A24C0704A200000A820800304110324E0
:109200002C7040244230043300831A620471CA2156
:10921000690020AACA0E6FF54024403013E882BFCF
:10922000502740101670CF20620000AE201581102C
:109230000F7A110A4000201D0210008E87B800AE80
:10924000CAC7DF0811A03515801034158110D50963
:109250000580E7F14A24C0700A210000A82000011F
:10926000041911004A24C070A8200001041911003B
:1092700034180300E07F20180300E078C340A0000A
:109280007C7E00802C704C7075032FFD6C70E07834
:10929000E2C2CB45A000587E2185C340A000886E65
:1092A000008024778A086FFD21A5001D0310C2C627
:1092B000E4C2CB45A00068B208465825C3190CD8B3
:1092C0001CD98C70BA092FFDA142C341A000607E59
:1092D00000A15625851A5725861AC3401200CC9244
:1092E000C341130087788A2218008A244200A60E00
:1092F000AFFEC143C341A000886E00A1C4C6E078A0
:10930000E4C3A1C180C20C702C774A086FFD6C7752
:1093100014E8CB45A0007C7E00852C704C77860934
:109320002FFD6C707AE8C341A000587E008908E8E0
:1093300000C6001903000BF0CD7009F000852C70F9
:109340004C706C70BA0A2FFDCD70C140C4C7E07874
:109350005021C307170B23006C2181070021818F47
:10936000008000006C770122C2802578E07F4041B8
:10937000E4C3A1C10A25801FA000307E860FCFFF65
:109380007EE8B4D9C340F0004B00C342A00048AC13
:1093900020A8008A05E80182047101A2F0F12C7274
:1093A0004C706C70A140DB59D60EEFFF08461C8D47
:1093B000CD089E80031C0330021C8233011C033243
:1093C0003B580042204340244130FED8520F6FFBEF
:1093D0008C70D6F1F81CC8B709E82281208161C1E0
:1093E000AE0D6FFB81C10C7002F023D808141F343E
:1093F000E07EE078F81CC8B708E83A8061C1920DB9
:109400006FFB81C10C7003F023D808141F34E07E79
:10941000F1C062080000D1C0E07F0C70E1C54A24B1
:109420000077CB45A0007CAC2C70CB44A00014AFDF
:10943000A82000045A210006C3430601FF0024713E
:109440001A6562A2402403167860041AC10200A2C1
:109450004A2480710A200003A8200001041811008A
:109460000C1CC110141C41100C70041C8110C2C4CF
:10947000C343A00048AC008B08E802832483416802
:10948000016942A3E07F04A3248308E90383090858
:10949000450023A3101B010005000000F6C3822431
:1094A0000238CB47A000307E288702876987438730
:1094B00000210180CD70AE700E70CE700122C08090
:1094C000D344A000DCAB4BC64AC649C622A703A7BB
:1094D0005A2503270024CD2005851470104258F228
:1094E000038522878485438708150B10041508100F
:1094F00002210980032200833C2108123C20CC0277
:109500007170CA240112957042F4988D32231305AC
:1095100040240023786023A541A088ECA20B2006FC
:109520004240147018AD34F250120120424060796C
:10953000181CC2348012112078120120CF7A89C3FE
:10954000557B47C0001B4004141C40342F273F03A9
:109550006F233F000081618122812F263F0343C199
:1095600042C35F2201065F22030341C096C08DC241
:1095700019617A62B609AFEE81C00D0E1020058721
:10958000090B01205021D027C571CE71A671B67389
:109590004007C5FF068715082204022000040D08B5
:1095A000830F00000019D6C72F268793181F0014B9
:1095B000FBF3AD705C8F5A25001696C119612D0A18
:1095C0003E00041900041089228189C210178610F8
:1095D000F0224703628141812081AC700A2400049B
:1095E0000E08EFFA001C0130A571CD0D8493108F89
:1095F00096C22C71047110AFE140C143301C013799
:10960000DB591470BA002B000845CFF55524912979
:109610008CC2E1402241DD592E41104342215500C8
:109620003B58104730464E70CD70AD700CC0650A87
:1096300005205A221026002400249C100B002D0B1C
:109640006015A8100C01FEE407F47EDC0A25C02298
:10965000EA46CA450AF06140E241FA0CEFFFC24215
:10966000084628450A25C022CA08AFF89D7810E8A8
:1096700075800EEB4B802A80A77AC7790521BE80C2
:1096800006F200204124CAA0607BABA04671D0F155
:10969000290B50203C8F25091E00231C0230221C60
:1096A000C234211CC3313B5800422043402441387E
:1096B000FED86E0C6FFB8C70590BD0A075F1960A1A
:1096C0006FFB51D8B379C340F0004C0020B0D6C72F
:1096D000F4C2960D4FF8060C6FF8104210432E702E
:1096E000CB46A00030ACCE70ED70AE704A240020A6
:1096F000A1860C70081610140435809F7F4700FF68
:10970000CA206B0004354094CA258E1F803F00009C
:10971000147049083020CA252110043540943C00BB
:109720002E00024042413A0D6FF8624213E82A0CC3
:10973000CFF704354095CE710AF610F4C340A0006F
:1097400014AFE148F020000411090300B1450A47B5
:1097500004F0020A6FFB54D88671990CD4A0CB4553
:10976000A000307E0B0E1120181DC11FD4C65E0E46
:1097700000051EE8E20BCFF70585F508C083EA0C6B
:109780004FF85A0B6FF808460042E140D20C6FF8D0
:10979000C14108460EE8360E00050AE8278004E9B4
:1097A0000019010000A6E5A5C7A0D4C656D803F04D
:1097B00054D8A2094FFBD4C6EAC2A0800846304163
:1097C000081843004F0D10103608AFF9A14021E8EA
:1097D0000E0F6FF8A14032088FF91BE81D953C95DC
:1097E000E1682D0F44101585ED70001E4170A0003A
:1097F00034411040081D43100AE80A8622410AA598
:109800000B860BA523200004A140E8ADFDB5A08583
:10981000DCED0C70081E0310CAC6E078FAC23046B0
:10982000460C6FF81841B60A6FF818401047CD7013
:10983000BD0E30206E770E70ED77AE702E70D34473
:10984000A000DCAB162112344E405A200D27043004
:1098500080838275C4A564002C00C3A50430808F6A
:109860007F4700FF54000600073600706E4E286BDD
:10987000F608CFEC00423C2588203C214C200C21EE
:1098800040A0CA24011295703C22CB043C21C303A2
:10989000CA214220CA25822030774640CA23C1020D
:1098A000747022A541A53C77CA2382200341E2427D
:1098B000AE0B6FF800A504F00C70D8AD06718908E6
:1098C000A4A505A50A248075A82000045A2600171F
:1098D0008270258009E9418022800E224285032181
:1098E00041A043A024A0C571AA4604F0ED772E70D4
:1098F0000226C294C341A000307E0321C0A32019D8
:10990000C004E9A142A103A1DAC6E078F4C382242D
:109910000C3F504270402845084607EA2C70A14091
:109920002A0FAFFA42424A24C073FED900268F1F85
:10993000000082030C7422AD2E7181C24A214000C6
:10994000001C0131A8204001011A5200247119089D
:1099500030204C20C0A32E012D00041C0234031D16
:10996000021406F04A21C023031D0310D1435426DC
:1099700015195426961B0E70402414318023072D90
:10998000011480240477EF08D5032520000010F08F
:109990001CF02EF039F04DF04DF04FF04FF052F03A
:1099A00058F05BF05BF05DF05DF05FF05624403DF9
:1099B00014DA5608EFECA2415624403D80C3A14181
:1099C0004A0EE004424257F00024803F0000940118
:1099D00014DA3608EFECC2410024803F0000940105
:1099E00080C3A14112082005424245F085C08A2269
:1099F00006001608EFEC624185C080C3A1417E08D5
:109A00002005424237F0701682100024813F00008A
:109A1000BC017E09A004DF1600160024803F000070
:109A2000BC0180C3A14152092005424223F00A86AD
:109A30000AF00B8608F00C8606F0DD16001604F01E
:109A4000DE16001680C3A141520B2005424213F0DE
:109A5000FF1780900AF0008F08F0018F06F0028F48
:109A600004F0038F02F0048F80C3A141CE0B2005C8
:109A7000424206710D0844A400C04128010200AD15
:109A800021ADD4C7EEC3A1C150426846284510405D
:109A900006EA2C70A140B60DAFFA4242FED9001C76
:109AA000013122AD07EE530EF5100C74C3AD6E718B
:109AB00005F06E72CD71031D03108A210E20ED7129
:109AC000190EB01080C3210E711080C342420240B3
:109AD0009E0D2005A14108F032204024A1415E0BDB
:109AE000200542427277CD72ED72ACF700C041287A
:109AF000010200AD21ADCEC7E8C2484628472C7010
:109B000010DA60400A200021420DAFFA68450C705F
:109B100036EF296E2109F5004226411E041D8312ED
:109B2000031D0311021DC310011D8310001D4310EE
:109B30000C7526F04909D502252040000BF00EF0E7
:109B40000FF012F01CF01CF01AF017F00FF018F0E4
:109B500010F0001DC31113F0001D83120FF0001D43
:109B6000C3120DF0001D031309F0001D831307F04D
:109B7000001DC31303F0001D43130C7100180020D7
:109B8000C8C6E078E2C2CA0D200308454A244071E5
:109B90002C70A140A820400121A0081811008025A8
:109BA0000E10001D0310C2C66902C004E8C382245F
:109BB0000E3310408BC08A220D084E0EAFEC2845A4
:109BC000028D8C20838F8A203E070AF4238DCD716D
:109BD00007E98A20FE060F09F400ED71C8C7ED728F
:109BE0002C710A4580250E10001C01312309B0009C
:109BF0008BC02D78230871008BC080C1720F2005A7
:109C000081C281C128DA020EAFEC024005F0560C89
:109C1000200580C100ADF1762C72CD72A8F70C70D2
:109C2000C8C7E078E6C03FDA18BAC3414C3FCDCC94
:109C3000CB45CC3DCDCCCB4448420000C343F93B9F
:109C40006C098A231010CB46833A6F12CB47F44934
:109C5000002448A027A0B8B997BA0C184300A6A0C2
:109C600085A079A02418C402C2A0E1A038A044A015
:109C7000C6C4E078E6C208457A0B600055200E099C
:109C80004A24C0707FDA17BA0C706C715525411CDC
:109C90004AA609A608A607A60AA50BA50CA50DA508
:109CA000301EC21074AE4EA5A82000010419110088
:109CB000A141CB441300205F8021090A06A6801E23
:109CC000181044A603A602A601A6C3424940DB0F12
:109CD0007C1E181014A90184771E98107A1E981003
:109CE000791E9810781E981060A940842284CB4772
:109CF000A33B0AD7CB432B3C40EB7E1E1810A14060
:109D000060AEFFA5811ED8127D1E9810920FA00094
:109D10007F1E5810C6C6E078FAC3822403380415A3
:109D20000C006D700A2240210434C0920A21C02127
:109D30000A2680210A200031704358410846C5F6A2
:109D40003FD818B804F0C34000BF000047140F36D6
:109D50004A24C07001340D100026901F00002D0110
:109D60005524403DA8208002041102040032820FD5
:109D7000833A6F12041890005524413D5524823CCB
:109D8000C1404E09EFEE5524943C4835C0121D7871
:109D90005524443D5524C53B44204300C140624105
:109DA00003425524CD3B42082FEF70454A24C07032
:109DB0004A200000A8208003014DF02403205524F0
:109DC000023B00318105157A01334100047120A264
:109DD00061864986284E5524013B5524043A3E0E9F
:109DE0002FF310465524013A10DA1E0CAFECC24096
:109DF0005524013AE20C2FF3C2405524013A10DAFF
:109E0000060CAFECC2403C86C1406A0AEFEEA242AB
:109E100000108120990930001045EE708A2502114A
:109E200040241430B96610DADE0BAFEC8240E671E4
:109E300040241424F10F74A210E510DA8240CA0BFA
:109E4000AFECC241EE704024143074DDB86610DA15
:109E5000B60BAFEC8241E67110E5F50FB4A24024D9
:109E60001424E71080A00D08B5020471E71802A0C1
:109E70003D0831305524433D56402F31400655248E
:109E80004D3D2F320000EE08EFEEC1404A24C07075
:109E90005626C118A8208002041500140030800F37
:109EA0006A44FBAE041910007E4000A14A240071F0
:109EB0000A204004A8208001041601240418500040
:109EC00000184005FF1080A00FE80C7004310080DE
:109ED000160006004A240071A820C0012640522026
:109EE000C00704191020001080200DE84A240071DA
:109EF0005626C018A820800104100104041F501029
:109F0000DAC70C7003A702A701A700A7DAC7E07899
:109F1000E4C081816381C281A08100330C034A24A3
:109F2000C07000358313023303030133C30060A202
:109F300080816381C281A18100330C0300358313CA
:109F4000013303030133C30061A260818381A181D6
:109F50000033CB0000340313228100354C1302334D
:109F6000C30200314100023303030133410022A246
:109F7000A82040026082041001040231C100041ACA
:109F80005000C4C4E8C382240C345040084784C045
:109F90008A220C00720AAFEC2845008740248330E7
:109FA0004024043240240533402406314024C73085
:109FB000A14102427E0EAFF3021C833202C504EDC2
:109FC000A140C8C703148E30AD700C70FAE80214BB
:109FD0008030CF79ED08648084C281C3FE0E2000FA
:109FE000E14001C08A213E061270CA254D102C7135
:109FF0003C20002006793E66EAF1E078F4C3B0C167
:10A000004A24C0700A2080210A2100217043484060
:10A010000845CD704024063D4024093A4A200000FE
:10A02000A82000050349F0200B101526020000337C
:10A030008C0F833A6F120033831F7A3D0000152185
:10A040000F10047180A260A75A85C341C842000066
:10A0500004324080A60026004A2240204A24C070D4
:10A06000A8200002041100140030000001360E1078
:10A070000436809FA040000018F64A24C070CD70BE
:10A080008DC46C70A820000204140014003000007D
:10A090000133030098850133800F80BF0000043036
:10A0A00000835C002C00ED717A0FEFF70731800020
:10A0B00024853FDA6C7007364C70233C0AD718BAF7
:10A0C0000430C0804041CA218C0F00BF0000013025
:10A0D00041004831CF020034801F7449002404300D
:10A0E000C080CA228C0F00BF00002F26C7F347F2A2
:10A0F000013080004830CE0202F0ED714025141B83
:10A10000422240200F79CC798AC2402405370021B1
:10A1100044048DC1A14062434024153ACE0A200078
:10A12000402416374A24C07040240030A820800202
:10A130000416022404150124013181000418500082
:10A1400080C183C27A0F2000A14083C110DABA080F
:10A15000AFEC82401B0B31208DC080C2B60DEFFFEB
:10A16000824100C201C102C053A534A515A54671A4
:10A17000EF792F2087048D0905804A2400715C4DFA
:10A180000A210004A8208001041002040419900090
:10A1900000884830000000A10C8D0FE80C700432DC
:10A1A00000804BF74A240071A820C00106405220CD
:10A1B000C00704181020D4C7E6C3A2C10846008017
:10A1C00060444024C3304024053140248630484751
:10A1D0000A254010BA0CAFF3031C833202148030FE
:10A1E000031481300F7879092400047765089502FB
:10A1F000252000000AF00CF00CF00EF00EF010F02C
:10A2000016F01EF01EF020F00C8E0CF005861DF0EE
:10A2100006861BF0078619F0088617F024168010B2
:10A2200081C3A1419E0AAFFAE14214F025168010C5
:10A2300081C3A141620E6FF5E1420CF0188605F072
:10A24000198603F0048681C3A141620CEFF7E14255
:10A25000021480300471021C0230C4F101C0412894
:10A26000010200AD21ADC6C7E8C3A2C148472845D9
:10A270002C7010DA60400A200021D20D6FFA684677
:10A280002C70C34213002C5F510D10104A24C07073
:10A29000A820C00204120304402440303C60247112
:10A2A0003823C00300AC0A0E2FF7402440302CE8BE
:10A2B00009DD081E4312071E0312061EC311051EE8
:10A2C0008311041E4311031E0311021EC310011E3D
:10A2D0008310001E431019F04A240071402202032B
:10A2E000A82080020412030481C03C60247138233A
:10A2F000C00300AC8A08EFF581C017E8AD71001EFD
:10A30000C31014F0AD70AA0E6FF77827001C06E892
:10A31000B866A57100188301110F711EBE66A57184
:10A32000001E831202F0AD7000184023C8C7E07809
:10A33000ECC3A2C10846008060444024C3304024DE
:10A3400005314024863048470A254010420BAFF3C0
:10A35000031C83310214803054261118542692199C
:10A360004026101B031481300F78750924000477F0
:10A37000610895012520000006F00DF012F01AF09A
:10A380001BF022F081C30240A141120AEFFAE14220
:10A3900020F00A8681C3A1411E08EFEFE1421AF0C6
:10A3A0003D16801081C3A1411A09AFFAE14212F0B3
:10A3B00081C3224003F081C34240A1415A0DEFF70F
:10A3C000E14208F01A8681C3A141E20AEFF7E142B7
:10A3D000021480300471021C0230C6F101C0412811
:10A3E000010200AD21ADCCC7EAC3BEC1A8470846F3
:10A3F0000C7002A701A700A78A863041CB45824492
:10A40000553502240103848648318B0021860034AF
:10A41000CC12281E001104344090CA2105030431D7
:10A420004083CA254910B6A602EBCAC74A24C070A9
:10A43000A820000204120104003141000130400054
:10A4400028860430408019F64A24C0700E702241DC
:10A450004A220000A820000204110004003000007D
:10A460000132020038860132800F80BF00000430C4
:10A47000408094010C00241680101C16101004E873
:10A480005C1E03104A24C070AD7097C44A200000BF
:10A49000A820C003152601105381F02101200030AF
:10A4A0008320152402100231C100047120A23D1640
:10A4B00080104026101B3CE897C180C202407A0EF3
:10A4C000EFF23D1E42138E0D6FF480C002C680C0B5
:10A4D000820D6FF442C57FD817B8013601105020A5
:10A4E000C2050230800300318100003080002F332C
:10A4F000400001C145C52F32000000C05220C007F6
:10A5000046C3003181000032000043C144C083C013
:10A510009AC25A0DEFF202419AC0BE0DEFF283C10A
:10A5200083C110DAE20C6FEC0240CAC79AC010DA9D
:10A53000D60C6FEC02419AC06A0AEFF283C183C065
:10A540007A0AEFF28AC197C08AC18DC2C20A2FF778
:10A550004024103D86864A24C07054260D18A1411F
:10A56000A820800304100024568660810034001067
:10A57000003080000133000004191000408502857E
:10A5800021854A24C07047C249C040C242C00E70F3
:10A5900080C287C30C7048C1041C4030A8208002D0
:10A5A00004120C04041301040031010301304000C3
:10A5B0000430808F233C0AD724000C00A60FCFF86C
:10A5C0004A24C070A820000300150110003041008B
:10A5D0000031810FCC3DCDCC041D50104A24C070F9
:10A5E000A82040048DC04586F020000415260114E3
:10A5F000308100320000152703140130400006713D
:10A6000000A315F12416801014703EF3DC4E9AC09E
:10A61000F60B6FEC10DA9AC08A09EFF293C193C07F
:10A620009A09EFF290C190C18DC22240E2092FF742
:10A630008DC55C168010251681100F086500047109
:10A640005C1E021020F14A24C0700E704A210000E6
:10A65000A8200002041500140030000001310100A0
:10A6600064160010043100801C06ECFF4A24C07000
:10A67000542680193D1E4310A82000010418110023
:10A6800002F1E078C9000003E6C03FDA18BAC3411E
:10A690004C3FCDCCCB45CC3DCDCCCB44484200004B
:10A6A000C343F93B6C098A231010CB46833A6F12DF
:10A6B000CB47F449002448A027A0B8B997BA0C1892
:10A6C0004300A6A085A079A02418C402C2A0E1A0DE
:10A6D00038A044A0C6C4E078E2C224772909B502B4
:10A6E0000845252040000BF00FF015F019F01FF081
:10A6F00023F02AF02FF03BF033F04040BA0D6FFA10
:10A7000060410CADC2C64040860FAFF7604105A561
:10A71000C2C640407A0FAFF7604106A5C2C64040AE
:10A720006E0FAFF7604107A5C2C64040620FAFF79A
:10A73000604108A5C2C640407E0D6FFA6041241DED
:10A740000210C2C6404046096FF56041251D021047
:10A75000C2C640403A0FAFF7604118A5C2C640409C
:10A760002E0FAFF7604104A5C2C64040220FAFF7DD
:10A77000604119A5C2C6E078E8C382240C34504079
:10A78000084784C08A220C007E0A6FEC28450087A7
:10A7900040248330402404324024053340240631D1
:10A7A0004024C730A14102428A0E6FF3021C83315C
:10A7B00002C504EDA140C8C703148E30AD700C7003
:10A7C000FAE802148030CF79ED08648084C281C336
:10A7D00062082000E14001C08A213E061270CA25AD
:10A7E0004D102C713C20002006793E66EAF1E0789D
:10A7F0004A24C0707FD917B96C70542002083C18E5
:10A8000043002EA06DA06CA06BA06AA0A820000140
:10A81000041A11004A24C070A8200001041A110073
:10A82000C341C84200005C18C200E07F3AA0E07853
:10A83000E2C3A4C1896940412B0CB511084525200C
:10A84000000307F010F016F01BF027F031F080C283
:10A8500020402E0DAFFA60415C4D80C1AA096FEC1B
:10A8600010DAC2C72040360BAFEF60410AA5C2C75D
:10A870002040460C6FFA60413D1D0210C2C780C2E5
:10A8800020407A08EFF7604100C201C102C050A524
:10A8900031A512A5C2C780C220406208EFF760410F
:10A8A00000C201C102C053A534A515A5C2C72040EE
:10A8B000DE0DAFF760411AA5C2C7E078E2C3A4C1BC
:10A8C0004845628056802CE0520BEFF2A14480C0D4
:10A8D00010DA36096FECA14180C0FE09EFF2A14108
:10A8E000C2C7E07848310100073641704847000090
:10A8F0003D18430007364270F44900243AA0E07F37
:10A9000041A0E07808446C704A200000624C043298
:10A9100040804C70CA206900E120C907CA226C003F
:10A920005B63ED0B1481E07EE4C07A108C007FDD68
:10A930005021FE8717BD084648340C10CA21410338
:10A940000434C0908026091A0BF7EC108C0089ECB7
:10A9500056204C08808CDD0C30104833C302608ECA
:10A9600005EBC3434940DB0F53F0C010830011EBEC
:10A970005022FE875C754835C21215208200A41053
:10A980000306A01202060132C200A4189800548ED9
:10A990000DEAEC10820086EA56204208408A07EA57
:10A9A000C342B23DC2B8A01898004831C102247712
:10A9B000483181000031810F32BEC2B89B100206BF
:10A9C0000131810FB23EC2B8A0100B0601318100E7
:10A9D000A51008060131C1029D100906C343494074
:10A9E000DB0F02360272803F00000431C080CA23B0
:10A9F0004500003242020030C110A4100C060132A2
:10AA000041009C18D800013103039D185800C34130
:10AA10004940DB0F04334080C342B23DC2B8CA2173
:10AA2000C50004318080CA2185009E185800C4C426
:10AA3000808EF026C3701300505F4C70141E4310BC
:10AA4000A4189800A01898000D0C71109B18D8003D
:10AA50008D7040AE9E10020695709D18980083F58B
:10AA6000A5F1E078E8C382240C345040084784C044
:10AA70008A220C00920F2FEC284500874024833057
:10AA80004024043240240533402406314024C7309A
:10AA9000A14102429E0B6FF3021C433502C504ED37
:10AAA000A140C8C703148E30AD700C70FAE80214D0
:10AAB0008030CF79ED08648084C281C3160A6000BB
:10AAC000E14001C08A213E061270CA254D102C714A
:10AAD0003C20002006793E66EAF1E078F2C3B3C17B
:10AAE0002F26C5F10A2180210A2140110A220021C6
:10AAF000704550443043100023000847442740006D
:10AB0000C01F021080140D301EC64A24C0700C7085
:10AB10005424083840240B3DA8204005F02303208E
:10AB2000F0240120152002100033830F833A6F12A6
:10AB30000031810F7A3D000015230C10047160A2D2
:10AB400020A490C18DC24024053A0A244002E1406D
:10AB50000A2380046209E0024024103A4A24C070AB
:10AB6000A820C001064000308003041810208DC1C9
:10AB7000402404372243E140A2424024103DD60B3A
:10AB8000200087C61F8736874A24C0700030800F98
:10AB90007449002407304B004A200000A8204004DC
:10ABA0008AC1F0200320044E024980C11579013387
:10ABB00083000033021304710133820040A180C17D
:10ABC00083C20A0DE002E14040270E1B83C110DA68
:10ABD000360E2FECC1401D0A312090C080C2360BCA
:10ABE000AFFFC14100C201C102C053A734A715A7DE
:10ABF000BE439E427E41360DEFFFE1404A24007184
:10AC00000A214003A82080010416021404199000B0
:10AC10009E17001600A10C8F0FE80C700432008004
:10AC2000160006004A240071A820C00100855220A9
:10AC3000C007041D1010D2C7E8C3A2C10845008098
:10AC400060444024C33040240531402486305040C5
:10AC50000A26401055254F18360A6FF3031C43355A
:10AC600002148030031481300F78EF092400047738
:10AC700065089502252000000AF00CF00CF00EF09B
:10AC80000EF010F016F01EF01EF020F00C8D0CF0FF
:10AC900005851DF006851BF0078519F0088517F05E
:10ACA0002415801081C3C1411A086FFA024214F0C2
:10ACB0002515801081C3C141DE0B2FF502420CF037
:10ACC000188505F0198503F0048581C3C141DE09AB
:10ACD000AFF70242021480306BB87308D50225200A
:10ACE00000000CF00DF010F011F019F01FF021F041
:10ACF00021F023F023F025F06C15801011F06D1574
:10AD0000801007F07815801003F07915801081C34A
:10AD1000C141B20F2FFA024219F07A15801081C397
:10AD2000C141760B2FF5024211F01C850AF0018714
:10AD300008F0028706F01D8504F0008702F00E87F8
:10AD400081C3C1416609AFF7024202148030047129
:10AD5000021C023088F101C04128010200AE21AE80
:10AD6000C8C7E078E8C3A3C1484728452C7010DA6B
:10AD700060400A200021D60A2FFA68462C70C34290
:10AD80001300605F650D10104A240071A820800236
:10AD90000412030480C03C6024713823C00300AC5B
:10ADA000DE0D6FF580C038E80FDD0E1E43150D1E59
:10ADB00003150C1EC3140B1E83130A1E4313091E16
:10ADC000C312081E4312071E0312061EC311051EDE
:10ADD0008311041E4311031E0311021EC310011E22
:10ADE0008310001E431019F04A24407140220204CF
:10ADF000A82080020412030481C03C60247138231F
:10AE0000C00300ACD608AFF781C026E8AD71001EC4
:10AE1000031223F0AD701B0FB019B866190F711C27
:10AE2000B866A572011883030018430304F0A571E6
:10AE30000018C3027A0B2FF77827001C05E8B866C4
:10AE4000A57100188301130F711EBE66A571001E47
:10AE5000831203F0AD7000184023C8C7F0C3A2C12D
:10AE60000846008060444024C3304024053140241B
:10AE7000863050440A25401016086FF3031C4332F5
:10AE8000021480305526D31A55265219542610180C
:10AE900054268F194026111B031481300F78A709FF
:10AEA00024000477610895012520000006F00DF0CC
:10AEB00012F01AF01BF022F081C32240A141DE0EF5
:10AEC0006FFA824220F00A8681C3A141EA0C6FEF3B
:10AED00082421AF03C16801081C3A141E60D2FFA80
:10AEE000824212F081C3024003F081C3E140A141DC
:10AEF000260AAFF7824208F01A8681C3A141AE0F3D
:10AF00006FF78242021480302508700281C3130853
:10AF1000300281C32308F10181C3624009F0901619
:10AF20008010A1419E0D2FFA824207F04240A141BC
:10AF30006A0E6FFA8242021480300471021C0230E1
:10AF4000ACF101C04128010200AD21ADD0C7E078CD
:10AF5000ECC3B3C188474845304210412C7022A74A
:10AF600021A720A702EBCCC74A24C07055210E2888
:10AF70004A200000A820C002024D90C3157B003279
:10AF8000820FCC3DCDCC047140A36D118020147094
:10AF90000C700DF24016821090C15E0B2000224012
:10AFA000562141286C168010208905207E80DDF511
:10AFB00023850C7004310080C4F63FD818B805F022
:10AFC000C34000BF0000013100007A1181204830E9
:10AFD000C0020F7893084480108E0FE86C11802017
:10AFE0003108B100101E03104021002B90C14A0B04
:10AFF000AFF280C220F079118020D70830004021C4
:10B000000D2B5521402984C2CA09AFF2A14166F037
:10B010005521CD2A90C180C21E0BAFF20A204003F9
:10B020004A2400714021002BA82080010410010453
:10B03000041D5010AD7080C01A0A2FF442C501C023
:10B040007FD917B9043040804F21C207CA20490078
:10B0500004308080F60D6FF4CA2085000846C34096
:10B060004940DB0F0436009083F602308E0300C0A7
:10B0700043C0560C6FF583C000368E1F003F0000A2
:10B0800045C5C140560FAFF644C547C09E0CEFFA08
:10B09000C14003C1791182200030400046C007EA58
:10B0A0005521402984C110DA0FF040210D2B84C0B6
:10B0B00088C22209AFF2A14188C01E0AAFF28CC13A
:10B0C0008CC110DAA14042090FEC1D02000084C0BF
:10B0D00010DA36092FECA1416C11902084C090C188
:10B0E000560AAFF2402402301908B0204A240071F9
:10B0F0005521C02AA820800104150114041850000D
:10B1000080C0AD704E092FF4081C013001C000C191
:10B110000430408348C145F7AE0B6FF588C040212D
:10B12000002B820E6FF284C184C0920E6FF2E14157
:10B1300008C24A24C070E140A820C001208000322B
:10B14000410004185000781180202EE84A24C07075
:10B150004C700C70A8200002041201240031410040
:10B16000013040000430808F6144000043C0C6F6C7
:10B170000030820FBC3862BE7FD817B87011032030
:10B18000043200804A24C070CA20850000300100CB
:10B19000A820400200870033000000310000041F97
:10B1A0001010A2F04A24C07055214D2CA140E1425C
:10B1B000A82040026080041201040131C10004187B
:10B1C0005000420A2FFAA140D340C8420000043088
:10B1D0000084DAF602854085218542C0A14040C244
:10B1E000220A2FFA41C14A24C07080C10A224003BA
:10B1F000A820800204110304073303000033030472
:10B20000041AD000008608C14A8602360370803FC7
:10B21000000024168C100030410000338000013003
:10B2200042004AA607EC02865022C1070431008082
:10B2300011F64A24C0702C70A820000204120024C9
:10B2400000300000013101000F8604310080400011
:10B250000C0074110C2040852185028570110B2093
:10B260004A24C07080C343C440C241C1081C00309E
:10B27000A820400304130004208700340210003388
:10B28000401001308000041F10102EF0A6EC238621
:10B29000BFBA0432408044002C004A24C0707411AC
:10B2A000012040856185028570110C2040240B30FF
:10B2B000241E431043C140C241C342C0A8204003E2
:10B2C0000413001440870031030000348010013063
:10B2D000C000041F101008F00C70241E021002A7FA
:10B2E00001A700A7ED11802014707E04C2FFED19A4
:10B2F0004320CCC7F0C3A4C155200E0D28451041F2
:10B3000032866516001650420A0E6FFA1C1E431054
:10B310000471651E181080C1C60B2FFAA14001C12F
:10B3200000C065160F1602C2013040004A24C070EA
:10B33000926F01308B002C6C4A200000A820400244
:10B34000024D1521432004712471471B98002F33AF
:10B35000C002224280220908208A152100234618B3
:10B36000D8008FE96316001632860F0923002C716E
:10B37000001A430005F004712C70631E181034701D
:10B380008AF2B286108609205003170F2314422038
:10B3900053202D0FE1148E71F143A14318F0BF67C4
:10B3A0000227001404716E0D6FFAA14165160F1685
:10B3B0001044422053206C72AD710AF0B86702202D
:10B3C000000404714E0D6FFAA14100437FD948304B
:10B3D000902017B94833932007310504224080207C
:10B3E000040740240730E1420731C6048241C60BFE
:10B3F0002000A144090A1020208603F021860A0DAE
:10B40000AFFF80C06516011642866D7104B92271C6
:10B41000461101060431808086F74386043180801E
:10B4200002F66D708AE8150B11100686A168E4E536
:10B43000C2F664DDA6A605F0AD70181E0110ED1170
:10B44000802021E8090A1020288603F02986BA0CFA
:10B45000AFFF80C005E856214028001843000F0BBD
:10B46000301080C0341E011011F09E0CAFFF2A86F0
:10B4700014700C7003F40D8604712C860F086200A2
:10B480000DA656214028001803000586090D02105C
:10B490001C1E0310D0C7E078590480024C7056205F
:10B4A00041088A24017440A900415520830E80215F
:10B4B000040740A347A342B3A820000104191100C8
:10B4C000802009085F1B980040A1E07F40A8E07839
:10B4D000E8C2684548463040C60AA00208474220F4
:10B4E000C0223108F50255275018252000000CF025
:10B4F00011F018F01DF024F029F02FF034F03BF09B
:10B500003FF046F0C140860BEFF4A1416C1F0210E2
:10B51000C8C6C140A20FEFF9A1416D1F0210C8C6F5
:10B52000C140960FEFF9A141781F0210C8C6C14073
:10B53000860FEFF9A141791F0210C8C6C1404E0B1A
:10B54000EFF4A1417A1F0210C8C6C14042096FF74B
:10B55000A1411CA7C8C6C14036096FF7A141041814
:10B560000020C8C6C1402A096FF7A1410818002071
:10B57000C8C6C1401A096FF7A1411DA7C8C6C1407E
:10B580000E096FF7A14100180020C8C6C14002098A
:10B590006FF7A14138180020C8C6E078E8C38224BC
:10B5A0000C345040084784C08A220C005A0CEFEB40
:10B5B000284500874024833040240432402405334A
:10B5C000402406314024C730A141024266082FF3CF
:10B5D000021C433202C504EDA140C8C703148E30DB
:10B5E000AD700C70FAE802148030CF79ED086480F9
:10B5F00084C281C322082000E14001C08A213E06A6
:10B600001270CA254D102C713C20002006793E6630
:10B61000EAF1E078E8C3A4C1684548462847220A11
:10B62000A0021040210F701280C2330F3012C140AF
:10B63000290FF11180C2C140460F2FFAA1415520B8
:10B64000C02A08F0C1403A0F2FFAA14155204029E5
:10B6500080C1B60BEFEB10DAC8C75E0EEFF9A1415F
:10B6600090180220C8C7E078ECC248310100CB44F2
:10B67000484700000734431022925520CD09084660
:10B68000E81500904831010007345210D341803F43
:10B6900000003885D340833A6F120D700030800F60
:10B6A000C84200005021C225483181000736CC70C5
:10B6B000F449002448433C1E4310F41D43907AA6ED
:10B6C00007318F2407308604118581A64830800019
:10B6D0000032002000324120003000040031090413
:10B6E00004300082CA238C1F00BF00000130C0025A
:10B6F000043100924830C00212A5FFA6E41D8091DB
:10B70000404005F6C34000BF00003E85483181003F
:10B7100000324C2001310110003400144831C102C4
:10B720000430008239A505F6C34200BF0000013095
:10B7300080004A24C0704830C0021DA5C140C341EA
:10B740001300845F80200A01A82000020411020473
:10B750000732C200041890000736C07080BF000096
:10B760000730800F723F22B07209CFFD02310020F6
:10B770007E1D18102A0DEFFFC1401C854830800047
:10B7800000320020003001040C7004310080C5F646
:10B790003FD818B804F0C34000BF000001310000DA
:10B7A0004830C00249200005482080001FA5CCC6B3
:10B7B000F6C3A4C1402996004226132150412847D0
:10B7C00008451520C10480C010DA0A20C0210A27CC
:10B7D00080210A2540210A22002168462A0AEFEB2F
:10B7E000402414302F0F6314152582150A21C0033D
:10B7F0004A240071484480C0A8204002608004149C
:10B800000B140133C3100418D0002471E5096284BD
:10B8100010E2330AA223346EB961C142422101040D
:10B820004A24007180C02844A8204002608004148B
:10B830000B140133C3100418D00010E1527244718C
:10B84000B0F64A2400718D70A8200005152401234C
:10B850000081F025C21415200323003040058571B6
:10B860000232020066710032820000A1001B8000DB
:10B87000390F63144A2400714A2000001520C203C6
:10B88000A820400480C1434D014915200C200471BB
:10B8900002334100608400314100447101334100B2
:10B8A00020A4E571CD07CFFF390A82234A24007115
:10B8B000126E6C684A210000A820400480C0624DCE
:10B8C000204815204C2024710232000040840030B2
:10B8D000000064710132000000A45276C571A8F620
:10B8E0004A240071A820C00106400030C005041899
:10B8F0001020D6C7E4C249684F7D9F250213CB4470
:10B90000A000CC492043BA64D1825424821A5965DC
:10B91000426E40B10F78C3441300643EB20E2FF85C
:10B920004C74C4C600430280043040800C70E02098
:10B93000CE07438304324080C9F70483043040803B
:10B94000C8F7C34040400000E07E7FD8E07F17B8D2
:10B950000C70E07F9EB8E078EAC382240C37504038
:10B96000084787C08A220C009E08EFEB2845008715
:10B9700040248333402404354024053640240634D3
:10B980004024C733A1410242AA0CEFF20E1C03313E
:10B9900005C504EDA140CAC70F148E30AD702E71DD
:10B9A0004A200000F8E80E148130CF78E9090480BD
:10B9B0002308300184C12908B00084C13708F00091
:10B9C00084C13B08710087C0C20EAFF484C104AFCC
:10B9D00015F0BA0EAFF487C015AF11F087C0AE0EE8
:10B9E0006FF880C200C201C102C042A723A704A70A
:10B9F00005F09A0EAFF487C014AF04C08A213E064A
:10BA000012703C200020CA254D10062101203E6600
:10BA1000CAF1E078F2C3ACC117C7504530420846BE
:10BA20002C7024DAE140E8450A2080210A214021D7
:10BA30000A230021160EAFF97044048E13083F004C
:10BA400014DA15087F0080C014DA624107F080C064
:10BA5000A24105F080C014DA8241AE0F8FEB04C121
:10BA6000C60EEFFFC14044C080C03A0D2FF288C11E
:10BA700088C04A0D2FF285C1048E23083F014A2455
:10BA800040712B087F014A2440713308BF0180C1F7
:10BA900014DA760FAFEBA14021F0A140A82080017D
:10BAA000041501240418500014F0A140A8208001BE
:10BAB00004140124041850000CF04A24407162411F
:10BAC0000A204003A82080010411020404189000F9
:10BAD0002485560EEFFFC14004A518C14A244071C9
:10BAE0000A204003A820800104100204041F9010C3
:10BAF000158E4A2440710AE8A8208001041300240E
:10BB00000419100011000000A82080010415001481
:10BB10000419100004C24A24C0700C7040240D3572
:10BB20000C198020A8208004014D15210320152028
:10BB30000C2020A30031810F7AC40000F0220320E2
:10BB400004710133410020A40C188020D2C7E07892
:10BB5000E8C3A2C10846008060444024C3304024AA
:10BB600005314024863048470A254010220BEFF269
:10BB7000031C03310214803040261012031481305C
:10BB80000F784B0904001F0810011F08B00081C383
:10BB90002308D0002B08710081C3048EE142A1412B
:10BBA0000DF0158E08F00240A141FE0C6FF8E14245
:10BBB00007F0148E81C3A141E142DE0C8FF4021420
:10BBC00080300471021C0230DAF101C04128010208
:10BBD00000AD21ADC8C7E078E8C3A1C160404845C9
:10BBE00028462C7010DA8847620CAFF97040D57087
:10BBF000CD702BF24A24C070C3421300905F0C70CA
:10BC0000A820C00204120304402441301C610471C6
:10BC10003823410320AC9A0C6FF64024403006E8EC
:10BC2000CD710018432011F0130D101F150DD01EFB
:10BC3000170D911B0018832006F00018032104F053
:10BC40000018C320CD71C0A7C8C7E078E6C3A2C161
:10BC50000846008060444024C3314024053040241D
:10BC6000863148470A254010260AEFF2071C433068
:10BC700007148330061481302F78230B0400170833
:10BC8000510000C041680F0FA410B860968E40C2EA
:10BC900080A82471061C4230F0F100C04128010246
:10BCA00000AD21ADC6C7E078C34113009C5F418160
:10BCB00060812281041843001618430014180500FF
:10BCC00043A062A0E07F24A0E6C3A4C10846008090
:10BCD000402483314024043240240533402406307C
:10BCE0004024C731484728454A09EFF2061C433033
:10BCF00002C003E8C6C70614833007148C304C70AA
:10BD00004A200000F8EA8F7AED0B84800F0A710058
:10BD100000C12A65247140C156AEF1718A223E06E7
:10BD2000CA208D003C2742103D2741103C64ECF1B5
:10BD3000E07EE078E6C034108C005520CD0C0CEA93
:10BD40000D0CD1105C8D250AB500E96AED701C1D43
:10BD500003100DF05C8D28158F1044714F7E0D0E71
:10BD6000C51348475CAD03F0FCADE910820008E95B
:10BD7000210AB500CD70E91803000FF028158E10C8
:10BD8000216A2F7A0F0A85032846E918420005F038
:10BD9000C96AE918820328158B10EF793109C502A9
:10BDA0000D0CD110F510820025098500CF79B3095B
:10BDB000C5020F0C9410F5108200A7098500696C6C
:10BDC000A30B53006C713418430053F0216C496B82
:10BDD0002F7E4F7909238303970C61103418C2001A
:10BDE0004A24C070402009045520020C0A23401246
:10BDF000A82080020413081400150110013041101E
:10BE0000041A50004A24C0705520420B0A234012E5
:10BE1000A820400204130814208502304110041A9F
:10BE2000500020854A24C07001314B005520C10DBF
:10BE3000A82000020411021401338210041990009A
:10BE40004A24C0705520020D40200004A8200002A2
:10BE5000041001040231C102041A500009F00D0B54
:10BE6000D5003418C20005F06C72341883006F7866
:10BE7000110805030F0C9010090CD1101C1D0310A4
:10BE8000C6C41C1D0510C6C4ECC3A1C155204F0972
:10BE9000BC8083874A24C0700846204070415040CF
:10BEA000402441300A220020A8208002041002040D
:10BEB000043200836F220B00011992009E082FF4B8
:10BEC0004024403033E86487BD864A24C0700C703B
:10BED0000A218004A820400304110B0440244230AE
:10BEE0001C620433C09004716F220B0040AC6E08DA
:10BEF0002FF4402440301BE84587BE864A24C0709A
:10BF00004A200000A820400304120C2440244130A1
:10BF10001B610434809004716F210B0020AB3E083C
:10BF20002FF44024403003E8BF86018736877D86A2
:10BF300002350B1057870031C1029C860130410049
:10BF40000032C0000435409021A7CA2145030431C6
:10BF500000808943D0F6BE86684300324003043136
:10BF60000080CAF67F86A9430032C00004310080F9
:10BF7000C2F6684302877FDB17BB07300003073335
:10BF800001030130C00004304080CA21050007339E
:10BF90004200614020A70432C082CA2089000018F4
:10BFA00000200287013300100430C080CA20C9007D
:10BFB0000430C08002A705F40019C320CCC70430A8
:10BFC000808F003F000045F600194320CCC70019C0
:10BFD0008320CCC7EAC382240C385041084588C06E
:10BFE0008A220C00220AAFEB2846008540248330C9
:10BFF0004024043240240537402406314024C73011
:10C00000C14122422E0EAFF2021C033302C604EEDF
:10C01000C140CAC703148F3055251018CD700C705D
:10C02000F8E802148130EF78E90924800477C30826
:10C030001503252000000DF012F018F01CF022F07E
:10C0400026F02CF030F03BF040F047F04CF088C088
:10C05000460DEFF581C1901D04104BF088C0320EE3
:10C06000EFF681C10CA545F088C0260EEFF681C120
:10C0700014A53FF088C01A0EEFF681C115A539F05E
:10C0800088C00E0EEFF681C118A533F088C0020EED
:10C09000EFF681C119A52DF088C0F60DEFF681C12C
:10C0A0001AA527F088C081C12E0B6FFB83C283C104
:10C0B00010DA5609AFEB02401BF088C0D20DEFF644
:10C0C00081C1AC1D001015F088C0C20F6FF481C192
:10C0D0006D1D02100DF088C0B60DEFF681C1CC1DAC
:10C0E000001007F088C0AA0DEFF681C10BA501C0B2
:10C0F0008A213E063270CA264D102C713C21002048
:10C1000006793F678EF1E078EEC3ADC1A8470A20FB
:10C110000021304108462F2685F012002300001D23
:10C1200003000C714678361E02102F26C5F00E0053
:10C1300023000C716678351E0210784E4024C232FE
:10C140008AC3220F6FFE22413616801008E835168A
:10C15000801006E80B1480306E7003E86E71402684
:10C160000D1787C10A204003760CEFF540241237E3
:10C170004A24C07040244136A820400304120224FF
:10C180000C700432808F00470000CA20690001193A
:10C1900012004E0FEFF34024403608E80C7002A561
:10C1A00001A500A5341E02107670040222008AC187
:10C1B00081C240248332C140D20CEFFF4024123AA6
:10C1C0004A24C0704A200000A82040031526011010
:10C1D000F021032021811522022004710233410045
:10C1E00020A201C44A24C070046E8AC2A820C002E2
:10C1F000041201046080003441100133410004182E
:10C2000050002A168010549604710F793072A001E4
:10C210002D002A1E02104A24C0702C702A1E031002
:10C22000A820000315264010448001808AC3357B76
:10C2300002308000247100A38AC087C1A20BEFF5F1
:10C24000402411373F8601C04A24C0704C7007302B
:10C2500041000C86021C8230031C823000310C002D
:10C26000A8208003041103240C70402441360433B9
:10C27000008359614471CA206A0000A9620EEFF37D
:10C2800040244036BB0830004C70B01600107FDCF4
:10C2900017BC013001032C160B10C34020410000D5
:10C2A0004A24C07004310080CA2045004024083769
:10C2B000B01E0010A8208003041009142C70402424
:10C2C00043360431C0925B634471CA21690020ABDC
:10C2D00007341110C340CC3ECDCC043100A0CA219C
:10C2E0000520FE0DEFF3402440368AC22BE8C60E2F
:10C2F000A0038AC06B864A24C07083C487C283C1EE
:10C30000A82080020412000404330080CA20C50063
:10C31000041910004A24C0704A200000A82000041C
:10C320008AC10149034C1526021000314B2024829A
:10C330000033C31004710131C10024A211F02C702C
:10C3400025F04A24C070284EA820C002041201041F
:10C350006080003141200133410004185000402426
:10C3600081304024C230920C2000C1404A24C07069
:10C3700040260014A82040010410010422A0031448
:10C3800082300214813080D800AF0A148330341612
:10C390009110A609EFFFC140341680100D0900204E
:10C3A000008F87B8001F02102A1E03104A24C07095
:10C3B000A8208001041500140418102034168010E1
:10C3C0004830000000180020CEC7E078E8C3A2C1C2
:10C3D0000846008060444024C33040240531402496
:10C3E000863048470A254010A60AAFF2031C0333E3
:10C3F0000214803055261018031481300F789309E9
:10C40000240004777F081503252000000CF014F0A9
:10C4100014F016F016F018F018F01AF01FF022F0D1
:10C4200028F02BF09016001181C3A1417E09EFF591
:10C43000E14229F00C8622F0148620F015861EF0C9
:10C4400018861CF019861AF01A8618F081C302406B
:10C45000A141A20F2FFBE14215F0AC1600100EF027
:10C460006D16801081C3A1412E0C6FF4E1420BF0D8
:10C47000CC16001002F00B8681C3A1412E0AEFF604
:10C48000E142021480300471021C0230B6F101C096
:10C490004128010200AD21ADC8C7E078E8C3A1C1C1
:10C4A000504028452C7010DA604088469E0B6FF98A
:10C4B0006847B570AD702FF44A240071C342130071
:10C4C000A85F0C70A82080020412030480C11C61C4
:10C4D00004713823010420ACA60EAFF480C01BE821
:10C4E0000CDD0B1FC3130A1F8313091F4313081FFF
:10C4F0000313071FC312061F8312051F4312041FD5
:10C500000312031FC311021F0311011F8310001F19
:10C510004310A0A6C8C7E078F2C3A2C1084504151D
:10C52000001460444024C330402405314024863048
:10C53000484630455A09AFF2031CC3330214803019
:10C54000402510135525111B5525D21B5525D31CED
:10C550005525941D40250F16031481300F78AF091F
:10C56000240004779B08D503252000000FF012F06B
:10C5700013F016F017F01AF01BF01EF01FF022F067
:10C5800023F026F02BF02EF034F081C3E14022F0AE
:10C590003015801028F02615801026F081C3A140A8
:10C5A00018F03115801020F0321580101CF098150D
:10C5B000001022F081C302400CF081C322400AF037
:10C5C00081C3424006F081C3624004F081C38240CF
:10C5D000A241460BEFF6C14213F0E415801004F0BF
:10C5E000E515801081C3A241AE0A6FF4C14209F083
:10C5F000AC15001081C3A241B208EFF6C14202148B
:10C6000080300471021C0230A8F101C041280102EF
:10C61000001D0220011D4220D2C7E078F90300026C
:10C62000F0C382240C375044084587C08A220C008E
:10C63000D60B6FEB28460085402483334024043515
:10C6400040240536402406344024C733C141824289
:10C65000E20F6FF20E1CC333141411300D09302099
:10C6600055254F1B2240D0C70F148E305525101C66
:10C670005525121D5525D31D2E700C70F4E80E148F
:10C680008130CF78E109248004778EE04E010D00DF
:10C69000252000000FF01BF020F027F031F038F0DB
:10C6A0003DF044F04EF05AF067F076F083F08AF0F7
:10C6B0008FF087C084C1460AEFF680C200C201C174
:10C6C00002C047A528A509A589F087C0BE096FF457
:10C6D00084C1341D021083F087C0B2096FF484C195
:10C6E0002A1D02107BF087C084C1120AEFF680C2B7
:10C6F00000C201C102C041A522A503A56FF087C0F9
:10C700008A096FF484C1351D021069F087C07E0963
:10C710006FF484C1361D021061F087C0720FAFF64E
:10C7200084C19C1D00105BF087C084C1CE09EFF668
:10C7300080C200C201C102C044A525A506A54FF0D4
:10C7400087C084C1B609EFF680C200C201C102C031
:10C7500040A721A702A743F087C084C19E09EFF636
:10C7600080C200C201C102C000188020041840200D
:10C770000818002033F087C084C18209EFF680C218
:10C7800000C201C102C0001A8020041A4020081A09
:10C79000002025F087C084C16209EFF680C200C284
:10C7A00001C102C0001B8020041B4020081B002088
:10C7B00015F087C0D6086FF484C1E81D02100FF091
:10C7C00087C0CA086FF484C1E91D021007F087C052
:10C7D000BE0EAFF684C1B01D001004C08A213E0613
:10C7E0009270CA214D202C713C24002006793E66AF
:10C7F00046F1E078E6C0484308415520C20C0C7071
:10C800004A260000001B02105D0EF50015218D1157
:10C8100055254C1B6485C38455250F1C0433808328
:10C82000C9F660A7A082013548130233030260A451
:10C830000CF0A084043340834BF760A48082013461
:10C840000C130133030360A7001B43100AF060823E
:10C850000133C3000136CE100235C310CAA467A449
:10C86000C471D4F1001902005508F5001521031018
:10C8700055230E0DA4838386043500935523CC0DD8
:10C88000CDF6E082A0A400378B1F80C000000135E8
:10C89000CF12E0A600194300A48360860435C0903F
:10C8A0004CF76082A0A60033830F80400000013562
:10C8B000C31060A4001943000471D8F1C6C4E07825
:10C8C000ECC3A7C148310100073652704847000049
:10C8D00008461880D340803F0000CB45C841000087
:10C8E0000230002055260F197A096FFD0735911483
:10C8F000EA0F2FFD00310020043100A42241CA219B
:10C9000009042F36400020975020C2252D70073291
:10C910004B23483101000735431002300C2000360C
:10C92000400040410033001097A604304082CA21E5
:10C930008C0F00BF000001304000043340824830BB
:10C94000C10234B604F6C34200BF000001338000C8
:10C95000307C4830C00210784830020007368870BA
:10C9600000410000C34300BF00004834801007327C
:10C970000120023080210030C00001300B04003360
:10C9800000120030410004314082C4F63FDB18BB86
:10C9900007368270804000004834001007320C20B7
:10C9A0000131C300003380104C7000300103483364
:10C9B000C00204318080641F0210C5F63FD818B849
:10C9C00004F0C34000BF0000013100004830C00245
:10C9D000F51E02100031802F24BDCAA5FE0E0FFDEA
:10C9E0004A240071023000202C7017A7A8204003B1
:10C9F000152640108010000083C515254210023016
:10CA00000020247100A2420A600283C04A240071FF
:10CA1000A820C001008500310020041D101083C033
:10CA20000A0A600240240D334A2400715426001E75
:10CA3000A8200002041501140230412004185000FF
:10CA40001F865D863E8687874A24C0705526031A56
:10CA500042C080C040C241C1A820000204100104AD
:10CA600007344110041B5000361E43102A1E0310C9
:10CA7000351E4310CCC7E078E4C208455F20020FA2
:10CA8000C340A000704CC341F0002C015E6000194F
:10CA9000410067861CEB0022820FA000A94CC34016
:10CAA000F0000000001A0300B578CB44A000144247
:10CAB000289013884084C5B8027926A606EA607AD1
:10CAC000A14086E8678626860709C500C4C6001609
:10CAD0000270A000E841201E011005EA607AA14022
:10CAE000C4C60F0DF110A1406A09CFEAC4C68E0B6F
:10CAF0008FEAC4C6E6C208475F270E1FC340F00096
:10CB00002C01CB45A000A04C00184100D865060FB1
:10CB10002FFB09180300C340A0001442408006EA1E
:10CB2000A166607AE14084E80C708B58C6C6E07854
:10CB3000E4C2E1C4FC1CC8B2FC1C88B2FC1C48B2B4
:10CB4000FC1C08B2FC1CC8B1FC1C88B1FC1C48B120
:10CB5000FC1C08B1E1C3E1C2E1C1E1C0FC1C88B723
:10CB60006A25C010E1C56A258010E1C5FC1C08BF1C
:10CB7000A1C1C340F000440100180102CA0E4FFBDE
:10CB8000147143F2CB45A000846ECD70A140001C0F
:10CB900001302F260C102F2188830CF2C340A000F7
:10CBA0009C7E00804C716C70EA0D6FFB4024043059
:10CBB0000426819FFF0000000BF2C340A000807E8E
:10CBC00000804C716C70CE0D6FFB40240430042645
:10CBD000819F000F00000AF2028508E84C716C701A
:10CBE000B20D6FFB402404306C26C19609F201851A
:10CBF00007E84C716C709E0D6FFB4024043000C040
:10CC000003E8160E8FFC8774C1C50A244073C1C5A2
:10CC10006B258010C1C56B25C01004141E34C1C023
:10CC2000C1C1C1C2C1C304140434041405340414C2
:10CC300006340414073404140834041409340414A6
:10CC40000A3404140B34C1C4C4C26F243F00E0781A
:10CC5000E9048FEAE6C3A3C108462040C94580C164
:10CC600080250C177A09AFF580C700C28D712C7131
:10CC70004A204000034F0C7204338080CA22C9004E
:10CC800034702C70F8F5268604324080CEF7248666
:10CC900004324080D9F705860432008048002E0017
:10CCA0008D741515C1102AF0008D218D4968096910
:10CCB0004D7A0D7988223E028C213E8240AD5EF68F
:10CCC00088D90C7129F0208D418D6969296A6D7AA6
:10CCD0002D7988223E028C213E8240AD99F621AD0D
:10CCE0008D720DF0018D1415C21004770D798C2111
:10CCF0003E8240AD8FF68D7321AD0B0932000C746E
:10CD0000C6C780260C170016C210814006F088D9CD
:10CD100003F088D90C7321ADE90A12800C73C6C7E1
:10CD2000F2C382240C3D504408458DC08A220C0079
:10CD3000D60C2FEB2846008540248333402404354D
:10CD40004024053C402406344024C733C14182427C
:10CD5000E2086FF20E1C433505C003E8D2C70F147A
:10CD60008F30B140B141B1420A23402355258E1E78
:10CD700056251518802004278021042D80220523A4
:10CD80008023052F0E148130EF783070C6012D00FE
:10CD90002C70047794E020010D002520000016F08F
:10CDA0001AF020F024F02AF02EF034F03BF041F09D
:10CDB00048F051F058F067F074F084F089F098F082
:10CDC0009DF0A4F0B1F0C0F08DC0D20D6FEE84C123
:10CDD00000A672F08DC0C60D6FEE84C101A66CF086
:10CDE0008DC0AE08AFF684C102A666F08DC0A20861
:10CDF000AFF684C103A660F08DC09608AFF684C17B
:10CE000004A65AF08DC0960D6FEE84C105A654F0AD
:10CE10008DC084C10E0AEFF986C286C118DAA2401D
:10CE200048F08DC06A08AFF684C10CA644F08DC0EE
:10CE300084C1F209EFF986C286C118DA02403AF0DD
:10CE40008DC084C1DE09EFF986C286C118DA22409E
:10CE500030F08DC084C1CE09EFF986C286C118DAE0
:10CE6000424028F08DC084C1220AEFF780C200C280
:10CE700001C102C0591D98105A1D58105B1D181091
:10CE80001AF08DC084C1060AEFF780C200C201C14A
:10CE900002C05C1D98105D1D58105E1D18100CF02E
:10CEA0008DC084C17E09EFF986C286C118DA62405E
:10CEB000560B0FEB04C09270CC06EEFFE57154F0F8
:10CEC0008DC0CE0F6FF684C1AC1E0010F4F18DC082
:10CED00084C1BA09EFF780C200C201C102C0661D59
:10CEE0009810671D5810681D1810E6F18DC0AE0C23
:10CEF0006FEE84C1BC1E0010DEF18DC09E0C6FEE83
:10CF000084C1C01E0010D8F18DC084C1EE09AFF6F7
:10CF100080C200C201C102C06B1D98106C1D581068
:10CF20006D1D1810C8F18DC084C1D209AFF680C242
:10CF300000C201C102C06E1D98106F1D5810701DF7
:10CF40001810BAF18DC0560C6FEE84C1DC1E0010B3
:10CF5000B2F18BB9C34213002460760EE001A14008
:10CF60000C70D2C78A203E06D2C7E078EEC3ADC1AE
:10CF700008450488B1430A208021A84770424846EA
:10CF8000304180230C2909E80013802005E8A140E6
:10CF9000220C600022414A24C0708D70CB43003FB8
:10CFA00000002C70001B4320041D0213A8208006E3
:10CFB000204E0A20C01280C20030800F7A3D00004F
:10CFC0008BC304300083CA208C1F00BF00000130D7
:10CFD0000802357A347B247100A24830C01200B3B5
:10CFE000A9468026091F8BC22C711E09EFF1C14092
:10CFF00056704E701CF480C15E0CEFFFA1404A24B5
:10D00000C070004340240038A8208002041101248D
:10D010000031810FCC3DCDCC04185000A14288C115
:10D0200080220C01DA0E2000A1401042CE1501161C
:10D0300016E98A200B04086592E88BC2C1404A09B0
:10D04000EFF14024113B4A24C07080C0A8200002A8
:10D05000021141254831810004185000CD150016F9
:10D06000B14180210C210030820F7449002480C11D
:10D0700040240434C3432B3277CC22409E0BAFF1C3
:10D0800080C684C110DA82092FEB224084C14A0A8B
:10D09000AFF1224084C110DA6E092FEB2240402408
:10D0A000C133402482338E082000A1400E1480300A
:10D0B000001803200520BE8404F280D80018022046
:10D0C0007515021676150116771500164A24C070DC
:10D0D00040C241C1081C0030A82080020416001480
:10D0E0000030800F20410000041F10100F1480300A
:10D0F0004830000000A7CEC7A3C14A24C07080C436
:10D1000040240230A820C00104100104BFB9041A51
:10D11000500000C04C712C71234C2C7204330080E1
:10D12000CA20C90054704C70F8F5E07FA3C0E078C5
:10D13000E8C38224023A4847284608455620010F92
:10D1400086C090DAC2082FEB402410364A24807142
:10D1500040240030A82080011C1003240418D000B3
:10D1600004C103C0C015021004310080CA20490068
:10D1700004330080CA20C9000430808044F7001EB8
:10D18000C31011F0BC1501100430408044F7001E9C
:10D19000831009F0B8150110043040806F200B0097
:10D1A00000AE8A204C05086509089101001E031095
:10D1B000001F031080250C15208D008E0D084000E7
:10D1C000001F4310008E00ADC8C7E078FAC3A2C1AB
:10D1D0001047008060444024C3304024053140247F
:10D1E0008630484538405527992EA60C2FF2031C4F
:10D1F000433502148030EA460A27C0150A20C025AC
:10D200000A21C0250A22C025562713285627942B09
:10D210005627D52C5627D62D8027052F8026061B6E
:10D22000802704178020042D8021052380220529D2
:10D23000031481300F78E30924000477CF085505E3
:10D240002520000015F017F017F019F019F01BF069
:10D250001BF01EF01FF022F023F026F027F02AF03A
:10D260002FF037F03CF03FF040F043F048F027401B
:10D2700048F02F4046F0374025F03F4023F0274448
:10D2800021F02F443EF081C3624016F0301100308F
:10D2900019F081C3E14010F081C302400CF081C35A
:10D2A00022400AF081C3424015F081C3824013F04E
:10D2B00081C3E24003418A0DAFF9A14227F0AC11CE
:10D2C000003081C30341E60B6FF6A1421FF081C31A
:10D2D000A2400341D20DAFF7A14219F0BC110030BA
:10D2E00010F0C01100300EF081C3C14003F081C3C3
:10D2F000C2400341220E6FF6A14209F0DC1100305A
:10D3000081C30341B2086FEEA14202148030047160
:10D31000021C02308EF101C04128010200180230C7
:10D3200001184230DAC7E078E8C3A1C1604048453F
:10D3300028462C7010DA8847120DEFF87040D5702F
:10D34000CD7008F2470D911900188321CD711FF09F
:10D350004A240071C342130014600C70A82080029C
:10D360000412030480C11C6104713823410320AC02
:10D370000E086FF480C00BE8CD740318C3210218A7
:10D3800043210118832000184320C0A7C8C7E078B4
:10D39000F4C3A2C10846008060444024C330402446
:10D3A00005314024863050462845E60A2FF2031CFA
:10D3B000C33102148030D1430A2280238A214C25B4
:10D3C0008A208C258A270C195626551E5626141F8E
:10D3D0008023092C80220C21031481300F788509C9
:10D3E000240004777108D5012520000007F01FF004
:10D3F0000CF013F018F022F028F081C3A240A141F4
:10D400006E0DEFF9C24228F081C36240A1410A0DBE
:10D410006FF6C24220F081C34240A1417E096FF9FC
:10D42000C2421AF0322640140AF081C38240A14160
:10D43000E20A6FFAC24210F03226001481C3A14101
:10D44000560CEFF3C24208F0E86681C3A1417608AA
:10D450002FF9C242021480300471021C0230BEF166
:10D4600001C04128010200AD21ADD4C7EEC3822422
:10D4700007355041284510405624803D2C7024DA51
:10D48000A8460A2300217042C20BEFF856248F3DB4
:10D490004A24C070A820800104160014101F101028
:10D4A0008D700A2140146C700A2080144A220000FA
:10D4B0005A2280014A24807156244E3B7960357E81
:10D4C0000A23401201410C70001E0013A8208002A4
:10D4D0000C110704181306140036C6010130800130
:10D4E00044710574CD0AF48000A66471BD0BB4814B
:10D4F000402109115524C83F5524C93F0A268004FC
:10D50000152005134C700A2340140C704A248071B6
:10D510001420010015254E00C0432C70001E801001
:10D52000A8208002041304140C1307040037070119
:10D530000131C1010471D908B48120A60A248004F4
:10D540004A2480716D7021410A200001A8208002C8
:10D550000C1007040C1103040033C3010133CB107A
:10D56000142280005624813D986001490024833FA5
:10D57000000044014471013341108474157BC50AD5
:10D58000F48020A385712574790CF490C47456241A
:10D59000403B0024813F000044015524423B1E0BC8
:10D5A000EFF855244E3B2C704A24C070C1426240B3
:10D5B0004A230000A820800204100B0418120C0457
:10D5C0000034CC1201330303204D15204220247176
:10D5D00001330000C574D509B481721A18005524AE
:10D5E00000392C704A220009620AEFF855240D39DF
:10D5F0004A248071A8200001071D5310CC705524C7
:10D60000483B8D700A2180144A2300004A24C070D0
:10D6100001406D70A820800204110214181001044A
:10D620000031810001334B105A2380015524013908
:10D6300040240430986033210100152402006471F5
:10D64000483180000230C002C50BB48100A2857150
:10D65000B50CB49105744C70152087200A20401435
:10D660004A2100005A2180014A24807180431527F5
:10D670000C000C70781C9811A820000304100914E9
:10D6800018130B0400334B120130C002781C181021
:10D690002471D50994814471C10AB4818474CEC7C0
:10D6A000E8C3822402344A24807150400A250010C5
:10D6B00056204E0EA820800104110004041E1010F4
:10D6C00080C02C7090DA8609EFF880C74A248071F8
:10D6D000A8208001041000241C1F101080C190DAC3
:10D6E000260BEFEA0A2080034A24C0708025091C1B
:10D6F000A8200001041D1110C8C7E078EEC3ABC11B
:10D7000028470846AD70104188C1E140704350423F
:10D710001B1C423380264C15C60E2FF540241038B2
:10D720004A24C0704A200000A8204004152101208E
:10D73000F0200320D8110100402442371A6204333C
:10D74000408004716F210B0020AA12086FF340245F
:10D750004037208E2EE834768C010D0025204000C5
:10D7600007F0C2F02EF0C0F04DF05FF06BF0C61184
:10D770000026CE110126416830706C012B00C619BD
:10D780009820CC110220D0110120D411002043C2D6
:10D7900044C145C04021022880C12240C6195823F7
:10D7A000001E831040C541C5FA0EEFFF42C59CF034
:10D7B0000709500121AE001E4311C619582394F0E9
:10D7C000C6110026402404304024C5360471C61911
:10D7D0001820E1414242624352092000224087C1A1
:10D7E00080C25209EFFF224027C0F508D000CB11BC
:10D7F0000126C6110026F1090300C6195823A0AE60
:10D8000072F0402404304024C5362240E1414242B7
:10D810001A092000624320C0CD081000C019582307
:10D82000001E831160F0C6110026C8110126047184
:10D83000B5086200C6191820018EC619582300AE1B
:10D8400052F0C61110264A24C07040204020C6194C
:10D8500018200C70A820400315210120044F9C11B2
:10D86000030688C2157A0234C110047120A28E0802
:10D87000EFFF88C0C0110126E7168F9010430130DA
:10D8800042001F0FB512C01998201521C023B518EA
:10D89000D804C0111226E571E71EC29312F0B5112B
:10D8A0000326224022410232D20080200B05802133
:10D8B0000B0624DA0A0FAFF8C0199824BE19D82431
:10D8C000B4110120EF78483000000031000004322C
:10D8D00000A04DF7E71E4293C0195823C6195823DC
:10D8E000001E03111B148030CEC7CA110026F90890
:10D8F00002A0CC110220D0110120D411002043C27B
:10D9000044C145C04021022880C12240E71E429305
:10D91000C0195823C619582340C541C5860DEFFFCD
:10D9200042C5001E8310E0F1F2C38224053A084686
:10D930000A2440210A21002170434843304010420C
:10D9400055204F08AD7080264C15001D4203570B23
:10D950007100001C42034A24C0700C70A8204004CF
:10D9600015220220F02001209C1203060024823F91
:10D9700000005C01157A0231C100047120A200246C
:10D98000803F00005C01760F8FFF2C8704304080C1
:10D990005E000C0000194320098E1470060202007C
:10D9A000D2C7098E02E8A9AE5624C1396140320FB0
:10D9B0002FF15624D5390C700024813F000014014A
:10D9C0004A24C0700A224005A82080010C120304DA
:10D9D0000419D0000471ED08F480A674410BF02006
:10D9E0005422812D350B31215422812A18F027161B
:10D9F0008110498E3072680106000430808F20410A
:10DA00000000A2012C0044719F17011649AE01309D
:10DA100040009F1F1810D2C74022012F5524C03F3D
:10DA2000E60FAFEA18DA95C02C7090DA1E0EAFF848
:10DA30005424953A4A2480715524C03FA82080017F
:10DA4000041001041C1D50204A2400795622012F85
:10DA500095C0E078A82040020411030440800133FF
:10DA60008200041890005622412E5524403E9A0F01
:10DA7000AFEA18DA0D708D704A24C07014240013B8
:10DA8000A82000053320820F1300C05F0024813FCF
:10DA900000001401034940240933152101104832C4
:10DAA0008200047160A149A18571D10CD4902C70C1
:10DAB0004A24807115220C225524423E21430C70C9
:10DAC0009C1C5813A8208002041206040C130B049B
:10DAD00000338B110130C00205712574D508F49014
:10DAE0009C1C18104A24C070A82040041522402015
:10DAF000F02043209C1000060024823F00005C01BF
:10DB0000357A02330000247100A2230B1021002477
:10DB1000803F00005C01E60D8FFF2C8704304080C1
:10DB2000C5F6008E6508B1006C71408721870287B9
:10DB30006C7040C241C142C00019C2205524413E10
:10DB400095C283C30024843F00005C01402405305B
:10DB50001E09EFFF4240001C4320D2C71AF448328E
:10DB6000010000304300013140009F1701160233CD
:10DB70000C0004310083D7F601330000043100802B
:10DB800051F7016A09AE12F1438724870587D3F163
:10DB900030721006CEFF0430808F803F00000C06EC
:10DBA000C6FF9F1F5813A9AED2C7E0783900800185
:10DBB000E8C3A6C11040802007054A08EFF82846B0
:10DBC0000430808F7A4400007C0026004A24C07014
:10DBD00083C583C0A8208002041601140031810F80
:10DBE000CC3DCDCC041850004A24C0706D700C7030
:10DBF000A820400315200120044D7511030680C2A2
:10DC0000157A0234C110047120A200C601C502C4F5
:10DC100003C304C205C17FD817B8C318D822C218DD
:10DC2000D822C118D822C418182072189823731843
:10DC30005823741818239C18D8209D1898209E18D3
:10DC40005820C8C70209A0010240C8C7F4C38224F3
:10DC50000F35504408455524403D8A220C00AA0D3A
:10DC6000AFEA2846008540248333402404355524F8
:10DC7000053D402406344024C733C1418242B609E1
:10DC8000EFF10E1CC33105C603EEC140D4C70F141B
:10DC90008F30B143B140B141B1425625551E562592
:10DCA000161FCD704A20000080230C2180204C25B7
:10DCB00080218C2580220C29E9E80E148130EF7830
:10DCC000CB0924800477AB08D5012520000008F09B
:10DCD00012F01CF02AF036F03CF044F05524403DA0
:10DCE00084C1720CAFF95524823B5524813B18DA6C
:10DCF000A24025F05524403D84C1FE092FFA8AC276
:10DD00008AC190DAC2401BF05524403D84C1EE0B1D
:10DD10002FF680C200C201C102C09C1D98109D1D3B
:10DD200058109E1D181025F05524403D84C15208FE
:10DD30002FF986C286C110DA6240CE0C8FEA19F044
:10DD40005524403D460BAFF384C10018022011F06A
:10DD50005524403D360BAFF384C10019022009F071
:10DD60005524403D520FAFF884C1001A022004C070
:10DD70008A213E069270CA264D102C713C24002048
:10DD800006793F679AF1E078ECC3A6C14092CB4494
:10DD90004847000008454832020007348B10CB4743
:10DDA000C8410000F141C343833A6F123FDA483162
:10DDB0000000073412106A150016691501160D705F
:10DDC00018BA483080004831810048410433C0937C
:10DDD000CA21C52200310020003141200030C0009E
:10DDE0000031C60004300082CA218C1F00BF000031
:10DDF000013040025525901E043600824830C00292
:10DE0000CB1D1810404005F6C34000BF00007FDE68
:10DE100017BE07368914064100258C1F00001C031D
:10DE20004831810000314B20013601000031C01221
:10DE30004831CB020030C100CA1DD8120431008223
:10DE4000CD1D581204F6C34200BF0000EC150010AF
:10DE5000013181006D7048308000003100200031B8
:10DE600000100030C2004831C0020432C08214AC3D
:10DE7000C4F63FD818B805F0C34000BF0000FC1539
:10DE80000110013200004831810000324120483049
:10DE9000C0020031C20015AC0432C082C4F63FD8C3
:10DEA00018B805F0C34000BF000071150B16013211
:10DEB00008002C704833801000310020C61D581017
:10DEC0000030C2004830C0120432408020B422AC7E
:10DED000CE1D1810C4F63FD818B805F0C34000BFD7
:10DEE0000000013200000031822FCC3ECDCC483002
:10DEF000C00204324080C81D1810C5F63FD818B8BB
:10DF000004F0C34000BF000001320100A1408020A6
:10DF1000090F4831C102B20A6FF1201C4210A14022
:10DF200080200B052C7029DA2209AFF8C01D1910CA
:10DF3000184DE0DAD20AAFEA0241A141802104077C
:10DF400080C0C60AAFEA18DA073740144A24807145
:10DF50000030800FC8420000073090044025121F97
:10DF600040240030043080A3CA208923A820000266
:10DF70000410010400304120041A5020A1418021E6
:10DF8000040D80C0820AAFEA18DA4A24807180C08A
:10DF9000A82000020410010400304120041A50207F
:10DFA000A1418021050380C05E0AAFEA18DA4A2445
:10DFB000807180C0A82000020410010400304120BC
:10DFC000041A5020C34148420000043140A0C3401D
:10DFD00048410000CA214920043100A0CA2105207F
:10DFE00007374114B4150010041D43100031000020
:10DFF000B41D0010CCC7E078E6C0210AB2008D71D4
:10E000000A230000E383C483A5838571E0A3C1A331
:10E01000A2A3F50CA2900CE34A24C070547A6B6A58
:10E020004A220000A820000244491520CD00447176
:10E03000647180A5C6C4E078F2C382240C3B5043CF
:10E0400008468BC08A220C00BE09AFEA284500862C
:10E0500040248333402404354024053A40240634C8
:10E060004024C733A1416242CA0DAFF10E1C0335F3
:10E07000141410300B083020D1420240D2C70F14C4
:10E080008F30D1415526CD18552694190E700C703D
:10E0900080220A2B80210A2FF1E80E148130EF78BC
:10E0A000DB092480047793E088010D00252000001F
:10E0B00014F01AF01EF02AF034F049F051F05BF041
:10E0C0005FF065F069F06FF073F082F087F092F026
:10E0D00097F09DF0A1F0A8F08BC0C20AEFED84C1CB
:10E0E00002A6A8F08BC0B60AEFED84C100A5A2F08D
:10E0F0008BC09E0DEFF584C10030800F8040000082
:10E100007A1D181001A596F08BC0860DEFF584C11D
:10E110000030800F80400000801D181002A58AF09A
:10E120008BC084C180C2D60FEFF5402415304A243D
:10E13000C0708240A8208002041501240031810FA4
:10E14000804000000418500074F08BC0420DEFF5C1
:10E1500084C10030800F8040000007A56AF08BC0AA
:10E160002E0DEFF584C10030800F804000001BA50C
:10E1700060F08BC0260AEFED84C10AA55AF08BC06F
:10E180001A0AEFED84C10FA554F08BC00E0AEFED13
:10E1900084C113A54EF08BC0020AEFED84C116A511
:10E1A00048F08BC0F609EFED84C11DA542F08BC08D
:10E1B00084C1DA0E2FF780C200C201C102C0A71EBF
:10E1C0009810A81E5810A91E181034F08BC0EA0A27
:10E1D000AFF884C1001902202CF08BC084C1FA0969
:10E1E0006FFA86C286C110DA1E08AFEA424022F0FA
:10E1F0008BC09E0CEFF584C1871D18101AF08BC0E0
:10E20000B60AAFF884C10CAE14F08BC08E09EFEDE6
:10E2100084C110A50EF08BC0760CEFF584C1961D5D
:10E22000181008F08BC06A0CEFF584C1971D181008
:10E2300004C08A213E067270CA204D202C713C23F6
:10E24000002006793F672AF1F6C3822402394A2466
:10E25000C07010410A2780210A2640210A2500218A
:10E260006846484708455520900880210B2480C007
:10E27000A8208002041102040032820FCC3ECDCCD3
:10E2800004189000120AEFF380C0A84D8BC078DA12
:10E29000760F6FEA304206428BC0620DEFFF80C1FD
:10E2A0008BC178DA620F6FEA42403A0F2000A1403A
:10E2B0002C8D10440BE902851308F30080C1A140A6
:10E2C000FE0860008242104304F06E70EE1903A154
:10E2D000EC1181A00D8D34701042CA22222076707C
:10E2E000CA220120A140B209200042410437809F88
:10E2F0001C44004079260010C520660078230120C8
:10E300002478522001007A0B6000A140A9468026A3
:10E310000A10084780C1A140C142DA0F20004243E1
:10E32000EE1183A022854E70782382007F21410068
:10E330004B7904F4650B1101ED1181A01EE97927D9
:10E3400002107920000056254F18047AA14062433C
:10E35000720E2000E1410042A140CA0D2000E141BF
:10E3600010421AE8408621860286601880206418D0
:10E3700040206818002010F001C202C11E4000C3F6
:10E3800044C245C146C05625001D83C110DA7A0E2D
:10E390006FEA43C3ED1943A00F0B3020A140ED708D
:10E3A0000E1D031004F05E090000084702866D8D03
:10E3B0004086218681100E2656708A243E10CA247B
:10E3C0002110767042C03823C003CF24621040C2AF
:10E3D00041C1001F022394E885244210130FF1105D
:10E3E000001F0223021100210019042008F0A1409F
:10E3F0005625811FBA0B6FF580200B05048DEDADFE
:10E4000003E8041D03100011002143087100A1411D
:10E4100080210B0583C010DAEE0D6FEA4024103323
:10E420004A24007140240037A820800204100124EF
:10E430000031810FCC3DCDCC041850005625811FF2
:10E440006E0B6FF587C00C7002F004774A24C07021
:10E450000019042080C0C34120400000A820000211
:10E460000410020400324200041D902000364010C7
:10E4700048370210001D8020001E00200017802059
:10E4800000344120C6B848300000081E4020041E59
:10E490000020D6C7E4C3B4C16509F1000845048D66
:10E4A0002EE8A14180210B0590C010DA5A0D6FEAC9
:10E4B00090C64A240071E078A8204002008600300F
:10E4C000800FCC3DCDCC041E101080C02C7040DAE3
:10E4D0007A0B6FF880C64A24007190C0A820800192
:10E4E00004100104141E50105625801F80C11A0DFF
:10E4F0006FEA40DA80250B14001D0510C4C7E078D0
:10E50000E4C3B4C108455620810D84C040DAFA0C3A
:10E510006FEA84C64A24007180C480C0A8208001AC
:10E52000141601140418500000C32C714A20400036
:10E53000024C0C720432C080CA23890034702C70E3
:10E54000F8F5A61500162C73043300808DF7A51579
:10E5500000162C720433008087F7A41500160433CC
:10E5600000806F210B002F78C4C7E078F0C3A8C1EA
:10E570000846008060444024C333402405344024CE
:10E580008633504230405526CD180609AFF10F1C96
:10E5900003350E148030D1430A2480238A210A2FA8
:10E5A00055268F1980230A2780240A2B0F148130C7
:10E5B0000F78307006012D000477EB081505252033
:10E5C000000015F015F017F017F019F033F035F0E2
:10E5D0003EF040F040F042F042F044F049F04CF0A0
:10E5E00051F054F059F065F066F0028656F000855F
:10E5F00054F0018522F0028520F0218702874087B0
:10E600004A24C07041C142C080C185C0001C803016
:10E61000A8208002041102040032820F803E000014
:10E620000418900085C084C30241EE0AEFF542420F
:10E6300039F0078502F01B850030800F803E000016
:10E6400084C302416608EFF542422DF00A8526F0A8
:10E650000F8524F0138522F0168520F01D851EF00D
:10E6600084C362400241420A2FF742421BF0322625
:10E6700040140DF084C3824002417A0D2FFA4242C9
:10E6800011F087150016DEF10C8E84C30241360EA0
:10E690006FF8424207F0108584C302411A0DAFEDB6
:10E6A00042420E14803004710E1C023080F1961527
:10E6B0000016C8F197150016C4F104C041280102E4
:10E6C0000018022001184220D0C7E078E8C3A3C197
:10E6D000504028462C7010DA604088456E096FF86B
:10E6E00068474C70C34113009C601EEE4A24C07002
:10E6F000A820C00204110304402440315C6044712E
:10E700003823000400ACAA092FF54024403130E83A
:10E71000CD74031FC310021F4314011F8313001F76
:10E72000431127F04A24007140210103A8208002F0
:10E730000411030482C05C6044713823000400ACFF
:10E740003E0CAFF382C026E808DE071F8313061FC6
:10E750004313051F8310041F8311031FC311021FDE
:10E760004311011F0311001F431015F0CD707820D5
:10E77000C02C7820012E031C02304024C030D20966
:10E78000EFF561C107E8D867C5710018830303F08E
:10E79000CD70C0A5C8C7E078F8C3B2C108460080F4
:10E7A00060444024C3304024053140248630504129
:10E7B00028455526CF1ADA0E6FF1031CC335021413
:10E7C0008030D140D142D1430A2480235626951D62
:10E7D0005526961E562657185626181D80200B249F
:10E7E00080220A2080230B2280240B2503148130F1
:10E7F0000F7830701C012D00047796E008010D00A1
:10E800002520000017F01AF01BF022F022F024F06F
:10E8100025F028F028F02AF02AF02CF02CF033F024
:10E820003DF040F046F04DF04EF056F05BF05EF0FB
:10E8300064F081C3424007F081C3C24003F081C34A
:10E84000E240A141D208EFF522425EF00D8E2CF09D
:10E850000E8E2AF0ED1080A026F07817001636F004
:10E86000168729F0038727F0098725F00C8723F006
:10E87000008721F081C30340A141220DAFF822425D
:10E8800042F082C040DA82096FEAA24182C081C3AD
:10E89000A141E6086FF5224236F0EE1080A004F0A8
:10E8A000EF1080A081C3A141EE0F2FF322422CF084
:10E8B000048781C3A141020BAFED224224F08517EA
:10E8C000001604F08617001681C3A141DE0DAFF5D6
:10E8D00022421AF081C36240A1419E0FEFF422420E
:10E8E00012F00010002104F00210002181C3A141A8
:10E8F000BA0CAFF4224208F081C38240A141F60A6B
:10E900002FFA2242021480300471021C023070F18E
:10E9100001C04128010200AD21ADD8C7A1014001CD
:10E92000E4C3A7C10845990A30000C7047150216C8
:10E930008D0A120160814181228146C05625001D49
:10E9400045C183C143C39A092FEC44C2681502161E
:10E95000691501166A1500164A24C0703FDE40C2D0
:10E9600080C218BE6D7041C1081C0030A820000490
:10E970002082C1400431C082CF20EC070131000069
:10E980004830C00248308000041A10006B15011690
:10E9900000C301C20431C082CF26EC1701318103CC
:10E9A00002C44831C1020C7148318100A01DD81049
:10E9B000A11D9810A21D1813A31D5810C4C7E078FC
:10E9C000E4C2684608450C7006EAA14036082FEC00
:10E9D0008020040505EE671D5910471D1910C4C697
:10E9E000ECC3ACC10845048088151010258540C0D3
:10E9F00006857FDE17BE42C0422040204830882076
:10EA000048308B002D08B22041C1402502172C72DE
:10EA10004A24C07040240030A820400280800412A4
:10EA20000304013303030418D00012712471B2F6F9
:10EA3000073608124A24C0704A2100000736D11256
:10EA4000A820400480C3357B008315254C104484E6
:10EA50000030001089C602320200357E247100A306
:10EA600040A689C083C17A0C6FF883C66108B220C2
:10EA70004A2780104A24C0701427C0134B680C70BA
:10EA8000A820C00380C115258310044910130B0072
:10EA900089C3157B023301130471447120A389C01B
:10EAA00086C13E0C6FF8402412364A24C07083C0E1
:10EAB000A820400240800412012401318100041882
:10EAC00050001277B007EBFF40274F104A24C07068
:10EAD000A820C001008600310220041E901004C14D
:10EAE00003C001304000013080002F300000CCC74F
:10EAF000E8C3A6C14A24C070704008454A200000FF
:10EB0000A8208002074A064983C4157C0236C31335
:10EB1000047160A483C0CA0B6FF880C1EE0A2FF99C
:10EB200080C00F08F1202F310010048D07E80C7110
:10EB3000B11D5812B01D5812C8C7B21500167FDAA1
:10EB4000B3150116B015031617BA00310C100232B6
:10EB50000000B1150B1600314810023241000030A0
:10EB6000C000013402100031C002B01D9810013005
:10EB700003100C71B11DD81080250B14209505E9E8
:10EB8000247720B5C8C70232C100BFB90431808FD5
:10EB900080400000CFF602318110C34240410000A6
:10EBA000BFB90431808009F60231C110BFB9043108
:10EBB00080808807CCFF0C70C8C7E078EEC3A7C17F
:10EBC0003040104155200D09084684C10240504391
:10EBD0008026CA1F0A0AAFF4402412344A24C070A7
:10EBE000ED700C70A820400415210320F0220120B4
:10EBF00098130300402442331A620431C080047128
:10EC00006F210B0020AA560BAFF240244033FF16B1
:10EC100081901FE8347652020D00242040001F002E
:10EC20000000470200003B0000003F0200004900D6
:10EC30000000BD0000001301000013853485E0AE24
:10EC4000307080012A0004711B02200013A50909FD
:10EC5000500120AEFF1E4391E7A50C71CEC70D11E8
:10EC60008020001E83101473FA0122000C70FF1E16
:10EC70000391CEC74A24C0704A200000001E031131
:10EC8000A820800315210120F0200320E8110100B5
:10EC900080C2157A02334100047120A280C084C171
:10ECA0003E09AFF44024103480854A24C0700C70B3
:10ECB000A820400304100324402441331A61043384
:10ECC000008304716F210B0020AA920AAFF2402446
:10ECD000403385E8EAA5FF1E839105850430C08492
:10ECE00082010900F0A5FF1E8391B9F184C10240A1
:10ECF000EE08AFF4402412344A24C0704A200000C9
:10ED0000A820400415210120F022032098110100C1
:10ED1000402442331A620433408004716F210B0097
:10ED200020AA3A0AAFF240244033A3081000078516
:10ED30004885047150702E012B0007A5208E47A531
:10ED4000FF1E429091F04A24C0700C70A8208003EE
:10ED500015210120F0200320E811010080C2157A5E
:10ED600002334100047120A280C084C17208AFF454
:10ED70004024103440854A24C0700C70A820400301
:10ED800004100C24402441331B610434809004712E
:10ED90006F210B0020ABC609AFF24024403308E8D6
:10EDA000208EFF1680902F0861004C700B854C85DB
:10EDB0006C702168EAA51B08A3002BA5204215F062
:10EDC0000C70FF1E8390F3A5CEC7E7A54BF04BA5B3
:10EDD0000BF00A856D8504717070EBA50AA5CA2336
:10EDE0000B0083F66AA505850430C084CAF6308519
:10EDF000118524711109220030A510A5004104F0ED
:10EE00002C70F0A50D85170B010011850F0901006D
:10EE1000008E4C70EBA5FF1E02900C85470A020085
:10EE200011854309010001850D19C223FF1E83903E
:10EE30007F1D1810EA0EEFEB5621002D7F150016EE
:10EE4000C3411300546040DA471D18105621802D2D
:10EE5000441DD813451DD813AE0B2FEA461DD813F9
:10EE6000EBA5FF1681903474F405EDFF0C712D783D
:10EE70003220800F13009460CEC7E078E8C3A9C1A8
:10EE8000004255204D090C7003E91CA5C8C73C85FC
:10EE90007A852471F909E2803CA52D8A0D09F100DB
:10EEA0008A210B04316206E9404180210B0905F0FB
:10EEB000404180210B0AF4150C90C0817CA55A2496
:10EEC00001134A24C070596181816281238140C449
:10EED00041C342C1A82080031522010080C3421112
:10EEE0000B06044B86C3157B0234C112047120A3A8
:10EEF00086C083C1EA0E6FF483C718854A24C070A8
:10EF00007FD90036031017B94A200020A8208002BC
:10EF100040870C7004338080CA204500041F101005
:10EF2000EA0EEFF883C00846E20EEFF883C004361D
:10EF30000094C5F63FD918B904F0C34100BF0000E2
:10EF4000013040004830C0028B20838F09F200C39B
:10EF500001C202C10C717DA55EA53FA5C8C70C709A
:10EF6000C8C7E078F4C382240D3D504408459DC0D5
:10EF70008A220C00920A2FEA284600854024833515
:10EF8000402404375424053E402406364024C73527
:10EF9000C14182429E0E2FF1161CC3351C14123043
:10EFA0000B0A3020B1414240D4C717148F30B1430F
:10EFB0005525CE1A5525901E5625151D5625961DEC
:10EFC0004E700C7080210B2480230B25EDE8161465
:10EFD0008130EF78D3092480047796E0B0010D00EA
:10EFE0002520000017F026F033F042F046F04CF0F8
:10EFF00051F058F05CF062F066F06CF070F079F06F
:10F0000080F087F08CF092F097F09EF0A8F0AFF0CF
:10F01000B4F09DC086C1E608AFF580C200C201C150
:10F0200002C0A01D9810A11D5810A21D1810B0F00C
:10F030009DC086C1C608AFF580C200C201C102C032
:10F04000001880200418402008180020A0F09DC05F
:10F0500086C1AA08AFF580C200C201C102C0421D2C
:10F060009810431D5810441D181092F09DC01E08A2
:10F070002FF386C10DAD8CF09DC012082FF386C111
:10F080000EAD86F09DC006082FF386C1ED1902A0D3
:10F090007EF09DC0FA0D6FF586C1781E181078F0CD
:10F0A0009DC0FA0A6FED86C116A672F09DC0EE0AE9
:10F0B0006FED86C103A66CF09DC0E20A6FED86C1BC
:10F0C00009A666F09DC0D60A6FED86C10CA660F059
:10F0D0009DC0CA0A6FED86C100A65AF09DC086C1C8
:10F0E0009E0C6FF898C298C110DAA2404EF09DC0F5
:10F0F00086C1D20CEFF988C288C140DAC24046F01E
:10F100009DC08A0FEFF286C1EE1902A040F09DC0AB
:10F110007A0FEFF286C1EF1902A03AF09DC07E0A85
:10F120006FED86C104A634F09DC0660D6FF586C1F3
:10F13000851E18102CF09DC0560D6FF586C1861ED9
:10F14000181026F09DC086C1120FAFF483C203C110
:10F1500004C0B21D5810B31D18101AF09DC03A0C0F
:10F160006FF486C10019042012F09DC02A0C6FF4C0
:10F1700086C1021904200CF09DC086C15A0AEFF91D
:10F1800098C298C110DA62407E080FEA06C08A2150
:10F190003E069270CA224D202C713C240020067934
:10F1A0003F6716F1F8C3A8C1104255208D08190910
:10F1B000800F0000FFFF48310000073611704847FC
:10F1C000000005F0D34100450000402200242C70CF
:10F1D0007A0EEFF778DAD343C8410000073354249E
:10F1E0000185CB44833A6F12D340003F00006D701D
:10F1F000483080000031002000300103024004311B
:10F20000C082CA208C0F00BF000001310000288599
:10F210004830C00249208002482002014834C02200
:10F220001108300140A51F08B000147127A518F07F
:10F230000731800FC84300000030800F16430000E4
:10F2400009F0C340C843000007310100B8B80031DD
:10F2500000000030800F8040000007A50B8530853E
:10F2600074855185D7854830800048318100483306
:10F27000830000310620FE8548328200003148209C
:10F280000031C0200031812000361F0348368E1027
:10F290000030151300300803003180230A240004D5
:10F2A000003116030437C0B248378F100A25000416
:10F2B000CA248C0F00BF00000435C0A20030060332
:10F2C0000031C0230A2600340F70CA258C0F00BFFE
:10F2D00000000436C0A20A210014CA268C3F00BFD9
:10F2E000000004300096003000030A270004CA2101
:10F2F0008C1F00BF0000043600860A270024CA279E
:10F300008C0F00BF000004300086CA278C2F00BF7E
:10F3100000000130C00586150B164830C202483285
:10F3200080000730400487150C16831DD8127C8599
:10F33000841D181301354B2101368C2785151716AE
:10F34000424180210A0B5DA510DA84C6821DD815C2
:10F350000730CF03013700314830C0020AA54833D7
:10F36000C01201304B120FA54834C0120136CC0137
:10F370000EA54833C01213A54834C01216A5003399
:10F38000C0031BA5820EEFE984C04A24007180C02F
:10F39000A820000204160114003441200418500073
:10F3A0005622812F0A0CEFF480C00731C324881540
:10F3B00000164C700031812F204100000431808004
:10F3C000003300006A1D181004F6D34000BF00008F
:10F3D00001310004041A432080228B244830C002EB
:10F3E000001A0420D8C7E078E8C382240C345040C7
:10F3F000084584C08A220C0028470E0EEFE984C617
:10F4000000854024833140240432402405334024C5
:10F4100006304024C731E14102421A0A2FF1061C8E
:10F42000833002C002E8C8C707148F304A2040204A
:10F4300006148130EF78350924002F2607F41F08C1
:10F44000B00080C12108510000C00966047140C0AD
:10F45000DA0A2000A140104006F0320CEFF284C01E
:10F46000391D0210E571E6F10C70DFF58A207E0689
:10F47000C8C7E078E2C2848806EC001F03000418C5
:10F48000030004F0001F43004A24C07040200C0217
:10F490000A258011A820800104140B14041DD01229
:10F4A0003A108C0048340C1080A58D70A38304356D
:10F4B0000093C5F63FDC18BC04F0CB4400BF00004D
:10F4C00001350C134834CD12AF7C8C24C39F1EF23F
:10F4D00039108B00210CE4124A24C07040200B022A
:10F4E0000A24C010A820800104140814041B101260
:10F4F0003A1842034A240071001F0300A82080012B
:10F5000004130C04041E10038043B60A20000A24CE
:10F510004001C2C6E6C3A2C1084600806044402440
:10F52000C330402405314024863048470A25401026
:10F530005E092FF1031C83300214803003148130E4
:10F540000F782F090400110890001B08510038168D
:10F55000801004F03916801081C3A1413A0BEFF2FC
:10F56000E142021480300471021C0230E8F101C053
:10F570004128010200AD21ADC6C7E078ECC3A2C1AD
:10F580005041304008472C7010DA60400A220021B8
:10F59000BA0AEFF76845CD714A24C070041C0335E0
:10F5A000031C83302F083020021C8233402440315A
:10F5B00040248130A8200002011182043822420434
:10F5C00001189200EA0AAFF4402440311AE80E72A2
:10F5D0006BF00C70A82000034024813009614024A6
:10F5E00042311A6204713821410420AAC20AAFF4E0
:10F5F000402440311FE80E72011D8310C0AD1CF085
:10F600000087130971250E700B089101C0AD0087AA
:10F610000E711509D1251108510200250014C0A84A
:10F6200006710087890991258508F1010275067127
:10F630003DF00E7000872B08B1017821C127782199
:10F64000002860C080C00A0B6FF5011C423008E83A
:10F6500000250014067201188300C0A8008729083D
:10F66000F101782140287821C12760C080C0E20ADA
:10F670006FF5011C423008E80025001406720118DD
:10F680008300C0A80087A0B825083102782180280F
:10F690007821C12760C080C0B60A6FF5011C4230D6
:10F6A00006E802750672011D8310C0AD001A002421
:10F6B000CCC7E078E6C3A2C108460816001460442F
:10F6C0004024C33040240531402486304847284533
:10F6D000BE0FEFF0031C833002148030031481301E
:10F6E0000F78370904001B08B00081C31F087100A0
:10F6F00081C3C140A141220A6FF5E14207F03216F1
:10F700008010A1419209EFF2E142021480300471AD
:10F71000021C0230E4F101C04128010200AD21AD1C
:10F72000C6C7E0788904C00000429FE10C70E02069
:10F73000CD070C71E07F381A4200E078E6C38224DE
:10F740000C374847084587C08A220C00BA0AEFE9FF
:10F750002846008540248334402404334024053661
:10F76000402406354024C734C141E142C60EEFF0C3
:10F77000121C833003C003E8C6C713148E30121462
:10F780008130CF78350904002308B00085C12908ED
:10F79000710087C085C166096FF580C200C201C1D2
:10F7A00002C042A523A504A506F0E208EFF287C037
:10F7B0003A1D0210C571E5F103C0C6C7EEC3AAC168
:10F7C00038108C000845884768465041410C3F106E
:10F7D00030404A24C07002400A21C003A8208001A2
:10F7E00004100204041990003A1580104A24C070D5
:10F7F0004830020040A122410A208003A820800155
:10F80000041103040418D00040A068F04285238549
:10F8100004853A15921043C244C11B0CFF1045C029
:10F8200003C204C105C00A23802440C241C142C0B2
:10F8300013F04F85308511854815931040C241C1A2
:10F84000170C3E1142C000C201C102C00A22C024EE
:10F8500043C244C145C04A24007122410A208003AA
:10F86000A8208001041102040418900080C22C73A7
:10F870002240BE08EFF1C1436086418622864A24B9
:10F8800000714833002049C046C30C7086C347C28C
:10F89000201C4030A8200003014B1526021020A296
:10F8A000F020012015270210047120A283C22C73BE
:10F8B00002407E08EFF1E1434187228760874832AA
:10F8C000002049C047C248C186C110DAE1403A0968
:10F8D000EFE946C338158C10270C7F102C74210CCF
:10F8E000BE1014E52C740240E1430E0A2FF3A1422E
:10F8F0002C742240A142020A2FF3C143CEC714E563
:10F900000240E1435A08EFF1A1422C742240A14287
:10F910004E08EFF1C143CEC74A24C0704020010F0A
:10F9200040200202A8208001041203040419D00020
:10F930003A10810004184300E07F48184200E07844
:10F94000ECC3A9C1304086C14847960DEFF7084582
:10F95000BA0CAFF886C0D341DB2EFFE604304084FA
:10F96000D3F6020C4FF633083028CD70430811242B
:10F970002185608542855221C10742C641C30030BE
:10F980008E0040C115F0408521850285CD7040C2B2
:10F9900041C142C00DF04085228561855222C207D7
:10F9A0005221C10742C640C300304E0041C280C050
:10F9B00083C12E0DEFF740241230D340803F00006A
:10F9C000013601145020C025003100002F350010F1
:10F9D0003A0CAFF883C004304084DAF60436009461
:10F9E000CA26091401300100023080234A24C07065
:10F9F000073040002F310000A8200002041200242C
:10FA000000310000041F1010A0A7CCC70C70A3A7E2
:10FA100002A701A700A7CCC7F4C3B1C12846104470
:10FA20008EC1C1400A2540210A2300217040B20C3A
:10FA3000EFF74845401412300FC7381411300186D3
:10FA4000013796140031822F6B3CFAED2286043682
:10FA500080A05220C0074DF7013242246C702F3233
:10FA600080000431C080404103F65222C107A20F3A
:10FA70000FF22F31800500A5960F2FF20086001897
:10FA8000002000858D705220C00700A5028604303A
:10FA9000008388F706405220C00700180020028625
:10FAA00021863FDA0430008318BA47F70137431440
:10FAB000043380808BF70132432404338080C431C7
:10FAC0000583CA00260004310083408646C045C134
:10FAD00044C284C080C26E0EEFFF20D902C303C0AF
:10FAE00001C100C241C05221C1075223C00742C216
:10FAF00043C140C080C187C2D608200082400AC1ED
:10FB00000E0F2FF209C00030800F00C000004C70B3
:10FB10000430808045F70130800FC940DB0F001BA7
:10FB20000020008622864BC001860431808080C27E
:10FB30004CC08BC04DC152F70A0EEFFF20D901C354
:10FB400003C000C102C240C05221C1075223C007F6
:10FB500041C243C142C005F0EA0DEFFF10D980C198
:10FB600087C26E08200082400AC1A60E2FF209C08B
:10FB7000013001000C700431008046F70131810F23
:10FB8000C940DB0F001D4020D4C7608656F7C34232
:10FB900035BFF30404318080D0F6043000834EF783
:10FBA00004308080CAF60433808F353FF30446F773
:10FBB000043380801607C9FF46C045C184C080C297
:10FBC00010D9820DEFFF44C396F1E078E6C0808142
:10FBD00063800C110B00E080C181A28000330C0314
:10FBE0000037C31200358813C281A180013303039B
:10FBF00002330C02003583130134C31060A28081EC
:10FC00006280C281A08000330B0383816180003554
:10FC10008813C181A380003303030133CC02003574
:10FC200083130134C3100233030261A28081618017
:10FC3000C381A28000330C0300358313C2810233D9
:10FC40000B0381816080A380003303030133CC1058
:10FC5000003583130134C31062A280816080C381A8
:10FC6000A380003308038181618000358B13A2815A
:10FC700022800033030302330012003141030230BB
:10FC8000C0000230400003A2C6C4E078408102A157
:10FC90005470E07C2181007AECC2704248470846EB
:10FCA000C4E1C80025000E70CB45A0006C7E008D1D
:10FCB0000B087100FFD8088D04F0001D431008AD3B
:10FCC0000B0881030C15101022F00F0E5119CB44B4
:10FCD0001200EC4A04F0CB441200F04A4025061111
:10FCE000C340A000307EC342A000D8CB8A231000BE
:10FCF000C344A000D8CF8A25080023200003C141B7
:10FD00000E7005E8001D021430F0C8AD53208021AC
:10FD100000AF0185402891215421012817092400B2
:10FD200040DE4F20C02100AF0185001D03100220DE
:10FD30004E04C1AF01852C7040DA02AF018528B8AE
:10FD400003AFE574060BAFF7E1400021812FA0005F
:10FD5000D8CBCF7AB20CAFE9E1404020412044D863
:10FD60000E7123A5001A04200240CCC6EAC2084640
:10FD7000B30930006C700012D1000D093220C4E1CB
:10FD8000A2000500CB45A0006C7E008D0B08B100E1
:10FD9000FFD8098D04F0001D831009AD0B08A103E5
:10FDA0002240E18508F0E38A028AC9AD08BF057FD9
:10FDB000E1A5008A8C27109038002D0006B8618AD2
:10FDC0000420810F0000C01F7861290F0410D34068
:10FDD000A000D8CB00210004246A2E0CAFE96042B9
:10FDE00041091320150E5119CB461200F44A09F0AF
:10FDF0006C70001D031017F0CB461200F84AC34088
:10FE0000A000307EC343A000D8CF8A24080002415E
:10FE100023208003E1426C700B083200001D0310A8
:10FE20006C716040CAC6E078E2C20844FDE06845F3
:10FE300009F2FEE40CF44040DF59001D05110C717D
:10FE4000C2C625D8560EEFFFA143C2C6BFE40C7050
:10FE500038F7130C5010130C5011E90CD19021D825
:10FE6000F2F120D8F0F122D8EEF1E078F1C00043B1
:10FE7000FDE006F425D8FA0ECFFF0DF0BFE30C70BD
:10FE800009F7170B5000170B50010B0BD10021D8AD
:10FE9000F3F1D1C0E07E20D8EFF122D8EDF1E07887
:10FEA000E4C3A1C180C0C3411300B8785A0BAFE9C5
:10FEB0004C743B5808462845FED880C18C70C1421E
:10FEC000A1436B58F8D880C18C70C142A1436B58D4
:10FED000C340F0003F00208884B920A8C4C7E07860
:10FEE000E6C208451218850728DA0C1801056818BB
:10FEF0008102C341C0490092C34007490024402504
:10FF00000E1750AD22A501A52C703CDAC140641D2E
:10FF100081123A09AFF7581DC310AE0A6FF0C14005
:10FF20001A8519087202ED70198511087002C14016
:10FF3000960A6FF0641D41120995CB44C842000037
:10FF4000C343833A6F124830000000300003003092
:10FF5000C1000431C083C5F63FD818B804F0C340CF
:10FF600000BF000001310000308D4830C002107A1F
:10FF70008BE248310100CA20A6020031010310784B
:10FF80004820C0000CB5B6082FF40031C00048303E
:10FF9000C00205A5C6C6E078E6C208458A200A0068
:10FFA000CB4616430000C341FD44002010B501A517
:10FFB0005525401CC7A5160B6FEB24A50A0D6FEB4A
:10FFC0005625801A5625001DC34113007C5E3A0A4F
:10FFD000AFE940DA07857FD917B907310900041561
:10FFE0000B10C3421C490040C3404841000046A5D5
:10FFF00048338B1000330210CB47833A6F12CB4447
:020000040802F0
:10000000484400000032C203CC708A1D18135021EE
:10001000CC05CB40104200008B1D9813C34396447F
:100020000000CB46AF4900C8814104328081781D71
:100030001812891DD810C5A5C41D4012CF21EC0788
:100040007095013241004831C2024833010000314D
:100050000000492202020030C1034822000104319D
:10006000808102A502F69FBC013100034830C00226
:10007000492040064820000109A50E082000A140A3
:10008000C6C6E078E8C3A4C14A24007608464020EA
:100090000D0B0C70A8200001041D11104A2480775C
:1000A000CC1E00100C1E00105526001D531E5910AA
:1000B000A8200001041811004A24C07055264F1AC8
:1000C0000A20C003A8200001041811000018030032
:1000D0005626801A4A0C6FEB1040418702876087D2
:1000E000C3417A44000043C141C242C080C110DA1A
:1000F00002401609AFE940C356260F1BC341130047
:10010000BC5E40DA0209AFE90A20C0034A24C0708D
:10011000A8200001041D11104A24C0700A20800F7D
:100120007AC40000A8200001041D101080C1E14025
:10013000B11E4310E20AA000281E01105526401BE4
:1001400080C1C608AFE910DAC8C7E078EEC38224E0
:10015000063D0846542000092C70F20E6FF714DAA1
:100160004A244071D1415426931B80218E21AD70C9
:10017000A8200001041B11202C7028478FBF40DCF1
:1001800000194223FE1944A3FC1944A34709750131
:10019000152643104D831D0A700114264010230AB2
:1001A000510252184403481844037FD817B810F07E
:1001B0005218C403481804034FD818B808F052184E
:1001C000C40348180403C3407F7FFFFF17A32471B3
:1001D000DEF1C1408020070D4A2100006E0E6FF74E
:1001E0008A220600DFE594002D00152652137412B2
:1001F00003204A24807BD3401300B8604A200000CB
:1002000040200C23A820800204140B1481C11A6121
:1002100004713823C11020AA260EE00181C0147099
:100220000C700AF214264113FA191C0080210A0DE1
:1002300000B122F0741203204A24C070A820C0022A
:1002400004100124402442301A6204713821C10094
:1002500020AA402440305A0E2FF414265013024195
:1002600080210A0D04E88A20040003F040D8E0B1A0
:10027000FA181C20A571B8F18DC02C708A220600D6
:10028000CA0D6FF740240D3D8A2401785426891E3B
:10029000A820820704110214C3408B3A58A0D5E26B
:1002A000960029008D71EE6AD50F751F6C706D7107
:1002B0000D714C712520C00365F062F063F060F0B1
:1002C00061F05EF05FF05CF05DF05AF05BF058F0CA
:1002D00059F056F054F054F052F052F058F050F0FB
:1002E00056F04EF054F04CF052F04AF050F048F016
:1002F0004EF046F04CF044F042F042F040F040F056
:1003000019F03EF017F03CF015F03AF013F038F029
:1003100011F036F00FF034F00DF032F027F030F03D
:1003200025F02EF023F02CF02DF02AF02BF028F001
:1003300029F08D7025F08C22428DCFF68C22828D93
:1003400018F28C22028E18F28C22828EF3F38C2209
:1003500003800AF214F08022BE0A250A750115D81E
:100360001D088E008A2144000BF06D706C710BF03B
:100370006C7008F00D716D714C710AF02C706C711D
:100380006D71C340CC3DCDCC4C70684052240C10F4
:10039000757052230310857ACA20810F1C410AE828
:1003A000157052200B10457BCA20810F203C12ACE7
:1003B0000523FE821C7141290306412902044129BB
:1003C000000220AD63AD42AD01ADA57400138220E3
:1003D000DF1600168E0F20018DC17FDAC343C8429D
:1003E000000017BAC34174490024C3407A44000096
:1003F000FB1943A0DE1E1910DD1ED8104CA62BA63B
:100400000AA6CEC7EAC21040820A2FFD55204D0829
:10041000CB404843000083DB8A2744308A2501090A
:10042000C344A0420000C34720410000C346C03F70
:100430000000CB43FA440000CB470E3D4DF3CB46C2
:10044000D63C62A1CB44033B6F12CB41233C0AD77D
:100450008A21072D8A26043B17BBC342C8410000EE
:10046000C3417A450000C34070410000701800226B
:100470008A2087107A188320781805206C18C427E2
:1004800074184022901D00125C1D4011581D00116F
:10049000541DC011501D80114C1DC012E2A5C1A5F4
:1004A00080A5881D4014781D80177DA55CA53BA5FF
:1004B0000EA5CAC6EAC3BEC1A84708460C7002A76B
:1004C00001A700A78A863041CB45824455350224D6
:1004D0000103848648318B0021860034CC12281E0B
:1004E000001104344090CA21050304314083CA2519
:1004F0004910B6A602EBCAC74A24C070A820000261
:10050000041201040031410001304000288604300B
:10051000408019F64A24C0700E7022414A22000021
:10052000A820000204110004003000000132020083
:1005300038860132800F80BF000004304080900177
:100540000C00241680101C16101004E85C1E03100A
:100550004A24C070AD700C70A820C003152601108D
:100560003381F021032097C200304120157A0233F5
:100570004100047120A23C1680104026101B3CE86C
:1005800097C180C20240B20DEFEF3C1E4213C60C71
:100590006FF180C002C680C0BA0C6FF142C57FD82F
:1005A00017B8013601105020C20502308003003117
:1005B0008100003080002F33400001C145C52F323B
:1005C000000000C05220C00746C300318100003245
:1005D000000043C144C083C09AC2920CEFEF0241B5
:1005E0009AC0F60CEFEF83C183C110DA1A0C6FE9E1
:1005F0000240CAC79AC010DA0E0C6FE902419AC0D5
:10060000A209EFEF83C183C0B209EFEF8AC197C09F
:100610008AC18DC2FA092FF44024103D86864A24EF
:10062000C07054260D18A141A82080030410002496
:1006300056866081003400100030800001330000D5
:10064000041910004085028521854A24C07047C2E4
:1006500049C040C242C00E7080C287C30C7048C1FE
:10066000041C4030A820800204120C04041301046E
:1006700000310103013040000430808F233C0AD751
:1006800024000C00DE0ECFF54A24C070A820000321
:1006900000150110003041000031810FCC3DCDCC60
:1006A000041D50104A24C070A82040048DC0458607
:1006B000F0200004152601143081003200001527B7
:1006C000031401304000067100A317F124168010B6
:1006D000147040F3DC4E9AC02E0B6FE910DA9AC00A
:1006E000C208EFEF93C193C0D208EFEF90C190C161
:1006F0008DC222401A092FF48DC55C168010251674
:1007000081100F08650004715C1E021022F14A245A
:10071000C0700E704A210000A820000204150014C9
:1007200000300000013101001986043100802406E8
:10073000ECFF4A24C070542680190E703C1E4310F2
:10074000A82000010418110004F1E078E2C2DA0CDC
:10075000AFFC08454A24C0707FD817B84C705425A8
:1007600001180EA54DA54CA54BA54AA5A820000132
:10077000041911004A24C070A820000104191100B6
:10078000C341C8420000C3409C4600405C1D82102B
:100790003D1D43103AA501A5C2C6E078E2C2247708
:1007A0002909B5020845252040000BF00FF015F08F
:1007B00019F01FF023F02AF02FF03BF033F0404007
:1007C000F60C6FF760410CADC2C64040C20EAFF4EC
:1007D000604105A5C2C64040B60EAFF4604106A513
:1007E000C2C64040AA0EAFF4604107A5C2C6404051
:1007F0009E0EAFF4604108A5C2C64040BA0C6FF728
:100800006041241D0210C2C6404082086FF2604160
:10081000251D0210C2C64040760EAFF4604118A5F7
:10082000C2C640406A0EAFF4604104A5C2C6404053
:100830005E0EAFF4604119A5C2C6E078E2C3A4C160
:10084000896940412B0CB51108452520000307F0AC
:1008500010F016F01BF027F031F080C22040220D7E
:10086000AFF760415C4D80C19E096FE910DAC2C7E5
:1008700020402A0BAFEC60410AA5C2C720403A0CC9
:100880006FF760413C1D0210C2C780C220406E0855
:10089000EFF4604100C201C102C050A531A512A50C
:1008A000C2C780C220405608EFF4604100C201C1B7
:1008B00002C053A534A515A5C2C72040D20DAFF480
:1008C00060411AA5C2C7E078E2C3A4C1484562806E
:1008D00056802CE0460BEFEFA14480C010DA2A09C5
:1008E0006FE9A14180C0F209EFEFA141C2C7E078F2
:1008F000E6C20845120BEFFF5520CE097A0BAFFC7C
:10090000A140E8160990C340C8420000CB43C8414B
:1009100000000031091071860731C91298861AA5A6
:10092000CB40833A6F123FDF483383000033C0026D
:10093000C342233D0AD700300002C3419C46004019
:10094000CC7018BF48348C105FA521A5E14200345B
:10095000C11204308081CA228C0F00BF0000003118
:10096000030201308000043380814830C002F41E4D
:1009700043903C1D431012A6E41E4092E14105F64F
:10098000C34100BF00001E86483080000030C20214
:1009900001334000003203024830C002043380813A
:1009A00019A605F6CB4700BF00000133C003C342C0
:1009B0001300485F4830C002C3412B3C40EB1DA6EA
:1009C00001827E1E5810608222827B1E1810A14078
:1009D0007A1ED810CA0A6FFD7C1E58101C8648303B
:1009E00080000030C002003001020C700431008031
:1009F000C4F63FD818B805F0C34000BF000001316D
:100A000000004830C00249200005482080001FA691
:100A1000C6C6E078E8C3A7C1084555204E086D1842
:100A2000030247DCC3423B4AC1BFC341DC44304EF2
:100A3000C3407B3ED75E18BCC343A3420BD7CB4712
:100A4000D33E98DD55A534A50CA555250018C34106
:100A500013007C6110DA9AA579A5F8A5AA0F2FE9F1
:100A60000C1E85114A2400718A211002F7A57FDF30
:100A7000CB43513F18B7CB44983DC2B5C3434C3F1D
:100A8000CDCCC34283413B6CC340213DE061701E2D
:100A900044102C7017BF281D8511481EC0128AA64D
:100AA0007BA64BA5681E0010A820800315254010CA
:100AB000801000004024103315204220023700101F
:100AC000247100A28209600083C06209600083C0B3
:100AD0004A2400715425001EA8200002041001249D
:100AE00002374110041850003E851F855D856A86D7
:100AF0004A24C0705525101A41C142C080C102402D
:100B0000001C8030A8200002041102040733820078
:100B1000041890004A24C07040250017351D43106A
:100B2000361D4310A8200001041811004A24C0708B
:100B300040250014A8200001041811004A24C070A8
:100B4000A140ED70A820000104180900784D341D63
:100B5000C213060F2FFC2A1DC2130286408621866F
:100B60008A864A24C070C343513917B745C083C031
:100B7000E6A6E4A6361D4310351D431065A643C204
:100B8000101C4030A820000204100104073441105A
:100B9000041850204A24C0700C705525411B0BA628
:100BA000A8200001041911004A24C070A8200001E7
:100BB000041911004A24C0705525001DA820000109
:100BC000041811004A24C070A82000010418110064
:100BD0008A211002E91D0310701E44100018030042
:100BE000C8C7E078E8C24A2480711040FC180100B0
:100BF000C3400000409C8D70C343A03F0000C3422F
:100C00007A440000C341FA430000EC180020E818C1
:100C1000002056200028CB451300B85FF818C020EC
:100C2000F4188020F0184020A820400233244113FB
:100C300085714831810004185000C34120420000F2
:100C4000024040250E18461858208020040718DA64
:100C5000B60D2FE9C14102408020040DF84DAA0DC8
:100C60002FE918DA02408020050318DA9A0D2FE9DF
:100C7000C1414A24C07002407DD98020050917B9BE
:100C8000A8200001041850004A24C0700A21800FD7
:100C900074490024A8200001041850004A248071DF
:100CA00081D917B9A82000010418500085856685F0
:100CB00047854A24C0707DDE0241CB47C841000011
:100CC000CB431200804F05BE8021060B0018C003E5
:100CD0006A18D822691898236718D820661818232C
:100CE00068189820A8200001041911000A46C34082
:100CF000A24400808026091F8A230F0AC3421C4594
:100D0000004000A16F181820C1407118D820DA0BDC
:100D1000EFEF7018982008D9EA0CEFEFC140542586
:100D20000D1A8A2108000240A6082000A1422C705A
:100D30008BB902409A082000A1420E082000024010
:100D4000C8C6E078E6C3A6C108478027091F084641
:100D5000760CEFEFE1404A2480727FD9C140AD703C
:100D60004029C10580200B05C01F8312A01F44131A
:100D7000C41E5810C31E5813C21E5813C11E581348
:100D8000A21F4213C61E58139A1F4213981F4413E2
:100D9000801F4213A820000104181100CC16021075
:100DA000D0160110D416001043C244C145C04026DD
:100DB000021880C1C140C01E581340C541C5E60895
:100DC0006FFE42C5A81F4213C6C7E078F0C3A6C194
:100DD0004092CB444847000008454832020007349F
:100DE0008B10D340C84100000A220024C343833A39
:100DF0006F123FDA48310000073413106A150016ED
:100E0000691501160D7018BA48308000483181000C
:100E1000484104330094CA22C52200320020003227
:100E200041200030C0000031CB0004300082CA21D4
:100E30008C1F00BF0000013040025525911E043375
:100E400000924830C002CB1D1810404004F6C34049
:100E500000BF00007FDF17BF0737C91426410025F8
:100E60008E1F00001C034831810000324C200133EA
:100E70000110003100134831CC020030C100CA1DFE
:100E8000181304310082CD1D581205F6C34200BF6D
:100E90000000EC150010013181008D704830800099
:100EA00000320020003100100030C2004831C00282
:100EB0000432008314AEC5F63FD818B804F0C3401E
:100EC00000BF0000FC150110013200004831810014
:100ED000003341204830C0020031C20015AE043258
:100EE0000083C5F63FD818B804F0C34000BF000027
:100EF00071150C1601320B002C7048348010003232
:100F00000020C61D58100030C2004833C012043201
:100F1000408020B622AECE1D1810C5F63FD818B8B6
:100F200004F0C34000BF0000013200000032822FF5
:100F3000CC3ECDCC4830C00204324080C81D1810D1
:100F4000C4F63FD818B805F0C34000BF0000013216
:100F50000100A1408020090F4831C1026A0AEFEF69
:100F6000201E42104A248072A1402C7080200B0564
:100F7000E01E4290A820000104181100184DE0DA8C
:100F80002241860A2FE9C01D1910A14180210407C2
:100F900080C018DA720A2FE9402414300730802408
:100FA0004A2480714025111F0030800FC842000084
:100FB0000730CE040436C093CA26C913A820000205
:100FC000041400240036001004191020A1418021CF
:100FD000040D80C018DA320A2FE980C74A248071D4
:100FE000A820000204170014003600100419102075
:100FF000A1418021050380C018DA0E0A2FE980C7BD
:101000004A248071A8200002041700140036001042
:1010100004191020C34148420000043240A0C340DC
:1010200048410000CA224920043200A0CA220520FB
:1010300007308124B4150010041D43100031000056
:10104000B41D0010D0C7E078ECC3A4C110415520F6
:10105000CD088A21050033A52FA52241C342F042C5
:101060000000C3431C460040D34013003060802181
:101070000A0F081881000C184300C340A2450080E5
:10108000801D981042A565A50019030016421E4355
:10109000064583DF04A503A52240CB40A043000002
:1010A0008A2706048A23031217BF8A260A00CB4622
:1010B000000088138A210F1ACB44C8430000802007
:1010C0000405041D0012001DC011741DC012FBA5F3
:1010D000581D8011D0A5281D401287A5841D981089
:1010E000851DD810E609EFEA861D5810DA0BEFEAE5
:1010F0005621002D0A22402480220A2B402001255F
:1011000010DA06092FE9424001854A2480777FDA08
:10111000C3434040000017BA0A21800F94420000E8
:1011200040210C24971DD810961D9810871D58102B
:101130007A1D1810A8200001041C11100085C3425C
:10114000C8410000C343833A6F124830800000302A
:1011500080003FDE0030C10018BE8C70C1400431F9
:101160000081CA208C0F00BF000001310000E7851C
:101170004830C0024920800248200001E6A500A4B2
:101180000A8593853085483087000F8548348C1058
:1011900000379E0048308000003087000034801007
:1011A00048318100003181000030CC0016850036C6
:1011B000CF300031DE003D85483080000037DF0051
:1011C00000308000C1450437009148318100C9409A
:1011D000CA258C0F00BF0000043700B10030C700E3
:1011E00000318000C146CA208C1F00BF00000436B9
:1011F00000B1C941CA268C0F00BF00000434009121
:101200000030C000C943CA218C1F00BF0000043752
:101210000081CA238C1F00BF000004300081CA2651
:101220008C1F00BF0000013080034830C3024833E8
:10123000800007308000A71102267CA5811D981030
:101240000136823107304400A9110026A811012679
:10125000831D181001374011821D581001370132CB
:101260004830C00209A54831C002013441120EA520
:101270004832C0020137C2020DA54831C0023B8589
:1012800012A54832C00215A50031000110DA1AA5D6
:1012900080C0760FEFE842415621812F120DEFF307
:1012A00080C087150016FAD90419432080218B24A9
:1012B00000194420691D1810CCC7E078E8C2084620
:1012C0008A0DEFFF55204D094A24807740260014EF
:1012D000A8200001041811004A24C0700A278013B6
:1012E00080270A10A8200001041F11104A24C07092
:1012F0005526801E4A210000A82000010418110074
:101300004A24C07056264018A82000010418110075
:1013100040854A248077C1405626031980204A0F11
:101320000E702EAE2DAE3CA532A52FA52AA5241DEC
:101330008110421D5910181D011520A8881D40104C
:10134000001F8010A8200001041B1100D209EFEA41
:101350005626001D0087CB4713003060CC4F461D3A
:1013600018105626801D40DA451D1814441D181407
:10137000960EEFE8431D1814C14080208A0F2C7090
:10138000CA0CEFF60ADA20870187C342FA00FA0096
:1013900080260B158F1D98108E1D18108D1D58104E
:1013A000AC4F10DA620EEFE8C140C8C6E4C3A3C177
:1013B0004A24C0700A25001040200E02381845004B
:1013C000A8200001041E1110402440302C7007DAC0
:1013D0007A0CEFF63A1D03104A2440720C7180C15A
:1013E00062C061C0001C0230A82000020111C004CC
:1013F00048308000041E10104A24C0707C4D984D67
:10140000A82080010411020404189000481D031054
:10141000C4C7E0784A240071A82080011410020497
:1014200004199000E07EE078E4C208464A250010E6
:10143000AA0CEFFA0086A571F90D3491041E101064
:10144000C4C6E078E4C208464A250010160EEFFA3A
:101450000086A571F90D3491041E1010C4C6E07801
:10146000E07F00A131880DE918881B085100C340B6
:10147000A0004D7E0088147080D805F2E07EE07FE9
:101480000C70E07FFFD8E07878884A24C070C340B1
:10149000A00030ACA820C00140800D0AE0004C70D4
:1014A00008E0E07E01806C700430808F7F4700FF91
:1014B000CA226B000430C080CA208E0F803F00001B
:1014C0005470CA202100E07F00A1E078E6C24A24DF
:1014D000C070C343A000F0AB28476041A820400281
:1014E0001C110204090A0100E8190380E0785888F9
:1014F0004A24C07054230008A820800120800B09D2
:10150000800008E0C6C6C1800436C093FCF3CB451A
:10151000F000490055D83E0C6FF740AD48374112F6
:1015200048364012031D4410051D0410C6C6E0785D
:10153000FAC2FC1CC8B6260AAFF4A9C1AA0D6FF402
:10154000184346C03B58CB47A00030AC0E700F701C
:101550006E70D347A000307E44C045C1341F0014D4
:10156000381F00143C1F0014401F001406C00C203C
:1015700000B0820226004028CE31637607861470C0
:1015800026F46E8E498E318E1816941004EB0D875A
:1015900004710DA778220C007921000004240C901E
:1015A00004F20E8704710EA704E90F8704710FA7D8
:1015B00004EA1087047110A72F260525D6700802AB
:1015C0002C0052240010782301000B79F80122002E
:1015D0004E71C1401C1CC1301A09EFF3201C80342D
:1015E0004D8630161110AD702F2100050430408358
:1015F00042C1CAF74226012D2F79347354010600E7
:10160000104105F0D3417F4700FF50454A2100308B
:1016100082C188C240240437E143E240181F4310CE
:101620000C1C4034965A6E0CEFFB10441C178020A3
:101630002F087E00181F031045870C170710081786
:1016400086100417051000178410908F27C303C15C
:1016500022C041C22F220705F20FAFF640C48C24EE
:101660003FAD0CF40B87A5710031912F003F0000B6
:10167000090865032F71ABA78240043140A5B9204A
:101680003F0DC5206B000520800489085180CB45A3
:10169000F0003400A10C322052D81909303052D851
:1016A000B20A4FF74E240020483141220CB52DB527
:1016B00007C16E092FFCE14003C54226002D0F78BB
:1016C0001472C3407F4700FF07F70435009045F7C9
:1016D0007FDD17BD43C5043500902C700C70CA2007
:1016E0006B000435409044161110CA258E1F803FB0
:1016F00000001470CA252110C1401609AFF5B0A62C
:1017000023E8043140A35EF20C70043500906C00B5
:101710002C003C96B2E94E1682108A21BF0F0C773E
:101720008C22C38FCA204100381E45104E1E021065
:10173000FFD82AF01E0A4FF74E24002048314122DC
:101740000CB52DB53FF02C715A0BAFF3C1403AF0F8
:10175000398E25097F016C70C34148440000043173
:1017600040A0CA2369005021FEA731F27470CA213B
:1017700042202EF02E704BF1043500900FF70FE948
:101780001CB60C70E2084FF404C314140430004279
:101790002C73AC70AA0E6FF7C140C3407F430000AA
:1017A00004350090CA2045034830400204C3141495
:1017B00004300F7A782205002C72860E6FF7C14034
:1017C000B1A66671A905EFFF07713041D345C83F47
:1017D000000004324085CA258920043040856F21ED
:1017E0000B000430408405F6E0B9BE7010414E7025
:1017F0000EF1490B30202E7106C01BE818DE40DDCB
:101800003323803317085200302341335021FE87A1
:1018100005F26E09E0000F780AE806C0067155254A
:101820000D18E10824A055260E1803F02E70C340B1
:10183000A0004D7E001842040C870B08C504301F21
:10184000C014920ECFFBA9C004141B34DAC6E07892
:10185000F1C0360BAFE80C71C341120084FD0A08D9
:101860006FF70C72C3411200C8FD92086FF70C723B
:101870002609C000D1C0E07E0430808F7F4700FF82
:101880002C704C70CA226B0004304080CA208E0F2E
:10189000803F00005470E07FCA202100E6C3084565
:1018A0000380008027801F09F000A3C17309510144
:1018B0004880248261920081238282BB61B240C051
:1018C0000AF0288022895D097F0080C14480407A27
:1018D000004127E804854024C33240240431C080FD
:1018E0001185E486F20D6FFB42870B1480301108DE
:1018F000510000C0238601A76079C140018507809F
:101900000B20808F000818000BF2048501C10180B4
:101910006480428320A200C14380607A21A3C6C7AD
:101920003A0A8FF6C6C7E078E2C21180AE0E6FFBAE
:10193000884500A5C2C6E07811806D076FFB2F793E
:10194000E2C21180B60F6FFB884500A5C2C6E078E1
:10195000AD00AFFB1180E07865046FFB1180E0788B
:101960005504AFFB1180E0783506AFFB1180E078BD
:10197000FAC2FC1CC8B6A1C1CB46A000906E0A8674
:101980000A8014705E0162008A20FC000B868020B1
:101990004E002088220CA001C1402A860B86C60E6C
:1019A000E000301941000B8630D9ED70DF18980344
:1019B0007018420080200E00E0A8B20F6FF6784E3B
:1019C000AD70D34613008C618FBDD3407F7FFFFF86
:1019D000C3420000EFFF402407305626C12B40DBF6
:1019E000CC75C140A1440A25000440C7001EC07345
:1019F000A00070902A0E60015047D3411300146478
:101A0000402407305821C12A40DBCC75C140E24256
:101A1000A1440E0E60010A2500045821C12F402464
:101A2000073040DBCC750A250004C140E242F20DCC
:101A30006001A144C3401300F07340C7760F6FF5F7
:101A40001841C341A00068910C71B20A6FF338438A
:101A5000562100283A0FAFF52C7140260025320F91
:101A6000AFF52C71D34513002068552500293E0A97
:101A7000E00110D9572501294024053040DA8A2495
:101A80000108C140120AEFF5A1435625012940245F
:101A9000053040DA8A240108C140FE09EFF5A14370
:101AA000422501294024053040DA8A240108C1403A
:101AB000E609EFF5A143D3431300B071402405308C
:101AC0004223012940DA8A240108C140CA09EFF5FE
:101AD000A143D3421300846A4024053059220129CE
:101AE00040DA8A240108C140AE09EFF5A143C60ED1
:101AF0006FF5552100395523813A020A6FF30C73B3
:101B00004026002F8A0EAFF52C715426002A820E33
:101B1000AFF52C715525802D9209E00110D9CB47E6
:101B200013004C6F402405305727811D40DA8A246A
:101B30000108C1406209EFF5A14340220129402478
:101B4000053040DA8A240108C1404E09EFF5A1436F
:101B5000572701194024053040DA8A240108C14082
:101B60003609EFF5A1435821C13F4024053040DA42
:101B70008A240108C1402209EFF5A143542201291A
:101B80004024053040DA8A240108C1400A09EFF5F3
:101B9000A143220E6FF5542100395423813A5E0986
:101BA0006FF30C72D34413001C665824402FE20DCF
:101BB000AFF52C714026002AD60DAFF52C715525B6
:101BC000402BEA08E00110D95425012940240530B2
:101BD00040DA8A240108C140BE08EFF5A14358222B
:101BE000812D4024053040DA8A240108C140AA082A
:101BF000EFF5A1435425812D4024053040DA8A2495
:101C00000108C1409208EFF5A14354230129402463
:101C1000053040DA8A240108C1407E08EFF5A1436F
:101C20005822412B4024053040DA8A240108C14063
:101C30006608EFF5A1437E0D6FF52240C341A00079
:101C40008490560DE0000C762C71460DAFF5C24025
:101C5000582180293A0DAFF52C715824002E320DF1
:101C6000AFF52C705527401B4208E00110D95527CD
:101C700000193A08E0012C705427801D2E08E0015D
:101C80002C705825412B4024053040DA8A24010865
:101C9000C1400608EFF5A1435723812D40240530AC
:101CA00040DA8A240108C140EE0FAFF5A143552563
:101CB000C12F4024053040DA8A240108C140DA0FE0
:101CC000AFF5A143EE0C6FF555210029C341A000EB
:101CD0001C91C60CE00009D85824802BB20CAFF53B
:101CE0002C715721802BAA0CAFF52C715824402A57
:101CF0009E0CAFF52C705823802DB20FA00110D987
:101D00005823C02FA60FA0012C70592300299E0F25
:101D1000A0012C709E0C6FF554210029C341A00036
:101D2000D090760CE00007D858214028620CAFF51F
:101D30002C715721002E5A0CAFF52C715824C02C51
:101D40004E0CAFF52C7056270019620FA00110D968
:101D50005527C01F560FA0012C705527801D4E0F10
:101D6000A0012C704024053040DA8A240108C140CB
:101D7000A241260FAFF5A1434024053040DA8A2462
:101D80000108C1406241120FAFF5A1435822C12F93
:101D90004024053040DA8A240108C140FA0EAFF52C
:101DA000A143120C6FF5582100395623C13EAA0EEB
:101DB0002FF310D85521C02ED60BAFF52C70582517
:101DC0000029EA0EA00110D9EA0B6FF5572100395E
:101DD000C341A000E095760AE0000BD85524002A04
:101DE000AE0BAFF52C705521802DA60BAFF52C70E6
:101DF0005825802DB60EA00110D95725812D4024DD
:101E000005304C706C708A2401088E0EAFF5C1400D
:101E100057230129402405304C706C708A24010836
:101E2000760EAFF5C1408E0B6FF557240029C341E4
:101E3000A000A89A2A0BE0000DD859250028520BC3
:101E4000AFF52C705524802C460BAFF52C7059271C
:101E500000195A0EA00110D9D3401300E86C552088
:101E6000C02F4A0EA00140D94A0B6FF58240C341F2
:101E7000A000949D060BE0000ED85524C02D120B37
:101E8000AFF52C705827C01F220EA0012C705620D1
:101E900000291A0EA00110D91A0B6FF5542400293D
:101EA000C341A00024906A086FF329D85825C02E9A
:101EB000DE0AAFF52C705823402BF20DA00110D98B
:101EC000DB40A000266F0010003150D90420800FA5
:101ED00000007FFF00180430D20DA0015823002914
:101EE000141000315827411B402405300420800F76
:101EF00000007FFF1418043040DA8A240108C14032
:101F0000960DAFF5A143562301294024053040DA50
:101F10008A240108C140820DAFF5A1434024053059
:101F200040DA8A240108C14042416E0DAFF5A14359
:101F30005827811D402405304C706C708A2401089C
:101F4000560DAFF5C1405523C12F402405304C70CC
:101F50006C708A240108420DAFF5C140560A6FF536
:101F60005521803D5623413BBE0E2FF312D85524F8
:101F7000002F1E0AAFF52C70582700192E0DA00156
:101F800010D9320A6FF557210029C341A000B89338
:101F9000B209E0000CD85524402BF609AFF52C709F
:101FA0005520802D060DA00110D955200029FE0CCA
:101FB000A00140D95520402BF20CA00140D940256A
:101FC0000129402405304C706C708A240108CA0C29
:101FD000AFF5C14040230129402405304C706C709E
:101FE0008A240108B20CAFF5C140CA096FF5552625
:101FF000002AC341A000B094420D2FF315D85426F7
:10200000802C8E09AFF5E2415522402B9E0CA00199
:1020100010D956220029960CA0012C705522802D33
:102020008A0CA0012C70D345A000D66E00150021AB
:102030002C70A2B8001D0420720CA0015522C02FE4
:10204000141500214220012940240530A2B8141D96
:10205000042040DA8A240108C1403E0CAFF5A143B8
:10206000552301294024053040DA8A240108C14063
:10207000260CAFF5A1435722812D4024053040DACC
:102080008A240108C140120CAFF5A14326096FF55F
:10209000582400295523C13F4A08E00017D8542688
:1020A000002FEE08AFF5E2415820C02FFE0BA00133
:1020B00010D959200029F60BA0012C7057200129B6
:1020C0004024053040DA8A240108C140CA0BAFF52C
:1020D000A1435423812D4024053040DA8A2401088D
:1020E000C140B60BAFF5A143582201294024053069
:1020F00040DA8A240108C1409E0BAFF5A143B6081F
:102100006FF55526802EC341A0001098F20FA00055
:1021100018D85526C0287A08AFF5E2415820002982
:102120008A0BA00110D95820802D820BA0012C70A1
:102130005820402B760BA0012C70281500212C7004
:10214000A2B8281D0420660BA0015720802D54271B
:1021500001194024053040DA8A240108C1403A0BB5
:10216000AFF5A1435821413B4024053040DA8A2491
:102170000108C140220BAFF5A1435522012940249B
:10218000053040DA8A240108C1400E0BAFF5A143A7
:1021900022086FF556268029C341A0000C90820FBB
:1021A000A0002AD85821802EE60F6FF5E241582171
:1021B000402DDE0F6FF5E2415821002CD20F6FF554
:1021C000E2412C70E60AA00102403C15002110D922
:1021D0000420800F00007FFF3C1D0420CE0AA001D8
:1021E0004020002954200029C20AA00110D95420FF
:1021F000802DBA0AA00110D94A24C0705524422962
:10220000A820C00204120004088021900421810F3C
:1022100000007FFF21B0AD708FBD4227011940241F
:10222000053040DA8A240108C1406E0AAFF5A143A7
:102230005523412B4024053040DA8A240108C1404F
:10224000560AAFF5A143572201294024053040DA50
:102250008A240108C140420AAFF5A1434024053059
:1022600040DA8A240108C140E1412E0AAFF5A143BA
:102270005523812D4024053040DA8A240108C140CD
:10228000160AAFF5A143422201294024053040DA65
:102290008A240108C140020AAFF5A143CC4F402473
:1022A000053040DA8A240108C140EE09AFF5A143A8
:1022B0005821813D4024053040DA8A240108C1407C
:1022C000D609AFF5A1435422812D4024053040DAD0
:1022D0008A240108C140C209AFF5A1435E0CEFF5A5
:1022E000C140877404141B34DAC6E078ECC3A7C17C
:1022F000838008470084A880021509114F218010AF
:1023000001B50184C8800216081163864F20801031
:1023100001B6028444850880001211000C100B00E5
:102320000F0B30102385419082BA41B005F0402454
:102330000B32081C01300384412888100880438038
:10234000404506EA419082BA41B006F0402405318A
:10235000041C013050878095A096019215083E001C
:10236000442044105B099F10570C3100A0B801B203
:102370004834021048350010073086000487498F22
:1023800080809140110AB40010141210A180C485FD
:10239000828603F083C408120720654211877E09F4
:1023A000EFFB40C4041A40241E4160790240098FAB
:1023B0000F08B400A140041E401423854079CCC707
:1023C000E8C2638000410083618348806883108194
:1023D000E19200120801A1904F278C1081B28482F3
:1023E000C193001309010C1307004382001410105D
:1023F0004F268B1022BE021BC402150D3E10442630
:102400004310390F9F109AEBA0BDA1B0A4814830B2
:102410000C104831001007300503A0851181E04100
:102420000A240004C485DA0BEFFB08160610238586
:10243000A1406079041E0014C8C6E078E2C2118091
:102440007A0DEFFB884500A5C2C6E07811801D0615
:10245000EFFB2F79E2C21180DA0EEFFB884500A571
:10246000C2C6E07821022FFC1180E0781903EFFB4F
:102470001180E07805032FFC1180E07869042FFCBF
:102480001180E078E6C2A3C1238040818281E88286
:10249000418123810217051148820C170B104F252B
:1024A000830061B70212040168840C1209004F24F2
:1024B0008C0081B2021307010C1308004F278C0017
:1024C00081B388812487A194C081150DBF102C7021
:1024D000238482BDA1B4208985213E009080A097ED
:1024E000E093001206016194412C84001D0B3E0014
:1024F000412F87000527020144250501C0BA0522A6
:102500007E8126F4A0BB61B448350510483702101F
:1025100007324C01448011804424440048360300B3
:1025200007334301A082442746002F27470021415B
:10253000E485C145428741C442C2614240C3A20D05
:102540002FFC01432385A1406079C1A7A3C0C6C663
:10255000E2C21180E60E2FFC884500A5C2C6E078D5
:10256000118005006FFC2F79E2C21180F2086FFC28
:10257000884500A5C2C6E07821076FFC1180E0788D
:10258000E5042FFC1180E0781500AFFC1180E078A5
:10259000D900AFFC1180E078EAC2A08068475041C2
:1025A0008A85CB850C84170871003040C14080209B
:1025B0000E00301C01100018030081083E20802608
:1025C0000E10008E0F08E503A140620F0001E0AE7F
:1025D00002F028EFF571E142CA226E000A248070F1
:1025E000402108242C706C708D70CD700A2040043E
:1025F000A820800418100B157571CA2601100BF263
:102600007575CA23010007F2090BD110084403F0C5
:10261000218018E003EC218408F006EE218606F004
:102620000C77CAC602EB21830A2480704021002166
:10263000A820000118185000A14002412242220A9D
:102640002001E143CAC6E0783E78E07E4888001960
:10265000050042223C80E07C83806C70A82000034F
:1026600004140014088042880B0A9F010590057B22
:1026700060B1E078E07EE07854D90318C300011817
:10268000030000180301E07F22A8E078FAC2FC1CD6
:10269000C8B6B9C1C380084744171910D140008695
:1026A00086C528800191448182B801B1038100125E
:1026B0001B002C7045C086C092096FF614DA4A24BC
:1026C000C07082C0A82040010843A0A0047408176D
:1026D000891002C203C3CC704A2040104024043643
:1026E0004D08451204100C22088420903D09850FE6
:1026F0000000F0FF219035099F008C948C240595F3
:102700000AF28C2485960CF28C2405960DF48480B4
:10271000438008F084800C10040004F084806380FF
:1027200082B921B0C084C4710571DCF19087001BAF
:10273000001142C2019419083E0043C316118B30A8
:102740002F2187019109E102A0B801B40487298FE4
:1027500008101600041014008080101617201014A2
:102760001520101413101D09340191428480A38098
:10277000914010141810101511101740364104F034
:102780008BC090C1081707200815062008130520E4
:1027900040C105C141C0820AAFFC2340041BC026D2
:1027A0005E4160794240041DC0269E4160798240AE
:1027B000041F8023DE416079C240098F190834016B
:1027C000A1400419802323854079041880331E41D9
:1027D00060790240B9C004141B34DAC6E2C2118029
:1027E000720BAFFC884500A5C2C6E0781180ED03EE
:1027F000AFFC2F79E2C21180560CAFFC884500A5D2
:10280000C2C6E078E6C0C380718008108B00AD714D
:102810004086E48B4882412F0811859200190403F9
:10282000330DE5124C70041603120C9380203A0B02
:102830000F08F5010E783220820F13008078EB7AB2
:10284000CB22018205F208830590057C80B1A57139
:10285000E8F1C6C45504AFFC1180E078FD00AFFC80
:102860001180E0786504AFFC1180E078F0C2084583
:102870000380918528460080548C04149410914262
:1028800068802193A4B98F0A300021B309158610FE
:102890002C70CB400000FFFF4A2600304A25000084
:1028A0005F09A5016D7044858D70274A0217891054
:1028B0004B0C451242870A2480073022C20248820C
:1028C00040920F0A20020A2740018C71EC703822D6
:1028D0001F02782142000527BEB00AF40F0E3030E7
:1028E000EC718C710A27400102F08C70657485715F
:1028F0000A2600310A25C001DCF12471D2F11B0D3A
:10290000300040DAE493E141060C2FF6E3B3E0B681
:102910000BF0308503F0308543B3F60B2FF6209192
:102920001085009000B6412C13212E704A204020C3
:10293000088DA70825204C700385F02000046880CE
:102940002C90819380213A0B50240F111109F5012D
:10295000E1B32E793221820F130080780B2200859B
:1029600005F2308584BC81B32AF00B22C08424F2A6
:1029700024858D700D7062814A21000002138B0046
:102980001D09C50242832471826285744882409287
:10299000D3720000FFFFCA206210F4F11F0850102C
:1029A000C3410000FFFF6A0B0FF614260014001845
:1029B000C50F0FF01512812074E93085520B2FF6E8
:1029C00020911085142601142671009000B1161A6A
:1029D00042240671AEF1D0C65903AFFC1180E078F5
:1029E000ECC3A8C1084501804385ED70CD702780F8
:1029F0000B21808F2000010002F2C1821709BE0066
:102A000000820421810F2200000052217E8403F203
:102A1000E28227801D09D0006709510108802190BA
:102A200044800C10120082B921B0208240C10BF00A
:102A30002880228937097F0080C14480407A104273
:102A40001FE82E700E7026EE088621904509BF0003
:102A50000E7047862D0AD000270A710182B9448082
:102A600021B02082038043C110F0F2080FF605EE7A
:102A7000EA082FF6C14005EFE2082FF6E140CCC787
:102A8000448683C1607AC1400010900085203E20BA
:102A900019EF488721922F099F0007871708D00058
:102AA000DF08718182B9648221B20382208342C12E
:102AB00005F0448782C1607AE140001091008521D1
:102AC0003E2001851E8815087F00402404340485BB
:102AD000C080E4860817041011852F2207042F23D5
:102AE00047044024C531260EAFFC424101851E88B3
:102AF0008F085F800714C0308708138000C001A7CB
:102B000023866079C140CCC7E2C21180C208EFFCC5
:102B1000884500A5C2C6E07811808501EFFC2F79B9
:102B2000E2C21180F609EFFC884500A5C2C6E07834
:102B3000ED02EFFC1180E0789D04AFFC1180E0789D
:102B4000E102EFFC1180E0787905EFFC1180E0787C
:102B5000C341A000906E498120A0007A5E78E07E9B
:102B6000E8C25040284708450FEA2C704A2640101A
:102B700006ED048520487E0CEFF5E141CF79C57163
:102B8000F1092484E5740C70C8C6E078E8C22847CF
:102B9000504008452C708A220600B20C2FF6E14006
:102BA0001F0830202C70CD7106ED04852048DA0B0B
:102BB000EFF5E141CF79C571F1092484E574C8C608
:102BC000ECC3A5C1084701804387AD703E880B095F
:102BD0003F000082A18227801909D0005B095101C2
:102BE00028804191648182BA41B1208340C106F0BE
:102BF0002880228937095F004480607A80C11042B2
:102C00001BE801874C708780570C3F146C71078557
:102C10002908710182C1288501914708BF0082B847
:102C2000438101B16C7040821BF0320FCFF505ED8E
:102C30002A0FEFF5A140CCC7658500C2607BA1409B
:102C40008D714C7007E827850F09F1006C7040808A
:102C500004F06C7102F08D706FEC0187878004873F
:102C60004B240096A080C48508F2218030401011CA
:102C700011000811052004F0402405320816041044
:102C800011874024C631C60DAFFD42410714803084
:102C90008B20428006F200C001A623856079A14006
:102CA00001871C884B200086C7F300C00419002050
:102CB0001E4160790240CCC7E2C21180B208EFFD2C
:102CC000884500A5C2C6E07811800502EFFD2F7986
:102CD000E2C21180C60AEFFD884500A5C2C6E078B1
:102CE0003D04EFFD1180E0785103AFFD1180E078E5
:102CF00075022FFE1180E078AD042FFE1180E07880
:102D0000EAC3A4C1238008460181A08148802885A8
:102D100087806192E191230CF010442311015B0C38
:102D200051115709312082BB04820C12100061B28C
:102D3000008040C008F0390B7F0080C14480407A99
:102D400010401BE807853508F00081C12B08710190
:102D500022BF4427439019F408856C704480819009
:102D60002380408282BC81B041C217F0EE0DCFF5C6
:102D7000EA0DEFF5A140CAC7658500C2607BA1409E
:102D800008E8004107F06F20430083C141C005F00F
:102D900083C1782003005086019211083E0005236C
:102DA0007E84EBF5A0B801B2048600140430402400
:102DB000C6320242A0801186E485B6092FFD0817AD
:102DC00005100B14C030B308138000C0238501A781
:102DD0006079A140CAC7E078E2C21180F20B2FFDF2
:102DE000884500A5C2C6E078118041052FFD2F79E6
:102DF000E2C211809E0D2FFD884500A5C2C6E07875
:102E0000AD056FFD1180E0781907EFFC1180E078C7
:102E10003D066FFD1180E07871076FFD1180E0784D
:102E2000E2C22908B1004C73CB45A000587E218531
:102E3000C340A000886E0080247121A52C71D20AA5
:102E40006FF86C70001D4310C2C6E078F0C3A9C1D2
:102E5000638020832881419182BA41B14183A88255
:102E6000E195C4854F27821041B581804385A481B7
:102E700023819E8C0016141000151110190C3F10A0
:102E8000F14362838883A1940D0DBF1082BD6384DA
:102E9000A1B40BF08D70CB457F43000080C342C4CA
:102EA00041C440C443C5848011804024043540247B
:102EB000C734C284A0840414121010161010E485C4
:102EC00008100620B20D2FFE08170510041F40142D
:102ED0000418402423856079A140170BBF2085C1C9
:102EE00042406A0EA00082425E4160794240131463
:102EF000803003E8D0C723866079C140D0C7E0782E
:102F0000E2C21180120E2FFE884500A5C2C6E078ED
:102F100011806D062FFE2F79E2C211809A0F2FFECD
:102F2000884500A5C2C6E07825078FFFF9072FFE68
:102F30001180E078B5042FFE1180E07801006FFE6B
:102F40001180E07815020000D1016FFE1180E07859
:102F5000F0C3A9C1638020838881219482B921B400
:102F600021834881E192C4824F27811021B22180C0
:102F7000A484438200161410278100151110F14318
:102F800004218B0F22000000238452237E940BF235
:102F900062838883A1940F0DBF1082BD6384A1B4A6
:102FA0000AF08D70CB457F43000080C342C441C40A
:102FB00040C443C584801180402404354024C73474
:102FC000C284A0840414121010161010E485081096
:102FD0000620A60C2FFE08170510041F4014041825
:102FE000402423856079A140150BBF2085C1424054
:102FF0005A0DA00082425E41607942401314803035
:1030000002E8D0C723866079C140D0C7E2C21180F0
:10301000060D2FFE884500A5C2C6E0781180610527
:103020002FFE2F79E2C211808E0E2FFE884500A55B
:10303000C2C6E07819068FFFED062FFE1180E078FA
:10304000A9032FFE1180E078F5062FFE1180E078AD
:1030500009010000C5006FFE1180E078F0C3A9C12E
:10306000438020828881219482B921B421826881A1
:10307000E193C4834F27811021B322824383648468
:1030800000161410A8812384001311008195110CDF
:10309000BF10F143638582BC81B50BF08D70CB45C9
:1030A0007F43000080C342C441C440C443C5848000
:1030B0001180402404354024C734C284A084041401
:1030C000121010161010E48508100620AA0B2FFE0F
:1030D00008170510041F4014041840242385607944
:1030E000A140170BBF2085C14240620CA000824264
:1030F0005E41607942401314803003E8D0C72386D4
:103100006079C140D0C7E078E2C211800A0C2FFE7E
:10311000884500A5C2C6E078118065042FFE2F798E
:10312000E2C21180920D2FFE884500A5C2C6E0784C
:103130001D058FFFF1052FFE1180E078AD022FFEF7
:103140001180E078F9052FFE1180E0780D00000075
:10315000C9072FFE1180E078E6C208475087038038
:103160002845C0920080AA0BEFF5C1410387C141F9
:10317000C0B59E0BEFF50180C1B5C6C64128C100A0
:10318000442101073021810FA000B8CB01290000A4
:10319000E07FC0B8C341A000B8CB0181408162810B
:1031A00005208C0FFFF900000522820FFF0F00FCA5
:1031B0000523800F0070F97881A140A1E07F02A172
:1031C0008C200288E020C5074128C1004421010766
:1031D0000021820FA000B8CB2082C4B80F210000CC
:1031E000E07F00A269048FFFE6C2D180084510800D
:1031F0002847448E2F0A7100009095E803852C70B3
:103200000E0BEFF500800385C3410000FFFF001F98
:103210000510FE0AEFF501801085021FC51F448EC0
:10322000009094E8250A91000385C3410000FFFF48
:10323000DE0AEFF5008003852C70001FC51FD20A3F
:10324000EFF50180021F0510C6C6E078FAC2FC1C2B
:10325000C8B6EC1C08B1A08000C000121300CB4718
:103260007F4700FF2C1519100080584330440F7021
:10327000D342103AE02D2E7044C00C70F147F14556
:1032800043C341C0081C0030DD09E52416244E2448
:103290000086D1083000EAE019F2E8E030F41D8D34
:1032A000C1083E0068D8218642C00431C083304541
:1032B00055F2043580A48A203F2D97F7043580AF5E
:1032C00048420000D9F6430300001D8D95083E00DA
:1032D0006AD8218641C00431C083304741F20437A7
:1032E00080A48A203F2D22030500043780AF484286
:1032F000000016030900041E001634F00186043095
:10330000008660000C000430808F7F4700EF54007F
:103310000D00D340C83F0000073000041E0D6FF2BF
:1033200010464830400229682B7808F448300000E5
:10333000043600A00FF416F04A2400714A208000E1
:10334000A8208001052902000C78457901694830E0
:1033500000000030000401A604F0F14502F0F1473E
:10336000267194F1234380230E01008B2DE8028502
:103370002088284327E9C180ED70CB440000FFFF7F
:10338000E04E20903909D1022888508042213C80AB
:1033900080B20BF20C100200A820C001041201043C
:1033A000288184B183B1298842213C8008F20480BD
:1033B000A820800104100104248180B1E571C50FAB
:1033C000C492001B0206234380234E01008BAF08EA
:1033D000100002852088A309300028438180CD7029
:1033E0000A22800F0000FFFFC04C20903909910392
:1033F0002888F08042213C8040B70BF20C100F006F
:10340000A820C00104170114288144B143B12988C0
:1034100042213C8008F20480A820800104100104AD
:10342000248140B1C571C50EC492CD700A22800FAF
:103430000000FFFFC04C2090390951032888F0801C
:1034400042213C8040B70BF20C100F00A820C001B5
:1034500004170114288144B143B1298842213C80DA
:1034600008F20480A820800104100104248140B1E6
:10347000C571C50EC492001B020680218E31001159
:1034800080302DE80285C08827EE8180ED70C3432F
:103490000000FFFFE04C209039091103288850807C
:1034A00042213C8060B20BF20C100200A820C00147
:1034B00004120104288164B163B1298842213C804F
:1034C00008F20480A820800104100104248160B166
:1034D000E571C50F84930019023603C3001404304C
:1034E000A1408241BA0D6FF56342E90831001040F6
:1034F0000785E1081E0202C019E80285020DAFF43B
:103500001FD9043580AF7F4700EF11F70FE83080F7
:10351000209148310100003541200736427048476C
:1035200000003180483240021FA101C01AE8028524
:10353000CE0CAFF41FD9043780AF7F4700EF12F7EE
:1035400010E83080209148310100003741200736D3
:103550004270484700003180483240028419000020
:10356000CD708A4767406D0E051008170014EAE019
:1035700011F2E8E02AF48E400430808F7F4700FF8C
:1035800024F202857A0CAFF41FD9318010803F817C
:103590000FF08E400430808F7F4700FF16F20285C7
:1035A0005E0CAFF41FD931801080841101000090AF
:1035B00048310100483000000030400007360070FC
:1035C00048470000041C002040241422C571CCF19F
:1035D0004A856C704A240010301A41002C1A0006EB
:1035E00004C18F782308450003C116210000208004
:1035F00009E901800430808F7F4700EF03F7647191
:103600006BA28571EEF10240A5C004141B34DAC62A
:10361000F2C382240C3F2845228908468A223E278D
:103620008C21838F18F44A24C073C94780278E10D9
:103630000C702E714A214000A820C00181C21A627C
:10364000047120AA2471038D08E88A22FE2611083D
:10365000340461C04240D2C74A21C023D14354261A
:1036600014195426951B4E700E710C708023072D73
:10367000001C0131E10924A42F2607F0ECF581C0DC
:1036800004773220000404778EE024010D00252009
:10369000000010F019F028F032F046F04AF050F037
:1036A00054F05BF060F067F06BF071F075F07BF058
:1036B00080C15624423D260B2000A1405624413DA6
:1036C00014DA824019F080C10024823F0000940186
:1036D0008E0B2000A1400024813F0000940114DAE9
:1036E000A2400BF080C185C26E0C2000A14085C1B4
:1036F0008A2206006240120BCFE75AF080C10024F4
:10370000823F0000BC01760E2000A140701682109E
:103710000024813F0000BC014A0CAFFFDF160016F9
:10372000104246F080C1F20E2000A1400AA640F0EF
:1037300080C1E60E2000A1400BA63AF080C1DA0E4F
:103740002000A1400CA634F080C1CE0E2000A14084
:10375000DD1E18102CF080C1BE0E2000A140DE1E20
:10376000181026F080C1FE086000A140FF1F0290E3
:103770001EF080C1EE086000A14000AF18F080C1CB
:10378000E2086000A14001AF12F080C1D6086000DD
:10379000A14002AF0CF080C1CA086000A14003AF95
:1037A00006F080C1BE086000A14004AF56707822C8
:1037B00001200C71C020612026785EF16D706C7163
:1037C000CB4480BF00002C701520410040810432A2
:1037D000C08244F780A106F0C4F65024C21740A16D
:1037E00074706C702C71F2F5E07EE078F1C00041ED
:1037F00014730C7707F7F026417013001C9103E94E
:103800004079D1C0E07EE078E6C3A5C16845608319
:10381000284714E3310AE400004180C014DAEA09C1
:10382000EFE780C64A2400754A200000A820400225
:1038300020850116821419610471F96140A900857F
:1038400014E000A5C6C7E078E4C208462040284539
:103850004A0F2FFE00190100C0A5A140C4C6E078A0
:10386000E4C2084570180300542000092C70DE0FD4
:10387000AFF514DA4A2440715425801BA8200001BA
:1038800004181100A1408020070D2C70BE0FAFF569
:103890008A2206004A2440714025001DA82000010C
:1038A000041811008A2401785425801E4A2600102D
:1038B000A820000104181100A14096086FFEDF1D2A
:1038C00098134A244071A140A8204001C1A00818C3
:1038D0001100A14080200E0000180300A140C4C6C2
:1038E000E6C20847CD7020402845660E6FFEC0A195
:1038F000D6A53C1D8213E0A5A140C6C6E4C2084679
:1039000020402845EE0F6FFE00190100A140E60F90
:103910006FFE581D0110C0A5A140C4C6C3421300CC
:103920009C5F00A161828282008204194300161903
:1039300043001419050063A184A102A1E07F204087
:10394000E4C2084678492845C60EAFFA00190100BE
:10395000C608AFFEA140C0A5A140C4C6E4C2084647
:1039600020402845041903005609EFFE0019010004
:10397000C0A5A140C4C6E078E4C20846204028455E
:1039800004190300620AAFFE00190100C0A5A1409E
:10399000C4C6E078E4C208460C703819020004A9D5
:1039A00000A120400A0AEFFE2845C0A5A140C4C6D8
:1039B0004A24C070A820000440802C70043240804B
:1039C00045F7C34180BF000004F0C5F67FD917B9A1
:1039D00020A00474E07EE078E2C2284520814043C4
:1039E00014DA1961DA0DAFF56040008514E000A526
:1039F000C2C6E078E6C3A5C168456083284714E3E2
:103A0000310AE400004180C014DAFE0FAFE780C63F
:103A10004A2400754A200000A82040022085011693
:103A2000821419610471F96140A9008514E000A5B0
:103A3000C6C7E0788D048FF8F1C000410180842072
:103A4000030C1308300890E00C7008F400819B5AB6
:103A500004F01A0DAFF80081D1C0E07EE2C2284523
:103A60002081404314DA1961560DAFF5604000859E
:103A700014E000A5C2C6E078E6C38224063068459B
:103A8000608328475623030C330AE400004180C0BA
:103A90008A220600720FAFE780C68A2406700C7077
:103AA000A820400220850116821419610471F96171
:103AB00040A900855620000C00A5C6C7E2C20845F3
:103AC00004716E0AAFF20F7810D9A1400C58C340B0
:103AD000A0008C7E2080C340120050B8090920004D
:103AE000B571C2C660D8CA202106B570CA20A1012E
:103AF0000F58C2C6E6C2484528467A0BEFF208477F
:103B000014700C7026F28CD85F270117EA783021E8
:103B1000820FA000A84D3020800FA000104A5070E6
:103B20000C71D8F780852D0C85105F27011F30217F
:103B3000830FA000CC4C99620AE11909E5006C24BE
:103B4000411040865961001901002085247420A588
:103B5000C6C6E078E2C22845208140438A2206009A
:103B600019615E0CAFF5604000855620000C00A581
:103B7000C2C6E078E6C382240630684560832847E1
:103B80005623030C330AE400004180C08A22060059
:103B9000760EAFE780C68A2406700C70A82040021B
:103BA00020850116821419610471F96140A900850C
:103BB0005620000C00A5C6C7E2C0084414701CD8EB
:103BC0002AF22AE96091E1D84D0B810F00002B66A3
:103BD0007681B684410B4103A1940D0DDE11390BA2
:103BE000340470BB80233E012D0B84004191290ACF
:103BF000410362944291210AC10063944391190ADE
:103C0000C10078845881110AC10059843981090999
:103C100081000C70C2C4E078E2C2084514701CD860
:103C20001AF220953109810F00002B665E8578D944
:103C30004E0C2FEBA14014701DD80EF21B8556853B
:103C40000AB81072E1D808F7388580223E09090ABF
:103C500044000C70C2C6E078E8C2CB4512000040B8
:103C60002D0D811F120000402C70ED71176900208E
:103C70008E0FA000E05E00963508800F00002B66D6
:103C80000169ED08B4802C71CD7012F03825811FC8
:103C9000200000703825801F2000002025780F08A4
:103CA0007100CD70CB461200843FED706E0FEFFFB8
:103CB000C140C3081100C34113008486B249FE0EFF
:103CC000EFFFC140AF0811000A0900004E0FEFFFDF
:103CD0000845A308110001962D085E009708BE0054
:103CE00016D816852C774128BC800AF25425801FEF
:103CF000A820800104100204063981001785770886
:103D0000610013D87C150B10002340135420810F41
:103D1000A140AA0EEFFF6142ADE85425821F542353
:103D2000831FC140920CAFF8A141104000160070F3
:103D3000A000D85E2C70160BAFF580DADE082001EB
:103D4000A14099E816EF368516861670C221220426
:103D5000386000208E0F12007C4002260D70EDFFAF
:103D600085BFA20F0FEE1A652C70E20AAFF5C140B5
:103D7000C8C6EE0D2FED2C71E2C2284520814043CC
:103D80008A22060019613A0AAFF560400085562084
:103D9000000C00A5C2C6E07880838574290A24033C
:103DA000A1C14A2400714C70001C0030A8204002C0
:103DB000008380C44C6458604471386080A80083DC
:103DC000047400A3E07F877469016FF3C0D8E078C2
:103DD000C3401300F08FE07EE2C2A20A6FF30845F1
:103DE0008C25839F0CF28C25839E12F28C25C39E1A
:103DF0000CF28C25439E0FF40C730BF0A60AAFE96E
:103E00000C73A20AAFE90C720C7103F00C72960AE3
:103E10008FE9C2C6E4C040815860846A43886188E3
:103E2000C288A08808BA08BBC57A0523400310BA27
:103E3000457880A1C4C4E078E1C5A083816D110AF2
:103E40002403B96100A90083047100A3C2C4E0780F
:103E500042223C80E07C40214306A8200003071357
:103E600001000D090100208B87B920AB5523030801
:103E7000E07EE0781470E07C398887B939A800804A
:103E8000FCE8E07EE8C3A1C1C341A000987E0089A0
:103E900004E800190300915A8A20422CCB47F00015
:103EA0004B00CB460000FC7F0C70C3410000FFFFBD
:103EB00080C2A20CEFF76C7700C078E8AD705AD9D9
:103EC000001F0214AB21080E0EF00B09500005E98B
:103ED00016F0605806E8C340A000907E008040784D
:103EE00000C00EF019086E03AF794A69DF0A5583E6
:103EF000C4789A5A00C1D278247840C0A571AD0D1B
:103F00001594F2E8D2F1E078F1C004770F7804E973
:103F1000215803F01D58D1C0E07EE078F1C02F7B1E
:103F20008CD86A780020800FA000254A2F27BF0078
:103F30006F233F006F263F0420880018C30F2F26F1
:103F4000BF008C21C38F07F2F026C0701300AC783D
:103F50008C58D1C0E07EE078E2C24D08D101C34068
:103F6000F0005B00A0882088E078FD0D4190C34000
:103F7000A000B2412088350D4010A0A84A092FE7C3
:103F8000A140AA0D2FEDA140CB45F0004700CA0A81
:103F90002FE7008D0BE8008D00160170A000947EC5
:103FA000407907F0BA0B8FF3C2C60C700F58C340AC
:103FB000A000A04220882F27FF006F233F00C342AC
:103FC000F000500200821020400000A22F26FF00C7
:103FD000C2C6E078E07F00A1408102A15470E07C7D
:103FE0002181007AE2C3A3C108B88FB897B8884589
:103FF000FFDCC3441300303F40240532CC7098B836
:1040000042C4BA08EFF340C52608AFF882C1C2C760
:10401000E2C3A3C108B897B88845FFDCC3441300C6
:10402000303F40240532CC7098B842C48E08EFF37C
:1040300040C5FE0F6FF882C1C2C7E07808444C70DB
:104040004A20000049643470C022610078210300D6
:104050007A22810BCA2062002B7BF6F5E07EE078A5
:10406000408148604471E07F40A1E078E6C3AAC186
:1040700068456083284728E3310AE400004180C096
:1040800028DA8609AFE780C64A24007A4A20000071
:10409000A820400220850116821419610471F9617B
:1040A00040A9008528E000A5C6C7E078E2C2C34267
:1040B000A000AE4AFFD8CB44A000224AC341A000D2
:1040C0003A4BF5DDFBDB03AA03AC03A9A0AC60AA65
:1040D000960AEFF360A9C341A00004420019800FC3
:1040E0001300B43EC2C6E078F1C000160270A00012
:1040F000687FC3401300E03DC3411300BC786C707F
:10410000C345A100F005C346A0007CD386086FF923
:104110008A248200001E0070A0009C7ED1C0E07E38
:10412000E4C2C340F0003E00208881B920A80016F8
:104130008070F0000C011B083E01AD70CE090FEB42
:10414000084529680C7097B81071CA250610B60B7F
:104150000FEE9E0B2FEE08460041A142CE0DEFF868
:10416000C14042094FF70C70C4C6E078E4C3A2C155
:10417000CB45A000D8D10C71D60AAFF79C4D0016E4
:104180000270A000707FCB46A0007C7E00A6542564
:10419000861AC34013003858C341130096786C70D8
:1041A000C345A000F0FBEE0F2FF98A24C20001A640
:1041B0004A260010C34069724E5640C074D8041C91
:1041C00004306A4E60C054D8CC78F0268273A000C8
:1041D000747FF0268573A000807F5525811A00200A
:1041E0004600626E4E26C411C3401300B45DA60F94
:1041F0002FF980C115258113C571BD0EF49000A162
:10420000C4C7E078F2C27042504530430846CB47FD
:10421000F000340097D834700601210017AF2E70DB
:104220008A24032032401A200D25DD653215C11085
:1042300029093200532100012108750625B95321AF
:104240004200D20A2FF4A141321581100C71C342F1
:10425000F0006002387800A208858420030CA0E0FA
:10426000560022008D712E1580102F158210002C03
:1042700001102F27FF006F233F00C340F0004002D2
:10428000110A10004580267A45A02F26FF0007F06E
:104290004580457925A02F26FF002E158210587CD9
:1042A00086A02F27FF006F233F002480102181006C
:1042B00024A02F26FF0006710C20C0A46A07C5FFAA
:1042C0006F26FF0598D8AD7017AF5AD90C70AB2187
:1042D000080EAA1E0210AD1E0210AF1E02104E0ADA
:1042E000EFF3C1402508B400084300868A0BEFFFB6
:1042F000071E4310C140A2415A0BEFFF4242188EE5
:104300000A21C02216AF07F0321680102A08AFF239
:10431000C4B8A571B70DE49455260E1C06F06F269F
:10432000FF0598D82E7017AF99D8350A302017AFEF
:10433000CD70B76EA275A140720BEFF33A1D051058
:104340001708B4000042A1402E0BEFFF071D4310D9
:10435000188D504116AFC571DB0E84949AD85AD986
:1043600017AF2F204704AB21080ED2C6E2C2284562
:104370002081404328DA1961460C6FF560400085C2
:1043800028E000A5C2C6E078488123920B084400CB
:10439000249209210100E07F2040E078F6C3A3C108
:1043A00050473044C60E2FF40845D3420000FFFFAB
:1043B0008F08A00410410E70D3450000EFFF402489
:1043C00016304A47088D4D082520F07E0385F020E1
:1043D0000E0407860B08F100C140820F0FF5170D80
:1043E00064240A2380242240C14123200005E242A4
:1043F0001043C1401A096FF56241142600240018C9
:10440000C404F078360D2FF4624108470671DCF1E0
:104410001085850DA423E0B0478505EA80C1607A48
:10442000A140698505EB80C2C141607BA1402E0D92
:104430002FF4A1401085219080B921B02CF0088D77
:1044400011E8ED70402410304A2600100385E0602A
:1044500023804079088DC5710218D52FF10E249064
:10446000E574698510850018840406EB80C242411A
:10447000607BA140098D10E8CD70ED700485C341CB
:104480000000FFFFB20F6FF4C060098DE571F10FFE
:104490002490C574D6C7E078F1C08881628C0F0B78
:1044A0009E016594647A170AC100C3420000FFFFB1
:1044B0001908800087E8439408F0C3420000FFFF1A
:1044C00004F0CA0ECFFF0042D1C0E07F5078E07800
:1044D000E2C28881A1940F0D9E116594647A1B0A33
:1044E000C100C3420000FFFF1D08800003E8130D58
:1044F0001F11449408F0C3420000FFFF04F08E0E29
:10450000CFFF00425078C2C6F1C08881628C0F0B89
:104510009E016594647A170AC100C3420000FFFF40
:104520001908800087E8449408F0C3420000FFFFA8
:1045300004F05A0ECFFF0042D1C0E07F5078E078FF
:104540000A80E07F0A80E078E6C064808D7041A335
:10455000088B2D0C0510038B10E81A240D104C70DD
:10456000C68347494471B57E00860137001000A616
:10457000038BF10A2480A5718571ECF1C6C4E07843
:10458000E6C2C48008450096B708850F0000F0FF1A
:1045900091083000A140CA0900000C1608101C1632
:1045A00009106D704A220000028D750B05100285FE
:1045B000F020C10208818090610C801F0000FFFF85
:1045C00004854F7B0090052C0C100C701508E5003D
:1045D0001421CF10F4210610290C80110471F8F178
:1045E0000020C01240A8038E80B744711F20CC0069
:1045F000E48608812586757FE4A0957923A00EF0D6
:104600000020C31200AB838E6486E5860C7C288173
:10461000157B957F64A1E3A16571C8F148AE13F0E5
:10462000028D42203C800FF24486658608150110F9
:10463000A820C00104110004088044A063A0081E43
:1046400003100C70C6C6E078EAC2248008450091C9
:10465000DB083000CD700C111100E8811C1108003E
:104660004A22000008899B0A250014278B10F42792
:1046700080100471001B0410F4208310107841088E
:10468000C100638917EB2D7006814C7BF4208610E6
:104690000021CC1080484836030025710730C30044
:1046A0000581957860A006819578C0A06389DD09B1
:1046B000C49004816181001B84131FF03F0B9400A0
:1046C0002411800037085100038913E84A210010A3
:1046D00086814C7865812170044C157B257180A3FF
:1046E0006681157B001B01000389E90904900481A0
:1046F0006181001B0510557860A04471B4F10E7003
:1047000024198203028D4B08052001118024F4270F
:1047100000108AE80285C0602880228909091E00ED
:10472000E2094FF4C5740671EEF1228D11E9CD70E6
:104730004A2700100285C0604880428A0B0A1E008A
:10474000C2094FF4228DE571ED0F6490C574CAC69D
:104750000480658060A10480E07F00A2E4C2C48080
:10476000084542882C700386241E4310081E03103F
:10477000DA086FF5041E0110228D04865269CE08F6
:104780006FF52C70228D038E0A7905865269BE085A
:104790006FF52C70228D038E0A7906865269AE0859
:1047A0006FF52C70228D07863B7AA2086FF52C706E
:1047B000228D08863B7A96086FF52C70C4C6E07887
:1047C000E4C2A48022880846048552697E086FF5F9
:1047D0002C70228E08853B7A72086FF52C70228E21
:1047E000038D0A790685526962086FF52C70C4C67C
:1047F00044802288041A010005823B7A4D006FF53F
:104800002C70E078F1C021800D09500086E9E60F98
:10481000CFFF04F0AE0FCFFFD1C0E07EEEC2E8477D
:10482000CB80A0870A8070436091B478152650131E
:104830000418C50F204040410A2140210A220021CE
:104840004E096FF43418C020B47E016D5C1840240A
:10485000521E8414481EC41400A7CEC6F8C3AAC1B1
:104860008A800845704591430A8450463840147444
:104870008A20FC00EEF42C15141085C0FFD914DA40
:10488000CA0F2FF54024173580C02C70BE0F2FF5AE
:1048900014DAB6700E702D7098F2181591102D70F4
:1048A0000D70CA474A22002042213CA088F223858D
:1048B00068974C70A8204002404900900D0B2000E2
:1048C00015278B2044717CF065401477B9F4D372BE
:1048D0000000FEFFE8002D00142380200290E10874
:1048E000800F0000FFFF138F14715A012D000C7709
:1048F00015240022778012179F102C704833C402B1
:10490000EC7048334E0260462F2506012F260531F4
:104910008B0FE50780C403878C68957618012D00FE
:104920008A20BF0F62872520000308F012F019F0DB
:104930001BF023F024F02CF0236304338081F80073
:1049400029005223C3070436C0804C00060074F0CF
:104950002363E50CE200737B3D0CC3006CF0236322
:10496000350EC51068F035234300CD0DE200737B92
:10497000250DC30060F03463D07B0CF0332343007B
:10498000B50EE230737B110EC33056F02C63CF7B33
:10499000A50B04032474E471BCF101871624812063
:1049A000152383202571152482104228CC07001B73
:1049B000001200A100A281A1101B800405710C202F
:1049C0004095E806E5FF18E77821031079250120D6
:1049D0008A223C018A20BF0F0421C1805D0930106A
:1049E0005C70188D4908252085C0F0200E04D5770D
:1049F0001CF2038580C1F02101045A260E16F02016
:104A00000004C276848021A4328E0EE92C704C7092
:104A10006286E284447123633F6760A7728EF50A61
:104A2000E4802474238040790671DDF10E718A20C0
:104A3000BF0F09F00E7007F05221100003F08A201A
:104A4000BF0E1108302003410A0B6000A1400C701A
:104A5000D8C7E078E2C20B80B60E6FFA884500A591
:104A6000C2C6E078E2C20B801E08AFFA884500A5F6
:104A7000C2C6E078E6C0B98860822841AB0B640307
:104A80008A267F0C42253C90CC704EF210100B0011
:104A90000D70CB460000EEFFA8208101F0230C1220
:104AA0005A200015E8848C942170609780A0296BAF
:104AB0003079150E641048330100073643704847BB
:104AC000000008F074706C70CA23820F7F4700FFEB
:104AD000839761A0296C3079130E6410483401105B
:104AE000073643704847000007F095706C70CA2382
:104AF000820F7F4700FF849762A0296C3079150EE2
:104B0000641048340110073641704847000008F02F
:104B100005ECC3417F4700FF02F02C7065970571DB
:104B200023A068B0A0A2C040C6C4E078FAC2FC1CB2
:104B3000C8B6ADC10A23C0310A2180310A22402102
:104B40000A2300217047504438401040CD70041CA7
:104B5000013442C69D0A300040C6990B1020950AC8
:104B60001422281000200A804C200080AA01210075
:104B70008A25FC204C2700A89E0125008A25FF26B7
:104B8000CF0830308A27BC102E70ED701640208878
:104B9000670F651083C301804024043C2C70E548F6
:104BA0000342402415338E8523200003A140CE709C
:104BB0000CC03D0E252040240430011583248D8532
:104BC000A140624123200003424200C30EEB81C298
:104BD0008240E2410A24C0040A096FF40A258004D5
:104BE000084686E82671CD70C671E4F1E571D0F112
:104BF0008A25BC2091F083C34024043B2C700240E2
:104C00000342720F6FF483C74A2500100BC03F0D9B
:104C100025104024043201178314024062414A0ED9
:104C2000EFFF424202C011E800C381C28240E2416C
:104C30000A24C004AE086FF40A25800487083100F6
:104C400010452671CD70A571E2F1D1453BF02E7073
:104C5000AD7063C6164020883D0D651040240430B9
:104C6000018023C3C06042428D8023200003624143
:104C700000C30FEB81C28240E2410A24C0046608EF
:104C80006FF40A258004084786E82671ED70C57424
:104C9000A571E2F1402404326C7002406241CA0DF9
:104CA000EFFF424202C30EEB81C28240E2410A247E
:104CB000C00432086FF40A2580041045267103F001
:104CC000F145370D31202F2547042F0D300081C2CB
:104CD00001C0824170B841C0024062430A2480048E
:104CE0000A260006C20B6FF40A27C00601C0AE7088
:104CF000001900300CF00B0D11008A25FF262C70D6
:104D00008240E242460B2FF5001901302C706240C0
:104D10003A0B2FF54242A240ADC004141B34DAC650
:104D200065066FFA0B80E078ECC20847018004E862
:104D3000C20DCFF34E70CD7002872088590E4510FA
:104D40000180C548688D17EB2E700E7003853020EA
:104D5000400448802780819234734624811182B9AF
:104D600021B205F4F60DCFF4688D0671E108E4A0D8
:104D70002674098D0EE82E704A20002004858A0AC8
:104D8000EFFF30204004098D0671F50824A0267439
:104D9000C571D4F1388F0FE94A2500100387302000
:104DA000800405E8620ACFFF388FA571F10D649089
:104DB0004674CCC61509F0000A801B09910024181E
:104DC000800F13002C44E07E2418800F1300F4435E
:104DD000E07E2418800F13006444E07EF2C3A6C175
:104DE0000A20002170455044304308462E7054700C
:104DF000041C013006F276708A21BC2002F2B670E3
:104E00008A0221004C2000A2820205000A868A2123
:104E1000FC200A800477147172022D002C70EB863E
:104E2000A2402A0A2FF502424024053240240634CB
:104E300040248733C14062418242A243760FAFF4DF
:104E40000A240004147046022200104102C52E708C
:104E50004A22002037ED6F0A112004C0650825059D
:104E600084C24024C5334024C63540240731624003
:104E70008241A2432208AFF40A2400041042A3E8AE
:104E80000F1481308C21838F07F401C2C140060AC0
:104E90002000A24109F06A0BEFF302860FE86A8056
:104EA00001C2607BA2414E7002C02C700242A96810
:104EB000A2409A092FF542C5CEF18A22BC20F6F114
:104EC0004E704C870A872A86003080004830C00226
:104ED0000DA10B87003200004830C002130A3120B8
:104EE0000EA10E1480300B081501281981007017CF
:104EF000801042203C8013F210160310A820C0033B
:104F0000F023400414274214FA120C07267128805B
:104F10008A200A0D83B1106204B1188E2E700843E6
:104F200019E843862C700D71204A60908288002811
:104F3000C31042243C90001CC4300AF20810000048
:104F4000A820800104100C04888465B42471DD0954
:104F5000C4820E70028620887B086520E9450180A6
:104F6000F0200D04488508EA80C1607AA140001451
:104F7000033119F0088D6C70001C443442203C80D1
:104F800011F243854A230000A820400304120004C4
:104F9000088022880D099F010590057B001CC43004
:104FA000E078098D084015E884852C70204C4288F3
:104FB00042223C801400010008100B00A820800150
:104FC00004130014088065B02471E5090482067199
:104FD000C2F1C140B20B200080254E10208D10413F
:104FE000D60DEFFFC140018D04E8DA082000C14072
:104FF0008027CE10008F910830000E704A270010D5
:10500000198E850F0510048630200D040C95004183
:105010008021BE0A1B09740115DA004180213D0080
:10502000230975028A2245000B0A4F000BF0EF0A94
:105030004E808A20840040C080C1BA0FAFF4A140E6
:105040000C952108D5041D0E0E7005004051C3407B
:1050500020BC12AC40C080C19A0FAFF4A1400C95A7
:105060004220000E1B08750115D917092E0080C1BA
:10507000C3401CC10AE840C07A0FAFF4A1400674D7
:10508000E571C0F15670CA2182242240D2C7E0786F
:10509000F1C01A0B6FFA0B8014708A207C00D1C00B
:1050A000E07FCA202100E078F1C0060B6FFA0B8088
:1050B00014708A207C00D1C0E07FCA202100E078F3
:1050C000E6C218108400EB80AC706C704B0B2501AD
:1050D0006D7023808D7065491427C110521109012C
:1050E00048110E01021588102B0C05122285302163
:1050F000C1022881439105EA08194402C3B1C342A1
:105100000000FFFF090E811044B143B16574857141
:10511000ECF16471DCF122800A26403000119F001E
:105120000C25C0875E022600EC7004160030F020CB
:105130004C01088C004610E823840A248071EC702E
:10514000A8208002041100040880028824B8C0B896
:1051500000270700A98CCD706D706C704A2000008C
:10516000310B65030D7124846149428942223C80E0
:105170000EF222810A220000A820800204110004FD
:10518000088005901072C523021000426471EAF194
:105190004E870D872F872F23C80200288B100F23DF
:1051A00002100F224D007D0DE1100028091042264B
:1051B0003C80E6F20C140D10A820C00CC04D2F212D
:1051C000C7014F09B50008800A1008014027061DD5
:1051D0008D7052DB490C25112C710416020458798C
:1051E0000421028212F223903172CC22C28209F48D
:1051F0000CE924900AE9716724B023B006F006E9AF
:10520000249004E9716724B064728571E4F12390FD
:1052100006E9249004E95217011124B0C571B0F0D9
:1052200000284810052040126308E10042263C8017
:10523000A6F2A384A820800A2F20C7014B08B5003E
:105240004027081DC04D8D7052DA08800A100B01EE
:10525000370C25112C710410031478790421C382B2
:1052600010F2170B610223900CE924900AE95167B0
:1052700024B023B006F006E9249004E9516724B075
:1052800044728571E6F1C5717AF05F0AE100422649
:105290003C8076F20C140D10A82080092F20C70145
:1052A0004308B5004027091DC04D8D7052DA288093
:1052B0000A1103012F0C25110C7104110814002888
:1052C00000020420C0800CF21508C102039108E816
:1052D000049106E8506722B804B103B144728571A5
:1052E000EAF1C5714CF00520C0126708E1004226C2
:1052F0003C8046F2C384AD70A820800A2F20C701ED
:105300004B08B5004027091DA04E52DA8D70088069
:105310000A100B01370C25112C7104110314787934
:105320000421C38210F2150B210223900CE9249072
:105330000AE9516724B008F006E9249004E95167AE
:1053400024B023B044728571E6F1A57118F0310ED6
:1053500010002D08E1100A2480712384A820000485
:105360000411000408804590130B8100439007EA64
:10537000449005EA5617021144B0E078A505EFFF06
:10538000A471C6C6EEC2181086002C10070008478C
:10539000CD704C704A200020490AA5010D7003878A
:1053A0006D704448142780004810030102148910CE
:1053B0002D0B4512028430200002088023900D0935
:1053C000C5004A20C02363B0C3410000FFFF0B0BA0
:1053D000410024B023B005746571ECF14471DEF135
:1053E0000A23802F0000FFFF02872088B70E651078
:1053F00062420180C548088D12E84E702E706242EC
:1054000003853020800408802390320DAFF350785C
:10541000288D26710042ED0964A04674096A10784F
:105420004D08850F0000EFFF091586104A23000084
:10543000430BA5010D7004856D706448021489103A
:10544000290B4512028430200002088023900BE9CA
:105450001309850024904A20C0230B09A50043B0FE
:1054600044B005746571EEF16471E4F10B0AE00477
:105470004C70C571BAF1298DFB0A458004854048FE
:10548000628842233C800DF208100000A8204002F0
:10549000041003046883081BC50F061BC50F447165
:1054A000ECF10240CEC6E07808808421410E8521CF
:1054B00002010A1805000018C50FE07F21B0E0784E
:1054C00008800018C50F21906C21810082B9E07F0F
:1054D00021B0E078E4C0288031118B000B810F08E7
:1054E000E502047161910BA10BF04A816191016A9F
:1054F00081BB61B10B08E4020AA128190100301137
:105500008D008981A2BB61B110ED1A2442130C7089
:105510008381C581034C0471557E4471F508648311
:1055200060A631118B008981048166814080957B62
:1055300040A309814B816D8104717170CA202600DE
:105540000B0BA50009A14F780DA10C71C4C4E07824
:10555000E2C227093E000845020EAFF3008501852F
:105560000BE8248809E9C341FFFF8888320D8FF3D7
:10557000018504180300C2C6ECC2CB45F00034001C
:1055800093DA2C7094D857AD001E4270A000B4413D
:1055900017ADA25A34E8A35A95D8560EEFF717ADB7
:1055A00096D817AD345810423E5810412E5810402E
:1055B0002F5808470241224200434240A45A08465D
:1055C00003E8C14067589BD99CD837AD020EEFF76E
:1055D00017AD9DD8160B6FFF17AD9ED8920B6FFFBE
:1055E00017AD9FD83E0B6FFF17ADA0D8D4AD17AD48
:1055F000424002412242E143B15A06F0148D84E850
:1056000020D814ADA2D80A0EEFF717ADA3D817AD66
:105610004058E078C340A000A07E01184300001667
:105620008170F0000601E07F20A8E078C341A0006F
:10563000A07E618915EB20895321820100208080A2
:105640000E0024008C20028084F67FD802F00C70BB
:10565000842102002578001E0270F0000601E07F20
:1056600079230000E07EE078EAC3A7C16847041010
:105670000800A28083806080404730400846547113
:105680000035011200340B120033420300300612C1
:1056900000354913003300030033C40001304100DA
:1056A0000232C00202318B11013149000130020087
:1056B0000233011100340013041C40320130410058
:1056C00040C242C151F2230F300183C1190FB10012
:1056D000446F4027031280C140270513C1403E0B91
:1056E0002FFDE144CAC7960D2FF0C14043862286A4
:1056F0008186008605C603C30031820000300003A6
:10570000023381037FDD023080000131410017BD8B
:1057100001300000023541106A0A6FEF024201C2F7
:10572000084600A7003281005222C007023541100E
:1057300002422F3140004E0A6FEF0131410304C293
:1057400003C10130030000C4023180000242013075
:1057500001005224C017023541102A0A6FEF61A7D9
:10576000C3A702A7CAC70133C20001340013003225
:10577000420300300002023080000A0A6FEF02424A
:105780001041218600864286638601300C0000327B
:105790008900003148000133CB000030060000349E
:1057A0004C10023041120033C0000033821001302F
:1057B00041000232000302318101CA096FEF024247
:1057C0002C7004304080C7F602360D70C940DB0FE4
:1057D00003F05220CD07C34049C0DB0F043100A0C5
:1057E00046F702365074C9C0DB0F04F05221D027AF
:1057F000043000A045F70130902FC940DB0FA0A76F
:105800000386608642860130010001860031C100B6
:10581000013000000030800062096FEF013040006D
:105820005220C007A3A7081F001401A7CAC7E07829
:10583000E2C3084501808420030C15083104A1C18E
:105840000E8D001504101D789D5AC2C7FFD840C0A8
:10585000C3441300BC1340240530A140AA5AA14000
:10586000175800C0C2C7E078EAC2084648300000B6
:1058700048473040C3411300783E60420A2100216E
:1058800068458358147712F29F250213C341A00084
:10589000CC49B96100258D1FA000254AE5A110194A
:1058A0000004CAA100ADCAC6F02640731300A07858
:1058B000090910208D58CAC68B58CAC600411470F9
:1058C0000C70E07CAB11800014700C71E07DAC11A9
:1058D00081003470E07DE07F0C70E078ECC3A1C102
:1058E000345810403E5808472E5808462F5808454F
:1058F00010D88D588A21822CFFD90C7010B980C223
:10590000520A2FF76C7700C078E84A220024001E64
:105910004274F0004B0003F000C0112080843CF280
:105920002F2087041D0810044B08B00491E034F4C4
:105930000240C141E142A143995A4C20C0882CF455
:1059400000160070A0007C7E2C704C77560BEFF692
:105950006C7078E80240C141E142A143985A0016B8
:105960000070A0007C7E2C704C70960CEFF66C7072
:1059700012F02F27FF006F233F00C340A00074499F
:1059800026804780181801001C1801002F26FF00F0
:10599000FFD8455846714C22C0A48007CEFFAEF117
:1059A000E2C22C7030DAA60EAFF408457FD817B8E3
:1059B000341D01100CA5C2C6C341A0004C7EE07F7F
:1059C00000A9E078F1C02C7100290000B35AD1C0C1
:1059D000E07EE078F1C02C7100290000B45AD1C0FB
:1059E000E07EE078F1C02C71002900008E58D1C013
:1059F000E07EE0782F27FF006F233F00C342A00026
:105A0000846E2082257800A22F26FF00C340F0007C
:105A1000400100180102E07EE4C3A1C108452F2720
:105A20007F006F233F00AA209002AB20D002CB461C
:105A3000A000846EAA2088010F7814730CF70086EA
:105A4000A57800A62F267F00C340F0004001001873
:105A50000102C4C72F267F00EE0FCFF63D0870006D
:105A60002F214883001C013005F2C340A0009C7E1A
:105A700009F00425819FFF00000011F2C340A0003F
:105A8000807E00804C716C700A0FEFF64024043069
:105A900000C004E8820F0FF8C4C70425819F000FDF
:105AA000000004F20286F0E86C25C196F2F301864C
:105AB000EAE8F0F1E2C2920FEFF608452D08700017
:105AC0002F21488305F2C340A0009C7E09F00425E5
:105AD000819FFF0000000BF2C340A000807E008089
:105AE0004C712E0EEFF66C70C2C60425819F000F1C
:105AF0000000C342A000846E03F20282F2E86C252B
:105B0000C196F4F30182EEE8F0F1E078F1C062B8FA
:105B10003908F500A1C10F78F0260070A000D8D197
:105B200007E92C714C73EA0DEFF66C700EF02C71D6
:105B30004C736C70402404305A0EEFF6001C013098
:105B400000C004E8D20E0FF88774D1C0E07EE07880
:105B5000F1C09F2002030020810FA000254A008988
:105B600005E80D780019C30F8558D1C0E07EE078B4
:105B7000E4C2084612580845A4160011B570CA259B
:105B80006110B1700C700AF2568605EAB078607A3E
:105B9000C1410C71A41E4413C4C6E078EAC28CDB78
:105BA0000A7B0845C340A000244A1F63008F284693
:105BB000504035E9B2E8C340A0006441218FB67877
:105BC0004180E0808C21C38FCB44A000CC4906F2F9
:105BD00078640A80450E0510166E412E8B1600273C
:105BE00011900122CF828C21C38F10F2786425801E
:105BF00044803B2740103D2182203077CA2081001D
:105C00008CE8520FEFFFA140C1402241E142A14385
:105C10005A0CEFFF0A240004CAC692E8360FEFFFC1
:105C2000A140A1409F200203C342A000CC492C7098
:105C30005860001F431025A024A02AA0F02640731E
:105C40001300A078090810208D58CAC68B58CAC600
:105C5000E2C25988C1BA547217F22F277F036F230B
:105C60003F005080043240800DF24C70043180803F
:105C7000C5F730A00E18430003F01318430010D8E6
:105C80008D582F267F03C2C6E2C25988C1BA54720A
:105C900011F22F277F036F233F004C100201130ADC
:105CA00040004C1844000F18430010D88D582F2680
:105CB0007F03C2C6E6C3A4C1084519882846C1B8F7
:105CC000147227F24024C13383C24024833240241B
:105CD000043040240531A140395800C1C1404C7006
:105CE00004318083CA20450004318080CA2609100F
:105CF0002F27FF036F233F0010850430808307F2B6
:105D000010D8D0A50E1D43108D582F26FF03C6C7EF
:105D1000CB441300289180849570E0200203E07E3C
:105D2000CB441300249180849570E07C007CE07863
:105D3000E8C2DE0E0FF8CB451300F0902A85104024
:105D4000DA0E2FF809694D08740208460885CE0E50
:105D50002FF80477A6096FED0847390F7512216FE8
:105D60005526831F2F794020C2206F7E08204000D7
:105D70004F7AD960250A64002C710F78A2096FED63
:105D8000C141560A6FEDC1403A0920010085C8C6DD
:105D90002FD8CE0D2FEC2C71C60D2FEC2DD8E0781E
:105DA000C3401300EC9019022FF50080EAC2CB45E6
:105DB0001300F49000852185E485C585027926B914
:105DC0001E21810FAAAAABAA081511100C151010DC
:105DD000660A2FF52F790285F24E0220412427B959
:105DE00027BA2F79B20A2FF54F7ACAC6E4C2CB453B
:105DF00013000C910E0F2FEDC08563854285004185
:105E00006477C140A55AC4C6F1C05AD8AB20080E69
:105E1000975AD1C0E07EE078E2C208450090D37086
:105E200000002B661CD817F45E8578D9520A2FEA39
:105E3000A14014701DD80FF24A2400710C704C70F0
:105E4000A82040024F79152541104B11010604E9A5
:105E50004471C2C61ED8C2C6E4C3A1C10F7D110DD4
:105E6000B5110C73482580108020830FD368C34080
:105E7000A000744984261F1E1E662C770C7080C2F9
:105E8000D20CEFF6204300C079E89E784186208648
:105E9000041E0110001E0110BE78A1404558EFF10C
:105EA000E2C3084501808420030C15083104A1C118
:105EB0000E8D001504101D78A15AC2C7FFD840C02E
:105EC000C3441300BC1340240530A140B55AA1407F
:105ED000175800C0C2C7000000000000000000000A
:105EE00000000000000000000000000000000000B2
:105EF00000000000000000000000000000000000A2
:105F00000000000000000000000000000000000091
:105F10002000000001000000020000001F0000003F
:105F2000BD378635000000000000000000000000C2
:105F300000000000BD3786350000000000000000B2
:105F40000000000000000000BD37863500000000A2
:105F50000000000000000000000000000000000041
:105F600017B7D1380000000000000000000000005A
:105F70000000000017B7D13800000000000000004A
:105F8000000000000000000017B7D138000000003A
:105F90000000000000000000000000000000000001
:105FA000AA413200ACC5A736ACC5A736ACC5A736EA
:105FB00000000000ACC52737ACC52737ACC5273774
:105FC00000000000D302B738A9689237A9681237D9
:105FD00002000000290000002C0000000100000069
:105FE00002000000290000002C000000D302B73896
:105FF000A9689237A9681237DB0F4940F366DF3E84
:10600000C2B8B23D02000000290000002C000000D0
:106010002D00000001000000020000002900000027
:106020002C0000002D00000035FA0E3C88C3E43A35
:1060300088C3643A01000000020000000300000071
:10604000F3665F3FF366DF3E5077563E2100000067
:1060500001000000020000001F0000000606060408
:106060000404000001000000010000000100000025
:106070000000803F9A99193E9A99993D0AD7A33C0E
:106080000AD7A33C0AD7A33CBD378635BD37863532
:10609000BD3786350024F4490024F4490024F4492E
:1060A00000000000000000000000000000080000E8
:1060B00000000000000000002200000001000000BD
:1060C000020000001F0000000008000000000000A7
:1060D000000000000AD7233D6F12833B6F12033A82
:1060E00017B7D138ACC5273895BFD63295BFD63251
:1060F00095BFD632ACC527350000803E00000000B9
:106100000000000000000000000000000000803ED1
:10611000000000000000000000000000000000007F
:106120000000803E000000000000000000000000B1
:10613000000000000000804000010001000000009D
:10614000020000001F0000002300000022000000E9
:1061500001000000020000001F00000050000000CD
:1061600052000000540000000A000000B6000000C9
:106170001C000000B80000002E000000BA00000063
:106180005C0000005E000000600000006200000093
:10619000860000008800000064000000BC000000D1
:1061A00066000000680000006A0000006C0000004B
:1061B0006E000000700000007E0000008000000003
:1061C00076000000780000007A0000007C000000EB
:1061D00072000000740000009600000098000000AB
:1061E000E4000000E6000000F6000000F8000000F7
:1061F0009A0000009C0000008A0000008C00000053
:106200008E0000009E00000082000000840000005C
:10621000A0000000A2000000A4000000A6000000F2
:1062200017B751396F12033B5305A33CB6F33D3EFC
:106230006B00050000000000687713007CD211009D
:106240007876A0007700040001000000D8761300E3
:10625000A44513003C7DA00079000400010000006B
:10626000E8761300A4451300647DA00069000400D3
:1062700000000000F87613007CD211000C75A0001D
:10628000750004000100000008771300A445130006
:106290008C7DA000BD0204000000000018771300F0
:1062A0007CD211002875A000C1020400000000008B
:1062B000387713007CD211004475A000C30204009B
:1062C00000000000487713007CD211006075A00028
:1062D00015000000906EA000040100002877130054
:1062E0002C751300C06EA0004822130000000000AF
:1062F000000000004C6611003466110004661100B5
:10630000406611001C66110010661100286611001D
:10631000F86FA000B094A00018000000906EA000DC
:10632000040100005877130034751300C06EA000FC
:10633000E02313000000000000000000EC24130024
:10634000DC241300AC241300E4241300C424130041
:10635000BC241300D42413000870A0001098A000DF
:106360002A000000906EA00004030000AC66130039
:106370000C761300C06EA000E8251300C827130098
:106380006027130034291300B8271300382713009F
:10639000C02713005027130048271300B02713000D
:1063A0001070A0000C90A00001000300000000008D
:1063B000F47513007CD211006474A0000300030084
:1063C00000000000007613007CD21100B874A00019
:1063D0002303030000000000187613007CD2110094
:1063E0007C75A00025030300000000002476130044
:1063F0007CD211009875A000290303000000000062
:10640000307613007CD21100B475A00005000300A3
:1064100000000000547613007CD211002476A00006
:106420007B000300010000006C761300A4451300FC
:10643000B47DA0006D00030000000000847613000E
:106440007CD21100B076A0007D00030001000000A6
:106450009C761300A4451300DC7DA000810003009E
:1064600001000000C0761300A4451300047EA000C4
:106470000C000000906EA000030100003C761300A9
:106480003C751300C06EA0003C2913000000000002
:1064900000000000A42A1300942A1300642A1300A9
:1064A0009C2A13007C2A1300742A13008C2A1300E0
:1064B0001470A000B893A00006000000906EA00029
:1064C000030300007876130060761300C06EA0000E
:1064D000A82D1300A02E1300842E1300A42E130049
:1064E000902E13005C2E1300982E1300742E1300B0
:1064F0006C2E1300882E13003C70A0008490A00026
:1065000007000000906EA00003030000A8761300AF
:1065100090761300C06EA000AC2E1300AC2F1300B9
:10652000902F1300B02F13009C2F1300682F13001F
:10653000A42F1300802F1300782F1300942F130023
:106540004870A000D090A00009000000906EA0004C
:1065500003030000CC761300B4761300C06EA000D5
:10656000B82F1300A83013008C301300AC30130088
:106570009830130064301300A03013007C301300F7
:1065800074301300903013005470A0001C91A000D0
:10659000CB00020000000000647513007CD21100E3
:1065A0004874A0002D010200000000006C7513006B
:1065B0007CD211008074A000650002000000000081
:1065C000847513007CD21100D474A000670002000F
:1065D00000000000947513007CD21100F074A0003C
:1065E0008900020000000000CC7513007CD211006D
:1065F0009476A0008700020000000000D47513000C
:106600007CD21100CC76A0007100020000000000D6
:10661000DC7513007CD21100E876A0008500020032
:1066200000000000E47513007CD211000477A00084
:1066300017000000906EA00002010000AC7513006E
:1066400030751300C06EA0001C2313000000000072
:1066500000000000D8231300C82313009823130060
:10666000D0231300B0231300A8231300C02313006A
:106670000070A0006492A0000D000000906EA000C9
:1066800002020000BC751300B4751300C06EA000B8
:106690001C2B13000000000000000000542C13000D
:1066A000442C1300142C13004C2C13002C2C13001E
:1066B000242C13003C2C13002070A000A89AA000EA
:1066C0000E000000906EA00002010000C4751300CF
:1066D00048751300C06EA0005C2C13000000000081
:1066E00000000000742D1300642D1300342D1300DE
:1066F0006C2D13004C2D1300442D13005C2D130042
:106700002470A000949DA00029000000906EA000BD
:1067100002010000EC75130060751300C06EA0004C
:10672000FC771100443113004031130078791100D7
:10673000EC78110094781100F8781100AC78110011
:10674000A0781100E07811006870A0002490A000EB
:10675000E86C1300546D1300306D13000C6D1300C2
:10676000C900010000000000187513007CD2110060
:106770009C74A000D30001000000000038751300D5
:106780007CD21100D075A000DF00010000000000E5
:10679000407513007CD21100EC75A000E7000100E9
:1067A00000000000447513007CD211000876A000A0
:1067B00031010100000000004C7513007CD2110073
:1067C0004076A000DD0001000000000058751300B5
:1067D0007CD211005C76A0002703010000000000BD
:1067E0005C7513007CD211002077A000A873130001
:1067F00014651300B8EC1100C4EC1100A0EC1100FA
:10680000B4EC1100CC00000005000000C871A0002D
:10681000000000007C631300B8EC1100C4EC110010
:10682000000000000000000008000000060000005A
:106830003C77A000607313008C611300B8EC11006A
:10684000C4EC1100A0EC1100B4EC1100E800000051
:1068500005000000DC71A000000000003C65130092
:10686000B8EC1100C4EC11000000000000000000B2
:106870000A000000060000005C77A0000000000095
:1068800004631300B8EC1100C4EC11000000000018
:106890000000000002000000060000007C77A0005D
:1068A00000000000A0611300B8EC1100C4EC11005E
:1068B00000000000000000000600000006000000CC
:1068C0009C77A00000000000A4631300B8EC110046
:1068D000C4EC110000000000000000001A000000DD
:1068E00006000000BC77A000000000005065130007
:1068F000B8EC1100C4EC1100000000000000000022
:106900001C00000006000000DC77A0000000000072
:1069100018631300B8EC1100C4EC11000000000073
:10692000000000001400000006000000FC77A0003A
:1069300000000000B4611300B8EC1100C4EC1100B9
:106940000000000000000000180000000600000029
:106950001C78A000F073130004631300B8EC11005E
:10696000C4EC1100A0EC1100B4EC1100AC0000006C
:1069700005000000F071A0003874130018631300C4
:10698000B8EC1100C4EC1100A0EC1100B4EC110043
:10699000AE000000050000000472A0008074130027
:1069A00068631300B8EC1100C4EC1100A0EC1100F6
:1069B000B4EC1100B0000000050000001872A00047
:1069C000000000007C631300B8EC1100C4EC11005F
:1069D00000000000000000001000000006000000A1
:1069E0003C78A0000000000004631300B8EC110024
:1069F000C4EC1100000000000000000004000000D2
:106A0000060000005C78A00000000000A0611300F8
:106A1000B8EC1100C4EC1100000000000000000000
:106A200012000000060000007C78A00000000000BA
:106A3000A4631300B8EC1100C4EC110000000000C6
:106A40000000000022000000060000009C78A0006A
:106A50000000000018631300B8EC1100C4EC110032
:106A6000000000000000000016000000060000000A
:106A7000BC78A00000000000B4611300B8EC110065
:106A8000C4EC110000000000000000002400000021
:106A900006000000DC78A000000000000462130083
:106AA000B8EC1100C4EC1100000000000000000070
:106AB0004E00000006000000FC78A000000000006E
:106AC000F0611300B8EC1100C4EC110000000000EC
:106AD0000000000054000000060000001C79A00027
:106AE000000000002C631300B8EC1100C4EC11008E
:106AF00000000000000000003C0000000600000054
:106B00003C79A0000000000040631300B8EC1100C5
:106B1000C4EC110000000000000000004200000072
:106B2000060000005C79A00000000000B8631300BC
:106B3000B8EC1100C4EC11000000000000000000DF
:106B400034000000060000007C79A0000000000076
:106B500068631300B8EC1100C4EC110000000000E1
:106B60000000000028000000060000009C79A00042
:106B700000000000DC611300B8EC1100C4EC11004F
:106B800000000000000000003600000006000000C9
:106B9000BC79A0000000000054631300B8EC1100A1
:106BA000C4EC110000000000000000005A000000CA
:106BB00006000000DC79A00000000000186213004D
:106BC000B8EC1100C4EC110000000000000000004F
:106BD0004800000006000000FC79A0002C621300B1
:106BE0008C611300B8EC1100C4EC1100A0EC110092
:106BF000B4EC1100EE000000050000002C72A000B3
:106C00002C621300EC641300B8EC1100C4EC11000A
:106C1000A0EC1100B4EC1100BC0100000500000064
:106C2000D46EA0002C621300E4661300B8EC1100CF
:106C3000C4EC1100A0EC1100B4EC1100C201000082
:106C400005000000E86EA0002C62130064651300CC
:106C5000B8EC1100C4EC1100A0EC1100B4EC110070
:106C600034010000050000004072A0008C65130094
:106C70008C611300B8EC1100C4EC1100A0EC110001
:106C8000B4EC1100F0000000050000005472A000F8
:106C90008C65130090631300B8EC1100C4EC110074
:106CA000A0EC1100B4EC11001A0100000500000076
:106CB0006872A000746213008C611300B8EC1100BC
:106CC000C4EC1100A0EC1100B4EC1100F2000000C3
:106CD000050000007C72A0007462130000651300C0
:106CE000B8EC1100C4EC1100A0EC1100B4EC1100E0
:106CF0009A01000005000000FC6EA0007462130001
:106D000090631300B8EC1100C4EC1100A0EC11006A
:106D1000B4EC11001C010000050000009072A000FE
:106D20007462130064651300B8EC1100C4EC110028
:106D3000A0EC1100B4EC11003201000005000000CD
:106D4000A472A0000000000004621300B8EC11005F
:106D5000C4EC110000000000000000004A00000028
:106D6000060000001C7AA00000000000F061130083
:106D7000B8EC1100C4EC110000000000000000009D
:106D800050000000060000003C7AA000BC62130026
:106D90008C611300B8EC1100C4EC1100A0EC1100E0
:106DA000B4EC1100F400000005000000106FA0001A
:106DB000BC621300F0611300B8EC1100C4EC1100C8
:106DC000A0EC1100B4EC110054010000050000001B
:106DD000B872A000BC62130004621300B8EC11008A
:106DE000C4EC1100A0EC1100B4EC11005A01000039
:106DF00005000000CC72A000BC62130018621300F2
:106E0000B8EC1100C4EC1100A0EC1100B4EC1100BE
:106E10005801000005000000E072A000CC631300E0
:106E200000651300B8EC1100C4EC1100A0EC1100D7
:106E3000B4EC11009601000005000000F472A000FF
:106E4000CC6313000C671300B8EC1100C4EC110004
:106E5000A0EC1100B4EC1100B0010000050000002E
:106E60000873A000CC63130028651300B8EC110070
:106E7000C4EC1100A0EC1100B4EC1100D000000033
:106E8000050000001C73A000D4651300EC6413001F
:106E9000B8EC1100C4EC1100A0EC1100B4EC11002E
:106EA000BA010000050000003073A0001C6613004A
:106EB00090631300B8EC1100C4EC1100A0EC1100B9
:106EC000B4EC11001E010000050000004473A00096
:106ED000D4651300C8611300B8EC1100C4EC1100B4
:106EE000A0EC1100B4EC1100D60000000500000079
:106EF0005873A0001C661300C8611300B8EC1100A1
:106F0000C4EC1100A0EC1100B4EC1100D80000009A
:106F1000050000006C73A0000000000078651300FD
:106F2000B8EC1100C4EC11000000000000000000EB
:106F30002E000000060000005C7AA00000000000A7
:106F4000B8631300B8EC1100C4EC1100000000009D
:106F5000000000002C000000060000007C7AA00069
:106F6000C8741300C8611300B8EC1100C4EC110020
:106F7000A0EC1100B4EC1100DA00000005000000E4
:106F80008073A0000000000068631300B8EC1100DB
:106F9000C4EC11000000000000000000260000000A
:106FA000060000009C7AA00000000000DC611300D5
:106FB000B8EC1100C4EC110000000000000000005B
:106FC0002A00000006000000BC7AA00000000000BB
:106FD0002C631300B8EC1100C4EC11000000000099
:106FE000000000003800000006000000DC7AA0006D
:106FF0000000000040631300B8EC1100C4EC110065
:1070000000000000000000003E000000060000003C
:10701000FC7AA0000000000054631300B8EC1100DB
:10702000C4EC110000000000000000005600000049
:10703000060000001C7BA000000000001862130086
:10704000B8EC1100C4EC11000000000000000000CA
:1070500044000000060000003C7BA0001464130004
:10706000BC661300B8EC1100C4EC1100A0EC1100D8
:10707000B4EC110038010000050000009473A0007A
:1070800014641300A0611300B8EC1100C4EC1100EB
:10709000A0EC1100B4EC1100DC00000005000000C1
:1070A000A873A0001464130014651300B8EC110059
:1070B000C4EC1100A0EC1100B4EC1100CA000000F7
:1070C00005000000BC73A0005C641300D0661300D0
:1070D000B8EC1100C4EC1100A0EC1100B4EC1100EC
:1070E0003A01000005000000D073A0005C641300AA
:1070F000B4611300B8EC1100C4EC1100A0EC110055
:10710000B4EC1100DE00000005000000E473A000F4
:107110005C64130028651300B8EC1100C4EC110086
:10712000A0EC1100B4EC1100CE000000050000003E
:10713000F873A000A464130034671300B8EC1100C6
:10714000C4EC1100A0EC1100B4EC11003E010000F1
:10715000050000000C74A000A4641300DC6113009F
:10716000B8EC1100C4EC1100A0EC1100B4EC11005B
:10717000E2000000050000002074A000A4641300D9
:10718000C8611300B8EC1100C4EC1100A0EC1100B0
:10719000B4EC1100D4000000050000003474A0001D
:1071A0006466130020671300B8EC1100C4EC1100F2
:1071B000A0EC1100B4EC110040010000050000003B
:1071C000246FA00064661300F8661300B8EC110089
:1071D000C4EC1100A0EC1100B4EC1100420100005D
:1071E00005000000386FA000000000007C63130061
:1071F000B8EC1100C4EC1100000000000000000019
:107200000C000000060000005C7BA00000000000F5
:107210003C651300B8EC1100C4EC11000000000044
:1072200000000000B6000000060000007C7BA0000B
:1072300000000000A0611300B8EC1100C4EC1100C4
:1072400000000000000000000E000000060000002A
:107250009C7BA00000000000A4631300B8EC1100A8
:10726000C4EC110000000000000000001E0000003F
:1072700006000000BC7BA000000000005065130069
:10728000B8EC1100C4EC1100000000000000000088
:10729000B800000006000000DC7BA0000000000039
:1072A000B4611300B8EC1100C4EC11000000000040
:1072B000000000002000000006000000FC7BA00091
:1072C0000000000004621300B8EC1100C4EC1100CF
:1072D00000000000000000004C000000060000005C
:1072E0001C7CA00000000000F0611300B8EC11004D
:1072F000C4EC11000000000000000000520000007B
:10730000060000003C7CA000000000002C6313007D
:10731000B8EC1100C4EC11000000000000000000F7
:107320003A000000060000005C7CA00000000000A5
:1073300040631300B8EC1100C4EC11000000000021
:107340000000000040000000060000007C7CA0005F
:107350000000000078651300B8EC1100C4EC1100C7
:107360000000000000000000BA000000060000005D
:107370009C7CA00000000000B8631300B8EC110072
:10738000C4EC11000000000000000000300000000C
:1073900006000000BC7CA00000000000DC611300BF
:1073A000B8EC1100C4EC1100000000000000000067
:1073B0003200000006000000DC7CA000000000009D
:1073C00054631300B8EC1100C4EC1100000000007D
:1073D000000000005800000006000000FC7CA00037
:1073E0000000000018621300B8EC1100C4EC11009A
:1073F0000000000000000000460000000600000041
:107400001C7DA00010000000906EA0000101000093
:107410001475130010751300C06EA0008061110078
:107420000000000000000000FC611100E461110098
:10743000B4611100F0611100CC611100C061110054
:10744000D8611100B46FA0004093A0000B000000B1
:10745000906EA000010200001C75130074751300EB
:10746000C06EA000F817130000000000000000002C
:10747000C4181300B418130084181300BC181300A8
:107480009C18130094181300AC181300C46FA000CC
:10749000E095A00001000000906EA0000102000035
:1074A000207513008C751300C06EA000BC63110022
:1074B0000000000000000000446411002C64110072
:1074C000FC63110038641100146411000864110099
:1074D00020641100CC6FA0006891A00002000000A1
:1074E000906EA00001020000247513009C7513002B
:1074F000C06EA000506411000000000000000000F9
:10750000D8641100C064110090641100CC641100B3
:10751000A86411009C641100B4641100DC6FA00029
:10752000BC91A00003000000906EA00001020000CA
:1075300028751300A4751300C06EA000E464110048
:1075400000000000000000006C651100546511008F
:1075500024651100606511003C6511003065110063
:1075600048651100EC6FA0001092A000120000000E
:10757000906EA000010100005475130050751300B7
:10758000C06EA00064701100000000000000000048
:10759000E0701100C870110098701100D4701100D3
:1075A000B0701100A4701100BC7011002C70A0000C
:1075B000D092A0000065130090671300B86F13000D
:1075C00048671300B0681300D4681300F86813000C
:1075D000F06113000462130018621300247013009A
:1075E000D0661300806B130020711300F86613003F
:1075F0009C6D13000C671300BC6E1300FC7013002D
:107600009070130034671300E46D13005C6B13007B
:10761000786D1300346C1300BC661300EC64130027
:10762000110000007C7713004867130000701300FE
:1076300014651300A0611300C06D13006C7013007B
:1076400028651300B4611300C8611300DC611300E6
:10765000EC6B1300C86B130020671300E466130083
:107660002C6E1300E46D1300506E1300086E1300AF
:10767000B46713006871130044681300D4711300D9
:10768000A46B13007C6C1300746E1300AC721300B7
:10769000FC70130020711300B0681300D86713004A
:1076A00040691300D468130068681300AC691300C4
:1076B0002C6313004063130054631300286F1300FE
:1076C000647213003C6A13004C6F1300887213003D
:1076D000606A1300706F130018731300F06A1300D0
:1076E000C06D1300786D13009C6D130004631300CC
:1076F0006863130018631300F8681300E06E13004A
:10770000A86A13008C6113007C6313003C651300AE
:107710006C671300447113001C69130000701300A0
:10772000DC6F1300B86F1300086E1300EC6B1300CE
:10773000586C130090631300A4631300506513008A
:1077400020681300B0711300886913006C70130077
:10775000487013002470130064651300B8631300AD
:1077600078651300986E1300D0721300846A1300BA
:10777000D8701300B470130090701300DC6F130006
:10778000FC6713008C7113006469130048701300C8
:107790008C681300F8711300D0691300BC6E1300DD
:1077A0002C6E1300506E1300D8701300B4701300C9
:1077B000046F1300F4721300CC6A13000C6D1300F5
:1077C000C46C130040721300186A1300386B130066
:1077D000A46B13005C6B1300806B1300306D1300FF
:1077E000A06C13001C721300F4691300546D130095
:1077F000946F13003C731300146B1300586C130048
:10780000106C13007C6C1300346C13009067130031
:10781000386B1300C86B1300106C1300E86C130076
:10782000F07313008074130038741300C8741300CD
:10783000A8731300D465130014641300607313005D
:10784000CC6313005C6413001C66130064661300B1
:10785000A46413002C6213008C651300746213007F
:10786000BC621300D867130040691300FC67130063
:107870008C71130064691300E06E1300A86A130092
:10788000046F1300F4721300CC6A130068681300CD
:10789000AC6913008C681300F8711300D0691300F1
:1078A0006C671300447113001C69130020681300F7
:1078B000B071130088691300B46713006871130076
:1078C000986E1300D0721300846A1300746E130054
:1078D000AC72130044681300D4711300C46C13001D
:1078E00040721300186A1300A06C13001C7213007E
:1078F000F4691300946F13003C731300146B1300AE
:10790000286F1300647213003C6A13004C6F13005D
:1079100088721300606A1300706F130018731300ED
:10792000F06A13000400000001000243616C696208
:10793000425358004E566972740053656E736F72ED
:10794000000000000300000004000000050000002B
:107950000600000007000000080000001067170084
:10796000486F737400A91AA1AB551748656C6C6F0A
:1079700020776F726C642100506172616D202575F3
:10798000206C656E2025752074696D6520256C6CF2
:10799000752E20200025642E2054657374696E674F
:1079A000207072696E746620627566666572696EB3
:1079B0006720746573742025752E20200054686537
:1079C00020717569636B2062726F776E20666F78C5
:1079D000206A756D706564206F76657220746865C5
:1079E000206C617A7920646F672E20205468697357
:1079F000206973206120746573742C207468697326
:107A0000206973206F6E6C79206120746573742E09
:107A100020204520706C75726962757320756E75D3
:107A20006D2E2020436F6769746F206572676F2029
:107A300073756D2E202056696E692C2076696469F5
:107A40002C20766963692E0049646C650000000093
:107A500065787066000000000000003F000000BF75
:107A60008071313F807131BFD1F71737D1F717B728
:107A70006C6F67660000000000000000000000005E
:107A800042CE0200EB3CEBAE1FA4E4A1AF7B987F9B
:107A90006BC88E6D7B9DC1980232968948A410CD2B
:107AA00017CEB83C4D124F2B3211C03A421529EA7D
:107AB00000000000000000000000000000000000C6
:107AC00000000000000000000000000000000000B6
:107AD00000000000000000000000000000000000A6
:107AE0000000000000000000000000000000000096
:107AF0000000000000000000000000000000000086
:107B0000000000000000000000000000D479130015
:107B1000D879130000000000000000000000000001
:107B20000000000000000000000000000000000055
:107B3000000000000000000000000000D8791300E1
:107B4000DC791300000000000000000000000000CD
:107B5000000000000000000000000000C340120010
:107B600000406B2040090A22808F1000842BE22005
:107B700082000A22808F1300187BE22082005608C0
:107B80000000DB44A000205CAB240939DB44A000EA
:107B9000206CAB244939C6080FFE6A2080028EB8DB
:107BA00029200080DB42A0001C5C6F702220800F27
:107BB0001300B87DDD018FE59C841300C3401200E3
:107BC000804BD3701200804BE07CAB208A04E07EB7
:107BD000FAC3AEC1CB46F00034000C7014AE16AE42
:107BE00015AE00160D70A000D85E0AD84C74402562
:107BF0008F127E0C2FEBE141088D278D08B8257878
:107C000010B835B88C208F83CC20828F0000EA0515
:107C1000CC20828F0000D507CC20828F0000DD07AA
:107C200007F2018E6C2040014520C00001AE6615B0
:107C3000801006E8001E0270F0000601660DEFFEDF
:107C400080C00017C0101470C2012B005425C01C46
:107C5000E60B2FEB1AD92D8D3820420030706DC104
:107C6000351C8230D3F47015831074158110731590
:107C70008C10751582106815931072158E1067158B
:107C80009710771590107615921078158F107B1538
:107C90009E10711580107A159F107E1589106E1533
:107CA00084106F159610791591107D1585107C152F
:107CB0008710402B0B0140291403402C1511402A3A
:107CC0000D02402B032108BE402F172240280C2311
:107CD000402A022108BF402E1E32052454250525C6
:107CE00055106F7D4028080340290912C578857A10
:107CF00005270C140526CE370525CD150520C812FD
:107D000005214B110E7F4E7A8E7CCE78AE7D2F26CC
:107D1000C612422A0B015C6C9C681C6D48308000C6
:107D20000030800F75378FC2DB41803F000001308B
:107D30004006402E162207310030402F13334029D1
:107D40001221402D1103402F07010524840505222F
:107D5000C124052743042F270601C34600B80000AD
:107D60002F2606322F2006152F2146152E796E7BE1
:107D7000422F07015026D807422E1E3144BF422809
:107D800008114229091144B944BB44BE48379F0039
:107D900048369130483790104830881048318F105D
:107DA00048339E10483285004831840048348210A0
:107DB000483381004836921000370C360031872155
:107DC000003089210030081600370B1600368F313D
:107DD00000358E0100348D0100328301003102062E
:107DE0000032012642C45224CC17141CC0310C1C92
:107DF0004032041C0032101CC03248C746C64BC576
:107E000049C347C24AC140C44CC0C340A100FF7F20
:107E10000A0E0FF7410874020845F60D0FF768BD0A
:107E20000846DA086FECAF7D236EB8602F792B0916
:107E300024002DD8C6084FECE6086FECA1419A0942
:107E40006FECA14080C1C3401300345EBA0BAFE5B4
:107E500038DADAC72FD80A0D2FEB2C71F1C0CB44DA
:107E6000F00034002294C34000002E1410784F0913
:107E700021001AD8C340A000F87FC341A100FC1123
:107E80001249C34300004C090D0A720063B4BE09D5
:107E9000AFF32C70C340130000872A080000C340D2
:107EA0000000000003E8EE0E4FE5001E0170F00038
:107EB0004402920E0000D1C0E07EA60C2FEB2C7085
:107EC000E8C3A1C1084507E8860C6FE5A14005E8B5
:107ED000C8C70C70C8C7038D0D08F40040250F12E9
:107EE000C18512F0E46DCB461000CC2A0CF0046F73
:107EF000E4680AF04E2002202C705209AFF3814052
:107F000040270F1201878087147010400EF2F4F69C
:107F1000184F80C38142607E02414020C0206C2007
:107F200040001F6708E7F0F1E3ECC343D0BAAD0BA4
:107F3000C342AD0BD0BAC34100000B0A0C7060A75E
:107F400041A7021D431320B5C8C7E078E6C20C71F3
:107F5000A65ACB45A000B47E02A50C71A75A04A571
:107F60000C71C3411200E455AE5A08460C71C3416E
:107F70001200D856AF5A08470C73A65A03A50C73C3
:107F8000C3411200BC55AE5A00410C7004EE04EF20
:107F900079210000C6C6E078F1C0C34012005857EE
:107FA000AC5AC341A000CC7ED1C0E07F00A1E078F4
:107FB000E2C242213C80C3430000FFFFAD7015F2D6
:107FC00040200C07A820400400841B0881002E8C50
:107FD0000694C0B98420CF8F257D05F27070CA2326
:107FE000050055240C1C8382BB782C8CA1B9057923
:107FF0002CAC2382CE09EFF16040C2C60844422275
:108000003C804A200000E07C40210307A820C001FA
:10801000C0130104382101032578E07EEEC2CB476E
:10802000F0000001138FCB45F000400280B813AF81
:10803000128F80B812AF118FA0B811AF01852185C2
:108040004420420050210000457801A5001601702F
:10805000A000806EC340A000206C2E0ECFF6AA2098
:1080600049091A0EEFF6AA210909CA0CCFFE820FA0
:10807000AFFD0C702E0DCFFE360DCFFE720DCFFE74
:108080007E090FF110401470D8F24A0DCFFD039015
:10809000CB46F000340004B60E108020228522B8B2
:1080A000A0B9C0B8257802A502108120088F0F0959
:1080B0007F006C20400080B802F081B808AF420910
:1080C0002FF1171E83142F1081002E1082004029DB
:1080D000000245781108800F0000FFFF8C20538FAD
:1080E000C6F708F0001E4370A0009C428A20930F40
:1080F000A95A147092F2C340A000205CC341A000B2
:10810000206C420C2FEB171EC314CB45A0004C80F3
:1081100028D9C342A00054405625001C171E431501
:108120003A0A2FF7171E8315C340A000EC84C34200
:10813000A0007440260A2FF728D9C340A0000C885D
:10814000C342A000EC40E208AFEC20D9C340A0003D
:108150000C8CC342A0000841CE08AFEC20D9108F90
:1081600010D980B810AFA1406A09EFF4171EC315EB
:10817000D20820000240AB083000AD7034581043E4
:108180002E5810423E5810412F5800440240624180
:108190004242DA0A20002243870810002209CFEB6E
:1081A0000EE80B8E19085F00345810402E5800421C
:1081B00030D80241335804E89608CFEB3E0D00005A
:1081C0002FE891D8CA09AFF617AE148EA9E8820D30
:1081D000CFFF8A20080EAADA2C70C168AB22080EE5
:1081E0002B218003088FC343FA0280F0C341310181
:1081F000002DC1B8147255DCCA21C100016EC943FB
:10820000AB24081E2B210000C340A000E0420088E0
:10821000AD7109E80C750DF02AD8AD7014AEA1400F
:10822000CEC6C340A000E14200887BE80C73AB22BD
:10823000080E2B20C002F5F12ED826092FEB2C704A
:10824000E6C2CB45F0003400171D03162F884D8879
:10825000CE888C8808B908BA257E857A10BEC343BB
:10826000F00040025322C102457E3AB32CBE9588ED
:1082700053264B11D7883488568808BC08BE257C05
:10828000052681104A24407610B985792D700D712C
:10829000CD7024A3A8204102717645F20F0E14146C
:1082A0005C883D88FF889E8805F058883988FB885F
:1082B0009A8808B908BF45790527021310BA45798D
:1082C00001294102C1B934713E00210034720FF21C
:1082D00034731FF42F27BF006F233F0025830F2126
:1082E000810325A32F26BF000BF02F27BF006F238C
:1082F0003F0025831021810325A32F26BF002C7169
:10830000D87926A30FF00028811328A30BF02F277C
:10831000BF006F233F0027830F21810327A32F2650
:10832000BF002572C5716140AD5AA70830004A24CC
:10833000407111D84A210000A820C001AB20D00212
:108340000471AB2188014A24807116DC6C7123DA38
:108350000C7224D9AB24D012AB238801AB22D002FB
:10836000AB208801AB21D002AB20880117D82C7438
:10837000A820C001AB20D0020471AB2188014A249F
:10838000C0701DDC1EDB4C731FD8AB24D012AB2198
:108390008801AB23D002AB228801AB20D00215D8D4
:1083A000AB218801A820C002402002044220010421
:1083B0000471AB22D002AB21880128DA07D90C71F5
:1083C000AB22D002AB218801171D4316C6C6B0D917
:1083D0000C7034ADC6C6E078EAC230410E7136E9A1
:1083E00040200F07AD7045DE01871D089204290863
:1083F00090042F0850083B089108001F801FA00020
:1084000008411CF012E82B085104001F801FA00037
:10841000544014F0001F801FA00074400EF0001F95
:10842000801FA000EC400AF0001F011006F00E7043
:10843000001E8273F0004900FA0FEFF6E140A571CB
:10844000A90D649455270F1C0240CAC6F1C0A85A52
:1084500014700C7107F429DAC341F00048000C7065
:1084600040A9D1C0E07EE078ECC2504230411040DB
:10847000CB45F0004B002040404160428043D20F8A
:10848000EFFF001D831614700C704FF2C342A00062
:108490005440224042411E0BEFFF001DC316C34251
:1084A000A000744022400E0BEFFF4241CB46F0008B
:1084B0004002C341F0007702E0862D10832000893E
:1084C0006C20420053234000457800A9024022411D
:1084D0004242020A2000001D031728BFCABF0DE850
:1084E00002402241BA092000424205E885270710D0
:1084F00003F08527031022414242F6092000001DA7
:10850000431760868A2118001470C5274210462739
:10851000021008BA0423810FF8FFFF000C7145799F
:1085200020A6001D8317CCC6F1C0C3401300F08FF6
:10853000EA08CFFE83E8D1C0E07E260EEFEA2C7178
:10854000E2C2C341A000E042CB45F0003400C3408A
:10855000A000E14200190300171D4314CE0FEFFFE6
:1085600000184300BA0ACFFF05E892D80E08AFFE04
:1085700017AD148D83E820D814ADAFD817AD40588F
:10858000EEC2704350413042830B30001040AD705A
:10859000D76D2276C14035580B0895003E1E8310DA
:1085A00005F00B0854013E1EC31F198E40260F17FD
:1085B000C1B823087100E140019717E84830000076
:1085C000C3411200644BC142B25A2308330001AFC9
:1085D0001AF002419E082000424209E80041008052
:1085E000FEE8C0A103F0011FC31F28860CE9211675
:1085F0008010C1B814720C7005F42F780241424209
:10860000335808A6A5718D0DC4940240CE0DEFFF1E
:1086100042415B0B30201042ED70CD7011F03558A7
:108620001040A1403A5835580C2000A0E14056F7C0
:10863000A1403A5835583E1D02100C710EF0176ECD
:1086400000210DA009F2A1403A5807E8198DC1B8E0
:10865000CF087180A140E140C57172763C26CF14ED
:10866000CA262610047FADF7EBE84240CEC6E0787C
:10867000E2C261880845402B80074228BE870E0071
:108680002400808D81403D5807F0C1BB0B0BB10029
:108690000C708140335800A5C2C6E0788D7017EA8F
:1086A0002D108300270B70000A2480703C49C342C0
:1086B000A0000841A820C00220800F098100348852
:1086C00007099F008D715520000CE07F8140E07804
:1086D0002D1080000F085100C340A000544021011C
:1086E000CFFFC340A00008411501CFFFC340A00049
:1086F00074400D01CFFFE078C342F0004B001BD95E
:108700000C70001AC307AB21D002AB208801C34014
:10871000F000200120D926A020A06F26FF0590D9C7
:108720000C71E07F20AA00002B66000000004C09BD
:108730000000000000000000000000000000000039
:108740000000000000000000000000000000000029
:108750000000000000000000000000000000000019
:108760000000000000000000000000000000000009
:1087700000000000000000000000000000000000F9
:10878000F04F010000000000DC3901002E14000051
:1087900000000000F00000000000000000000000E9
:1087A00000000000494E4903543B1100D4791300E6
:1087B0000500000001F87EA000000000D879130039
:1087C0000500000001D87EA000000000206CA00081
:1087D000B8080000002000FC231000CC0204542242
:1087E0001000B4FF1100B8E200001000AC0012004D
:1087F0004036110018A01100503900001100043A51
:10880000110084A11100F4A31100AC5B000013005F
:1088100004A4110000A21100801D1200281E0008EF
:108820001200581F12002C0A1200040204F409124C
:10883000000200DC02040C6C1200A4011200E8002B
:108840001200B8670000120068041200B49F110003
:108850001080110098050080120078021200FC5D63
:108860001300804B1200C002040CA0004C027402E2
:108870000434271000004D12002002044002042C92
:10888000088C5702240218C002049C2410006002C5
:108890001494391300A0208C131100A00204B80214
:1088A0000494AE11003C0204F47E80B211002C1A34
:1088B0001200B00204BC0204541B02840204180219
:1088C0000C0498146B0270181200D819120094034B
:1088D00010020CF0170274412002F4FCFD12008417
:1088E000025CAC171300E413025C1413140400C000
:1088F0000208280208789312006C0204AC2A1300C4
:10890000D409000220347502646911000C9212002F
:1089100054671000C01014661000E00208FC6810D4
:10892000000C02084C020820691054150068020867
:10893000D802042C0204140204300244500204142D
:1089400097124010007055130088020448F511007A
:10895000C012404024121404004C0204600204CCF3
:10896000261200F0020430271200A805150204C8E0
:10897000020400291200980204EC0204FC020450D4
:108980002A1294A000600204DC0204C437122C5E98
:108990001200EC681264380208410502049439128E
:1089A00000A00204B80204C40204883A1200AC41D8
:1089B000190204243C1200BC0204A40268E0310243
:1089C0006802040432129455001402048002040068
:1089D0003312D0021C300204340204580288A895D5
:1089E000590214D80204FC0204003512EC020430CF
:1089F0003612300204940204DC55A50204080284F5
:108A00001002041C0204400204900204D477028481
:108A1000F312EC2210000D01C06EA004117C75133E
:108A20000048761268771300002014A6A0000330D7
:108A300000006F00403E000201CC180102021C90B1
:108A4000A00054A8A000C8063014A7A0000100048C
:108A5000EE0050021F00FFFF00000403090A040398
:108A600014030A10030B03140FFC0234030B080455
:108A7000031404004000008008130F500419052857
:108A8000040B0F05FFFF0F100F100F100F100F102A
:108A90000F1004900B15038C03100708030C03043C
:108AA0000F100B10070CFFFF0F0803100304034007
:108AB0000304030C0304070C03080704071803103E
:108AC0000F0C03140B040B20FFFF0B180F0C0F10DF
:108AD0000F100F100F100F100F100F100F100F109E
:108AE0000F100F100F100F100F107FF80F100F1036
:108AF0000F100F100F100710136004000010020277
:108B0000071324280F140528EFEF2FE033300F143C
:108B10000F1400065032195283076505500F1406D2
:108B20003C080726073C02647DDE0F14000F140F7B
:108B30003C073C02640E3C05000214020307660376
:108B40008C0503500F14FBC00F144220010735069B
:108B500008033C0F14031404000002000806250259
:108B600007DFF803140F2803140F280614080F3C1E
:108B700002280800200249060308280F140620FFD7
:108B8000FF07070528122C0EDC4FAC052807360519
:108B90000805140F3C16680F50053308060F3C03F8
:108BA000190FA00F14031402041417A86FA00018C3
:108BB00071A000B00208AC02040E00540204021CB2
:108BC00002F7000070A1A000ECA0A0008070685522
:108BD000A00078020480051C0438B8020C2002387A
:108BE000C00208BC020456AB5A020407388002389F
:108BF000C802105A02045802044C0204071C9002D6
:108C00001CF855550254900250880204840A1CA096
:108C1000021C280254D40214D002045CAB5A020491
:108C20000738C0021C40021CE40214E002045E0289
:108C300004071CE0021CF0550102046002205802E7
:108C400004F0051C0502200010A3A00010A2ABAA8E
:108C500002C40218780204FC0A1C24021C20021C14
:108C6000900218880204040290AB5A023404383887
:108C7000021C30021CA002189802040C051C1418D7
:108C800040021804D5AA0270A002149802048805B4
:108C900054041C50021C10021CB00218A8020456F6
:108CA000B58C051C04544C02541C021CC00218B89C
:108CB000020490051C0438600238AAAB1802146242
:108CC00002146002044D0204028C74032802341C56
:108CD000021C660214BAAA6402044E0204021C04B6
:108CE0003870023828021C6A02146802044F020419
:108CF00055AD071C80021C34023CD00220C802047F
:108D000094051C14C03002103402046A556E02141B
:108D10006C0204500204073890023838021C7202B8
:108D20001470020451AB5A0204071CA0021C60021A
:108D3000C8E012C4D40204700228071CB0021CA8A8
:108D40005555122C440214400204740A38C0021C07
:108D50004C028CF00218E802049C55550A1CD00203
:108D60001CB002385002184C0204760A1CE0021CA7
:108D7000B8021C5C55550218580204780A1CF0020F
:108D80001CC0021C6402186002047A0A1C0055E32D
:108D900002A46C02147E02147C0204520204350800
:108DA0000100EF425002B40403E3FF1445020A3C01
:108DB000E71156300F20021D02030F200213040397
:108DC0000740030D0F6003149FF907200F40031C99
:108DD00003040F2004000F80032600000F40051637
:108DE0004314070A5778FFFF0F4005200F40051670
:108DF00009400F200F2003100FE003140FC00FC015
:108E00000F200F200720034CEFFF0F6003140720F3
:108E100007A0051F200325060403400F2007400379
:108E20002303200F8007200760FFDF0F200F200F94
:108E3000200F200F2007200F8003100304072007B6
:108E4000800FC0072010C2A803C0FFFF0F2007201B
:108E5000034C0F2003140F200F400F200FC00720DA
:108E600007A00F200F200F200720038CFFFF03A077
:108E70000F2007200F60033003040F200F400F2046
:108E80000FE007201F40035C03040720030CFFFFD3
:108E90000FA0031407200FA0031C03040F200FA032
:108EA0000F200F200F200F200F200F200F201F005A
:108EB000FFFF072003AC03E00F200F200F60072007
:108EC0001F00035003040F200F400F200F200F201E
:108ED0000F20FF2B0F200FC007201FE0039C03046F
:108EE0000720030C0204080FD86210B06290D4A4CB
:108EF000A857A000940204386248300204022403F8
:108F0000030828E80228D002285450AFA5A0001476
:108F10000204500224480204032502040828F40233
:108F200028006290AA57D402249402047002246894
:108F30000204022403030828980228400250A4D502
:108F4000AB62A0740204E062A4D802040325020408
:108F50000828A0022858022804029C6A55D4022836
:108F600000024CF80F280231A4022864022864028F
:108F70002834020410BD3F0228080204021B0F031C
:108F80000C10FF02010C110F0D0A1023380A0F08F4
:108F90000B50B8000612009C821100D44A1252965F
:108FA00008170050CA1200FCB1D4C90904031A847E
:108FB0007503090F0406109321F47E13060E0F07A4
:108FC00000B49748A3F85C12B2DEF000036DB00461
:108FD00051090CA001F0B4A7A00718B5E4C20480A1
:108FE000030C08C2FD1256E8030C00A0025904004D
:108FF000053C02180256E3210518B3CD8000480451
:109000002402230303937A020000800E04F0D5109B
:1090100000A000F0DF0204E9A0000B0B070B020622
:10902000030D00000D090D0208051F1F131D06107A
:10903000072525150000250614097965695D146268
:109040000B79777777140000760D00000E0E090E6D
:1090500003080411110B110300000A072727192424
:109060000908092F2F1A2F08190C00C0987F847443
:109070001A7B0E989595951A9411037D05040000AE
:1090800027CF449F60C40000C47712000000000096
:10909000000000002B66020002004026918C22791D
:1090A0002A7140658778406FBDBA7D4B1EBF8E9098
:1090B00088A04D1733D692076C4EF18C000000004B
:1090C0008A43392136E9E4A34BC9813B762CE5F08C
:1090D000482327F0000000008911E8CAF0B3EADF56
:1090E000B37EF2D4310CF588BB02A30948DA000044
:1090F000A3D54F03000000004C0900000000000051
:10910000F00000000000000000000000195B391CA6
:10911000040000002B660200020040260000000050
:10912000000000000000000000000000000000003F
:10913000000000000000000000000000000000002F
:10914000000000000000000000000000000000001F
:10915000000000000000000000000000000000000F
:1091600000000000000000000000000048DA0000DD
:1091700000000000000000004C090000000000009A
:10918000F0000000000000000000000000000000EF
:10919000403D140060421400C841A100084AA100EB
:1091A000084AA100885EA100885EA100085FA100B6
:1091B000703D140000801400485FA1000080A100F1
:1091C0002C421400349113005C911300449113005D
:1091D00027CF449F60C40000C342F0004C000082CF
:1091E00021680C70E07F20A26844C343A100C01F27
:1091F000567B408361830A2500010101E00481441C
:109200006044C343A100C01F567B40832D07600408
:109210006183E078E4C27608200008460477690894
:10922000B400C9452C703A092000C14059F65226B5
:10923000CE17F20D6FF0C140C141820920000845F0
:109240003FDE18BE1A092000C14188F64F26C1151D
:109250007E092000A14008455225CD1714F0C60D07
:109260006FF0C140C1415609200008453FDE18BEDD
:10927000EE082000C14188F64F26C1155209200092
:10928000A1400845A140C4C6E2C208455020FE875F
:1092900008F232082000A14014700C7104F2C2C61A
:1092A0000C75C2C62A082000A14014700C72F9F592
:1092B00036082000A140782000000473C2C6E07880
:1092C000BFB83820800F807F0000E07EFFDA17BA39
:1092D0005320810544787921010038208000E07F07
:1092E0002478E078E4C208455020FE87CD7016F25D
:1092F000D6B80425811F807F0000792002007821E4
:1093000000004B780AF4BE0FEFFFA14086E8C20FC1
:10931000EFFFA14078200E00C140C4C6307007F2B4
:109320003B791B78E07F05207E801B78C34100FFDE
:1093300000003070E07FCC200E805320BE8517F2F5
:109340000C712F200300E07F422040805321BE8516
:1093500012F2F8F1084420408141E078CB44807F4C
:10936000000006243E90D607E1FF06247E90E00729
:10937000E1FF084407207E802000040002204C808A
:10938000E07C107007244090E120C307CA20618070
:109390000C71E07F2F2003801B783B7905204080F3
:1093A000E120C107147040244C90E020C3070C71E9
:1093B000E07F2F200380E0780720800F00800000EE
:1093C0000D0000000721810F008000001A603B6142
:1093D0007072CA220500CA204500CA218500C34414
:1093E00000FF0000402C85001424020014244300D8
:1093F000B072CC234E81CA000D004128C20541291C
:10940000C305744AC7BC99E4E120CD0707207E80DC
:1094100040280002402901029FB89FB9380024006B
:109420000129030300230380C2226600C023C680F3
:109430002F23C400412B0082402AC205E120C60729
:10944000586051200080D323A181D3210183E07F84
:10945000C02062000E2303802E0023000C70412BDD
:10946000008261BA402AC205E120C6075860132174
:109470000183C079CA21610004210180D323A18125
:10948000E07FC0206200E120C1075322C5012F28E0
:10949000C1000471002B03000E20408184220400CF
:1094A000C0206100C12B6100B607E6FFC52206009F
:1094B0004E204000012B0300A707EFFF44712F222D
:1094C000009041260470000000004E0201002F238E
:1094D0004090412605700000000008000200E07E78
:1094E0000C238092004210000E0020404041804238
:1094F000A04440452F260000412E068653208805B3
:10950000CF20E215140002002F2A010267BA0028BA
:10951000881061BA022686002F274000412F078657
:1095200053218905CF21E215140002002F2A4102A0
:1095300067BA0029891061BA022787008C26C38F79
:10954000E40121008C27C38F160221000226CB01E3
:109550004C234096627B08000C00E07E4223829000
:109560002F20001228000100140009002F214012B2
:109570004022428019002000C0214B124A220018CC
:1095800002228A1000298312012989100C244081AB
:109590002F200012FA000200002048120420BE9F73
:1095A000000400000E000100C4712F200292C523A8
:1095B00065004420BE90260021007470CB2061918C
:1095C000C020A210160001000420BE9F000400006D
:1095D0000A0001002F200212C4712F2002122F2036
:1095E0000212D47022000C008C26C38F8E000A0059
:1095F0000620801F80000000402EC2054578947030
:10960000CF20E207E07E02268271000000004222A5
:10961000428036000C0074701C0002004D77A0E2FE
:10962000C2228A1208000A00002A8A108722FF1F1D
:1096300004208312A0E2C2200A120A000A000128B4
:1096400088100B000000C0200B124420BE901400B4
:109650000100442042110522FE800800010005722D
:109660002F2002122F200212022686010420809F42
:1096700080000000C0266200BCF18A26C30FCB40E8
:1096800080000000B6F18107EFFF022000120220E7
:1096900048120420BE9F00020000C02001121600E4
:1096A0000200422646000420BE9F000200003E0049
:1096B00001004420BE903600210044207E90C0204E
:1096C000A2101800020074702200020044203E9193
:1096D000C020A210160001000420BE9F000400005C
:1096E0000A0001002F200212C4712F2002122F2025
:1096F00002120C20809F80000000EA06CAFF15704D
:10970000C3F32F2A010267BA022686800028881038
:10971000F606CCFF6EF1D371008000003C70CA20C9
:109720000100E07E0C20809F800000000600010008
:10973000E07E8C27C38F08000100E07E0C21809F13
:10974000800000003C7008000100E07E0C24408195
:1097500006000200E07EC340C07F0000E07E2040A3
:10976000E07EE078E6C055200308601001017C101F
:1097700008019E804583002048103C8000248B1007
:109780009980DD804383A083E4835961BC64FE66D5
:10979000552102085524011855260C1828BC5523BC
:1097A0000F18907E28BF28BA8C26829C54002D006A
:1097B00028B9A2839B8004130B007A80BC645524D3
:1097C0000C18842C041061732F2008025523030801
:1097D000FEE062002D0028BBF07D970D3516BDE040
:1097E0000E010D003079AAE1C0012D009AE0AA0215
:1097F0002D0034748803260050780CDA8CBA64F09B
:109800002F2008028C20038760002D008C20C2824C
:109810009E002D008C26C39CFC002D003078F07932
:10982000C3400000E731C3420000FC258C21C984FD
:1098300048F030798C21438A90002D008C21828061
:10984000F2002D00507A8C225F8498012D008C202C
:10985000C28B5C022D008C229F8138032600D5E14B
:10986000C34200003B5330F0E8DA8EBA2CF0307C73
:109870008C24C891F0002D00A5E570012D00E3E0D7
:1098800034022D008C24C49D16032D007078D370F3
:109890000000C00AF6032D005079C34000006E4856
:1098A000C34200002B28D371000011080AF0307960
:1098B000C34000007F22C342000018328C21D680B2
:1098C000CA2205005078C6C4707BC10B850F00000A
:1098D0004C0B8C20848324010D00D3730000720A8A
:1098E000C34000008555C3420000B247EAF1507AF8
:1098F000D37200000B0818012D00DBE0D0012D0011
:109900008E788C20B480A2022A00D573C342000056
:109910000315DAF18C20908E14012D005079C3408C
:109920000000A230C34200009723D3710000111041
:10993000C8F18C221F8800012D008C20C28DA60149
:109940002D007078D3700000E60C80022D008E7818
:109950008C20498740032A008C22DF81C34200000B
:109960007C54B2F15079EF09850F00002A09D371B8
:109970000000AD0876012D00C9E0C34000007B194E
:10998000C342000050599EF18C208286E8002D00D1
:109990008C21448850795EDAC34000007B5A8DBA2E
:1099A000D3710000A40A8EF1F9E152012D00507A22
:1099B0008C221F8E1C022D007079D3710000670C61
:1099C000E4022D008E798C22DF82B6032D008C21DB
:1099D000C586C34000002F12C3420000DD445BF087
:1099E000C3420000275170F1AAE02A0126005079F5
:1099F000C3420000C72A68F1D3730000160B300180
:109A00002600F079C3420000C7515EF130798C2105
:109A100003812C012D00CBE0C6012D008EE59A02BA
:109A20002600EBE1C3420000F7564EF1C3420000AE
:109A30000F304AF194E618012D00D571AE012D00CA
:109A40008C20C385800226008E78C3420000E85433
:109A50003AF18C26429300012D008C24D09496017B
:109A60002D0073DAD3710000A90DC3400000042754
:109A70008DBA28F1F2000D00F07890E07E012D0003
:109A80008E79C34000008543C342000035558C21C8
:109A90008F8E6D0300005078D37000004C08660173
:109AA00026007079C3420000E4570EF1C342000063
:109AB00063510AF15079C3400000E354C3420000EF
:109AC0007322D37100009E08F905CFFFB570D4F260
:109AD0003078E7E0A8012600D574C3420000EB52BD
:109AE000D8F0C34200002852D4F0DAE6C3400000A8
:109AF0008B2BC34200000735D4F0D5721A012D001C
:109B00008C210288C34000007F18C3420000A613C6
:109B1000C8F0D37100000A0810012D00E3E0C34033
:109B200000004325C3420000FA49BCF0C3400000D6
:109B30002B47C3420000F45598E1B4F0E1E0C34084
:109B40000000FD18C34200007558ACF0C34200008D
:109B5000D044A0F08C254699C34000007632C34221
:109B6000000012259EF0D70EB5108C20C683780118
:109B700026008E79C342000048448CF0D370000068
:109B80004D08760126007079C34200001A1282F057
:109B9000780126007078C342000081527AF0C342F7
:109BA0000000D01A76F080012D007078D37000008C
:109BB000950CE8012D008C229F81C3400000B04924
:109BC000C3420000BF176EF0C34200008D5162F027
:109BD000A9E068010600C34200006D145AF0B57098
:109BE000C5F2C3420000C65254F0C3420000A45262
:109BF00050F0C3420000152C4CF0C3420000F65751
:109C000048F0C34000002155C3420000C814D3717E
:109C10000000B20B46F08C210388C3400000F625FB
:109C2000C342000075173EF08C24469320012600A5
:109C3000CAE5C34200005C212CF0D3730000B90BCD
:109C40001A012D005079D37100008B0866012D0098
:109C50008E788C20CF8994012900D6E0D00129008C
:109C60008C207581DE012A008C203A88C3420000D6
:109C7000044310F0C342000087160CF0C3400000FC
:109C8000D458C342000076560CF0C34200000F23A4
:109C90003504CFFFC3400000F652C34200007A12E1
:109CA0002104CFFF8C21B48A12012A008DE0C34227
:109CB00000005312EEF1C34000007B50C34200008D
:109CC0000E24F0F18C20CF82000129007079D3712D
:109CD0000000060B1C0126008C203B8AC3420000BA
:109CE0002F51D8F1C34000003D45C34200005254FB
:109CF0008C213E8884F0E4DAC340000009588CBA15
:109D0000D3710000CB0BCEF1C908850F0000E00C29
:109D10008E79C34000003551C342000022128C21CD
:109D2000078D6EF0D3700000E40AC34000005D446C
:109D3000C34200002F5AB6F1D37200001008C3408E
:109D40000000B114C34200008E58ACF1C3400000C3
:109D5000282BC34200002023A4F18109850F0000B5
:109D60000308C3420000675494F1D3720000360820
:109D7000C34000000858C34200003B5492F18C21BC
:109D80003688820029008C213482C34000000816E6
:109D9000C3420000834534F030788C2002866E0088
:109DA0002D00B4E0C3400000F218C3420000314966
:109DB00078F1C34200000A486CF1C340000023144C
:109DC000C34200008D426EF1C3420000DE5162F1D9
:109DD000C34200007B505EF18E7A8C2202843600F2
:109DE0002A0083DA07BA56F1C3420000CD5752F178
:109DF000C34000007E56C34200009445CA220B00B7
:109E000048F1C3420000A61444F1C3420000AB185D
:109E100040F12509850F000031088C20C581C34021
:109E20000000A245C342000031513CF1C342000092
:109E30006F4230F18C20458F4CF7C34200001C422A
:109E400028F1C34000003854C3420000A346D8F1B3
:109E5000F078D8E00CF7D3730000D70CC3400000B3
:109E60009F44C342000041575902CFFFC342000044
:109E7000BD425502CFFFE078F1C0C3411300E0A11D
:109E8000E6092FF30FD8C341130034A26E0A2FF353
:109E90000FD8320BAFFC9AD8D1C0E07EF6C3A4C174
:109EA00055208F0960870846029F3042216B20A70A
:109EB0002C71BA0A2004504302B7F20EA00462408B
:109EC0002F2606F00E00230000B6C3400000FF7FDF
:109ED00000B6A21600110E705F200D0700258D132D
:109EE000F523012440174611DA164511D216441104
:109EF0007E9FD6164211162600140209A00430E0F7
:109F0000170832048C203F8C14260014CA1040011C
:109F10003108130008F016F614260014CA10400188
:109F20002108520060154011420A20042C71601D66
:109F3000041014260014CA1001013379CA18440011
:109F40000671A108D4A0209E2E70A21617112240DF
:109F50008BB8720A20040BDA1044AE70402416321B
:109F6000021E0410F523402508DAAE0A20048241BF
:109F7000142650150418042008451496142641256B
:109F8000A0B184E82A1844234020802AC34100005D
:109F9000717DD208A004A1422A104021A6710C7D37
:109FA000C50DF4A00021512300218D2F0000004099
:109FB0000E702FBD281E45100A1E441314260114CE
:109FC00082C03599F5201104AE784E0A20040DDACE
:109FD0000041A20A2004224080C11421010406711C
:109FE000DD08F4A000B15F270D2780C0DD65BE0D40
:109FF000A00464151010A216011123B8002002203D
:10A000005F2101072E700A24C02459A500264D1097
:10A01000420DA004021440253A8526713860F509E6
:10A02000F4A01AA5A2160B114A24C0700E70C342E8
:10A03000A100AE4162430C70A8208002021201050B
:10A0400002134C05F5234120897938605F230D17F1
:10A05000802010004BB8DD653B8538606C1D00101A
:10A060005A208022209ED860E2104601E41045016B
:10A07000DC104401DE104301E010420116260014FA
:10A080007A0F6004542000090C78152501145C81B6
:10A090008020100006712BB85860C908F4A01CA1DC
:10A0A0003C9702975F0864002C71C2082004049F4B
:10A0B00010792F09B40004B7AE0EAFFFC1400012F3
:10A0C000012100422CB807E95526401A420E200013
:10A0D00042419E1601110B0900009E1E0410A2169B
:10A0E0000011047110793471CA202D005F2001071E
:10A0F000A21E0410D9616E0B20005421000C041F15
:10A100000510D6C7E2C21608200028450A0820001C
:10A11000A140C2C6C9050000EAC3A3C11040552032
:10A120008D090C702C1800202818002002A502B5FB
:10A1300000A5001804202E0B20005420002C260B14
:10A1400020005420802FB60D20005520402A4A249C
:10A15000C070FFD9024080DA08B980208302301D28
:10A1600085125CB59E184420A820000102185500F5
:10A17000C3410000033FC340FEC00000C3420000D3
:10A18000053EC3430008000837A516A5D61844208D
:10A1900030B88A214502CB400000A567CB430000C0
:10A1A0005CCE8A219C1B2E70CB47D3F8E863CB464C
:10A1B000F5D64901CB4492024901601D8410DA189A
:10A1C000842042C341C31EB55420002940240632D6
:10A1D000402407318A228A042043C3440000E863F4
:10A1E000C345FFFFF5D6EE180422541DC412EA1829
:10A1F0004422501D4414F3A5D2A591A5401D44143A
:10A200006E0D6004D218442454154511EE104421FB
:10A21000E610432150154211EA1041215420002A32
:10A220004024063240240730460D6004001C4034B0
:10A23000F61045216015441158154311F2104221C2
:10A240005C1541115420002B40240632220D60047D
:10A250004024073040200E2C40154511DA104421CF
:10A26000D21043215E9DD610412140240632402465
:10A270000730FE0C6004C1402671E109F4A008E635
:10A28000CAC7E078E4C248454D087100CD7049095D
:10A290003403001B05032C700CDAB20D6FF2A140E1
:10A2A000C341A10008170091CBADCAAD00AD28B8DD
:10A2B00001AD0191CD7102AD28B803AD029104AD9D
:10A2C00028B805AD039106AD28B807AD049108ADD7
:10A2D00028B809ADC140C4C6E6C000474F087100A8
:10A2E00020464B0E1403C18AE38A658A078A091245
:10A2F0008800A08A228A848A06128B0008128900AC
:10A3000008BE08BF08BB08B840280812C342A10015
:10A310000817C57DE579857B0520C00205204C1214
:10A32000A0B221B262B203B284B27D2601037827C3
:10A3300040002478C6C4E0786A24801251248093B7
:10A34000E020820F12000C92CB4400004E003E79B8
:10A350006A24801251248093E020820F1000C0668E
:10A36000CB44000050003E796A248012512480932F
:10A37000E020820F10000C67CB44000053003E79B0
:10A380006A24801251248093E020820F12006C9383
:10A39000CB44000049003E796A2480125124809306
:10A3A000E020820F12007893CB44000048003E79F1
:10A3B0006A24801251248093E020820F12001497A7
:10A3C000CB4400005C003E79E1C5A2918480412D20
:10A3D000411250746C2182000EF42490170A65001B
:10A3E0005449C3BD0F0D0213269044B064A02471DC
:10A3F00026B0C2C4FFEC84901D0A0403279007E92D
:10A40000412D0112C3B9110C451008180500101890
:10A410000100C2C444B064A0C2C4E078E6C3A1C1D4
:10A42000BF8040200E0728474024C2302FD96C71CE
:10A43000C1407A09E004031CC3318025C5135227AB
:10A44000001000AD031C02304024C2303AD96C71B8
:10A450005A09E004C140260A6FEF64D8C6C7E07805
:10A460004A24C0702C7023A022A021A0101815002F
:10A47000A820000104181100E07EE078E4C3CB4579
:10A48000A1000C1F2846608121853B09E000A1C185
:10A4900040853D21CC0030739962C6F71709840FBF
:10A4A00001000000D3710000FFFFCA212D002042EF
:10A4B00020A510BA796240C1360A600480C10086C6
:10A4C00001A50C70C4C7E078F1C0260A60042C70A6
:10A4D000D1C0E07F0C70E078F4C22846209170442F
:10A4E00008454129830153214B000196C1BB757377
:10A4F0003042CA23A110CB44A1008441090BB10012
:10A5000081419C4C7470726802F4B84CF522C2020E
:10A51000041610114128D50104238F0F0000FC0FF1
:10A52000320E20042C4D8795104104956595429D6F
:10A530007924011040259312402516110471796188
:10A5400004B51D0A630425B50195F4780E79160843
:10A55000A00422404C726C7102B511F0239D910948
:10A5600063204128502201951720C0030E79EE0F79
:10A570006004224003B54C716C72A1404E0EEFFF97
:10A58000C1410E70026DC341000071FD2242CE0E2A
:10A59000E0036C259520419DCB460000C3F5C240E9
:10A5A000BA0EE003C1412195029DF961AE0F60042E
:10A5B0002E79419D02B5066DA20EE003C1412195A1
:10A5C000039DE2799E0F60042E7925950B083120BA
:10A5D00003B517094405412A92203D214205442232
:10A5E0004020490A0500AD70B078D4C6107A6C20BE
:10A5F00081200B098500048533E8029624B8C3B88E
:10A6000038608508A5800E7006952DE8209623B940
:10A61000C2B91309040084EC001B0424016C0E7100
:10A6200007B5081D051024F06795290B15012108B1
:10A63000A100496B0C7158780B200085084508F281
:10A6400013096505012CFEA0D0F505F09B09448592
:10A65000AD702C700ADAF6096FF26240C6F124B5CB
:10A6600091F10485081D041402E824B5101D0110A1
:10A670000C1D051088F1E078E2C20845009085E8DD
:10A68000260820002040184D2C7014DABE096FF205
:10A69000021D0510C34000F80008001DC51001A5EB
:10A6A000C2C6E0782DDAC343000064688EBA76D95A
:10A6B00062B041B0E07F20A8588888E2E07D108039
:10A6C000E07F00A16A24801251248093E020820F51
:10A6D0001000B8E2CB44000004003E79C342000001
:10A6E000660A8A215B0806188502001845000818CA
:10A6F000850242B0E07F21B02C702418850222B080
:10A7000021B00618150045016FF21EDAE8C261910A
:10A7100028475322C10208460F0B6500412A100347
:10A7200000961B0801208C210C8D48000600046E49
:10A730002C701A096FF20CDA1CF0029713086500EE
:10A740001426011402960E70047102B612F00291E2
:10A750004A2440710E71047102B144974026801161
:10A76000A820C00102100105C709858006710E707E
:10A77000249702963D0865002F210884A09649F28F
:10A78000019614260210101A040404714397107BDA
:10A790000B0BA40001B6021E0510310961031296CD
:10A7A00004711079090A650012B652B60A4531F0F3
:10A7B000AD70066E2C701EDAA2B6A1B68E086FF2CE
:10A7C000A0B6039712B625F089685D7990783F08A6
:10A7D0006500402609146C7042223C800C700DF21A
:10A7E0002F20C81021410C70A820C00102110B05B8
:10A7F00038230F12F8609079107808204C80CA2511
:10A80000C91064717078D508948192B6A0B6B078FA
:10A81000C8C6E078E6C3A2C1BF80CD701CE080C28C
:10A8200074D96C7561C69A0E200440C621C20C70A2
:10A830003B0ABE012C7001148E3003148F300214B9
:10A840008C304422010C44220003402A83030AB9BD
:10A850000CB806BE566F06BCC57B457985786E7A06
:10A860002E790E78DE6A46B946B8981D5C10971DA1
:10A870001C10961D9C13C6C7F0C2E20EEFEF0847EE
:10A88000660AEFEF10421044AA0EEFEF9AD8CD708F
:10A890006E7005E8220DC00310434A2000268A216D
:10A8A0000120AD702F0D0515332200241B08100266
:10A8B00017085200302241245021FE8705F2C208B9
:10A8C0006FFC0F7807E85521112855201028A57135
:10A8D000EAF1118F0DE8043380AFCC3DCDCCC8F642
:10A8E0000D0D241580DE188F07085000FFDEC140D3
:10A8F000D0C6E078E4C3ADC12845084680C02C70BE
:10A900004A0F2FF234DA290DB41080C18C25029041
:10A91000CC25829F0000FF0009F4C340484200009C
:10A9200042C080C1AE0C6004C140C4C7C140A60C87
:10A930006004081C0130CB45A100F81E008D09E819
:10A94000226D00A9C140AA0D200401190300C341D2
:10A95000A10008171C49B20FAFFF011D0310C4C7A7
:10A96000E8C200160070F000440235081E00FA0A22
:10A97000CFEF6A09EFEF10400847CD714A2540102C
:10A98000A1400241DA0AEFEFE14206E8088013082D
:10A99000B00431D8A571C0E5C571B4F7C8C6001EB2
:10A9A0008473F0004C00220DEFFF2C71E4C23F8055
:10A9B0000845B91080004181C281C6B8B91D021096
:10A9C00005EAB912C00025081200560AA000A140ED
:10A9D00007EE0F089100B916C010110812002C7470
:10A9E0004C70660FA001A1400C70C4C6E4C20845BB
:10A9F000B910C000330812001F852180C28006E90B
:10AA0000B911C00023081200160AA000A14008EEE8
:10AA10000D089100B916C0100F0812002C744C716B
:10AA2000260FA001A140B91581100C7087B9B91D7E
:10AA30004210C4C61F805620800BE07F0088E0785B
:10AA4000F81CC8B71CE01F09B000061C05301F0920
:10AA50007000402482314C7095E94024823171D9D4
:10AA600006F04024823173D902F072D9520C2004CE
:10AA70006C720714C0300F7A1470C5228B0F00005F
:10AA800000FF08141F34E07F4040E0781F80E07F23
:10AA90005E1000061F80E07F5A1000061F80E07FD6
:10AAA00059100006EAC3A2C1BF8370415040284735
:10AAB00088E0CD7092F2690850016F08F0011471BE
:10AAC00091F40010002123DE14761A0125002C7069
:10AAD0004C767A0D2FF2E1402C706A0FEFFF224086
:10AAE00041280102BE1D1C1000AF21AF2C71560F72
:10AAF000EFFF224041280102BF1D1C1002AF23AF0F
:10AB00002C72420FEFFF224041280102C01D1C1091
:10AB100004AFCD7025AF0018852165F08025861023
:10AB2000008DC1B85CF00010002161C6021C8433A6
:10AB3000B308B40123DE40210027402482307CD9B1
:10AB40006C727E0B200410410314803038150610FF
:10AB500040248231071C0230A0B8061C02307CD988
:10AB60006C718C70AC7022406A0AA004CD704024D5
:10AB700082312FD96C712240320AA004061C433066
:10AB80004024823034D96C73360B200422400314E5
:10AB9000803021C18C704128830153204C00C0B902
:10ABA00041284B014128C20022B825AF442341105F
:10ABB000C1BAC0B864AF80AF23AF42AF01AF3815A0
:10ABC00006104024C2317CD96C71AC702240060A58
:10ABD000A0040018852107F0E715801000AF0018C9
:10ABE0004520C140CAC7E078E6C2DF8008452C7026
:10ABF000C9478027C21F14DA520C2FF2E1400C70B3
:10AC00007FD923DA17B95E1E1810951F0210301E67
:10AC10000210541E1810A140A0A64DA63608A0018F
:10AC20002EA6C6C63F800C715E1102068C22C38F11
:10AC3000CC22828F00008000E07C8BEA5411010658
:10AC40008C210280CC21828F0000FF00E07CE07F1D
:10AC50000C70E078FAC2FC1CC8B6A7C108457C108D
:10AC600014005AD8081C0130AB20080E7609A00049
:10AC7000A1407FDB40D9A7DA17BBEA0B2002A14035
:10AC8000FFD9A140A60F600040251B174A26C0121D
:10AC9000C5772F2687F311F2C340B0410000A60903
:10ACA0000FEF80C22C736C72160A200463400114EB
:10ACB000C030E1081380CD70ED700E704A22002084
:10ACC0008A23812680C20CD907DB6340F209200465
:10ACD000AB23082E011499300214973003149530D9
:10ACE0000414913005149630061498308E092FEF15
:10ACF00016D84028183240291122402F01224671CF
:10AD000005208C3505214025052143062F22870487
:10AD10008E7C0E796E789E663F67AD0A3482002085
:10AD20001020442E0E1280C241D96C726340442F11
:10AD30000F1245C64428102244C7860920040C1C63
:10AD40000034468D011481300C7100289E00136977
:10AD50003474012E007008100204CA2026002F252A
:10AD600007002F204001042E1E3083C082C2AB2377
:10AD7000082E060FA0032F2188071470AAF4268D31
:10AD80000B14CB300A14833009148C301A25890F28
:10AD90001E00808422C2CB4000003D0F01294110DB
:10ADA0001E23C9021E24C3121E22C2021E218B179B
:10ADB0001E238C070F0924021E2283074529C2097E
:10ADC00005F0052E4270050070F332E2852A010974
:10ADD0000226CD12944F0E2303044F7E130E7010E3
:10ADE0004A2300104D7A5C7AFD0A718065711171F9
:10ADF000CE232610AE7E8E7D6E7C2F20C512D17B99
:10AE0000B1791570917AD5F6422049106D712E7F77
:10AE1000002B41126E7B4E7A30793B633F673A627A
:10AE2000022B0302022F0112022A02020DF04DF63C
:10AE30006E7B4E230B102E794E7A002BC302002915
:10AE4000C102002AC202130C32104E7F8C270290DE
:10AE500089F67FDA07F08C27429085F6C34200001E
:10AE600080FF130D32102E7F8C27029089F67FD938
:10AE700007F08C27429085F6C341000080FF130E37
:10AE800032106E7F8C27029089F67FDB07F08C27CB
:10AE9000429085F6C343000080FFC01CDC20BF1C2D
:10AEA0005C20110C3310BE1C9C20537ABE1C9C20CD
:10AEB0000B0D13103379BF1C5C20D570CE232A00F4
:10AEC000337C5379BF1C1C23BE1C5C20C01CDC20BF
:10AED000A7C004141B34DAC6E4C3A1C17F814A248D
:10AEE000C070CB44A100802028452C700A220003AA
:10AEF000A820C00108128E040B0E051024712C73BB
:10AF000010DE367C2184018C381306005623820B18
:10AF1000C0AA591B5800031C02303C4D4024C230CB
:10AF200041D96C718C70AE0E6004AC700C70DA0B91
:10AF30002004A141C140C4C7E2C3A1C1BF801CE03D
:10AF40002909B000031C8230370970004024C23048
:10AF50008BE94024C23071D9520E60046C71031425
:10AF60008030AD1D0210C2C74024C23073D93E0EDE
:10AF700060046C7103148030AF1D0210C2C772D917
:10AF80002A0E60046C7103148030AE1D0210C2C71B
:10AF9000F8C3A4C1FF812846250873040845510D54
:10AFA000B5100417111008171010FE0E6001C140F3
:10AFB00014700A03210080D90503000091E52A02DC
:10AFC00021003C4E8C2502900BF28C25C39F11F47E
:10AFD0008A20860008671472F0032200FFD980D906
:10AFE0004A0C6000C140ED03200080D890E5E803E2
:10AFF00022000C70834105B1061C023002B140C032
:10B000003C4E402482327DD96C72B60EE003104271
:10B010000B1480304024C2327DD982B80B1C023020
:10B020006C714240860D60044024D8327FDD17BD2C
:10B03000120EEFEEA14041D94C73C1402608200208
:10B04000A1436DD908DAC1401A082002A14340D9B2
:10B05000ACDAC1400E082002A143C34040400000CA
:10B06000E20DCFEE402482326DD96C72520EE003B5
:10B0700042400B1480304024C2326DD982B80B1C80
:10B0800002306C71260D60044240402482326DD93A
:10B090006C722E0EE00342400B1480304024C2320A
:10B0A0006DD980B80B1C02306C71020D60044240F7
:10B0B000CB45704200008E0DEFEEA14080C20CD94E
:10B0C00007DBFE0DE0034240031497300414943074
:10B0D0000114963002149330051495300614903004
:10B0E000402482326DD96C72D60DE00342400B14BD
:10B0F00080304024C2326DD9A2B80B1C02306C7172
:10B10000AA0C60044240402482326DD96C72B20DA8
:10B11000E00342400B1480304024C2326DD980B825
:10B120000B1C02306C71860C60044240160DEFEE71
:10B13000A14080C20CD907DB860DE0034240021417
:10B140008C30011487300414863040280122031407
:10B150008930402B00220521420508BC402C0B22DF
:10B16000052081052F2486000524C2110523C01562
:10B170002E79402E0B024E7A061483304279052335
:10B18000421205148D300E784E7A427808BB9A210F
:10B190000F0A9A200F0AA57BCB40000000086E7BA7
:10B1A00004290102042802020224C0009A200F0A86
:10B1B0002F274620042800024E7B2F22C9057179D3
:10B1C000507A3079D3710000973A3C22900F0000FA
:10B1D000803E24012D007046792001204F20502010
:10B1E000402155008AF05E1711164024823340D961
:10B1F0006C720D1C03300E1C0530C60CE0031042AF
:10B200000F148D303786C140C3BD60790D1C4233A9
:10B210000F79150930023040568608D8607AC1414E
:10B220000D148D30320AEFFFC140BE1702171043D4
:10B230002C700A0DEFFFC140BF1702172C71FE0CD6
:10B24000EFFFC140C01702172C72F20CEFFFC14094
:10B25000CE0B6000C140C140D209600022410F14F2
:10B26000803038170610C3BD6C20C000A5780D1CB7
:10B2700002304024423340D96C718C70AC70560B54
:10B28000600442400D08302202405686607AC14177
:10B29000EA0BEFEE0AD8C0174417BF174317BE17C3
:10B2A0004217C140620CE00362418C21C3AF11DD43
:10B2B00098F22240C14137FF94F02C706E09600073
:10B2C000C14025091020B911C0201D0812000F0827
:10B2D0001020B910C020110812002C744C706A0E96
:10B2E0006001C140B9168010C6B8B91E02105E1FB9
:10B2F000581372F00A2500242F2306202F20C9049A
:10B30000D34400000F27107D9275402482326DD9FE
:10B310006C724240AA0BE003C0256E200B148030F3
:10B320004024C2326DD9A0B8001802306C717E0A78
:10B3300060044240B6D8001802304024C2327ED9A0
:10B340006C718C70AC70C346803F0000860A60044C
:10B3500042402F2047052508B50060D99275CF20BF
:10B36000AE2019083F2061D911087F2062D95120F1
:10B3700080A064D9CA21A100C140E242C243A20B0D
:10B38000E0030A24C0042D8623D80DA76079C140AC
:10B390005686A4160011607AC1412509302022404A
:10B3A00034110120407958110220A4110021607A43
:10B3B0002241381102200C71607A22410C70320F48
:10B3C000E003C14110DD0EF062086000C140FFD80B
:10B3D0005E1F18100C701A0FE003C1415E170D16A6
:10B3E000A140D8C7F8C3A1C17C1111001043ED7072
:10B3F00020403042920A6001021CC433CB45A100B8
:10B40000201ED340A100A02039E8542015288E70BA
:10B410004A26001000208023041516244A08AFEFA6
:10B4200038109700B60E6FEF18400042E240320825
:10B43000AFEF03410EE82F8040798C20C38FCC20E2
:10B44000828F0000800006F4043480A5CA2485257C
:10B45000C571C50ED491541100260434C0A4CA2469
:10B46000C5248C20C38F0C1D0015CC20828F0000BA
:10B4700080000AF40815131007F054110026081D67
:10B48000C01403F06E708C200280E4ADE0AD15F4C2
:10B49000160A6001424086E8EE09600142400DE86C
:10B4A000238502850430408047F707310000304390
:10B4B0004830400200AD4A24807140221427CD70EC
:10B4C0000240ED70A820000208100104043340A0DF
:10B4D000D0F7E5712A4580258610008D1508B1004A
:10B4E000ED76FFD84241AE0AEFFFC0AD001D8310DC
:10B4F0005E1100268C20028008F220DD8CE85411B9
:10B5000000268C20028008F4EF780F08740110DD0B
:10B51000ED7503F080DE42400E0FAFFFEF7F1CE8B9
:10B520004024823040D96C729609E0038240162094
:10B53000C023048838110620C57DC3B8A578011C36
:10B5400002304024423040D96C718C70AC70860857
:10B55000600482401620C023A0800C704241C20DBE
:10B56000E0035A195823A140D8C7E078EAC3A2C122
:10B57000684597083002284681087001ED709508EB
:10B58000F0012C701471A8F454764E01250023DFCD
:10B59000FF855E1710168C20C3AF06F2FFD8F609A0
:10B5A000EFFFA141418E008E08BA057A55220008AE
:10B5B00010788C2004805CF7BE1F9C10038E228EB6
:10B5C00008B825785520010830798C21048050F77F
:10B5D000BF1F1C10058E248E08B825785520010841
:10B5E00030798C210480F60025002C700240A609D9
:10B5F000EFFFA14124DF71F03F85008E802186009E
:10B60000C1B800A969F08209E001A140084765F0CE
:10B610007C15101023DF834021B0BF0AB40122B093
:10B620003C4D81C27CD96C729608E0031041051430
:10B6300080303810062040248230071C0230A0B829
:10B64000021C02307CD96C718C70AC70860F2004A7
:10B650002240402482302FD96C7122404E0F2004AA
:10B66000021C4330058E418E208E628E838E4420D4
:10B670004B00126AA48EC1B9536B44200001756C53
:10B6800044220206257844230308057A966D052294
:10B69000C000057C4024823034D96C722240031CE7
:10B6A000C2320A0F2004021C023381C221D96C72FB
:10B6B0000E08E0032240051480301F087F0140245B
:10B6C000C231381006207CD96C718C70AC70060FBA
:10B6D00020042240ED70E140CAC7C01F1C105E0864
:10B6E000EFFFA140BF1702172C715208EFFFA140D6
:10B6F000C01702172C724608EFFFA140220F20004E
:10B70000A1408C20C3AFE8F302408A08EFFFA141BB
:10B71000E2F1E078E6C3A2C140200F0708454024CB
:10B72000423157D96C729A0FA003E1400614803061
:10B730004024823157D9A2B8061C02306C718C703B
:10B74000AC70C346803F00008A0E2004E140B9156A
:10B750008010DF8580C2C6B8B91D02107CD96C721A
:10B76000E1405E0FA003071C03300114803038163F
:10B7700006104024423050200100011C4230071CBA
:10B7800002307CD96C718C70AC704A0E2004E140A0
:10B790004024C2302FD96C71E140120E2004031CEA
:10B7A000833180C232D96C73160FA003E1400214BA
:10B7B0008030011481304024C230A5B8031C4230CF
:10B7C00061C032D96C72E60D2004E14038160610D3
:10B7D0004024C2317CD96C718C70AC70F60D2004A1
:10B7E000E1400C70C6C7E078E8C3A2C108451CE080
:10B7F0004024423157D96C72C60EA0031040061483
:10B8000080304024823157D982B8061C02306C71D6
:10B810008C70AC70C346803F0000BA0D200402401B
:10B82000B9158010DF854024823087B8B91D021019
:10B830007CD96C7202408A0EA003071C03300314EB
:10B8400080303816061080C2071C0230A0B860C0D5
:10B850007CD96C718C70AC707A0D2004024080C26F
:10B860002FD96C710240460D2004001C8331402406
:10B87000823032D96C734A0EA003024021C00314F7
:10B88000813080C285B860C1011C023032D96C722F
:10B890001A0D20040240E60DAFEE32D8381606101D
:10B8A0004024C2317CD96C718C70AC70260D2004A0
:10B8B00002400C70C8C7E078E07FA6100001E07875
:10B8C0001F80E07F75100006E07F9C100000E0788C
:10B8D00014702040E07D3F80761101060079E07809
:10B8E000E4C2DF8008452C70C1408020C20F5E0F8B
:10B8F000AFF114DA7FD823D917B82DA60EA60C7095
:10B90000A141751E19100E082000A3A60C70C4C614
:10B91000E6C2FF8128453108B40008468C26029013
:10B92000CC26829F0000FF0018F480D9FE0A200078
:10B93000A140C34048420000AE0AEFFFA141751F7D
:10B9400098130CF02C70E60A2000A1400C70A14165
:10B95000960AEFFF751F98130C709609E003A1413A
:10B9600075170016C6C6E078E2C20C70B209E00393
:10B9700028459C150010C2C6E4C3A1C140200E0793
:10B9800008454024823057D96C72360DA003C1405F
:10B99000031480304024C23057D98420C20F031CC6
:10B9A00002306C718C70AC70C346803F0000260C76
:10B9B0002004C140B91581100C70C6B9B91D4210E0
:10B9C000C4C7E078E4C3A1C140200E070845402465
:10B9D000823057D96C72EA0CA003C1400314803046
:10B9E0004024C23057D986B8031C02306C718C7069
:10B9F000AC70C346803F0000DA0B2004C140B9158B
:10BA000081100C7087B9B91D4210C4C7E07FA61021
:10BA10000001E0781F80E07F83100006E6C2BF814E
:10BA20002846EA0C6FEF0847861D1810C140607F5A
:10BA3000871D5810C6C6E078E07F9C100000E078B3
:10BA4000E8C3A2C15040F10871002845DF834023BC
:10BA50000F0780C27CD96C72E140660CA003061C03
:10BA60000330011480303816061040244230502034
:10BA70000100011C4230071C02307CD96C718C70B3
:10BA8000AC70520B2004E140402482312FD96C71FC
:10BA9000E1401A0B2004061C43300E86DE0BAFEE8D
:10BAA0004830C00280C23CD96C75160CA003E1403E
:10BAB0000214823021C401148130031483303816FB
:10BAC0000610C2BC53220E0108BE402C0012C579DC
:10BAD0006578CB46A100641E20B601B6412A8101DB
:10BAE000412A4001412AC301C0B9C0B864B623B697
:10BAF00002B64024C2317CD96C718C70AC70D60A0D
:10BB00002004E140008E00AD068E248E618E5668C2
:10BB1000888E1569C4BB4420000884220100657822
:10BB2000376C4578257801AD028E02AD038E03ADEA
:10BB3000001805210C70C8C7E4C2DF800845320830
:10BB4000E00307A60C7012082000A1410C70831EB0
:10BB50001910C4C6E6C2BF8128463908B400084798
:10BB60008C270290CC27829F0000FF0025F480D90B
:10BB7000BA082000C140C340484100006A08EFFFF6
:10BB8000C1412C71520F2003C140831DD81315F001
:10BB90002C70460F2003C1402C7092082000C14039
:10BBA000B9168010C141C6B8B91E02100C703A080F
:10BBB000EFFF831DD8130C70360FA003C14183150E
:10BBC0000016C6C6E2C20C70560FA00328459C158D
:10BBD0000010C2C6E6C24308710023D83D0A140112
:10BBE000A1890389E089C28908BD08B8C342A100C0
:10BBF000641EE57DC578A0B201B2018925B8C0B840
:10BC000002B2018926B8C0B803B2018927B804B2CC
:10BC10005E0FA00360400C70C6C6E0783F808021B4
:10BC20000709E07F0089E078E8C3A1C1BF8008462A
:10BC30003040560A2001021C05300A4714E85E1500
:10BC400000168C20C38FCC20828F0000800005F46A
:10BC5000541D1810C8C7520A2001C140147080DF5B
:10BC6000CA27011454150016F170B9F28C27C39F2E
:10BC70001CE64024823039F28C27029083F440D9AC
:10BC80006C723E0AA003C1400314803038150610C0
:10BC90004024C230C6B8031C023040D96C718C708D
:10BCA000AC7032092004C140402482307CD96C72CF
:10BCB0000E0AA003C140031480303815061040243A
:10BCC000C23080B8031C02307CD96C718C70AC70AF
:10BCD00002092004C140402482307DD96C72E209FF
:10BCE000A003C14044F040D96C72D609A003C14002
:10BCF00003148030381506104024C23087B8031C66
:10BD0000023040D96C718C70AC70CA082004C140FC
:10BD1000402482307CD96C72A609A003C140031470
:10BD20008030381506104024C230A0B8031C023001
:10BD30007CD96C718C70AC709A082004C14040248E
:10BD400082307DD96C727A09A003C140031480301F
:10BD5000381506104024C230A2B8031C02307DD929
:10BD60006C718C70AC706E082004C140031480307C
:10BD7000381506104024C23082B8031C02307DD929
:10BD800027F07DD96C723A09A003C14003148030BA
:10BD9000381506104024C230A2B8031C02307DD9E9
:10BDA0006C718C70AC702E082004C140402482302D
:10BDB0007CD96C720A09A003C14003148030381585
:10BDC00006104024C23080B87CD9031C02306C714C
:10BDD0008C70AC70FE0FE003C140541DD813C8C76F
:10BDE000E2C3A1C140200D074024823070D96C729B
:10BDF000A140CE08A003021C05300314803040246B
:10BE0000C23070D9A3B8031C02306C719E0FE003DE
:10BE1000A1406A08AFEE0C71C2C7E078E2C3A1C1CD
:10BE200040200D074024823070D96C72A1409208E6
:10BE3000A003021C0530031480304024C23070D9A6
:10BE400083B8031C02306C71620FE003A1402E081E
:10BE5000AFEE0C71C2C7E078F81CC8B71CE04024F4
:10BE6000C23170D96C71460FE003071C43300E08D5
:10BE7000AFEE0C7108141F34E07EE078E6C228466D
:10BE800002E8C6C6BF8655258F1D008F1F08BE005D
:10BE9000A142802243063C4E20D96C72C344130059
:10BEA0002CB83608A003C145008F33087E00552604
:10BEB0008E18458509EAB912C0000F0813002186C3
:10BEC000160CA0030086448509EAB912C0000F08C9
:10BED00013002186020CA0030086008F1B081E01A0
:10BEE00046850BEAB912C1000F0913002186EA0B3F
:10BEF000A0030086008F13085E0121860086DA0BFE
:10BF0000A0034985008F1308DE0021860086CA0B36
:10BF1000A0034A85008F6F089E8121860086BA0B98
:10BF2000A0034785C6C6E078E8C3A1C1BF802FD96A
:10BF30004C7008472E09A0016E8540271017C8DEF7
:10BF40004024823069D96C72760F6003024003147A
:10BF500080301F08BE005AD8AB20080EC3402041D5
:10BF60000000E20E4FEEC5772F2687F3EAF56E85C7
:10BF70002FD94C70EE08A001E1404024823038D91E
:10BF80006C723E0F6003024003148E30A142802287
:10BF9000460B78D96C742A0F60030240C340A0405E
:10BFA0000000A20E4FEE402482307DD96C72120F39
:10BFB00060030240031482306E857DD9A2BAE1404D
:10BFC000A208A001031C8230402482307CD96C720C
:10BFD000EE0E60030240031482306E857CD980BA75
:10BFE000E1408208A001031C82300C70560E6FEEF7
:10BFF0009EB823BE53268E9018F24024823077D903
:10C000006C72BE0E600302400314803038150610B7
:10C010004024C230C6B8031C023077D96C718C70D2
:10C02000AC70B20DE0030240C140C8C7E8C3A1C173
:10C03000BF802FD94C7108462A08A0016E853C4E5E
:10C04000402482303BD96C72760E6003104003149A
:10C0500080303708FE0014DF5AD8AB20080E402489
:10C0600082303BD96C725A0E600302400314803058
:10C070001708DE00C340C8420000CA0D4FEEE57746
:10C080002F26C7F3EAF56E852FD94C70D60F6001C5
:10C09000C1404024823038D96C72260E60030240C1
:10C0A00003148F30402482307DD96C72120E6003ED
:10C0B0000240031482306E857DD981BAC140A60F3B
:10C0C0006001031C8230402482307CD96C72F20DF6
:10C0D00060030240031482306E857CD980BAC1406F
:10C0E000820F6001031C82300C705A0D6FEE9EB8F7
:10C0F0004B27009E60D8CA202100C8C7F1C05F80CE
:10C10000B910810060824282C6B9B918420006EBBC
:10C11000B913C1001709120005EAB912C1000F09CD
:10C1200012002C74220820014C70D1C0E07F0C70EA
:10C13000EAC3A1C1DF8008451CE0402482307CD9DD
:10C140006C727E0D60031040031482306E867CD9C1
:10C15000A0BAA1400E0F6001031C82300C70E60CE7
:10C160006FEE9EB84024823077D96C72520D600316
:10C170000240031482306E8677D987BAA140E60E5A
:10C180006001031C8230402482307DD96C72320DF4
:10C1900060030240031482306E867DD982BAA140CA
:10C1A000C20E6001031C8230C340C8420000960CDE
:10C1B0004FEE4024823069D96C72060D6003024054
:10C1C000031482306E8669D982BAA140960E60014E
:10C1D000031C82306E862FD94C718A0E6001A140FB
:10C1E0006E8633D94C717E0E6001A1406E867ED979
:10C1F0004C72A1402E726E0E6001031C8330C8DFAA
:10C200004024823069D96C72B60C6003024003147A
:10C2100080302508BE00402482305AD8AB20080E5A
:10C22000C340404000001E0C4FEEE5772F26C7F3B9
:10C23000E8F512F07DD96C72860C6003024003149D
:10C2400082306E867DD9A2BAA1401A0E6001031C0D
:10C2500082302E702240CAC7E8C3A1C1BF812847DF
:10C260002188A9468026861B20AE22884024823061
:10C270006C7221AE03885625811D00A93C4F7CD9E4
:10C280003E0C600310400314803021083E00502013
:10C2900002006E857CD9E140CA0D6001031C82302A
:10C2A0007FD8A20B6FEE17B83815061078D96C73CB
:10C2B0008C70AC70C1421E0BE00302407FD8860B2D
:10C2C0006FEE17B84024823077D96C72F20B60039E
:10C2D000024003148030381506104024C23087B85D
:10C2E000031C023077D96C718C70AC70E60AE003E5
:10C2F00002400C70C8C7E078EAC3A1C148470846AD
:10C30000ED09B4014A20C028BF873C4F4024823049
:10C310007CD96C72AA0B60031041031482306E85C5
:10C320007CD9A0BAE1403E0D6001031C823040245C
:10C33000823077D96C728A0B6003224003148030FC
:10C34000381506104024C23087B8031C023077D954
:10C350006C718C70AC7022407A0AE0030E70018E12
:10C36000208E08B80579DC1D5C10038E428E08B85B
:10C370004578DD1D1C10058E448E08B84578DE1DFD
:10C380001C102E7A2C70F20D6000E140DD15421772
:10C390002C71E60D6000E140DE1542172C72DA0DBB
:10C3A0006000E1406E852FD94C71BA0C6001E1400C
:10C3B000458E6E853BD983BAAA0C6001E1404024CA
:10C3C00082307DD96C72FA0A6003224003148230F5
:10C3D0006E857DD9A1BAE1408A0C6001031C8230D0
:10C3E0006E857ED94C737E0C6001E1400240CAC765
:10C3F000E2C2B910C300310B320008451F854080EE
:10C40000228006EAB912C0001D08120005E9B91120
:10C41000C000150812002C744C712E0DE000A140D4
:10C42000B915831087BB0C70B91DC210C2C6E07865
:10C43000FAC2FC1CC8B6ACC1FF80104161170016DF
:10C44000CA1718174BC0CE0EA00322401470FA0270
:10C4500022008A234139402100274024823042D9DA
:10C460006C725E0A600310470314803040248230EF
:10C470007CD94AC06C724A0A6003E24003148230DD
:10C480006E877CD9A0BA2240DA0B6001031C82308F
:10C490000C70B2096FEE9EB82C706A0F60002240DB
:10C4A000E1408020060BA3108180008803E98AE820
:10C4B00004F004E82C7103F02C70660FEFFE2240AC
:10C4C0002C70F20AA0002240402482307DD96C7288
:10C4D000EE096003E2400314803038170610402450
:10C4E000C23081B8031C02307DD96C718C70AC7085
:10C4F000E208E003E2400BDDA5775AD82F2647F388
:10C50000AB20080E11F2C340B041000036094FEED7
:10C51000402482302C736C72A6096003E24003143D
:10C520008030D9089E81C340A042000016094FEE1A
:10C530007C111020CD7042D9A7DA38100320224098
:10C5400043C642C61E0B600141C6181C003406C01B
:10C550008A21063BCE70AE704E708020050346C027
:10C560005AD8AB20080EC340A0410000D6084FEEB9
:10C5700084C212D907DB4A096003E24016148030F6
:10C5800025C11214823015148C3013148330111409
:10C590008D3032204B2608B808B908BA052014039C
:10C5A0000521D3004B0B3010457D06C222D96C7398
:10C5B0000E096003E2402F2006052F21C604AE7A43
:10C5C00048308000483181004832820049C048C16B
:10C5D00047C287C181C2B20A2001224003C202C100
:10C5E00001C04832D4024831D3024830CD02AE787F
:10C5F000C5712F21C6042F22060500221220CF78F4
:10C60000002555205D0834820026962032204026E1
:10C610001470C42E2122C42D2122C42A21221EF2EC
:10C620001FDD4832922019BDEE0B6FFE0032402311
:10C63000483595200846E20B6FFE0035402348360A
:10C6400096201040D20B6FFE003640234830D602B1
:10C650004830D5224836D2124241A240C2428021FF
:10C66000080080200800802208002578057A50788C
:10C670008C20CF8FD2002D004E2610204E250E206C
:10C680004E220D2081C02241081C04348342C3B2D3
:10C690008A086001A2B22C712240DB1F1C14DA1F31
:10C6A0009C13620D6000D91F5C13402482307CD93A
:10C6B0006C720E086003E240031482306E877CD9EE
:10C6C00080BA22409E096001031C82300C70760FF4
:10C6D0002FEE9EB80BC08B20838F19F4402482303C
:10C6E0007DD96C72DA0F2003E240031480303817D2
:10C6F00006104024C230A1B8031C02307DD96C71F1
:10C700008C70AC70CE0EA003E2408C2041BF0EF2C4
:10C710008C2083BE0CF28C2007BD0CF28C200FBA4B
:10C720002C7009F42C7107F02C7405F02C7303F0B5
:10C730002C728208A00022406E870AC242D92609C4
:10C74000600122406F736340ACC004141B34DAC62E
:10C750001F80E07FCA100007E4C3A1C108451F8005
:10C7600028462FD94C716E80FA086001A1402F0E27
:10C77000B0101CE5410E7010402482300C70AFEEFA
:10C780004024823036D96C72360F2003A140031446
:10C790008E304024823037D918F0402482303AD984
:10C7A0006C721E0F2003A14003148E30402482308F
:10C7B0003BD90CF038D96C72060F2003A14003144A
:10C7C0008E304024823039D96C72F60E2003A1409D
:10C7D00003148030C2B808B8C578C4C7E4C3A1C187
:10C7E0003D09B00040200D075D09700040248230F3
:10C7F0007F0931000C704024823074D96C72C20EF3
:10C800002003A14003148E304024823077D96C720B
:10C81000AE0E2003A1400314803027F04024823064
:10C8200076D96C729A0E2003A14003148E304024F6
:10C83000823077D96C728A0E2003A14003148030B5
:10C8400024B813F075D96C72760E2003A14003143E
:10C850008E304024823077D96C72660E2003A1405E
:10C860000314803022B80EB80E7846B8C578C4C715
:10C870001F80E07F61100006ECC33041B911C10098
:10C8800009093200A6C1CCC77C1110208A210703F8
:10C89000CB451300345E32204120A30930006218DA
:10C8A00018208811002070100226711003267018BD
:10C8B00018208C1101200220808071185820020855
:10C8C0006FE30321C1800846060DE00222402C855B
:10C8D00000304000073601707A47000002318003C3
:10C8E000073040005020C1070431808F4C3ECDCC32
:10C8F0004A000600C3428F3D295C043080800AF65E
:10C90000C3418FBD295C043040800042CA224500EB
:10C9100072100126C340C8420000003203000132F9
:10C920004100B7B8003100007218582001330000F0
:10C930004830C002220D20030D78D2108020CE1086
:10C940008320D0108120D1108220CD108B20CF10D9
:10C950008C2008B808B908BB457885790523C3023F
:10C960000E7A2E796E784832820048318100483044
:10C97000800042C241C140C080C183C222400A0F30
:10C98000E000402412302B8504C003C26885EA858C
:10C99000C9851C150B10A685003049000032C10066
:10C9A00005C401304800003040034A24C070013201
:10C9B00001000032C0030130430200348013013013
:10C9C00002100034C01241C2013101000134C01014
:10C9D0008D7040C1081C0030A8208008152000235D
:10C9E00015220D235520830E00852083013042003F
:10C9F000C3410000FF7F4832C00248308B0040A591
:10CA00000232C2021309220040A3C341FFFF00808B
:10CA10003070CA210A008571B01B4000C340A100DC
:10CA2000381E208804E900180300CCC762100126D4
:10CA300060792240CCC7E0781F80E07F6410000658
:10CA40001F80E07F63100006ECC3A1C1284729685E
:10CA5000704050418D09750224D87C100D2025208E
:10CA600040000AF01FF023F026F03DF041F03AF0CC
:10CA700043F04AF02C706A0DEFFF0240D91D1C10E4
:10CA80002C715E0DEFFF0240DA1D1C102C72520D4E
:10CA9000EFFF0240DA150317D9150217DB1D1C1032
:10CAA0006BF05625401D208803F0D61581100C70C0
:10CAB000C0B926F0A9460240720CAFFF8026061BC3
:10CAC000792000001B7800AE00AF028E01AF238EEC
:10CAD0005625801D22AF20880C7023AF0019052138
:10CAE000CCC78025861A208D0C70C1B908F080252E
:10CAF0000713208D03F0E71581100C7020AF00198B
:10CB00004520CCC702402A0DAFFF40200E2710421F
:10CB10004024823077D96C72A60B2003C140130ADF
:10CB200030200314803038150610C6B804F03815CC
:10CB3000061087B8031C02304024C23077D96C71CC
:10CB40008C70AC708E0AA003C1402C700E0CEFFFED
:10CB50000240DC1D1C102C71020CEFFF0240DD1D99
:10CB60001C102C72F60BEFFF0240DD150317DC15CD
:10CB70000217DE1D1C104128010240AF62AF28BA27
:10CB800028BB04AF0C7025AF41AF63AF00198521FE
:10CB9000CCC7E078FAC382240239BF804CC02C7025
:10CBA000A1408020C20FA60C2FF114DA0CC0CD706A
:10CBB00023D901A57FD817B80EA50CC0611D981305
:10CBC0002DA51F8071189803701898037218980388
:10CBD000802007036A0A2003C0A80CC00CC50024EB
:10CBE000823F0000A3007DD91F801CE56C71A11855
:10CBF0009C03A140A31C8330B209A003A01C843372
:10CC00008A26BF1D0AE68C26C39134032D005524C5
:10CC1000023A2C736C72AA0A2003A1405E0A2FEE1E
:10CC20000AD8A1148030E1089E81CD700024823F93
:10CC30000000A3007DD96C71A1407209A003A31C60
:10CC400082330CC0DA0FAFFE2C710CC02C7025DAC9
:10CC50001F804BC05520800E4AC0F20B2FF180C0C0
:10CC60000AC080C25ED9C2A0C1A0C0A025DB520A02
:10CC70002003A1400114803018149F3022149330F7
:10CC80005DC0031480300D149230101490305CC0DD
:10CC90000514803013148F30171494305BC023C0F8
:10CCA0000B1491300E148B3053C0121480301114B9
:10CCB0008E301D148C3052C0402F0036981C00302E
:10CCC000402B0026941C0030402A80268C1C00300B
:10CCD00040288026881C0030402F8016841C00309D
:10CCE00044248020801C0030532340205FC06C22ED
:10CCF00040215EC04029802154C06C204021901CFE
:10CD00000030402B801155C06C274011081485302D
:10CD10004EC0166E2114843056C0442780300A1449
:10CD200089304FC0402C8013091488309C1C00307F
:10CD3000402D80011E14813050C0402C80031F14F0
:10CD400083304DC04029801128C251C04028801135
:10CD500057C0166958C0166B02149E3059C0166A27
:10CD60005AC01DC0402E1E320614963005261E30B5
:10CD700098140030402FCE336C141F304228970691
:10CD80009414003007149530402E162205279F3545
:10CD9000422896068C140030402DD526422DD026F0
:10CDA0004228950688140030402C18260F148D3028
:10CDB00042289406841400302314863010C242287E
:10CDC00093060EC0402D4B1144260D064028190233
:10CDD0009C140030402D81120DC5057A11C0041439
:10CDE000873070141130057D0AC0402F07020521DD
:10CDF000D12118188407422898360BC06C244F01A3
:10CE00004424080C81185C04442412030AC08014D2
:10CE100004307C1405301C18C4071EC30BC0442406
:10CE20000913402C440283181C04402D05020AC03B
:10CE300008BB90140C3020180406052444010BC0D4
:10CE400008BC842601088518DC05402EC7000AC0EE
:10CE50003C1406300526CE1224188405402E4602C6
:10CE60000BC04029091308BF87185C0540288B12A6
:10CE70000AC0402A0823AE7D2818040526BD0BC031
:10CE80008918DC0414C00520C50015C00526431010
:10CE90004E7E05201E0316C018C205278C010521F1
:10CEA000193017C0E57A6E7F0520460219C012C3FB
:10CEB0001AC10520C002657C4E7B0E7A0AC005218E
:10CEC00001022F20461126BE41288811DCB0BEB0D9
:10CED0002C1804022F2786070BC0412F87012F2112
:10CEE00046168B18DC01412989110AC025BF2F265F
:10CEF000860130184402FAB0412E86010BC026BBD1
:10CF00004C140B3091189C019318DC0026BA0AC00F
:10CF100005230B112E7940188400402B4B150BC0B4
:10CF200015BC26B9422B4B1555BC95185C008D18C5
:10CF3000DC028F181C03E208EFFE0CC00CC16A0D66
:10CF400020000C700C70DAC7ECC3A1C1DF80104167
:10CF500060DF5E1600168C200280CC20828F0000DD
:10CF6000FF00B1F2611600168C200280CC20828F67
:10CF70000000FF00A7F240210027402482307CD926
:10CF80006C723E0FE0021042031482306E867CD930
:10CF9000A0BA2240CE082001031C82300C70A60EDD
:10CFA000EFED9EB8402482307DD96C72120FE00202
:10CFB0004240031480306E867DD94620800182B8BD
:10CFC000031C02300F7A9E08200122406E862FD962
:10CFD0004C719208200122406E8633D94C7086082D
:10CFE000200122406E867ED94C727A0820012240B0
:10CFF0008A2503128A208126402482306ED96C72E1
:10D000004240BE0EE002AB20082E03148030190807
:10D010001F00C340204100002A0ECFEDA5772F2628
:10D0200047F3ECF56E862FD94C703A082001224068
:10D030004024823038D96C72860EE00242400314DC
:10D04000803023B853208080031C02303BF44024FE
:10D0500082306ED96C726A0EE002424003148D3049
:10D06000402482307DD96C72560EE0024240031497
:10D0700080306E867DD9462082012240E60FE00096
:10D08000031C8230402482307CD96C72320EE00264
:10D090004240031482306E867CD980BA2240C60F8B
:10D0A000E000031C82300C709A0DEFED9EB8170D56
:10D0B0007E1061DF0F0DBE1062DFE3BD64DFCA27A3
:10D0C000A210E140CCC7E078E6C3A1C1DF814A24C9
:10D0D00000710043C340A1005C4128452C70004210
:10D0E000A820C00108120F050D0FC51024712C7463
:10D0F0008A271F14367841802288A140631E981029
:10D10000B20E2000CA1EDC133C4D4024823043D9AD
:10D110006C72AE0DE002021C0530031480308026D4
:10D120000511A14100AEE20920030C70E140C6C721
:10D13000E6C3A1C1BF8040200E07284740248230AB
:10D140007CD96C727A0DE002C1400314803038152E
:10D150000610F570A2B8CF20A200031C02304024B4
:10D16000C2307CD96C718C70AC706A0C6003C140A9
:10D17000C6C7E078E8C3A1C1DF80484730402FD957
:10D180006E864C71DE0EE00008458308B0201CE579
:10D19000E70870204024823071083120402482301A
:10D1A00036D96C721A0DE002A1404024423036D9C3
:10D1B0006C71A140F60B6003011CC233BE0CEFED95
:10D1C0000C71011480304024823037D9721E021055
:10D1D0006C72EE0CE002A1400314823028BF53278A
:10D1E00081106C2280002578011C023040244230DE
:10D1F00037D96C71B60B6003A140820CEFED0C7156
:10D2000001148030731E0210C8C7402482303AD9FE
:10D210006C72AE0CE002A140402442303AD96C71ED
:10D22000A1408A0B6003011CC233520CEFED0C715C
:10D2300001148030402482303BD9761E02106C727B
:10D240007E0CE002A1400314803028BFC2BF6C20D6
:10D250008000E578011C0230402442303BD96C71DB
:10D260004A0B6003A140160CEFED0C7101148030E5
:10D27000771E0210C8C738D96C72460CE002A14074
:10D280004024423038D96C71A140220B6003011C4C
:10D29000C233EA0BEFED0C71011480304024823070
:10D2A00039D9741E02106C72160CE002A1400314EE
:10D2B000803028BFC2BF6C208000E578011C02309E
:10D2C0004024423039D96C71E20A6003A140AE0BB0
:10D2D000EFED0C7101148030751E0210C8C7E078A4
:10D2E000E6C3A1C1DF8048476109B00040200D07B7
:10D2F000A509700040248230347082F440248230CA
:10D3000074D96C72BA0BE002A1404024423074D947
:10D310006C71A140960A6003011CC2335E0BEFEDF5
:10D320000C71011480304024823077D9B01E021075
:10D330006C728E0BE002A1400314803028BFC1BF85
:10D340006C204000E5784CF04024823076D96C7235
:10D350006E0BE002A1404024423076D96C71A140AE
:10D360004A0A6003011CC233120BEFED0C71011469
:10D3700080304024823077D9B21E02106C72420B8A
:10D38000E002A1400314803024BF4427011C462042
:10D39000000C25F075D96C72260BE002A1404024E8
:10D3A000423075D96C71A140020A6003011CC2337E
:10D3B000CA0AEFED0C71011480304024823077D915
:10D3C000B11E02106C72FA0AE002A1400314803010
:10D3D00026BF44270113462000032578011C023094
:10D3E0004024423077D96C71C2096003A1408E0A93
:10D3F000EFED0C7101148030B31E0210C6C7E07847
:10D40000E6C3A1C1BF8040200F07284640248230D8
:10D4100077D96C72E140021C0530A60AE002011CBB
:10D42000033003148130166E842001008421C20F62
:10D430002578011C02304024423077D96C716E0986
:10D440006003E1400E85360AEFED4830C002C6C7E2
:10D45000E6C3A1C1BF8040200E0728474024823088
:10D460006BD96C725A0AE002C140031481307927EB
:10D470000210146AA4B9381506100579A14080205D
:10D48000460A40A8031C42304024C2306BD96C715C
:10D490008C70AC703E096003C14003148030A71D3E
:10D4A0000210C6C7EAC3A1C1BF8128460847890840
:10D4B000730440211107F572380126005625401DDE
:10D4C0000088147036F4402482307DD96C72F209E1
:10D4D000E002224003148030B115021650204100B2
:10D4E000110AB500031C423046208102031C423061
:10D4F0006E852F7A7DD96E0BE000C14040248230CA
:10D500007CD96C72BA09E0022240031482306E8525
:10D510007CD980BAC1404E0BE000031C82300C70F5
:10D520002209EFED9EB8B9168010C6B8B91E0210D8
:10D530006D02000091E79CF28C270290CC27829F1D
:10D540000000FF00640222008A20860A0965402448
:10D55000823034713040B6F442D96C726209E00214
:10D56000224003148030381506104024C230852034
:10D570000300031C023042D96C718C70AC705608E9
:10D5800060032240402482307DD96C723209E0026F
:10D59000224003148030901501179115031792153E
:10D5A00002173815061045208002A31D5C10A41D2B
:10D5B000DC10A51D9C10031C02304024C2307DD914
:10D5C0006C718C70AC700E08600322404024823075
:10D5D0007CD96C72EA08E0022240031482306E8526
:10D5E0007CD9A0BAC1407E0AE000031C8230D8F08A
:10D5F00090E7DCF45609EFFFC140611D5910B916E0
:10D6000082106C708C70C6BAB91E82104C700041CA
:10D610000E09E002C140E0850DEF2D876079E14001
:10D620005687A4170011607AE1414E870C71607A29
:10D63000E1412D8623D80DA56079C1405686A416F8
:10D640000011607AC141402482307DD96C72720829
:10D65000E0022240031482306E857DD9A1BAC14018
:10D66000020AE000031C823010DDA2F061150F16E3
:10D670008C27C39F04F2FFD8C1418BFFC140B60D78
:10D680006FFF8A20062B32250114104085E92C718A
:10D690008E0D6FFEC1408209AFFEC140DB154417FD
:10D6A000DA154317D9154217C1405E08E00202415E
:10D6B0008C27C39F11DD7CF2E140C1417AFF78F0F5
:10D6C0007CD96C72FA0FA00222404108B1200314E9
:10D6D00080303815061080B8031C02304024C23058
:10D6E0007CD96C718C70AC70EA0E2003224040240F
:10D6F000823042D96C72CA0FA002224003148030DB
:10D7000038150610C5B81DF038150610A0B8031C52
:10D7100002304024C2307CD96C718C70AC70B60E73
:10D72000200322404024823042D96C72920FA00222
:10D7300022400314803038150610C5B887B8031C82
:10D7400002304024C23042D96C718C70AC70860EAD
:10D7500020032240402482307DD96C72620FA002E7
:10D760002240031480309315011794150317951563
:10D7700002173815061045208002A31D5C10A41D59
:10D78000DC10A51D9C10031C02304024C2307DD942
:10D790006C718C70AC703E0E200322400C70C14145
:10D7A0004E0BE002611DD81361150D16A140CAC7CA
:10D7B000F81CC8B75F80C2B9071C42301CE03812A1
:10D7C00006004024C23143D96C718C70060E2003D0
:10D7D000AC7008141F34E07EECC3A1C1BF814A24A1
:10D7E0004071CB46A10044413041402112072C70CA
:10D7F0000A228003A8208002041203054833030094
:10D800000433008043F624712C75357E0B6927089C
:10D81000F500E28EB1408020862A00108020170893
:10D82000B100FFD82241820CEFFF0018032000183E
:10D83000832000964024823042D948300000641D85
:10D8400018106C727A0EA002424003148030381512
:10D850000610C3BF6C20C000E578031C02304024D2
:10D86000C23042D96C71C344140078324240660D14
:10D8700020030A2540044024823043D96C72420EB2
:10D88000A002424003148130641500168025051162
:10D8900020ADCCC7E8C204777040284588E0040179
:10D8A0002D0024DE7C100F202520000009F03CF024
:10D8B00050F05AF066F03DF074F041F043F0018D05
:10D8C000608D08B8057BD91FDC10238D028D6E7C1E
:10D8D00008B90579DA1F5C10058D448D2E7908B8DA
:10D8E0004578DB1F1C100E7A4E0AE0028140B50815
:10D8F00031002C700240EE09EFFF8142DA17421727
:10D900002C71E209EFFF0240DB1742172C72D60997
:10D91000EFFF02402C71EE0AEFFF0240FA0E6FFE9D
:10D92000024020F0A1408208200002411AF0008D40
:10D9300080270713CD70C0B829F04E0EA00002401A
:10D9400006F0A1404041B6096FFF024208462AF0A6
:10D95000008D442041000240DA0FAFFFD61F421075
:10D96000CD7020F02C70BA0A6FFE0240008D11E8D5
:10D970002908710023DEBE0F2FFF024008460EF07B
:10D98000008D8027861ACD70C1B800AF0AF0A14083
:10D990000241CA086FFFCD702C71860A6FFE0240EB
:10D9A000C140C8C6E4C20088BF81284644204180E7
:10D9B0005625401D20A819F48A20460A08651D082E
:10D9C00071002C708E0AEFFFC140D615801086E8DA
:10D9D0002C70620FAFFFC140611500161BE83F08B5
:10D9E00071000C7118F02C70360A6FFEC1401F8652
:10D9F0008020460A00888AE82C713A0FAFFFC140A8
:10DA00002C71520AEFFFC1402C71160A6FFEC14003
:10DA100005F00C70920AEFFFC1410C70C4C6E078AB
:10DA20005F8120456C72761A18008022C3053C493C
:10DA3000C3441300D8BDA104A0021CD95F812045B6
:10DA400016DB5D1A18008022420F3C49C3441300C4
:10DA500050E98504A0022C73F8C3A3C1304103E848
:10DA6000D8C77C111020B911C0202C101520081027
:10DA7000182004101420147044F6BE10C020147036
:10DA80005C012A0055208E2F820C4FEE1043D416D5
:10DA9000C0903042D016C190CB108820C7108B2088
:10DAA000CA10C32008B8C9108C20C3421300345ECA
:10DAB00008B9052000020521C10248308B0002820E
:10DAC00008BB857B48318C00258200300003483339
:10DAD00083000130C60004820031C900208200307A
:10DAE0000003CB45A100201E0031C10001304302DC
:10DAF00001820131080323820030C0021015161084
:10DB00000031C10201300010141517100136420017
:10DB10000133C102FC8640C0022380A542C103221A
:10DB2000C1A59E0DAFE241C20730800F7A470000C9
:10DB300007360270803F00000037801F8C3FCDCC3D
:10DB400004320080900026003D26C1243D27802419
:10DB50000C22C0A5CA2041007D0811000037801F9B
:10DB6000663F6666043200806C002C004A24C07058
:10DB70004A240010A82040081520002380C1552009
:10DB8000430F95794083008101308200C34000003B
:10DB9000FF7F40A14832C10248318B000232C202ED
:10DBA0001308620040A3C340FFFF00801071CA2029
:10DBB0004A00857119A3208D0BE9048D0D09010020
:10DBC0003F86607922400C70047104AD04F03F86FA
:10DBD00060792240101DC014141D8014530C302095
:10DBE00055218D28B914C02047081300BE1080208D
:10DBF0003F08BE0182422185DE0EA0020085330D62
:10DC00001020B915C0202B081300E510812011E960
:10DC1000E610802015092100A2422185BA0EA0023B
:10DC200000850C70E61803200471E61802201770B6
:10DC300018F3B910C03014702806CAFFBE10802037
:10DC4000E5B810F3218500858E0EA0020342D8C7E7
:10DC5000E8C3A1C10845B6D8021C0430FE092FFF55
:10DC6000A14040250F17402482307ED96C713E09B7
:10DC70002003E140060AAFED0C72E2092FFFA1403C
:10DC8000402482302C706C72360AA002E140E10818
:10DC9000310022DE03148030D508B10A21DED60817
:10DCA0002000A140D340803F00004024423053D99F
:10DCB0006C718C70AC70E1400A260004011C833248
:10DCC00012092003CD704024423055D96C718C70FC
:10DCD000AC70E1400A260004FA082003011C8233DC
:10DCE0004024423056D96C718C70AC70E1400A26E9
:10DCF0000004E2082003011C82334024423054D93E
:10DD00006C718C70AC70E1400A260004C6082003D8
:10DD1000011C83322C702E0D6FFEA14010402C711F
:10DD2000220D6FFEA14008472C721A0D6FFEA14014
:10DD30000041FFDA80213E0008BA30792909A400A9
:10DD40008A213E003B67707B1D0BA4000271307975
:10DD50001509A40005270F1405273E9004F2C208F8
:10DD60002FFFA1404E850C70607AA141C140C8C709
:10DD7000EAC3A1C108461F80CB45A100FC206C70FE
:10DD800008D940250C168DBB24DA8CB9C21858036B
:10DD9000C118180380208C0F40260F1760B0A218FE
:10DDA0008280C018C381BE184480402482307CD950
:10DDB0006C720E09A002E140031480304024C2308E
:10DDC0007CD9A0B8031C02306C71E20FE002E14084
:10DDD0001040AA08AFED0C71AB083120402482300E
:10DDE00059D96C72DA08A002E14003148030402453
:10DDF000C23059D9A0B8031C02306C71AE0FE002DA
:10DE0000E1408308310054251019AD708A210220A9
:10DE1000B07AC140BE0CE00202411B09852F000010
:10DE20000020552111285520102855250D1872E87D
:10DE300029F0A9E84024823059D96C728208A002E6
:10DE4000E140031480304024C23059D980B8031C0B
:10DE500002306C71560FE002E14014DD4024823044
:10DE600021D96C725A08A002E140031480301708CF
:10DE700070007FD8CE0F6FED17B8A5772F2647F328
:10DE8000EEF5CAC778880C700A21800FA100D8204F
:10DE9000011182040B0BA00014760471BAF7E07F25
:10DEA00038238000EAC20845CD70CB47A100D820B6
:10DEB00001179014188D33080004AE0D0FEE1E0CE0
:10DEC0002FEE104100420240960D2FEE22410DE848
:10DED0002F80407900418C2002800C71CC21828FF0
:10DEE0000000FF0005F2C571C90ED4910C70CAC6BE
:10DEF000E4C3A1C140200E0708454024823057D911
:10DF00006C72BE0F6002C140031480304024C230E6
:10DF100057D9A5B8031C02306C718C70AC70C34625
:10DF2000803F0000AE0EE002C140B91581100C70B8
:10DF3000C6B9B91D4210C4C7E4C3A1C140200E0731
:10DF400008454024823057D96C72760F6002C14078
:10DF5000031480304024C23057D985B8031C0230E6
:10DF60006C718C70AC70C346803F0000660EE0029E
:10DF7000C140B91581100C7087B9B91D4210C4C7D2
:10DF8000E07FA6100001E0781F80E07F9F10000670
:10DF9000E6C2BF812846760F2FEE0847A11D181054
:10DFA000C140607FA21D5810C6C6E078E07F9C107B
:10DFB0000000E078E6C03F085100C343A100701E96
:10DFC000008B00A9038B828BC18BB668E48B156C28
:10DFD000C4BE4420000884250110C578976FA57839
:10DFE000857801A9068B02A9078BC2B803A9001A7C
:10DFF00005010C70C6C4E078E2C2BF80004109A5EB
:10E00000120820000C700C709F1D1910C2C6E07819
:10E01000EAC3A1C1BF8128463508B40010408C2056
:10E0200002A0CC2082AF0000FF0054F480D9FE0B88
:10E03000EFFEC140560B2002C140C34048410000E2
:10E04000A60BAFFEC1419F1D181444F02C70DE0BCF
:10E05000EFFEC140FF863C4E80C22FD96C71001C80
:10E0600083304A0DE00210410E87120E6FED4830EA
:10E07000C002C341A100701E60910391828943894F
:10E0800060C3021C023028B8248928BB05BC06BA2C
:10E090004420CF09C4BB44240018842201006578C1
:10E0A00007B945782578011C023080C230D96C74DC
:10E0B0002240FA0CE002031CC233B9168010C141A1
:10E0C000C6B8B91E02100C701E0BAFFE9F1D1814AF
:10E0D0000C701E0AA002C1419F150016CAC7E07845
:10E0E000E2C20C703A0AA00228459C150010C2C674
:10E0F000E6C24F08710023D8490A1401E189038957
:10E10000C089A28908BF08B804278C1F0000001F1F
:10E1100084201C00C342A100701EC57CA57880B27B
:10E1200003B2018925B8C0B802AA018926B8C0B8CF
:10E1300003AA018927B804AA520A200260400C7081
:10E14000C6C6E078E4C3A1C1450931014846402074
:10E150000D074024823058D96C72660D6002A140D0
:10E1600003148230126E4420010150228000257871
:10E17000031C02304024C23058D96C718C70AC70D2
:10E18000C346803F00004E0CE002A140C4C7E078C7
:10E19000E4C3A1C140200E0708454024823057D96E
:10E1A0006C721E0D6002C140031480304024C230E6
:10E1B00057D9A1B8031C02306C718C70AC70C34687
:10E1C000803F00000E0CE002C140B91581100C70B8
:10E1D000C6B9B91D4210C4C7E4C3A1C140200E078F
:10E1E00008454024823057D96C72D60C6002C14079
:10E1F000031480304024C23057D981B8031C023048
:10E200006C718C70AC70C346803F0000C60BE0029E
:10E21000C140B91581100C7087B9B91D4210C4C72F
:10E22000E07FA6100001E0781F80E07F96100006D6
:10E230005F8120456C73951A18008022C3063C4903
:10E24000C3441300D0E7910460021ED9E07F9C1004
:10E250000000E078E8C3A6C1504028461471031CB2
:10E26000033080F440230D0781C27CD96C72520CBC
:10E270006002A14005148030402482307CD9031C08
:10E280000230A0B8021C02306C718C70AC70C346B6
:10E29000803F00003E0BE002A140402482302FD995
:10E2A0006C71A140060BE002021CC33081C230D960
:10E2B00011DB0E0C6002A1404024413110DA4A0FFC
:10E2C0006FE2C140402482302FD96C71A140DE0A38
:10E2D000E002021C033181C230D911DBE20B600283
:10E2E000A140284E402441311E0F6FE210DA402435
:10E2F00082302FD96C71A140B20AE002021C433176
:10E3000081C230D911DBBA0B6002A140484E4024D3
:10E310004131F60E6FE210DA402482302FD96C7151
:10E32000A1408A0AE002021C833181C230D907DB96
:10E330008E0B6002A140684E40244131CA0E6FE24C
:10E340004C764024C2307CD96C718C70AC70C34662
:10E35000803F00007E0AE002A14036D80018042069
:10E360000C70C8C7F1C000411F807FDB4C7017BB29
:10E370009618980024A0DC188400DB1882006EA098
:10E380000E0820000C70D1C0E07F0C70ECC3A2C15D
:10E390007C1110002845D908B40010418C2102A03E
:10E3A000CC2182AF0000FF00BDF480D97E08EFFED3
:10E3B000A140DF8540250F174024C2307CD96C7204
:10E3C000E140FE0A6002071C033021C03816061027
:10E3D00040244230071C0230A0B8011C02307CD916
:10E3E0006C718C70AC70EE09E002E1404024423068
:10E3F0002FD96C71E140B609E002011C8331402441
:10E40000C23032D96C73BA0A6002E14021C20514ED
:10E4100081306C7280BA84B9011C8230021C423097
:10E420004024423032D98609E002E14040244230A3
:10E430002FD96C71E1407609E002011C03303E0ADD
:10E440006FED32D8381606104024C2317CD96C7179
:10E450008C70AC707E09E002E140C340484200008D
:10E46000860F6FFEA141961858245DF02C70BE0FE8
:10E47000AFFEA140FF85CD703C4D4024C2307CD919
:10E480006C72061C82333A0A6002104221C03817AF
:10E49000061081C25020010061C1061C02307CD9E7
:10E4A0006C718C70AC702E09E00242404024423006
:10E4B0002FD96C714240F608E002011C83314024E0
:10E4C000C23032D96C73FA096002424005148030C0
:10E4D0004024423032D9A4B8021C02306C7242404F
:10E4E000CA08E002011C8233402442302FD96C71EB
:10E4F0004240BA08E002011C823382096FED32D833
:10E5000038170610402482317CD96C718C70AC7045
:10E51000C208E00242400C70A141CE0E6FFE961878
:10E5200058240C70CA0D6002A14196100026CCC779
:10E53000E2C20C70EA0D600228459C150010C2C6AC
:10E54000E4C3A1C128452C70D3087100011C4230DE
:10E55000CB0AB40D23D940230E07402482307CD946
:10E560006C725E096002C1400314803080C27CD9A5
:10E57000011C0230A0B860C06C718C70AC70C346D6
:10E58000803F00004E08E002C14080C22FD96C716C
:10E59000C1401A08E002001CC33030D910DBC14072
:10E5A0000A08E002A14280C22FD96C71C140FE0F5F
:10E5B000A002001C03314025021430D910DBEE0FFD
:10E5C000A002C14080C22FD96C71C140DE0FA002F1
:10E5D000001C43314025021830D910DBCE0FA002B9
:10E5E000C14080C22FD96C71C140C20FA002001C73
:10E5F00083314025021C30D96C76B20FA002C14095
:10E60000402442307CD96C718C70AC70C346803F22
:10E610000000C20FA002C1402C702040C4C7E078A7
:10E62000E4C3A1C140200E0708454024823057D9D9
:10E630006C728E086002C140031480304024C230E6
:10E6400057D9A1B8031C02306C718C70AC70C346F2
:10E65000803F00007E0FA002C140B91581100C70F0
:10E66000C6B9B91D4210C4C7E4C3A1C140200E07FA
:10E6700008454024823057D96C7246086002C14078
:10E68000031480304024C23057D981B8031C0230B3
:10E690006C718C70AC70C346803F0000360FA002D6
:10E6A000C140B91581100C7087B9B91D4210C4C79B
:10E6B000E07FA6100001E0781F80E07F8A1000064E
:10E6C0007F810042941B18002040007AE07F9C105C
:10E6D0000000E078F1C05F8000417FD817B80EA23B
:10E6E0000C708A1A19001208200025A2D1C0E07F00
:10E6F0000C70E078EAC3A2C1BF812846BB08B40011
:10E7000010408C2002A0CC2082AF0000FF00A5F4B6
:10E7100080D91A0DAFFEC140FF863C4E40244230E6
:10E720007CD96C72071C0330960F20021041021432
:10E7300080303817061081C2071C0230A0B861C0B3
:10E740007CD96C718C70AC708A0EA002224081C2A0
:10E750002FD96C712240560EA002041C8331402434
:10E76000423032D96C735A0F200222400314803099
:10E770000214813081C283B861C1051C023032D9D4
:10E780006C722A0EA0022240F20E2FED32D83817FA
:10E7900006104024C2317CD96C718C70AC70360E7E
:10E7A000A0022240C340484200003E0C6FFEC1411F
:10E7B0008A1D181451F02C70720CAFFEC140FF86F8
:10E7C0003C4E402442307CD96C72061C0330F20E61
:10E7D0002002104102148030381706104024823085
:10E7E00050200100021C4230061C02307CD96C71A2
:10E7F0008C70AC70DE0DA002224081C22FD96C71EA
:10E800002240AA0DA002041C83314024423032D998
:10E810006C73AE0E2002224003148030021481304B
:10E8200081C2A3B861C1051C023032D96C727E0D61
:10E83000A002224038170610402482317CD96C7126
:10E840008C70AC708E0DA00222400C70C1419A0BEE
:10E850006FFE8A1D18140C70960A6002C1418A1559
:10E860000016CAC7E2C20C70B60A600228459C15A1
:10E870000010C2C614702040E07D3F809511010653
:10E880000079E078E6C1A3C19F80AD7042C58140A8
:10E89000802045036188C088F7108F8008BB657EA3
:10E8A000C2BF41C540C5DB0E801F00000080A1141F
:10E8B0000017CF0E2010CE788314431748308B00FA
:10E8C000483380000030830F004300000033801F76
:10E8D000003F00004A24C0700130C000A11C9C13FE
:10E8E000412803040030880F00380000CD70C34772
:10E8F000003C0000991C1C109A1CDC10A820410050
:10E900001424801380C38A104B07152386038710B5
:10E9100043074833841084104B07483385008D101B
:10E9200043078010400748338B104833830048303A
:10E930009E000033C01100338B0F003900000030FF
:10E9400000100034840F003A00000130830F803F34
:10E9500000000030C0120035C50101340B00003347
:10E960008007152489130030C00200304311C5719F
:10E970009B191C1030B8001EC0009C191C100C7193
:10E980004A24C0700028C00348308700A820800CAB
:10E990001424401315244B13961043079C130E1791
:10E9A00040240930A310400748338600F021431368
:10E9B000402E09149B130E1748308000F0214803A5
:10E9C00001338B0F803F00000130030005218013CD
:10E9D0000030C00101338301013000100033C30156
:10E9E0000030C00215224F030130C000A57100A7FE
:10E9F000C6C5E0785F8120453C498022050322D9C5
:10EA0000C3441300B4D9D10420026C73E4C3A1C180
:10EA100040200E0708454024823057D96C72A20C62
:10EA20002002C140031480304024C23057D9A4B81A
:10EA3000031C02306C718C70AC70C346803F0000C8
:10EA4000920BA002C140B91581100C70C6B9B91D56
:10EA50004210C4C7E4C3A1C140200E0708454024AA
:10EA6000823057D96C725A0C2002C1400314803096
:10EA70004024C23057D984B8031C02306C718C70AA
:10EA8000AC70C346803F00004A0BA002C140B915DC
:10EA900081100C7087B9B91D4210C4C7E07FA61061
:10EAA0000001E0781F80E07F77100006E4C2DF817C
:10EAB00028456C72781E18103C495526021E20D934
:10EAC0008C70160C2002A145781601166079A140C1
:10EAD000C4C6E078E07F9C100000E078E6C06B08D8
:10EAE000F1014046C340A1003C1E62908490C69054
:10EAF00060A9412B08026E9082A9E8904A90AC90E0
:10EB0000412C0B12412B09026CA970909290008845
:10EB1000C4A9E6A948A9AAA928BE28BF28BA28BD21
:10EB20006EA990A928BB28BC12A9011902020319D9
:10EB3000C202C5A9E7A949A9ABA90D1942026FA94B
:10EB400091A9001EC5040C70C6C4E078E6C23FDA85
:10EB50000041C340A1003C1E8A231E010ABA66B0D0
:10EB600048B04022C30F5F818A2319108A240A1FEC
:10EB7000CB47000012F9CB4600005178CB4500008E
:10EB8000717D0418C40284B0ECB0CEB0B0B02418CB
:10EB90000504001803006AB00C70771A19000E08FB
:10EBA000200026A20C70C6C6EAC3A2C1BF812846B7
:10EBB000CB08B40010408C2002A0CC2082AF000013
:10EBC000FF00B0F480D96608AFFEC140FF863C4E1E
:10EBD000402442307CD96C72071C0330E20A2002C8
:10EBE0001041021480303817061040248230502023
:10EBF0000100021C4230071C02307CD96C718C7001
:10EC0000AC70D209A002224081C22FD96C7122407F
:10EC10009A09A002041CC3314024423038D96C73D5
:10EC20009E0A20022240031481300214803081C2E7
:10EC3000051C42304520010545208005021C42305C
:10EC400061C038D96C726609A00222402E0A2FEDED
:10EC500032D8381706104024C2317CD96C718C70C0
:10EC6000AC707209A0022240C340484200007A0FF3
:10EC70002FFEC141771D181454F040260F17402471
:10EC800042307CD96C72E140360A2002061C033007
:10EC900002148030381506104024823050200100C4
:10ECA000021C4230061C02307CD96C718C70AC7036
:10ECB0002209A002E14081C22FD96C71E140EE0827
:10ECC000A002041CC3314024423038D96C73F209CD
:10ECD0002002E140021480300314813081C2A1B8C7
:10ECE000051C423061C038D96C72C208A002E140F4
:10ECF0008A092FED32D838150610402482317CD98C
:10ED00006C718C70AC70CE08A002E1402C701E0FAC
:10ED10006FFEC1400C70C141CE0E2FFE771D18143E
:10ED20000C70CE0D2002C14177150016CAC7E078DD
:10ED3000E2C20C70EA0D200228459C150010C2C6E4
:10ED4000F4C3A4C1604687E0AD70E6F493E2C80165
:10ED5000250023DD00119200011190008289638952
:10ED60000411910005894689E78908118800091175
:10ED70008B000A119F000B118400121194000C11DA
:10ED800087000D1189000E119E000F1185001011D2
:10ED9000950031894028132208BB4028100208BF83
:10EDA00040290912402D0502402900027C16160058
:10EDB000CB46A1003C1E402B0B12402C0402857B4D
:10EDC000457F0521C2110525810705204005AD704D
:10EDD0000522D2240520502405230B120524CC073C
:10EDE00064B64EB630B612B64026000783C27CD950
:10EDF0006C72081C443341C540C50E1C42330C1CC8
:10EE000044330F1C4233001E0215041E84140C1ED2
:10EE10000414E8B6141EC4128CB6A60820021040D2
:10EE20000D14803038160620402442335020010053
:10EE30000D1C42300F1C02307CD96C718C70AC7090
:10EE4000920F6002024080C22FD96C7102405E0FA7
:10EE50006002001C833102962496469668968A9634
:10EE600060C0021C423061C2061CC23028B828B9FA
:10EE700028BA28BB62C428BC011C0230031C4230E3
:10EE8000051C8230071CC23080C236D90ADB024022
:10EE90001A0F6002091C023380C22FD96C71024024
:10EEA0000A0F6002001CC3310C962E965096729683
:10EEB00060C0021C423061C2061CC23028B828B9AA
:10EEC00028BA28BB011C0230031C4230051C8230CA
:10EED000071CC23083C238D96C73E60FE0010240D0
:10EEE000208E0D1480300E1482300ADB2578091C28
:10EEF000823062C080C230D9B20E60020240381641
:10EF000006204024C2337CD96C718C70AC70C60E64
:10EF100060020240A140D4C7E6C3A1C1DF81402105
:10EF20000F0708454024823077D96C72E140920F78
:10EF3000E001001C013061958095429503148030FA
:10EF400038160610412C0E12412B8B01412A080164
:10EF5000C1BE4423011344200D1CC579A5796C2042
:10EF600040012578031C0230021C8230011CC23093
:10EF700080C274D96C748C70AC70E140560E600223
:10EF800060C4C6C7ECC3A1C1DF800845F88840242F
:10EF90008230E71680107CD96C720F20C003E71E08
:10EFA00002103C4D1A0FE0011041031480304E71E5
:10EFB00044205080031C023409F26E867CD94C70C8
:10EFC000A140A2082000031C03306E862FD94C718B
:10EFD000A14092082000002ACF236E8635D94C74B8
:10EFE00082082000A140960EEFEC28D84024823001
:10EFF0006AD96C72CA0EE0012240031482306E8618
:10F000006AD981BAA1405E082000031C82306E8656
:10F010007ED9A0DA4E0820000A2040035E0EEFECF5
:10F020000C75402482302C736C72960EE0012240E5
:10F030000314803024B844204080031C0230F0F3D5
:10F04000110830207CD96E864C711A082000A1402E
:10F05000E71681100C70E679E71E4210CCC7E07805
:10F06000E6C3A1C1DF806847031C82301CE0402456
:10F07000C2306C71360D600228450137801F803F19
:10F080000000C20DCFEC03148030DD653C1D021082
:10F09000C6C7E078E4C3A1C140200E07084540245C
:10F0A000823057D96C721A0EE001C14003148030CF
:10F0B0004024C23057D9A3B8031C02306C718C7045
:10F0C000AC70C346803F00000A0D6002C140B91514
:10F0D00081100C70C6B9B91D4210C4C7E4C3A1C1E8
:10F0E00040200E0708454024823057D96C72D20D5B
:10F0F000E001C140031480304024C23057D983B8A6
:10F10000031C02306C718C70AC70C346803F0000F1
:10F11000C20C6002C140B91581100C7087B9B91DCD
:10F120004210C4C7E07FA6100001E0781F80E07F96
:10F13000A8100006E6C2BF812846D20DAFED0847F1
:10F14000AA1D1810C140607FAB1D5810C6C6E078DC
:10F15000E07F9C100000E078EAC3A4C15041F908A8
:10F1600071002846BF833C4B80C27CD96C720E1C58
:10F1700003304E0DE00110400114803038150610A8
:10F180004024423050200100011C42300F1C02304C
:10F190007CD96C718C70AC703A0C600202404024D7
:10F1A00082332FD96C710240020C60020E1C833036
:10F1B0000E85CA0CEFEC4830C00280C236D90BDB9A
:10F1C000FE0CE00102400214803021C7011483309C
:10F1D000031482300A14813005148C3006148830F0
:10F1E000071487300814893009148B30381506103D
:10F1F00008BF08B8CB45A1007A1E6578E57A29AD2D
:10F2000000B541B54024C2337CD96C718C70AC70B0
:10F21000024084AD051D0212061DC211071D4212D7
:10F22000B20B6002081DC212008D00AE018D01AE4E
:10F23000028D02AE038D03AE048D04AE058D05AEC6
:10F24000068D06AE078D07AE088D08AE098D09AE96
:10F25000001985220C70CAC7E4C2DF800845E209A4
:10F2600020020AA60C7012082000A1410C70A81EF2
:10F270001910C4C6EAC3A3C1BF812846BF08B400A1
:10F2800010408C2002A0CC2082AF0000FF00B0F420
:10F2900080D99A096FFEC140C340484200004A0924
:10F2A0002FFEC141FF863C4E81C27CD96C72120C8C
:10F2B000E001104105148030381706104024423117
:10F2C00050200100051C42300B1C02307CD96C71AF
:10F2D0008C70AC70FE0A6002224080C22FD96C7123
:10F2E0002240CA0A6002001C83300E878E0BEFECAE
:10F2F0004830C00281C234D96C73C60BE001224091
:10F300000514803080C234D984B860C06C719E0A04
:10F31000600222400E87660BEFEC4830C0023817BF
:10F3200006104024C2327CD96C718C70AC70A60A75
:10F3300060022240A81D18145AF040260F174024DE
:10F3400082307CD96C727A0BE001E140031480308A
:10F35000381506104024C23050200100031C4230F2
:10F360000A1C02307CD96C718C70AC70660A600229
:10F37000E14080C22FD96C71E140320A6002001C6A
:10F3800083300E85F60AEFEC4830C002402482300C
:10F3900034D96C722A0BE001E1400314803080C242
:10F3A00034D9A4B860C06C71020A6002E1400E85D5
:10F3B000CA0AEFEC4830C0023815061040248232E9
:10F3C0007CD96C718C70AC700A0A6002E1402C70C0
:10F3D0005A086FFEC140B9168010C141C6B8B91EA7
:10F3E00002100C7002082FFEA81D18140C70020FDA
:10F3F000E001C141A8150016CAC7E078E2C20C704E
:10F400001E0FE00128459C150010C2C6F1C045083A
:10F41000710023D83F0A940201898089C342A10068
:10F420007A1E08B8857800B20389828908B8857881
:10F4300001B2048904AA058905AA068906AA0789D2
:10F4400007AA088908AA098909AAF60FE0016040FD
:10F450000C70D1C0E07EE078F1C0C340A100C8418B
:10F46000B910C1000909130031804079C340A100DF
:10F47000F81D008005E8298803E931804079D1C072
:10F48000E07EE078E4C3A1C12846C341A100E01DAD
:10F4900020890845CE0D20020C76004127ED3C4E18
:10F4A000402442301A0AE0016C7308442F2607F00A
:10F4B0001EF4031480308D70412843014420420023
:10F4C000412801014128CB00412888001D7865AD05
:10F4D00040AD442143004423421044204110C0B8B1
:10F4E00064AD43AD22AD01AD02F0FFDC8D78C4C741
:10F4F000E4C3A1C12846C341A100041E20890845D8
:10F50000760D20020C76004127ED3C4E402442301F
:10F51000AE09E0016C7308442F2607F01EF40314B3
:10F5200080308D7041284301442042004128010170
:10F530004128CB00412888001D7865AD40AD4421AD
:10F5400043004423421044204110C0B864AD43AD91
:10F5500022AD01AD02F0FFDC8D78C4C7C343A1002A
:10F5600069130F08500115085100178B03F0008B29
:10F57000C1B800A9001A8500E07F0C70E8C3A3C1E0
:10F58000C341A100941220810846041C0530001CD0
:10F59000013008E9C340A10000124079004176F033
:10F5A00080C0E60EEFFFC141C341A100E01D2089EC
:10F5B0000845B20C20020C750847B570AD711DF4FA
:10F5C00003148030330871004024423240260D1766
:10F5D0006C73E141EA08E001A1400B148030402443
:10F5E000C2316C716C20C000071C0230A140BE0FFC
:10F5F0002002E141AD703C4E82C26C71E141081CB9
:10F60000C331AA0F200210407208EFEC0AD880C064
:10F61000760EEFFFC14191E8051480301B08F1011F
:10F6200082C26C710240E141820F2002081C43310A
:10F630004A08EFEC0AD880C04E0EEFFFC1410041EE
:10F6400087E8051480300B0870012C70ECD92F2648
:10F6500047F0C5256210350D3F10402442326C73CF
:10F6600002405E08E001E1410B1480304024C231C9
:10F670006C716C20C0004520C000071C02300240A5
:10F680002A0F2002E1412C702D78C8C7E8C3A3C11E
:10F69000C341A100641320810846041C0530001CEE
:10F6A000013008E9C340A100D0124079004176F052
:10F6B00080C0420EEFFFC141C341A100041E20895A
:10F6C0000845B60B20020C750847B570AD711DF4E6
:10F6D00003148030330871004024423240260D1755
:10F6E0006C73E141DA0FA001A1400B14803040247B
:10F6F000C2316C716C20C000071C0230A140AE0EFC
:10F700002002E141AD703C4E82C26C71E141081CA7
:10F71000C3319A0E20021040620FAFEC0AD880C0AD
:10F72000D20DEFFFC14191E8051480301B08F101B3
:10F7300082C26C710240E141720E2002081C43310A
:10F740003A0FAFEC0AD880C0AA0DEFFFC1410041CB
:10F7500087E8051480300B0870012C70ECD92F2637
:10F7600047F0C5256210350D3F10402442326C73BE
:10F7700002404E0FA001E1410B1480304024C23101
:10F780006C716C20C0004520C000071C0230024094
:10F790001A0E2002E1412C702D78C8C7EEC3A4C117
:10F7A00098108000AD70CB46A10090121471B6F491
:10F7B000008E011C42330F1C42330E1C423390E07A
:10F7C0007E052500AD70CB47A100E01D208F960A75
:10F7D00020020C76D342A100E4414024C2326C7373
:10F7E0000041DE0EA00142400D14803044201382FF
:10F7F0001DF2208F6E0A20020C7508454024C2328B
:10F800006C734240BA0EA001A1410D148030402417
:10F8100082336C716C20C0000E1C0230A1418E0D31
:10F8200020024240560EAFEC0AD878D8011C0230B4
:10F83000402442307ED96C71720D200242403E0E4F
:10F84000AFEC0AD860D8011C0230402442307ED987
:10F850006C715A0D20024240220EAFEC0AD8AED88D
:10F86000011C0230402442307ED96C713E0D2002D2
:10F8700042400A0EAFEC0AD84024C2327FD96C73E2
:10F880003E0EA001424081D8011C0230402442308B
:10F890007FD96C71160D20024240402442307DD940
:10F8A0006C714240060D2002011C83304024C2329C
:10F8B00021D96C730A0EA00142402F2607F04002A6
:10F8C00001004024423135D96C73F60DA00142404D
:10F8D00008452F2607F00E70CD702E701CF407140B
:10F8E00090304024823029D96C73D60DA00142405B
:10F8F00082C22AD96C73CA0DA00142400A1480301A
:10F9000021C16C20512103B8C2B944200E0E5320EE
:10F910005021257E79020000008E021C423390E0C7
:10F920001E04250062C5CB47A100E01D208F3609CB
:10F9300020020C76D340A100E441402442316C7394
:10F9400000417E0DA0010240071480304420118246
:10F950001BF2208F0E0920020C750845402442310D
:10F960006C7302405A0DA001A1410714803082C27D
:10F970006C716C20C00062C0A141320C20020240B8
:10F98000FA0CAFEC0AD878D8021C0230402482303E
:10F990007ED96C71160C20020240E20CAFEC0AD842
:10F9A00060D8021C0230402482307ED96C71FE0B7C
:10F9B00020020240C60CAFEC0AD8AED8021C0230BE
:10F9C000402482307ED96C71E20B20020240AE0CE2
:10F9D000AFEC0AD8402442317FD96C73E20CA0010D
:10F9E000024081D8021C0230402482307FD96C71E1
:10F9F000BA0B20020240402482307DD96C71024053
:10FA0000AA0B2002021C83304024423121D96C739E
:10FA1000AE0CA001024008452F2607F009F4008E25
:10FA20000F08940407148030F7E003F2EADD2F2674
:10FA300047F346F4402482307DD96C7102406E0B4E
:10FA40002002021C033080D8021C02304024823085
:10FA50007FD96C71560B20020240208F0C7506086E
:10FA60002002021CC331402482306C7100413E0BE5
:10FA700020020240060CAFEC0ED8208FE60FE0010A
:10FA80000C76EE0BA001E0D908459AE8208F0C75A2
:10FA9000D20FE001021C4331402482306C710041DE
:10FAA0000A0B20020240D60BAFEC12D8208FB60F03
:10FAB000E0010C76BA0BA001A0D9084536701EF201
:10FAC0002F2647F31AF4208F9A0FE0010C75084592
:10FAD000402442316C730240E60BA001A14107149F
:10FAE000803082C26C716C20C00080B862C0A141BD
:10FAF000BA0A20020240AD7047020000208E1309AE
:10FB000074040D148030F1E0BA05C2FF04F0E1E0A6
:10FB1000B205C2FF80D8011C02304024423021D9F6
:10FB20006C718A0A20024240008E91E09605E5FF42
:10FB30004024823029D96C73860BA001424082C2D6
:10FB40002AD96C737A0BA0014240041490300A1435
:10FB50008E304024423153209020C2BE35D96C7380
:10FB60004240041C02345A0BA0010A1C823308458F
:10FB7000071480302F2647F3336E6C205101532039
:10FB80004E0105205020CA212220C07E2F2647F397
:10FB9000D7F4052180230F1C02304024C23335D90D
:10FBA0006C710A0A20024240402442307DD96C71B7
:10FBB0004240FA092002011C033080D8011C0230A7
:10FBC000402442307FD96C71E20920024240208FEC
:10FBD0000C75920EE001011CC331402442306C715F
:10FBE0000041CA0920024240920AAFEC0ED8208F91
:10FBF000720EE0010C767A0AA001E0D90845147073
:10FC00009FF4208F0C755E0EE001011C43314024EF
:10FC100042306C7100419609200242405E0AAFEC0E
:10FC200012D8208F3E0EE0010C76460AA001A0D922
:10FC30000845147085F481D8011C023040244230FC
:10FC40007FD96C71660920024240402442307DD940
:10FC50006C71424056092002011C8330052050245B
:10FC60004024C23335D96C714240420920020F1C36
:10FC70000234412EC01053268110C2B8051C4230F8
:10FC8000021C02304024423129D96C711E09200225
:10FC90004240402482302AD96C711209200242402D
:10FCA0004024423075D96C71424002092002011C87
:10FCB0000331CA09AFEC0C75AD704024423075D9E0
:10FCC0006C714240E6082002011C423361D8011CDD
:10FCD00002304024423021D96C71D20820024240C7
:10FCE000402442307DD96C714240C2082002011C80
:10FCF0004233402442307FD96C714240AE0820022A
:10FD0000011C42333B0B30200C755A0DE001208F53
:10FD100008464024C2326C734240A609A001C1418A
:10FD20000D148030402482336C716C20C00045205B
:10FD3000C0000E1C0230C141720820024240AD7862
:10FD4000CEC7E078EEC3A4C198108000AD70CB465A
:10FD5000A10060131471B6F4008E011C42330F1C15
:10FD600042330E1C423390E07E052500AD70CB4738
:10FD7000A100041E208F020DE0010C76D342A100E9
:10FD8000A4424024C2326C7300413609A0014240B3
:10FD90000D148030442013821DF2208FDA0CE00114
:10FDA0000C7508454024C2326C7342401209A00110
:10FDB000A1410D148030402482336C716C20C0004E
:10FDC0000E1C0230A141E60FE0014240AE08AFEC4C
:10FDD0000AD878D8011C0230402442307ED96C7198
:10FDE000CA0FE00142409608AFEC0AD860D8011C67
:10FDF0000230402442307ED96C71B20FE0014240A3
:10FE00007A08AFEC0AD8AED8011C02304024423048
:10FE10007ED96C71960FE00142406208AFEC0AD8BF
:10FE20004024C2327FD96C739608A001424081D829
:10FE3000011C0230402442307FD96C716E0FE0010A
:10FE40004240402442307DD96C7142405E0FE00157
:10FE5000011C83304024C23221D96C736208A00196
:10FE600042402F2607F0400201004024423135D99C
:10FE70006C734E08A001424008452F2607F00E7013
:10FE8000CD702E701CF4071490304024823029D994
:10FE90006C732E08A001424082C22AD96C732208DA
:10FEA000A00142400A14803021C16C20512103B8C6
:10FEB000C2B944200E0E53205021257E7902000045
:10FEC000008E021C423390E01E04250062C5CB4721
:10FED000A100041E208FA20BE0010C76D340A100EC
:10FEE000A442402442316C730041D60F60010240AD
:10FEF00007148030442011821BF2208F7A0BE0011E
:10FF00000C750845402442316C730240B20F600109
:10FF1000A1410714803082C26C716C20C00062C0A5
:10FF2000A1418A0EE0010240520F6FEC0AD878D846
:10FF3000021C0230402482307ED96C716E0EE001CA
:10FF400002403A0F6FEC0AD860D8021C02304024FD
:10FF500082307ED96C71560EE00102401E0F6FECAC
:10FF60000AD8AED8021C0230402482307ED96C718F
:10FF70003A0EE0010240060F6FEC0AD840244231ED
:10FF80007FD96C733A0F6001024081D8021C0230A5
:10FF9000402482307FD96C71120EE001024040246F
:10FFA00082307DD96C710240020EE001021C833068
:10FFB0004024423121D96C73060F6001024008458C
:10FFC0002F2607F009F4008E0F08940407148030E0
:10FFD000F7E003F2EADD2F2647F346F440248230AF
:10FFE0007DD96C710240C60DE001021C033080D83F
:10FFF000021C0230402482307FD96C71AE0DE001CA
:020000040803EF
:100000000240208F0C75720AE001021CC3314024AB
:1000100082306C710041960DE00102405E0E6FEC83
:100020000ED8208F520AE0010C766E0E6001E0D9E6
:1000300008459AE8208F0C753E0AE001021C433106
:10004000402482306C710041620DE00102402E0EAE
:100050006FEC12D8208F220AE0010C763A0E600174
:10006000A0D9084536701EF22F2647F31AF4208FC8
:10007000060AE0010C750845402442316C730240C9
:100080003E0E6001A1410714803082C26C716C2069
:10009000C00080B862C0A141120DE0010240AD7005
:1000A00047020000208E130974040D148030F1E023
:1000B000BA05C2FF04F0E1E0B205C2FF80D8011C1E
:1000C00002304024423021D96C71E20CE001424000
:1000D000008E91E09605E5FF4024823029D96C73AB
:1000E000DE0D6001424082C22AD96C73D20D6001DC
:1000F0004240041490300A148E3040244231532080
:100100009020C2BE35D96C734240041C0234B20D3B
:1001100060010A1C82330845071480302F2647F3FC
:10012000336E6C20510153204E0105205020CA210E
:100130002220C07E2F2647F3D7F4052180230F1CF1
:1001400002304024C23335D96C71620CE001424068
:10015000402442307DD96C714240520CE001011CB8
:10016000033080D8011C0230402442307FD96C71AA
:100170003A0CE0014240208F0C75FE08E001011CA2
:10018000C331402442306C710041220CE0014240F6
:10019000EA0C6FEC0ED8208FDE08E0010C76FA0C2A
:1001A0006001E0D9084514709FF4208F0C75CA08CF
:1001B000E001011C4331402442306C710041EE0BE0
:1001C000E0014240B60C6FEC12D8208FAA08E00183
:1001D0000C76C60C6001A0D90845147085F481D84E
:1001E000011C0230402442307FD96C71BE0BE0010B
:1001F0004240402442307DD96C714240AE0BE00158
:10020000011C8330052050244024C23335D96C7141
:1002100042409A0BE0010F1C0234412EC0105326BD
:100220008110C2B8051C4230021C02304024423109
:1002300029D96C71760BE0014240402482302AD9E2
:100240006C716A0BE00142404024423075D96C71F8
:1002500042405A0BE001011C0331220C6FEC0C757B
:10026000AD704024423075D96C7142403E0BE001C4
:10027000011C423361D8011C02304024423021D994
:100280006C712A0BE0014240402442307DD96C71F0
:1002900042401A0BE001011C4233402442307FD916
:1002A0006C714240060BE001011C42333B0B3020D5
:1002B0000C75C60FA001208F08464024C2326C7313
:1002C0004240FE0B6001C1410D1480304024823356
:1002D0006C716C20C0004520C0000E1C0230C14172
:1002E000CA0AE0014240AD78CEC7E078E6C2CB470B
:1002F000A1009C12251782103D8F26178710241706
:1003000080107C8F08BA402905043B8F402F0704DA
:100310001A62CB418000000022178D1008BBE072EA
:10032000C34600FF00009F8F21178B107961317247
:1003300063872317881020178E101E8FC022860116
:1003400008BD4832820008BC617500339E00081762
:100350000710418700170B108C704028081410BE3E
:10036000986000204813D860043600B10021430192
:10037000C5F6248702365E3005F045F7248701363E
:100380005E303173CB44A1000012C023860131706E
:100390002584C0208601C344803F0000483085008A
:1003A000078401311F01218400324D010130020117
:1003B0000036C037003582100131050023840F84D8
:1003C00048338300013182002A84023505000D8400
:1003D000003141010033C3100030400101324100BF
:1003E000013000010C20409207310D000684298461
:1003F000C0208611013002010284003382000031E6
:100400004101013082000C840132410048308810E3
:10041000003040010130000107310E0030841184AA
:10042000003102000031430302349F000236C21043
:1004300064840732DE070030820702358210AE8402
:100440000732CB07488401320901003702022C141D
:1004500008100032420201338300003042110133A0
:10046000830000354211B384013202010733880052
:100470005284003040030031830002308100023595
:10048000C010003641100030C00202310000483375
:10049000C1120730C2072BA74836C0320AA7013065
:1004A00080104830C0020CA7C6C6E078E6C2CB4731
:1004B000A1006C13251782103D8F26178710241773
:1004C00080107C8F08BA402905043B8F402F070419
:1004D0001A62CB418000000022178D1008BBE07229
:1004E000C34600FF00009F8F21178B107961317286
:1004F00063872317881020178E101E8FC022860155
:1005000008BD4832820008BC617500339E000817A0
:100510000710418700170B108C704028081410BE7C
:10052000986000204813D860043600B100214301D0
:10053000C5F6248702365E3005F045F7248701367C
:100540005E303173CB44A100D012C02386013170DC
:100550002584C0208601C344803F000048308500C8
:10056000078401311F01218400324D010130020155
:100570000036C037003582100131050023840F8416
:1005800048338300013182002A84023505000D843E
:10059000003141010033C3100030400101324100FD
:1005A000013000010C20409207310D00068429849F
:1005B000C020861101300201028400338200003124
:1005C0004101013082000C84013241004830881022
:1005D000003040010130000107310E0030841184E9
:1005E000003102000031430302349F000236C21082
:1005F00064840732DE070030820702358210AE8441
:100600000732CB07488401320901003702022C145B
:1006100008100032420201338300003042110133DE
:10062000830000354211B384013202010733880090
:1006300052840030400300318300023081000235D3
:10064000C010003641100030C002023100004833B3
:10065000C1120730C2072BA74836C0320AA70130A3
:1006600080104830C0020CA7C6C6E078E2C30F086D
:10067000F100A1C11709B5006C71110831012043C7
:100680000B09D4006C7203F020435320C100146B9B
:100690004420000C257840220D07031C0230402422
:1006A000C2302C746C71060FA001A140C340A100A0
:1006B000E01D20880C75AE0BA001031C83300041A7
:1006C0004024C2306C71E60EA001A1407FD8760FA5
:1006D0002FEC17B8C2C7E078E2C30F08F100A1C140
:1006E0001709B5006C711108310120430B09D400C2
:1006F0006C7203F020435320C100146B4420000CA3
:10070000257840220D07031C02304024C2302C748F
:100710006C719A0EA001A140C340A100041E208864
:100720000C75560BA001031C833000414024C230DD
:100730006C717A0EA001A1407FD80A0F2FEC17B878
:10074000C2C7E078ECC3A3C1CB47A100E01D304095
:10075000208F1041CD700C7561C6021C8433060BCE
:10076000A0010A1C8233004140200027402482302F
:100770006C7330424A0F2001104021C09708550287
:100780000B093120CD718F0810000B09512087080B
:10079000500004772708B500AD70402482326C7198
:1007A00042410240060EA0010A1C4233C340C04031
:1007B0000000920E0FEC5F091020208F0C750B1CAF
:1007C000423462C59E0AA001061C44334024C23252
:1007D0006C710041D60DA0010240402482312C747E
:1007E0006C73DE0E2001024022C03671C341A100AD
:1007F000402024B8CA25A1190F093021C1B80F091A
:10080000D120054903F01579A4813A0E2FEC483523
:100810000010C140CCC7E078ECC3A3C1CB47A10016
:10082000041E3040208F1041CD700C7561C6021C33
:100830008433460AA0010A1C82330041402000276D
:10084000402482306C733042760E2001104021C06B
:10085000970855020B093120CD718F0810000B0944
:1008600051208708500004772708B500AD70402458
:1008700082326C7142410240320DA0010A1C4233A7
:10088000C340C0400000BE0D0FEC5F091020208F58
:100890000C750B1C423462C5DE09A001061C4433F2
:1008A0004024C2326C710041020DA001024040247C
:1008B00082312C746C730A0E2001024022C0367102
:1008C000C341A100602024B8CA25A1190F09302115
:1008D000C1B80F09D120054903F01579A481660D2F
:1008E0002FEC48350010C140CCC7E078E4C3CB44BE
:1008F000A10069134F08B002A1C15B085001930821
:10090000710023D8570AB400CD70A089031C82332C
:10091000021C8233001C843340230E0780C22C74D7
:100920006C73C1409A0D2001B7AC350DD0103B0D52
:100930005010430D9010A6ED021480304620000C9C
:100940001EF000892D837920000001AC60796040A1
:100950001FF020890C70C1B920ACC4C702148030CC
:100960004520000C0CF0021480304620000C84B8A6
:1009700006F0021480304620000C85B8031C0230BB
:100980004024C2302C746C71220CA001C1400C7048
:10099000C4C7E078E4C2CB45A100E01D08460915B4
:1009A000C0104E0B6001081D4310B9168110C340E2
:1009B000A1009912081D0310C6B9001803000C709D
:1009C000B91E4210C4C6E078E2C20845C340A10087
:1009D0000C1E1E0B60010010C000B9158110C34031
:1009E000A100691300180300C6B90C70B91D4210AC
:1009F000C2C6E078E4C2CB45A100E01D0846091557
:100A0000C010020B6001081D4310B9168110081DAB
:100A100003100C7087B9B91E4210C4C6E2C2084563
:100A2000C340A1000C1EDE0A60010010C000B91511
:100A300081100C7087B9B91D4210C2C6C3400000B6
:100A4000FF7FE07EC3400000FF7FE07EC340A10047
:100A5000EC1DE07F0080E078C340A100101EE07F25
:100A60000080E078C343A100E01D488B204554700E
:100A7000E07D05A34025000730D9C342A100B41290
:100A8000C3441400D42B510420010FDBE4C3A1C1E3
:100A9000C342A100041E2846208A05A2DA0F600185
:100AA0000C7540260D174024C2306C718C70AC70F0
:100AB0000041A1400A0BA001031C033130D9C342FD
:100AC000A10084130FDBC3441400382CA1400A0C8E
:100AD0002001C145C4C7E078C340A100E41DE07F08
:100AE0000080E078C340A100081EE07F0080E0782D
:100AF000C34020410000E07EC34020410000E07E72
:100B0000C343A10099120F08500115085100178B1B
:100B100003F0008BC1B800A9001A8500E07F0C70BB
:100B2000FAC2FC1CC8B6ABC141C0B6D8291C023001
:100B300001C0AD704024423A1CE07ED96C710A1CA1
:100B40004233081C44331B1C4233620AA00140C0DC
:100B50002A0B2FEC0AD800C04024423A7ED96C718F
:100B60004A0AA001291C4233120B2FEC0AD800C0FC
:100B700082C22C704A0B20016C73147022DD09F4C0
:100B80000A1481301F09F00C8C21028821DD4A04EF
:100B90000200001E4370A100F01DC340AB437B1454
:100BA00008F0C340CB4185EB001E4370A100E01D5F
:100BB000CB45A1000012ED700E70CD70001D4210EB
:100BC000AC1D00104F2040212B1C023000C04024DF
:100BD000C23A50D94A2340000E1CC233CE09A001AC
:100BE0000C1CC433960A2FEC0C7100C083C255D97B
:100BF000CE0A20016C730E1480304620BE8747C099
:100C0000F2F307C02908350883C200C052D9B20ADE
:100C100020016C7300C00E148E3083C253D9A20A17
:100C200020016C730E14803008BE057E142500145C
:100C30000671950834A8501884037A1500116C15B4
:100C400010118C1503116A150C116E150F1170150A
:100C5000011144C07C150011CB43000000080FDADD
:100C60005320D122DB43FFFF00F008BA29BB412CFF
:100C7000C4110C21C0A245C004278E102F782F2745
:100C8000070328BCC5BB84240400C021C626D86045
:100C9000901DC2107C238E040224031148318C2045
:100CA0004129D40141291202412801218015051151
:100CB00082A5EF7C4479483383003C6404C17815F5
:100CC00008117415091149C3402B03110423430172
:100CD00072151E11761506111725D60084240420DE
:100CE0002F7B05C14128D51102220F254129D211A0
:100CF0004128021241291412842504208422042050
:100D0000981D8213C344803B0000412ECE31412EFA
:100D100013322F218727412ED701412E18022F266B
:100D20008731022246052F7A0224812448369620F4
:100D30004837951048318F005024C1057170003636
:100D40004120C020C606842604102F2047220223FB
:100D50008923842704200131930FB84100004830D3
:100D6000810009C02F2507020220C835DB418038E9
:100D70000000483189104836940048308E105024C5
:100D8000C8050031121100300902003440268A27BC
:100D90003C308C2702800130880FD1B817B704C0CF
:100DA000C027C607717400364B1600374E1604C7AD
:100DB00027B88420040028BF104F24A5C024C616DD
:100DC0008C2102A0C3414844000048308000C0216B
:100DD000C6278C2502800730540005C0C025C607F1
:100DE0008C2602B005C7C026C6378C2002A027B8C3
:100DF000C020C6278C23028028BF84200400C02383
:100E0000C6078C220280104FC022C60748378700D1
:100E10004830800048338300483282000035062184
:100E20000737870FA04000003C1DC014201D801410
:100E3000181D8011141D401207304F00381D00127C
:100E4000341DC012CCA5441D001507335500041DE8
:100E5000C01107324000F3A5483191204835850084
:100E6000003101210035820F003D00000131810F6A
:100E7000233C0AD74BA507C248369E304830902005
:100E800027A50036813F003D00000030832F003D44
:100E9000000048348C1083A52AA569A5401D401583
:100EA0002F0A350812A580D81B1C023000C0402430
:100EB000C23650D9F60E60016C71C340A100941285
:100EC0000018800F1300F8F6B60E2FFF01C000C007
:100ED00082C22C75EA0FE0006C7300168070A100CE
:100EE000E01D07E80A1480304520C0010AF0001612
:100EF0008070A100F01D08E80A1480308520010CE4
:100F00001B1C023000C04024C2362C759E0E6001AE
:100F10006C7100168070A1009A12AD70001E4273B1
:100F2000A100B01291E800160070A100E41DC341B9
:100F300014007C2CF60D200101C2001E0270A100DD
:100F4000E91DAE0D000101C001C14E80607A0C7038
:100F500001C0B9108100C6B90E0DAFECB91842003E
:100F60007A0BAFEC0846004215D8F60CAFECC14145
:100F7000001E0070A100F81DC340E73B47AB001EF8
:100F80000070A100A012001E0070A1009C1200C001
:100F9000C342803A5B9EC341EB3BF61B001E807050
:100FA000A100A812001E4070A100A41288C22ED970
:100FB0006C73221C42330A0FE000201C44332214BD
:100FC00080304024823A2ED987B82A1C023000C0D3
:100FD000DA0D60016C71A140ABC004141B34DAC699
:100FE000FAC2FC1CC8B6ABC141C0B6D8291C02303D
:100FF00001C0AD704024423A1CE07ED96C710A1CDD
:101000004233081C44331B1C4233A20D600140C014
:101010006A0EEFEB0AD800C04024423A7ED96C71C8
:101020008A0D6001291C4233520EEFEB0AD800C032
:1010300082C22C708A0EE0006C73147022DD09F4F9
:101040000A1481301F09F00C8C21028821DD4A042A
:101050000200001E4370A100141EC340AB437B146A
:1010600008F0C340CB4185EB001E4370A100041E75
:10107000CB45A100D012ED700E70CD70001D421056
:10108000AC1D00104F2040212B1C023000C040241A
:10109000C23A50D94A2340000E1CC2330E0D6001E3
:1010A0000C1CC433D60DEFEB0C7100C083C255D9B4
:1010B0000E0EE0006C730E1480304620BE8747C0D1
:1010C000F2F307C02908350883C200C052D9F20DD7
:1010D000E0006C7300C00E148E3083C253D9E20D51
:1010E000E0006C730E14803008BE057E14250014D9
:1010F0000671950834A8501884037A1500116C15F0
:1011000010118C1503116A150C116E150F11701545
:10111000011144C07C150011CB43000000080FDA18
:101120005320D122DB43FFFF00F008BA29BB412C3A
:10113000C4110C21C0A245C004278E102F782F2780
:10114000070328BCC5BB84240400C021C626D86080
:10115000901DC2107C238E040224031148318C2080
:101160004129D4014129120241280121801505118C
:1011700082A5EF7C4479483383003C6404C1781530
:1011800008117415091149C3402B031104234301AD
:1011900072151E11761506111725D6008424042019
:1011A0002F7B05C14128D51102220F254129D211DB
:1011B000412802124129141284250420842204208B
:1011C000981D8213C344803B0000412ECE31412E36
:1011D00013322F218727412ED701412E18022F26A7
:1011E0008731022246052F7A022481244836962030
:1011F0004837951048318F005024C1057170003672
:101200004120C020C606842604102F204722022336
:101210008923842704200131930FB841000048300E
:10122000810009C02F2507020220C835DB41803824
:101230000000483189104836940048308E10502400
:10124000C8050031121100300902003440268A27F7
:101250003C308C2702800130880FD1B817B704C00A
:10126000C027C607717400364B1600374E1604C7E8
:1012700027B88420040028BF104F24A5C024C61618
:101280008C2102A0C3414844000048308000C021A6
:10129000C6278C2502800730540005C0C025C6072C
:1012A0008C2602B005C7C026C6378C2002A027B8FE
:1012B000C020C6278C23028028BF84200400C023BE
:1012C000C6078C220280104FC022C607483787000D
:1012D00048308000483383004832820000350621C0
:1012E0000737870FA04000003C1DC014201D80144C
:1012F000181D8011141D401207304F00381D0012B8
:10130000341DC012CCA5441D001507335500041D23
:10131000C01107324000F3A54831912048358500BF
:10132000003101210035820F003D00000131810FA5
:10133000233C0AD74BA507C248369E304830902040
:1013400027A50036813F003D00000030832F003D7F
:10135000000048348C1083A52AA569A5401D4015BE
:101360002F0A350812A580D81B1C023000C040246B
:10137000C23650D9360A60016C71C340A1006413B3
:101380000018800F1300A0FC060B2FFF01C000C047
:1013900082C22C752A0BE0006C7300168070A100CD
:1013A000041E07E80A1480304520C0010AF0001628
:1013B0008070A100141E08E80A1480308520010CFA
:1013C0001B1C023000C04024C2362C75DE096001AF
:1013D0006C7100168070A1006A13AD70001E42731C
:1013E000A100801391E800160070A100081EC341FF
:1013F0001400982C3609200101C2001E0270A100C1
:101400000C1EEE08000101C001C14E80607A0C7014
:1014100001C0B9108100C6B94E08AFECB91842003E
:10142000BA0E6FEC084600420C753608AFECC141AD
:10143000001E0070A1001C1EC340E73B47AB001E0E
:101440000070A1007013001E0070A1006C1300C09A
:10145000C342803A5B9EC341EB3BF61B001E80708B
:10146000A1007813001E4070A100741388C22ED909
:101470006C73221C42334A0AE000201C44332214BD
:1014800080304024823A2ED987B82A1C023000C00E
:101490001A0960016C71A140ABC004141B34DAC698
:1014A000E8C3AAC12845084784C02C709E0BEFEE04
:1014B00018DACB46A100E01D330FB4100C704D0FAD
:1014C00030140C708C270290CC27829F0000FF0004
:1014D0000BF40C74720AAFFFA14107E80C70A14134
:1014E0000E0EE000E3A60386C8C7A1415A0AAFFF6B
:1014F000081E431006E80C70A141F60DE000E3A6BB
:101500000386081E0310C8C7208E834206B202B2AB
:1015100040C00E1C02304E0D20010C75CB47A100BF
:10152000E44183C26C7300419609E000E1400C7015
:10153000160AAFFFA1410C742C713609AFFFA1420E
:10154000208E220D20010C7570DA40251017071C23
:1015500082304024C2316C71004152086001024067
:101560001A09EFEB0C71208EFA0C20010C7508465D
:101570004024C2316C710240C14132086001071C35
:101580004331FA08EFEB1ED880C0FE0EEFFEA141FA
:1015900091E8051480301F0871014024C2316C713C
:1015A0000240C14106086001071C0332CE08EFEB80
:1015B0000C7480C0D20EEFFEA14192E80514803079
:1015C0001D08F1014024C2316C710240C141DE0F9F
:1015D0002001071C0331A608EFEB10D880C0AA0E2B
:1015E000EFFEA14188E8051480300D0831010C712F
:1015F0008A08CFEB84C10DD8860AE000A14260DEE4
:10160000B6E884C10BD87A0AE000A142B0E884C1F0
:1016100015D86E0AE000A142AAE884C113D8620A74
:10162000E000A142A4E882C260D96C73E1400A1CC8
:1016300003308E08E000081C05300A148030402476
:10164000823260D96C2000010A1C02306C715E0F7E
:101650002001E1402608EFEB0C710E1480301108D8
:101660007100CD720C71E208AFFFA14109C208C040
:101670008C704830C1024832C0022E7A0E7BC141C4
:101680009E08E000A1404E850C70607AA14110D800
:10169000C8C7E078E8C3AAC12845084784C02C70B1
:1016A000AA09EFEE18DACB46A100041E1D0FB410F4
:1016B0000C702F0F30140C708C270290CC27829F57
:1016C0000000FF000BF40C745209AFFFA14107E8C2
:1016D0000C70A1411A0CE000E3A60386C8C7208E57
:1016E000834206B202B240C00E1C02308A0B2001B7
:1016F0000C75CB47A100A44283C26C730041C20F9A
:10170000A000E1400C701609AFFFA1410C742C71D0
:10171000CA0F6FFFA142208E5E0B20010C7570DA9C
:1017200040251017071C82304024C2316C710041E3
:101730007A0E20010240460FAFEB0C71208E3A0B5F
:1017400020010C7508464024C2316C710240C14131
:101750005A0E2001071C4331220FAFEB1ED880C068
:10176000920DEFFEA14192E8051480301D08710131
:101770004024C2316C710240C141320E2001071C6D
:101780000332FA0EAFEB0C7480C06A0DEFFEA1417C
:1017900091E8051480301F08F1014024C2316C71BA
:1017A0000240C141060E2001071C0331CE0EAFEBF3
:1017B00010D880C03E0DEFFEA14189E805148030AD
:1017C0000B0831010C71B60E8FEB84C10DD8DE0908
:1017D000E000A14260DEB7E884C10BD8CE09E0008A
:1017E000A142B1E884C115D8C209E000A142ABE82A
:1017F00084C113D8B609E000A142A5E882C260D92D
:101800006C73E1400A1C0330B60EA000081C0530C2
:101810000A1480304024823260D96C2000010A1CF6
:1018200002306C71860D2001E140520EAFEB0C715D
:101830000E1480300F087100CD720C71DE0F6FFF37
:10184000A14109C208C08C704830C1024832C002B0
:101850002E7A0E7BC141CA0EA000A1404E850C70AD
:10186000607AA14110D8C8C7E8C3A1C108450C706F
:10187000D60E6FFF28471470CB46A100E01D85F2FD
:101880009C170110A0170010C34248430000043108
:101890004083CA25451004350090CA25051004353B
:1018A000809052F6C340C8420000043500905400B6
:1018B0002B00043580904C0026002C7101A6AD74DD
:1018C000004205F041A62C70AD73C340A1009912EF
:1018D00000885108B0000E708BE80132830F48C3B6
:1018E0000000BFBB0433808F833A6F129AF7043233
:1018F000808F4843000055F7304094E80E7112F095
:10190000C342484200000435809082002B00043519
:1019100000907A0026002C7241A6AD75D7F13040B8
:10192000F60BE0000916C010218602310000BFB896
:101930000430808F833A6F124A000C00B20BE00033
:101940000916C010FA0BE0000916C010A1400241B0
:101950001E0D6FFFE142208E0A0920010C75004127
:101960003C4F4024C2306C718C70AC70520C200122
:10197000031C033116092001E1400C70A209E000AC
:10198000E141081E03100186C8C7C340C8410000DA
:101990000435009088F60435809046F701A62C7334
:1019A000AD7690F1C342484100000435809089F63D
:1019B0000435009045F741A62C7307DD87F1C3403D
:1019C000C84000000435009088F60435809046F742
:1019D00001A62C7308DD76F1C342484000000435AF
:1019E000809089F60435009045F741A62C7309DDF7
:1019F0006DF1C342C83F00002C730ADD41A667F1B8
:101A0000E8C3A1C108450C70120E6FFF284714707F
:101A1000CB46A100041E83F29C170110A0170010F2
:101A2000C3424843000004314083CA2545100435B1
:101A30000090CA2505100435809052F6C340C84274
:101A400000000435009054002B00043580904C00B9
:101A500026002C7101A6AD74004205F041A62C7041
:101A6000AD73C340A100691300885108B0000E7027
:101A70008BE80132830F48C30000BFBB0433808F63
:101A8000833A6F129AF70432808F4843000055F76B
:101A9000304094E80E7112F0C34248420000043511
:101AA00080907E002B0004350090760026002C727A
:101AB00041A6AD75D7F130405E0AE0000816C010AF
:101AC000218602310000BFB80430808F833A6F1244
:101AD0004A000C001A0AE0000816C010620AE00072
:101AE0000816C010A1400241F20B6FFFE142208EA8
:101AF000860FE0000C7500413C4F4024C2306C71F1
:101B00008C70AC70BA0A2001031C0331A20FE000F4
:101B1000E1400C700A08E000E1410186C8C7C340FB
:101B2000C84100000435009088F60435809046F7DF
:101B300001A62C73AD7692F1C342484100000435F2
:101B4000809089F60435009045F741A62C7307DD97
:101B500089F1C340C84000000435009088F6043580
:101B6000809046F701A62C7308DD78F1C342484007
:101B700000000435809089F60435009045F741A6B1
:101B80002C7309DD6FF1C342C83F00002C730ADDDE
:101B900041A669F1E4C3CB44A10099124F08B002F9
:101BA000A1C15B0850019308710023D8570AB40003
:101BB000CD70A089031C8233021C8233001C843345
:101BC00040230E0780C22C746C73C140F20AA0003F
:101BD000B7AC350DD0103B0D5010430D9010A6ED55
:101BE000021480304620000C1EF000892D837920DD
:101BF000000001AC607960401FF020890C70C1B911
:101C000020ACC4C7021480304520000C0CF0021434
:101C100080304620000C84B806F002148030462044
:101C2000000C85B8031C02304024C2302C746C7147
:101C30007A092001C1400C70C4C7E0786A24801280
:101C400051248093E020820F1300C013CB44000086
:101C500046003E796A24801251248093E020820F4E
:101C600013002814CB44000047003E796A248012F8
:101C700051248093E020820F1300E413CB44000032
:101C800044003E796A24801251248093E020820F20
:101C900013008C14CB44000045003E79F2C3942419
:101CA0002F3AC340A000307E2E0C20001042CB47BC
:101CB000F000340003E850D92DF0CB461400004268
:101CC000008E1EE8AD70D341140004420A20802F1C
:101CD0001400184204110224041001240024833F3C
:101CE000000030068A240800060C20004240270825
:101CF000320058D9008EA571DD0D04904FD840C038
:101D000081C180C24240BA0B20004024143106E851
:101D100057D934AF15AFD2C74A22002000C0930A6A
:101D200005205A220E25302480231D78060A6FECE8
:101D3000104308453BE80785B9E881C01E66028666
:101D4000341511100E092000301510101045060929
:101D500020000386043040A54C706C70CA236900D3
:101D6000043080A0A241C5F774700241BE710431F5
:101D700000A0CA204904043580A0D1F7043040A057
:101D800005F25021FE8703F22CA5043100A00FF2CA
:101D90005020FE870BF20DA509F059D814AF161F7D
:101DA000C21455AF198D87B819AD4671B8F1C3404B
:101DB000A100084A860D0FFCD2C7E0786A24801281
:101DC00051248093E020820F1300AC17CB44000015
:101DD00043003E79ECC38224183C4FD840C081C1F7
:101DE000C340A000307EDA0A200080C202E8CCC7DF
:101DF000760E0FECE60C2FEC104210414A27001033
:101E000000C0EF0F259081C05A270D15A06026094C
:101E10006FEC1D7808461BE8078699E881C0B8601A
:101E2000101010014A25001015086E23A1404241F0
:101E30002E0E2FEC224208E8078886E8A571ED0DEA
:101E4000149805F0198E87B819AEE571DAF1E078CB
:101E50006A24801251248093E020820F1300D4174B
:101E6000CB4400004B003E79E6C22846460D2FFCCD
:101E70000845188D6308730842200302970B350547
:101E80001472C341A1001018C342A100A01825205C
:101E9000C00015F051F0E4F05DF0E2F0E0F0E0F0A9
:101EA000DEF0DEF065F077F0DAF083F0D8F0D8F00D
:101EB000D6F0D6F0D4F08BF097F042868B856A8509
:101EC00000820CA101820DA102820EA1038291A1C8
:101ED00070A10FA1C4F0A1E0C342A100201993F2A8
:101EE000A4E0C341A100E8189BF2A7E0A9F2ADE08D
:101EF000B6F422868B856A85008100A2018101A249
:101F0000028102A2038103A2048186A265A204A227
:101F1000A6F0A6F42286CB85EA85C340A10010185E
:101F20004181628183812081C5A0E4A020A083A09B
:101F300062A041A094F042868B856A85008206A14A
:101F4000018207A1028208A103828BA16AA109A1D3
:101F500086F042868B856A85008212A1018213A1D8
:101F6000028214A1038297A176A115A178F042867E
:101F70008B856A8500821EA101821FA102828019C1
:101F8000000003828C1900038819C0008419000026
:101F900066F042868B856A85008218A1018219A1AC
:101FA00002821AA103829DA17CA11BA158F0228666
:101FB0008B856A85008100A2018101A2028102A2B3
:101FC000038185A264A203A24AF022868B856A85DA
:101FD00000810CA201810DA202810EA2038191A2B7
:101FE00070A20FA23CF022868B856A85008106A232
:101FF000018107A2028108A203818BA26AA209A221
:102000002EF022868B856A85008107A2018108A2B5
:10201000028109A203818CA26BA20AA220F042864F
:102020008B856A85008207A1018208A1028209A12D
:1020300003820AA104828DA16CA10BA110F042863B
:102040008B856A85008200A1018201A1028202A122
:10205000038203A1048286A165A104A14A2700107E
:102060005B0FF5130C705A270E1E3226801FA1003D
:10207000881923E8720D2000E140BA0E0FEC1DE82C
:1020800055801BEA298819E9C341A1008919788D77
:102090002C66270B21033E66228E8DE92A85618EF0
:1020A0002AA02B852BA0C341A1001018607A62AE34
:1020B000228E096902AEE571D4F1C6C66A24801287
:1020C00051248093E020820F11002C69CB44000042
:1020D0004D003E796A24801251248093E020820FC3
:1020E0001300AC2ACB4400004A003E796A248012D7
:1020F00051248093E020820F11003475CB440000FE
:102100004C003E79788860428022BD03270A740320
:102110004A6B0F0A15081F0E8F700583C182422378
:10212000020989E2E020CD078A234802112380803A
:10213000E07C1080E07F00A16A248012512480930B
:10214000E020820F1100F47ECB44000033003E7982
:102150006A24801251248093E020820F11001080A5
:10216000CB4400001C003E7907213E80260024005D
:102170001A61072201002F2646F01A002300BF2013
:10218000FF0FC3410000FF7FC342FFFF00801470B8
:102190003C72E07F4E78E07807213E801E002400EC
:1021A000196107213E8016002300BF20FF0FC341A5
:1021B000FF7FFFFF1470C0216100E07F2040E078C6
:1021C000F1C005E9160820005878C3410000FF7FE0
:1021D0009A0B8000D1C0E07EE1C5004317E9317C55
:1021E000717A052A00031A200D03A27A5B7A150A78
:1021F00024030721FE800A000300170C85100471D8
:102200000721FE800A000400C2C46040C2C41378E3
:10221000C2C4E078E8C2504028463A0BA000084506
:102220000847320BA000C140EC78422041201670D4
:1022300001284200C3430000FF7F01280104C0BA07
:10224000CA2221001109E100C77D090D12104C704E
:10225000604109F0016B0F092400A4782FB84C707D
:1022600079605961B570CE212B002E78C8C6E07810
:102270003248072103000722010064792F2646F027
:1022800018002300BF20FF0FC3410000FF7FC3429F
:10229000FFFF008014703C72E07F4E78EAC2059028
:1022A0007041504041280D020F7EB04EA60AA0009A
:1022B000284789E00C700EF70926401365B800B76F
:1022C000104D0018042020970C71314E0019442045
:1022D000CAC6E078E6C3A2C1BF8040200E072847E7
:1022E00080C27CD96C72DA0B6000C140011480306E
:1022F000381506104024423050200100011C4230A5
:10230000071C02307CD96C718C70AC70C60AE0007E
:10231000C140402442312FD96C71C1408E0AE00087
:10232000051C43300E85560B6FEB4830C00280C24F
:102330003ED96C738A0B6000C140021480300114D6
:102340008230F5708A213E00C6B8C5204200051CC7
:102350008230061C0230402442313ED96C724E0A53
:10236000E000C1400E85160B6FEB4830C0023815F7
:1023700006104024C2317CD96C718C70AC70560A46
:10238000E000C140C6C7E078E6C3A2C1DF804020BC
:102390000D07402482317CD96C72260B6000A1406D
:1023A00007148030381606104024C231A0B8071C2C
:1023B00002307CD96C718C70AC701A0AE000A140BC
:1023C00080C22FD96C71A140E209E000001C83306B
:1023D0000E86AA0A6FEB4830C002C341A100701EEE
:1023E0000091E2894389639160C0248928B8956F80
:1023F00006BA53200F0144240018021CC23028BB27
:1024000084220100E57807B9C2BB45788523020C18
:102410002578031CC230011C023080C230D96C7494
:102420008A09E000A140402482317CD96C72920A72
:102430006000A14007148030381606104024C231D5
:1024400080B8071C02307CD96C718C70AC70860926
:10245000E000A140C6C7E078E1C580986C7090BBF1
:10246000354B2C7C4C7D7D7B99653B6330BB60B0EC
:10247000C2C4E078E1C5618048310C004833810076
:1024800007310403208002804831810007310703AF
:102490004830800007300603003401010037C001D6
:1024A0000130410000368001013101000431808F8C
:1024B00010400000B400260065D80431808F803EB3
:1024C0000000A8002C006C700437C080E844D224BF
:1024D000EC170434C0800A230011D223EC17043413
:1024E000C0922C708941CA216500CA21C5120436E8
:1024F000C0800A208011D220EC1704310092CA213A
:10250000A500CB45663F66662909700004334093F9
:102510009BE904344093540005000434809F8C3FB1
:10252000CDCC480029000437C080001A430019F0C0
:102530009CF70433809F8C3FCDCC18F6011A4300E2
:102540000434C0800DF00430409390F70430809F35
:102550008C3FCDCC0AF60436C080021A43002C779B
:102560000C70CA21660023AAC2C4E0786A248012D3
:1025700051248093E020820F1100B49FCB440000CF
:102580001B003E79C340A100BC1EE07F0018430041
:10259000C340A100CC1EE07F001843006A248012D3
:1025A00051248093E020820F110084A1CB440000CD
:1025B0000A003E796A24801251248093E020820F21
:1025C0001100F4A3CB4400000B003E796A24801272
:1025D00051248093E020820F110004A4CB4400001A
:1025E0000D003E790F08D5033220800FA100B441C1
:1025F000E07EE07FFFD8E078E2C208446609200070
:102600000C742084A18448314102307948310B0098
:102610000435C09289F64E09200012D8483541127F
:10262000307948310B00A2840435C09289F636090E
:10263000200010D848354112307948310B00A6846B
:102640000435C09289F61E09200028D84835411269
:10265000307948310B00A7840435C09289F6060909
:10266000200036D848354112307948310B00A88413
:102670000435C09289F6EE08200034D8483541125E
:10268000307948310B00A9840435C09289F6D60808
:10269000200048D848354112307948310B00A384D6
:1026A0000435C09289F6BE08200016D8483541127C
:1026B000307948310B00A4840435C09289F6A6080D
:1026C000200024D848354112307948310B00A584C8
:1026D0000435C09289F68E08200022D84835411270
:1026E000307948310B00AA840435C09289F6760807
:1026F00020004ED848354112307948310B00AC8467
:102700000435C09289F65E08200042D8483541124F
:10271000307948310B002B840431C08284F646089E
:1027200020005AD8C2C6E0784A2440730A22800F9B
:10273000A100201FA8208001298A0D0900000AE2BB
:10274000E07F0C70C340A100A41F008004E8019248
:10275000209204F00392229210B8E07F2578E0786E
:102760004A244073C341A100281F1D7B0A22400058
:10277000A8208001018A0D0B00000AE2E07F0C70A6
:102780003F813470E07CE07F008AE078EAC3A5C135
:1027900028460845C708300023DFC30E3010A1408B
:1027A000FE0DEFFF68151010388D1041ED70101CF4
:1027B000C4333909750643C7310E4E70400170A00D
:1027C00002864E1583100380483040020F7A1D0B9D
:1027D000A000AC702C1504106A854E1D02102C76DA
:1027E000560F2000A140388D0B69730895076F0EB6
:1027F0000E706C361F36C342FF4600FE003081204B
:102800004831002007310900028680C3CB4400C74D
:102810000000402408332080C18002806D7040C1D8
:1028200041C642C0310BF51083C100830031011055
:1028300040400431808020A306F6043100838140AB
:10284000CA204600041B10004830C00265710218FF
:102850001410EAF19A0E2000A140E140CAC7E078C6
:10286000E8C3A2C16D811040C34050430BD74C81D7
:102870002E81003303000032020000310000483393
:10288000C1028B4421B4C341A10008174832C202DF
:102890004830C00240210D0340B402B480C2020E91
:1028A000AFFBA1409E150111AD70C2B909691508B1
:1028B00075014C700021800FA100A841FF1082809B
:1028C000CB46A100F81E018E2B08A00040AE09E8FF
:1028D000226E00A902401A0E2000A1A9408E0AEA29
:1028E000226E024041A90A0E2000A0A9408E03F0EA
:1028F0004C700C7041AEC8C7E8C3A2C12846084559
:10290000147023D85DF2BB0E10101A85CB47FF461A
:1029100000FE0030D0038A0CEFFFA14048300000D9
:102920000730082082864A24C07080C1C34300C794
:1029300000008142A820C005041200042846E1419D
:10294000003000100430C0806F230B100430C083AF
:1029500005F6512300907C7000414831C002226E80
:1029600000B603844E158110483040020F7A1B09CF
:10297000A0002C762C1504106A854E1D0210AC7038
:10298000B60D2000A140C340A100BC1E2088809647
:102990008342619240928BE92290130A4100249075
:1029A0000B0B41002690190C401042B00018030098
:1029B00064B086B080C13A0D2000A1400C70C8C739
:1029C000E8C3A2C128460845147023D85DF2BB0EA7
:1029D00010101A85CB47FF4600FE0030D003C20B13
:1029E000EFFFA140483000000730082082864A24CB
:1029F000C07080C1C34300C700008142A820C00549
:102A0000041200042846E141003000100430C08068
:102A10006F230B100430C08305F6512300907C70A7
:102A200000414831C002226E00B603844E15811069
:102A3000483040020F7A1B09A0002C762C15041098
:102A40006A854E1D0210AC70EE0C2000A140C34000
:102A5000A100CC1E208880968342619240928BE92F
:102A60002290130A410024900B0B41002690190C70
:102A7000401042B00018030064B086B080C1720CF0
:102A80002000A1400C70C8C7E4C3A2C12846084575
:102A9000147023D831F231EE22864E158310048152
:102AA000483040020F7A1D0BA000AC702C150410AA
:102AB0006A854E1D02102C767E0C2000A1402286D5
:102AC000428161812381C340A2453DF8003202006A
:102AD00000330300003100004833C1024830C00217
:102AE0004832C202834321B300B380C1A140020C2B
:102AF000200042B30C70C4C76A2480125124809312
:102B0000E020820F11003CAECB44000032003E7941
:102B10006A24801251248093E020820F110094AE29
:102B2000CB44000031003E79C342F000400280D81F
:102B300008A20C822F2605F0E020C4072F277F0073
:102B40006F233F000482A7B804A22F267F00E07EF7
:102B5000E8C3A2C12846504008454024813181C2C3
:102B6000402483303A0FAFFFC1409B0830000C7007
:102B700004140731629E06144031419E249EE09E5B
:102B800006164911AC7142274B001E230E046968DA
:102B90002F240880002DC002041506100E78002D89
:102BA000C3001E66CA232100022ECE110214083172
:102BB0006E7BC076DB631E220204022B03014220DF
:102BC0005E101E270B146C791A2349028085002D94
:102BD0008F07EE7F1A626170022AC201F9612177C4
:102BE0000228C0019A6202290C02022F01123860E9
:102BF0009A6200A5C3410000FF7F60406E0960003B
:102C000041A5C8C7F1C04089C341A100141FC2BA81
:102C1000DE0A200040A9D1C0E07F0C70F1C0C341A2
:102C2000A100141FCA0A0000D1C0E07F0C70E07838
:102C3000E4C2CD70410E55135A268012CB45A10037
:102C4000201F1D65EE0AEFEB088D4128010400B539
:102C500021B50AE8C341A100A41F00810F20800311
:102C600000A108F0CE0AEFEB098D02B530B803B52C
:102C7000C571E2F1C4C6E078E4C3A1C128459DE86E
:102C8000098D1BE8CB46A100E01D088E95E8620E79
:102C90008FFE25866079A140208ECA0D60000C75DC
:102CA00000413C4D4024C2306C718C70AC701209F4
:102CB000A000031C0331C4C7F41CC8B79E78608110
:102CC00041812281BE788B4424B481C143B4220A5D
:102CD000200062B40C141F34E07F0C70E4C3A1C167
:102CE000284503E8C4C7CA0F8FFECB46A100041EC7
:102CF00025866079A140068676E80988F4E8208E6A
:102D0000760D60000C7500413C4D4024C2306C7162
:102D10008C70AC70AA08A000031C0331C4C7E07813
:102D2000E2C2C340A100E81D0088284502E8C2C6EF
:102D3000DA09CFEBA20D2000A142C2C6E2C2CE0941
:102D4000EFEB2845920D2000A142C2C6F1C0C3415D
:102D50001400C82C120BAFEE0DD8C3411400202D67
:102D60009A0BAFEE0DD8D1C0E07EE078F1C04844B8
:102D7000004214720C7012F2490A510045093401E4
:102D8000001B0501C341A100E21E208903AC02AC77
:102D900001AC0C7120AC16F029093402001B0502AD
:102DA00007AC06AC05AC04AC03AC02AC01AC00ACA7
:102DB000C341A100DC1E4C764E0C2FE081400C710B
:102DC000D1C0E07EF1C048441D08B0006C702D08F1
:102DD000510029091401408CC341A100E21E6C710D
:102DE00040B10CF0150934024C76C340A100DC1E42
:102DF000160C2FE081416C71D1C0E07F6040E0781B
:102E0000E4C3ADC12845084680C02C703E0A2FEEB1
:102E100034DA1F0DB4108C250290CC25829F00005F
:102E2000FF000DF4C3404843000042C003F0081CFB
:102E3000013080C19E0F2000C140C4C76A248012A7
:102E400051248093E020820F13007055CB44000082
:102E50005D003E796A24801251248093E020820F25
:102E600013008855CB4400005E003E79E2C3A1C147
:102E70002845004140244230C340A100E4414208BB
:102E800020006C73031481308A207F0AB171CA203C
:102E90002100C2C7E2C3A1C12845004140244230FD
:102EA000C340A100A4421A0820006C7303148130AF
:102EB0008A207F0AB171CA202100C2C76A24801209
:102EC00051248093E020820F13008C57CB440000E4
:102ED00028003E796A24801251248093E020820FDA
:102EE0001200804CCB44000029003E796A248012F5
:102EF00051248093E020820F1200E800CB440000B0
:102F000018003E796A24801251248093E020820FB9
:102F10001200A401CB44000017003E796A248012FD
:102F200051248093E020820F12000C6CCB440000EF
:102F300016003E796A24801251248093E020820F8B
:102F400012009805CB4400001D003E79F1C0C3413A
:102F5000A100F81E408908EA247241A9920FEFFFF0
:102F600000190300D1C0E07F0C70E078FAC2FC1CAD
:102F7000C8B6A3C10A26C0210A2780210A204031F1
:102F80000A21003178431040AE712E704024123176
:102F9000ED70CD70001C8030B670CA4500C0CA25E7
:102FA000C1150A240026209D0A234026CA24C126D2
:102FB000CA23012081C08C70AC70CC708242624305
:102FC000001A402436082000081C4034219D1E664B
:102FD00081C08C70AC70CC708242220820006243A9
:102FE0001F67B670AE70DAF50418C023001880238E
:102FF000A3C004141B34DAC6EEC208461E224000E9
:10300000AD7030428DBD2186B8604EB80A21802156
:103010000A2040210A2300218209AFFF68471E27AA
:10302000811408470086B9617209AFFF4EB91A27AB
:103030000114B9616609AFFF4EB91E23812401A6B0
:10304000B8611A2741144EB8B9615209AFFF4EB9A1
:1030500000A6C3410000FF7F120D2000E140CEC654
:10306000E1C580986C708FBB354B2C7C4C7D7D7B93
:1030700099653B632FBB60B0C2C4E078E6C3A6C1CC
:10308000161C02300C7040220F0748462845141CBD
:10309000043044C04024823560D96C71E1400E0D8B
:1030A0006000171C0331D60DEFEA0C71C340A1007C
:1030B000E01D2088AE0960000C754024C2356C719B
:1030C0000041EA0C6000E140B20DEFEA0C7684C0EA
:1030D000B60B2FFEC141D1083100084615148030CF
:1030E000C5083101CD70CD7080C231D90EDBE14011
:1030F0000C1C843342C641C6C60DEFFF40C6061401
:103100008230161480300514813007148C3003147B
:10311000833002148B3021C708BA6BB810BC08BBCF
:10312000596157688420830FCB4000FF0000CB41DA
:103130008000000010BF617399611D780A260002AB
:10314000FB6331714578C342A1009C12CA26250059
:1031500031738082C0230602483383002F230790F7
:103160000034C31012F24182002640004830800033
:103170001D0B701100320200190B1011290B711078
:10318000F8DE60A5CD7010F061A50EF042A50CF040
:1031900021850085628543A502304100023380000D
:1031A00024A505A5CD78C6C7E6C3A6C1161C023066
:1031B0000C7040220F0748462845141C043044C0B8
:1031C0004024823560D96C71E140E20B6000171C2D
:1031D0000331AA0CEFEA0C71C340A100041E208841
:1031E000960860000C754024C2356C710041BE0B1E
:1031F0006000E140860CEFEA0C7684C0F60A2FFEF0
:10320000C141D1083100084615148030C50831018C
:10321000CD70CD7080C231D90EDBE1400C1C8433FF
:1032200042C641C69A0CEFFF40C6061482301614FF
:1032300080300514813007148C300314833002145D
:103240008B3021C708BA6BB810BC08BB59615768EE
:103250008420830FCB4000FF0000CB4180000000A2
:1032600010BF617399611D780A260002FB633171FA
:103270004578C342A1006C13CA26250031738082B1
:10328000C0230602483383002F2307900034C31065
:1032900012F2418200264000483080001D0B701160
:1032A00000320200190B1011290B7110F8DE60A515
:1032B000CD7010F061A50EF042A50CF021850085BF
:1032C000628543A5023041000233800024A505A594
:1032D000CD78C6C76A24801251248093E020820FE3
:1032E0001200DC09CB44000015003E796A248012EC
:1032F00051248093E020820F1200F409CB44000097
:1033000014003E796A24801251248093E020820FB9
:103310001200040ACB44000013003E796A24801294
:1033200051248093E020820F12002C0ACB4400002D
:1033300012003E7900438C20C78F24D8E020C907B3
:103340008C233880E020CB078C21C78FE020C90771
:103350008C213880E020CB078C22C78FE020C90762
:103360008C223880E020CB07E07F0C70E6C3A3C13D
:10337000BF8040200E0781C27CD96C72420BEFFFE8
:10338000C140051480303815061080C20B1C023075
:10339000A0B860C07CD96C718C70AC70360A6000CB
:1033A000C14080C22FD96C71C140020A6000001C6C
:1033B00043300E85C60AEFEA4830C00281C23CD9CC
:1033C0006C75FE0AEFFFC140CB44A100641EE0947F
:1033D00022946194039422C260C7849428BF05B9E3
:1033E000021CC23028BB06B8C4BF44210108842295
:1033F0000200C2BB84200100E57907BC657A25780C
:103400004522020E8578031C8230011C023080C2E6
:103410003CD96C7496096000C1400E855E0AEFEAE3
:103420004830C002381506104024C2327CD96C7175
:103430008C70AC709E096000C140C6C7E4C3A4C1D3
:10344000BF8040200E07402442337CD96C72720A40
:10345000EFFFC1400E1480303815061080C20F1CDB
:103460000230A0B860C07CD96C718C70AC706609F9
:103470006000C14080C22FD96C71C1402E0960002C
:10348000001C83300E85F609EFEA4830C002C340C5
:10349000A1007A1E2090419082906390049060C1B8
:1034A000021C823028B928BA061CC430081C04301B
:1034B000011C4230031C823080C236D90ADBC14075
:1034C000EA086000041C04330E85B209EFEA4830B4
:1034D000C002381506104024C2337CD96C718C7040
:1034E000AC70F2086000C140C4C7E0786A24801262
:1034F00051248093E020820F1200FC183BDC3E79BF
:103500006A24801251248093E020820F1200146BF1
:103510003ADC3E796A24801251248093E020820FA5
:103520001200181A39DC3E796A24801251248093E3
:10353000E020820F1200B01A35DC3E796A24801236
:1035400051248093E020820F1200541B37DC3E7917
:103550001178E07F1078E078E07F08204000E07884
:10356000E07F09204000E07800421071CA224B0041
:1035700085F632785070CA220900E07F4E78E078F4
:103580002C709EB92042107122B93EF72C700CEAC3
:103590005B617070D4218600C220C600412A8280FF
:1035A0003D79F8F5E07F3078809861984298897C81
:1035B000697B497A9863CD07EFFF58606A248012CF
:1035C00051248093E020820F1300AC5B0CDC3E7929
:1035D000FAC2FC1CC8B6ADC108440C724E09AFFF5C
:1035E00020434CC04609AFFF09D840C03E09AFFF99
:1035F00008D841C03609AFFF0BD842C02E09AFFF33
:1036000012D843C02609AFFF11D844C01E09AFFF2E
:1036100014D845C01609AFFF1BD846C00E09AFFF2E
:103620001AD847C00609AFFF24D848C0FE08AFFF2C
:1036300027D849C0F608AFFF21D84AC0EE08AFFF2F
:103640002DD8588C404180213E04110975034BC090
:10365000210E4F700000071F40408020FD098BE0C5
:10366000F6030D00112600F00000A70AEA0301008E
:103670002B0975038022FD09252040000DF022F062
:1036800022F02EF02CF02CF02AF02AF01EF020F080
:1036900020F022F022F00CDD2DF0450A3503AD704C
:1036A0002520800027F00CF01CF01AF018F01CF018
:1036B00016F01CF014F01CF012F01CF0AD711BF0B1
:1036C00007DD19F00DDD17F0AD7415F0AD7513F0D1
:1036D000AD7611F00ADD0FF00BDD0DF0AD770BF0DC
:1036E000AD7209F0AD7307F008DD05F009DD03F0F8
:1036F0000EDD00830C1307000813040004130500FB
:103700005020FE870A26003032F45025FE8730F420
:103710005024FE872CF45027FE872AF4E483502798
:10372000FE9726F4C5835026FE9722F42C83502161
:10373000FE871EF40A835020FE871AF44B83502222
:10374000FE8716F486835024FE9712F41C130B0098
:103750005023FE970CF4201308005020FE9708F425
:1037600024130600EF705026FE870FF22413060084
:10377000201308001C130B0086834B832C830A83C1
:10378000C583E483EF715E25091ECB45A100541962
:1037900000214913241900106040301940102019ED
:1037A00080131C19C0131819C0110819001104192D
:1037B0004011001980173419C2172C1980102819CC
:1037C0008011141900121019C012320E6FFF0C195B
:1037D00000134A24C0732C700E702E704E706E70E1
:1037E0008E70AE70CE70EE700F702F706F70CD70E7
:1037F0000D706D7035190210A82041025A23021E67
:1038000065715865A2628C806B8004320082CA2187
:103810008900CA208910498004348093CA2609137C
:103820000433C086CA23C930688004324086CA2166
:103830008930478004330085CA24C9206680043259
:10384000C084CA2389204A8004338084CA22C920C4
:10385000658004320086CA20893044800433C085E4
:10386000CA27C920638004328085CA268920428005
:10387000018004334085CA25C92004324084CA210E
:10388000892004300084CA2009204A24C0736D7046
:10389000A82002055A23031E6C4D686014708DF237
:1038A0006D4D68603B08F30942200202650A150568
:1038B0000C702520800062F05BF074F04FF072F025
:1038C00070F070F06EF06EF04EF044F06AF038F088
:1038D00068F068F066F066F064F037F015F00042CA
:1038E0008022BD03450A5503252080004FF023F0B8
:1038F00052F017F009F024F027F02CF02FF034F0FC
:1039000037F041F03AF0786504800736002048F03F
:103910007308900077087008A4E00C7042F4786592
:103920000A80073000303CF06D08F009ADE00C7003
:1039300038F478650B800733003032F07865038007
:10394000073500202CF0786505800737002028F027
:10395000786507800733002022F0786506800732FB
:1039600000201EF0786508800734002018F0786584
:1039700001800730002014F07865028007310020B4
:103980000EF0A063073100000AF078650C8007365E
:10399000001006F078650980073100304830400299
:1039A0004025821D6C620F7A0F0CA0107A65361AC2
:1039B0000200371A030065710CC005E8020CEFFF26
:1039C0000CC000C005E800C0F60BEFFF024101C0CB
:1039D00005E801C0EA0BEFFF224102C005E802C082
:1039E000DE0BEFFF424103C005E803C0D20BEFFF3F
:1039F000624104C005E804C0C60BEFFF824105C068
:103A000005E805C0BA0BEFFFA24106C005E806C0F5
:103A1000AE0BEFFFC24107C005E807C0A20BEFFFE6
:103A2000E24108C005E808C0960BEFFF034109C05A
:103A300005E809C08A0BEFFF23410BC005E80BC066
:103A40007E0BEFFF63410AC005E80AC0720BEFFF6F
:103A5000C1411E0B4FFFADC004141B34DAC6E07821
:103A6000004265B80B0875013470C0226200E07F27
:103A70004F78E078004265B80B0875013470C022B9
:103A80006200E07F4F78E078E2C2CB45A100E01D04
:103A90000042C34114007C2C920AEFFF0185660AA4
:103AA000EFFF09ADD60BAFEA0C71C2C6E2C2CB453F
:103AB000A100041E0042C3411400982C6E0AEFFFBF
:103AC0000185420AEFFF08ADB20BAFEA0C71C2C626
:103AD000E4C3A1C1284615E940200D075D78412ABD
:103AE0004101C3B8031C4230021C02304024823022
:103AF0005BD96C72B60A2000A14005E8C4C70C77F8
:103B0000C4C75ED980DBA140A20A2000C142C4C75D
:103B1000EEC3A3C1FF801CE082C27DD96C72A20BF0
:103B2000AFFF10420914803038170610402442328B
:103B300082B8091C02307DD96C718C70AC70424027
:103B4000920A20002E708A2381260E70CD70AD70EF
:103B5000C340C8420000EE0AAFEAAB23082E80C281
:103B60000CD907DB5A0BAFFF42400614813021C34A
:103B700002148B300514823003148C300114883009
:103B8000267108B908BB402B0B122F20470445793A
:103B9000657C0523031214742E788E796E7A0020CA
:103BA00010203E66AC07E5FF5D654024823241D9B6
:103BB0006C720E0BAFFF4240442D0D110B1482307E
:103BC000442E0E11AC7D44281021CC7EB9661A20FB
:103BD0000024AD703860483080002F30000048303D
:103BE000C1028AEA0021800FFFFF47C18C20CA83EF
:103BF0003C000500130A51000021800FFFFFA3E0E5
:103C00008C20C58194F7150A91000021800FFFFFD9
:103C100051F08C20C2888CF78021200A65D8D1E130
:103C200065DDCA2025005473CA25011054170016FB
:103C30008C200280CC20828F0000FF0011F209143A
:103C400080303817061040244232A2B8091C0230D6
:103C50007DD96C718C70AC707A0920004240A14013
:103C6000CEC7E078F1C0C341A10008179A0C2FFB22
:103C70001C49D1C0E07F0C70E2C2084507800CE807
:103C80002C706E0AAFFFA1402C703609EFFFA140E7
:103C90000C70C2C622D8C2C6F1C0278006E9520AFB
:103CA000AFFF2C700C7003F022D8D1C0E07EE0781A
:103CB000E4C3A2C16D814C812E810846C3405043AC
:103CC0007FD600330300CB45A100DC1E003202008A
:103CD000003100004833C10263954832C2024830C7
:103CE000C0028B4440B421B402B480C2C340A100DE
:103CF000EC16EA0F2FFBA141984D2F2607F000A9E3
:103D000004F2EE09AFFFC1400C70C4C7F1C0C3405C
:103D1000A100EC16C341A100DC1E62096FFB001874
:103D20000500D1C0E07F0C70F1C0C341A100E41ECA
:103D3000BE098FFFD1C0E07F0C70E078F1C0278012
:103D400006E9AE09AFFF2C700C7003F022D8D1C089
:103D5000E07EE078E07F0C70F1C0278006E99209F0
:103D6000AFFF2C700C7003F022D8D1C0E07EE07859
:103D7000F1C0278006E97A09AFFF2C700C7003F0C0
:103D800022D8D1C0E07EE078E2C2084507800CE886
:103D90002C705E09AFFFA1402C702608EFFFA140F8
:103DA0000C70C2C622D8C2C66A24801251248093E5
:103DB000E020820F1300FC5D1FDC3E796A24801234
:103DC00051248093E020820F1200804B20DC3E794A
:103DD0006A24801251248093E020820F1200404C0C
:103DE00023DC3E799BC900000B2A00004C0905002A
:103DF000000800000000000002004E0500AAAA0A08
:103E000000000000000000000000000000000000B2
:103E100000010000035400040010004002006F0085
:103E200000003E0000000340083F000400010300C2
:103E300008000005005600002700CB0003540004D2
:103E40000018004003006F0000003E000000177AD9
:103E50000841000A0000187A0841000A0000FE7AB2
:103E600008410007008D00003900F90003540004E8
:103E70000028004004006F0000003E0000000DFA22
:103E8000104400050000FAFA0044004400000D0050
:103E90000800000E00010D000800001100000DA038
:103EA00008420003002800002300570003540004C8
:103EB0000030004002006F0000003E000000038060
:103EC000283F000200000000000000000000008009
:103ED000003F000000000000000000000000008023
:103EE000003F0000000103000800000600BF0000C2
:103EF0002500870003540004009800400F006F0362
:103F000000003E0000000100080000010000030066
:103F10000800000100000200080000010001060086
:103F20000800000100000600080000020001070070
:103F3000080000010000070008000002000109005D
:103F400008000001000009000800000200122A0019
:103F5000080000010040FE80180000010040400001
:103F600040100000080000000080800800FFFE7F75
:103F7000187FFF0200FF007F007FFF4FFFFF7F7F62
:103F8000FF7FFF7F0140FE4088000003004040802B
:103F90004000000000808080800000000040404021
:103FA0004000000000404040400000000040400051
:103FB0004000000000808080000000000000000041
:103FC0000000000000808040800000000040404071
:103FD00040000000004040404000000000404040E1
:103FE00040000000004040404000000000404040D1
:103FF00040000000004040404000000000404040C1
:1040000040000000004040404000000000404040B0
:1040100040000000004040404000000000404040A0
:104020004000000000404040400000000040404090
:104030004000000000404040400000000040404080
:104040004000000000004000408080008000000030
:104050000080808080000000008080808000000060
:104060000080808080000000008080808000000050
:1040700000008080000000000080808000000000C0
:1040800000000000800000000080808080000000B0
:104090000080808080000000008080808000000020
:1040A0000080808080000000008080808000000010
:1040B0000080808080000000008080808000000000
:1040C00000808080800000000080808080000000F0
:1040D00000808080800000000080808080000000E0
:1040E00000808080800000000080808080000000D0
:1040F00000808080800000000080808080000000C0
:104100000080808080000000000000800100FE0030
:104110008800000400120020003CAC00AC122020FB
:10412000123CAC3C0000000000000000CCCDCCCC28
:10413000CD3DCC3DCC00CC00CD00003D0058008BE7
:10414000003AA000A0588B8B583AA03AAC1220201D
:10415000123CAC3CAC58208B123AA03CA0588B8B44
:10416000583AA03AAC122020123CAC3CCCCDCCCC7E
:10417000CD3DCC3DCCCDCCCCCD3DCC3DCC58CC8B6D
:10418000CD3AA03DA0008B005800003A000000008E
:10419000000000000000000000000000000000001F
:1041A000000000000000000000000000E80A1C1CE5
:1041B0000A41E841E8121C200A3CAC41AC12202024
:1041C000123CAC3C010100000100010001000000B4
:1041D00001000000000000000000000000000000DE
:1041E00000000000000000000000000000000000CF
:1041F00000000000000000000000000000000000BF
:1042000000000000000000000000000000000000AE
:10421000000000000000000000000000000000009E
:10422000000000000000000000000000000000008E
:10423000000000000000000000000000000000007E
:10424000000000000000000000000000000000006E
:10425000000000000000000000000000000000005E
:10426000000000000000000000000000000000004E
:10427000000000000000000000000000000000003E
:10428000000000000000000000000000000000002E
:10429000000000000001FE000800000A00410000CC
:1042A0000100950005000000B00300003000000090
:1042B000400000004800000028000000503E1400AC
:1042C000983D1400C83D1400083E1400703D1400D1
:1042D000F1C00E080000D1C0E07F0C70E4C2AD70E8
:1042E0000A26801FA100C01F0086218602790D09C1
:1042F000720122B91E084FFFA571F10D349408E632
:10430000C4C60000494E4903543B1100E01DA10002
:104310000801000000C262000401C84200FF040955
:104320000C050A020EB4F31302060303C8DE83422F
:104330000F2303160F0407100107090F080F1002BF
:10434000100500AA0001040200020000050001019E
:104350000100900216EE06F205808020A216F102FE
:104360000205020E981B14021C0000C80608B006C5
:10437000086AC4E00208060220F802080328181D93
:1043800014024A0000300208021737880F030F108A
:1043900002100702040378000014A6130464A82C7A
:1043A0001408149033D49D13001308D4A7170804DD
:1043B0001B0428842A05280312BE0833330306038E
:1043C00004BD0203060304BC0903060304BB110376
:1043D000060304BA0B33CB03060304B91203060326
:1043E00004B81A03060304B70851B61B03100304EC
:1043F000CCCCB52403060304B42703060304B32D71
:1044000003060304B221030605C00400602005FC76
:104410008C2B140005000000BCA81300C01FA100D5
:10442000EF1C000000B0DA485FA1000F040B100879
:10443000022010060418020803041C02080B046E74
:104440000F2002100F040310280218030440020872
:1044500003040B58070C0F000000AAEA1102041411
:1044600002041C02040402040502040902041002EE
:10447000040F200F20028002022414057A3D04015B
:104480000000D6FFF93D0802114010D6FF793E101A
:104490000304103E0000484103500000C84C644132
:1044A00006022C021042070408C8420804084843C8
:1044B000036C02204312900A0510440B02083423B7
:1044C0003720213839020A484202341E00410604CE
:1044D000030C080402480800041300060900082819
:1044E0000080000C26000E27000E02322301022954
:1044F00001032A010000032501042101052B010508
:1045000009010604010C00000502000302041C035B
:10451000000606020706020800000602130606143B
:104520000700C82E002E802E65B101080508DB00AB
:10453000802EB402802EE3010510120250302008B4
:10454000212E59F51002066AF5802ED7026200006E
:10455000014D0000010022008000001000107900D1
:10456000A9F7802EFC3F00C10F040F100F100F1091
:104570000F100F100F100F100F100F100F1007104B
:10458000FD2D0C50D8B904D50605330101000300F8
:104590001801060F00020901F73F13F8071003087E
:1045A0001202240218030B0F040F100F100F100F2C
:1045B000100F100E101A24010012782E00B0205097
:1045C000E77FF67F06320F2E61F50020FE09C0B3AB
:1045D000042F17302F2EA1002D0210F66F0000E7D8
:1045E0006FE05FC82E0F800A8202301242410E0037
:1045F00000FC2FB82ED152002E604041400DBC98D7
:10460000BC4046C02E010A0FB81302FD2D0E6112E8
:10461000DC0000880615050000E0AA3805E09030AF
:104620000400EE06F2058080160000F102022D0162
:10463000D47B3B01DB7A04003F7BCD00006CC304DC
:104640008509C304ECE60C4601002700191034006C
:104650009600A012320C00F03C00122403020C233E
:1046600094320000004006BC02840700FC3FFC12AC
:10467000F95178717D3800100014021C06670C0790
:104680009D00000CFF0F0004C00000005BF598F1D6
:10469000D400D3001EF219F466F5FF00000064F5A3
:1046A000A200E000A500FF7FB4164DE9B54400006C
:1046B00069EDCF008A00BE008C008E00FF3FFFFB3B
:1046C0000008310100380030FDF5D7008002865F18
:1046D000FF004000004D0FEB007FFFC2F568F74779
:1046E0000F3B0F410F0000600F58F75BF7630F009F
:1046F000808600520F650F0004B3F15F0F6CF7B9AD
:10470000F1C6F10259FFD1F5670F00006A0FFF03F0
:1047100000FCF03F0B010E011001B90000002DF567
:10472000CAF5D50020F2B801FF1F802EC008000096
:104730001D6CAD00590131D10008EE7AE40C120273
:104740000000B300B4046203C0021FF8E107D307FE
:10475000DD010000D901BF01C901CB01C301C201C4
:10476000C501E3010000A000C801DC01F0004CF726
:10477000030212020002FC016FF70CED0F0D0F1087
:104780000F100F100810251046300F2EA4F1BE0098
:10479000000980B3062F0D2E920084AF022F163031
:1047A0002D90812E850086020660F5271A35D2C02D
:1047B0002E212E4AF1084303000F090A109050F7EA
:1047C0007FE67FD57FC47FB37FA17F0000907F828B
:1047D0007F7B7F982EF40000B26E2F012E00001117
:1047E00001072E0F01052E31010FBABFB9A3BC007E
:1047F00000DC0A1FBA24BC1C0B0FB822BD032E3CE0
:104800000100002FB9200A9EBC072E1201820A9FC8
:10481000B8BBBD0000910A3FB8900A252E180005CC
:104820002EC1F52EBC02040503AAA20EB8313088B1
:10483000040702501800009003050002088302607C
:10484000192FA5509152982E3D03052E821040003D
:10485000252EA0023482008090022F1230250212F1
:1048600001221A2E0326103005024E012F210206C6
:10487000250212030E80B22001000244C0F5F2307E
:10488000020807AA7330032E840018000022411A80
:10489000052F032E66F59FBC9FB840900C00402F5B
:1048A000A752033053422B3090045B422102222452
:1048B0000000BD7E808184434202420232252E6286
:1048C000F50500042E94008182052E0A0123020AB8
:1048D0009750900801000031232E60F580B20B2F15
:1048E000F23E012ECAF58214010825020605522463
:1048F000E03F90020C59F5906FB36FC400406FD544
:104900006FE66FF76F7B6F826FA16F70328EA010B2
:104910004150807FE71644A27F9132BE7B7F002EFC
:1049200001024C600180144C626F0132910880B228
:104930000D2F00B2032F04C2008090052FAB56024A
:1049400030C142C286002EC242037820000090008F
:10495000300602E88200A950212E5AF2982E006AF1
:10496000FFB3F66F806F916FA20676E70274600264
:1049700070137A200000301330C23308088B098A84
:10498000083050A2B8004440B2F112C8DB7F3112A7
:104990000489004190072F0052D889006000032E3F
:1049A0008800B150982ED60380B313203284302073
:1049B000084104232E9D126E88009156B11282E0A8
:1049C000B110252020E06F00B20512569D00023084
:1049D000100421022040B20200060210D200823FE1
:1049E0000208010A212ED200DB6F00A0F06FD05F19
:1049F000802E95CFF06F0130980208030216100543
:104A0000803F48086344890023020EDB0222B82E4F
:104A10004386250000400440D8BE2C0B221154428E
:104A200003804B0EF68FFF42A843960B045B689AF7
:104A30000134725A2A990F0B0F100F100F100F101C
:104A40000F10041000006050D17FF37FE27FC07F21
:104A5000BB7F1325982E000074C0C16F00A0B35413
:104A60001022E36F4240C3881200A03218020F22C6
:104A7000B230C06F2A2C01424042C4800004D16F82
:104A80004884C140834003420330A16FC10F02003C
:104A9000042FE06FF16F0142002EC1122200AC43DF
:104AA00040E200006F10300130082FC29082840174
:104AB0002281400800000090422030092C80428171
:104AC000848288C190000A00430516800234BB6FBF
:104AD000A05FB82E078A43817A8500000330143026
:104AE0004343438B934243437E8B680E8000934243
:104AF000F72F86805252DC124201423280002E2073
:104B0000000442802EED12D6910016B802344A0CF1
:104B1000212E80112DF5C02E232E9172DE7DAAFD4F
:104B20002D3012F8BD0E50001032982EFA010030D0
:104B3000F07F1030008212D02E020101029C002E64
:104B4000418248A2FB222EA0004090042F25811113
:104B500012BC212E1900192D33123398C7C105320A
:104B600074F07F809000B20E2F91024A4DC303066D
:104B70005AC7982E49B4982E4004EC02982EFDB2E4
:104B800013F8190001629E00B2042F9828082EE243
:104B9000B32376A10212920004AE0B2240A00000C3
:104BA000B2042A072F0350740E00B2022F0332877B
:104BB000022087420A902E60AA1BB1012E95022284
:104BC000033C150E033C85021C85021212023C0AAE
:104BD000A0920224020256050E092D982E5D0D01A9
:104BE000424E044220450407D22142FE012E860295
:104BF0002E902E33024A8600023102129608058A50
:104C000047CB036A190082300322031661327A0906
:104C1000010344000028BD28B905B29B58232F0783
:104C200090955200300000372F15410441DCBE44FE
:104C3000BEDCBA2C01A20000209B56510F0C2FD2D3
:104C40004224B9C24212425E6AF702909C4354B2B7
:104C50001022982E2AB4212D6242A09200030C014A
:104C60000103B25AF5182DE27F503210FA019B541D
:104C7000935090000042703099528142BE84E16F9F
:104C800040B281420514242F2102B81002202AB418
:104C9000032D60329692000386069002921802E479
:104CA000810097549352E042287AC122361A40225A
:104CB00036A5A2033020023016B405EA0502FE1E16
:104CC000141E92004208D026023E82029802FC0D79
:104CD0002F01901D02DC3F52AC9900A1329F580574
:104CE000001288B6039A9800122D9D58A3321041E5
:104CF0001141180040B9044198BC410A940A982E09
:104D0000D4B612028699902100212ED452789800B0
:104D1000152A03328600182D039C03AA4000012F98
:104D2000982E2B0E030C3F8003A2012F002E029120
:104D3000140286410E30029835B4032C8700059E7C
:104D400001223600B22401000230F5CB052E93007B
:104D5000A152020A7C8243862100012ED300E0404A
:104D6000A354C422BE98B9914243BE9300004204AA
:104D70000A9042E27FF0318240F16F95BC1005400D
:104D80004258D002FAA8CF06BCD26FE16F100A4099
:104D90003254C01550244419029EA0126442B780B8
:104DA0002E08B0C094142672046194A0F52F12F25C
:104DB0000F0204BE09536C807F80B3D532A6B36264
:104DC000B80000112FAD501A251240427F74821294
:104DD00040527F058822EE4053826AD6012E61F749
:104DE000013143C661F78012D2284086000822288C
:104DF0004022FE090117BC96BC0FB8633421440061
:104E00002E96120C01302A0218920044B2052F4748
:104E1000B2001090302D2F21026E2B2D032EFDF5A8
:104E20009E2308901402202880FCF599040C0E02A1
:104E30000C49F1AF544A084090081204218A733A91
:104E40001030032FB35C920010123416142E86001B
:104E50000A325A000A69F72DBD2FB980B2010254F7
:104E60008752308600E03112042196D8806F57E8CF
:104E70007B6F916F4052E810514F80E000017F043A
:104E800080D17F54889242A4B47FA37F8B7F12008D
:104E900000300140982EFEC9C26FB16F80428580FC
:104EA00044500084627F700816710246404283803D
:104EB0004A256F825000007F2F8F717F7A82477F53
:104EC0000430BB50B75AB900045CB5568240377FF6
:104ED000217FF0127667CCD26F3100006F824040A4
:104EE000428190062FA46F706F0B41030000844431
:104EF000400B428442418E706F0180A26F7000109F
:104F00007F8184506F246F0283500EA20846DB2FEE
:104F100001000025D56F966F3982878D4442478BFB
:104F2000A57F7600107F307FBD88716F12414140B0
:104F300024025C16B73001000240246F516F610EED
:104F4000307FF22F916F438A3D0000884241438BAE
:104F500004410B30A20E957F5B7F1600002F428428
:104F60000B308240A20F5B7F102FA26F4400008A9B
:104F7000818845410441A50E0430072F45828240B7
:104F800000844140824091020E002F1430547F1A59
:104F90002572B01382446FA112D6056844086802D6
:104FA0001606683E84722E7F7A880504033A7404DC
:104FB00020716FA06F326F0022840128844020008E
:104FC000241EA042A27F8280916F7B0424907F07E1
:104FD00026A46F0000906F624004410540A228AAF9
:104FE0001E224202840440036F2360982E9103A086
:104FF0006F3F800684131296A2030002540510E44A
:105000006F01400281018B40B2042F616F09305261
:105010004E4040221800400090D06F022F120782AD
:1050200046B16F04234282051A072FB16F41060C67
:10503000335AED00507270272F0600C0023A033435
:10504000202F514142418A016F8184AF1504002F06
:10505000B50216454140B30E2F044100A5012F4172
:105060000101524200AD0430092F8173D82E062C65
:105070005430042C80004430022C0430343290ED43
:1050800000042C0425022C0000003000308B6FF04F
:105090005EB82ECB50F0501240000006401A256C2E
:1050A000BE768A7480FB7F68BFCD5600000B30D37C
:1050B000084CBA6CBB5B7F4B430B42C0B28080C6CE
:1050C0007FB47FD07FE52256902EACB3012E904264
:1050D0004E00820B2FC152012E8B009202EABBCCF4
:1050E00001302302160000926FA36F1A2526BC869A
:1050F000BA25BC0FB854B1002000B2967F0C2FC364
:1051000050C5540B300BA21CC95800021B429B42D5
:105110006C090B422B020E8B427184CF5000225837
:1051200009C7529150827F750248C2C0010252E500
:105130006F0800D46F739234C152BF5C982E06CDB5
:10514000656FA06F0080C35240B304BD5340AFBA37
:105150004440E17F029200080040B302323EC55C49
:1051600012309343844303BF6FBB000080B3202FF2
:10517000466FDE00566F2603444240910000272E02
:105180008C00C552142FC55C002E9541864100004D
:105190005D05A60780AB042F80910A2F966F750FCF
:1051A0001022072F956F02562F53424452BE042CF3
:1051B000111228113081020206BC0FB8D27F0022E2
:1051C000EC3102D6D100232E8A0028080B2C015284
:1051D000508A920CD100101A023296D100012D860D
:1051E000080172EE83DED16FB06F0308E26FBD126B
:1051F000148C008240009A5042112C4242103031EF
:1052000052409002420546C06F950E8280B006085B
:10521000002EFB6F1072D4BD501050D35205729CFB
:10522000A200FB22B6134093D2B0FB4224ED0398B8
:105230002E87CF012E1200971270FB6F732669F72D
:10524000B13F01080130F05F2311010216212E69E0
:10525000F278E2B3F00244032EFCF5012EC0000107
:10526000F8D554D75682080B021ACB0AD958809029
:10527000DD0001BE4C085FB959228022120334C3FD
:1052800008F23A0A0004080235C0904A0A4822C0CF
:105290008210FCF51050FB0514127C5673B0C3113C
:1052A000303030FB6F035E9B02B689002151400213
:1052B000FC232E19020C90020CD100B82E03BC2145
:1052C00052BC033100020440B21002DE72D6300537
:1052D0002F052E960080900150002F232E6F82669E
:1052E00021029C11308108012E6AF77180503F2302
:1052F000BD0108020AC36A6AF7302563125A0274B4
:1053000021470272945330037C2AB440024A92002F
:10531000037A0325802E16B4020003C22A00310846
:1053200008F23020504A08E17F00B22028FB7F01BC
:10533000301562CA9B0001900302689B52F4CAB602
:105340000010982EA8CF11304108232EDB01926661
:10535000B41025A02AFB6FE06FE0A47CE014941148
:1053600012C49B025AE01224505100009154EB7F6A
:1053700011300A254D575F5D9540C440000025015E
:10538000D4424D17C4406503D542560EF52F000098
:1053900063570230C640B129E642002EC340C0B276
:1053A00000000A234C14710ED47F902EC6B6033130
:1053B0003153000033555C058A282B8251572D5FED
:1053C0002E80DE8C008A3089FF29967F607FC5D2CF
:1053D00016A4D214777F5112C2000090419241D39B
:1053E0006FC0B2467F317F082FD0A00000022FA0EF
:1053F0006F052C1010C66F96140312020A002005C8
:105400002ED9018090295540424A2F4152A4D9C03B
:1054100020102B55DB52201286FEC9726F102553C7
:10542000B6226FE3028030030A0FCA916F7686DBE3
:10543000522D55D04293042205850B1A2F02447930
:1054400080DB5290041A820F3CCA936F31025A18C3
:1054500050D042130420093A136F355FC042F7025F
:10546000AC2242AE3100005B33592F5D3157982E8C
:1054700067CCB16F022C40020042428680326F81BD
:1054800082626F466F967F4A0EB000107F942FF1B4
:105490003D4F551030536F91220AD9016600006FBD
:1054A000D1408040010090420916854028028000CA
:1054B00004429A802955D67FC37FB0026CD9C005BB
:1054C00030F500047F2025B16F2D592B5D2D045A36
:1054D000D66FC36FB200006F616FA7849043590EFF
:1054E000DF2F10308140080000289042D27F02A0B8
:1054F000272F2755515303309601000254081715E2
:10550000306509B501C30261B8948CB600C17FBF94
:10551000BD2955C17F438290D9C03555F204560B41
:10552000B20080B26F0330C16FAB84595D934250BB
:10553000424EB20C2808DB2F8312C0D12200B3C028
:10554000616FC00290B3C0516F09400398B3C0B2FD
:10555000B6520822B26FC16FA07FB352140F04007D
:10556000CAB2021AB3303753982E5ACAD66F0230D5
:1055700061C0046FD27F907F81021E424541760256
:105580003E0FCAD26F8100016F10284140926FD048
:105590000218982E0FCA816F7600106F595550422D
:1055A000720EE92FC26FA1026CFEC910101025B354
:1055B000302112BE0FCA2025615139025216B7C5DB
:1055C00000006F61513B5D1240750531301186530B
:1055D0005DC100007F150F0040082F3F8000A8210B
:1055E0002EC901002018300A2F9043B2F2430180E7
:1055F00003A00312C2122F914300028043002E3DEC
:1056000055006F82C256F06E3F55020F2000142FD6
:10561000E16EC3028E74C0C36F41550130C17F007B
:1056200000C20F0A2FF06E4353810E1130042F0079
:105630006F801000A41130002F21021AF180C240A7
:1056400033F25555B804008612E23ED786232ECB9E
:1056500001C242388A02400A00041A55550030023D
:105660002F91420EC268032ECC01121000304A283E
:1056700023020850A0042F57558982C36F8304006A
:1056800042401242052E9A00848C4741A141A956FE
:10569000C00000B30B09C40544898541F3BF828D66
:1056A000A77F9400007F0A2F092ECA010091062FC0
:1056B000818047590B000040495B847F0C2C495185
:1056C0002B0998B94404D80040BA828453BC455F82
:1056D000B3BE8B4013BE871236864010414B53B287
:1056E0006F76322E557F4B7F3402CA0FCAD1100518
:1056F0006F880E0332D6C20100E2F2004206C401F6
:10570000102D0302442E0206304828726FA8B923D8
:10571000020C0B0EC1126C0300C02F90429142008C
:10572000308042B330B26F411272034072000812EF
:1057300020012E024042160340C601122D012EC642
:10574000017100016FA95401804A0821020C010E69
:10575000072F5B510210008001302152EA014225DF
:105760002EC501916F7E8443010082387C809A2986
:1057700003404642C3B2063000302BBB2A736A9204
:10578000CC27029402DCF26A05D29C0302160302C3
:105790000C1C1264836F02A083B262172FF36E5049
:1057A0006F980F00301232DC98021220440E2FE363
:1057B0006E600412092F306F0312052F80024A0217
:1057C00004202F2D029E1030424082AC5682012FC1
:1057D000F33E5B55288082842D02848612645D55D9
:1057E000564256424A0EFB02280000DC01012D0001
:1057F00030EB6FB05EB82E2751013080015D55113E
:1058000042420EFC322A533EC20140500A253C451A
:105810005072A4013234E37F3244207AC1FB6FC05E
:1058200042DC70021C39000080F37F0342A17FC27A
:105830007FD17F03300343E40500E2AE220626D287
:105840006F02170408C16F0C09041A10000030041D
:1058500030202201B2142F65591409F3309300004F
:105860000824BD44BA940A0217F36F4C089A088AB8
:1058700000000A09535108A958940828BD98B8E4B3
:105880006F5144000A01228EBB6F900268F55605E5
:105890004069180D17E10000181905162537254A2B
:1058A000175418EC18043064000007EA188E005FE3
:1058B00002DB5693004C022FB9910000BC910A0202
:1058C00042B82E675369514340052E250000F3B8B6
:1058D000BD9A0A124242826B556440434048000020
:1058E000BEE30A13424382420EF72F802E78B7019F
:1058F00000402E3D010FBC8FB81050012E9C00417E
:105900009216011011900E2F70221268F7FB222CB4
:1059100064B7980226062CFB00086F009000300147
:105920002F212E68F705340FB8F05F0200210234F2
:10593000B82E6F556D51A140838A834018BE080070
:10594000624141A246230B28BD6341510A1442B86B
:10595000BD8000424111425A0A0102949B50013F0E
:105960000240510800101142013201423E802131B3
:10597000C02EF396802E00FEFFC10F040F100F10F3
:105980000F100F100F100F100F100F100F100F101F
:105990000F100F100F100F1001000310012E5DF7F4
:1059A00008BC80AC0EBB022F003041000004820610
:1059B000C0A40030112F40A9032F40910D00002FEB
:1059C00000A70B2F80B3DB58022F90A1261320884D
:1059D0008023809043A4CC0E00022EB82EE356DD27
:1059E00054D0724C00000B2EFDF3E35290429442CF
:1059F00095420530E55008200F8806B2289642C52A
:105A00004248BE73300D82224FBA000A84420342DC
:105A100081B3022F2B822806C2E877F7E1560020D7
:105A20009308252E77F7DF54252EC2F5070244424E
:105A3000308080B433DA0A4C0027020C4340D43F54
:105A4000DC084332280020002E43402430DC0A4387
:105A500042048003021A4A0A92082302066134159E
:105A6000BAD0512324CF0D5A527EF60D6B87080011
:105A7000ED54E1A2AEB37FB288E752C27F658BE9F5
:105A8000560800847F61A264D07F957F537F1430D5
:105A9000EB54816F0000427F002E5340458C424002
:105AA0009041BB8386410000D804160600AC817F7C
:105AB000022F0230D30410060400C1845264020B8A
:105AC00016040914019902C1B9AFBC0008590A644F
:105AD0006F5143A1B4124113225D357F647F0400EE
:105AE0002631A3AE982E37CA326F756F834042417C
:105AF0002300027F127FF630402551250316146FD4
:105B00002005706F2000256F6907A2D2440B300476
:105B1000429B428B4255428050327F40A9C36F71F5
:105B2000A2CAD040C37F13661512661300002F006F
:105B3000A4112F84BD982E79CA556FF554540101D4
:105B4000C20BF33F4541CB02F662AA37CA336FA4BA
:105B50006FC1000042032C0043A46F336F002E423C
:105B60006F556F91000440428B0041410001435545
:105B700002D8C14095404D004002C56FF350680EF9
:105B8000756FD142A37F8A52A69600000001B3220E
:105B90002FED58906F17301341B66FE4015402FA9D
:105BA000914114409241154017128AB6B2DECB32B1
:105BB000640000010C0715C26F140B290214C3A363
:105BC000C18FE46FD0C0006FE62F143005021005BE
:105BD00016442DEF540132F55800000530A95083CA
:105BE00040D8089101B8BD38B5E67F00000A16B16B
:105BF0006F2ABBA6BD1C0106BC5240060AA000537A
:105C0000404503B1120898121A1ABD16B686BA009A
:105C1000A90000AA0AB3520F2F0091B352032FB369
:105C20005A550F0400B3527206A1042F3F91032F5F
:105C3000F558D40F002F0000F5541225F233982E9A
:105C4000D9C0E46FF53745090004218505430530C7
:105C5000F152510E0374C52FD55409050B222A2287
:105C600002A077F7FB6F305226432E92B31E7F5D62
:105C70002F010000B2542F02B24E2F0390632FFB6E
:105C8000503982020040408188FD5441400357044E
:105C900042002E94121AD80000BE2C0B45406C0115
:105CA00055420C1745402C0354000042530EF22F6E
:105CB00005573E82E240C34028BD9300400A43405E
:105CC000DA0053428A1643409A02520236410000DB
:105CD00040D5544A0E3B2F3A8200304140212E6578
:105CE00010000F40B20AB29A610C982E2B0E982E1B
:105CF000410EFB0300B22E62942E35B40155F756C7
:105D000083428F867430FF080054C442A378920007
:105D1000A1422330272E9500212E00829400BA82C2
:105D2000182C81423042D29200132D21626E08025B
:105D3000232E92021A7BF70C2D7712E01F0CF950DC
:105D40000C82200E123040422502182F2E7B02E4D6
:105D5000B3DA54DA86FB7FE1040032620226C2C461
:105D6000A956A56FAB08916F4B0807000057C46F89
:105D700023094DBA93BC8C0BD16F0B09ED40005237
:105D8000095F5642AF021223BD940AE56F68BBEB70
:105D9000000408BDB963BEFB6F5242E3B2824342C6
:105DA000905FF3000050032E25F31240004028BA04
:105DB0009BBC88BD930020B4E30A891608B6C02EA8
:105DC00019006202C50C5D0D0254010282313008D7
:105DD00004FB6F0130C30E9402A895B2FE0145008A
:105DE00002CC0302CC480E0152B6050EB82E0B5160
:105DF0002134010000428230C132252E62F50100BB
:105E0000223001404A42040A53660B55F03B2324DA
:105E10000D538372B683305042C4000132272E6482
:105E2000F5940050825ED33F84407D82E3100108E8
:105E3000404283529201530002F87C86DD52092EC3
:105E40005004400FE31240D386544055409442859D
:105E500042210274420410402532EEC0427E820587
:105E60002E87008062BA052E0980000127BD2FB958
:105E70008090D38E6FF50C2D072E510F208014309B
:105E80001C09052224E15647BE9308940A25020CFA
:105E900020800F5550424A7246B82E50500230436F
:105EA000860D422C8002E37FD27FC07FB132084151
:105EB000120A4804982E74C000001EAAD36F143032
:105EC000B16FE322C06F5240E46F00004C0E1242EB
:105ED000D37FEB2F032E660F409011302800032F45
:105EE00023020A02F23ED06FFB6FB05FB82E405023
:105EF0000008F17F0A253C86EB7F413322149CD3B6
:105F00006FF4300000DC091359C26F940915596A07
:105F1000BBDC08B4B90000B1BD115B950821BDF62A
:105F2000BF770B51BEF16F0000EB6F52425442C07D
:105F30002E4342C05F50501F51000251301142FBAE
:105F40007F7B300B22340280233301424010030058
:105F5000072E8003E310AD52E27FD302AA982E9C55
:105F600000C00ED16F080A1A257B86D07F0133123C
:105F7000046E0312800800B20D2FE36F010230514E
:105F800030C792E621F208BC0000C042982EED0313
:105F9000002E002ED02EB06F0BB80042032E1B0037
:105FA000081AB07F70A226212E21F2051A9800400F
:105FB0002E6DC0982E5DC01751982E44CB19020645
:105FC000460440C31B020653C72026C06F0131118F
:105FD00042E1028C9800002E2EB72153003143403D
:105FE000180A4042F2370900002E5EF72357A20834
:105FF0002551C24285311542220040334A00FC86B9
:106000000B403230C2420B42E0827A9840802EC070
:10601000B3D16F8012D00330E06F1D550430037090
:1060200080030189620EFA2F4302E482B0726EB0DF
:106030005FB44800000000A25500007D6F0000A87A
:10604000FFFFFF4E0100000000280000006EE7FF88
:10605000FF76F3FFFF7CF4FFFF9FFF020F0F030F9C
:10606000100F100610802E7FCC0F100F100F100F86
:10607000100F100F100F100F10FF030F100F100F45
:10608000100F100F100F100F100F100F1009101914
:1060900000060032000000070064000800C8000984
:1060A0000090010A00200320080B007D0004124E1E
:1060B000803DFA00030208003EF40142100202088B
:1060C000803EE80312AB00003FD007020F00803F84
:1060D000000052205DBF522095EEDC2F0E0EBF1245
:1060E00083DA0040BF1206F500000E0E004001806A
:1060F000004003240E00020E0102040810000100FB
:106100000342999A9B9E787900007A71A0A27B7CC9
:106110007072A400C841A100F103000000622A00CF
:1061200002010A060F02060D03050A0510110207F7
:10613000F00204E80306002802060303A0007C0A1C
:106140001400FC131400A80914404100C4171400E3
:1061500034021050020CF00814004C020CC00B8EDC
:10616000020C032A980208F01A14005C02140310AF
:106170000B04C412A10B0F09400A0C803E090D4804
:10618000430000C83F0000FF7F071401B565020906
:10619000FF030403020506030E0FC00218150FC00B
:1061A000032A02160303A00004003C0F1400F0159C
:1061B0001400B402A05C19140040551702A0780224
:1061C0000C24020454020CE80208042A02084802C3
:1061D000D4B8F413F30B030F0C0494130FC0071F70
:1061E0000FC00FC002CE022BFF0AC01A01100035EB
:1061F000000F010106C021021915800000102719A7
:106200000003780200000044AB1300ECAE1300E87A
:10621000A9130040B31300AAA0F002084802040822
:106220000204F8020498D9130034022090020C747E
:1062300030C8B402BCAA020402480B03F814A1003F
:10624000A00FC40221B81E827C051B8044000048B8
:1062500041027A0008021C0303138004040AC019D7
:10626000E210010FC00000030FC0023005C0800023
:10627000F0CA0290D413000400CCC702A8D71300C0
:1062800094C913004CC3130058C028B013009C02DB
:106290000CD4021824D01300ACC602DC0220A402E5
:1062A00014325E000E0138150FC0052166666622A5
:1062B00030050C02BC02C0C802C0D0B85307D007DA
:1062C000051404BC020B010290020704031B010F1A
:1062D000C00022D40003A804011F80037823003CDF
:1062E000B813006C02041C0204C40204029B2402C2
:1062F0000444B7130070B602D802367C128002073D
:1063000000140218775803080F0403107A1F800343
:106310001502048FC2753D020706038002CC48F8BF
:106320001142000003B60513030A04040305051314
:10633000002E010FC000002107051F8002F017800A
:1063400030E61300500204140204C0E71300284191
:10635000CD0208C4E513007C02040002011C0210F7
:106360000207000C0608030C3B4B0F040310A02F80
:106370004002150FC000000FC005CE010AC02F015A
:106380000FC000CC0000200FC00AC0C0E222FC02F7
:106390000484E113008CE413004A55A80208340277
:1063A00004ECE015808C020C0002017C02089C02C7
:1063B00020B0F74F0208020F0C037C1F80061E0F4F
:1063C000C00FC003B704040305063430010FC0003A
:1063D0000C0C00380FC00AC0A8EA130004EB02AC92
:1063E00002088CEC1300829A300208B0E9130068AE
:1063F0000204000201080210020700F80210BA7F2E
:106400009C022038061003140704810FC006190FE0
:10641000C00FC003B70404030506342B6210010F3C
:10642000C00000230FC00AC094BA1300B002047069
:10643000B913B8AA0020BB32C003080204D426F066
:1064400078020C000201680208300220FE0F9C0254
:1064500008020F0F034F8004200FC00FC003B704C2
:10646000040305043200002C01310C0FC00000377A
:106470000FC008C0A00054DF32C00204E4DE1300E5
:10648000AAAA3C223408020C94020C4C020400021A
:1064900001EC0608DC02084C0220FE0F100220026C
:1064A000170F030FC004200FC00FC003B70404036D
:1064B0000504320000310131200FC00000390FC047
:1064C00008C08000B4F11300D0020488F02D61529E
:1064D00034F352280208380204F0EF22540000007E
:1064E00090020C020700EA1F800208680220B40232
:1064F0000803100F043FC003200FC00FC003B701F3
:106500000000000000010100000000000000000089
:10651000084AA1005B05000000B269000201F00119
:1065200002050E03C00E10090F4844090C03090BA5
:10653000060AF4F06DA21300DC0204060F0F070F29
:10654000100410F10F800216040204030301063246
:106550000203060B04C8430000C83F0512020605EB
:10656000080D06E826869B140D11020E7FD6D03D3D
:1065700002070F030410D10F80021605200205FF49
:106580007C02030F80027C0280021904030F800446
:106590001500E80F8002170F8002130803CDFFDEFD
:1065A0000F80021A07130F8005801F0002310A03B3
:1065B000AC1F800A1C0F0B0310CB076D030DFFB738
:1065C000060417DA0F800F80062F0C071F00031D2B
:1065D0001F0003140704FC0F800219250204B7B33F
:1065E0000F0305102C000A05140D06C41F000D1F13
:1065F0000F0E00FD0F800222280204F5630303053D
:106600002F80000F8003260D040F800D1E0F0E003B
:1066100000F70F8002231CFFB7020403031F801F33
:106620008003240F041F8003201F8003140704F637
:106630000F8002191F0204FFDB03030F800F80038A
:10664000240F040F8003200F8003140704F30F802E
:1066500002190D020403037EB8031F801D804F0042
:1066600003333F800414E12E654204090F05021034
:10667000D00F80FD9102140E46000F8015000221FC
:1066800004034F0004150054284580E0240508EF5A
:10669000FF03160F8003140704CF0F80021927D9B8
:1066A0000F8005804F0002310A034F000A1B0F0BB9
:1066B000EDFF0410F40F8002160C020403030F8098
:1066C0000F8003240F042F0003201F00031407046E
:1066D000F6EFF20F80021916020403033F800F80C9
:1066E00003240F040F800520806634050E0B06F688
:1066F00053D20F80021D1726000F80021B0A032FA2
:1067000000051B1C2915F8EC2A00006EFF000F8005
:10671000052C0306CE0F80021513020403030F801D
:106720001F0003240F042F000F20EDFF0F10F50FA3
:1067300080022115020403030F800F8003240F043D
:106740001F8005201F0005160306F6FBFE0F8002C2
:10675000152B02040F0305105C804F000423E41680
:1067600080040D0F050F100210F67FFB0F8002143E
:106770002202040F0305100C8037A7051B06066FC5
:106780000006170F070810C0FBDF0F80021A0696DD
:10679000015F801F80022B0F035F0004205F8004D5
:1067A000150605CC0F800218FE6F070F8002140536
:1067B000031C001F8004232F0003150F8003140700
:1067C00004C80F80021926FFDB0680020B0E030CA3
:1067D000801F80042C1F8004150F050A10C90F802C
:1067E000021C2906803F00E7ED1E800F80023A0060
:1067F000000F8004150F050A10C60F80021C1D062D
:10680000802F000E80FBF61F80023A002F00041438
:106810001F8004150605C20F8002180F06806F0046
:106820000F80022BBFFD0F030F8004206F000415A3
:106830000605C30F800218100F80021405032C00F8
:106840001F000423DFFE2F8003150F8003140704AD
:10685000C50F8002192006801F801F00022B0F0326
:106860001F000420B7FF1F8004150605C10F80021A
:10687000181806802F800F80022B0F030F80062030
:106880005F800617EDFF0207C40F800214190F8006
:10689000021405031F8005160B061F80051C0F80C0
:1068A00005160306F6BFCA0F8002152C0680020BE0
:1068B0000E030F800E1F020F6F0002130F030C1048
:1068C000C70F80FD6F021E230F80021405030C808A
:1068D0004F0004234F0004150F050A10830F800298
:1068E0001C087CDE800004012F802F0004250E058B
:1068F000C41D85800B172F800B1CB60F80021D7ED8
:1069000081999600020B0E0313C803040317060FA8
:106910003A00683C14000C020472CC8402045C2D22
:106920000F8803340F040000ED0F4602239A34024F
:10693000050F032F000410037C0304030D02CF1E78
:1069400000C03B1400BC271400A8E00D2E1400501A
:10695000A89746032C0F040910F80F80021B8930FA
:106960000000FE3921025E0304020F0F030610022D
:1069700021060A0B0724A40F780B1E0F0C0000D66B
:1069800037F90F80022388028020025F0304020F80
:106990000F030610022FA60418D8A36F7D0F8004E2
:1069A000170F050810E40F80021A9C12803802802D
:1069B0000304020F0F03061002836F0F3A041860DE
:1069C0002B1400780204040D0F050F100210BF0FE6
:1069D0004602148FFDF502802302800304020F0F8C
:1069E0000306105FFF0517D42204F40204050E0FFE
:1069F000060F10583F0000B20F8002239E0280391C
:106A000002800304020F0F0306100F800000EA59F2
:106A1000B022F8980204B4020406250F070F1000F4
:106A2000B50F8002229F0280377F3D02800304025F
:106A30000F0F0306100F800517E4027CCC0204053B
:106A40000E0F060F100000443F7A030F140000657C
:106A500002131502800304020B0E03EF800D1F14B6
:106A60002C81003FF80000CDCCCC3D0D260000006D
:106A700000000000885EA100360000000032DD004A
:106A80000201E00102050E03D04103111903050FB5
:106A9000040A10030A0C090B1800AC2014090D0F8E
:106AA0000A000000000000000000000000000000DC
:106AB00000000000085FA1000900000001FC1DA10A
:106AC000008C1EA100000000105FA1000900000062
:106AD00001E81EA100A81FA100000000185FA1008E
:106AE0000500000001941EA1000000001C5FA10031
:106AF00005000000019C1EA100000000205FA10015
:106B00000900000001841EA100041FA10000000074
:106B1000285FA1001900000001A41EA100AC1EA165
:106B200000F01EA100FC1EA100181FA100B81FA1AB
:106B300000000000405FA1000900000001B41EA198
:106B400000B01FA1000000000012A10020F4FFFF10
:106B50000000000000000000000000000000000035
:106B600001020304060708090000000001020304F3
:106B700012010001EF020140332815B000010102AB
:106B80000301000009025D000301008032080B00D0
:106B900002020200000904000001020200040524B0
:106BA000002001052401000104240202052406003E
:106BB000010705810308001009040100020A000012
:106BC000000705020240000007058202400000099C
:106BD00004020000FE01010509210DE80300100177
:106BE0000100000009040000020306040012020371
:106BF000060401007475645F6364635F6E5F77729F
:106C00006974655F666C7573680000006364636433
:106C10005F6F70656E000000636463645F78666533
:106C2000725F6362000000002DC50008D5C5000832
:106C300039C600085DC8000835CA00080000000019
:106C4000DDCB0008EBCB000801CC00087DCC0008B0
:106C500000000000000000007475645F696E6974D4
:106C600000000000636F6E66696775726174696F1A
:106C70006E5F7265736574007475645F7461736BC5
:106C80005F6578740000000070726F636573735FF6
:106C9000636F6E74726F6C5F72657175657374008B
:106CA00070726F636573735F7365745F636F6E6635
:106CB0006967000070726F636573735F6765745F07
:106CC00064657363726970746F7200006F73616CD6
:106CD0005F71756575655F73656E64007573626479
:106CE0005F6F70656E5F656470745F70616972007C
:106CF000757362645F656470745F6F70656E0000C9
:106D0000757362645F656470745F786665720000B5
:106D10007475645F636F6E74726F6C5F78666572B2
:106D200000000000757362645F636F6E74726F6C55
:106D30005F786665725F63620000000000000050CB
:106D400043000000060000000005000000000440B1
:106D50004D0000000900000000100000636865633A
:106D60006B5F6477633200006463645F65647074B2
:106D70005F6F70656E00000074755F656470745FAE
:106D800076616C69646174650000202020202020F9
:106D900020202028282828282020202020202020CB
:106DA00020202020202020202020881010101010CB
:106DB000101010101010101010100404040404041B
:106DC00004040404101010101010104141414141FE
:106DD0004101010101010101010101010101010163
:106DE00001010101011010101010104242424242F4
:106DF0004202020202020202020202020202020233
:106E00000202020202101010102000000000000018
:106E10000000000000000000000000000000000072
:106E20000000000000000000000000000000000062
:106E30000000000000000000000000000000000052
:106E40000000000000000000000000000000000042
:106E50000000000000000000000000000000000032
:106E60000000000000000000000000000000000022
:106E70000000000000000000000000000000000012
:106E800000000000000000000000494E4600696E4E
:106E900066004E414E006E616E003000303132337C
:106EA0003435363738394142434445460030313273
:106EB0003334353637383961626364656600496E4C
:106EC00066696E697479004E614E005245454E54B4
:106ED000206D616C6C6F63207375636365656465B9
:106EE00064002F6275696C642F676E752D746F6F07
:106EF0006C732D666F722D73746D33325F31312E6A
:106F0000332E72656C312E32303233303931322DBE
:106F1000313630302F7372632F6E65776C69622F54
:106F20006E65776C69622F6C6962632F7374646C31
:106F300069622F64746F612E630042616C6C6F63D1
:106F400020737563636565646564002F6275696CA1
:106F5000642F676E752D746F6F6C732D666F722D55
:106F600073746D33325F31312E332E72656C312E76
:106F700032303233303931322D313630302F737276
:106F8000632F6E65776C69622F6E65776C69622F0F
:106F90006C6962632F7374646C69622F6D707265C3
:106FA000632E6300000000000080E03779C3414396
:106FB000176E05B5B5B89346F5F93FE9034F384D5F
:106FC000321D30F94877825A3CBF737FDD4F15750B
:106FD000000000000000F03F00000000000024401E
:106FE00000000000000059400000000000408F40F9
:106FF000000000000088C34000000000006AF84064
:107000000000000080842E4100000000D012634187
:107010000000000084D797410000000065CDCD41FD
:10702000000000205FA00242000000E876483742DE
:10703000000000A2941A6D42000040E59C30A2427C
:107040000000901EC4BCD64200003426F56B0C43F1
:107050000080E03779C3414300A0D8855734764398
:1070600000C84E676DC1AB43003D9160E458E143F9
:10707000408CB5781DAF154450EFE2D6E41A4B446E
:1070800092D54D06CFF08044F64AE1C7022DB544B3
:10709000B49DD9794378EA44050000001900000046
:1070A0007D000000232D302B2000686C4C006566AD
:1070B00067454647004300504F534958002E002C67
:1070C0002066756E6374696F6E3A20006173736534
:1070D0007274696F6E2022257322206661696C6567
:1070E000643A2066696C6520222573222C206C6925
:0C70F0006E65202564257325730A0000DE
:0870FC001C9BFC7F0100000059
:04710400F501000889
:04710800D1010008A9
:10710C00FF000000010101001B0000000000000056
:10711C000000000000000000000000000000000063
:10712C0000000000010202001C0000000000000032
:10713C000000000000000000000000000000000043
:10714C0000000000010303001D000000000000000F
:10715C000000000000000000000000000000000023
:10716C0000000000010404001E00000000000000EC
:10717C000000000000000000000000000000000003
:10718C0000000000020105021B00000000000000CE
:10719C0000000000000000000000000000000000E3
:1071AC0000000000020206021C00000000000000AB
:1071BC0000000000000000000000000000000000C3
:1071CC0000000000020307021D0000000000000088
:1071DC0000000000000000000000000000000000A3
:1071EC0000000000020408021E0000000000000065
:1071FC000000000000000000000000000000000083
:10720C0000000000030109031B0000000000000047
:10721C000000000000000000000000000000000062
:10722C000000000003020A031C0000000000000024
:10723C000000000000000000000000000000000042
:10724C000000000003030B031D0000000000000001
:10725C000000000000000000000000000000000022
:10726C000000000003040C031E00000000000000DE
:10727C000000000000000000000000000000000002
:10728C000000000004010D051B00000000000000C0
:10729C0000000000000000000000000000000000E2
:1072AC000000000004020E051C000000000000009D
:1072BC0000000000000000000000000000000000C2
:1072CC000000000004030F051D000000000000007A
:1072DC0000000000000000000000000000000000A2
:1072EC0000000000040410051E0000000000000057
:1072FC000000000000000000000000000000000082
:10730C0000000000050111071B0000000000000038
:10731C000000000000000000000000000000000061
:10732C0000000000050212071C0000000000000015
:10733C000000000000000000000000000000000041
:10734C0000000000050313071D00000000000000F2
:10735C000000000000000000000000000000000021
:10736C0000000000050414071E00000000000000CF
:10737C000000000000000000000000000000000001
:10738C00000000000024F400E46B0308AC3E01088C
:10739C00B43E0108C03E0108CC3E0108D43E0108B1
:1073AC001000000001FF0000F5EC000894670020BD
:1073BC0010000C00000000000000000003000000A2
:1073CC00DC69002000000000DC690020446A002019
:1073DC00AC6A00200000000000000000000000006B
:1073EC000000000000000000000000000000000091
:1073FC000000000000000000000000000000000081
:10740C000000000000000000000000000000000070
:10741C00C402002043000000000000000000000037
:10742C000000000000000000000000000000000050
:10743C0000000000430000000000000000000000FD
:10744C000000000000000000000000000000000030
:10745C0000000000430000000000000000000000DD
:10746C000000000000000000000000000000000010
:10747C0000000000430000000000000000000000BD
:10748C0000000000000000000000000000000000F0
:10749C00000000004300000000000000000000009D
:1074AC0000000000000000000000000000000000D0
:1074BC00000000004300000000000000000000007D
:1074CC0000000000000000000000000000000000B0
:1074DC00000000004300000000000000000000005D
:1074EC000000000000000000000000000000000090
:1074FC0000000000AD3B0108893B010800000000C2
:10750C00896D0308BD700308FA700308FA7003084C
:10751C00FA700308FA700308FA700308FA7003088B
:10752C00FA700308FA700308FA700308FFFFFFFFF4
:10753C00FFFFFFFFFFFFFFFFFFFF000001004153B4
:10754C00434949000000000000000000000000005A
:10755C00000000000000000000000000000041538B
:10756C00434949000000000000000000000000003A
:10757C0000000000000000000000000000000000FF
:04000005080047F1B7
:00000001FF
