:020000040800F2
:10000000000002209D4800087D420008834200084D
:10001000894200088F420008954200080000000055
:100020000000000000000000000000009B420008EB
:10003000A942000800000000B7420008C5420008BD
:10004000ED480008ED480008ED480008ED480008BC
:10005000ED480008ED480008ED480008ED480008AC
:10006000ED480008ED480008ED480008ED4800089C
:10007000ED480008ED480008ED480008ED4800088C
:10008000ED480008ED480008ED480008ED4800087C
:10009000ED480008ED480008ED480008ED4800086C
:1000A000ED480008ED480008ED480008ED4800085C
:1000B000ED480008ED480008ED480008D14200086E
:1000C000ED480008E5420008F9420008ED48000844
:1000D000ED480008ED480008ED480008ED4800082C
:1000E000ED480008ED480008ED480008ED4800081C
:1000F0000D430008ED480008ED480008ED480008F1
:10010000ED480008ED480008ED480008ED480008FB
:10011000ED480008ED480008ED480008ED480008EB
:10012000ED480008ED480008ED480008ED480008DB
:10013000ED4800080000000000000000ED48000845
:10014000ED480008ED480008ED480008ED480008BB
:10015000ED480008ED480008ED480008ED480008AB
:10016000ED480008ED480008ED480008ED4800089B
:10017000ED48000821430008ED4800080000000099
:1001800000000000ED480008000000000000000032
:10019000ED4800080000000000000000ED480008E5
:1001A000000000000000000000000000ED48000812
:1001B000ED480008ED480008ED480008ED4800084B
:0401C000ED480008FE
:1001D00010B5054C237833B9044B13B10448AFF381
:1001E00000800123237010BD600600200000000085
:1001F000BC3C010808B5034B1BB103490348AFF3EE
:10020000008008BD0000000064060020BC3C01081E
:1002100001F0FF01102A2BDB10F0070F08D010F8B7
:10022000013B013A8B422DD010F0070F42B3F6D1BB
:10023000F0B441EA012141EA014122F007047FF0D4
:1002400000070023F0E80256083C85EA010586EA2B
:10025000010685FA47F5A3FA87F586FA47F6A5FA67
:1002600087F68EB9EED1F0BC01F0FF0102F0070273
:1002700032B110F8013B013A83EA010313B1F8D11E
:100280000020704701387047002D06BF35460338FF
:10029000073815F0010F07D1013015F4807F02BF38
:1002A000013015F4C03F0130F0BC0138704700BF89
:1002B000034613F8012B002AFBD1181A01387047A6
:1002C00081F0004102E000BF83F0004330B54FEA07
:1002D00041044FEA430594EA050F08BF90EA020F74
:1002E0001FBF54EA000C55EA020C7FEA645C7FEA07
:1002F000655C00F0E2804FEA5454D4EB5555B8BF2A
:100300006D420CDD2C4480EA020281EA030382EA9A
:10031000000083EA010180EA020281EA0303362D2C
:1003200088BF30BD11F0004F4FEA01314FF4801CFF
:100330004CEA113102D0404261EB410113F0004F11
:100340004FEA03334CEA133302D0524263EB4303C8
:1003500094EA050F00F0A780A4F10104D5F1200E66
:100360000DDB02FA0EFC22FA05F2801841F10001C1
:1003700003FA0EF2801843FA05F359410EE0A5F195
:1003800020050EF1200E012A03FA0EFC28BF4CF0C6
:10039000020C43FA05F3C01851EBE37101F000457C
:1003A00007D54FF0000EDCF1000C7EEB00006EEB89
:1003B0000101B1F5801F1BD3B1F5001F0CD3490813
:1003C0005FEA30004FEA3C0C04F101044FEA44526A
:1003D00012F5800F80F09A80BCF1004F08BF5FEAF1
:1003E000500C50F1000041EB045141EA050130BDD1
:1003F0005FEA4C0C404141EB0101013C28BFB1F5E3
:10040000801FE9D291F0000F04BF01460020B1FA2D
:1004100081F308BF2033A3F10B03B3F120020CDA00
:100420000C3208DD02F1140CC2F10C0201FA0CF0DE
:1004300021FA02F10CE002F11402D8BFC2F1200C43
:1004400001FA02F120FA0CFCDCBF41EA0C019040F9
:10045000E41AA2BF01EB0451294330BD6FEA040442
:100460001F3C1CDA0C340EDC04F11404C4F120022D
:1004700020FA04F001FA02F340EA030021FA04F33F
:1004800045EA030130BDC4F10C04C4F1200220FA96
:1004900002F001FA04F340EA0300294630BD21FAD4
:1004A00004F0294630BD94F0000F83F4801306BF9A
:1004B00081F480110134013D4EE77FEA645C18BF8E
:1004C0007FEA655C29D094EA050F08BF90EA020F25
:1004D00005D054EA000C04BF1946104630BD91EA1D
:1004E000030F1EBF0021002030BD5FEA545C05D120
:1004F0004000494128BF41F0004130BD14F580045F
:100500003CBF01F5801130BD01F0004545F0FE41D2
:1005100041F470014FF0000030BD7FEA645C1ABF07
:10052000194610467FEA655C1CBF0B46024650EA3E
:10053000013406BF52EA033591EA030F41F400216A
:1005400030BD00BF90F0000F04BF0021704730B5F0
:100550004FF4806404F132044FF000054FF00001C5
:1005600050E700BF90F0000F04BF0021704730B586
:100570004FF4806404F1320410F0004548BF40425B
:100580004FF000013EE700BF42004FEAE2014FEAB0
:1005900031014FEA02701FBF12F07F4393F07F4F8B
:1005A00081F06051704732F07F4208BF704793F08E
:1005B0007F4F04BF41F40021704730B54FF46074A1
:1005C00001F0004521F000411CE700BF50EA0102A4
:1005D00008BF704730B54FF000050AE050EA01024D
:1005E00008BF704730B511F0004502D5404261EBBD
:1005F00041014FF4806404F132045FEA915C3FF4FE
:10060000D8AE4FF003025FEADC0C18BF03325FEA9A
:10061000DC0C18BF033202EBDC02C2F1200300FA4B
:1006200003FC20FA02F001FA03FE40EA0E0021FA70
:1006300002F11444BDE600BF70B54FF0FF0C4CF45E
:10064000E06C1CEA11541DBF1CEA135594EA0C0F10
:1006500095EA0C0F00F0DEF82C4481EA030621EA4B
:100660004C5123EA4C5350EA013518BF52EA033586
:1006700041F4801143F4801338D0A0FB02CE4FF038
:100680000005E1FB02E506F00042E0FB03E54FF068
:100690000006E1FB03569CF0000F18BF4EF0010E60
:1006A000A4F1FF04B6F5007F64F5407404D25FEA5C
:1006B0004E0E6D4146EB060642EAC62141EA55510F
:1006C0004FEAC52040EA5E504FEACE2EB4F1FD0C51
:1006D00088BFBCF5E06F1ED8BEF1004F08BF5FEACF
:1006E000500E50F1000041EB045170BD06F0004681
:1006F00046EA010140EA020081EA0301B4EB5C042E
:10070000C2BFD4EB0C0541EA045170BD41F4801125
:100710004FF0000E013C00F3AB8014F1360FDEBF4A
:10072000002001F0004170BDC4F10004203C35DA26
:100730000C341BDC04F11404C4F1200500FA05F3A9
:1007400020FA04F001FA05F240EA020001F000424A
:1007500021F0004110EBD37021FA04F642EB0601C0
:100760005EEA430E08BF20EAD37070BDC4F10C04EA
:10077000C4F1200500FA04F320FA05F001FA04F2AE
:1007800040EA020001F0004110EBD37041F100019A
:100790005EEA430E08BF20EAD37070BDC4F12005A5
:1007A00000FA05F24EEA020E20FA04F301FA05F20D
:1007B00043EA020321FA04F001F0004121FA04F2B5
:1007C00020EA020000EBD3705EEA430E08BF20EA85
:1007D000D37070BD94F0000F0FD101F000464000BF
:1007E00041EB010111F4801F08BF013CF7D041EA41
:1007F000060195F0000F18BF704703F00046520045
:1008000043EB030313F4801F08BF013DF7D043EA15
:100810000603704794EA0C0F0CEA135518BF95EACB
:100820000C0F0CD050EA410618BF52EA4306D1D152
:1008300081EA030101F000414FF0000070BD50EA71
:10084000410606BF1046194652EA430619D094EAFB
:100850000C0F02D150EA013613D195EA0C0F05D1E5
:1008600052EA03361CBF104619460AD181EA030139
:1008700001F0004141F0FE4141F470014FF00000F1
:1008800070BD41F0FE4141F4780170BD70B54FF08C
:10089000FF0C4CF4E06C1CEA11541DBF1CEA13550C
:1008A00094EA0C0F95EA0C0F00F0A7F8A4EB0504EE
:1008B00081EA030E52EA03354FEA013100F08880E5
:1008C0004FEA03334FF0805545EA131343EA1263AE
:1008D0004FEA022245EA111545EA10654FEA002663
:1008E0000EF000419D4208BF964244F1FD0404F51C
:1008F000407402D25B084FEA3202B61A65EB030578
:100900005B084FEA32024FF480104FF4002CB6EB34
:10091000020E75EB030E22BFB61A754640EA0C00B4
:100920005B084FEA3202B6EB020E75EB030E22BFF4
:10093000B61A754640EA5C005B084FEA3202B6EB35
:10094000020E75EB030E22BFB61A754640EA9C00F4
:100950005B084FEA3202B6EB020E75EB030E22BFC4
:10096000B61A754640EADC0055EA060E18D04FEA82
:10097000051545EA16754FEA06164FEAC30343EA22
:1009800052734FEAC2025FEA1C1CC0D111F4801FEF
:100990000BD141EA00014FF000004FF0004CB6E7E8
:1009A00011F4801F04BF01430020B4F1FD0C88BF87
:1009B000BCF5E06F3FF6AFAEB5EB030C04BFB6EB92
:1009C000020C5FEA500C50F1000041EB045170BD85
:1009D0000EF0004E4EEA113114EB5C04C2BFD4EBB2
:1009E0000C0541EA045170BD41F480114FF0000E36
:1009F000013C90E645EA060E8DE60CEA135594EAB2
:100A00000C0F08BF95EA0C0F3FF43BAF94EA0C0FB4
:100A10000AD150EA01347FF434AF95EA0C0F7FF429
:100A200025AF104619462CE795EA0C0F06D152EA7D
:100A300003353FF4FDAE1046194622E750EA410661
:100A400018BF52EA43067FF4C5AE50EA41047FF472
:100A50000DAF52EA43057FF4EBAE12E74FF0FF3CD7
:100A600006E000BF4FF0010C02E000BF4FF0010CA8
:100A70004DF804CD4FEA410C7FEA6C5C4FEA430C21
:100A800018BF7FEA6C5C1BD001B050EA410C0CBF70
:100A900052EA430C91EA030F02BF90EA020F0020D2
:100AA000704710F1000F91EA030F58BF994208BF39
:100AB00090422CBFD8176FEAE37040F001007047F6
:100AC0004FEA410C7FEA6C5C02D150EA013C07D14D
:100AD0004FEA430C7FEA6C5CD6D152EA033CD3D098
:100AE0005DF8040B704700BF8446104662468C4692
:100AF0001946634600E000BF01B5FFF7B7FF0028C5
:100B000048BF10F1000F01BD4DF808EDFFF7F4FFED
:100B10000CBF012000205DF808FB00BF4DF808ED78
:100B2000FFF7EAFF34BF012000205DF808FB00BF9B
:100B30004DF808EDFFF7E0FF94BF012000205DF8BD
:100B400008FB00BF4DF808EDFFF7CEFF94BF012072
:100B500000205DF808FB00BF4DF808EDFFF7C4FF6B
:100B600034BF012000205DF808FB00BF4FEA410CB4
:100B70007FEA6C5C02D150EA013C0AD14FEA430C97
:100B80007FEA6C5C02D152EA033C02D14FF00000D4
:100B900070474FF0010070474FEA410212F5001212
:100BA00015D211D56FF47873B3EB625212D94FEAB4
:100BB000C12343F0004343EA505311F0004F23FA9E
:100BC00002F018BF404270474FF00000704750EAF3
:100BD000013005D111F0004008BF6FF000407047B0
:100BE0004FF00000704700BF53B94AB9002908BF51
:100BF00000281CBF4FF0FF314FF0FF3000F070B9FC
:100C0000ADF1080C6DE904CE00F006F8DDF804E063
:100C1000DDE9022304B070472DE9F047089E0D4638
:100C200004460F46002B4AD18A42944665D9B2FA4F
:100C300082F343B102FA03FCC3F120029F4020FA81
:100C400002F217439C404FEA1C4E1FFA8CF5B7FB8B
:100C5000FEF1220C0EFB117742EA074201FB05F080
:100C600090420AD91CEB020201F1FF3780F01C818F
:100C7000904240F2198102396244121AA4B2B2FBC6
:100C8000FEF00EFB102244EA024400FB05F5A542EB
:100C90000AD91CEB040400F1FF3280F00781A54261
:100CA00040F204816444023840EA0140641B0021A0
:100CB0001EB1DC400023C6E90043BDE8F0878B424B
:100CC00008D9002E00F0ED800021C6E90005084695
:100CD000BDE8F087B3FA83F1002949D1AB4202D3D2
:100CE000824200F2F880841A65EB03020120174665
:100CF000002EE2D0C6E90047DFE702B9FFDEB2FA14
:100D000082F3002B40F090808A1A4FEA1C471FFAAA
:100D10008CFE0121B2FBF7F507FB1520220C42EAFD
:100D200000420EFB05F0904208D91CEB020205F1CF
:100D3000FF3802D2904200F2CB804546121AA4B28C
:100D4000B2FBF7F007FB102244EA02440EFB00FE60
:100D5000A64508D91CEB040400F1FF3202D2A645D7
:100D600000F2BB801046A4EB0E0440EA05409FE76A
:100D7000C1F120078B4022FA07FC4CEA030C05FA6C
:100D800001F420FA07F3FD404FEA1C492343B5FB69
:100D9000F9F81FFA8CFE09FB18551C0C44EA0544AF
:100DA00008FB0EF5A54202FA01F200FA01F00BD998
:100DB0001CEB040408F1FF3A80F08880A54240F261
:100DC0008580A8F102086444641B9DB2B4FBF9F36A
:100DD00009FB134445EA044403FB0EFEA64508D96B
:100DE0001CEB040403F1FF356CD2A6456AD9023B23
:100DF000644443EA0843A3FB0295A4EB0E04AC420F
:100E0000C846AE4656D353D056B1B0EB080264EB99
:100E10000E0404FA07F7CA40CC401743C6E9007431
:100E200018460021BDE8F087C3F1200102FA03FC57
:100E300020FA01F225FA01F19D402A434FEA1C47AE
:100E40001FFA8CFEB1FBF7F007FB1015110C41EAFD
:100E5000054100FB0EF58D4204FA03F408D91CEBA2
:100E6000010100F1FF382FD28D422DD902386144A3
:100E7000491B92B2B1FBF7F507FB151142EA01429B
:100E800005FB0EF1914208D91CEB020205F1FF3877
:100E900016D2914214D9023D6244521A45EA0041E9
:100EA00038E73146304608E73946E6E61046FBE6C5
:100EB0004845A9D2B9EB020865EB0C0E013BA3E74C
:100EC0004546EAE72B4694E74046D1E7D0467BE724
:100ED000023D624432E708460AE76444023842E7CA
:100EE000704700BF80B48FB000AFF860B9607A601F
:100EF0003B6000233B6100233B753B687B637A6B5F
:100F00003B6C13447B62BB683B623A6A7B68134468
:100F1000FB61BB683B633B6B0133FB620023FB76E9
:100F2000012387F82B30BB68002B02D03B68002BD5
:100F30000AD101233B75FB681A4607F1100393E8B9
:100F4000030082E8030066E03B6C002B40D0FA6AA5
:100F5000FB699A4205D33B7D43F00203DBB23B754C
:100F600036E07B6B5A1C7A631B78FB76FB7E002B8A
:100F70000FD13B6B97F82B201A70FB6A5A1CFA6250
:100F80003B63012387F82B307A6B7B6A9A42DED36E
:100F90001EE0FB6A5A1CFA62FA7E1A7097F82B3030
:100FA000013387F82B307A6B7B6A9A420FD297F81D
:100FB0002B30FF2BCBD13B6B97F82B201A70FB6AA1
:100FC0005A1CFA623B63012387F82B30BFE700BF4E
:100FD0003A6BFB699A4207D33B7D43F00203DBB2D5
:100FE0003B75FB69FB620AE03B6B97F82B201A709C
:100FF000FB6A5A1CFA623B633B6B00221A70FA6A66
:101000003B6AD31A3B61FB681A4607F1100393E869
:10101000030082E80300F8683C37BD465DF8047BB6
:10102000704780B48FB000AF78607B681A897B68A6
:101030001B681B8A9A4201D3002356E17B681B6818
:101040001A687B685B899B0013441B68FB62FB6A20
:101050001B0ADAB27B689A75FB6A03F00303022B62
:101060005AD0022B00F29480002B02D0012B1FD00B
:101070008EE07B6801229A82FB6A9B089BB203F098
:101080003F039AB27B681A82FB6A1B0E5BB203F0C5
:101090000F0387F83330FB6A1B0CDBB27B63FB6A00
:1010A0001B0F9BB203F00F039AB27B685A82B4E025
:1010B0007B681B681A687B685B8901339B0013445B
:1010C0001B68FB61FB6A1B0C9BB2C3F30B039AB258
:1010D0007B689A82FB6A9B089BB203F03F039AB23B
:1010E000FB691B0F9BB29B019BB213439AB27B68B7
:1010F0001A82FB6A1B0F5BB203F00F0387F83330D1
:10110000FB699BB27B63FB691B0C9BB2C3F30B03B4
:101110009AB27B685A8280E07B681B681A687B6899
:101120005B8901339B0013441B68BB627B681B68AF
:101130001A687B685B8902339B0013441B687B62DF
:101140007B681B681A687B685B8903339B001344C8
:101150001B683B62FB6A1B0C9AB27B689A82FB6A33
:101160009B089BB203F03F039AB2BB6A1B0A9BB277
:101170009B019BB213439AB27B681A82BB6A87F8C1
:1011800033307B6A7B633B6A9AB27B685A8244E065
:101190007B681B681A687B685B8901339B0013447A
:1011A0001B68BB617B681B681A687B685B890233BC
:1011B0009B0013441B687B617B681B681A687B6813
:1011C0005B8903339B0013441B683B617B681B688E
:1011D0001A687B685B8904339B0013441B68FB60BF
:1011E000FB689AB27B689A82FB6A9B089BB203F009
:1011F0003F039AB2BB691B0A9BB29B019BB213438C
:101200009AB27B681A82BB6987F833307B697B634B
:101210003B699AB27B685A8200BF7B685B68002B8F
:1012200006D17B6800229A617B6800221A6241E045
:101230007B685A687B6B1A447B689A6197F93330F4
:10124000002B08D07B689A6997F933305B421A44C7
:101250007B681A621AE07B689B7D03F03003202BC9
:1012600011D17B689B7D03F0C003002B05D07B6808
:101270009B7D03F0C003802B05D17B6803F1140232
:101280007B681A6202E07B6800221A627B689B7DA1
:1012900003F0C003802B09D17B689B69002B05D02C
:1012A0007B689B691A687B68DA6103E07B689A69EE
:1012B0007B68DA617B689B7D03F00F03082B05D008
:1012C0007B689B7D03F00F03092B0AD17B681B68A9
:1012D0005A687B68DB899B0013441A687B685A62F2
:1012E00002E07B6800225A62012318463C37BD4663
:1012F0005DF8047B704780B485B000AF78607B6890
:101300001B8901339AB27B681A817B681A897B68D2
:101310001B681B8A9A420CD37B6800221A817B6867
:1013200000225A817B680022DA817B6800229A8140
:101330003CE07B681B681A687B685B899B001344F0
:101340001B68FB60FB681B0AFB72FB6803F003036E
:10135000012202FA03F33B817B685A893B891344DB
:101360009AB27B685A817B689A89FB7A03F03003D2
:10137000002B0CBF01230023DBB29BB213449AB2B3
:101380007B689A817B68DA89FB7A03F00F03082B6C
:1013900004D0FB7A03F00F03092B01D1012300E0F5
:1013A00000239BB213449AB27B68DA8100BF1437E2
:1013B000BD465DF8047B704780B584B000AFF8602F
:1013C000B9607A6028220021F86810F0BBFDFB6844
:1013D000BA681A60FB687A685A60F868FFF721FEFD
:1013E000034618461037BD4680BD80B586B000AFB5
:1013F000786039603B681B689B683B613B691B6890
:101400001B68FB60FB681B0A03F0C003802B09D13B
:101410003B6804331A4639697868FFF7CDFF034605
:10142000FB7508E03B685B681A4639697868FFF726
:10143000C3FF0346FB753B6803F10C027B681A622D
:10144000FB7D18461837BD4680BD80B582B000AF21
:1014500078607868FFF74FFF7868FFF7E2FD7B68F8
:101460001B89002B14BF01230023DBB21846083769
:10147000BD4680BD80B485B000AF78607B68FB60FE
:10148000FB6818461437BD465DF8047B704780B58D
:1014900084B000AFF860B9607A607868FFF7EAFF5F
:1014A00003461A46B968F868FFF786FF03461846F0
:1014B0001037BD4680BD80B582B000AF786039601E
:1014C0003868FFF7D7FF034619467868FFF78DFFA6
:1014D000034618460837BD4680BD80B586B000AFCC
:1014E000F860B9607A607B685B8A082B25D17B68DD
:1014F000DB697B617B69002B1FD0FB68002B0CD064
:101500007B691B68002B08D07B691B687A690432F1
:101510007968F8689847034610E0BB68002B0CD048
:101520007B691B68002B08D07B691B687A690432D1
:101530007968B8689847034600E0012318461837D1
:10154000BD4680BD80B586B000AFF860B9607A60F6
:10155000FB685B687B617A697B681A44FB685A6048
:101560007A68B968786910F06CFD0123184618375D
:10157000BD4680BDB0B48BB000AFF860B9607A6092
:101580000B4B7B61BB68BB617B68FB6100233B62EB
:1015900000237B62FB681D4607F114040FCC0FC5C6
:1015A00023682B60F8682C37BD46B0BC704700BF7D
:1015B0004515000880B584B000AFF860B9607A6066
:1015C0007B68002B37D0FB681B68002B33D0FB688F
:1015D000DA687B681A44FB68DB689A4207D3FB68C9
:1015E000DA687B681A44FB689B689A420BD9FB68EF
:1015F0001B69002B02D0FB681B6900E0134BFA68E3
:10160000136100231EE0FB681B687A68B968F868FC
:101610009847034683F00103DBB2002B0BD0FB6835
:101620001B69002B02D0FB681B6900E0084BFA68BD
:101630001361002306E0FB68DA687B681A44FB68E4
:10164000DA60012318461037BD4680BDD83C01083A
:10165000E43C010880B485B000AF78607B68BB6073
:101660000023FB600AE0BA68FB6813441B78002B78
:1016700001D0012306E0FB680133FB60FB68002B0F
:10168000F1D0002318461437BD465DF8047B70473F
:10169000B0B58CB000AF786039603B681B6A1B88BE
:1016A000BB84BB8C002B01D101233DE13B689B7DBA
:1016B00003F0C003802B10D03B689B8ABA8C9A42FF
:1016C0000BD97B681B69002B02D07B681B6900E08B
:1016D000974B7A681361002326E13B689B7D03F0FA
:1016E0000F03052B00F2B3803B681B8A1A460221C8
:1016F000786800F0DDFC034683F00103DBB2002BC9
:1017000001D0002310E13B689B7D03F00F03042B05
:1017100003D1BB8C9B00BB6247E03B689B7D03F021
:101720000F03052B03D1BB8CDB00BB623DE007F14F
:10173000080300221A605A609A60DA601A613B68F6
:10174000DB69FB610023FB8526E007F108033968AC
:10175000184600F0EFFD034683F00103DBB2002BD7
:1017600010D07B681B69002B02D07B681B6905E0E9
:10177000BB69002B01D0BB6900E06E4B7A68136136
:101780000023D1E03B68DB693A68528A1A443B681F
:10179000DA61FB8D0133FB85FA8DBB8C9A42D4D381
:1017A0003B68FA69DA617B69BB62BB6A00221C464E
:1017B000154622462B46786800F0F7FB034683F077
:1017C0000103DBB2002B01D00023ADE07B681B6876
:1017D000002B06D1BA6A00217868FFF7EBFE0346BA
:1017E000A2E00023FB852DE03B689B7D03F00F0307
:1017F000042B05D03B689B7D03F00F03052B0BD119
:101800003968786800F058FE034683F00103DBB2C4
:10181000002B0DD0002387E03968786800F08AFD3E
:10182000034683F00103DBB2002B01D000237BE0F1
:101830003B68DB693A68528A1A443B68DA61FB8D7F
:101840000133FB85FA8DBB8C9A42CDD36BE000232C
:10185000FB8564E03B689B7D03F0C003802B47D190
:101860003B689B7D03F00F03072B05D03B689B7DF6
:1018700003F00F03062B3BD13B68DB693B623B68FF
:10188000DB691A683B68DA613B68DB69002B1CD1B5
:101890003968786800F036FC0346002B0BD04FF017
:1018A00000024FF00003786800F07FFB0346002B36
:1018B00001D0012300E0002387F8273097F8273074
:1018C00003F0010387F8273006E03968786800F0F4
:1018D00051F9034687F827303B683A6ADA6197F88E
:1018E000273083F00103DBB2002B0DD000231BE077
:1018F0003968786800F03EF9034683F00103DBB2F3
:10190000002B02D000230FE000BF3B68DB693A6880
:10191000528A1A443B68DA61FB8D0133FB85FA8DEC
:10192000BB8C9A4296D3012318463037BD46B0BDD2
:10193000F03C0108083D010880B592B000AF786026
:101940007B689B7D87F8453097F8453003F0C003EE
:10195000002B40F0C98097F8453003F03003002B8E
:1019600001D1002300E197F8453003F03003202B2C
:1019700008D17B681B6A1B88002B0CBF0123002346
:10198000DBB2F1E097F8453003F03003302B08D19B
:101990007B681B6A1B88002B0CBF01230023DBB272
:1019A000E2E097F8453003F03003102B15D17B6847
:1019B0001B6A002B11D07B681B6A1846FFF74AFE92
:1019C0000346002B14BF01230023DBB283F0010385
:1019D000DBB203F00103DBB2C6E07B681B689B68E7
:1019E000002B01D00023BFE097F8453003F00F0330
:1019F000052B1CD87B68DB697B630023A7F8463086
:101A00000DE0B7F846307A6B13441B78002B01D0F9
:101A10000023A9E0B7F846300133A7F846307B68C9
:101A20005B8AB7F846209A42EBD301239CE097F8F3
:101A3000453003F00F03062B0AD17B68DB69BB63DB
:101A4000BB6B1B88002B0CBF01230023DBB28BE098
:101A500097F8453003F00F03072B08D17B68DB694B
:101A60001B78002B0CBF01230023DBB27CE097F82E
:101A7000453003F00F030B2B07D17B685B8A002BEB
:101A80000CBF01230023DBB26EE097F8453003F072
:101A90000F03082B05D097F8453003F00F03092BEF
:101AA00061D17B68596A7B68DA6907F10C031846D3
:101AB000FFF782FC0346002B14D007F10C031846F5
:101AC000FFF73AFF034683F00103DBB2002B01D09E
:101AD000002349E007F10C031846FFF7B6FC034664
:101AE000002BEAD101233FE097F8453003F0C00313
:101AF000802B07D17B68DB69002B0CBF01230023FF
:101B0000DBB231E097F8453003F0C003402B2AD117
:101B100097F8453003F00F030A2B0AD17B68DB6985
:101B20001B68FB63FB6B002B0CBF01230023DBB2A4
:101B30001AE07B681B68DB680D4A93420AD17B6818
:101B4000DB693B643B6C1B68002B0CBF012300234B
:101B5000DBB209E07B681B68DB68002B0CBF01234C
:101B60000023DBB200E0002318464837BD4680BDA5
:101B7000DB14000880B582B000AF786039603B6844
:101B8000DB69002B01D1012361E03968786800F03E
:101B9000B9FA034683F00103DBB2002B01D0002326
:101BA00055E03B689B7D03F00F030B2B44D801A24B
:101BB00052F823F0E51B0008F11B0008F11B000898
:101BC000F11B0008FD1B0008FD1B0008091C000894
:101BD000151C0008211C0008211C0008391C0008E5
:101BE0002D1C00083968786800F08AFB03462EE057
:101BF0003968786800F09EFB034628E03968786809
:101C000000F05AFC034622E03968786800F082FC54
:101C100003461CE03968786800F0BAFC034616E019
:101C20003968786800F012FD034610E0396878687A
:101C300000F052FD03460AE07B681B69002B02D0CE
:101C40007B681B6900E0044B7A6813610023184627
:101C50000837BD4680BD00BF103D010880B582B089
:101C600000AF786039603B681B68DB68002B18D0D8
:101C70003B681B68DB683A68796800209847034630
:101C800083F00103DBB2002B0BD07B681B69002BB8
:101C900002D07B681B6900E0044B7A681361002363
:101CA00000E0012318460837BD4680BD243D0108E9
:101CB00080B582B000AF786039603B689B7D03F0EF
:101CC0003003302B08D13B681B6A1A883B681B8A9B
:101CD0009A4226D0012359E03B689B7D03F03003F4
:101CE000102B1ED13B681B6A002B0CD03B681B6A73
:101CF0001846FFF7AFFC034683F00103DBB2002B6D
:101D00000FD0012342E03B689B7D03F0C003002B12
:101D100007D13868FFF710FE0346002B01D00123DE
:101D200034E03B68DB69002B13D13B689B7D03F0FB
:101D30003003002B0BD17B681B69002B02D07B6822
:101D40001B6900E0134B7A68136100231EE0012336
:101D50001CE03B689B7D03F0C003402B05D1396834
:101D60007868FFF77BFF034610E03B689B7D03F03C
:101D70003003202B05D139687868FFF789FC0346CA
:101D800004E039687868FFF7F5FE0346184608371F
:101D9000BD4680BD343D010880B58CB000AF786091
:101DA000396007F1080339681846FFF784FB0346DA
:101DB00083F00103DBB2002B0BD07B681B69002B87
:101DC00002D07B681B6900E0074B7A68136100232F
:101DD00006E007F1080319467868FFF769FF034634
:101DE00018463037BD4680BD4C3D010880B584B0F3
:101DF00000AF786039603B68DB691B68FB601EE000
:101E0000FB681B685B68002B08D0FB681B685B687D
:101E1000F968786898470346FB7205E0F9687868C6
:101E2000FFF7BAFF0346FB72FB7A83F00103DBB2D4
:101E3000002B01D0002306E0FB689B68FB60FB6879
:101E4000002BDDD1012318461037BD4680BD80B57B
:101E50008EB000AFF860B9607A6007F110037A685D
:101E6000B9681846FFF713FB034683F00103DBB2A2
:101E7000002B01D001232AE097F8263003F00F034E
:101E80000A2B0DD107F110031946F868FFF7AEFFD2
:101E9000034683F00103DBB2002B0FD0002316E0D2
:101EA00007F110031946F868FFF702FF034683F0B5
:101EB0000103DBB2002B01D0002308E007F110037F
:101EC0001846FFF7C2FA0346002BD5D10123184666
:101ED0003837BD4680BD80B588B000AFF860B960C6
:101EE0007A600023FB61BB68DBB203F07F03FB7603
:101EF000BB68DB09BB6013E0FB7E63F07F03FB760E
:101F0000FB695A1CFA6120333B44FA7E03F8102C1B
:101F1000BB68DBB203F07F03FB76BB68DB09BB6009
:101F2000FB69032B05D8BB68002BE5D17B68002B30
:101F3000E2D17B68002B24D07B68DBB21B01DBB2D3
:101F400003F07003DAB2FB7E1343FB767B68DB0899
:101F50007B6013E0FB7E63F07F03FB76FB695A1C1A
:101F6000FA6120333B44FA7E03F8102C7B68DBB225
:101F700003F07F03FB767B68DB097B607B68002BCB
:101F8000E8D1FB695A1CFA6120333B44FA7E03F81E
:101F9000102C07F11003FA691946F868FFF70AFBDD
:101FA000034618462037BD4680BD90B587B000AFC8
:101FB000F860C7E90023D7E90023802A73F1000302
:101FC0000AD23B78FB7507F1170301221946F8681E
:101FD000FFF7F0FA03460FE03C68D7E900014FF045
:101FE00000024FF000030A00002313461A46214660
:101FF000F868FFF770FF034618461C37BD4690BDD2
:102000002DE9B04F8AB000AF7861C7E902234FF0E5
:10201000FF326FF00043C7E90623D7E90223002B04
:1020200015DAD7E90201D7E9062300EA020401EA3A
:10203000030523193B6045EB05037B60D7E90023CB
:102040006FEA020A6FEA030BC7E908AB07E0D7E9BA
:10205000022312EB020843EB0309C7E90889D7E919
:1020600008237869FFF7A1FF034618462837BD46C5
:10207000BDE8B08F80B582B000AF786039600422CF
:1020800039687868FFF796FA034618460837BD4660
:1020900080BD80B582B000AF7860396008223968B1
:1020A0007868FFF787FA034618460837BD4680BDB3
:1020B0002DE9B04F88B000AF78610B46FA60FB7431
:1020C000FB6800229A4693464FEA5A754FEACA04C3
:1020D000FB7C00229846914644EA08033B6045EAAF
:1020E00009037B60D7E90034C7E90634D7E9062342
:1020F0007869FFF75AFF034618462037BD46BDE80A
:10210000B08F000080B584B000AF786039603B6864
:102110009B7D03F00F030B2B26D801A252F823F06E
:1021200051210008512100085121000851210008C7
:10213000572100085D210008632100086321000881
:102140006321000863210008692100086321000859
:102150000023FB7314E00523FB7311E00123FB73E1
:102160000EE00223FB730BE07B681B69002B02D09F
:102170007B681B6900E0094B7A681361002308E063
:102180003B681B8A1A46FB7B19467868FFF790FF6D
:10219000034618461037BD4680BD00BF103D0108FC
:1021A000B0B584B000AFF860B9607A607B68002297
:1021B0001C46154622462B46F868FFF7F6FE0346F6
:1021C00083F00103DBB2002B01D0002305E07A6825
:1021D000B968F868FFF7EEF9034618461037BD46B0
:1021E000B0BD0000B0B58CB000AFF860B9607A60E7
:1021F00007F1140300221A605A609A60DA601A61CB
:1022000007F114037A68B9681846FFF720FE034601
:1022100083F00103DBB2002B04D07A6AFB681A61F9
:10222000002365E03B6AFB62FB6A00221C46154600
:1022300022462B46F868FFF7B8FE034683F00103F9
:10224000DBB2002B01D0002352E0FB681B68002B9F
:1022500006D1FA6A0021F868FFF7ACF9034647E0B7
:10226000FB68DA68FB6A1A44FB689B689A420BD9E0
:10227000FB681B69002B02D0FB681B6900E01E4B4A
:10228000FA681361002333E0FB681B687B61FB681D
:102290005B68BB61FB6AFB6100233B6200237B62DE
:1022A00007F114037A68B9681846FFF7D0FD0346B2
:1022B00087F82B30FB68DA683B6A1A44FB68DA60FF
:1022C000BA69FB685A607A6AFB681A613B6AFA6A03
:1022D0009A420BD0FB681B69002B02D0FB681B697C
:1022E00000E0064BFA681361002301E097F82B30F9
:1022F00018463037BD46B0BDD83C0108603D0108E6
:10230000B0B584B000AF786039603B68DB691846CF
:10231000FFF7A0F90346FB60FB6800221C46154648
:1023200022462B467868FFF740FE034618461037D2
:10233000BD46B0BD2DE9B04F8CB000AFF861B961BA
:10234000BB699B7D03F00F03022B52D14FF00002BB
:102350004FF00003C7E90A23BB695B8A012B0BD14D
:10236000BB69DB691B78DBB200223B617A61D7E98C
:102370000434C7E90A3435E0BB695B8A022B0BD110
:10238000BB69DB691B889BB20022BB60FA60D7E99E
:102390000234C7E90A3425E0BB695B8A042B0AD101
:1023A000BB69DB691B6800223B607A60D7E90034B7
:1023B000C7E90A3416E0BB695B8A082B06D1BB6902
:1023C000DB69D3E90023C7E90A230BE0FB691B693A
:1023D000002B02D0FB691B6900E0364BFA691361E0
:1023E000002361E0D7E90A23F869FFF7DEFD034621
:1023F0005AE04FF000024FF00003C7E90823BB6921
:102400005B8A012B0AD1BB69DB6993F900305BB2AF
:10241000DA179A469346C7E908AB32E0BB695B8A94
:10242000022B0AD1BB69DB69B3F900301BB2DA17A2
:1024300098469146C7E9088923E0BB695B8A042B6B
:1024400008D1BB69DB691B68DA171C461546C7E96A
:10245000084516E0BB695B8A082B06D1BB69DB69BE
:10246000D3E90023C7E908230BE0FB691B69002BB4
:1024700002D0FB691B6900E00E4BFA69136100236F
:1024800012E0BB699B7D03F00F03032B06D1D7E954
:102490000823F869FFF7B4FD034605E0D7E90823F0
:1024A000F869FFF782FD034618463037BD46BDE8A0
:1024B000B08F00BF743D010880B582B000AF786076
:1024C00039603B685B8A042B07D13B68DB6919469E
:1024D0007868FFF7CFFD034616E03B685B8A082B60
:1024E00007D13B68DB6919467868FFF7D2FD0346E0
:1024F0000AE07B681B69002B02D07B681B6900E047
:10250000034B7A681361002318460837BD4680BD27
:10251000743D010880B584B000AF78603960002355
:10252000FB603B68DB69FB60FB68002B06D1002287
:1025300000217868FFF734FE034622E03B689B7D6C
:1025400003F0C003002B13D1FB681B881A463B68BD
:102550005B8A023B9A420BD97B681B69002B02D035
:102560007B681B6900E0094B7A681361002308E06F
:10257000FB68991CFB681B881A467868FFF710FEF9
:10258000034618461037BD4680BD00BF883D010890
:1025900080B586B000AF7860396000237B613B680E
:1025A0005B8A3B613B68DB69BB603B689B7D03F0FA
:1025B000C003802B03D14FF0FF333B6111E03B6937
:1025C000002B0BD17B681B69002B02D07B681B6939
:1025D00000E01C4B7A68136100232FE03B69013B4C
:1025E0003B61BB68002B02D100237B6120E0BB680C
:1025F000FB6005E07B6901337B61FB680133FB60B5
:102600007A693B699A4203D2FB681B78002BF1D1AF
:10261000FB681B78002B0BD07B681B69002B02D05A
:102620007B681B6900E0084B7A681361002305E0B2
:102630007A69B9687868FFF7B3FD0346184618371A
:10264000BD4680BD9C3D0108B03D010880B584B009
:1026500000AF786039603B685B6A002B0BD17B6808
:102660001B69002B02D07B681B6900E0194B7A685C
:102670001361002329E03B689B7D03F00F03092BC6
:102680001AD13B681B6A002B16D03B681B6A083BBB
:10269000FB60FB681B68002B0ED0FB681B68FA68A8
:1026A0000432396878689847034683F00103DBB247
:1026B000002B01D0002308E03B68596A3B68DB69C6
:1026C0001A467868FFF78EFD034618461037BD4658
:1026D00080BD00BFC43D010880B582B000AF786006
:1026E00039603B68D9693B685B8A1A467868FFF7AE
:1026F00057FD034618460837BD4680BD80B400AF7D
:10270000044B4AF6AA221A6000BFBD465DF8047B5E
:10271000704700BF0030004080B588B004AF7860DB
:1027200039600023FB737B6802933B6801934FF48D
:1027300080730093064B074A0749022008F0AEFA5F
:102740000346FB7397F90F3018461037BD4680BD1E
:10275000492E0008C12D0008412D000880B588B021
:1027600002AF78604FF480737B61234BBB60002322
:10277000FB747B6903F00303002B04D07B699B0887
:1027800001339B007B610023FB6027E0FFF7B6FF6E
:1027900001F0FEFBBA68FB68D31A7A699A420DD938
:1027A000BA68FB68D31A7B617B6903F00303002BD3
:1027B00004D07B699B0801339B007B61FB680F4A57
:1027C00098187B6800937B69FA68B96808F088F903
:1027D0000346FB74FA687B691344FB60FA68BB68C4
:1027E0009A4203D297F91330002BCFD097F91330C8
:1027F00018461837BD4680BD302B020060400108E6
:102800002DE9F04F97B008AFF860B960BB687B6303
:10281000FB689B780B2B40F08280FB68D3F8033079
:1028200007F114021146184609F024FD02F0C4F81D
:1028300002467B6B5A61FB68D3F80730D3E900236B
:10284000C7E90A23D7E90A0102460B464FF0000AFE
:102850004FF0000B4FEA431B4BEAD26B4FEA421A90
:1028600052465B46B2EB000863EB01094FF00002F1
:102870004FF000034FEA891343EA98634FEA881246
:10288000B2EB080463EB09054FF000024FF00003C0
:10289000EB0043EA5473E20014461D4623183B60E4
:1028A00045EB01037B60D7E90034C7E90A34D7E977
:1028B0000A011EA3D3E90023FEF796F902460B4650
:1028C00013467B62BA6A7B6A174901FB03F3D31A8A
:1028D0003B627B6B9B683B607B6B93F800C07B6BC0
:1028E0005B787A6B9278B7F91410B7F91600B7F9DC
:1028F0001840B7F91A50BE8B0696059504940390BC
:1029000002910192009363463A6A796A386800F04E
:1029100035FF7B6B9B685A1C7B6B9A6000E000BFA5
:102920003C37BD46BDE8F08F00CA9A3B00CA9A3BCF
:1029300000000000000000002DE9F04F93B006AF4A
:10294000F860B960BB68FB62FB689B78072B40F0BE
:102950009580FB68D3F8033007F110021146184642
:1029600009F0D4FC02F028F80246FB6A5A61FB68C1
:10297000D3F80730D3E90023C7E90823D7E90801D2
:1029800002460B464FF0000A4FF0000B4FEA431B84
:102990004BEAD26B4FEA421A52465B46B2EB000852
:1029A00063EB01094FF000024FF000034FEA891377
:1029B00043EA98634FEA8812B2EB080463EB090517
:1029C0004FF000024FF00003EB0043EA5473E200C3
:1029D00014461D4623183B6045EB01037B60D7E995
:1029E0000034C7E90834D7E9080128A3D3E9002354
:1029F000FEF7FAF802460B461346FB613A6AFB699A
:102A0000214901FB03F3D31ABB61B7F9103007EE7C
:102A1000903AF8EEE77AFB6AC3ED077AB7F912301D
:102A200007EE903AF8EEE77AFB6AC3ED087AB7F959
:102A3000143007EE903AF8EEE77AFB6AC3ED097AB4
:102A4000FB6A012283F83420FB6A9D68FB6A1E78CA
:102A5000FB6A5B78FA6A9278B7F91010B7F912003E
:102A6000B7F9144004940390029101920093334605
:102A7000BA69F969284600F0F3FE00E000BF343778
:102A8000BD46BDE8F08F00BF00CA9A3B00CA9A3B22
:102A900000000000000000002DE9F04F93B006AFE9
:102AA000F860B960BB68FB62FB689B78072B40F05D
:102AB0009780FB68D3F8033007F1100211461846DF
:102AC00009F024FC01F078FF0246FB6A5A61FB68BA
:102AD000D3F80730D3E90023C7E90823D7E9080171
:102AE00002460B464FF0000A4FF0000B4FEA431B23
:102AF0004BEAD26B4FEA421A52465B46B2EB0008F1
:102B000063EB01094FF000024FF000034FEA891315
:102B100043EA98634FEA8812B2EB080463EB0905B5
:102B20004FF000024FF00003EB0043EA5473E20061
:102B300014461D4623183B6045EB01037B60D7E933
:102B40000034C7E90834D7E908012AA3D3E90023F0
:102B5000FEF74AF802460B461346FB613A6AFB69E8
:102B6000234901FB03F3D31ABB61B7F9103007EE19
:102B7000903AF8EEE77AFB6AC3ED0A7AB7F91230B9
:102B800007EE903AF8EEE77AFB6AC3ED0B7AB7F9F5
:102B9000143007EE903AF8EEE77AFB6AC3ED0C7A50
:102BA000FB6A012283F83520FB6A9D68FB6A1E7868
:102BB000FB6A5B78FA6A92781432D2B2B7F91010D5
:102BC000B7F91200B7F914400494039002910192EE
:102BD00000933346BA69F969284600F041FE00E0E7
:102BE00000BF3437BD46BDE8F08F00BFAFF30080B3
:102BF00000CA9A3B00CA9A3B0000000080B487B02C
:102C000000AF786039603B687B617B68D3F8033044
:102C10001B78FB747B68D3F803305B78BB747B68EC
:102C2000D3F803309B787B747B681B78FE2B02D132
:102C3000244BFB6005E07B681B78F82B37D1224BD7
:102C4000FB60FB7C013B132B33D801A252F823F02D
:102C5000B32C0008B32C0008B32C0008B32C0008D8
:102C6000B32C0008B32C0008B32C0008B32C0008C8
:102C7000B32C0008B32C0008B32C0008B32C0008B8
:102C8000B32C0008B32C0008B32C0008B32C0008A8
:102C9000B32C0008B32C0008A12C0008B32C0008AA
:102CA0007B69002B07D07B6901221A7603E000BF05
:102CB00002E000BF00E000BF1C37BD465DF8047BAA
:102CC000704700BFBC3E0108CC3E010880B400AF95
:102CD000044B4AF6AA221A6000BFBD465DF8047B89
:102CE000704700BF0030004080B483B000AF03469F
:102CF000FB71FB79002B01D1002301E06FF002038F
:102D000018460C37BD465DF8047B704780B500AFB0
:102D1000094B1B78DBB2002B0BD1074B01221A7039
:102D2000064802F0EDFB00F057FF034B00221A703B
:102D300000E000BF80BD00BF7C060020844C002066
:102D400080B58CB004AFB9607A603B600346FB731A
:102D50003B68BB610123FB77BB69002B02D14FF0BD
:102D6000FF3327E0BB691B79FB820023BB7717E0A9
:102D7000FB8A5B0099B2FB7B9AB27B689BB21920FD
:102D800002900193BB68009301230C4802F0E0FD20
:102D90000346FB77FB7F002B06D0BB7F0133BB775D
:102DA000BB7F012BE4D900E000BFFB7F1846FFF793
:102DB0009BFF034618462037BD4680BD844C00204B
:102DC00080B58CB004AFB9607A603B600346FB739A
:102DD0003B68BB610123FB77BB69002B02D0BB685A
:102DE000002B02D14FF0FF3327E0BB691B79FB8238
:102DF0000023BB7717E0FB8A5B0099B2FB7B9AB29A
:102E00007B689BB2322002900193BB680093012340
:102E10000C4802F0A3FC0346FB77FB7F002B06D097
:102E2000BB7F0133BB77BB7F012BE4D900E000BF40
:102E3000FB7F1846FFF758FF034618462037BD466C
:102E400080BD00BF844C002080B584B000AF7860A6
:102E5000396019E07B68B3F57A7F28BF4FF47A7345
:102E6000FB600D4B1B6800225A6200BF0A4B1B68B7
:102E70005B6AFA689A42F9D87A68FB68D31A7B6071
:102E800001F086F8FFF722FF7B68002BE2D100BF3C
:102E900000BF1037BD4680BD384D002080B582B0E0
:102EA00000AF786039603A687968002009F0A6FAC6
:102EB000034618460837BD4680BD000080B400AF09
:102EC000044B4AF6AA221A6000BFBD465DF8047B97
:102ED000704700BF0030004080B586B002AF0346A7
:102EE000FB71E023FB81FB79072B01D9012326E04D
:102EF000154B1B78FA799A4201D100231FE0FB7928
:102F0000012202FA03F3DBB23B7307F10C02F989E9
:102F10006423009301230D4802F022FB03467B73D8
:102F20007B7B002B07D1084AFB79137000216420BA
:102F3000FFF78AFF02E0044BFF221A707B7B1846E2
:102F40001037BD4680BD00BF00000020844C00202B
:102F500090B583B000AF0023FB716EE0FFF7AEFFCA
:102F600001F016F8FA7939491346DB009B1ADB00A9
:102F70000B4403331B787B71FB79FA794FF4427170
:102F800001FB03F33249194430481346DB009B1A16
:102F9000DB00034410331960FA792C491346DB0037
:102FA0009B1ADB000B440C3300221A700123BB7107
:102FB0007B791846FFF790FF03463B713B79002B66
:102FC00015D1022001F004FDFA7920491346DB00F7
:102FD0009B1ADB000B4404331B789BB25B0099B255
:102FE000142302221B4802F0D9FE0346BB71BB79B1
:102FF000002B1FD1FB79184600F02EF80346FB701A
:1030000097F90330002B15D1FA7910491346DB00EC
:103010009B1ADB000B440C3301221A70FC7901F07F
:10302000CBFC024609492346DB001B1BDB000B449B
:1030300014331A60FB790133FB71FB79132B8DD9A3
:1030400000BF00BF0C37BD4690BD00BF040000208C
:1030500080060020844C00202DE9F0438BB000AFA7
:103060000346FB716B461E46FFF728FF002387F8D7
:103070002730132387F8253097F825100B46013B9E
:103080003B62CBB20022984691464FF000024FF0CF
:1030900000034FEAC90343EA58734FEAC802CBB2B0
:1030A00000221C4615464FF000024FF00003EB00D3
:1030B00043EA5473E2000B460733DB08DB00ADEB59
:1030C000030D6B460033FB610023FB8100237B7300
:1030D00000233B730023FB72FA7976491346DB0029
:1030E0009B1ADB000B4410331868FA791346DB0097
:1030F0009B1ADB006F4A13441946FFF70DFB03468A
:103100001A46FB691A70FA796A491346DB009B1A62
:10311000DB000B4410331B68184607F0A7FD03467D
:103120001A46FB695A70FA7962491346DB009B1A0A
:10313000DB000B4410331A6807F10D0311461846E3
:1031400007F043FC03461A46FB699A70FA7959491D
:103150001346DB009B1ADB000B4410331A6807F19F
:103160000C031146184607F04AFC03461A46FB6951
:10317000DA707B7B892B02D0FB690122DA70012394
:10318000FB76FA794B491346DB009B1ADB000B44B4
:1031900010331A68FB7E1146184607F0DBFC034625
:1031A0001A46FB691A712023BB76FA794149134606
:1031B000DB009B1ADB000B4410331A68BB7E114600
:1031C000184607F0E3FC03461A46FB695A710023D0
:1031D0007B76FA7937491346DB009B1ADB000B44F8
:1031E00010331A687B7E1146184607F0EBFC034645
:1031F0001A46FB699A7100233B76FA792D491346EA
:10320000DB009B1ADB000B4410331A683B7E11462F
:10321000184607F0F3FC03461A46FB69DA71FA799F
:1032200024491346DB009B1ADB000B4410331A6859
:1032300007F10B031146184607F015FC03461A4622
:10324000FB691A72FB7A03F01003002B00F018815F
:10325000FA7918491346DB009B1ADB000B44103344
:103260001B681846FFF77AFA03461A46FB691A727A
:10327000FB6993F90830002B03D0FB6993F9083000
:1032800017E1FA790B491346DB009B1ADB000B446C
:1032900010331B68184607F045FC03461A46FB69C5
:1032A0001A72FB6993F90830002B05D0FB6993F97A
:1032B0000830FEE004000020FA7981491346DB0063
:1032C0009B1ADB000B4410331A6807F10E031146FA
:1032D000184607F0AEFB03461A46FB695A72FA79A4
:1032E0001346DB009B1ADB00754A9918FA7974487B
:1032F0001346DB009B1ADB00034410331B680A46AD
:103300007049FE2007F0F4FC03461A46FB699A72E6
:10331000FA791346DB009B1ADB00694A9918FA799F
:1033200067481346DB009B1ADB00034410331B681D
:103330000A466449F82007F0DBFC03461A46FB699D
:10334000DA72FA791346DB009B1ADB005C4A9918A3
:10335000FA795B481346DB009B1ADB000344103309
:103360001B680A465849252007F0C2FC03461A4646
:10337000FB691A73FA791346DB009B1ADB00504A8B
:103380009918FA794E481346DB009B1ADB00034478
:1033900010331B680A464D49132007F0A9FC034669
:1033A0001A46FB695A73FA791346DB009B1ADB0055
:1033B000434A9918FA7942481346DB009B1ADB000E
:1033C000034410331B680A464149652007F090FC0E
:1033D00003461A46FB699A73FA7939491346DB00AA
:1033E0009B1ADB000B4410331B68184607F0D4FC13
:1033F00003461A46FB69DA73364B7B6100233B6157
:10340000FA792F491346DB009B1ADB000B4410337B
:103410001B681A46396997ED050A252007F0B4FAAA
:1034200003461A46FB691A74FA7925491346DB00EC
:103430009B1ADB000B4410331B681A46396997ED61
:10344000050A132007F0A0FA03461A46FB695A74CE
:10345000FA791B491346DB009B1ADB000B4410333F
:103460001B681A46396997ED050A652007F08CFA42
:1034700003461A46FB699A74002387F8263010E049
:10348000012316E097F82630FA69D25697F92730CB
:1034900013435BB287F8273097F82630013387F85B
:1034A000263097F8262097F825309A42EAD397F9E4
:1034B0002730B54618462C37BD46BDE8F08300BF1F
:1034C00004000020FD2B000801280008392900080D
:1034D000992A00080000C84190B585B000AF0346A6
:1034E000FB71FB79132B64D8FB79344AD35CFF2B37
:1034F00006D0FB79314AD25C0132D1B22F4AD15485
:10350000FB792E4AD35C032B04D1FFF7FFFB2C4B36
:10351000FF221A70FB79294AD35C072B4AD901F0A4
:103520004BFAF860FB79274A52F82330002B09D078
:10353000FB79244A52F82330FA68D31A42F20F7208
:10354000934237D9FB791F49FA6841F82320FA7969
:103550001D491346DB009B1ADB000B440C33002291
:103560001A70022001F034FAFB791846FFF774FD57
:103570000346002B15D1FA7913491346DB009B1A39
:10358000DB000B440C3301221A70FC7901F014FAB1
:1035900002460D492346DB001B1BDB000B441433A2
:1035A0001A60FB79054A0021D154054BFF221A709D
:1035B00000E000BF1437BD4690BD00BF204B002087
:1035C00000000020344B00200400002090B583B0A0
:1035D00000AF0023FB71C0E0FFF770FC00F0D8FCE7
:1035E000FA7962491346DB009B1ADB000B440C336B
:1035F0001B7883F00103DBB2002B40F0AA80FA793C
:103600005A491346DB009B1ADB000B4418331B7826
:10361000002B39D0FA7955491346DB009B1ADB00A1
:103620000B44183300221A70FB791846FFF714FD7B
:103630000346002B16D1FA794C491346DB009B1A3E
:10364000DB000B440C3301221A70FC7901F0B4F951
:10365000024646492346DB001B1BDB000B441433A8
:103660001A6009E0FA7941491346DB009B1ADB0036
:103670000B440C3300221A70FB793D4A0021D154CF
:103680003C4BFF221A7065E0FA7938491346DB009B
:103690009B1ADB000B4403331B78BB71BB791846C4
:1036A000FFF71AFC0346002B04D0FB791846FFF7FE
:1036B00013FF4FE0FA792D491346DB009B1ADB001C
:1036C0000B4410331B681A464FF400612A4807F078
:1036D00059F803467B7197F90530002B04D0FB792C
:1036E0001846FFF7F9FE35E001F066F93860FA791F
:1036F0001E491346DB009B1ADB000B4414331B6886
:10370000002B0ED1FA7919491346DB009B1ADB0016
:103710000B4414333A681A60FB79154A0021D154DE
:1037200018E0FA7911491346DB009B1ADB000B44C1
:1037300014331B683A68D31AB3F5FA7F04D9FB79BE
:103740001846FFF7C9FE05E0FB79094A0021D1546C
:1037500000E000BFFB790133FB71FB79132B7FF68F
:103760003BAF00BF00BF0C37BD4690BD040000203A
:10377000204B0020000000202043002080B596B0A0
:1037800000AFF860B9607A60FB7007F1100348225F
:10379000002118460EF0D6FBFB683B61FB783B75B9
:1037A00097F86030BB6197F86430FB61012387F8BC
:1037B0003830BB68FB637B683B64B7F9683007EE61
:1037C000903AB8EEE77ADFED236AC7EE267AC7EDC6
:1037D000117AB7F96C3007EE903AB8EEE77ADFED80
:1037E0001D6AC7EE267AC7ED127AB7F9703007EE78
:1037F000903AB8EEE77ADFED176AC7EE267AC7EDA2
:10380000137AB7F9743007EE903AB8EEE77ADFED45
:10381000116AC7EE267AC7ED147AB7F8783007EE4A
:10382000903AF8EEE77A9FED0C7A67EE877ADFED53
:10383000096A87EEA67ADFED096AC7EE267AC7ED38
:10384000157A07F11003184600F04AF800BF583700
:10385000BD4680BD0000804600003443DB0F494078
:1038600080B596B000AFF860B9607A60FB7007F180
:1038700010034822002118460EF064FBFB683B61F0
:10388000FB783B7597F86030BB6197F86430FB615B
:10389000012387F82030BB687B627B68BB62B7F985
:1038A000683007EE903AF8EEE77AC7ED0B7AB7F991
:1038B0006C3007EE903AF8EEE77AC7ED0C7AB7F97C
:1038C000703007EE903AF8EEE77AC7ED0D7A07F11F
:1038D0001003184600F004F800BF5837BD4680BDFD
:1038E00080B58CB002AF786007F1080380222A49C6
:1038F0001846FDF73FFE07F108037A682749184686
:10390000FEF7A5FA034683F00103DBB2002B01D0DA
:1039100002233DE07B6907F11C0000931E4B8022CF
:103920001F49FDF7DFFA97F82030002B01D0032361
:103930002EE00AF073F80346002B09D00AF080F855
:10394000034683F00103DBB2002B01D0012300E02A
:10395000002303F00103DBB283F00103DBB2002B91
:1039600001D0012314E0FB6919460D48FFF796FAD0
:103970007862FB697A6A9A4203D000F0EDFA01237B
:1039800006E000F0DDFA0821064801F05AFC0023A9
:1039900018462837BD4680BD844B002048400108AA
:1039A000044C00200000024080B582B000AF00232C
:1039B000FB712BE0FA7919491346DB009B1ADB00F7
:1039C0000B4403331B78BB71BB791846FFF784FAAD
:1039D00003467B717B79002B15D1FB79184600F0EB
:1039E0003DF803463B713B79002B01D0012311E0E8
:1039F000FB79184600F014F80346FB70FB78002BA7
:103A000001D0012306E0FB790133FB71FB79132B15
:103A1000D0D9002318460837BD4680BD04000020D9
:103A200080B584B000AF0346FB710023FB73FA79C5
:103A300009491346DB009B1ADB000B4410331B685B
:103A40001946FE2007F0F6F80346FB73FB7B184689
:103A50001037BD4680BD00BF0400002080B584B093
:103A600000AF0346FB710023FB73FA790949134643
:103A7000DB009B1ADB000B4410331B681946FE2049
:103A800007F0D8F80346FB73FB7B18461037BD469A
:103A900080BD00BF0400002080B58AB000AF07F1F0
:103AA000140300221A605A609A60DA601A610023D7
:103AB0003B61464B1B6B454A43F004031363434B86
:103AC0001B6B03F004033B613B690023FB603F4B2E
:103AD0001B6B3E4A43F0800313633C4B1B6B03F0AC
:103AE0008003FB60FB680023BB60384B1B6B374ACD
:103AF00043F001031363354B1B6B03F00103BB6001
:103B0000BB6800237B60314B1B6B304A43F00203E0
:103B100013632E4B1B6B03F002037B607B68002357
:103B20003B602A4B1B6B294A43F008031363274B66
:103B30001B6B03F008033B603B6800221C212448F8
:103B400001F066FB1C237B610123BB610023FB6149
:103B500000233B6207F1140319461D4801F0D0F819
:103B60004FF480537B614FF48813BB610023FB61EA
:103B700000233B6207F114031946164801F0C0F810
:103B800020237B610123BB610023FB6100233B6297
:103B900007F1140319460F4801F0B2F80122202161
:103BA0000C4801F035FB4FF4C0537B610023BB612F
:103BB0000023FB6100233B6207F11403194604480C
:103BC00001F09EF800BF2837BD4680BD0038024096
:103BD000000002400004024080B500AF174B184AB5
:103BE0001A60164B174A5A60144B00229A60134B06
:103BF0000022DA60114B4FF480421A610F4B002211
:103C00005A610E4B00229A610C4B0022DA610B4B79
:103C100000221A62094801F02FFB0346002B01D055
:103C200000F0FEFA0021054804F076FA0346002B66
:103C300001D000F0F5FA00BF80BD00BF844C002029
:103C400000540040801A060080B500AF124B134AA2
:103C50001A60114B124A5A600F4B00229A600E4BA9
:103C60000022DA600C4B4FF480421A610A4B0022AA
:103C70005A61094B00229A61074B0022DA61064B18
:103C800000221A62044801F0F7FA0346002B01D023
:103C900000F0C6FA00BF80BDD84C0020005800409C
:103CA000801A060080B58CB000AF786007F11C0365
:103CB00000221A605A609A60DA601A617B681B6899
:103CC0004E4A934234D10023BB614D4B1B6B4C4A8F
:103CD00043F0020313634A4B1B6B03F00203BB6107
:103CE000BB69C023FB6112233B6200237B6201237B
:103CF000BB620423FB6207F11C031946414800F034
:103D0000FFFF00237B613E4B1B6C3D4A43F40013D5
:103D100013643B4B1B6C03F400137B617B69002233
:103D200000211F2000F077FF1F2000F090FF60E0CF
:103D30007B681B68344A93425BD100233B61304B64
:103D40001B6B2F4A43F0020313632D4B1B6B03F0D5
:103D500002033B613B690023FB60294B1B6B284A34
:103D600043F004031363264B1B6B03F00403FB6057
:103D7000FB684FF48063FB6112233B6200237B628C
:103D80000123BB620423FB6207F11C0319461D4893
:103D900000F0B6FF4FF48053FB6112233B62002317
:103DA0007B620123BB620423FB6207F11C031946FB
:103DB000164800F0A5FF0023BB60114B1B6C104A96
:103DC00043F4800313640E4B1B6C03F48003BB604D
:103DD000BB6800220021212000F01DFF212000F0FF
:103DE00036FF00220021222000F015FF222000F0E3
:103DF0002EFF00BF3037BD4680BD00BF00540040DD
:103E00000038024000040240005800400008024010
:103E100080B582B000AF78607B681B68194A934216
:103E200011D1194B1B6C184A23F400131364402161
:103E3000164801F0F9F88021144801F0F5F81F2028
:103E400000F013FF1AE07B681B68114A934215D1FA
:103E50000D4B1B6C0C4A23F4800313644FF48061F8
:103E60000A4801F0E1F84FF480510A4801F0DCF80B
:103E7000212000F0FAFE222000F0F7FE00BF0837F4
:103E8000BD4680BD0054004000380240000402409E
:103E9000005800400008024080B582B000AF786052
:103EA00039603A687968002008F0A8FA0346184695
:103EB0000837BD4680BD80B500AF002008F0CAFAC3
:103EC0000346184680BD000080B582B000AF144B99
:103ED0004CF6CC421A60124B45F255521A60104B08
:103EE00004225A600E4B40F2FF729A6000F064FDAB
:103EF000786000BF0A4BDB6803F00303002B06D099
:103F000000F05AFD02467B68D31A632BF2D9044BAA
:103F10004AF6AA221A6000BF0837BD4680BD00BF1E
:103F20000030004080B400AF044B4AF6AA221A6069
:103F300000BFBD465DF8047B704700BF0030004005
:103F400080B400AF034B00221A6000BFBD465DF88D
:103F5000047B7047304D002080B400AF0A4B1B68D3
:103F6000B3F1FF3F04D0084B1B680133064A1360CE
:103F7000054B1B68132B02D9044B01221A7000BF9A
:103F8000BD465DF8047B7047304D00202D4D00206C
:103F900080B500AF114B1B78DBB2002B0CD00F4B60
:103FA00000221A700E4B00221A6009F05DFD3220CB
:103FB00000F00EFD09F06CFD0A4B1B78DBB2002B04
:103FC0000AD0084B00221A7000214FF0FF3009F090
:103FD00069FE00BFFFF76FFF00BF80BD2D4D0020C1
:103FE000304D00202C4D002080B500AF00F07EFC4D
:103FF00000F032F800F0A4F8FFF74EFDFFF7ECFDFB
:10400000FFF722FE00F038FB00F04CFA00F0A6FAB1
:104010000F4805F0A3FB0F4805F008FC012009F04C
:104020005BFD642000F0D4FC4FF47A7000F0D0FC0B
:10403000FFF74AFFFEF78CFFFFF7B6FCFFF7A8FF7C
:10404000FFF7C4FAFFF76EFFFFF7A2FFF6E700BF26
:10405000384D0020804D002080B594B000AF07F1AE
:104060001C033422002118460DF06CFF07F10803F1
:1040700000221A605A609A60DA601A6100237B603D
:104080002D4B1B6C2C4A43F0805313642A4B1B6C42
:1040900003F080537B607B6800233B60274B1B68E9
:1040A000264A43F440431360244B1B6803F4404307
:1040B0003B603B680123FB614FF480333B6202238A
:1040C0007B634FF48003BB630823FB634FF4B4733B
:1040D0003B6402237B640823BB640223FB6407F177
:1040E0001C03184605F04CF80346002B01D000F0E5
:1040F00097F804F095F90346002B01D000F090F8F2
:104100000F23BB600223FB6000233B614FF4A053ED
:104110007B614FF48053BB6107F10803052118460A
:1041200004F0CEF90346002B01D000F079F800BF6F
:104130005037BD4680BD00BF0038024000700040CF
:1041400080B598B000AF3B1D5C22002118460DF0F1
:10415000F9FE4FF440737B600423FB6160233B62F4
:104160000223BB6204237B6201233B634FF00063A5
:10417000BB650023BB643B1D184604F0A7FA034649
:10418000002B01D000F04CF800BF6037BD4680BD69
:1041900080B584B000AF78607B68DBB23B7307F119
:1041A0000C0301211846FFF777FE7B68184610378D
:1041B000BD4680BD80B586B000AFF860B9607A605A
:1041C00000237B6109E0BB685A1CBA601B78184663
:1041D000FFF7DEFF7B6901337B617A697B689A4276
:1041E000F1DB7B6818461837BD4680BD80B582B0CC
:1041F00000AF78607B681B68064A934206D1064B85
:1042000001221A700421054801F01BF800BF08378D
:10421000BD4680BD000401402C4D0020000002403E
:1042200080B400AF72B600BFFEE7000080B483B078
:1042300000AF00237B60104B5B6C0F4A43F480435C
:1042400053640D4B5B6C03F480437B607B680023FD
:104250003B60094B1B6C084A43F080531364064BC8
:104260001B6C03F080533B603B6800BF0C37BD46BE
:104270005DF8047B704700BF0038024080B400AF97
:10428000FEE780B400AFFEE780B400AFFEE780B485
:1042900000AFFEE780B400AFFEE780B400AF00BF20
:1042A000BD465DF8047B704780B400AF00BFBD46DB
:1042B0005DF8047B704780B400AF00BFBD465DF879
:1042C000047B704780B500AF00F062FB00BF80BD8B
:1042D00080B500AF024801F08FFE00BF80BD00BF77
:1042E000844C002080B500AF024801F085FE00BF7D
:1042F00080BD00BFD84C002080B500AF024801F05F
:10430000CEFF00BF80BD00BFD84C002080B500AFFD
:10431000024805F0FBFA00BF80BD00BF804D0020C1
:1043200080B500AF01200CF05DFD00BF80BD80B402
:1043300000AF01231846BD465DF8047B704780B589
:1043400082B000AF786039600DF04EFE0346162251
:104350001A604FF0FF3318460837BD4680BD80B560
:1043600082B000AF78604FF0FF317868FFF7E7FF69
:10437000FEE780B586B000AFF860B9607A600023D0
:104380007B610AE0AFF300800146BB685A1CBA604B
:10439000CAB21A707B6901337B617A697B689A4281
:1043A000F0DB7B6818461837BD4680BD80B483B00B
:1043B00000AF78604FF0FF3318460C37BD465DF80C
:1043C000047B704780B483B000AF786039603B688D
:1043D0004FF400525A60002318460C37BD465DF872
:1043E000047B704780B483B000AF78600123184627
:1043F0000C37BD465DF8047B704780B485B000AFD4
:10440000F860B9607A60002318461437BD465DF83D
:10441000047B704780B586B000AF7860144A154BB6
:10442000D31A7B617B693B61134B1B68002B02D164
:10443000114B124A1A60104B1A687B6813443A6990
:104440009A4207D20DF0D0FD03460C221A604FF0BD
:10445000FF3309E0084B1B68FB60074B1A687B6859
:104460001344054A1360FB6818461837BD4680BDE3
:104470000000022000100000344D0020086D0020D4
:1044800080B400AF064BD3F88830054A43F470037C
:10449000C2F8883000BFBD465DF8047B704700BF9E
:1044A00000ED00E080B588B000AF04F0EFF80346FF
:1044B000274AA2FB03239B0CFB6107F10C0300229C
:1044C0001A605A609A60DA603B1D00221A605A60D6
:1044D000204B214A1A60FB69013B1E4A53601D4B69
:1044E00000229A601B4B4FF6FF72DA60194B0022D4
:1044F0001A61184B00225A61164B80229A611548A6
:1045000005F0DCF80346002B01D0FFF789FE4FF4DD
:104510008053FB6007F10C0319460E4805F0FEFAC4
:104520000346002B01D0FFF77BFE00237B600023B6
:10453000BB603B1D1946074805F01AFD0346002BDA
:1045400001D0FFF76DFE00BF2037BD4680BD00BF24
:1045500083DE1B43384D00200000014080B586B04B
:1045600000AF07F1080300221A605A609A60DA600F
:104570003B4600221A605A601E4B1F4A1A601D4BB0
:1045800005225A601B4B00229A601A4B4EF65F229E
:10459000DA60184B00221A61164B00225A61154B43
:1045A00000229A61134805F089F80346002B01D0D8
:1045B000FFF736FE4FF48053BB6007F1080319463E
:1045C0000C4805F0ABFA0346002B01D0FFF728FE9C
:1045D00000233B6000237B603B461946054805F0FD
:1045E000C7FC0346002B01D0FFF71AFE00BF1837A7
:1045F000BD4680BD804D00200004014080B584B0E0
:1046000000AF78607B681B68184A93420ED1002384
:10461000FB60174B5B6C164A43F001035364144B69
:104620005B6C03F00103FB60FB681AE07B681B68AE
:10463000104A934215D10023BB600D4B5B6C0C4AB2
:1046400043F0020353640A4B5B6C03F00203BB604C
:10465000BB68002200212C2000F0DDFA2C2000F0A5
:10466000F6FA00BF1037BD4680BD00BF0000014014
:10467000003802400004014080B500AF154B164AD7
:104680001A60144B08225A60124B0222DA60114B56
:1046900000221A610F4B02229A610E4B0022DA614E
:1046A0000C4B00221A620B4B00225A62094B00226B
:1046B000DA62084B00221A63064B00225A6305484F
:1046C00003F066FD0346002B01D0FFF7A9FD00BFF4
:1046D00080BD00BFC84D00200000044080B58AB0F6
:1046E00000AF786007F1140300221A605A609A60E4
:1046F000DA601A617B681B681D4A934234D100233B
:104700003B611C4B1B6B1B4A43F002031363194BA9
:104710001B6B03F002033B613B694FF440437B6139
:104720000223BB610023FB6103233B620C237B62FA
:1047300007F114031946104800F0E2FA0023FB6069
:104740000C4B1B6B0B4A43F000531363094B1B6B61
:1047500003F00053FB60FB68002200214D2000F0B5
:104760005AFA4D2000F073FA00BF2837BD4680BDCD
:1047700000000440003802400004024080B400AF52
:10478000024B1846BD465DF8047B7047A86B0308D2
:1047900080B483B000AF0346FB71034B18460C375F
:1047A000BD465DF8047B7047BC6B030880B584B0E0
:1047B00000AF03460A46FB711346BB80FB79002B12
:1047C00008D1214B1B681B889AB2204B5A800123C9
:1047D000FB7327E0FB79052B01D900232FE0FB7940
:1047E000194A52F82330BB60B868FBF761FD0346F5
:1047F000FB73FB7B1F2B01D91F23FB730023BB73B0
:104800000CE0BB7BBA6813441A78BB7B013391B2CE
:104810000E4A22F81310BB7B0133BB73BA7BFB7BC0
:104820009A42EED3FB7B01339BB25B009BB21BB27F
:1048300043F440731BB29AB2044B1A80034B1846E0
:104840001037BD4680BD00BF68040020D452002050
:1048500080B400AFBFF34F8F00BF064BDB6803F49B
:10486000E0620449044B1343CB60BFF34F8F00BF9A
:1048700000BFFDE700ED00E00400FA0580B582B05E
:1048800000AF044B7B60044B3B603B687A681A6066
:10489000FFF7DEFFD4327F15FCFF0120DFF834D0B4
:1048A0000D480E490E4A002302E0D458C450043388
:1048B000C4188C42F9D30B4A0B4C002301E013605F
:1048C0000432A242FBD3FFF7DBFD0DF093FBFFF7B1
:1048D0008BFB7047000002200000002060060020D3
:1048E0004471030860060020086D002080B500AF09
:1048F0000E4B1B680D4A43F4007313600B4B1B688F
:104900000A4A43F480631360084B1B68074A43F468
:1049100080731360032000F073F90F2000F008F893
:10492000FFF784FC0023184680BD00BF003C024016
:1049300080B582B000AF7860124B1A68124B1B78BA
:1049400019464FF47A73B3FBF1F3B2FBF3F3184655
:1049500000F099F90346002B01D001230EE07B689B
:104960000F2B0AD8002279684FF0FF3000F053F97E
:10497000064A7B681360002300E0012318460837CD
:10498000BD4680BD64040020840400208004002013
:1049900080B400AF064B1B781A46064B1B681344C5
:1049A000044A136000BFBD465DF8047B704700BF3A
:1049B000840400201453002080B400AF034B1B6814
:1049C0001846BD465DF8047B704700BF14530020B5
:1049D00080B584B000AF7860FFF7EEFFB8607B6809
:1049E000FB60FB68B3F1FF3F05D00A4B1B781A460A
:1049F000FB681344FB6000BFFFF7DEFF0246BB68A5
:104A0000D31AFA689A42F7D800BF00BF1037BD46E4
:104A100080BD00BF8404002080B485B000AF786002
:104A20007B6803F00703FB600C4BDB68BB60BA6874
:104A30004FF6FF031340BB60FB681A02BB681343C9
:104A400043F0BF6343F40033BB60044ABB68D360E8
:104A500000BF1437BD465DF8047B704700ED00E0F1
:104A600080B400AF044BDB681B0A03F00703184651
:104A7000BD465DF8047B704700ED00E080B483B074
:104A800000AF0346FB7197F90730002B0BDBFB7976
:104A900003F01F02074997F907305B09012000FA6C
:104AA00002F241F8232000BF0C37BD465DF8047BBD
:104AB000704700BF00E100E080B483B000AF034660
:104AC000FB7197F90730002B12DBFB7903F01F0213
:104AD0000A4997F907305B09012000FA02F22033F6
:104AE00041F82320BFF34F8F00BFBFF36F8F00BF8C
:104AF00000BF0C37BD465DF8047B704700E100E065
:104B000080B483B000AF03463960FB7197F907307A
:104B1000002B0ADB3B68DAB20C4997F90730120127
:104B2000D2B20B4483F800230AE03B68DAB20849AA
:104B3000FB7903F00F03043B1201D2B20B441A7647
:104B400000BF0C37BD465DF8047B704700E100E014
:104B500000ED00E080B489B000AFF860B9607A6021
:104B6000FB6803F00703FB61FB69C3F10703042B38
:104B700028BF0423BB61FB690433062B02D9FB6900
:104B8000033B00E000237B614FF0FF32BB6902FA78
:104B900003F3DA43BB681A407B699A404FF0FF3158
:104BA0007B6901FA03F3D9437B680B401343184632
:104BB0002437BD465DF8047B7047000080B582B0A5
:104BC00000AF78607B68013BB3F1807F01D30123A4
:104BD0000FE00A4A7B68013B53600F214FF0FF3022
:104BE000FFF78EFF054B00229A60044B07221A60E4
:104BF000002318460837BD4680BD00BF10E000E026
:104C000080B582B000AF78607868FFF705FF00BF1D
:104C10000837BD4680BD80B586B000AF0346B96099
:104C20007A60FB7300237B61FFF71AFF78617A6873
:104C3000B9687869FFF78EFF024697F90F30114681
:104C40001846FFF75DFF00BF1837BD4680BD80B531
:104C500082B000AF0346FB7197F907301846FFF7A3
:104C60000DFF00BF0837BD4680BD80B582B000AFE4
:104C70000346FB7197F907301846FFF71DFF00BF89
:104C80000837BD4680BD80B582B000AF78607868D7
:104C9000FFF794FF034618460837BD4680BD80B431
:104CA00083B000AF78607B6893F83530DBB2022BBD
:104CB00004D07B6880225A6501230CE07B680522C2
:104CC00083F835207B681B681A687B681B6822F0B4
:104CD00001021A60002318460C37BD465DF8047BBC
:104CE000704780B483B000AF78607B6893F835304C
:104CF000DBB218460C37BD465DF8047B70470000F8
:104D000080B489B000AF7860396000237B610023F4
:104D10003B610023BB610023FB6165E10122FB696C
:104D200002FA03F37B613B681B687A6913403B61BD
:104D30003A697B699A4240F054813B685B6803F0B2
:104D40000303012B05D03B685B6803F00303022BD0
:104D500030D17B689B68BB61FB695B00032202FA70
:104D600003F3DB43BA691340BB613B68DA68FB6954
:104D70005B0002FA03F3BA691343BB617B68BA694B
:104D80009A607B685B68BB610122FB6902FA03F3EE
:104D9000DB43BA691340BB613B685B681B0903F0E6
:104DA0000102FB6902FA03F3BA691343BB617B6832
:104DB000BA695A603B685B6803F00303032B17D0A2
:104DC0007B68DB68BB61FB695B00032202FA03F3CB
:104DD000DB43BA691340BB613B689A68FB695B00BF
:104DE00002FA03F3BA691343BB617B68BA69DA60FC
:104DF0003B685B6803F00303022B23D1FB69DA08ED
:104E00007B68083253F82230BB61FB6903F007036B
:104E10009B000F2202FA03F3DB43BA691340BB6124
:104E20003B681A69FB6903F007039B0002FA03F36E
:104E3000BA691343BB61FB69DA087B680832B96958
:104E400043F822107B681B68BB61FB695B0003228F
:104E500002FA03F3DB43BA691340BB613B685B684A
:104E600003F00302FB695B0002FA03F3BA69134320
:104E7000BB617B68BA691A603B685B6803F44033C6
:104E8000002B00F0AE800023FB605D4B5B6C5C4A46
:104E900043F4804353645A4B5B6C03F48043FB60E0
:104EA000FB68584AFB699B08023352F82330BB6108
:104EB000FB6903F003039B000F2202FA03F3DB43B9
:104EC000BA691340BB617B684F4A934225D07B6827
:104ED0004E4A93421FD07B684D4A934219D07B685B
:104EE0004C4A934213D07B684B4A93420DD07B6867
:104EF0004A4A934207D07B68494A934201D106232C
:104F00000CE007230AE0052308E0042306E003235E
:104F100004E0022302E0012300E00023FA6902F02A
:104F2000030292009340BA691343BB613549FB69A0
:104F30009B080233BA6941F823203A4B9B68BB6156
:104F40003B69DB43BA691340BB613B685B6803F4B0
:104F50008013002B03D0BA693B691343BB61314A0C
:104F6000BB6993602F4BDB68BB613B69DB43BA696C
:104F70001340BB613B685B6803F40013002B03D054
:104F8000BA693B691343BB61264ABB69D360254BB1
:104F90005B68BB613B69DB43BA691340BB613B683B
:104FA0005B6803F40033002B03D0BA693B691343F9
:104FB000BB611C4ABB6953601A4B1B68BB613B69F0
:104FC000DB43BA691340BB613B685B6803F4803321
:104FD000002B03D0BA693B691343BB61114ABB691B
:104FE0001360FB690133FB61FB690F2B7FF696AE03
:104FF00000BF00BF2437BD465DF8047B704700BF8B
:105000000038024000380140000002400004024025
:1050100000080240000C0240001002400014024050
:1050200000180240003C014080B487B000AF7860B7
:10503000396000233B610023FB600023BB60002339
:105040007B61C7E001227B6902FA03F33B613A68A6
:105050003B691340FB60FA683B699A4240F0B780B5
:10506000624A7B699B08023352F82330BB607B693C
:1050700003F003039B000F2202FA03F3BA68134004
:10508000BB607B685A4A934225D07B68594A934259
:105090001FD07B68584A934219D07B68574A934285
:1050A00013D07B68564A93420DD07B68554A934291
:1050B00007D07B68544A934201D106230CE00723B2
:1050C0000AE0052308E0042306E0032304E00223AA
:1050D00002E0012300E000237A6902F0030292005B
:1050E0009340BA689A4232D1484B1A68FB68DB4356
:1050F000464913400B60454B5A68FB68DB43434904
:1051000013404B60414BDA68FB68DB433F49134077
:10511000CB603E4B9A68FB68DB433C4913408B6095
:105120007B6903F003039B000F2202FA03F3BB60C9
:105130002E4A7B699B08023352F82310BB68DA437E
:105140002A487B699B080A40023340F823207B6889
:105150001A687B695B00032101FA03F3DB431A4001
:105160007B681A607B69DA087B68083253F8221082
:105170007B6903F007039B000F2202FA03F3DB4372
:105180007A69D20819407B68083243F822107B689C
:10519000DA687B695B00032101FA03F3DB431A4001
:1051A0007B68DA607B685A6801217B6901FA03F346
:1051B000DB431A407B685A607B689A687B695B00B6
:1051C000032101FA03F3DB431A407B689A607B6991
:1051D00001337B617B690F2B7FF634AF00BF00BFCB
:1051E0001C37BD465DF8047B704700BF00380140A6
:1051F000000002400004024000080240000C02408F
:10520000001002400014024000180240003C01401F
:1052100080B483B000AF78600B467B8013467B7010
:105220007B78002B03D07A887B689A6103E07B88C7
:105230001A047B689A6100BF0C37BD465DF8047B99
:10524000704780B485B000AF78600B467B807B6888
:105250005B69FB607A88FB6813401A04FB68D943DA
:105260007B880B401A437B689A6100BF1437BD46A8
:105270005DF8047B7047000080B584B000AF7860B3
:105280007B68002B01D101232BE17B6893F83D3033
:10529000DBB2002B06D17B68002283F83C207868C3
:1052A000FEF700FD7B68242283F83D207B681B68A5
:1052B0001A687B681B6822F001021A607B681B6811
:1052C0001A687B681B6842F400421A607B681B689E
:1052D0001A687B681B6822F400421A6003F0E2F946
:1052E000F8607B685B68814A934207D8FB68804A14
:1052F000934294BF01230023DBB206E0FB687D4AA2
:10530000934294BF01230023DBB2002B01D0012381
:10531000E7E0FB68784AA2FB03239B0CBB607B6839
:105320001B685B6823F03F017B681B68BA680A430F
:105330005A607B681B681B6A23F03F017B685B68CF
:105340006A4A934202D8BB68013309E0BB684FF454
:10535000967202FB03F3694AA2FB03239B09013304
:105360007A6812680B4313627B681B68DB6923F45D
:105370004F4222F0FF027B685B685C498B4219D880
:10538000FB68591E7B685B685B00B1FBF3F3591C3B
:1053900040F6FC730B40002B0AD0FB68591E7B685B
:1053A0005B685B00B1FBF3F30133C3F30B0351E024
:1053B00004234FE07B689B68002B11D1FB68581ECB
:1053C0007B6859680B465B000B44B0FBF3F3013379
:1053D000C3F30B03002B0CBF01230023DBB212E04D
:1053E000FB68581E7B6859680B469B000B4499006C
:1053F0000B44B0FBF3F30133C3F30B03002B0CBFDF
:1054000001230023DBB2002B01D0012322E07B68C3
:105410009B68002B0ED1FB68581E7B6859680B46B1
:105420005B000B44B0FBF3F30133C3F30B0343F412
:1054300000430FE0FB68581E7B6859680B469B00D1
:105440000B4499000B44B0FBF3F30133C3F30B039C
:1054500043F44043796809681343CB617B681B6858
:105460001B6823F0C0017B68DA697B681B6A1A43FA
:105470007B681B680A431A607B681B689B6823F47F
:10548000034323F0FF037A6811697A68D2681143F5
:105490007A6812680B4393607B681B68DB6823F0B3
:1054A000FF017B685A697B689B691A437B681B68AC
:1054B0000A43DA607B681B681A687B681B6842F0E5
:1054C00001021A607B6800221A647B68202283F83C
:1054D0003D207B6800221A637B68002283F83E200F
:1054E000002318461037BD4680BD00BFA0860100CE
:1054F0007F841E00FF083D0083DE1B43D34D6210F6
:1055000080B582B000AF78607B68002B01D10123A9
:1055100021E07B68242283F83D207B681B681A68A1
:105520007B681B6822F001021A607868FEF770FC45
:105530007B6800221A647B68002283F83D207B6828
:1055400000221A637B68002283F83E207B680022D9
:1055500083F83C20002318460837BD4680BD000074
:1055600080B588B002AFF8607A601A460B467B813E
:1055700013463B81FFF720FA7861FB6893F83D30D2
:10558000DBB2202B40F0E0807B69009319230122DD
:105590007049F86802F096FB0346002B01D0022305
:1055A000D3E0FB6893F83C30012B01D10223CCE01F
:1055B000FB68012283F83C20FB681B681B6803F032
:1055C0000103012B07D0FB681B681A68FB681B6886
:1055D00042F001021A60FB681B681A68FB681B68CE
:1055E00022F400621A60FB68212283F83D20FB68E8
:1055F000102283F83E20FB6800221A64FB687A6858
:105600005A62FB683A895A85FB685B8D9AB2FB68DF
:105610001A85FB68504ADA6279897B693A6AF868C8
:1056200002F0A8F80346002B01D001238DE00023EF
:105630003B61FB681B685B693B61FB681B689B699E
:105640003B613B6966E07A69396AF86802F010FCF0
:105650000346002B0DD0FB681B6C042B07D1FB68A5
:105660001B681A68FB681B6842F400721A60012309
:105670006BE0FB685B6A1A78FB681B681A61FB6861
:105680005B6A5A1CFB685A62FB685B8D9BB2013BEC
:105690009AB2FB685A85FB681B8D013B9AB2FB6886
:1056A0001A85FB681B685B6903F00403042B1BD19C
:1056B000FB681B8D002B17D0FB685B6A1A78FB68B0
:1056C0001B681A61FB685B6A5A1CFB685A62FB68BC
:1056D0005B8D9BB2013B9AB2FB685A85FB681B8DC0
:1056E000013B9AB2FB681A857A69396AF86802F058
:1056F00000FC0346002B0DD0FB681B6C042B07D16C
:10570000FB681B681A68FB681B6842F400721A6029
:1057100001231AE0FB681B8D002B94D1FB681B68EA
:105720001A68FB681B6842F400721A60FB6820224A
:1057300083F83D20FB68002283F83E20FB680022AE
:1057400083F83C20002300E0022318461837BD46AA
:1057500080BD00BF020010000000FFFF80B588B0D0
:1057600002AFF860084611461A4603467B810B4695
:105770003B811346FB80FFF71FF97861FB6893F8C4
:105780003D30DBB2202B40F0D9807B690093192398
:1057900001226D49F86802F095FA0346002B01D00A
:1057A0000223CCE0FB6893F83C30012B01D10223AB
:1057B000C5E0FB68012283F83C20FB681B681B687E
:1057C00003F00103012B07D0FB681B681A68FB6814
:1057D0001B6842F001021A60FB681B681A68FB68CC
:1057E0001B6822F400621A60FB68212283F83D20C6
:1057F000FB68402283F83E20FB6800221A64FB68A5
:105800003A6A5A62FB68BA8C5A85FB685B8D9AB219
:10581000FB681A85FB684D4ADA62F8883A8979890B
:105820007B690193BB6A00930346F86802F024F891
:105830000346002B52D0012381E07A69B96AF868E7
:1058400002F016FB0346002B0DD0FB681B6C042BEB
:1058500007D1FB681B681A68FB681B6842F400727A
:105860001A6001236BE0FB685B6A1A78FB681B68AF
:105870001A61FB685B6A5A1CFB685A62FB681B8DE5
:10588000013B9AB2FB681A85FB685B8D9BB2013BBA
:105890009AB2FB685A85FB681B685B6903F00403D6
:1058A000042B1BD1FB681B8D002B17D0FB685B6A98
:1058B0001A78FB681B681A61FB685B6A5A1CFB68F4
:1058C0005A62FB681B8D013B9AB2FB681A85FB6824
:1058D0005B8D9BB2013B9AB2FB685A85FB681B8DBE
:1058E000002BAAD17A69B96AF86802F002FB034674
:1058F000002B0DD0FB681B6C042B07D1FB681B68C9
:105900001A68FB681B6842F400721A60012316E0F3
:10591000FB681B681A68FB681B6842F400721A6017
:10592000FB68202283F83D20FB68002283F83E209C
:10593000FB68002283F83C20002300E00223184685
:105940001837BD4680BD00BF020010000000FFFFF9
:1059500080B58CB002AFF860084611461A4603467F
:105960007B810B463B811346FB80FFF725F878626D
:10597000FB6893F83D30DBB2202B40F008827B6A55
:105980000093192301227B49F86802F09BF9034632
:10599000002B01D00223FBE1FB6893F83C30012B84
:1059A00001D10223F4E1FB68012283F83C20FB686B
:1059B0001B681B6803F00103012B07D0FB681B6801
:1059C0001A68FB681B6842F001021A60FB681B68DA
:1059D0001A68FB681B6822F400621A60FB682222C6
:1059E00083F83D20FB68402283F83E20FB680022BC
:1059F0001A64FB683A6B5A62FB68BA8E5A85FB6878
:105A00005B8D9AB2FB681A85FB685B4ADA62F8889C
:105A10003A8979897B6A0193BB6B00930346F868E6
:105A200001F0C0FF0346002B01D00123B0E1FB6869
:105A30001B8D002B13D100233B62FB681B685B6945
:105A40003B62FB681B689B693B623B6AFB681B68A7
:105A50001A68FB681B6842F400721A6084E1FB68F4
:105A60001B8D012B1BD1FB681B681A68FB681B6828
:105A700022F480621A600023FB61FB681B685B698B
:105A8000FB61FB681B689B69FB61FB69FB681B682A
:105A90001A68FB681B6842F400721A6064E1FB68D4
:105AA0001B8D022B1BD1FB681B681A68FB681B68E7
:105AB00022F480621A60FB681B681A68FB681B6826
:105AC00042F400621A600023BB61FB681B685B69DB
:105AD000BB61FB681B689B69BB61BB6944E1002338
:105AE0007B61FB681B685B697B61FB681B689B696A
:105AF0007B617B6938E1FB681B8D032B00F2F18031
:105B0000FB681B8D012B23D17A6AB96BF86802F010
:105B100063FA0346002B01D0012339E1FB681B68BF
:105B20001A69FB685B6AD2B21A70FB685B6A5A1C1E
:105B3000FB685A62FB681B8D013B9AB2FB681A85B1
:105B4000FB685B8D9BB2013B9AB2FB685A850BE107
:105B5000FB681B8D022B4ED17B6A0093BB6B00222E
:105B60000649F86802F0AEF80346002B08D001237E
:105B70000EE100BF020010000000FFFF0400010062
:105B8000FB681B681A68FB681B6842F400721A60A5
:105B9000FB681B681A69FB685B6AD2B21A70FB6803
:105BA0005B6A5A1CFB685A62FB681B8D013B9AB208
:105BB000FB681A85FB685B8D9BB2013B9AB2FB6860
:105BC0005A85FB681B681A69FB685B6AD2B21A7057
:105BD000FB685B6A5A1CFB685A62FB681B8D013BC1
:105BE0009AB2FB681A85FB685B8D9BB2013B9AB247
:105BF000FB685A85B8E07B6A0093BB6B002266495C
:105C0000F86802F05FF80346002B01D00123BFE0E3
:105C1000FB681B681A68FB681B6822F480621A60C4
:105C2000FB681B681A69FB685B6AD2B21A70FB6872
:105C30005B6A5A1CFB685A62FB681B8D013B9AB277
:105C4000FB681A85FB685B8D9BB2013B9AB2FB68CF
:105C50005A857B6A0093BB6B00224F49F86802F0BB
:105C600031F80346002B01D0012391E0FB681B684B
:105C70001A68FB681B6842F400721A60FB681B68B4
:105C80001A69FB685B6AD2B21A70FB685B6A5A1CBD
:105C9000FB685A62FB681B8D013B9AB2FB681A8550
:105CA000FB685B8D9BB2013B9AB2FB685A85FB682F
:105CB0001B681A69FB685B6AD2B21A70FB685B6A80
:105CC0005A1CFB685A62FB681B8D013B9AB2FB6849
:105CD0001A85FB685B8D9BB2013B9AB2FB685A85C3
:105CE00042E07A6AB96BF86802F076F90346002B55
:105CF00001D001234CE0FB681B681A69FB685B6AF2
:105D0000D2B21A70FB685B6A5A1CFB685A62FB6865
:105D10001B8D013B9AB2FB681A85FB685B8D9BB2B9
:105D2000013B9AB2FB685A85FB681B685B6903F00C
:105D30000403042B18D1FB681B681A69FB685B6AB3
:105D4000D2B21A70FB685B6A5A1CFB685A62FB6825
:105D50001B8D013B9AB2FB681A85FB685B8D9BB279
:105D6000013B9AB2FB685A85FB681B8D002B7FF4C0
:105D7000C2AEFB68202283F83D20FB68002283F836
:105D80003E20FB68002283F83C20002300E0022331
:105D900018462837BD4680BD0400010080B58AB092
:105DA00002AFF8607A603B600B467B81FEF704FE31
:105DB000F8610023BB61FB6893F83D30DBB2202B18
:105DC00040F01181FB690093192301228849F8688A
:105DD00001F078FF0346002B01D0022304E1FB68A9
:105DE00093F83C30012B01D10223FDE0FB68012236
:105DF00083F83C20FB681B681B6803F00103012B40
:105E000007D0FB681B681A68FB681B6842F0010238
:105E10001A60FB681B681A68FB681B6822F4006242
:105E20001A60FB68242283F83D20FB6800221A6474
:105E3000FB68704ADA62FB681B681A68FB681B68BB
:105E400042F480721A60FB6900933B6800224FF0B5
:105E50000111F86801F036FF0346002B0DD0FB68F6
:105E60001B681B6803F48073B3F5807F03D1FB6864
:105E70004FF400721A640323B6E07B89DBB21A4642
:105E8000FB681B6802F0FE021A61FEF795FDF861DF
:105E9000FB681B685B6903F00203022B0CBF012344
:105EA0000023DBB2FB75FB681B685B6903F480634E
:105EB000B3F5806F0CBF01230023DBB2BB7525E077
:105EC000FEF77AFD0246FB69D31A3A689A4202D37A
:105ED0003B68002B03D1FB68A02283F83D20FB68C0
:105EE0001B685B6903F00203022B0CBF0123002334
:105EF000DBB2FB75FB681B685B6903F48063B3F579
:105F0000806F0CBF01230023DBB2BB75FB6893F8E5
:105F10003D30DBB2A02B05D0FB7D002B02D1BB7D39
:105F2000002BCDD0FB68202283F83D20FB681B6846
:105F30005B6903F00203022B29D1FB681B681A6816
:105F4000FB681B6842F400721A6000233B61FB6827
:105F50001B685B693B61FB681B689B693B613B6934
:105F6000FB690093192301222149F86801F0AAFE78
:105F70000346002B01D0012336E0FB68202283F882
:105F80003D20FB68002283F83C2000232CE0FB68C6
:105F90001B681A68FB681B6842F400721A60FB6891
:105FA0001B686FF480625A61FB6900931923012218
:105FB0000F49F86801F086FE0346002B01D001234B
:105FC00012E0BB690133BB61BA697B689A42FFF496
:105FD00032AFFB68202283F83D20FB68002283F863
:105FE0003C20012300E0022318462037BD4680BD37
:105FF000020010000000FFFF80B588B000AF78609D
:106000000023BB617B681B685B687B617B68DB6A24
:106010003B617B6893F83E30FB737B6893F83D30BF
:10602000BB73FB7B102B03D0FB7B402B40F0B1807C
:106030007B681B689B69BB617B681B685B69FB6154
:10604000FB6903F00103002B0DD13B69B3F52A0F67
:1060500003D03B69B3F12A4F01D1012300E00023B3
:10606000012B00F01481FB6903F00103002B0BD01E
:106070007B6903F40073002B06D0786802F031F8D6
:10608000786800F05EFD83E0FB6903F00803002BF5
:1060900008D07B6903F40073002B03D0786800F00C
:1060A000D6FD75E0FB6903F00203002B08D07B6985
:1060B00003F40073002B03D0786800F0F2FD67E072
:1060C000BB6903F00403002B36D07B681B685B6858
:1060D00003F40063B3F5006F00F0DB80FB6903F0AD
:1060E0008003002B0DD07B6903F48063002B08D064
:1060F000FB6903F00403002B03D1786800F0D6F9A4
:1061000046E0FB6903F00403002B00F0C2807B69CA
:1061100003F40073002B00F0BC80BB7B212B03D168
:10612000786800F05FFAB4E0FB7B402B40F0B18070
:10613000786800F0CDFAACE07B681B685B6803F41C
:106140000063B3F5006F00F0A480FB6903F0400327
:10615000002B0DD07B6903F48063002B08D0FB6912
:1061600003F00403002B03D1786800F045FB0FE037
:10617000FB6903F00403002B00F08B807B6903F4C0
:106180000073002B00F08580786800F0F0FB80E061
:106190007FE07B681B6C002B04D07B681B685B690D
:1061A000FB6107E07B681B689B69BB617B681B68C0
:1061B0005B69FB61FB6903F00203002B11D07B6973
:1061C00003F40073002B0CD07B681B6C002B03D0F6
:1061D0007B681B689B69BB61B969786800F0B0FF98
:1061E0005AE0FB6903F01003002B08D07B6903F42D
:1061F0000073002B03D0786800F0EAFF4CE0BB7B13
:10620000212B02D0BB7B292B20D1FB6903F080031B
:10621000002B0DD07B6903F48063002B08D0FB6951
:1062200003F00403002B03D1786800F0CBFE32E0CA
:10623000FB6903F00403002B2DD07B6903F400738A
:10624000002B28D0786800F0FAFE24E0FB6903F008
:106250004003002B0DD07B6903F48063002B08D032
:10626000FB6903F00403002B03D1786800F008FFFA
:1062700012E0FB6903F00403002B0DD07B6903F4EB
:106280000073002B08D0786800F038FF04E000BFEE
:1062900002E000BF00E000BF2037BD4680BD80B5F2
:1062A0008AB000AF78607B681B685B693B627B6883
:1062B0001B685B68FB6100237B627B6893F83E3060
:1062C000FB763B6A03F48073002B0DD0FB6903F46B
:1062D0008073002B08D07B6A43F001037B627B68EC
:1062E0001B686FF480725A613B6A03F40073002BE1
:1062F0000DD0FB6903F48073002B08D07B6A43F058
:1063000002037B627B681B686FF400725A613B6A10
:1063100003F48063002B3ED0FB6903F48073002BF1
:1063200039D0FB7EBB767B685B8D9BB27B617B68E3
:1063300093F83D30FB747B681B6BFB60BB7E202BAE
:1063400012D17B69002B0FD1FB7C212B08D0FB7C69
:10635000292B05D0FB7C282B06D1FB68212B03D1F0
:10636000786801F065F816E07B681B686FF480625E
:106370005A617B6A43F004037B62FB7E102B02D0E0
:10638000FB7E402B07D17B681B681A687B681B6803
:1063900042F400721A603B6A03F40063002B0DD0D4
:1063A000FB6903F48073002B08D07B6A43F0080379
:1063B0007B627B681B686FF400625A617B6A002B0A
:1063C00008D07B681A6C7B6A1A437B681A64786809
:1063D00001F09EF800BF2837BD4680BD80B483B071
:1063E00000AF786000BF0C37BD465DF8047B704796
:1063F00080B483B000AF786000BF0C37BD465DF855
:10640000047B704780B483B000AF786000BF0C3766
:10641000BD465DF8047B704780B483B000AF786000
:1064200000BF0C37BD465DF8047B704780B483B075
:1064300000AF78600B46FB7013463B8000BF0C3703
:10644000BD465DF8047B704780B483B000AF7860D0
:1064500000BF0C37BD465DF8047B704780B483B045
:1064600000AF786000BF0C37BD465DF8047B704715
:1064700080B483B000AF786000BF0C37BD465DF8D4
:10648000047B704780B483B000AF786000BF0C37E6
:10649000BD465DF8047B704780B483B000AF786080
:1064A00000BF0C37BD465DF8047B704780B584B0F3
:1064B00000AF78607B6893F83D30FB737B6893F89E
:1064C0003E30BB737B68DB6ABB607B681B8D002B37
:1064D00050D1FB7B212B4DD1BB68082B1DD0BB6855
:1064E000202B1AD0BB6813F5803F16D07B681B6841
:1064F0005A687B681B6822F4E0625A607B6811224C
:106500001A637B68002283F83E207B68202283F890
:106510003D207868FFF762FF60E07B681B685A687F
:106520007B681B6822F4E0625A607B681B681A680B
:106530007B681B6842F400721A607B6800221A6351
:106540007B68202283F83D207B6893F83E30DBB2E5
:10655000402B07D17B68002283F83E207868FFF744
:106560007DFF3BE07B68002283F83E207868FFF7E0
:1065700035FF33E0FB7B212B05D0BB7B402B2DD19E
:10658000FB7B222B2AD17B685B8D9BB2002B08D131
:106590007B681B685A687B681B6822F480625A60BB
:1065A0001CE07B6893F83E30DBB2402B03D1786867
:1065B00000F08EF812E07B685B6A1A787B681B68D3
:1065C0001A617B685B6A5A1C7B685A627B685B8DC8
:1065D0009BB2013B9AB27B685A85FFE700BF103738
:1065E000BD4680BD80B584B000AF78607B68DB6A53
:1065F000FB607B6893F83D30DBB2212B64D17B6874
:106600005B8D9BB2002B12D07B685B6A1A787B682B
:106610001B681A617B685B6A5A1C7B685A627B68DC
:106620005B8D9BB2013B9AB27B685A854CE0FB685C
:10663000082B1DD0FB68202B1AD0FB6813F5803F78
:1066400016D07B681B685A687B681B6822F4E0627E
:106650005A607B6811221A637B68002283F83E200F
:106660007B68202283F83D207868FFF7B7FE2BE097
:106670007B681B685A687B681B6822F4E0625A607A
:106680007B681B681A687B681B6842F400721A609A
:106690007B6800221A637B68202283F83D207B6898
:1066A00093F83E30DBB2402B07D17B68002283F8A1
:1066B0003E207868FFF7D2FE06E07B68002283F870
:1066C0003E207868FFF78AFE00BF1037BD4680BDC8
:1066D00080B584B000AF78607B6893F83D30FB7381
:1066E0007B681B6D002B1DD17B68DB6C012B0BD1F4
:1066F0007B689B6CDAB27B681B681A617B681B6DD8
:106700009A1C7B681A6573E07B689B6C9BB21B12BA
:10671000DAB27B681B681A617B681B6D5A1C7B6848
:106720001A6565E07B681B6D012B0BD17B689B6C48
:10673000DAB27B681B681A617B681B6D5A1C7B6828
:106740001A6555E07B681B6D022B51D1FB7B222B18
:106750000DD17B681B681A687B681B6842F48072E5
:106760001A607B681B6D5A1C7B681A6540E07B6869
:106770005B8D9BB2002B15D0FB7B212B12D17B684C
:106780005B6A1A787B681B681A617B685B6A5A1CB3
:106790007B685A627B685B8D9BB2013B9AB27B68D7
:1067A0005A8525E07B685B8D9BB2002B20D1FB7B5B
:1067B000212B1DD17B681B685A687B681B6822F4FB
:1067C000E0625A607B681B681A687B681B6842F449
:1067D00000721A607B6800221A637B68202283F8AB
:1067E0003D207B68002283F83E207868FFF736FE64
:1067F00000BF1037BD4680BD80B584B000AF786063
:106800007B6893F83D30DBB2222B40F0AC807B6894
:106810005B8D9BB2FB60FB68032B21D97B681B68F7
:106820001A697B685B6AD2B21A707B685B6A5A1C11
:106830007B685A627B685B8D9BB2013B9AB27B6836
:106840005A857B685B8D9BB2032B40F08C807B6804
:106850001B685A687B681B6822F480625A6082E079
:106860007B68DB6A022B75D0FB68012B02D0FB68CA
:10687000002B6FD1786801F07DFB0346002B42D1DD
:106880007B681B681A687B681B6822F480621A6048
:106890007B681B685A687B681B6822F4E0625A6058
:1068A0007B681B681A697B685B6AD2B21A707B6866
:1068B0005B6A5A1C7B685A627B685B8D9BB2013BAA
:1068C0009AB27B685A857B68202283F83D207B68DA
:1068D00093F83E30DBB2402B0AD17B68002283F86C
:1068E0003E207B6800221A637868FFF7C1FD3AE01A
:1068F0007B68002283F83E207B6812221A63786846
:10690000FFF776FD2FE07B681B685A687B681B6881
:1069100022F4E0625A607B681B681A697B685B6AD4
:10692000D2B21A707B685B6A5A1C7B685A627B68B9
:106930005B8D9BB2013B9AB27B685A857B682022B3
:1069400083F83D207B68002283F83E207868FFF7BB
:1069500099FD08E07B681B685A687B681B6822F415
:1069600080625A60FFE700BF1037BD4680BD80B52A
:1069700084B000AF78607B68DB6AFB607B685B8D0E
:106980009BB2042B1BD17B681B685A687B681B6811
:1069900022F480625A607B681B681A697B685B6AB4
:1069A000D2B21A707B685B6A5A1C7B685A627B6839
:1069B0005B8D9BB2013B9AB27B685A85BDE07B68D8
:1069C0005B8D9BB2032B29D17B681B685A687B685F
:1069D0001B6822F480625A60FB68042B0AD0FB68B3
:1069E000022B07D07B681B681A687B681B6822F43F
:1069F00080621A607B681B681A697B685B6AD2B226
:106A00001A707B685B6A5A1C7B685A627B685B8D74
:106A10009BB2013B9AB27B685A858EE07B685B8DA6
:106A20009BB2022B76D1FB68012B02D0FB68102BA6
:106A300008D17B681B681A687B681B6822F4806237
:106A40001A6019E0FB68042B02D0FB68022B08D106
:106A50007B681B681A687B681B6842F480621A6056
:106A60000AE0FB68102B07D07B681B681A687B68FC
:106A70001B6842F400721A607B681B681A697B68A5
:106A80005B6AD2B21A707B685B6A5A1C7B685A6276
:106A90007B685B8D9BB2013B9AB27B685A857B68B1
:106AA0001B681A697B685B6AD2B21A707B685B6A82
:106AB0005A1C7B685A627B685B8D9BB2013B9AB221
:106AC0007B685A857B681B685A687B681B6822F460
:106AD00040725A607B68202283F83D207B6893F8DF
:106AE0003E30DBB2402B0AD17B68002283F83E2087
:106AF0007B6800221A637868FFF7BAFC1DE07B68A8
:106B0000002283F83E207B6812221A637868FFF720
:106B10006FFC12E07B681B681A697B685B6AD2B203
:106B20001A707B685B6A5A1C7B685A627B685B8D53
:106B30009BB2013B9AB27B685A8500BF1037BD46B5
:106B400080BD80B483B000AF78607B6893F83E303E
:106B5000DBB2402B17D17B681B6D002B09D17B6802
:106B60005B6CDBB21A467B681B6802F0FE021A619E
:106B700067E07B685B6CDBB243F00103DAB27B68F1
:106B80001B681A615DE07B681B69B3F5804F33D1E8
:106B90007B6893F83D30DBB2212B09D17B685B6CBD
:106BA000DBB21A467B681B6802F0FE021A6108E03D
:106BB0007B685B6CDBB243F00103DAB27B681B6875
:106BC0001A617B685B6B002B04D07B685B6BDB6BB3
:106BD000002B08D17B689B6B002B32D07B689B6BB2
:106BE000DB6B002B2DD07B681B685A687B681B68A9
:106BF00042F400625A6024E07B681B6D002B0ED1CA
:106C00007B685B6C9BB2DB11DBB203F00603DBB28B
:106C100063F00F03DAB27B681B681A6111E07B68CE
:106C20001B6D012B0DD17B685B6C9BB2DB11DBB262
:106C300003F00603DBB263F00E03DAB27B681B6875
:106C40001A6100BF0C37BD465DF8047B704780B405
:106C500083B000AF78607B685B6CDAB27B681B68DE
:106C60001A617B685B6B002B04D07B685B6BDB6B12
:106C7000002B08D17B689B6B002B0CD07B689B6B37
:106C8000DB6B002B07D07B681B685A687B681B682E
:106C900042F400625A6000BF0C37BD465DF8047BC9
:106CA000704780B491B000AF78607B6893F83E3055
:106CB00087F83F307B68DB6ABB637B681B6B7B6359
:106CC0007B6893F83D30DBB2222B40F069817B6812
:106CD0001B6D002B0FD197F83F30402B0BD10023B9
:106CE0003B637B681B685B693B637B681B689B69D4
:106CF0003B633B6B60E17B681B6D002B1DD17B68A8
:106D00001B69B3F5404F18D10023FB627B681B68F9
:106D10005B69FB627B681B689B69FB62FB6A7B6843
:106D20001B681A687B681B6842F480721A607B6873
:106D30001B6D5A1C7B681A653EE17B685B8D9BB2BC
:106D4000002B13D10023BB627B681B685B69BB62AD
:106D50007B681B689B69BB62BB6A7B681B681A689F
:106D60007B681B6842F400721A6015E17B685B8DDA
:106D70009BB2012B40F08A80BB6B13F5803F37D16B
:106D80007B681B681A687B681B6822F480621A6043
:106D90007B681B685B6803F40063B3F5006F13D175
:106DA0007B681B681A687B681B6822F480621A6023
:106DB00000237B627B681B685B697B627B681B6866
:106DC0009B697B627B6AE7E000233B627B681B6810
:106DD0005B693B627B681B689B693B623B6A7B68C3
:106DE0001B681A687B681B6842F400721A60D3E063
:106DF000BB6B082B2ED0BB6B202B2BD07B6B122BAD
:106E000002D1BB6B012B25D1BB6B042B0ED0BB6B0E
:106E1000022B0BD0BB6B102B08D07B681B681A6849
:106E20007B681B6822F480621A6007E07B681B683D
:106E30001A687B681B6842F480621A600023FB6159
:106E40007B681B685B69FB617B681B689B69FB61F6
:106E5000FB69A1E07B681B681A687B681B6822F4E9
:106E600080621A600023BB617B681B685B69BB6141
:106E70007B681B689B69BB61BB697B681B681A6880
:106E80007B681B6842F400721A6085E07B685B8D4A
:106E90009BB2022B4DD1BB6B042B16D0BB6B022BCC
:106EA00013D0BB6B102B10D07B681B681A687B68F3
:106EB0001B6822F480621A607B681B681A687B6812
:106EC0001B6842F400621A6007E07B681B681A685E
:106ED0007B681B6842F480621A607B681B685B6891
:106EE00003F40063B3F5006F17D1BB6B13F5803F5C
:106EF0000BD0BB6B012B08D0BB6B082B05D0BB6B39
:106F0000102B02D0BB6B202B07D17B681B685A6803
:106F10007B681B6842F480525A6000237B617B6867
:106F20001B685B697B617B681B689B697B617B6914
:106F300032E07B681B681A687B681B6842F48062D9
:106F40001A607B681B685B6803F40063B3F5006F2D
:106F500017D1BB6B13F5803F0BD0BB6B012B08D057
:106F6000BB6B082B05D0BB6B102B02D0BB6B202B4F
:106F700007D17B681B685A687B681B6842F48052A3
:106F80005A6000233B617B681B685B693B617B68DF
:106F90001B689B693B613B697B6800221A650BE0BB
:106FA0000023FB607B681B685B69FB607B681B6878
:106FB0009B69FB60FB68FFE700BF4437BD465DF897
:106FC000047B704780B584B000AF78607B6893F82D
:106FD0003D30FB737B685B8D9BB2002B2BD07B68B5
:106FE0005B6A1A787B681B681A617B685B6A5A1C4B
:106FF0007B685A627B685B8D9BB2013B9AB27B686F
:107000005A857B685B8D9BB2002B14D1FB7B292BAF
:1070100011D17B681B685A687B681B6822F4806208
:107020005A607B6821221A637B68282283F83D20FE
:107030007868FFF7E7F900BF1037BD4680BD80B420
:1070400083B000AF78607B685B8D9BB2002B11D062
:107050007B685B6A1A787B681B681A617B685B6A6D
:107060005A1C7B685A627B685B8D9BB2013B9AB26B
:107070007B685A8500BF0C37BD465DF8047B7047BE
:1070800080B584B000AF78607B6893F83D30FB73C7
:107090007B685B8D9BB2002B2CD07B681B681A69C8
:1070A0007B685B6AD2B21A707B685B6A5A1C7B6829
:1070B0005A627B685B8D9BB2013B9AB27B685A85B2
:1070C0007B685B8D9BB2002B14D1FB7B2A2B11D1EB
:1070D0007B681B685A687B681B6822F480625A6070
:1070E0007B6822221A637B68282283F83D20786817
:1070F000FFF792F900BF1037BD4680BD80B483B062
:1071000000AF78607B685B8D9BB2002B12D07B68F0
:107110001B681A697B685B6AD2B21A707B685B6A0B
:107120005A1C7B685A627B685B8D9BB2013B9AB2AA
:107130007B685A8500BF0C37BD465DF8047B7047FD
:1071400080B584B000AF786039600023FB737B6842
:1071500093F83D30DBB203F02803282B25D17B6860
:107160001B685A687B681B6822F480625A603B681F
:1071700003F00403002B01D10123FB733B6803F0F0
:107180008003002B03D17B68DB68BB8102E07B6856
:107190009B69BB817B68002283F83C20BA89FB7B1A
:1071A00019467868FFF742F90EE00023BB607B6860
:1071B0001B685B69BB607B681B689B69BB60BB68C5
:1071C0007B68002283F83C2000BF1037BD4680BD9D
:1071D00080B584B000AF78607B6893F83D30FB7376
:1071E0007B681B685A687B681B6822F4E0625A60FF
:1071F0000023BB607B681B685B69BB607B681B68A6
:107200001A687B681B6842F001021A60BB687B68E1
:107210001B681A687B681B6822F480621A607B68AE
:107220001B685B6803F40063B3F5006F72D1FB7BEE
:10723000222B02D0FB7B2A2B35D17B689B6B1B68F2
:107240005B689AB27B685A857B685B8D9BB2002B2A
:1072500005D07B681B6C43F004027B681A647B6872
:107260001B685A687B681B6822F400625A607B685E
:107270009B6B1846FDF735FD0346012B49D07B6813
:107280009B6B694A1A657B689B6B1846FDF707FD87
:107290000346002B3DD07B689B6B1B6D7A68926B1D
:1072A0001046984735E07B685B6B1B685B689AB259
:1072B0007B685A857B685B8D9BB2002B05D07B6811
:1072C0001B6C43F004027B681A647B681B685A6875
:1072D0007B681B6822F400625A607B685B6B18460F
:1072E000FDF7FFFC0346012B14D07B685B6B4E4A15
:1072F0001A657B685B6B1846FDF7D1FC0346002BD3
:1073000008D07B685B6B1B6D7A68526B10469847A0
:1073100000E000BF7B685B8D9BB2002B3ED07B689A
:107320001B685B6903F00403042B12D17B681B68A4
:107330001A697B685B6AD2B21A707B685B6A5A1CF6
:107340007B685A627B685B8D9BB2013B9AB27B681B
:107350005A857B681B685B6903F04003402B12D1A0
:107360007B681B681A697B685B6AD2B21A707B689B
:107370005B6A5A1C7B685A627B685B8D9BB2013BDF
:107380009AB27B685A857B685B8D9BB2002B05D0D7
:107390007B681B6C43F004027B681A647B681B6C7F
:1073A000002B03D0786800F0B3F839E0FB7B2A2B80
:1073B00009D17B6800221A637B68282283F83D206C
:1073C0007868FFF729F87B6893F83D30DBB2282B0B
:1073D00011D17B68154ADA627B6800221A637B68E8
:1073E000202283F83D207B68002283F83E207868C5
:1073F000FFF72AF814E07B681B6B222B02D0FB7B83
:10740000222B0DD17B6800221A637B68202283F82F
:107410003D207B68002283F83E207868FEF7FCFF61
:1074200000BF1037BD4680BD757B00080000FFFF20
:1074300080B584B000AF78607B6893F83D30FB7313
:107440007B68DB6ABB60BB68082B02D0BB68202B63
:1074500029D1FB7B282B26D17B682C4ADA627B68FA
:107460001B685A687B681B6822F4E0625A607B687C
:107470001B686FF480625A617B681B681A687B68BE
:107480001B6822F480621A607B6800221A637B68A2
:10749000202283F83D207B68002283F83E20786814
:1074A000FEF7D2FF2EE0FB7B212B26D17B68174A0B
:1074B000DA627B6821221A637B68202283F83D20F0
:1074C0007B68002283F83E207B681B685A687B68D3
:1074D0001B6822F4E0625A607B681B686FF480626C
:1074E0005A617B681B681A687B681B6822F480629B
:1074F0001A607868FEF786FF04E07B681B686FF40B
:1075000080625A6100BF1037BD4680BD0000FFFF9A
:1075100080B584B000AF78607B6893F83D30FB7332
:107520007B6893F83E30BB73BB7B102B02D0BB7BD8
:10753000402B0AD1FB7B222B07D17B681B681A6882
:107540007B681B6822F400621A60FB7B03F028034F
:10755000282B07D17B6800221A637B68282283F8D6
:107560003D2015E07B681B685B6803F40063B3F59E
:10757000006F0AD0FB7B602B07D07B68202283F84A
:107580003D207B68002283F83E207B6800221A633E
:107590007B681B685B6803F40063B3F5006F62D11E
:1075A0007B681B685A687B681B6822F400625A601B
:1075B0007B685B6B93F83530DBB2012B20D07B68A6
:1075C0005B6B6A4A1A657B685B6B1846FDF767FB65
:1075D0000346002B00F089807B681B681A687B6873
:1075E0001B6822F001021A607B68202283F83D208C
:1075F0007B685B6B1B6D7A68526B1046984774E032
:107600007B689B6B594A1A657B689B6B1846FDF734
:1076100046FB0346002B68D07B681B685B6903F060
:107620004003402B0BD17B681B681A697B685B6A3F
:10763000D2B21A707B685B6A5A1C7B685A627B689C
:107640001B681A687B681B6822F001021A607B685D
:10765000202283F83D207B689B6B1B6D7A68926BC0
:107660001046984741E07B6893F83D30DBB2602BD1
:1076700025D17B68202283F83D207B6800221A6494
:107680007B681B685B6903F04003402B0BD17B6870
:107690001B681A697B685B6AD2B21A707B685B6A86
:1076A0005A1C7B685A627B681B681A687B681B6877
:1076B00022F001021A607868FEF7EEFE15E07B68A2
:1076C0001B685B6903F04003402B0BD17B681B6890
:1076D0001A697B685B6AD2B21A707B685B6A5A1C53
:1076E0007B685A627868FEF7CDFE7B681B6CBB60D6
:1076F000BB6803F00103002B0ED1BB6803F002034B
:10770000002B09D1BB6803F00403002B04D1BB6834
:1077100003F00803002B07D07B681B685A687B685E
:107720001B6822F4E0625A607B6893F83D30FB737B
:107730007B681B6C03F00403042B13D1FB7B282B09
:1077400010D17B680A4ADA627B6800221A637B6880
:10775000202283F83D207B68002283F83E20786851
:10776000FEF772FE00BF1037BD4680BD757B000876
:107770000000FFFF80B588B002AFF8607A603B6020
:107780000B467B81FB68DB6A7B617B69082B06D03B
:107790007B69012B03D07B6913F5803F08D1FB681F
:1077A0001B681A68FB681B6842F480721A600BE061
:1077B000FB681B6B122B07D1FB681B681A68FB6800
:1077C0001B6842F480721A603B6800937B68002259
:1077D0004FF00111F86800F075FA0346002B0DD048
:1077E000FB681B681B6803F48073B3F5807F03D1CB
:1077F000FB684FF400721A64032335E0FB681B69D1
:10780000B3F5804F08D17B89DBB21A46FB681B6851
:1078100002F0FE021A611BE07B89DB11DBB203F090
:107820000603DBB263F00F03DAB2FB681B681A6170
:107830003B687A680E49F86800F09BFA0346002B13
:1078400001D0012310E07B89DAB2FB681B681A6162
:107850003B687A680749F86800F08BFA0346002B0A
:1078600001D0012300E0002318461837BD4680BD33
:10787000080001000200010080B588B002AFF86086
:10788000084611461A4603467B810B463B81134648
:10789000FB80FB681B681A68FB681B6842F48072F7
:1078A0001A607B6A00933B6A00224FF00111F8686E
:1078B00000F008FA0346002B0DD0FB681B681B681C
:1078C00003F48073B3F5807F03D1FB684FF400723B
:1078D0001A6403235FE07B89DBB21A46FB681B68EE
:1078E00002F0FE021A617B6A3A6A2D49F86800F0DC
:1078F00040FA0346002B01D001234CE000237B61BA
:10790000FB681B685B697B61FB681B689B697B612B
:107910007B697A6A396AF86800F0AAFA0346002B94
:107920000DD0FB681B6C042B07D1FB681B681A6821
:10793000FB681B6842F400721A6001232BE0FB888D
:10794000012B05D13B89DAB2FB681B681A6121E083
:107950003B891B0A9BB2DAB2FB681B681A617A6A20
:10796000396AF86800F084FA0346002B0DD0FB68F2
:107970001B6C042B07D1FB681B681A68FB681B682B
:1079800042F400721A60012305E03B89DAB2FB6819
:107990001B681A61002318461837BD4680BD00BF1A
:1079A0000200010080B588B002AFF86008461146B9
:1079B0001A4603467B810B463B811346FB80FB68DE
:1079C0001B681A68FB681B6842F480621A60FB68D7
:1079D0001B681A68FB681B6842F480721A607B6A35
:1079E00000933B6A00224FF00111F86800F06AF939
:1079F0000346002B0DD0FB681B681B6803F48073E3
:107A0000B3F5807F03D1FB684FF400721A6403233F
:107A1000AAE07B89DBB21A46FB681B6802F0FE0213
:107A20001A617B6A3A6A5249F86800F0A2F9034683
:107A3000002B01D0012397E000237B61FB681B68CA
:107A40005B697B61FB681B689B697B617B697A6A08
:107A5000396AF86800F00CFA0346002B0DD0FB6879
:107A60001B6C042B07D1FB681B681A68FB681B683A
:107A700042F400721A60012376E0FB88012B05D1E5
:107A80003B89DAB2FB681B681A6121E03B891B0A5B
:107A90009BB2DAB2FB681B681A617A6A396AF868C5
:107AA00000F0E6F90346002B0DD0FB681B6C042B9D
:107AB00007D1FB681B681A68FB681B6842F40072F8
:107AC0001A60012350E03B89DAB2FB681B681A6137
:107AD0007A6A396AF86800F0CBF90346002B0DD0BA
:107AE000FB681B6C042B07D1FB681B681A68FB68DA
:107AF0001B6842F400721A60012335E0FB681B68C2
:107B00001A68FB681B6842F480721A607B6A0093F3
:107B10003B6A00224FF00111F86800F0D3F80346E9
:107B2000002B0DD0FB681B681B6803F48073B3F552
:107B3000807F03D1FB684FF400721A64032313E0C3
:107B40007B89DBB243F00103DAB2FB681B681A6180
:107B50007B6A3A6A0649F86800F00BF90346002B85
:107B600001D0012300E0002318461837BD4680BD30
:107B70000200010080B586B000AF78600023FB6092
:107B80007B689B6B7B617B6993F83D30FB744B4B4F
:107B90001B68DB084A4AA2FB03231A0A13469B0010
:107BA0001344DA00D31AFB60FB68002B06D17B6913
:107BB0001B6C43F020027B691A640AE0FB68013BFE
:107BC000FB607B691B681B6803F40073B3F5007FDF
:107BD000EAD07B695B6B002B03D07B695B6B002277
:107BE000DA637B699B6B002B03D07B699B6B002264
:107BF000DA637B691B681A687B691B6822F4806200
:107C00001A607B6900225A857B695B6B002B03D06D
:107C10007B695B6B00221A657B699B6B002B03D031
:107C20007B699B6B00221A657B691B681A687B69FC
:107C30001B6822F001021A607B6993F83D30DBB2C9
:107C4000602B0ED17B69202283F83D207B690022C6
:107C500083F83E207B6900221A647869FEF71CFCD9
:107C600027E0FB7C03F02803282B17D17B691B68D6
:107C70001A687B691B6842F001021A607B691B6805
:107C80001A687B691B6842F480621A607B69002273
:107C90001A637B69282283F83D2007E07B69202254
:107CA00083F83D207B69002283F83E207869FEF747
:107CB000E9FB00BF1837BD4680BD00BF640400204B
:107CC00089B5F81480B584B000AFF860B9603B6046
:107CD0001346FB7125E03B68B3F1FF3F21D0FCF771
:107CE0006BFE0246BB69D31A3A689A4202D33B68DC
:107CF000002B16D1FB6800221A63FB68202283F850
:107D00003D20FB68002283F83E20FB681B6C43F09B
:107D10002002FB681A64FB68002283F83C200123E0
:107D200023E0BB681B0CDBB2012B0DD1FB681B6889
:107D30005B69DA43BB6813409BB2002B0CBF012385
:107D40000023DBB21A460CE0FB681B689B69DA4330
:107D5000BB6813409BB2002B0CBF01230023DBB296
:107D60001A46FB799A42B6D0002318461037BD4612
:107D700080BD80B584B000AFF860B9607A603B60C8
:107D800051E0FB681B685B6903F48063B3F5806FA7
:107D900023D1FB681B681A68FB681B6842F40072F9
:107DA0001A60FB681B686FF480625A61FB680022EE
:107DB0001A63FB68202283F83D20FB68002283F8C9
:107DC0003E20FB681B6C43F00402FB681A64FB68EE
:107DD000002283F83C20012346E07B68B3F1FF3F9B
:107DE00021D0FCF7E9FD02463B68D31A7A689A4233
:107DF00002D37B68002B16D1FB6800221A63FB6854
:107E0000202283F83D20FB68002283F83E20FB6897
:107E10001B6C43F02002FB681A64FB68002283F8A5
:107E20003C20012320E0BB681B0CDBB2012B0CD1F2
:107E3000FB681B685B69DA43BB6813409BB2002B8D
:107E400014BF01230023DBB20BE0FB681B689B69B6
:107E5000DA43BB6813409BB2002B14BF01230023FD
:107E6000DBB2002B8DD1002318461037BD4680BDF4
:107E700080B584B000AFF860B9607A602DE0F86832
:107E800000F000F90346002B01D001232DE0BB6870
:107E9000B3F1FF3F21D0FCF78FFD02467B68D31A78
:107EA000BA689A4202D3BB68002B16D1FB68002245
:107EB0001A63FB68202283F83D20FB68002283F8C8
:107EC0003E20FB681B6C43F02002FB681A64FB68D1
:107ED000002283F83C20012307E0FB681B685B69F4
:107EE00003F08003802BCAD1002318461037BD460B
:107EF00080BD80B584B000AFF860B9607A602DE0D5
:107F0000F86800F0BFF80346002B01D001232DE0F4
:107F1000BB68B3F1FF3F21D0FCF74EFD02467B6802
:107F2000D31ABA689A4202D3BB68002B16D1FB68F9
:107F300000221A63FB68202283F83D20FB680022A0
:107F400083F83E20FB681B6C43F02002FB681A6438
:107F5000FB68002283F83C20012307E0FB681B68D4
:107F60005B6903F00403042BCAD1002318461037C1
:107F7000BD4680BD80B485B000AF78600023FB6053
:107F8000134B1B68DB08134AA2FB03231A0A134690
:107F90009B001344FB60FB68013BFB60FB68002B0C
:107FA00007D17B681B6C43F020027B681A640123B5
:107FB00008E07B681B681B6803F40073B3F5007F5F
:107FC000E9D0002318461437BD465DF8047B70479E
:107FD0006404002089B5F81480B584B000AFF8605F
:107FE000B9607A6042E0FB681B685B6903F01003CC
:107FF000102B19D1FB681B686FF010025A61FB68E7
:1080000000221A63FB68202283F83D20FB680022CF
:1080100083F83E20FB681A6CFB681A64FB68002238
:1080200083F83C20012329E0FCF7C6FC02467B686C
:10803000D31ABA689A4202D3BB68002B16D1FB68E8
:1080400000221A63FB68202283F83D20FB6800228F
:1080500083F83E20FB681B6C43F02002FB681A6427
:10806000FB68002283F83C20012307E0FB681B68C3
:108070005B6903F04003402BB5D10023184610374D
:10808000BD4680BD80B483B000AF78607B681B685C
:108090005B6903F48063B3F5806F1BD17B681B6859
:1080A0006FF480625A617B6800221A637B68202229
:1080B00083F83D207B68002283F83E207B681B6CA0
:1080C00043F004027B681A647B68002283F83C203A
:1080D000012300E0002318460C37BD465DF8047B01
:1080E000704780B483B000AF78607B68DB6AB3F51B
:1080F0002A0F03D17B680122DA6207E07B68DB6A22
:10810000B3F12A4F02D17B680822DA6200BF0C3734
:10811000BD465DF8047B704780B483B000AF7860E3
:1081200039607B6893F83D30DBB2202B29D17B6826
:10813000242283F83D207B681B681A687B681B68D3
:1081400022F001021A607B681B685A6A7B681B6810
:1081500022F010025A627B681B68596A7B681B68B0
:108160003A680A435A627B681B681A687B681B6816
:1081700042F001021A607B68202283F83D20002330
:1081800000E0022318460C37BD465DF8047B7047BB
:10819000F0B58FB00AAF78607B68002B01D1012366
:1081A00016E17B681B68BB607B6893F8BD34DBB26B
:1081B000002B06D17B68002283F8BC247868FCF78A
:1081C0008DFA7B68032283F8BD24BB68DB6B03F464
:1081D0008073002B02D17B6800221A617B681B68C8
:1081E000184601F0B6FF7B681B683B607E686D46F1
:1081F00006F110040FCC0FC50FCC0FC594E8030097
:1082000085E80300331D0ECB386801F041FF0346BB
:10821000002B05D07B68022283F8BD240123D7E020
:108220007B681B680021184601F0A4FF0023FB7344
:108230004AE0FA7B79681346DB0013449B000B4449
:108240003D3301221A70FA7B79681346DB00134430
:108250009B000B443C33FA7B1A70FA7BFB7B98B291
:1082600079681346DB0013449B000B4444330246F9
:108270001A80FA7B79681346DB0013449B000B4499
:10828000403300221A70FA7B79681346DB001344EE
:108290009B000B44483300221A60FA7B796813462E
:1082A000DB0013449B000B444C3300221A60FA7B22
:1082B00079681346DB0013449B000B4454330022BF
:1082C0001A60FB7B0133FB73FA7B7B685B689A4225
:1082D000AFD30023FB7344E0FA7B79681346DB00DD
:1082E00013449B000B4403F27D2300221A70FA7B97
:1082F00079681346DB0013449B000B4403F51F739E
:10830000FA7B1A70FA7B79681346DB0013449B00F2
:108310000B4403F5207300221A70FA7B7968134628
:10832000DB0013449B000B4403F5227300221A6008
:10833000FA7B79681346DB0013449B000B4403F57A
:10834000237300221A60FA7B79681346DB0013441A
:108350009B000B4403F5257300221A60FB7B01335D
:10836000FB73FA7B7B685B689A42B5D37B681B68BA
:108370003B607E686D4606F110040FCC0FC50FCC34
:108380000FC594E8030085E80300331D0ECB386861
:1083900001F03CFF0346002B05D07B68022283F8E6
:1083A000BD24012314E07B68002283F838207B6819
:1083B000012283F8BD247B685B6A012B02D17868B7
:1083C00000F00AF87B681B68184602F0FAF80023F0
:1083D00018461437BD46F0BD80B485B000AF786054
:1083E0007B681B68FB607B680122C3F800257B6803
:1083F000002283F8F424FB689B6943F00062FB6869
:108400009A61FB685B6D43F0805343F00303FA68A5
:108410005365002318461437BD465DF8047B70474A
:1084200080B582B000AF00237B6000233B60204B0F
:108430001B6C1F4A43F0805313641D4B1B6C03F0ED
:1084400080533B603B681B4B01221A60FCF7B4FA77
:10845000786009E0FCF7B0FA02467B68D31AB3F5FE
:108460007A7F01D903231FE0134B5B6803F4803349
:10847000B3F5803FEED1114B01221A60FCF79CFA54
:10848000786009E0FCF798FA02467B68D31AB3F5E6
:108490007A7F01D9032307E0074B5B6803F40033BD
:1084A000B3F5003FEED1002318460837BD4680BD26
:1084B0000038024040000E420070004044000E426E
:1084C00080B584B000AF786039607B68002B01D143
:1084D0000123CCE0684B1B6803F00F033A689A4213
:1084E0000CD9654B3A68D2B21A70634B1B6803F023
:1084F0000F033A689A4201D00123B8E07B681B68F9
:1085000003F00203002B20D07B681B6803F00403F8
:10851000002B05D0594B9B68584A43F4E0539360B5
:108520007B681B6803F00803002B05D0534B9B6846
:10853000524A43F460439360504B9B6823F0F0022F
:108540007B689B684D4913438B607B681B6803F015
:108550000103002B44D07B685B68012B07D1474B9C
:108560001B6803F40033002B19D101237FE07B68E3
:108570005B68022B03D07B685B68032B07D13F4B02
:108580001B6803F00073002B09D101236FE03B4B04
:108590001B6803F00203002B01D1012367E0374B76
:1085A0009B6823F003027B685B68344913438B604C
:1085B000FCF702FAF8600AE0FCF7FEF90246FB68F5
:1085C000D31A41F28832934201D903234FE02B4B57
:1085D0009B6803F00C027B685B689B009A42EBD1BE
:1085E000254B1B6803F00F033A689A420CD2224BCA
:1085F0003A68D2B21A70204B1B6803F00F033A6836
:108600009A4201D0012332E07B681B6803F0040327
:10861000002B08D0194B9B6823F4E0527B68DB6881
:10862000164913438B607B681B6803F00803002B1B
:1086300009D0124B9B6823F460427B681B69DB0006
:108640000E4913438B6000F06BFB02460B4B9B689B
:108650001B0903F00F030A49CB5C22FA03F3094A12
:108660001360094B1B681846FCF762F90023184693
:108670001037BD4680BD00BF003C024000380240BC
:10868000906B0308640400208004002080B400AFD5
:10869000034B1B681846BD465DF8047B704700BF5E
:1086A0006404002080B500AFFFF7F0FF0246054BE1
:1086B0009B689B0A03F007030349CB5C22FA03F390
:1086C000184680BD00380240A06B030880B58CB00E
:1086D00000AF786000237B6200233B620023FB61D4
:1086E0000023BB6100237B6100233B610023FB600F
:1086F0000023FB620023BB627B681B6803F001035D
:10870000002B10D06F4BD3F88C3023F0C0627B6805
:108710009B6B6C491343C1F88C307B689B6B002BBF
:1087200001D10123FB627B681B6803F00203002B6D
:1087300010D0644BD3F88C3023F0C0527B68DB6BD5
:1087400060491343C1F88C307B68DB6B002B01D18F
:108750000123FB627B681B6803F00403002B17D026
:10876000584BD3F88C3023F440127B681B6B55496F
:108770001343C1F88C307B681B6BB3F5801F01D1AC
:108780000123FB627B681B6B002B01D10123BB62C1
:108790007B681B6803F00803002B17D0494BD3F804
:1087A0008C3023F440027B685B6B46491343C1F86D
:1087B0008C307B685B6BB3F5800F01D10123FB62CA
:1087C0007B685B6B002B01D10123BB627B681B685C
:1087D00003F02003002B00F08A800023BB60394B9C
:1087E0001B6C384A43F080531364364B1B6C03F008
:1087F0008053BB60BB68344B1B68334A43F48073BF
:108800001360FCF7D9F8786208E0FCF7D5F8024667
:108810007B6AD31A022B01D9032378E22A4B1B6807
:1088200003F48073002BF0D0264B1B6F03F44073CE
:108830003B623B6A002B2FD07B681B6C03F44073B8
:108840003A6A9A4228D01F4B1B6F23F440733B6255
:108850001E4B01221A601D4B00221A60194A3B6A06
:108860001367184B1B6F03F00103012B14D1FCF7A6
:10887000A3F878620AE0FCF79FF802467B6AD31AF5
:1088800041F28832934201D9032340E20D4B1B6F22
:1088900003F00203002BEED07B681B6C03F44073E3
:1088A000B3F5407F14D1074B9B6823F4F8127B6823
:1088B0001B6C23F0704323F44073024913438B6015
:1088C0000CE000BF0038024000700040400E4742FC
:1088D0004A4B9B68494A23F4F8139360474B1A6F3D
:1088E0007B681B6CC3F30B03444913430B677B6822
:1088F0001B6803F01003002B04D07B6893F858200A
:108900003F4B1A607B681B6803F08003002B0AD082
:108910003A4BD3F8943023F440027B68DB6C374940
:108920001343C1F894307B681B6803F04003002BAD
:108930000AD0324BD3F8943023F080627B689B6C72
:108940002E491343C1F894307B681B6803F480738D
:10895000002B11D0294BD3F8943023F000627B68B0
:108960005B6D26491343C1F894307B685B6DB3F1AE
:10897000006F01D10123BB627B681B6803F40073A5
:10898000002B0AD01D4BD3F8943023F080527B6823
:108990005B6C1A491343C1F894307B681B6803F47D
:1089A0008063002B11D0154BD3F8943023F0005284
:1089B0007B681B6D11491343C1F894307B681B6DB4
:1089C000B3F1005F01D10123FB62FB6A012B05D0EB
:1089D0007B681B68B3F5006F40F0FF80094B0022F5
:1089E0001A60FBF7E9FF78620EE0FBF7E5FF02464D
:1089F0007B6AD31A022B07D9032388E1003802408F
:108A0000E0114742680047427E4B1B6803F0006359
:108A1000002BEAD17B681B6803F00103002B03D015
:108A20007B689B6B002B09D07B681B6803F00203FB
:108A3000002B28D07B68DB6B002B24D1714BD3F843
:108A400084301B0C03F0030301335B00FB616D4BAF
:108A5000D3F884301B0E03F00F03BB617B685A68A8
:108A60007B689B689B011A43FB695B08013B1B0405
:108A70001A43BB691B061A437B685B691B07614984
:108A80001343C1F884307B681B6803F00403002B98
:108A900004D07B681B6BB3F5801F0AD07B681B6812
:108AA00003F00803002B35D07B685B6BB3F5800FB8
:108AB00030D1544BD3F884301B0C03F00303013343
:108AC0005B00FB614F4BD3F884301B0F03F00703AF
:108AD0007B617B685A687B689B689B011A43FB69D2
:108AE0005B08013B1B041A437B681B691B061A4386
:108AF0007B691B0743491343C1F88430414BD3F8CA
:108B00008C3023F01F027B689B6A013B3D49134375
:108B1000C1F88C307B681B6803F48063002B29D07C
:108B20007B681B6DB3F1005F24D1364BD3F88430E2
:108B30001B0C03F0030301335B00BB61314BD3F823
:108B400084301B0F03F007037B617B685A687B68E6
:108B50009B689B011A437B68DB685B08013B1B0435
:108B60001A43BB691B061A437B691B07254913433C
:108B7000C1F884307B681B6803F40063002B16D0B7
:108B80007B685A687B689B689B011A437B68DB683B
:108B90005B08013B1B041A437B681B691B061A43D5
:108BA0007B685B691B0717491343C1F88430164B78
:108BB00001221A60FBF700FF786208E0FBF7FCFE79
:108BC00002467B6AD31A022B01D903239FE00D4B87
:108BD0001B6803F00063002BF0D0BB6A012B40F050
:108BE00095800A4B00221A60FBF7E6FE78620FE0E0
:108BF000FBF7E2FE02467B6AD31A022B08D9032355
:108C000085E000BF003802406800474270004742DC
:108C1000414B1B6803F00053B3F1005FE8D07B6861
:108C20001B6803F00403002B03D07B681B6B002B35
:108C300009D07B681B6803F00803002B2BD07B68EE
:108C40005B6B002B27D1344BD3F888301B0C03F01F
:108C5000030301335B003B617B689A697B68DB69D6
:108C60009B011A433B695B08013B1B041A437B6869
:108C70005B6A1B0628491343C1F88830264BD3F89A
:108C80008C3023F4F8527B68DB6A013B1B022249DB
:108C90001343C1F88C307B681B6803F48073002B8E
:108CA0001DD07B685B6DB3F1006F18D11A4BD3F800
:108CB00088301B0E03F00F03FB607B689A697B68AA
:108CC000DB699B011A437B681B6A5B08013B1B0441
:108CD0001A43FB681B0610491343C1F888300F4B39
:108CE00001221A60FBF768FE786208E0FBF764FE79
:108CF00002467B6AD31A022B01D9032307E0064BF5
:108D00001B6803F00053B3F1005FEFD10023184656
:108D10003037BD4680BD00BF00380240700047427A
:108D20002DE9B04FAEB000AF0023C7F8AC30002340
:108D3000C7F8B4300023C7F8A8300023C7F8A43020
:108D40000023C7F8B030CB4B9B6803F00C030C2B0F
:108D500000F2068201A252F823F000BF918D0008B4
:108D6000619100086191000861910008998D0008E7
:108D7000619100086191000861910008A18D0008CF
:108D8000619100086191000861910008918F0008CD
:108D9000B94BC7F8B030E7E1B84BC7F8B030E3E102
:108DA000B44B5B6803F03F03C7F8AC30B14B5B6872
:108DB00003F48003002B71D0AE4B5B689B0900224B
:108DC000C7F89830C7F89C20D7F89830C3F3080349
:108DD000C7F890300023C7F89430D7E924452246DD
:108DE0002B464FF000004FF00001590141EAD261DB
:108DF000500102460B462146511A3964294663EB5D
:108E000001037B644FF000024FF00003D7E91089A3
:108E100049468B01414643EA916341468A014146F6
:108E2000511AB963494663EB0103FB634FF000023B
:108E30004FF00003D7E90E894946CB00414643EA8B
:108E400051734146CA0010461946034622469B18F4
:108E50003B632B460A4642EB03037B634FF0000261
:108E60004FF00003D7E90C4529464B02214643EA5F
:108E7000D15321464A0210461946D7F8AC30002299
:108E8000C7F88830C7F88C20D7E92223F7F7ACFE63
:108E900002460B461346C7F8B43067E0754B5B6873
:108EA0009B090022C7F88030C7F88420D7F88030AB
:108EB000C3F30803BB670023FB67D7E91E452246BF
:108EC0002B464FF000004FF00001590141EAD261FA
:108ED000500102460B462146511AB962294663EBFE
:108EE0000103FB624FF000024FF00003D7E90A894B
:108EF00049468B01414643EA916341468A01414616
:108F0000B2EB010A494663EB010B4FF000024FF050
:108F100000034FEACB0343EA5A734FEACA02924670
:108F20009B4623461AEB03033B622B464BEB0303A2
:108F30007B624FF000024FF00003D7E90845294655
:108F40008B02214643EA915321468A021046194674
:108F5000D7F8AC3000223B677A67D7E91C23F7F7D4
:108F600043FE02460B461346C7F8B430414B5B68DC
:108F70001B0C03F0030301335B00C7F8A830D7F8DC
:108F8000B420D7F8A830B2FBF3F3C7F8B030EBE069
:108F9000384B5B6803F03F03C7F8AC30354B5B6878
:108FA00003F48003002B6BD0324B5B689B090022DB
:108FB000BB66FA66BB6EC3F308033B6600237B66A1
:108FC000D7E9184522462B464FF000004FF000012C
:108FD000590141EAD261500102460B462146511A1D
:108FE000B961294663EB0103FB614FF000024FF0CA
:108FF0000003D7E906AB59468B01514643EA91631A
:1090000051468A015146B2EB0108594663EB01090A
:109010004FF000024FF000034FEAC90343EA5873D0
:109020004FEAC80290469946234618EB03033B617A
:109030002B4649EB03037B614FF000024FF0000326
:10904000D7E9044529464B02214643EAD15321463C
:109050004A0210461946D7F8AC300022BB65FA65C3
:10906000D7E91623F7F7C0FD02460B461346C7F8AB
:10907000B43065E0003802400024F40000127A00A9
:109080003D4B5B689B09002218461146C0F308035C
:109090003B6500237B65D7E9148942464B464FF078
:1090A00000004FF00001590141EAD261500102462F
:1090B0000B464146511AB960494663EB0103FB6018
:1090C0004FF000024FF00003D7E902AB59468B0185
:1090D000514643EA916351468A015146541A594612
:1090E00063EB01054FF000024FF00003EB0043EA91
:1090F0005473E20014461D464346E3183B604B465A
:1091000045EB03037B604FF000024FF00003D7E90B
:10911000004529468B02214643EA915321468A02A3
:1091200010461946D7F8AC300022BB64FA64D7E980
:109130001223F7F759FD02460B461346C7F8B43021
:109140000D4B5B681B0F03F00703C7F8A430D7F87B
:10915000B420D7F8A430B2FBF3F3C7F8B03003E083
:10916000064BC7F8B03000BFD7F8B0301846B83754
:10917000BD46BDE8B08F00BF003802400024F400B7
:1091800080B586B000AF78607B68002B01D10123E9
:109190008DE27B681B6803F00103002B00F08380E5
:1091A000944B9B6803F00C03042B19D0914B9B68E4
:1091B00003F00C03082B06D18E4B5B6803F480038D
:1091C000B3F5800F0CD08B4B9B6803F00C030C2B7A
:1091D00012D1884B5B6803F48003B3F5800F0BD189
:1091E000844B1B6803F40033002B5BD07B685B6807
:1091F000002B57D101235AE27B685B68B3F5803FAF
:1092000006D17C4B1B687B4A43F4803313601DE01E
:109210007B685B68B3F5A02F0CD1764B1B68754A51
:1092200043F480231360734B1B68724A43F480330A
:1092300013600BE06F4B1B686E4A23F4803313609E
:109240006C4B1B686B4A23F4802313607B685B685C
:10925000002B13D0FBF7B0FB386108E0FBF7ACFB49
:1092600002463B69D31A642B01D903231FE2614BE9
:109270001B6803F40033002BF0D014E0FBF79CFBD9
:10928000386108E0FBF798FB02463B69D31A642B70
:1092900001D903230BE2574B1B6803F40033002B67
:1092A000F0D100E000BF7B681B6803F00203002BD5
:1092B0006FD0504B9B6803F00C03002B17D04D4B25
:1092C0009B6803F00C03082B05D14A4B5B6803F441
:1092D0008003002B0BD0474B9B6803F00C030C2B37
:1092E0001CD1444B5B6803F48003002B16D1414B27
:1092F0001B6803F00203002B05D07B68DB68012BA1
:1093000001D00123D3E13B4B1B6823F0F8027B68BB
:109310001B69DB00374913430B603AE07B68DB686D
:10932000002B20D0344B01221A60FBF745FB38613B
:1093300008E0FBF741FB02463B69D31A022B01D937
:109340000323B4E12B4B1B6803F00203002BF0D086
:10935000284B1B6823F0F8027B681B69DB0025495A
:1093600013430B6015E0244B00221A60FBF724FB2B
:10937000386108E0FBF720FB02463B69D31A022B59
:1093800001D9032393E11B4B1B6803F00203002B5D
:10939000F0D17B681B6803F00803002B36D07B6894
:1093A0005B69002B16D0154B01221A60FBF704FBFA
:1093B000386108E0FBF700FB02463B69D31A022B39
:1093C00001D9032373E10B4B5B6F03F00203002B06
:1093D000F0D01BE0094B00221A60FBF7EDFA386170
:1093E0000EE0FBF7E9FA02463B69D31A022B07D9D4
:1093F00003235CE10038024000004742800E4742F0
:109400008A4B5B6F03F00203002BEAD17B681B6879
:1094100003F00403002B00F097800023FB75834BBF
:109420001B6C03F08053002B0FD10023BB607F4BDC
:109430001B6C7E4A43F0805313647C4B1B6C03F01F
:109440008053BB60BB680123FB75794B1B6803F439
:109450008073002B18D1764B1B68754A43F48073D8
:109460001360FBF7A9FA386108E0FBF7A5FA02469A
:109470003B69D31A022B01D9032318E16C4B1B68FB
:1094800003F48073002BF0D07B689B68012B06D11E
:10949000664B1B6F654A43F0010313671CE07B6852
:1094A0009B68052B0CD1614B1B6F604A43F0040392
:1094B00013675E4B1B6F5D4A43F0010313670BE0BC
:1094C0005A4B1B6F594A23F001031367574B1B6F0D
:1094D000564A23F0040313677B689B68002B15D062
:1094E000FBF76AFA38610AE0FBF766FA02463B6965
:1094F000D31A41F28832934201D90323D7E04B4B70
:109500001B6F03F00203002BEED014E0FBF754FABC
:1095100038610AE0FBF750FA02463B69D31A41F280
:109520008832934201D90323C1E0404B1B6F03F003
:109530000203002BEED1FB7D012B05D13B4B1B6CB5
:109540003A4A23F0805313647B689B69002B00F038
:10955000AD80364B9B6803F00C03082B60D07B6812
:109560009B69022B45D1334B00221A60FBF724FA8A
:10957000386108E0FBF720FA02463B69D31A022B58
:1095800001D9032393E0294B1B6803F00073002BE0
:10959000F0D17B68DA697B681B6A1A437B685B6A77
:1095A0009B011A437B689B6A5B08013B1B041A43BF
:1095B0007B68DB6A1B061A437B681B6B1B071B4916
:1095C00013434B601B4B01221A60FBF7F5F938611E
:1095D00008E0FBF7F1F902463B69D31A022B01D9E7
:1095E000032364E0114B1B6803F00073002BF0D0E1
:1095F0005CE0104B00221A60FBF7DEF9386108E0EE
:10960000FBF7DAF902463B69D31A022B01D903238F
:109610004DE0064B1B6803F00073002BF0D145E0D2
:109620007B689B69012B07D1012340E00038024091
:1096300000700040600047421F4B5B68FB607B6826
:109640009B69012B30D0FB6803F480027B68DB69E7
:109650009A4229D1FB6803F03F027B681B6A9A4259
:1096600022D1FA6847F6C07313407A68526A9201B1
:10967000934219D1FB6803F440327B689B6A5B0814
:10968000013B1B049A420FD1FB6803F070627B68B8
:10969000DB6A1B069A4207D1FB6803F0E0427B6855
:1096A0001B6B1B079A4201D0012300E000231846E0
:1096B0001837BD4680BD00BF0038024080B582B07B
:1096C00000AF78607B68002B01D1012341E07B680B
:1096D00093F83D30DBB2002B06D17B68002283F883
:1096E0003C207868FAF78AFF7B68022283F83D20E5
:1096F0007B681A687B6804331946104600F0FEFA4E
:109700007B68012283F846207B68012283F83E2093
:109710007B68012283F83F207B68012283F8402088
:109720007B68012283F841207B68012283F8422074
:109730007B68012283F843207B68012283F8442060
:109740007B68012283F845207B68012283F83D2055
:10975000002318460837BD4680BD000080B485B0A0
:1097600000AF78607B6893F83D30DBB2012B01D00D
:10977000012346E07B68022283F83D207B681B685A
:10978000234A934222D07B681B68B3F1804F1DD0DF
:109790007B681B681F4A934218D07B681B681E4A6F
:1097A000934213D07B681B681C4A93420ED07B689F
:1097B0001B681B4A934209D07B681B68194A934275
:1097C00004D07B681B68184A934211D17B681B68E0
:1097D0009B6803F00703FB60FB68062B10D07B68D7
:1097E0001B681A687B681B6842F001021A6007E078
:1097F0007B681B681A687B681B6842F001021A606C
:10980000002318461437BD465DF8047B704700BF3F
:10981000000001400004004000080040000C00402F
:1098200000040140004001400018004080B485B0B1
:1098300000AF78607B6893F83D30DBB2012B01D03C
:1098400001234EE07B68022283F83D207B681B6881
:10985000DA687B681B6842F00102DA607B681B688B
:10986000234A934222D07B681B68B3F1804F1DD0FE
:109870007B681B681F4A934218D07B681B681E4A8E
:10988000934213D07B681B681C4A93420ED07B68BE
:109890001B681B4A934209D07B681B68194A934294
:1098A00004D07B681B68184A934211D17B681B68FF
:1098B0009B6803F00703FB60FB68062B10D07B68F6
:1098C0001B681A687B681B6842F001021A6007E097
:1098D0007B681B681A687B681B6842F001021A608B
:1098E000002318461437BD465DF8047B704700BF5F
:1098F000000001400004004000080040000C00404F
:1099000000040140004001400018004080B582B0D2
:1099100000AF78607B681B681B6903F00203022BB1
:1099200022D17B681B68DB6803F00203022B1BD18A
:109930007B681B686FF002021A617B6801221A774C
:109940007B681B689B6903F00303002B03D07868D6
:1099500000F0B5F905E0786800F0A7F9786800F044
:10996000B8F97B6800221A777B681B681B6903F0D3
:109970000403042B22D17B681B68DB6803F004031B
:10998000042B1BD17B681B686FF004021A617B6893
:1099900002221A777B681B689B6903F44073002BD3
:1099A00003D0786800F08BF905E0786800F07DF965
:1099B000786800F08EF97B6800221A777B681B6854
:1099C0001B6903F00803082B22D17B681B68DB6846
:1099D00003F00803082B1BD17B681B686FF008029B
:1099E0001A617B6804221A777B681B68DB6903F0C5
:1099F0000303002B03D0786800F061F905E0786874
:109A000000F053F9786800F064F97B6800221A7757
:109A10007B681B681B6903F01003102B22D17B6845
:109A20001B68DB6803F01003102B1BD17B681B68DD
:109A30006FF010021A617B6808221A777B681B6836
:109A4000DB6903F44073002B03D0786800F037F92A
:109A500005E0786800F029F9786800F03AF97B6849
:109A600000221A777B681B681B6903F00103012B36
:109A70000ED17B681B68DB6803F00103012B07D163
:109A80007B681B686FF001021A617868FAF7AEFB19
:109A90007B681B681B6903F08003802B0ED17B68F9
:109AA0001B68DB6803F08003802B07D17B681B6891
:109AB0006FF080021A61786800F0E0FA7B681B683A
:109AC0001B6903F04003402B0ED17B681B68DB68E9
:109AD00003F04003402B07D17B681B686FF0400206
:109AE0001A61786800F0FFF87B681B681B6903F057
:109AF0002003202B0ED17B681B68DB6803F020035A
:109B0000202B07D17B681B686FF020021A617868F0
:109B100000F0AAFA00BF0837BD4680BD80B584B00A
:109B200000AF786039600023FB737B6893F83C30AA
:109B3000012B01D10223B4E07B68012283F83C2091
:109B40007B68022283F83D207B681B689B68BB60B2
:109B5000BB6823F07703BB60BB6823F47F43BB6023
:109B60007B681B68BA689A603B681B68B3F5005F46
:109B70003ED0B3F5005F00F28780B3F5805F00F060
:109B80008680B3F5805F7FD8702B1AD0702B7BD87E
:109B9000602B50D0602B77D8502B3CD0502B73D8F3
:109BA000402B58D0402B6FD8302B64D0302B6BD843
:109BB000202B60D0202B67D8002B5CD0102B5AD0E4
:109BC00062E07B6818683B6899683B685A683B6844
:109BD000DB6800F0ADF97B681B689B68BB60BB6805
:109BE00043F07703BB607B681B68BA689A604FE0FC
:109BF0007B6818683B6899683B685A683B68DB6813
:109C000000F096F97B681B689A687B681B6842F4D1
:109C100080429A603CE07B6818683B6859683B6802
:109C2000DB681A4600F00AF97B681B685021184669
:109C300000F063F92CE07B6818683B6859683B6862
:109C4000DB681A4600F029F97B681B68602118461A
:109C500000F053F91CE07B6818683B6859683B6862
:109C6000DB681A4600F0EAF87B681B68402118465A
:109C700000F043F90CE07B681A683B681B681946E2
:109C8000104600F03AF903E00123FB7300E000BF47
:109C90007B68012283F83D207B68002283F83C200A
:109CA000FB7B18461037BD4680BD80B483B000AF43
:109CB000786000BF0C37BD465DF8047B704780B408
:109CC00083B000AF786000BF0C37BD465DF8047B01
:109CD000704780B483B000AF786000BF0C37BD46DA
:109CE0005DF8047B704780B483B000AF786000BF3C
:109CF0000C37BD465DF8047B7047000080B485B02A
:109D000000AF786039607B681B68FB607B68404A05
:109D1000934213D07B68B3F1804F0FD07B683D4AEC
:109D200093420BD07B683C4A934207D07B683B4A06
:109D3000934203D07B683A4A934208D1FB6823F0F0
:109D40007003FB603B685B68FA681343FB607B68E9
:109D50002F4A93422BD07B68B3F1804F27D07B688A
:109D60002C4A934223D07B682B4A93421FD07B68B6
:109D70002A4A93421BD07B68294A934217D07B68BA
:109D8000284A934213D07B68274A93420FD07B68BE
:109D9000264A93420BD07B68254A934207D07B68C2
:109DA000244A934203D07B68234A934208D1FB683C
:109DB00023F44073FB603B68DB68FA681343FB6085
:109DC000FB6823F080023B685B691343FB607B68A0
:109DD000FA681A603B689A687B68DA623B681A68BE
:109DE0007B689A627B680A4A934203D07B680C4A7C
:109DF000934203D13B681A697B681A637B6801222E
:109E00005A6100BF1437BD465DF8047B704700BF40
:109E1000000001400004004000080040000C004029
:109E2000000401400040014000440140004801405E
:109E300000180040001C00400020004080B487B0A3
:109E400000AFF860B9607A60FB681B6A7B61FB68F1
:109E50001B6A23F00102FB681A62FB689B693B6185
:109E60003B6923F0F0033B617B681B013A691343B4
:109E70003B617B6923F00A037B617A69BB6813430A
:109E80007B61FB683A699A61FB687A691A6200BF74
:109E90001C37BD465DF8047B704780B487B000AFC7
:109EA000F860B9607A60FB681B6A23F01002FB68F7
:109EB0001A62FB689B697B61FB681B6A3B617B697B
:109EC00023F470437B617B681B037A6913437B61D6
:109ED0003B6923F0A0033B61BB681B013A69134354
:109EE0003B61FB687A699A61FB683A691A6200BF54
:109EF0001C37BD465DF8047B704780B485B000AF69
:109F0000786039607B689B68FB60FB6823F07003B6
:109F1000FB603A68FB68134343F00703FB607B6810
:109F2000FA689A6000BF1437BD465DF8047B70473D
:109F300080B487B000AFF860B9607A603B60FB68BE
:109F40009B687B617B6923F47F437B613B681A02DA
:109F50007B681A43BB6813437A6913437B61FB68D0
:109F60007A699A6000BF1C37BD465DF8047B704774
:109F700080B485B000AF786039607B6893F83C307E
:109F8000012B01D102235AE07B68012283F83C2097
:109F90007B68022283F83D207B681B685B68FB605E
:109FA0007B681B689B68BB60FB6823F07003FB60E9
:109FB0003B681B68FA681343FB607B681B68FA68A0
:109FC0005A607B681B68214A934222D07B681B68D9
:109FD000B3F1804F1DD07B681B681D4A934218D097
:109FE0007B681B681B4A934213D07B681B681A4A24
:109FF00093420ED07B681B68184A934209D07B6855
:10A000001B68174A934204D07B681B68154A934229
:10A010000CD1BB6823F08003BB603B685B68BA6807
:10A020001343BB607B681B68BA689A607B68012237
:10A0300083F83D207B68002283F83C2000231846EB
:10A040001437BD465DF8047B704700BF0000014037
:10A050000004004000080040000C004000040140E3
:10A06000004001400018004080B483B000AF786029
:10A0700000BF0C37BD465DF8047B704780B483B0E9
:10A0800000AF786000BF0C37BD465DF8047B7047B9
:10A0900084B080B584B000AF786007F11C0080E820
:10A0A0000E003B6B012B22D17B689B6B23F480322B
:10A0B0007B689A637B68DB6823F4840323F04003A6
:10A0C0007A68D3607B68DB6823F440127B68DA60CF
:10A0D000FB6C012B05D17B68DB6843F480127B6845
:10A0E000DA60786800F09CFA0346FB731AE07B683C
:10A0F000DB6843F040027B68DA60786800F090FA31
:10A100000346FB733B6C002B06D17B689B6B43F4CF
:10A1100080327B689A6305E07B689B6B23F4803216
:10A120007B689A63BB6A012B0BD17B689B6843F009
:10A1300006027B689A607B689B6843F020027B681C
:10A140009A60FB7B18461037BD46BDE8804004B0DE
:10A15000704780B483B000AF78607B689B6823F061
:10A1600001027B689A60002318460C37BD465DF8F3
:10A17000047B704780B584B000AF78600B46FB70FD
:10A180000023FB607B68DB6823F0C0427B68DA60F9
:10A19000FB78012B15D17B68DB6843F000527B68AC
:10A1A000DA600120FAF714FCFB680133FB60786881
:10A1B00000F028FA0346012B1ED0FB68312BF0D9A2
:10A1C0001AE0FB78002B15D17B68DB6843F08042F6
:10A1D0007B68DA600120FAF7FBFBFB680133FB6068
:10A1E000786800F00FFA0346002B05D0FB68312B8E
:10A1F000F0D901E0012305E0FB68322B01D10123F6
:10A2000000E0002318461037BD4680BD84B080B5FD
:10A2100086B000AF786007F1240080E80E000023CC
:10A22000FB757B68FB6000233B6109E07A683B6952
:10A2300040339B00134400225A603B6901333B6169
:10A240003B690E2BF2D9FB6C002B1CD1FB6803F58C
:10A2500000635B68FA6802F5006243F00203536032
:10A260007B689B6B23F400127B689A637B681B6896
:10A2700043F040027B681A607B681B6843F08002F1
:10A280007B681A6005E07B689B6B43F400127B6877
:10A290009A63FB6803F560631A4600231360FB684A
:10A2A00003F500631946FB6803F500631A460B6863
:10A2B0001360BB6B012B0CD1FB6A002B04D1002176
:10A2C000786800F065F908E00121786800F060F92D
:10A2D00003E00321786800F05BF91021786800F052
:10A2E000F3F80346002B01D00123FB75786800F0DA
:10A2F0001FF90346002B01D00123FB75FB6803F512
:10A3000000631A4600231361FB6803F500631A46D5
:10A3100000235361FB6803F500631A460023D361F1
:10A3200000233B6143E03B695A01FB68134403F59A
:10A3300010631B6803F00043B3F1004F18D13B6971
:10A34000002B0AD13B695A01FB68134403F51063E3
:10A350001A464FF00063136013E03B695A01FB6833
:10A36000134403F510631A464FF09043136008E05E
:10A370003B695A01FB68134403F510631A46002336
:10A3800013603B695A01FB68134403F510631A46D6
:10A39000002313613B695A01FB68134403F5106302
:10A3A0001A464FF67F3393603B6901333B617B6A0A
:10A3B0003A699A42B7D300233B6143E03B695A01B3
:10A3C000FB68134403F530631B6803F00043B3F1EB
:10A3D000004F18D13B69002B0AD13B695A01FB6839
:10A3E000134403F530631A464FF00063136013E023
:10A3F0003B695A01FB68134403F530631A464FF07A
:10A400009043136008E03B695A01FB68134403F56D
:10A4100030631A46002313603B695A01FB681344FA
:10A4200003F530631A46002313613B695A01FB6848
:10A43000134403F530631A464FF67F3393603B694C
:10A4400001333B617B6A3A699A42B7D3FB6803F5F3
:10A4500000631B69FA6802F5006223F480731361DC
:10A460007B6800229A617B686FF080425A613B6B87
:10A47000002B05D17B689B6943F010027B689A61D1
:10A480007B689A690F4B13437A689361FB6B002BCF
:10A4900005D07B689B6943F008027B689A61FB6C7E
:10A4A000012B07D17B689B6943F0804343F0040391
:10A4B0007A689361FB7D18461837BD46BDE8804039
:10A4C00004B0704700383C8080B485B000AF78603D
:10A4D00039600023FB60FB680133FB60FB68134AB3
:10A4E000934201D903231BE07B681B69002BF2DA3E
:10A4F0000023FB603B689B0143F020027B681A61EC
:10A50000FB680133FB60FB68084A934201D90323CF
:10A5100006E07B681B6903F02003202BF0D00023AA
:10A5200018461437BD465DF8047B7047400D0300A4
:10A5300080B485B000AF78600023FB60FB68013316
:10A54000FB60FB68114A934201D9032318E07B6842
:10A550001B69002BF2DA0023FB607B6810221A6172
:10A56000FB680133FB60FB68084A934201D903236F
:10A5700006E07B681B6903F01003102BF0D000236A
:10A5800018461437BD465DF8047B7047400D030044
:10A5900080B485B000AF78600B46FB707B68FB60D1
:10A5A000FB6803F500631A68FB78F96801F5006140
:10A5B00013430B60002318461437BD465DF8047B37
:10A5C000704780B485B000AF78607B68FB60FB6843
:10A5D00003F560631B68FA6802F5606223F0030309
:10A5E0001360FB6803F500635B68FA6802F50062BC
:10A5F00043F002035360002318461437BD465DF84C
:10A60000047B704780B483B000AF78607B685B697F
:10A6100003F0010318460C37BD465DF8047B704714
:10A6200080B485B000AF78600023FB60FB68013325
:10A63000FB60FB68134A934201D903231BE07B684C
:10A640001B69002BF2DA0023FB607B681B6943F077
:10A6500001027B681A61FB680133FB60FB68094AF1
:10A66000934201D9032306E07B681B6903F00103D1
:10A67000012BF0D0002318461437BD465DF8047B4B
:10A68000704700BF400D030080B483B000AF0346A5
:10A69000FB7197F90730002B02D097F9073000E0E3
:10A6A000002318460C37BD465DF8047B704790B513
:10A6B00089B002AFF860B9607A603B6000233B610B
:10A6C0000023FB754BE0FB681B7803F00603022BAD
:10A6D0000FD0FB681B7803F00603042B09D0FB683E
:10A6E0001B7803F00603062B03D07B689B68002BC6
:10A6F00029D07B6800221A607B681A697B685B68D6
:10A70000D0187B68DA687B685B68D11A7B6803F1D4
:10A7100008043B6807F110020093234601F0E2FBB6
:10A7200003461A46BB681A70BB6893F90030002BC9
:10A7300003D0BB6893F9003020E07B685A683B691E
:10A740001A447B685A603A687968002000F090FCEF
:10A7500003461A46BB681A70FB6800221A70FB6831
:10A760001B78002B03D17B689B68002B04D0BB684F
:10A7700093F90030002BA6D097F9173018461C37F4
:10A78000BD4690BD90B58FB002AFF860B9607A60F9
:10A79000002210217B48FAF73BFD0023BB627B6857
:10A7A000002B02D0FB68002B02D14FF0FF33E4E016
:10A7B000BB68002B02D16FF00503DEE0BA68002110
:10A7C000F86807F0BFFB07F11003142200211846B8
:10A7D00007F0B8FBFB683B62BB68FB617A6807F176
:10A7E0002E031146184601F0BFFA034687F82730BA
:10A7F00097F92730002B02D097F92730BDE00023CE
:10A800007B6197F82E3087F82F3007F1100207F19F
:10A81000270107F12F007B68FFF749FF034687F800
:10A82000273097F92730002B02D097F92730A4E082
:10A8300000237B6197F82E3087F82F3047E097F898
:10A840002F3003F01803082B0ED097F82F3003F0A9
:10A850001803102B08D097F82F3003F01803182B8B
:10A8600002D0BB69002B20D000233B613A6A7B6990
:10A87000D018FA697B69D11A7B6807F1100202F1DE
:10A88000080407F128020093234601F041FB034628
:10A8900087F8273097F92730002B02D097F9273017
:10A8A0006BE07A69BB6A13447B6101221021354851
:10A8B000FAF7AEFC07F110037A681946012000F0A0
:10A8C000D7FB034687F82730002387F82F3097F807
:10A8D0002F30002B02D1BB69002B03D097F9273012
:10A8E000002BACD000237B6197F82E3087F82F30F7
:10A8F00036E097F82F3003F04003002B02D1BB69FC
:10A90000002B20D000233B613A6A7B69D018FA699A
:10A910007B69D11A7B6807F1100202F1080407F184
:10A9200028020093234601F054FB034687F82730A2
:10A9300097F92730002B02D097F927301DE07A696C
:10A94000BB6A13447B6107F110037A681946022041
:10A9500000F08EFB034687F82730002387F82F305E
:10A9600097F82F30002B02D1BB69002B03D097F949
:10A970002730002BBDD097F9273018463437BD4615
:10A9800090BD00BF0000024080B586B000AF034616
:10A9900087ED020A79603A60FB730023FB753B6820
:10A9A000002B0AD03A68FB7B796897ED020A1846BB
:10A9B00001F025FB0346FB7501E0FF23FB7597F9CA
:10A9C000173018461837BD4680BD80B584B000AF3B
:10A9D000786039600023FB733B68002B07D03B682D
:10A9E0001946786801F06CF90346FB7301E0FF2318
:10A9F000FB7397F90F3018461037BD4680BD80B500
:10AA000084B000AF786039600023FB733B68002B93
:10AA100007D03B681946786801F062F90346FB737A
:10AA200001E0FF23FB7397F90F3018461037BD463E
:10AA300080BD80B584B000AF786039600023FB73BF
:10AA40003B68002B07D03B681946786801F058F93D
:10AA50000346FB7301E0FF23FB7397F90F301846A1
:10AA60001037BD4680BD80B584B000AF78603960D6
:10AA70000023FB733B68002B07D03B6819467868BE
:10AA800001F062F90346FB7301E0FF23FB7397F9C2
:10AA90000F3018461037BD4680BD80B586B002AF76
:10AAA00078600023BB600023FB737B68002B0FD012
:10AAB0007B6803F53A717B6807F10802009313463F
:10AAC000202240F21F1001F073F80346FB7301E0EF
:10AAD000FF23FB7397F90F3018461037BD4680BD32
:10AAE00080B588B002AFF860B9607A603B6000233F
:10AAF000FB753B6A002B02D0FB68002B02D1FF23C1
:10AB0000FB7509E03B6A00933B687A68B968F868AE
:10AB100001F083F90346FB7597F91730184618378B
:10AB2000BD4680BD80B584B000AF78600023FB7364
:10AB30007B68002B02D1FF23FB7305E07B6818467E
:10AB400001F0B5F90346FB7397F90F30184610373B
:10AB5000BD4680BD80B584B000AF03463960FB714F
:10AB60000023FB733B68002B02D1FF23FB7307E03C
:10AB70003B68F91D0122052000F0ABFF0346FB7383
:10AB800097F90F3018461037BD4680BD80B584B0A8
:10AB900000AF03463960FB710023FB733B68002B59
:10ABA00002D1FF23FB7307E03B68F91D0122072058
:10ABB00000F08FFF0346FB7397F90F3018461037EC
:10ABC000BD4680BD80B584B000AF03463960FB71DF
:10ABD0000023FB733B68002B02D1FF23FB7307E0CC
:10ABE0003B68F91D0122062000F073FF0346FB734A
:10ABF00097F90F3018461037BD4680BD80B584B038
:10AC000000AF03463960FB710023FB733B68002BE8
:10AC100002D1FF23FB7307E03B68F91D01221620D8
:10AC200000F057FF0346FB7397F90F3018461037B3
:10AC3000BD4680BD80B584B000AF03463960FB716E
:10AC40000023FB733B68002B02D1FF23FB7307E05B
:10AC50003A68FB791146184601F004FA0346FB7383
:10AC600097F90F3018461037BD4680BD80B584B0C7
:10AC700000AF78600023FB737B68002B02D1FF23B9
:10AC8000FB7305E07B68184601F07EF80346FB7312
:10AC900097F90F3018461037BD4680BD80B58AB091
:10ACA00004AFB9607A603B600346FB730023FB7519
:10ACB000BB6A002B14D04FF442720021B86A07F02F
:10ACC00041F9BB6AF87B02937B6A01933B6A00936C
:10ACD0003B687A68B96800F086FE0346FB7501E0C0
:10ACE000FF23FB7597F9173018461837BD4680BD0E
:10ACF00080B487B000AFB9607A603B600346FB73F5
:10AD00000023FB750023BB753B68002B02D0BB689A
:10AD1000002B02D1FF23FB7535E00023BB752AE031
:10AD2000BA7D39681346DB0013440B441C331B788F
:10AD3000002B1DD1BA7D39681346DB0013440B4448
:10AD40001C33FA7B1A70BA7D39681346DB00134452
:10AD50000B441833BA68C3F80520BA7D3968134626
:10AD6000DB0013440B4418337A68C3F8092005E06C
:10AD7000BB7D0133BB75BB7D2F2BD1D9BB7D302B68
:10AD800001D1F623FB7597F9173018461C37BD46DD
:10AD90005DF8047B7047000080B58AB000AF786032
:10ADA0007B68002B03D1FF2387F8273070E0786899
:10ADB000FFF773FE034687F8273097F92730002BFB
:10ADC00066D17B68012283F8CC21012387F82630E5
:10ADD0003CE097F82630DB0887F8253097F82630D6
:10ADE00003F00703012202FA03F387F8243097F8EF
:10ADF00025307A68134493F8E82297F824301340FA
:10AE0000DBB2002B1DD07A6807F1080197F82630D5
:10AE1000184601F041F9034687F8273097F92730A3
:10AE2000002B0ED13B7F002B03D1F82387F827306E
:10AE300014E097F82630397F7A6813440A4683F87D
:10AE4000CC2197F82630013387F8263097F8263042
:10AE5000F42B03D897F92730002BBAD0FF2387F8BB
:10AE6000263011E097F82630A3F1F50297F8263046
:10AE70000A49895C7A6813440A4683F8CC2197F81A
:10AE80002630013B87F8263097F82630F42BE9D896
:10AE900097F9273018462837BD4680BD206C030837
:10AEA00080B487B000AF0346B9607A60FB730023BB
:10AEB000FB750023BB757B68002B55D0BB68002B4E
:10AEC00052D000237B7520E07A7D79681346DB0041
:10AED00013440B441C331B78FA7B9A4212D17A7DBF
:10AEE000B86879681346DB0013440B4418330246F4
:10AEF000043318685968106051601B7A13727B7DA7
:10AF0000BB7505E07B7D01337B757B7D2F2BDBD90A
:10AF1000BB7D302B02D1F623FB7528E0FB7BF42BA5
:10AF200011D9FB7B7A68134493F8CC31002B0AD1FA
:10AF3000FB7BA3F1F502FB7B1149895C7A68134422
:10AF40000A4683F8CC21FB7B002B10D1FB7B7A686F
:10AF5000134493F8CC31002B09D1FB7B7A6813445E
:10AF6000012283F8CC2102E0FF23FB7500E000BF43
:10AF700097F9173018461C37BD465DF8047B7047BB
:10AF8000206C030880B485B000AFF8600B467A608F
:10AF9000FB72FB681A68FB7A1A44FB685B689A428A
:10AFA00003D87B6800221A7002E07B6801221A70C5
:10AFB000002318461437BD465DF8047B704780B403
:10AFC00087B000AF0346B9607A60FB730023FB755E
:10AFD000FB7B022B07D8FB7B5A33DB007A681A44D1
:10AFE000BB681A6001E0F923FB7597F91730184622
:10AFF0001C37BD465DF8047B704780B485B000AF58
:10B0000078607B685B68002B2BD07B685A687B6814
:10B010001B689A4202D26FF0010323E07B685A68F2
:10B020007B681B68D21A7B685A607B685B68002B60
:10B0300017D00023FB730FE07B681A697B681968DF
:10B04000FB7B0B441A447B681969FB7B0B44127829
:10B050001A70FB7B0133FB73FA7B7B685B689A4257
:10B06000EAD3002318461437BD465DF8047B7047C9
:10B070002DE9F04F97B000AF0346B9627A6287F8C6
:10B080002F30002387F85730002387F8563007F118
:10B0900034020023136053601372002387F83330A7
:10B0A0009EE1BB6A1B683B65BB6A1A693B6D134432
:10B0B0001B7887F8573007F1400197F82F307A6AEC
:10B0C0001846FFF77CFF034687F8563097F956304D
:10B0D0001846FFF7D9FA034687F8563097F85730E5
:10B0E000002B27D0002BC0F21981FF2B00F3168113
:10B0F000F42BC0F21381F43B0B2B00F20F8101A261
:10B1000052F823F02BB2000841B10008ABB100089F
:10B1100067B200081DB300081DB300081DB3000886
:10B1200041B10008ABB1000867B200081DB30008C8
:10B1300035B10008BB6A1B685A1CBB6A1A604FE134
:10B1400007F133031A460221B86AFFF71BFF0346D3
:10B1500087F8563097F956301846FFF795FA0346A8
:10B1600087F8563097F83330002B00D038E13B6C2D
:10B17000D3E90001BB6A1A693B6D013313441B78A4
:10B18000DBB200229A4693463B6C10EB0A02BA618E
:10B1900041EB0B02FA61D7E90612C3E90012BB6A60
:10B1A0001B689A1CBB6A1A601AE107F133031A463E
:10B1B0000321B86AFFF7E6FE034687F8563097F991
:10B1C00056301846FFF760FA034687F8563097F86E
:10B1D0003330002B00D003E13B6CD3E90001BB6AA4
:10B1E0001A693B6D013313441B781CB2BB6A1A69A0
:10B1F0003B6D023313441B781B021BB223431BB26B
:10B200009BB29BB200221D4616463B6C42193A6126
:10B2100041EB06027A61D7E90412C3E90012BB6A66
:10B220001B68DA1CBB6A1A60DAE007F133031A46BE
:10B230001721B86AFFF7A6FE034687F8563097F93C
:10B2400056301846FFF720FA034687F8563097F82D
:10B250003330002B00D0C3E0BB6A1B6803F1170238
:10B26000BB6A1A60BCE007F133031A460621B86ACC
:10B27000FFF788FE034687F8563097F95630184690
:10B28000FFF702FA034687F8563097F83330002B61
:10B2900000D0A5E0BB6A1A693B6D013313441B78EB
:10B2A0001946BB6A1A693B6D023313441B781B02B3
:10B2B0001943BB6A1A693B6D033313441B781B04A3
:10B2C0001943BB6A1A693B6D043313441B781B0690
:10B2D0000B43002298469146BB6A1A693B6D0533C1
:10B2E00013441B78DBB20022BB60FA604FF000020F
:10B2F0004FF00003B9680B000022396C48EA0200E5
:10B30000386049EA03037B60D7E90034C1E90034BF
:10B31000BB6A1B689A1DBB6A1A6061E007F13401C1
:10B3200097F857307A6A1846FFF7BAFD034687F850
:10B33000563097F956301846FFF7A6F9034687F8B6
:10B34000563097F857207B6A134493F8CC1107F1D5
:10B3500033031A46B86AFFF715FE034687F85630DE
:10B3600097F956301846FFF78FF9034687F856309D
:10B3700097F83330002B00D032E0D7F83530002B6F
:10B3800022D0BB6A1A693B6D01331344C7F84730BA
:10B3900097F82F3087F845303B6CC7F84B3097F85B
:10B3A000573087F8443097F857207B6A134493F856
:10B3B000CC3187F84630D7F83540D7F8392007F137
:10B3C000440311461846A047BB6A196897F85720EE
:10B3D0007B6A134493F8CC31CA18BB6A1A6000BF69
:10B3E000BB6A1A68BB6A5B689A4204D297F833302A
:10B3F000002B3FF456AEB86AFFF7FFFD034687F80F
:10B40000563097F9563018465C37BD46BDE8F08F88
:10B4100080B485B000AFF860B9607A603B60FB69CA
:10B420001A68BB691B681A443B681A603B6A1B6850
:10B43000002B07D0FB691A683B6A1B681A447B68BB
:10B440001A6003E03B681A687B681A607B681B68B7
:10B4500003F00303002B06D07B681B689B080133B5
:10B460009A007B681A60FB681B88DAB2BB681A70A6
:10B47000FB681B881B0A9AB2BB680133D2B21A70F0
:10B48000FB681B88022B0FD17B681B689A08BB687E
:10B490000233D2B21A707B681B689B081A0ABB6819
:10B4A0000333D2B21A700CE07B681A68BB680233AF
:10B4B000D2B21A707B681B681A0ABB680333D2B217
:10B4C0001A7000BF1437BD465DF8047B704790B515
:10B4D000D3B004AF044607F59C70A0F598700160E6
:10B4E00007F59C71A1F59A710A6007F59C72A2F5A7
:10B4F0009C72136007F59C73A3F5957322461A801E
:10B50000002387F83731D7F85031002B00F05481F1
:10B5100007F59C73A3F59A731B68002B07D007F5FA
:10B520009C73A3F598731B68002B00F04581D7F836
:10B530004831002B07D007F59C73A3F59C731B685B
:10B54000002B00F03981D7F850319B69002B00F0B7
:10B550002D8107F58C7407F58A7207F1140107F144
:10B560000E0007F5A673029307F5A47301933B1D24
:10B5700000932346FFF74CFF0423C7F82431D7F884
:10B580001831C7F83031D7F83021D7F824311344B7
:10B59000C7F82031FC23C7F81C31D7F850319B691C
:10B5A000D7F81C219A4240F2F780D7F850319B69B6
:10B5B000C7F81C31F0E0D7F83021D7F82431134414
:10B5C000D7F81C219A420BD2D7F81C31C7F82C317E
:10B5D000D7F81C21D7F82431D31AC7F828311EE038
:10B5E000D7F83021D7F824311344C7F82C31D7F8D5
:10B5F0003031C7F82831D7F82C3103F00303002B82
:10B6000006D0D7F82C319B0801339B00C7F82C31AA
:10B61000D7F82C31FC2B02D9FC23C7F82C31D7F8F2
:10B620002831002B7ED007F59C73A3F59A731A6816
:10B63000D7F828311344D7F830219A4215D307F1AF
:10B640001402D7F82431D018D7F81821D7F83031A0
:10B65000D31A07F59C72A2F59C7212681344D7F8AE
:10B660002821194606F0EDFC5CE007F59C73A3F574
:10B670009A731B68D7F830219A423BD907F114021C
:10B68000D7F82431D018D7F81821D7F83031D31A89
:10B6900007F59C72A2F59C721268D11807F59C738D
:10B6A000A3F59A731B68D7F83021D31A1A4606F00F
:10B6B000C8FCD7F82421D7F830311A4407F59C7319
:10B6C000A3F59A731B68D31A07F11402D01807F573
:10B6D0009C73A3F59A731A68D7F83031D21AD7F849
:10B6E00028311A4407F59C73A3F59873196806F07E
:10B6F000A8FC17E007F11402D7F82431D01807F599
:10B700009C73A3F59A731A68D7F83031D31A07F5EA
:10B710009C72A2F5987212681344D7F82821194632
:10B7200006F08FFCD7F82421D7F828311344D7F836
:10B730002C219A4212D0D7F82421D7F8283113446B
:10B7400007F11402D018D7F82421D7F82831134470
:10B75000C3F580731A46002106F0F4FB07F11401CB
:10B76000D7F85031D7F82C21002000F0B2F9034669
:10B7700087F8373197F93731002B1BD10023C7F8F1
:10B780002431D7F83021D7F82831D31AC7F830310F
:10B79000D7F83031C7F82031D7F82031002B0FD03F
:10B7A00097F93731002B3FF406AF09E0FE2387F805
:10B7B000373105E000BF03E0FF2387F8373100E0B1
:10B7C00000BF97F93731184607F59E77BD4690BD03
:10B7D00080B584B000AF78600023FB8127E007F1DB
:10B7E0000C037968184600F0BFFA03467B7397F99B
:10B7F0000D30002B15D13B7B03F02003002B02D032
:10B8000000237B7316E0796842F2107000F099F91A
:10B8100003467B7397F90D30002B05D097F90D3057
:10B820000AE097F90D3007E0FB890133FB81FB89C2
:10B83000132BD4D997F90D3018461037BD4680BD6B
:10B8400080B584B000AF78600023FB812FE0796879
:10B850004CF2503000F075F903467B7397F90D30C8
:10B86000002B02DA97F90D302DE007F10C017B680F
:10B870000122252000F0F5F803467B7397F90D307F
:10B88000002B02DA97F90D301DE03B7B03F010032B
:10B89000002B09D03B7B03F02003002B04D03B7B23
:10B8A00003F04003002B06D0FB890133FB81FB89A9
:10B8B000632BCCD900E000BFFB89642B02D16FF071
:10B8C000040300E0002318461037BD4680BD80B554
:10B8D0008AB000AFB9607A603B600346FB73002317
:10B8E00087F827307B6B002B72D0BB68002B6FD0A2
:10B8F0003B68002B6CD03B6B002B69D07B6B9B694A
:10B90000BB613B6B1B68002B14D107F11401F87B62
:10B910007B6B022200F0A5F8034687F827303B7DB9
:10B920001AB27B7D1B021BB213431BB29BB21A4699
:10B930003B6B1A603B6B1B68002B4DD097F927308F
:10B94000002B49D13B6B1B687A689A4203D23B6853
:10B950007A681A6003E03B6B1A683B681A603B68C0
:10B960001B683B620023FB6116E0BA68FB69D118D3
:10B97000F87B7B6BBA6900F074F8034687F82730D0
:10B9800097F92730002B0CD13A6ABB69D31A3B6276
:10B99000FA69BB691344FB613A6ABB699A42E4D80D
:10B9A00000E000BF3B6A002B0AD0BA68FB69D118DF
:10B9B000F87B7B6B3A6A00F054F8034687F827302F
:10B9C0003B6B1A683B681B68D21A3B6B1A6003E03A
:10B9D000FF2387F8273000E000BF97F9273018468B
:10B9E0002837BD4680BD80B487B000AFB9607A60AB
:10B9F0003B600346FB730023FB75BB6A002B26D01C
:10BA0000BB68002B23D07B68002B20D03B68002B29
:10BA10001DD0BB6ABA681A60BB6A7A685A60BB6A92
:10BA20003A689A60BB6A7A6A1A61BB6AFA7B1A73CF
:10BA30003B6A03F00303002B05D03B6A23F00302AB
:10BA4000BB6A9A6105E0BB6A3A6A9A6101E0FF232A
:10BA5000FB7597F9173018461C37BD465DF8047B17
:10BA6000704790B587B000AFB9607A603B6003461D
:10BA7000FB730023FB753B68002B22D03B681B68DF
:10BA8000002B1ED0BB68002B1BD03B681B7B012BFF
:10BA900003D1FB7B63F07F03FB733B681C683B684F
:10BAA0001B69F87B7A68B968A04703461A463B6869
:10BAB0001A753B6893F91430002B04D0FD23FB75F5
:10BAC00001E0FF23FB7597F9173018461C37BD4678
:10BAD00090BD90B587B000AFB9607A603B60034617
:10BAE000FB730023FB753B68002B22D03B685B682F
:10BAF000002B1ED0BB68002B1BD03B681B7B012B8F
:10BB000003D1FB7B03F07F03FB733B685C683B68FE
:10BB10001B69F87B7A68B968A04703461A463B68F8
:10BB20001A753B6893F91430002B04D0FD23FB7584
:10BB300001E0FF23FB7597F9173018461C37BD4607
:10BB400090BD80B584B000AF786039600023FB738E
:10BB50003B68002B0BD03B689B68002B07D03B68F1
:10BB60009B683A68126911467868984701E0FF239C
:10BB7000FB7397F90F3018461037BD4680BD80B56E
:10BB800088B004AFB9607A603B600346FB81F889F6
:10BB90003B680293002301930023009300237A68FB
:10BBA000B968FFF794FC034618461037BD4680BDC0
:10BBB00080B588B002AFB9607A603B600346FB8114
:10BBC0000023BB820023FB753B6A002B6ED0BB6851
:10BBD000002B6BD03B68002B68D03B6800221A60BA
:10BBE00007F113013B6A01220620FFF73AFF0346E3
:10BBF000FB7597F91730002B5BD1FB7CBB75FB7C89
:10BC000003F07F03DBB2FB74FB7CBA7D9A4208D061
:10BC100007F113013B6A01220620FFF75AFF034692
:10BC2000FB7597F91730002B43D1FB8943F4805300
:10BC300098B23B6A00220021FFF7A1FF0346FB7583
:10BC400097F91730002B34D1386AFFF7C1FD03464E
:10BC5000FB7597F91730002B2BD107F114003B6AC5
:10BC600000933B687A68B96800F068F90346FB7591
:10BC700097F91730002B1CD1FB7CBA7D9A420AD071
:10BC8000BB7DFB7407F113013B6A01220620FFF71D
:10BC900020FF0346FB7597F91730002B09D1BB8AAB
:10BCA000FA899A4205D0FB23FB7502E0FF23FB755E
:10BCB00000E000BF97F9173018461837BD4680BD21
:10BCC00080B582B000AF786039603B680122796846
:10BCD0001C20FFF7C6FE034618460837BD4680BD48
:10BCE00080B582B000AF786039603B680122796826
:10BCF0002B20FFF7B6FE034618460837BD4680BD29
:10BD000080B584B000AF786039607B68002B13D0B9
:10BD100007F10C013B6802222020FFF7A2FE034638
:10BD2000FB733B7B1AB27B7B1B021BB213431BB220
:10BD30009AB27B681A8001E0FF23FB7397F90F30FA
:10BD400018461037BD4680BD80B582B000AF786020
:10BD500039603B68012279682520FFF782FE03469F
:10BD600018460837BD4680BD80B582B000AF786008
:10BD700039603B68012279682D20FFF772FE034687
:10BD800018460837BD4680BD80B584B000AF7860E6
:10BD90000123FB720023BB720F23BB8107F10B0150
:10BDA0007B6801221420FFF794FE0346FB7397F98A
:10BDB0000F30002B2BD11CE0796842F21070FFF796
:10BDC000C0FE0346FB7397F90F30002B11D107F12A
:10BDD0000A017B6801222520FFF743FE0346FB731F
:10BDE00097F90F30002B04D1BB7A03F01003002B1E
:10BDF00005D1BB895A1EBA81002BDDD100E000BFFE
:10BE0000BB7A03F01003002B01D1FB23FB7397F9DE
:10BE10000F3018461037BD4680BD80B58AB004AFDC
:10BE2000F860B9607A603B600023FB753B6A002BC9
:10BE300033D0FB68002B30D07B68002B24D1FB680B
:10BE40001B781AB2FB6801331B781B021BB2134329
:10BE50001BB2BB82BB8A46F22B62934201D0FC2309
:10BE6000FB7597F91730002B1AD13B6A0293BB6818
:10BE700001930023009300233A68F9680220FFF73A
:10BE800026FB0346FB750BE03B6A3A68F968002025
:10BE9000FFF71FFE0346FB7502E0FF23FB7500E082
:10BEA00000BF97F9173018461837BD4680BD80B5DA
:10BEB00084B000AF78607B68002200210320FFF788
:10BEC0005EFE0346FB7397F90F30002B04D17868B0
:10BED000FFF7B6FC0346FB7397F90F30184610378F
:10BEE000BD4680BD80B586B002AFF860B9607A60AB
:10BEF0003B60BB6901933B6800937B68BA68F96853
:10BF00000120FFF7E4FC034618461037BD4680BD0C
:10BF100080B586B002AFF860B9607A603B60BB69FB
:10BF200001933B6800937B68BA68F9680220FFF7C9
:10BF3000CEFC034618461037BD4680BD80B586B09E
:10BF400000AFF860B9607A603B6007F110013B6AAE
:10BF500004220320FFF785FD0346FB7597F9173090
:10BF6000002B30D13B7C1AB207F1100301331B7850
:10BF70001B021BB213431BB29AB2FB681A80BB7C34
:10BF80001AB207F11003023301331B781B021BB2F4
:10BF900013431BB29BB21A463B681A603B681B688E
:10BFA000002B10D03B681B687A689A4202D2FA23B1
:10BFB000FB7508E03B681A683B6AB9680320FFF725
:10BFC00050FD0346FB7597F9173018461837BD46E4
:10BFD00080BD80B586B002AFF860B9607A603B6022
:10BFE000BB6901933B6800937B68BA68F9680320DA
:10BFF000FFF76DFC034618461037BD4680BD80B57F
:10C0000088B000AF034687ED020A79603A60FB739F
:10C01000BB687B61FB7B3B767B69DBB27B767B69B4
:10C020001B0ADBB2BB767B691B0CDBB2FB767B6940
:10C030001B0EDBB23B777B68DBB27B777B681B0A2E
:10C04000DBB2BB777B681B0CDBB2FB7707F1180117
:10C050003B6808220D20FFF792FD03461846203763
:10C06000BD4680BD80B584B000AF03463960FB712A
:10C07000FB793B7300237B730023BB730023FB73AB
:10C0800007F10C013B6804220920FFF778FD034605
:10C0900018461037BD4680BD80B590B002AF03464C
:10C0A000B9607A60FB73BB68002B00F0DA80FB7B21
:10C0B000F52B03D9FE2387F83730D5E0FB7B9BB205
:10C0C00003F5407398B207F1300207F114017B6861
:10C0D000009313461C22FFF76BFD034687F83730A9
:10C0E00097F93730002B40F0BF803B6B1C2B03D0FF
:10C0F000FE2387F83730B7E03A7DBB681A707A7D47
:10C10000BB685A70BA7DBB689A70FA7DBB68DA70FA
:10C110003A7EBB681A717A7EBB685A71BA7EBB6878
:10C120009A71FA7EBB68DA713A7FBB681A727A7FBD
:10C13000BB685A72BA7FBB689A72FA7FBB68DA72C0
:10C1400097F82020BB681A7397F82120BB685A73B0
:10C1500097F82220BB689A7397F82320BB68DA739C
:10C1600097F82420BB681A7497F82520BB685A7486
:10C1700097F82620BB689A7497F82720BB68DA7472
:10C1800097F82820BB681A7597F82920BB681A769B
:10C1900097F82A20BB685A7697F82B20BB689A76C6
:10C1A00097F82C20BB68DA76BB681B791AB2BB689B
:10C1B0005B791B021BB213431BB29AB2BB689A8015
:10C1C000BB689B791AB2BB68DB791B021BB21343B5
:10C1D0001BB29AB2BB68DA80BB681B7A1A46BB688E
:10C1E0005B7A1B021A43BB689B7A1B041A43BB6829
:10C1F000DB7A1B061A43BB689A60BB681B7B1A4636
:10C20000BB685B7B1B021A43BB689B7B1B041A4306
:10C21000BB68DB7B1B061A43BB68DA60BB681B7C10
:10C220001A46BB685B7C1B021A43BB689B7C1B04E1
:10C230001A43BB68DB7C1B061A43BB681A61BB68E8
:10C240001B7E1A46BB685B7E1B021A43BB689B7E43
:10C250001B041A43BB68DB7E1B061A43BB689A614A
:10C2600002E0FF2387F8373097F937301846383720
:10C27000BD4680BD80B483B000AF786039607B6814
:10C280001B781AB27B6801331B781B021BB2134365
:10C290001AB23B681A807B6802331B781AB27B683B
:10C2A00003331B781B021BB213431AB23B685A803C
:10C2B0007B6804331B781AB27B6805331B781B023A
:10C2C0001BB213431AB23B689A807B6806331B7813
:10C2D0001AB27B6807331B781B021BB213431AB2D6
:10C2E0003B68DA807B6808331B781AB27B680933B5
:10C2F0001B781B021BB213431BB29AB23B681A8114
:10C3000000BF0C37BD465DF8047B704780B483B036
:10C3100000AF786039607B681B781AB27B680133A4
:10C320001B781B021BB213431AB23B681A807B684E
:10C3300002331B781AB27B6803331B781B021BB2D3
:10C3400013431AB23B685A807B6804331B781AB2D5
:10C350007B6805331B781B021BB213431AB23B6880
:10C360009A8000BF0C37BD465DF8047B704780B5EE
:10C3700084B000AF78600023FB737B6810331846ED
:10C3800001F00AFA0346BB81BB89B3F5007F01D2F5
:10C3900000232EE07B68DA78FB7B1146184602F01A
:10C3A000ADFD034683F00103DBB2002B01D0002377
:10C3B0001FE07B681033184601F0EEF90346BB819D
:10C3C000BB89B3F5007F0CD37B68D9787B6803F514
:10C3D00091520832F87B4FF4007302F0E3FD0346FC
:10C3E00007E07B68DA78FB7B1146184602F0B0FD67
:10C3F000002318461037BD4680BD000080B586B0CA
:10C4000000AF0346B9607A60FB73FB7B41F22862A0
:10C4100002FB03F30E4A13447B617B691C337A6889
:10C4200092B2B968184601F07AFA03467B827B69BA
:10C430001C33184601F03BF903463F2B03D9FB7B25
:10C44000184600F007F87B8A18461837BD4680BDAD
:10C450001853002080B586B000AF0346FB71FB790E
:10C4600041F2286202FB03F33B4A13447B6101F073
:10C47000D5FA0346002B09D001F0E2FA034683F017
:10C480000103DBB2002B01D0012300E0002303F005
:10C490000103DBB283F00103DBB2002B01D00023E8
:10C4A00055E07B691C33184601F001F90346002B67
:10C4B00001D100234BE00023FB747B699A78FB7C5D
:10C4C0001146184602F01AFD034683F00103DBB261
:10C4D000002B01D000233AE07B6903F11C007B694B
:10C4E00003F5A15308334FF40072194601F0B0F977
:10C4F00003463B823B8A002B21D07B6999787B697C
:10C5000003F5A15208323B8AF87C02F04BFD03464A
:10C5100083F00103DBB2002B0FD0C9220F49104872
:10C5200005F026FC0F4BFB60FB681B6803F0010362
:10C53000002B00D000BE002309E03B8A07E07B69A6
:10C540009A78FB7C1146184602F002FD002318463B
:10C550001837BD4680BD00BF185300202C6C03085F
:10C56000103F0108F0ED00E080B584B002AF41F269
:10C5700028620021254805F0E5FC0023FB713DE021
:10C58000FB7941F2286202FB03F3204A13443B602B
:10C590003B68FF225A713A68002343F07F4343F41B
:10C5A0007F0343F44243D380002343F0010313810C
:10C5B0003B6800229A723B680022DA723B680822CC
:10C5C0001A733B6803F110003B6803F12801002354
:10C5D000009301234FF4007200F0D7FB3B6803F196
:10C5E0001C003B6803F50A710123009301234FF4FB
:10C5F000805200F0CAFBFB790133FB71FB79002B01
:10C60000BED000BF00BF0837BD4680BD1853002014
:10C6100080B584B000AF0346FB710023FB731FE0BD
:10C62000FB7B41F2286202FB03F3114A1344BB6017
:10C6300005220021B86805F085FCBB681033184658
:10C6400001F091F9BB681C33184601F08CF9BB6806
:10C650001C330121184601F097F9FB7B0133FB7372
:10C66000FB7B002BDCD000BF00BF1037BD4680BD78
:10C670001853002080B59AB002AF03463960FB71B1
:10C680001346BB803B685B79022B03D13B689B79E7
:10C69000022B01D00023F3E00023FB65002387F881
:10C6A0005B301AE097F85B30774A41F2286101FB72
:10C6B00003F3134402331B78002B09D197F85B3046
:10C6C00041F2286202FB03F36F4A1344FB6508E062
:10C6D00097F85B30013387F85B3097F85B30002BBD
:10C6E000E0D0FB6D002B10D140F21D126749684865
:10C6F00005F03EFB674B7B647B6C1B6803F001031A
:10C70000002B00D000BE0023BAE03B689A78FB6D96
:10C710001A700923A7F858303B683B643B6CFB63F5
:10C72000FB6B1B781A46FB6B13447B6513E07B6D38
:10C730003B633B6B1B789AB2B7F858301344A7F8A9
:10C7400058307B6DBB63BB6B7B637B6B1B781A467E
:10C750007B6B13447B657B6DFB62FB6A01331B784B
:10C76000242B04D1B7F85820BB889A42DFD97B6DBF
:10C77000BB62BB6A01331B78052B35D17B6D3B65F2
:10C78000FB79396D184602F065FB034683F001031F
:10C79000DBB2002B10D040F231123C493C4805F08E
:10C7A000E7FA3C4BFB64FB6C1B6803F00103002BB6
:10C7B00000D000BE002363E03B6D9A78FB6D5A7099
:10C7C0007B6DFB61FB691B789AB2B7F85830134454
:10C7D000A7F858307B6D7B627B6A3B623B6A1B78B3
:10C7E0001A463B6A13447B657B6DBB61BB690133B1
:10C7F0001B78042B3FD17B6D5B790A2B3BD17B6D82
:10C80000FB60FB681B789AB2B7F858301344A7F85E
:10C8100058307B6D7B617B693B613B691B781A46B5
:10C820003B6913447B65FB6D0333FA6D0232F87983
:10C830000192009302230222796D02F093FA0346DB
:10C8400083F00103DBB2002B10D040F241120F49FC
:10C850000F4805F08DFA0F4BBB64BB6C1B6803F0EF
:10C860000103002B00D000BE002309E0B7F85830C8
:10C870000E33A7F85830F86DFFF779FDB7F8583048
:10C8800018466037BD4680BD18530020446C03082D
:10C89000103F0108F0ED00E080B58AB000AF03461C
:10C8A0003A60FB710B46BB713B681B7803F0600379
:10C8B000DBB2202B01D00023CEE0002387F8273005
:10C8C000674B3B6297F82730002B01D00023C3E071
:10C8D0003B6A1B789AB23B689B889BB29A420AD00B
:10C8E00097F82730013387F827303B6A03F5B153B7
:10C8F00008333B62E6E700BF3B685B78203B032BD5
:10C9000000F2A08001A252F823F000BF1DC9000868
:10C9100055C900086BC9000813CA0008BB79012B70
:10C9200007D13B6A9A1DF8790723396802F00EFD9A
:10C930008AE0BB79032B40F087804A4B002B00F044
:10C9400083803B6A9A1D97F8273011461846AFF34B
:10C95000008079E0BB79012B78D13B6A9A1DF87988
:10C960000723396802F0F2FC70E0BB79012B05D196
:10C97000FB793968184602F077FC69E0BB79032B34
:10C9800066D13B685B889BB23B610023FB73FB7BFA
:10C990003A6922FA03F303F00103002B14BF0123C9
:10C9A0000023DBB2FB773B685B889BB2BB61012352
:10C9B000FB75FB7DBA6922FA03F303F00103002B38
:10C9C00014BF01230023DBB2BB773B685B889BB2BB
:10C9D000DAB23B6A1A713B6A03F11C02FB7F002B3F
:10C9E00014BF01230023DBB283F00103DBB203F0A9
:10C9F0000103DBB21946104600F0C6FF1A4B002BAC
:10CA000026D0BA7FF97F97F827301846AFF3008019
:10CA10001EE0BB79012B05D1FB793968184602F07D
:10CA200023FC17E0BB79032B14D1104B002B11D042
:10CA30003B685B889AB297F8273011461846AFF3E7
:10CA4000008007E0002307E000BF04E000BF02E031
:10CA500000BF00E000BF012318462837BD4680BD57
:10CA6000185300200000000000000000000000003B
:10CA700080B586B000AF3B600346FB710B46BB71CF
:10CA800013467B710023FB7514E0FB7D41F22862A5
:10CA900002FB03F3594A13443B613B69DB78BA79E3
:10CAA0009A420AD03B699B78BA799A4205D0FB7DBD
:10CAB0000133FB75FB7D002BE7D0FB7D002B10D0F5
:10CAC0004FF4D7724E494F4805F052F94E4BBB60B8
:10CAD000BB681B6803F00103002B00D000BE0023DD
:10CAE00088E03B69DB78BA799A424ED13B6903F121
:10CAF00010003B6903F5915308333A6892B2194626
:10CB000000F00DFF414B002B2AD03B695B79FF2BD6
:10CB100026D00023FB601FE03B695A793969FB6826
:10CB20000B4403F5915308331B789A4211D13B69AA
:10CB30001033184600F0EDFD034683F00103DBB22D
:10CB4000002B06D03B695A79FB7D11461846AFF39E
:10CB50000080FB680133FB60FA683B689A42DBD3D4
:10CB60002B4B002B0ED03B691033184600F0D1FD43
:10CB7000034683F00103DBB2002B03D0FB7D184694
:10CB8000AFF300803869FFF7F2FB3B699B78BA7915
:10CB90009A422ED11F4B002B03D0FB7D1846AFF3DA
:10CBA0000080FB7D1846FFF755FC0346002B20D183
:10CBB0003B691C33184600F07AFD0346002B18D160
:10CBC0003B68002B15D03B6803F03F03002B10D1CE
:10CBD0003B699A78FB791146184602F08FF90346B3
:10CBE000002B06D03B699978F8790023002202F0E7
:10CBF000D9F9012318461837BD4680BD18530020C7
:10CC0000506C0308103F0108F0ED00E00000000048
:10CC1000000000000000000080B400AF00BFBD466F
:10CC20005DF8047B704780B483B000AF0346FB71AE
:10CC300000BF0C37BD465DF8047B704780B48BB0F5
:10CC400000AF03463960FB711346BB803B689B799C
:10CC5000012B03D13B68DB79012B01D0002325E0B8
:10CC60003B68BB61BB697B617B691B781A467B694A
:10CC700013443B620923FB843B6AFB61FB6901337C
:10CC80001B78212B11D13B6ABB60BB681B789AB221
:10CC9000FB8C1344FB843B6A3B613B69FB60FB6894
:10CCA0001B781A46FB6813443B62FB8C18462C37F2
:10CCB000BD465DF8047B704780B588B000AF034681
:10CCC0003A60FB710B46BB71BB79012B01D001238C
:10CCD00057E03B681B7803F01F03DBB2012B01D048
:10CCE00000234EE03B681B7803F06003DBB2002BAF
:10CCF0000AD13B685B780B2B06D1FB793968184663
:10CD000002F0B2FA01233CE03B681B7803F06003B9
:10CD1000DBB2202B01D0002333E03B685B78002B93
:10CD200002D0032B08D029E0FB793968184602F0BD
:10CD30009BFAF7F7A3FD23E007F10803FB61062345
:10CD4000BB6100237B6106233B61BA693B699A4260
:10CD500002D24FF0FF3305E03A697969F86905F0CE
:10CD6000F1F80023002B01D000230AE007F10802AC
:10CD7000F8790623396802F0E9FA01E0002300E0BF
:10CD8000012318462037BD4680BD80B485B000AF72
:10CD9000F860B96011461A460B46FB801346BB800B
:10CDA000FB88B3F5004F01D900231BE0FB68BA688C
:10CDB0001A60FB68FA889A80BB88C3F30E0399B2A5
:10CDC000FA68D38861F30E03D380FA68D379397E89
:10CDD00061F3C713D371FB6800225A81FB680022FC
:10CDE0001A81012318461437BD465DF8047B70474D
:10CDF00080B58AB000AFF860B9601346FB80BB68AD
:10CE00003B62FB889B08FB840BE03B6A1B68FA686B
:10CE1000BA617B61BB697A691A6000BFFB68043341
:10CE2000FB60FB8C5A1EFA84002BEED1FB88DBB230
:10CE300003F00303FB77FB7F002B09D03B6A1B68E1
:10CE40003B61FA7F07F110031946F86805F0F9F81D
:10CE500000BF2837BD4680BD80B58AB000AFF860FE
:10CE6000B9601346FB80FB683B62FB889B08FB8430
:10CE700008E0BB68BB61BB691A683B6A1A60BB68A3
:10CE80000433BB60FB8C5A1EFA84002BF1D1FB8863
:10CE9000DBB203F00303FB77FB7F002B0BD00023F7
:10CEA0007B61FA7F07F11403B968184605F0C9F8E9
:10CEB0007A693B6A1A6000BF2837BD4680BD80B5DD
:10CEC00084B000AFF860B9601346FB80FB681B6854
:10CED000FA88F968C988C1F30E0189B201FB02F230
:10CEE0009818FB68DB88C3F30E039BB21A46B96837
:10CEF00005F0A7F800BF1037BD4680BD80B58EB0E5
:10CF000000AFF860B96011461A460B46FB80134625
:10CF1000BB80FB689A88BB88D31AFB84FA88FB8C99
:10CF2000D31ABB84FB68DB88C3F30E039BB21A469B
:10CF3000FB8C13FB02F37B84FB68DB88C3F30E03DB
:10CF40009BB21A46BB8C13FB02F3FB86FB681B6883
:10CF5000BA88F968C988C1F30E0189B201FB02F2EF
:10CF600013443B6397F84030002B02D0012B22D0B2
:10CF70009EE0FA88FB8C9A420DD8FB88FA68D2882A
:10CF8000C2F30E0292B202FB03F31A46B968386B81
:10CF900005F057F88CE07B8C1A46B968386B05F0C1
:10CFA00050F8FB6818687B8CBA681344FA8E1946EF
:10CFB00005F047F87CE0FA88FB8C9A420FD8FB68B2
:10CFC000DB88C3F30E039BB21A46FB8813FB02F304
:10CFD0009BB21A46B968386BFFF70AFF67E07B8C93
:10CFE00023F003033B843B8C1A46B968386BFFF788
:10CFF000FFFE3B8C3A6B13443B637B8CDBB203F04C
:10D00000030387F82F3097F82F30002B43D0BB68ED
:10D01000FB6197F82F309BB2C3F104039AB2FB8EE9
:10D020007B8313463B837A8B3B8B934228BF13460B
:10D030009BB287F82E3097F82E309BB2FA8ED31A17
:10D04000FB86FB691B687B6107F11403BB6207E089
:10D05000BA6A531CBB623B6B591C396312781A7055
:10D0600097F82F305A1E87F82F20002BF0D1FB683D
:10D070001B683B6307E0BA6A531CBB623B6B591CDD
:10D08000396312781A7097F82E305A1E87F82E20BE
:10D09000002BF0D102E0FB681B683B63FB8E002B8A
:10D0A00005D0FB8E1A46B968386BFFF7A1FE00BFAA
:10D0B00000BF3837BD4680BD80B584B000AFF86092
:10D0C000B9601346FB80FB681B68FA88F968C98859
:10D0D000C1F30E0189B201FB02F29918FB68DB88EB
:10D0E000C3F30E039BB21A46B86804F0AAFF00BF50
:10D0F0001037BD4680BD80B58EB000AFF860B96016
:10D1000011461A460B46FB801346BB80FB689A8883
:10D11000BB88D31AFB84FA88FB8CD31ABB84FB68C8
:10D12000DB88C3F30E039BB21A46FB8C13FB02F39E
:10D130007B84FB68DB88C3F30E039BB21A46BB8C6F
:10D1400013FB02F3FB86FB681B68BA88F968C98881
:10D15000C1F30E0189B201FB02F213443B6397F85D
:10D160004030002B02D0012B22D0A0E0FA88FB8CAB
:10D170009A420DD8FB88FA68D288C2F30E0292B2A6
:10D1800002FB03F31A46396BB86804F05AFF8EE0CD
:10D190007B8C1A46396BB86804F053FF7B8CBA68F5
:10D1A000D018FB681B68FA8E194604F04AFF7EE02F
:10D1B000FA88FB8C9A420FD8FB68DB88C3F30E0316
:10D1C0009BB21A46FB8813FB02F39BB21A46396BDB
:10D1D000B868FFF741FE69E07B8C23F003033B84D2
:10D1E0003B8C1A46396BB868FFF736FE3B8C3A6BBE
:10D1F00013443B637B8CDBB203F0030387F82F30CF
:10D2000097F82F30002B45D0BB68FB6197F82F3083
:10D210009BB2C3F104039AB2FB8E7B8313463B831C
:10D220007A8B3B8B934228BF13469BB287F82E30F4
:10D2300097F82E309BB2FA8ED31AFB8600237B61BF
:10D2400007F11403BB6207E03A6B531C3B63BB6AF4
:10D25000591CB96212781A7097F82F305A1E87F845
:10D260002F20002BF0D1FB681B683B6307E03A6B73
:10D27000531C3B63BB6A591CB96212781A7097F849
:10D280002E305A1E87F82E20002BF0D17A69FB69C8
:10D290001A6002E0FB681B683B63FB8E002B05D025
:10D2A000FB8E1A46396BB868FFF7D6FD00BF00BF8A
:10D2B0003837BD4680BD80B485B000AF0346FB80E3
:10D2C0000B46BB8013467B80BA887B881344FB8166
:10D2D000BA88FB899A4204D8FA89FB885B009A4293
:10D2E00008DBFB885B009BB25B42BB81FA89BB8990
:10D2F0001344FB81FB8918461437BD465DF8047B57
:10D30000704780B58AB000AFF860B96011461A4620
:10D310000B46FB801346BB80FB689B887B84FB88A5
:10D320003B84BB88FB833A8CFB8B9A4204D33A8CB8
:10D33000FB8BD31A9BB208E07B8C5B009AB2398CD2
:10D34000FB8BCB1A9BB213449BB2FB84FB8C002B50
:10D3500001D1002337E0FB689B88FA8C9A421BD9E5
:10D36000FB68BB61FB88FB82BB699B88FA8A9A4297
:10D3700005D3BB699B88FA8AD31ABB8204E0BB69D8
:10D380009A88FB8A1344BB82BB69BA8A5A81BB8ADA
:10D39000BB80FB689B88FB84FB689B887B82BB8887
:10D3A0003B8203E03A8A7B8AD31A3B827A8A3B8AA1
:10D3B0009A42F7D93B8ABB84BB8C1A46B968F86895
:10D3C000FFF77AFE012318462837BD4680BD80B599
:10D3D0008CB002AFF860B96011461A460B46FB806C
:10D3E0001346BB80FB689B887B84BB883B843B8E59
:10D3F000FB833A8CFB8B9A4204D33A8CFB8BD31A77
:10D400009BB208E07B8C5B009AB2398CFB8BCB1A09
:10D410009BB213449BB2FB84FB8C002B01D10023F5
:10D4200041E0FB689B88FA8C9A421BD9FB68BB6180
:10D43000BB88FB82BB699B88FA8A9A4205D3BB6989
:10D440009B88FA8AD31ABB8204E0BB699A88FB8A5C
:10D450001344BB82BB69BA8A5A81BB8A3B86FB688C
:10D460009B88FB84FA8CFB889A4201D2FB8CFB8060
:10D47000FB689B887B823B8E3B8203E03A8A7B8AF7
:10D48000D31A3B827A8A3B8A9A42F7D93B8ABB8479
:10D49000B98CFA8897F8343000930B46B968F8686D
:10D4A000FFF729FEFB8818462837BD4680BD80B5AA
:10D4B00092B002AFF860B96011461A460B46FB8085
:10D4C00013467B71FB88002B01D10023BCE0FB6875
:10D4D0001B89FB87FB685B89FB86BB68BB63FB68BA
:10D4E000DB79C3F3C013DBB283F00103DBB2002BA3
:10D4F00036D0FB689B887B85FB8F3B85FB8EFB844E
:10D500007B8DBB843B8D7B84FB8C3B847A8C3B8CFA
:10D510009A4204D37A8C3B8CD31A9BB208E0BB8C22
:10D520005B009AB2798C3B8CCB1A9BB213449BB2B2
:10D53000FB837A8DFB8B9A4204D97A8DFB8BD31AAD
:10D540009BB200E000237B86FB88FB857B8EBB853E
:10D55000FA8DBB8D934228BF13469BB2FB804BE0F4
:10D56000FB689B88FA889A4217D37B79002B0ED1EF
:10D57000FB88FA6892889B1AFA68D288C2F30E0276
:10D5800092B202FB03F31A46BB6B1344BB63FB6806
:10D590009B88FB80FB8EFB872EE0FB689B88BB8310
:10D5A000FB8F7B83FB8E3B837A8B3B8B9A4204D32E
:10D5B0007A8B3B8BD31A9BB208E0BB8B5B009AB291
:10D5C000798B3B8BCB1A9BB213449BB2BB86BA8E32
:10D5D000FB881A44FB689B885B009A420CDBFB6863
:10D5E0009888FB689A88FB88D31A9AB2FB8E1946F2
:10D5F000FFF761FE0346FB87FB88002B23D0FB6807
:10D600009B88FB82FB8FBB8203E0BA8AFB8AD31A1A
:10D61000BB82FA8ABB8A9A42F7D9BB8A3B86398E8B
:10D62000FA887B7900930B46B96BF868FFF766FCC4
:10D63000FB689B88FA88F98F1846FFF73CFE034683
:10D640001A46FB681A81FB8818464037BD4680BDE4
:10D6500080B586B002AFF860B96011461A460B4635
:10D66000FB8013467B71FB681B8998B2FB685B8962
:10D670009BB2F9887A790192009303460A46B96809
:10D68000F868FFF7A4FE0346FB80FB689888FB68F8
:10D690005B899BB2FA881946FFF70DFE03461A46CE
:10D6A000FB685A81FB8818461037BD4680BD80B4A0
:10D6B00087B000AF78607B6899887B681B899AB2D5
:10D6C0007B685B899BB279823A82FB813A8AFB89CB
:10D6D0009A4204D33A8AFB89D31A9BB208E07B8A28
:10D6E0005B009AB2398AFB89CB1A9BB213449BB276
:10D6F0007A689288FB821346BB82FA8ABB8A93427D
:10D7000028BF13469BB218461C37BD465DF8047B04
:10D71000704780B483B000AF78607B681B899AB291
:10D720007B685B899BB29A420CBF01230023DBB26A
:10D7300018460C37BD465DF8047B704780B485B051
:10D7400000AF78607B6899887B681B899AB27B6898
:10D750005B899BB2F981BA817B81BA897B899A42C4
:10D7600004D3BA897B89D31A9BB208E0FB895B009A
:10D770009AB2B9897B89CB1A9BB213449BB27A685F
:10D78000928893422CBF01230023DBB21846143742
:10D79000BD465DF8047B704780B487B000AF786009
:10D7A0007B6899887B681B899AB27B685B899BB28E
:10D7B000F982BA827B82FB8A3B82BB8AFB817B8AAD
:10D7C000BB81FA89BB899A4204D3FA89BB89D31AEF
:10D7D0009BB208E03B8A5B009AB2F989BB89CB1AFD
:10D7E0009BB213449BB27B81FA8A7B899A4204D90B
:10D7F000FA8A7B89D31A9BB200E0002318461C37B3
:10D80000BD465DF8047B704780B584B000AF78609A
:10D8100039607B681B899AB27B685B899BB23968E7
:10D820007868FFF76EFD0346FB737B6898887B681A
:10D830005B899BB2FA7B92B21946FFF73CFD034627
:10D840001A467B685A81FB7B18461037BD4680BD5F
:10D8500080B584B000AFF860B9601346FB80FA88E9
:10D860000023B968F868FFF7F3FE0346184610373F
:10D87000BD4680BD80B584B000AFF860B960134686
:10D88000FB80FA880123B968F868FFF7E1FE0346D8
:10D8900018461037BD4680BD80B586B000AF7860B1
:10D8A00039607B681B89BB827868FFF747FF0346B6
:10D8B000002B0CD07B68DB79C3F3C013DBB283F0A1
:10D8C0000103DBB2002B02D00023FB7522E07B6852
:10D8D0009B883B82BB8AFB8103E0FA893B8AD31A8F
:10D8E000FB813A8AFB899A42F7D9FB897B827B8A42
:10D8F0001A4639687868FFF7E2FA7B689B88B98A2C
:10D9000001221846FFF7D7FC03461A467B681A81A6
:10D910000123FB75FB7D18461837BD4680BD80B5D9
:10D9200084B000AFF860B9601346FB80FA8800232A
:10D93000B968F868FFF7BBFD034618461037BD46C7
:10D9400080BD80B584B000AFF860B9601346FB803D
:10D95000FA880123B968F868FFF7A9FD034618465D
:10D960001037BD4680BD80B483B000AF78607B685F
:10D9700000225A817B6800221A81012318460C3745
:10D98000BD465DF8047B704780B483B000AF78601B
:10D990000B46FB707A68D379F97861F3C713D371BA
:10D9A000012318460C37BD465DF8047B7047000024
:10D9B00080B483B000AF0346FB71144B002B12D030
:10D9C000134B1B78FA799A4208D2124B1968FA79EC
:10D9D00013465B001344DB000B4410E00C4B1B7838
:10D9E000FA79D31AFB71FB79012B07D8FA79134620
:10D9F0005B001344DB00084A134400E00023184690
:10DA00000C37BD465DF8047B704700BF0000000086
:10DA1000706900206C690020606C030880B400AF5E
:10DA2000064B5B78DBB2002B14BF01230023DBB273
:10DA30001846BD465DF8047B704700BF4069002072
:10DA400080B400AF074B1B78C3F38003DBB2002B1D
:10DA500014BF01230023DBB21846BD465DF8047BEA
:10DA6000704700BF4069002080B500AF064B002B17
:10DA700001D1002305E0054B1B78184602F0C0FADF
:10DA80000123184680BD00BF010001088504002065
:10DA900080B500AF064B002B01D1002305E0054BFC
:10DAA0001B78184602F090FA0123184680BD00BF8B
:10DAB000C9FF00088504002080B400AF054B1B7827
:10DAC000FF2B14BF01230023DBB21846BD465DF8CF
:10DAD000047B70478504002080B588B000AF034602
:10DAE000FB71FFF7E9FF0346002B01D0012360E043
:10DAF0002B220021314804F025FA314BFB60FB68F2
:10DB000004331846FFF72FFFFB682E4A13602D4B96
:10DB10001B68002B10D14FF4CA722B492B4804F01C
:10DB200027F92B4B3B613B691B6803F00103002B7A
:10DB300000D000BE00233CE0264B002B05D0264839
:10DB4000AFF300800346254A13600023FB771EE0F5
:10DB5000FB7F1846FFF72CFFB861BB69002B10D183
:10DB60004FF4D0721849194804F002F9184B7B6140
:10DB70007B691B6803F00103002B00D000BE00236B
:10DB800017E0BB691B689847FB7F0133FB77124B9B
:10DB90001B785A1CFB7F9A42DADA114AFB79137020
:10DBA000FB79184602F03AF9FB79184602F0A8F919
:10DBB000012318462037BD4680BD00BF40690020C4
:10DBC00088040020346A0020906C0308283F010874
:10DBD000F0ED00E000000000706900206C6900209A
:10DBE0008504002080B586B000AF0346FB7100239A
:10DBF000FB751FE0FB7D1846FFF7DAFE38613B69D5
:10DC0000002B0FD140F2B3121749184804F0B0F8B6
:10DC1000174BFB60FB681B6803F00103002B1FD050
:10DC200000BE1DE03B695B68FA7910469847FB7DB2
:10DC30000133FB750F4B1B785A1CFB7D9A42D9DAD6
:10DC40002B2200210C4804F07DF91022FF210B4803
:10DC500004F078F90C22FF21094804F073F900E080
:10DC600000BF1837BD4680BD9C6C0308283F0108E3
:10DC7000F0ED00E070690020406900204369002059
:10DC80005369002080B582B000AF0346FB71FB7979
:10DC90001846FFF7A7FF01F0DBFB00BF0837BD46C2
:10DCA00080BD000090B591B000AF78600B46FB706E
:10DCB000FFF702FF034683F00103DBB2002B40F0C5
:10DCC00030819C4B1B68FB6207F10803BB627B68D9
:10DCD0007B62FB6A3B623B6A1B680020984700BF7F
:10DCE000FB6A0433B96A1846FFF78EFD0346FB77DB
:10DCF000FB6ABB61BB691B680120984700BFFB7FC3
:10DD000083F00103DBB2002B40F00D817B7A013BF5
:10DD1000072B00F2F08001A252F823F03DDD00084D
:10DD20004DDD0008F7DE00089DDE0008CDDE0008AE
:10DD300063DD0008D1DD0008E7DE00083B7A184605
:10DD4000FFF7A0FF3A7B7C4B9A70E9E03B7A1846DC
:10DD5000FFF798FF794B002B00F0D780AFF30080DE
:10DD6000D3E0754A137843F001031370724AD37FEE
:10DD70006FF30003D377704AD37F6FF38203D377B7
:10DD80006D4A92F820306FF3000382F820306A4A1F
:10DD900092F820306FF3820382F820303A7A07F14C
:10DDA000080304331946104600F0ECF8034683F0EC
:10DDB0000103DBB2002B00F0AA803B7A0021184659
:10DDC00002F02EFC3B7A8021184602F029FC9EE0EE
:10DDD0003B7B87F83F3097F83F30BB75BB7D03F046
:10DDE0007F03DBB287F83E3097F83F30FB75FB7D51
:10DDF000DB09DBB287F83D3097F83E2097F83D30DD
:10DE00004D4952000A44134403F11802D3796FF3C9
:10DE10000003D37197F83E2097F83D3046495200F1
:10DE20000A44134403F11802D3796FF38203D371C8
:10DE300097F83E30002B07D1387A7A7B3B6997F808
:10DE40003F1001F03BFB6BE097F83E2097F83D3028
:10DE5000394952000A44134413331B781846FFF71C
:10DE6000A7FDB863BB6B002B0FD140F229223449C8
:10DE7000344803F07DFF344B7B637B6B1B6803F0FE
:10DE80000103002B51D000BE4FE0BB6B1C69387AF8
:10DE90007A7B3B6997F83F10A04741E0264B1B78FF
:10DEA000C3F30003DBB2002B33D0284B002B30D060
:10DEB000214B1B78C3F3C003DBB2002B14BF01233B
:10DEC0000023DBB21846AFF3008022E01A4B1B7828
:10DED000C3F30003DBB2002B1DD01D4B002B1AD067
:10DEE000AFF3008017E0FB68002B16D0FB683A699F
:10DEF0001046984711E0144B3B633B6B1B6803F0E3
:10DF00000103002B0BD000BE09E000BFD9E600BF23
:10DF1000D7E600BFD5E600BFD3E600BFD1E600BF1D
:10DF2000CFE600BF02E000BF00E000BF4437BD46BF
:10DF300090BD00BF346A002040690020000000004E
:10DF4000B06C0308283F0108F0ED00E0000000007D
:10DF50000000000080B584B000AF0346B9607A606D
:10DF6000FB73BB68DB68184601F07EFABB68DB68B0
:10DF7000F87B7A6801219847034618461037BD465A
:10DF800080BD000080B594B000AF03463960FB71DE
:10DF9000002001F069FA3B681B7803F06003DBB2F4
:10DFA000602B10D140F26E22A349A44803F0E0FE9A
:10DFB000A34BBB61BB691B6803F00103002B00D0BE
:10DFC00000BE002359E23B681B7803F06003DBB21C
:10DFD000402B0FD19B4B002B01D100234DE29948E0
:10DFE00001F042FAFB793A6801211846AFF300804C
:10DFF000034642E23B681B78C3F30403DBB2022B07
:10E0000000F08281022B00F32B82002B03D0012B26
:10E0100000F0298124E23B681B7803F06003DBB247
:10E02000202B23D13B689B889BB2FB82FB8ADBB20F
:10E0300087F8273097F827300F2B01D900231CE2EF
:10E0400097F82730804A1344DB781846FFF7B0FC76
:10E0500038623B6A002B01D100230EE2FB793A685B
:10E06000396A1846FFF776FF034606E23B681B78DD
:10E0700003F06003DBB2002B0AD0714BBB62BB6ABA
:10E080001B6803F00103002B00D000BE0023F4E165
:10E090003B685B78092B00F2D98001A252F823F08B
:10E0A00001E20008DDE100084DE20008B9E10008E6
:10E0B0004DE20008C9E000089FE100084DE20008B9
:10E0C000EDE0000805E10008386801F0DDF93B6883
:10E0D0005B889BB2DAB2FB791146184601F040FF2B
:10E0E000594A137843F002031370BBE0564B5B7838
:10E0F000DBB2FB7307F10F02F8790123396801F0F5
:10E1000025F9AFE03B685B889BB287F837304E4B10
:10E110005B78DBB297F837209A4236D04A4B5B786F
:10E12000DBB2002B0FD0FB79184602F0D9F8464B32
:10E130009B7887F83630FB791846FFF753FD424A43
:10E1400097F83630937097F83730002B1DD097F83A
:10E150003720FB791146184600F09CF9034683F0FE
:10E160000103DBB2002B10D040F2C2223249334807
:10E1700003F0FEFD324B3B633B6B1B6803F0010376
:10E18000002B00D000BE002377E12F4A97F83730EC
:10E190005370FB793968184601F066F862E0FB7944
:10E1A0003968184600F0B4FA034683F00103DBB285
:10E1B000002B56D0002360E13B685B889BB2012BAB
:10E1C00001D0002359E1204A137843F0080313706B
:10E1D000FB793968184601F047F843E03B685B88F3
:10E1E0009BB2012B01D0002347E1174A13786FF34C
:10E1F000C3031370FB793968184601F035F831E034
:10E20000114B1B785B09DBB29BB203F001039AB29E
:10E210000D4B1B789B08DBB29BB203F002039BB251
:10E2200013439BB2BB8107F10C02F87902233968D2
:10E2300001F08CF816E000BFC06C0308283F01080D
:10E24000F0ED00E000000000406900208D4BFB6213
:10E25000FB6A1B6803F00103002B00D000BE002303
:10E260000BE100BF08E13B689B889BB2BB82BB8A85
:10E27000DBB287F83F3097F83F300F2B01D90023EE
:10E28000FBE097F83F30804A1344DB781846FFF7ED
:10E290008FFBB863BB6B002B01D10023EDE0FB7952
:10E2A0003A68B96B1846FFF755FE034683F0010341
:10E2B000DBB2002B00F0DF803B681B7803F06003CB
:10E2C000DBB2002B01D00023D7E03B685B780A3B30
:10E2D000012B16D8002001F0C7F83B685B780A2BA9
:10E2E00009D10023FB7207F10B02F8790123396889
:10E2F00001F02CF807E0FB793968184600F0B4FF0C
:10E3000001E00023B9E0B6E03B689B889BB23B820A
:10E310003B8ADBB287F84F3097F84F30BB74BB7C39
:10E3200003F07F03DBB287F84E3097F84F30FB7471
:10E33000FB7CDB09DBB287F84D3097F84E30052BBC
:10E3400010D940F222325149514803F011FD4D4B92
:10E350003B643B6C1B6803F00103002B00D000BE44
:10E3600000238AE097F84E2097F84D304649520036
:10E370000A44134413331B781846FFF719FBB8649B
:10E380003B681B7803F06003DBB2002B0CD0BB6C46
:10E39000002B01D1002370E0FB793A68B96C184674
:10E3A000FFF7D8FD034668E03B685B78032B18D085
:10E3B000032B48DC002B02D0012B12D043E097F84E
:10E3C0004F20FB791146184600F004FF03469BB22C
:10E3D0003B8107F10802F8790223396800F0B6FFA3
:10E3E0003DE03B685B889BB2002B12D13B685B78B9
:10E3F000012B07D197F84F20FB791146184600F002
:10E400009DFE06E097F84F20FB791146184600F074
:10E4100049FEBB6C002B21D0FB793A68B96C1846D9
:10E42000FFF798FD002001F01FF8174B93F82030FC
:10E43000C3F30003DBB2002B10D1FB793968184617
:10E4400000F012FF0AE00F4B7B647B6C1B6803F04B
:10E450000103002B00D000BE00230EE000BF0BE044
:10E46000084BFB61FB691B6803F00103002B00D024
:10E4700000BE002301E000BF012318465037BD460F
:10E4800080BD00BFF0ED00E040690020C06C0308D3
:10E49000283F010880B594B000AF03460A46FB71DF
:10E4A0001346BB71BB79013BDBB21846F6F770F936
:10E4B00078647B6C002B03D07B6C5B78022B10D0D4
:10E4C00040F26A328A498B4803F052FC8A4BBB61A6
:10E4D000BB691B6803F00103002B00D000BE0023C2
:10E4E00002E17B6CDB795B1103F00103D9B2834A53
:10E4F000137861F3041313707B6CDB799B1103F0C9
:10E500000103D9B27D4A137861F3451313707B6C14
:10E510000933FB647B6C5B889BB21A467B6C1344AB
:10E520003B64D6E0012387F84B30FB6C7B617B6951
:10E5300001331B780B2B0FD1FB6CFB63FB6BDB7880
:10E5400087F84B30FB6C3B613B69FB60FB681B78D9
:10E550001A46FB681344FB64FB6CBB60BB68013369
:10E560001B78042B10D040F285326149614803F0DA
:10E57000FFFB614BFB61FB691B6803F00103002B90
:10E5800000D000BE0023AFE0FB6CBB633A6CFB6CB9
:10E59000D31AFB86002387F84A307AE097F84A308E
:10E5A0001846FFF705FA38633B6B002B10D140F299
:10E5B0008E324F494F4803F0DBFB4F4B7B627B6A47
:10E5C0001B6803F00103002B00D000BE00238BE08A
:10E5D0003B6B9B68FA8EF879B96B98470346FB85CD
:10E5E000FB8D082B50D9FA8DFB8E9A424CD897F8A8
:10E5F0004B30012B07D13B6B9B68414A934202D1C0
:10E60000022387F84B30002387F849302AE0BB6BA0
:10E610009A7897F84930134487F82D3097F82D30C1
:10E62000364A1344DB78FF2B10D040F2AD3230492C
:10E63000304803F09DFB304BBB62BB6A1B6803F0A4
:10E640000103002B00D000BE00234DE097F82D30D1
:10E650002A4A134497F84A20DA7097F84930013370
:10E6600087F8493097F8492097F84B309A42CED333
:10E6700097F84A30FA8DB96B224802F00BFEFB8DF9
:10E68000FA6C1344FB640CE097F84A30013387F8C6
:10E690004A301D4B1B785A1C97F84A309A42BFF6F5
:10E6A0007DAF194B1B785A1C97F84A309A4210DA02
:10E6B0004FF46F720E490F4803F05AFB0E4B3B624A
:10E6C0003B6A1B6803F00103002B00D000BE00234F
:10E6D0000AE0FA6C3B6C9A42FFF424AF0B4B002B20
:10E6E00001D0AFF30080012318465037BD4680BDEE
:10E6F000D86C0308283F0108F0ED00E040690020D5
:10E7000075C60008536900207069002000000000F1
:10E7100080B594B000AF03463960FB713B685B88FD
:10E720009BB2BB84BB8C1B0A9BB2DBB287F84B301D
:10E730003B685B889BB2FB84FB8CDBB287F84A307A
:10E7400097F84B30013B0E2B00F2C88001A252F823
:10E7500023F000BF91E7000801E8000875E8000811
:10E76000DDE80008DDE80008ABE8000801E8000883
:10E77000DDE80008DDE80008DDE80008DDE8000865
:10E78000DDE80008DDE80008DDE80008A7E700088C
:10E79000F5F7F4FFB862F8791223BA6A396800F025
:10E7A000D5FD03469BE0504B002B01D1002396E0A2
:10E7B000AFF3008003467B647B6C002B10D140F2EA
:10E7C000ED324A494A4803F0D3FA4A4BFB63FB6BEC
:10E7D0001B6803F00103002B00D000BE00237EE085
:10E7E0007B6C02333B623B6A1B88A7F842307A6C31
:10E7F000B7F84230F879396800F0A8FD03466EE0BA
:10E8000097F84B30022B07D197F84A301846F5F7A6
:10E81000BFFF0346FB640BE0374B002B01D1002305
:10E820005DE097F84A301846AFF300800346FB647A
:10E83000FB6C002B10D140F207422C492C4803F00E
:10E8400097FA2C4BFB62FB6A1B6803F00103002B59
:10E8500000D000BE002342E0FB6C0233FB61FB6989
:10E860001B887B86FA6C7B8EF879396800F06EFD28
:10E87000034634E03B689B889AB297F84A301146C9
:10E880001846F5F793FF78637B6B002B01D10023CB
:10E8900025E07B6BBB61BB691B789BB2F8797A6B17
:10E8A000396800F053FD034619E0144B002B01D1E9
:10E8B000002314E0AFF30080B863BB6B002B01D1E1
:10E8C00000230CE0BB6B7B617B691B789BB2F87902
:10E8D000BA6B396800F03AFD034600E000231846A1
:10E8E0005037BD4680BD00BF00000000EC6C03083F
:10E8F000283F0108F0ED00E00000000000000000EB
:10E9000080B5AAB000AF78600B46FB707B685B787F
:10E91000023B032B00F2B18101A252F823F000BFA9
:10E9200031E9000853EB0008FBE90008ABEA0008F6
:10E930008A4A13786FF300031370884A13786FF3D1
:10E9400041031370854B00225A70844A13786FF389
:10E9500082031370824B1B68C7F89C307B68C7F832
:10E960009830FB7887F8973097F8973083F0010359
:10E97000DBB2002B09D0D7F89C30C7F89030D7F81D
:10E9800090301B680020984700BFD7F89C300433B4
:10E99000D7F898101846FEF77FFF034687F88F30A8
:10E9A00097F8973083F00103DBB2002B09D0D7F83A
:10E9B0009C30C7F88830D7F888301B68012098470A
:10E9C00000BF97F88F3083F00103DBB2002B10D02B
:10E9D000B5226449644803F0CBF9644BC7F884302E
:10E9E000D7F884301B6803F00103002B03D000BE6E
:10E9F00001E000BF8BE100BF89E1584B1B78C3F3F6
:10EA00000003DBB2002B00F07D81544A137843F001
:10EA100004031370524B1B68C7F880307B68FB6798
:10EA2000FB7887F87B3097F87B3083F00103DBB20B
:10EA3000002B07D0D7F880307B677B6F1B680020E6
:10EA4000984700BFD7F880300433F96F1846FEF7B7
:10EA500023FF034687F8733097F87B3083F0010378
:10EA6000DBB2002B07D0D7F88030FB66FB6E1B684B
:10EA70000120984700BF97F8733083F00103DBB2A1
:10EA8000002B0ED0B5223749374803F071F9374BC8
:10EA9000BB66BB6E1B6803F00103002B03D000BEF6
:10EAA00001E000BF2EE100BF2CE12C4B1B78C3F32B
:10EAB0000003DBB2002B00F02781284A13786FF3A4
:10EAC00082031370264B1B687B667B683B66FB7872
:10EAD00087F85F3097F85F3083F00103DBB2002BDB
:10EAE00006D07B6EBB65BB6D1B680020984700BFDE
:10EAF0007B6E0433396E1846FEF7CEFE034687F868
:10EB0000573097F85F3083F00103DBB2002B06D05B
:10EB10007B6E3B653B6D1B680120984700BF97F8F3
:10EB2000573083F00103DBB2002B0ED0B5220D4924
:10EB30000D4803F01DF90D4BFB64FB6C1B6803F0E3
:10EB40000103002B03D000BE01E000BFDCE000BFEA
:10EB5000DAE0002387F8A73028E000BF40690020F2
:10EB6000346A0020046D0308283F0108F0ED00E03E
:10EB700097F8A7301846FEF71BFFC7F8A000D7F894
:10EB8000A030002B0DD0D7F8A0305B69002B08D047
:10EB9000D7F8A0305B697A6810787A6852681146B5
:10EBA000984797F8A730013387F8A7305A4B1B785E
:10EBB0005A1C97F8A7309A42DADA584B1B78C3F3FD
:10EBC0008003DBB2002B00F0A180544A13786FF36E
:10EBD0008203137007F1080300221A605A609A60DA
:10EBE0007B681B783B7205237B724D4B1B68BB64B3
:10EBF00007F108037B64FB7887F8433097F84330CC
:10EC000083F00103DBB2002B06D0BB6CFB63FB6B14
:10EC10001B680020984700BFBB6C0433796C184612
:10EC2000FEF73AFE034687F83B3097F8433083F00F
:10EC30000103DBB2002B06D0BB6C7B637B6B1B68D4
:10EC40000120984700BF97F83B3083F00103DBB207
:10EC5000002B0ED0B5223349334803F089F8334BEB
:10EC60003B633B6B1B6803F00103002B03D000BE2A
:10EC700001E000BF4AE000BF48E0294B1B68FB628F
:10EC80007B68BB62FB7887F8273097F8273083F0E2
:10EC90000103DBB2002B06D0FB6A3B623B6A1B68B8
:10ECA0000020984700BFFB6A0433B96A1846FEF794
:10ECB000F3FD0346FB7797F8273083F00103DBB2BF
:10ECC000002B06D0FB6ABB61BB691B68012098471B
:10ECD00000BFFB7F83F00103DBB2002B0ED0B52217
:10ECE0001049114803F044F8104B7B617B691B68A5
:10ECF00003F00103002B03D000BE01E000BF06E0DB
:10ED000000BF04E000BF02E000BF00E000BF00BFA2
:10ED1000A837BD4680BD00BF706900204069002053
:10ED2000346A0020046D0308283F0108F0ED00E07C
:10ED300080B582B000AF0346FB71FB79002B05D094
:10ED4000074B1B78184601F0DBF804E0044B1B78F6
:10ED5000184601F0EDF800BF0837BD4680BD00BF82
:10ED60008504002080B58AB000AF396011461A468C
:10ED70000346FB710B46BB7113467B7100237B621C
:10ED800059E03B683B623B6A5B78052B08D13B6AE4
:10ED9000DB78C3F30103DBB21A467B79934210D0D0
:10EDA00040F287422849294802F0E2FF284BBB6124
:10EDB000BB691B6803F00103002B00D000BE0023D9
:10EDC0003EE0FB79396A184600F044F8034683F0C8
:10EDD0000103DBB2002B10D04FF491621A491B489B
:10EDE00002F0C6FF1A4BFB61FB691B6803F00103CD
:10EDF000002B00D000BE002322E03B6A9B78FB750D
:10EE0000FB7DDB09DBB2012B04D13B6A9A787B6B7B
:10EE10001A7003E03B6A9A783B6B1A703B683B615F
:10EE20003B69FB60FB681B781A46FB6813443B6038
:10EE30007B6A01337B62BB797A6A9A42A1DB012348
:10EE400018462837BD4680BD146D0308283F0108C9
:10EE5000F0ED00E080B586B000AF03463960FB718D
:10EE6000214B1B78FB713B689B78FB73FB7B03F0AA
:10EE70007F03DBB2052B10D940F2AF421B491C487F
:10EE800002F076FF1B4B3B613B691B6803F00103FB
:10EE9000002B00D000BE002322E0174B9B781946C0
:10EEA000386802F065F9034683F00103DBB2002BFA
:10EEB00010D04FF496620D490D4802F059FF0D4BEA
:10EEC0007B617B691B6803F00103002B00D000BE4F
:10EED000002305E0FB793968184601F0ADF80346D8
:10EEE00018461837BD4680BD85040020286D0308EC
:10EEF000283F0108F0ED00E04069002080B586B0B1
:10EF000000AF03460A46FB711346BB71BB79BB7366
:10EF1000BB7B03F07F03DBB2FB75BB79FB73FB7B31
:10EF2000DB09DBB2BB75FA7DBB7D5200134418339D
:10EF3000064A134407333B610021386902F0B4F8F4
:10EF4000034618461837BD4680BD00BF4069002003
:10EF500080B586B000AF03460A46FB711346BB710D
:10EF6000BB79BB73BB7B03F07F03DBB2FB75BB7963
:10EF7000FB73FB7BDB09DBB2BB75FA7DBB7D52000B
:10EF800013441833064A134407333B6100213869A0
:10EF900002F0C4F8034618461837BD4680BD00BFCE
:10EFA0004069002080B586B000AF3A601A4603463B
:10EFB000FB710B46BB711346BB80354B1B78FB7155
:10EFC000BB79BB72BB7A03F07F03DBB2FB75BB7905
:10EFD000FB72FB7ADB09DBB2BB75FA7DBB7D2D4989
:10EFE00052000A4413441833DB79C3F30003DBB245
:10EFF000002B10D040F2DB422749284802F0B8FE2F
:10F00000274BFB60FB681B6803F00103002B00D05B
:10F0100000BE002338E0FA7DBB7D1E4952000A4441
:10F02000134403F11802D37943F00103D371BB8871
:10F03000B979F8793A6801F09FF90346002B01D0BD
:10F04000012321E0FA7DBB7D124952000A4413449A
:10F0500003F11802D3796FF30003D371FA7DBB7DFE
:10F060000C4952000A44134403F11802D3796FF398
:10F070008203D3710A4B3B613B691B6803F00103B8
:10F08000002B00D000BE002318461837BD4680BDB7
:10F090008504002040690020386D0308283F0108DE
:10F0A000F0ED00E080B584B000AF03460A46FB7186
:10F0B0001346BB711F4B1B78FB71BB793B733B7BCA
:10F0C00003F07F03DBB2FB73BB797B737B7BDB09D4
:10F0D000DBB2BB73FA7BBB7B174952000A44134473
:10F0E0001833DB79C3F34003DBB2002B1DD1BA79AF
:10F0F000FB791146184601F093FAFA7BBB7B0E4967
:10F1000052000A44134403F11802D37943F0020376
:10F11000D371FA7BBB7B084952000A44134403F1C4
:10F120001802D37943F00103D37100BF1037BD46F5
:10F1300080BD00BF850400204069002080B584B0F8
:10F1400000AF03460A46FB711346BB711F4B1B7889
:10F15000FB71BB793B733B7B03F07F03DBB2FB733B
:10F16000BB797B737B7BDB09DBB2BB73FA7BBB7B3D
:10F17000174952000A4413441833DB79C3F34003A0
:10F18000DBB2002B1DD0BA79FB791146184601F08D
:10F1900059FAFA7BBB7B0E4952000A44134403F12F
:10F1A0001802D3796FF34103D371FA7BBB7B084913
:10F1B00052000A44134403F11802D3796FF3000399
:10F1C000D37100BF1037BD4680BD00BF850400204D
:10F1D0004069002080B485B000AF03460A46FB7149
:10F1E0001346BB71BB793B733B7B03F07F03DBB200
:10F1F000FB73BB797B737B7BDB09DBB2BB73FA7B75
:10F20000BB7B0A4952000A4413441833DB79C3F329
:10F210004003DBB2002B14BF01230023DBB21846EE
:10F220001437BD465DF8047B704700BF406900207D
:10F2300080B584B000AF03463960FB713B681B7832
:10F2400023F07F03DBB2002B01D0002300E08023FA
:10F25000FB73F97BF87900230022FFF7A3FE034636
:10F2600018461037BD4680BD80B582B000AF03465A
:10F270003960FB710B4B3A681068516803C3094B46
:10F2800000229A60074B0022DA81064B00229A8105
:10F29000FB7939681846FFF7CBFF03461846083755
:10F2A000BD4680BD386A002080B588B000AF0346F7
:10F2B000FB71244B9A89234BDB89D31A9BB27B8346
:10F2C00040233B837A8B3B8B934228BF13469BB2F0
:10F2D000BB830023FB771B4B1B7823F07F03DBB240
:10F2E000002B1ED08023FB77BB8B002B19D0154B36
:10F2F0009A68BB8B1449796140213961FA60BB601F
:10F300003A69BB689A4202D24FF0FF3305E0BA680F
:10F31000F968786902F095FE0023002B01D00023E4
:10F320000BE0BB8B002B01D0074A00E00022BB8B17
:10F33000F97FF879FFF736FE034618462037BD46B9
:10F3400080BD00BF386A00204C6A002080B588B0BC
:10F3500000AFB9607A601A460346FB731346BB815F
:10F36000374BBA681068516803C3354A7B689360AD
:10F37000334B0022DA81BB68DB889AB2BB897B827F
:10F3800013463B827A8A3B8A934228BF13469AB23D
:10F390002B4B9A81BB68DB889BB2002B30D0284B6B
:10F3A0009B89002B12D07B68002B0FD17522254939
:10F3B000254802F0DDFC254BBB61BB691B6803F0EF
:10F3C0000103002B00D000BE002335E0FB7B184674
:10F3D000FFF76AFF034683F00103DBB2002B2AD05C
:10F3E0007B221849184802F0C3FC184B7B617B69EB
:10F3F0001B6803F00103002B00D000BE00231BE0BC
:10F40000FB7BB9681846FFF713FF034683F001033F
:10F41000DBB2002B0FD080220A490B4802F0A8FC77
:10F420000A4BFB61FB691B6803F00103002B00D052
:10F4300000BE002300E0012318462037BD4680BDF2
:10F44000386A0020486D0308403F0108F0ED00E0F5
:10F4500080B500AF14220021024802F073FD00BF06
:10F4600080BD00BF386A002080B483B000AF7860F0
:10F47000044A7B68136100BF0C37BD465DF8047B0E
:10F48000704700BF386A002080B483B000AF786056
:10F49000094B7A681068516803C3074B00229A60D1
:10F4A000054B0022DA81044B00229A8100BF0C3701
:10F4B000BD465DF8047B7047386A002080B588B08F
:10F4C00000AF3B600346FB710B46BB7113467B717B
:10F4D000BB79FB73FB7BDB09DBB2584A1278C2F3C2
:10F4E000C012D2B2934226D03B68002B0FD0AD227F
:10F4F0005349544802F03CFC534B3B613B691B6849
:10F5000003F00103002B00D000BE002391E04F4B1D
:10F51000002B04D0FB7949491846AFF30080474BD4
:10F520001B69002B05D0454B1B69F879434A032121
:10F53000984701237DE0414B1B7823F07F03DBB22A
:10F54000002B0CD13D4B9B68002B01D1002370E0B8
:10F550003A4B9B683A683E49184602F072FD374BB9
:10F56000DA893B689BB213449AB2344BDA81334B4D
:10F570009A683B681344314A9360304BDA882F4BCA
:10F58000DB899A4202D03B683F2B36D80123FB77B8
:10F590002A4B1B69002B07D0284B1B69F879274A97
:10F5A000022198470346FB77FB7F002B1AD0FB799B
:10F5B00022491846FFF73CFE034683F00103DBB205
:10F5C000002B34D0DA221E491E4802F0D1FB1E4B1C
:10F5D0007B617B691B6803F00103002B00D000BE38
:10F5E000002326E0FB790021184601F019F8FB7989
:10F5F0008021184601F014F819E0FB791846FFF74E
:10F6000053FE034683F00103DBB2002B10D0E5224A
:10F610000B490C4802F0ACFB0B4BBB61BB691B6890
:10F6200003F00103002B00D000BE002301E000BF67
:10F63000012318462037BD4680BD00BF386A002030
:10F640005C6D0308403F0108F0ED00E000000000A1
:10F650004C6A002080B586B000AF03463960FB716C
:10F660001346BB7107F10C0300221A605A609A60BE
:10F67000FB793B7303237B733B683B61BA7907F1EA
:10F680000C0311461846FFF73BF900BF1837BD467B
:10F6900080BD000080B483B000AF0346FB7197F9D2
:10F6A0000730002B0BDBFB7903F01F02074997F9AA
:10F6B00007305B09012000FA02F241F8232000BF65
:10F6C0000C37BD465DF8047B704700BF00E100E0E9
:10F6D00080B483B000AF0346FB7197F90730002B6D
:10F6E00012DBFB7903F01F020A4997F907305B0927
:10F6F000012000FA02F2203341F82320BFF34F8F9C
:10F7000000BFBFF36F8F00BF00BF0C37BD465DF871
:10F71000047B704700E100E080B483B000AF786004
:10F720000B46FB70FB78002B06D17B689B6B43F488
:10F7300080327B689A6305E07B689B6B23F48032A0
:10F740007B689A6300BF0C37BD465DF8047B704749
:10F7500080B485B000AF78600B46FB70FB78002B5F
:10F7600052D12C4B1B682C4A934202D30623FB60D8
:10F7700041E0284B1B68294A934202D90723FB60CA
:10F7800039E0244B1B68264A934202D30823FB60CE
:10F7900031E0204B1B68234A934202D90923FB60C6
:10F7A00029E01C4B1B68204A934202D90A23FB60C4
:10F7B00021E0184B1B681D4A934202D90B23FB60C2
:10F7C00019E0144B1B681A4A934202D30C23FB60C6
:10F7D00011E0104B1B68174A934202D30D23FB60C4
:10F7E00009E00C4B1B68144A934202D30E23FB60C2
:10F7F00001E00F23FB607B68DB6823F47052FB6839
:10F800009B021A437B68DA6000BF1437BD465DF87F
:10F81000047B7047640400200048E801DF9DA301D9
:10F8200000366E013FA44C01FF2C31019F491A01A3
:10F83000807306010024F400C0E1E40080B483B0CA
:10F8400000AF03460A46FB8013467B71FB889B088A
:10F850009AB27B799BB213449BB25B009BB20F338D
:10F860009BB218460C37BD465DF8047B704700001C
:10F8700080B586B000AF0346FB71FB791B4A1B01C4
:10F8800013441B683B61FB79184A1B01134408337E
:10F890001B78FB730023FB8200237B7513E07B7DC9
:10F8A000134A5B0113440A331A88FB8ABB8113464F
:10F8B0007B81BA897B89934238BF13469BB2FB8216
:10F8C0007B7D01337B757A7DFB7B9A42E7D3FA7BA4
:10F8D000FB8A11461846FFF7B1FF03461A463B69FB
:10F8E0005A6200BF1837BD4680BD00BF746D030863
:10F8F000946A002080B586B000AF0346FB71FB79A7
:10F900003F4A1B0113441B683B61FB793C4A1B01C6
:10F91000134408331B78FB734FF49072002139486D
:10F9200002F010FB384B00221A70384B00221A707C
:10F930003B69D3F8003823F4FE623B69C3F8002822
:10F940000023FB7510E0FB7D3A6958335B011344DB
:10F950001A68FB7D42F00062396958335B010B4441
:10F960001A60FB7D0133FB75FA7DFB7B9A42EAD37B
:10F970003B694FF00112C3F81C283B690922C3F808
:10F9800014283B690922C3F81028FB7B1946402044
:10F99000FFF754FF03461A463B695A621C4B10227C
:10F9A0001A80FB79164A1B0113440C331B689B0811
:10F9B000174A12889B1A43F480123B699A623B698A
:10F9C000D3F8003923F003023B69C3F800290D4B3B
:10F9D00040225A810B4B40225A833B69D3F8103B9B
:10F9E00043F0C0423B69C3F8102B3B699B6943F469
:10F9F00040223B699A6100BF1837BD4680BD00BFF9
:10FA0000746D0308946A0020BA6B0020BB6B002061
:10FA1000B86B002090B48AB000AF04460846114687
:10FA20001A462346FB710346BB710B467B71134696
:10FA30007B80FB79714A1B0113441B687B62BB7995
:10FA4000002B21D1BA797B79520013441B016C4AF7
:10FA500013443B627B796B4A32F813203B6A5B8923
:10FA6000FA81BB81FA89BB89934228BF13469BB2B6
:10FA70003B867B79634A32F813107B793A8E8A1A77
:10FA800091B2604A22F813107B79012B56D17B6A20
:10FA900003F510637B617B88DB0418463A8EBB79E3
:10FAA0005B0179690B4402431A61BB795B017A6996
:10FAB00013441A68BB795B0179690B4442F0044234
:10FAC0001A60BB795B017A6913441B6803F4402315
:10FAD000B3F5802F23D1BA797B7949495200134479
:10FAE0001B010B440C331B78012B18D17B6AD3F814
:10FAF000083803F480733B61BB795B017A69134476
:10FB00001A683B69002B02D04FF0805101E04FF0A2
:10FB10000051BB795B01786903440A431A603B8E4C
:10FB2000002B65D07B6AD3F83438BA79012101FA09
:10FB300002F21A437B6AC3F8342859E07B6A03F562
:10FB40003063FB61BB795B01FA6913441A69BB79C5
:10FB50005B01F9690B4402F060421A61BB795B01F9
:10FB6000FA69134419697B88DB041A463B8E1A43F1
:10FB7000BB795B01F86903440A431A61BB795B01F5
:10FB8000FA6913441A68BB795B01F9690B4442F0C6
:10FB900004421A60BB795B01FA6913441B6803F4E1
:10FBA0004023B3F5802F23D1BA797B7914495200D1
:10FBB00013441B010B440C331B78012B18D17B6AB7
:10FBC000D3F8083803F48073BB61BB795B01FA6931
:10FBD00013441A68BB69002B02D04FF0805101E03A
:10FBE0004FF00051BB795B01F86903440A431A6086
:10FBF00000BF2837BD4690BC704700BF746D030836
:10FC0000946A0020B46B002080B483B000AF7860A9
:10FC10007B681B6943F001027B681A6100BF7B6847
:10FC20001B6903F00103002BF9D100BF7B681B693E
:10FC3000002BFBDA00BF00BF0C37BD465DF8047B2C
:10FC4000704780B483B000AF7860002318460C374B
:10FC5000BD465DF8047B704780B582B000AF786028
:10FC60007B68DB6843F040027B68DA6000217868DB
:10FC7000FFF752FD7868FFF7C7FF7B68DB6823F466
:10FC8000705343F4A0527B68DA6000217868FFF774
:10FC90005FFD7B68D3F8003843F003027B68C3F84C
:10FCA000002800BF0837BD4680BD80B584B000AFD6
:10FCB00078607B68DB68FB60FB6823F04003FB60D7
:10FCC0007B6893F8483023F03F03DBB2802B10D1E0
:10FCD000FB6843F01003FB60FB6823F08803FB60C4
:10FCE000FB6823F44013FB60FB6823F42023FB60D4
:10FCF0000FE0FB6823F01803FB607B6893F851303A
:10FD000023F03F03DBB2002B03D0FB6843F0080372
:10FD1000FB607B68FA68DA607B6893F84830C3F36D
:10FD20008113DBB219467868FFF7F6FC7868FFF7B5
:10FD30006BFFFB6823F47053FB607B6893F85130D2
:10FD400023F03F03DBB2002B02D04FF4A05301E0BD
:10FD50004FF41053FA681343FB607B68FA68DA606B
:10FD60007B6893F84830C3F38113DBB21946786897
:10FD7000FFF7EEFC7B68D3F80038BB60BB6823F06C
:10FD80000303BB607B6893F8483023F03F03DBB28A
:10FD9000802B03D1BB6843F48043BB607B68BA68A7
:10FDA000C3F8002800BF1037BD4680BD80B584B0C1
:10FDB00000AF78607B681B6C1B0C1B04FB60FB684E
:10FDC000104A934218D0FB680F4A934214D0FB6844
:10FDD0000E4A934210D04FF4EF720D490D4801F0D6
:10FDE000C7FF0D4BBB60BB681B6803F00103002B12
:10FDF00000D000BE002300E0012318461037BD46A6
:10FE000080BD00BF0000544F000031550000325546
:10FE1000946D0308583F0108F0ED00E080B584B010
:10FE200000AF0346FB71FB79334A1B0113441B6887
:10FE3000FB60F868FFF7BAFF034683F00103DBB20B
:10FE4000002B55D1FB79184600F0DAF8F868FFF777
:10FE5000F8FE0346002B03D0F868FFF726FF02E008
:10FE6000F868FFF7F9FEFB68D3F8003E23F00F02B5
:10FE7000FB68C3F8002EFB68DB6843F00702FB68F1
:10FE8000DA60FB68DB6823F0C04343F08042FB6824
:10FE9000DA60FB681B6823F0D00343F0C002FB6804
:10FEA0001A60FB68D3F8003843F00402FB68C3F81B
:10FEB0000028FB685B69BB60FB685A69BB681A4332
:10FEC000FB685A61FB685B68BB60FB685A68BB688B
:10FED0001A43FB685A60FB68084A9A61FB689B6892
:10FEE00043F00102FB689A60FB79184600F06CF859
:10FEF0001037BD4680BD00BF746D03081638008002
:10FF000080B584B000AF0346FB71FB79FB73FB7BCC
:10FF1000064A1B01134404331B685BB21846FFF703
:10FF2000B9FB00BF00BF1037BD4680BD746D03082C
:10FF300080B584B000AF0346FB71FB79FB73FB7B9C
:10FF4000064A1B01134404331B685BB21846FFF7D3
:10FF5000BFFB00BF00BF1037BD4680BD746D0308F6
:10FF600080B584B000AF03460A46FB711346BB71EF
:10FF7000FB79144A1B0113441B68FB60FB68D3F830
:10FF8000003823F4FE63BA7912011A43FB68C3F800
:10FF900000280023FB720123BB72BB7A002B02D026
:10FFA0006FF07F0300E0002397F90B2013435BB24F
:10FFB000D9B2F8790023002200F0DEF900BF103733
:10FFC000BD4680BD746D030880B485B000AF0346A4
:10FFD000FB71FB79094A1B0113441B68FB60FB683A
:10FFE000D3F8043823F00202FB68C3F8042800BFEA
:10FFF0001437BD465DF8047B704700BF746D03087D
:020000040801F1
:1000000080B485B000AF0346FB71FB79094A1B0140
:1000100013441B68FB60FB68D3F8043843F002020A
:10002000FB68C3F8042800BF1437BD465DF8047BA5
:10003000704700BF746D030880B58EB000AF0346F3
:100040003960FB71FB79A04A1B0113441B687B6379
:10005000FB799D4A1B01134408331B7887F8333022
:100060003B689B78BB75BB7D03F07F03DBB287F8F1
:1000700032303B689B78FB75FB7DDB09DBB287F890
:10008000313097F8322097F833309A4210D340F24B
:1000900082228E498E4801F06BFE8E4BBB61BB699C
:1000A0001B6803F00103002B00D000BE002307E112
:1000B00097F8322097F83130520013441B01864ADA
:1000C0001344FB623B68BB60BB689B889BB2C3F375
:1000D0000A039AB2FB6A5A813B689A79FB6A1A73DF
:1000E000FB6A5B893B610423FB603A69FB6813444C
:1000F0005A1EFB68B2FBF3F37B8597F83130002B77
:1001000066D17B8D9B009BB297F833201146184631
:10011000FFF794FB03467B847B6B5A6A7B8C9A4285
:1001200021D27B8C6D4A128813441946FB79664AAA
:100130001B0113440C331B689B08994210D940F2F1
:1001400092226249624801F013FE624BFB61FB6937
:100150001B6803F00103002B00D000BE0023AFE0BA
:100160007A8C7B6B5A6297F832307A6B58335B012A
:1001700013441A683B68DB78C3F30103DBB29B04CA
:1001800019463B68DB7803F00303DBB2012B02D096
:100190004FF0805300E000230B43F96A49890B4379
:1001A0001A4397F8323042F40042796B58335B01BE
:1001B0000B441A607B6BD3F81C2897F8323010334D
:1001C000012101FA03F31A437B6BC3F81C2876E084
:1001D000424B1B881A467B8D13441A467B6B5B6A25
:1001E0001A44FB7938491B010B440C331B689B08EC
:1001F0009A4210D940F2B7223449354801F0B8FD8F
:10020000344B7B627B6A1B6803F00103002B00D038
:1002100000BE002354E0314B1A887B8D13449AB200
:100220002E4B1A807B8D1B041946FB79264A1B0135
:1002300013440C331B689B08284A12889A1A97F8B3
:100240003230013B0A43796B40339B000B445A60C8
:1002500097F832307A6B48335B011344196897F88A
:1002600032309B0543F400423B68DB78C3F3010363
:10027000DBB29B0413431A463B68DB7803F00303AD
:10028000DBB2012B02D04FF0805300E00023134378
:10029000FA6A52891A4397F832300A43796B483325
:1002A0005B010B441A607B6BD3F81C3897F8322043
:1002B000012101FA02F21A437B6BC3F81C280123C7
:1002C00018463837BD4680BD746D0308A06D03081D
:1002D000583F0108F0ED00E0946A0020B86B002060
:1002E00080B487B000AF0346FB71FB791F4A1B0146
:1002F00013441B683B61FB791C4A1B011344083300
:100300001B78FB733B694FF00112C3F81C280123D3
:10031000FB751EE0FB7D3A6958335B0113440022F4
:100320001A60FB7D124A5B0113440A3300221A80D3
:10033000FB7D3A6948335B01134400221A60FB7D60
:100340000B4A5B0113441A3300221A80FB7D0133F0
:10035000FB75FA7DFB7B9A42DCD3064B10221A8098
:1003600000BF1C37BD465DF8047B7047746D030801
:10037000946A0020B86B002090B589B002AF3A6053
:100380001A460346FB710B46BB711346BB80BB7913
:100390003B733B7B03F07F03DBB27B75BB797B73E5
:1003A0007B7BDB09DBB23B757A7D3B7D52001344DE
:1003B0001B01234A13443B613B693A681A603B695D
:1003C00000225A603B69BA881A817B7D002B10D1CC
:1003D0003B7D1C49BA8821F813203B7D194A32F82D
:1003E00013303A7D797DF87900930123FFF712FBF2
:1003F00020E03B695B89BA88B2FBF3F3FB823B697F
:100400005A89BB88B3FBF2F101FB02F29B1AFB8114
:10041000FB89002B02D1BB88002B02D1FB8A013360
:10042000FB82FC8A3A7D797DF879BB88009323466C
:10043000FFF7F0FA012318461C37BD4690BD00BFF8
:10044000946A0020B46B002080B489B000AF0346EA
:10045000FB710B46BB7113467B71FB796E4A1B0126
:1004600013441B68FB61BB79BB73BB7B03F07F0349
:10047000DBB2FB76BB79FB73FB7BDB09DBB2BB76C4
:10048000BB7E012B67D1FB6903F510633B61FB7EEB
:10049000002B06D0FB7E5B013A6913441B68002BDE
:1004A00013DBFB7E5B013A6913441A687B79002BEE
:1004B00002D04FF0026101E04FF00061FB7E5B0172
:1004C000386903440A431A6037E0FB7E5B013A69EE
:1004D00013441A68FB7E5B0139690B4442F00062E9
:1004E0001A6000BFFB7E5B013A6913449B6803F00E
:1004F0004003002BF6D0FB7E5B013A6913441A6877
:100500007B79002B01D0454901E04FF08041FB7E13
:100510005B01386903440A431A6000BFFB7E5B013C
:100520003A6913449B6803F00203002BF6D0FB7E6C
:100530005B013A69134402229A60FB7E9B0143F0FF
:100540002002FB691A6100BFFB691B6903F02003ED
:10055000002BF9D159E0FB6903F530637B61FB7E29
:10056000002B06D0FB7E5B017A6913441B68002BCD
:1005700012DBFB7E5B017A6913441A687B79002BDE
:1005800002D04FF4001100E00021FB7E5B0178698E
:1005900003440A431A6038E0FB69D3F8043843F493
:1005A0000072FB69C3F8042800BFFB695B6903F0B4
:1005B0008003002BF9D0FB7E5B017A6913441A6833
:1005C0007B79002B01D0154901E04FF08041FB7E83
:1005D0005B01786903440A431A6000BFFB7E5B013C
:1005E0007A6913449B6803F00203002BF6D0FB7E6C
:1005F0005B017A69134402229A60FB69D3F80438DC
:1006000043F48062FB69C3F8042800BF2437BD4669
:100610005DF8047B704700BF746D03080000204044
:1006200080B582B000AF03460A46FB711346BB712A
:10063000B979FB7901221846FFF706FF00BF08379A
:10064000BD4680BD80B485B000AF03460A46FB714D
:100650001346BB71FB792A4A1B0113441B68FB60DC
:10066000BB793B723B7A03F07F03DBB2FB72BB7951
:100670007B727B7ADB09DBB2BB72BB7A012B1CD1AC
:10068000FB7AFA6848335B0113441A68FB7A22F458
:100690000012F96848335B010B441A60FB7AFA6870
:1006A00048335B0113441A68FB7A42F08052F968C0
:1006B00048335B010B441A601BE0FB7AFA6858333D
:1006C0005B0113441A68FB7A22F40012F96858336C
:1006D0005B010B441A60FB7AFA6858335B011344E0
:1006E0001A68FB7A42F08052F96858335B010B4478
:1006F0001A6000BF1437BD465DF8047B704700BF29
:10070000746D030880B48DB000AF03463960FB718F
:100710001346BB80FB79274A1B0113441B68BB624D
:10072000BB6A03F580537B62BB889B08FB850BE0AB
:100730007B6A1B683A68BA617B61BB697A691A6037
:1007400000BF3B6804333B60FB8D5A1EFA85002BCB
:10075000EED1BB88DBB203F0030387F8233097F8B0
:100760002330002B20D07B6A1B68FB61FB693B6157
:100770003B69DAB23B681A7097F82330012B07D92E
:100780003B680133FA69FA60FA68120AD2B21A7049
:1007900097F82330022B07D93B680233FA69BA6015
:1007A000BA68120CD2B21A7000BF3437BD465DF879
:1007B000047B7047746D030880B489B000AF3A6061
:1007C0001A460346FB710B46BB711346BB80FB798F
:1007D000234A1B0113441B687B61BB7901331B0354
:1007E0007A6913443B61BB889B08FB8308E03B6844
:1007F000BB60BB681A683B691A603B6804333B60A6
:10080000FB8B5A1EFA83002BF1D1BB88DBB203F0BD
:100810000303FB73FB7B002B1BD03B681B78BB6186
:10082000FB7B012B07D93B6801331B781B021A465F
:10083000BB691343BB61FB7B022B07D93B680233C7
:100840001B781B041A46BB691343BB613B69BA6939
:100850001A6000BF2437BD465DF8047B704700BFB7
:10086000746D030880B58CB000AF0346FB71FB7953
:100870005D4A1B0113441B68BB62BB6A03F58053CE
:100880007B62BB6A1B6A3B623B6A5B0CDBB203F0B8
:100890000F03FB773B6ADBB203F00F03BB773B6AC6
:1008A0001B099BB2C3F30A03BB83BB7F58335B01B5
:1008B000BA6A1344BB61FB7F013B052B7ED801A2C2
:1008C00052F823F0D1090108FD0801087709010851
:1008D000EF080108BD090108DD0801087B6A1B68F3
:1008E000424A13607B6A1B68404A536077E0BB69E9
:1008F0001B6943F0C042BB691A6170E0BB7F5B01BA
:100900003B4A13443B613B695B68002B07D03B6962
:100910005B68BA8B796A1846FDF713F80CE03B69FF
:100920001968BA8BFB791846FFF7ECFE3B691A6829
:10093000BB8B1A443B691A603B695B89BA8B9A424C
:1009400048D2BB691B69C3F312013B691A898BB298
:10095000D31A9AB23B691A81BB7F002B3AD13B690B
:100960001A89244B1B88D31A9AB23B691A81214BEE
:1009700000221A802EE0BB7F002B2DD1BB8B002BD9
:100980002AD1BB6A1B6C1C4A934225D9BB699B6860
:100990007B617A6948F220031340002B1CD00123AD
:1009A000FB627B6903F02003002B03D0FB6A43F05A
:1009B0002003FB62BB69FA6A9A600DE00F4BFB6093
:1009C000FB681B6803F00103002B07D000BE05E0A5
:1009D00000BF04E000BF02E000BF00E000BF00BFB6
:1009E0003037BD4680BD00BF746D03088C6A00209F
:1009F000946A0020B46B00200930544FF0ED00E001
:100A000080B596B002AF0346FB71FB79604A1B01CB
:100A100013441B687B64FB795D4A1B011344083354
:100A20001B7887F84330002387F84F30A4E07B6CB5
:100A3000D3F8182897F84F30103322FA03F303F055
:100A40000103002B00F0938097F84F3058335B017F
:100A50007A6C1344FB63FB6B9B68BB63BB6B03F05B
:100A60000803002B34D00823BB64BB6B03F40043A2
:100A7000002B08D07B6C1B6C464A934203D9BB6C9D
:100A800043F40043BB64FB6BBA6C9A60FB7987F854
:100A90003330414BFB62012387F82B3007F11403FD
:100AA00000221A605A609A6097F833303B7506232B
:100AB0007B75FA6A07F118031068516803C397F849
:100AC0002B2007F1140311461846FDF719FF00BF4C
:100AD000FB6B9B6803F00103002B48D0FB6B0122EA
:100AE0009A6097F84F305B012C4A13447B6397F868
:100AF0004F30002B0ED12A4B1B88002B0AD0284BDD
:100B00001B8897F84F10F879009301230022FEF715
:100B100081FF2CE07B6B1B891A46FB7987F82A3012
:100B200097F84F3087F829307A62002387F823300E
:100B3000012387F8223007F1080300221A605A6067
:100B40009A6097F82A303B7207237B7297F8293016
:100B50003B737B6A3B6197F823307B7397F82220C5
:100B600007F1080311461846FDF7CAFE00BF97F8C3
:100B70004F30013387F84F3097F84F2097F84330C4
:100B80009A42FFF454AF00BF00BF5037BD4680BD4E
:100B9000746D03080930544F8C6A0020946A002059
:100BA000B46B002080B594B002AF0346FB71FB79B3
:100BB000884A1B0113441B683B64FB79854A1B016F
:100BC000134408331B7887F83F303B6C03F5106300
:100BD000BB63002387F84730F0E03B6CD3F818285C
:100BE00097F8473022FA03F303F00103002B00F0DB
:100BF000E08097F847305B011033774A13447B63FA
:100C000097F847305B01BA6B13449B6803F001030C
:100C1000002B46D097F847305B01BA6B1344012292
:100C20009A6097F84730002B0ED16C4B5B88002BF5
:100C30000AD06A4B5B8897F84710F8790093012334
:100C40000122FEF7E7FE2CE097F8473063F07F03C0
:100C5000D9B27B6B1B891A46FB7987F827300B4684
:100C600087F826303A620023FB770123BB7707F130
:100C70000C0300221A605A609A6097F827303B7381
:100C800007237B7397F826303B743B6A7B61FB7FBD
:100C90007B74BA7F07F10C0311461846FDF730FE4E
:100CA00000BF97F847305B01BA6B13449B6803F0B1
:100CB0008003002B7DD03B6CD3F8343897F8472065
:100CC000012101FA02F21340002B72D097F847304D
:100CD0005B01BA6B13441B69DB0C9BB2C3F30903C2
:100CE0007B860023A7F8443045E097F847305B0146
:100CF000BA6B13441B693B867B6B5A893B8EBB8363
:100D000013467B83BA8B7B8B934228BF13469BB2DF
:100D1000FB85FA8D97F847305B01B96B0B449B69F3
:100D200099002F4B0B409A422BD87B6B5B68002BB2
:100D30000ED097F8473001331B033A6C1344BB6263
:100D40007B6B5B68FA8DB96A1846FCF793FD0DE082
:100D50007B6B1A68FB8D97F84710F879FFF72CFD2D
:100D60007B6B1A68FB8D1A447B6B1A60B7F84430B2
:100D70000133A7F84430B7F844207B8E9A42B4D3AD
:100D800000E000BF97F847305B01BA6B13441B6962
:100D9000C3F31203002B0CD13B6CD3F8343897F813
:100DA0004720012101FA02F2D2431A403B6CC3F8FA
:100DB000342897F84730013387F8473097F84720B1
:100DC00097F83F309A42FFF408AF00BF00BF4837A2
:100DD000BD4680BD746D0308946A0020B46B00208A
:100DE000FCFF030080B59CB000AF0346FB71FB79AC
:100DF000AA4A1B0113441B68BB66BB6E9B697B66DA
:100E0000BB6E5B697A6E13403B663B6E03F48053A6
:100E1000002B07D0BB6E4FF480525A61FB79184605
:100E2000FEF768FD3B6E03F40053002B3BD0BB6E16
:100E30004FF400525A61BB6ED3F808385B0803F0D8
:100E40000303002B02D0022B04D007E0022387F813
:100E50006F3007E0012387F86F3003E0002387F845
:100E60006F3000BFFB7987F8573097F86F3087F8FD
:100E70005630012387F8553007F1180300221A6015
:100E80005A609A6097F857303B7601237B7697F843
:100E900056303B7797F8552007F11803114618464E
:100EA000FDF72EFD00BF3B6E03F40063002B23D043
:100EB000BB6E4FF400625A61FB7987F8543004230B
:100EC00087F85330012387F8523007F124030022BA
:100ED0001A605A609A6097F8543087F8243097F86F
:100EE000533087F8253097F8522007F12403114634
:100EF0001846FDF705FD00BF3B6E002B23DABB6EE5
:100F00004FF000425A61FB7987F85130052387F88A
:100F10005030012387F84F3007F1300300221A6068
:100F20005A609A6097F8513087F8303097F850300F
:100F300087F8313097F84F2007F1300311461846F3
:100F4000FDF7DEFC00BF3B6E03F00403002B28D04E
:100F5000BB6E5B68FB65FB6D03F00403002B1DD0CB
:100F6000FB7987F84E30022387F84D30012387F84C
:100F70004C3007F10C0300221A605A609A6097F80F
:100F80004E303B7397F84D307B7397F84C2007F148
:100F90000C0311461846FDF7B3FC00BFBB6EFA6D9B
:100FA0005A603B6E03F00803002B3AD0BB6E082258
:100FB0005A603B4B1B78002B0DD0BB6ED3F8083822
:100FC0001B0AC3F30D03BB65FB790122B96D1846FB
:100FD000FEF740FB05E0BB6E9B6923F00802BB6E89
:100FE0009A61FB7987F84B30032387F84A30012355
:100FF00087F8493007F13C0300221A605A609A6072
:1010000097F84B3087F83C3097F84A3087F83D30F6
:1010100097F8492007F13C0311461846FDF770FC8C
:1010200000BF3B6E03F01003002B20D0BB6E9B690A
:1010300023F01002BB6E9A61FB791846FFF712FC91
:10104000BB6E5B6803F01003002BF5D1154B1B78CA
:10105000002B06D0FB791846FEF70AFC114B002244
:101060001A70BB6E9B6943F01002BB6E9A613B6EB7
:1010700003F40023002B03D0FB791846FFF7C0FCD4
:101080003B6E03F48023002B03D0FB791846FFF757
:1010900089FD00BF7037BD4680BD00BF746D030879
:1010A000BB6B0020BA6B002080B485B000AF7860C5
:1010B00039607B681B78C3F30003DBB2002B06D1D9
:1010C0007B681B78C3F38003DBB2002B01D00023C5
:1010D0001EE07B681B78C3F30003DBB2002B08D152
:1010E0007B681B78C3F38003DBB2002B01D10123A3
:1010F00000E00023FB73FB7B03F00103FB73FB7B2E
:10110000002B04D07A68137843F004031370FB7B40
:1011100018461437BD465DF8047B704780B485B02F
:1011200000AF786039607B681B78C3F38003DBB263
:10113000012B08D17B681B78C3F30003DBB2002BC3
:1011400001D1012300E00023FB73FB7B03F00103CB
:10115000FB73FB7B002B04D07A6813786FF3820358
:101160001370FB7B18461437BD465DF8047B70474F
:1011700080B58AB000AF78600B46FB707B68FB607F
:10118000FB689B889BB2C3F30A039BB2FB847B681A
:10119000DB78C3F30103DBB2032B4DD0032B67DCF9
:1011A000012B02D0022B1DD062E0FB78022B02D172
:1011B0004FF4806301E040F2FF33FB82FA8CFB8A3C
:1011C0009A4257D9A3223049304800F0D1FD304B24
:1011D0003B613B691B6803F00103002B00D000BE9C
:1011E00000234DE0FB78022B13D1FB8CB3F5007F7D
:1011F00042D0AB222449254800F0BAFD244BBB6104
:10120000BB691B6803F00103002B00D000BE002364
:1012100036E0FB8C402B2FD9AF221B491B4800F036
:10122000A7FD1B4BFB61FB691B6803F00103002B4F
:1012300000D000BE002323E0FB78022B02D14FF444
:10124000806300E04023BB84FA8CBB8C9A4215D9A2
:10125000B6220D490D4800F08BFD0D4B3B623B6AF9
:101260001B6803F00103002B00D000BE002307E041
:10127000002305E000BF02E000BF00E000BF012343
:1012800018462837BD4680BDB06D0308703F010881
:10129000F0ED00E080B48DB000AFF860B9601146A9
:1012A0001A460B46FB8013467B71BB68FB62FB88CA
:1012B000FA6A1344BB6227E0FB6A3B623B6A013374
:1012C0001B78052B16D1FB6A9B7887F8273097F897
:1012D0002730BB77BB7F03F07F03DBB25B00FA688C
:1012E000134497F82720FA77FA7FD209D2B2114631
:1012F0007A795A54FB6ABB61BB697B617B691B7855
:101300001A467B691344FB62FA6ABB6A9A42D3D3DA
:1013100000BF00BF3437BD465DF8047B70472DE940
:10132000FF4755EC104B002D0E4619462B46BBBF10
:1013300005F100431D4600232D230B700D9BDDF8A6
:1013400030A0914623F02008BCBF22461446B8F1D5
:10135000460F05D0B8F1450F00D10136022100E05B
:10136000032103AB019302AB009345EC104B5346B2
:10137000324600F0FDFEB8F1470F074602D119F0E2
:10138000010F22D0B8F1460F07EB060910D13B78C8
:10139000302B0AD10022002320462946EFF7B4FB68
:1013A00018B9C6F10106CAF80060DAF800309944AD
:1013B0000022002320462946EFF7A6FB08B1CDF80E
:1013C0000C903022039B4B4507D3039B0E9ADB1BEB
:1013D0003846136004B0BDE8F087591C03911A70B9
:1013E000F0E7F7B503460029B8BF494203F8022BDE
:1013F000B4BF2D222B22092942702ADD0DF10702EC
:1014000017460A26944691FBF6F506FB1514303470
:101410000CF8014C0C46632C02F1FF322946F1DC3A
:101420003031ACF1020402F8011C411C2246BA42E0
:101430000AD30DF10902A2EB0C02BC4288BF0022C4
:101440001344181A03B0F0BD12F8015B01F8015FF4
:10145000EDE7302330318370C170031DF1E70000E8
:101460002DE9F04F2DED028B8DB00C46DDF860803C
:1014700016461F46054600F06DFDD0F800A0504608
:10148000EEF716FF00230A9323680593D8F800307F
:1014900094F818B0073323F0070303F10802C8F8E3
:1014A0000020D3E9008929F000430793CDF8188084
:1014B00008EE100AC4E91289DDE906019E4B4FF0DF
:1014C000FF32EFF753FB88BBDDE906019A4B4FF083
:1014D000FF32EFF72DFB48BB002200234046494670
:1014E000EFF71CFB10B12D2384F84330934A944B43
:1014F000BBF1470F94BF9046984603232361059B99
:1015000023F0040323604FF00009009733460BAA31
:101510002146284600F0DAF9013040F090804FF083
:10152000FF300DB0BDEC028BBDE8F08F42464B465C
:1015300040464946EFF71AFB40B14B46002BBCBF73
:101540002D2384F843307F4A7F4BD1E763680BF04B
:10155000DF0206925A1C3FD106236360059B616837
:1015600043F48062002303930AABCDE901B309ABD6
:1015700049EC108B009322600DF123032846FFF7FE
:10158000CEFE069B0999472B804608D1C81C02DB7A
:101590006368994241DDABF102035FFA83FBBBF163
:1015A000650F20D801395A4604F150000991FFF720
:1015B00018FF0A9A1318012A8146236102DC226867
:1015C000D20701D5013323619DF82330002B9CD035
:1015D0002D2384F8433098E7069A472ABED1002B82
:1015E000BCD10123B9E7BBF1660F18D100296368AC
:1015F0000BDD216113B92268D00702D501330B44FA
:101600002361A1654FF00009DEE713B92268D20714
:1016100001D50233F4E70123F2E74FF0670B0A9B91
:10162000994205DB23682161D807EAD54B1CE7E71F
:101630000029D4BFC1F1020201221344E0E723686C
:101640005A0507D42369424631462846B847013037
:101650002CD164E7BBF1650F40F2E080D4E91201C0
:1016600000220023EFF750FA002834D0374A012334
:1016700031462846B84701303FF451AFDDE9092330
:101680009A4202DB2368D80710D518EE103A52466A
:1016900031462846B84701303FF441AF4FF00008CB
:1016A00004F11A090A9B013B434509DC23689B07A7
:1016B00000F10781E0680B9B9842B8BF184630E7FD
:1016C00001234A4631462846B84701303FF427AF48
:1016D00008F10108E6E7099B002B39DC1B4A0123CE
:1016E00031462846B84701303FF419AFDDE90932E9
:1016F000134302D12368D907D8D518EE103A5246C1
:1017000031462846B84701303FF409AF4FF0000991
:1017100004F11A0A099B5B424B4501DC0A9B92E7E4
:101720000123524631462846B84701303FF4F7AE10
:1017300009F10109EEE700BFFFFFEF7FC26E03086A
:10174000C66E0308CA6E0308CE6E0308D26E030885
:101750000A9AA36D9A42A8BF1A46002A914637DC1E
:101760004FF0000B29EAE97904F11A02A36D059301
:10177000A3EB09035B4533DCDDE909239A423BDB3C
:101780002368DA0738D4DDE90932A2EB0309059BA7
:10179000D21A9145A8BF9146B9F1000F35DC4FF040
:1017A000000829EAE97904F11A0ADDE909239B1AFC
:1017B000A3EB090343457FF779AF01235246314636
:1017C0002846B84701303FF4AAAE08F10108ECE71B
:1017D0001346314642462846B8470130C0D19EE6FE
:1017E0000123314628460592B84701303FF497AEB1
:1017F000059A0BF1010BB9E718EE103A5246314643
:101800002846B8470130BED189E6059A4B46424486
:1018100031462846B8470130C1D180E60A9A012AEC
:1018200001DCDB073AD50123424631462846B8475A
:1018300001303FF474AE18EE103A52463146284655
:10184000B84701303FF46BAED4E912010022002307
:10185000DDF828A0EFF758F9D8B90AF1FF3308F1FD
:10186000010231462846B84701300ED157E6012320
:10187000524631462846B84701303FF450AE08F191
:1018800001080A9B013B4345F1DC4B4604F1500241
:10189000DAE64FF0000804F11A0AF2E701234246A3
:1018A000DFE701234A4631462846B84701303FF476
:1018B00036AE08F10108E3680B995B1A4345F0DC8A
:1018C000F8E64FF0000804F11909F4E72DE9F047B4
:1018D000164699468A680B69DDF820809342B8BFA6
:1018E0001346336091F8432007460C460AB1013392
:1018F00033602368990642BF33680233336025683A
:1019000015F0060506D104F1190AE36832689B1A3E
:10191000AB4226DC94F84320131E226818BF012333
:1019200092062BD404F1430249463846C0470130A1
:101930001ED02368226903F00603042B02BFE5686A
:101940003368ED1AA3680CBF25EAE57500259342BC
:10195000C4BF9B1AED1800261A34B5421AD10020D4
:1019600008E00123524649463846C047013003D1BA
:101970004FF0FF30BDE8F0870135C6E7E1185A1C8B
:10198000302081F84300224494F8451082F8431037
:101990000233C7E70123224649463846C047013093
:1019A000E6D00136D9E700002DE9FF470F7E0C9DF8
:1019B000782F914680460C469A4601F1430207D89B
:1019C000622F0AD8002F00F0D480582F00F0C0807A
:1019D00004F1420584F842703AE0A7F16303152B45
:1019E000F6D801A151F823F0411A0108551A01084F
:1019F000D1190108D1190108D1190108D11901081B
:101A0000551A0108D1190108D1190108D119010885
:101A1000D1190108591B0108811A0108131B01087B
:101A2000D1190108D11901087B1B0108D11901083E
:101A3000811A0108D1190108D11901081B1B0108DD
:101A40002B681A1D1B682A6004F1420584F8423095
:101A500001239FE020682B68070603F10401296039
:101A600001D51E6803E04606FBD5B3F90060002EE1
:101A700003DA2D23764284F843305A480A2312E0D1
:101A80002B682068191D2960050601D51E6802E033
:101A90004106FBD51E8853486F2F0CBF08230A232D
:101AA000002184F843106568A560002DA2BF21685D
:101AB00021F0040121600EB9002D4BD01546B6FB74
:101AC000F3F103FB1167C75D05F8017D3746BB42A3
:101AD0000E46F4D9082B0BD12368DE0708D52369FD
:101AE00061689942DEBF302305F8013C05F1FF35FE
:101AF000521B2261CDF800A04B4603AA2146404666
:101B0000FFF7E4FE01304AD14FF0FF3004B0BDE8EA
:101B1000F087236843F0200323603348782784F854
:101B20004570236829681F0651F8046B02D45F06CC
:101B300048BFB6B2DF0748BF43F02003296048BF63
:101B400023601EB9236823F0200323601023A7E736
:101B50002448E4E71546BDE72B6826686169181D2F
:101B6000286035061B6801D5196002E07006FBD5B8
:101B70001980002323611546BCE72B681A1D2A60D3
:101B80001D68626800212846EEF742FB08B1401B41
:101B9000606063682361002384F84330AAE7236907
:101BA0002A4649464046D0470130ADD023689B07BE
:101BB00013D4E068039B9842B8BF1846A6E70123F8
:101BC000324649464046D04701309DD00135E36852
:101BD00003995B1AAB42F2DCEBE7002504F119062E
:101BE000F5E700BFD46E0308E56E0308002310B5C7
:101BF0000446C0E90033C0E9043383608181436651
:101C0000C2818361194608225C3000F09BF90D4BBC
:101C100063620D4BA3620D4BE3620D4B23630D4BCF
:101C200024629C4206D003F16802944202D0D03371
:101C30009C4205D104F15800BDE8104000F0FEB907
:101C400010BD00BF951D0108B71D0108EF1D01085B
:101C5000131E0108BC6B0020024A0349034800F030
:101C600069B800BF98040020E1390108A4040020ED
:101C700041680C4B994210B5044601D001F0B0FE0A
:101C8000A168094B994202D0204601F0A9FEE16803
:101C9000064B994204D02046BDE8104001F0A0BE9A
:101CA00010BD00BFBC6B0020246C00208C6C002099
:101CB00010B50B4B0B4C0C4A1A6020460022042135
:101CC000FFF794FF04F1680001220921FFF78EFF5E
:101CD00004F1D0000222BDE810401221FFF786BFB8
:101CE000F46C0020BC6B0020591C0108014800F076
:101CF000A6B900BFFD6C0020014800F0A1B900BFEB
:101D0000FD6C002010B50446FFF7F0FF236A1BB1FD
:101D1000BDE81040FFF7F0BF044B2362044B1B6883
:101D2000002BF5D1FFF7C4FFF2E700BF711C0108DB
:101D3000F46C00202DE9F843074688461446002637
:101D4000D4E90195B9F1010905D52468002CF7D132
:101D50003046BDE8F883AB89012B07D9B5F90E30C1
:101D6000013303D029463846C04706436835E9E7C2
:101D70000FB407B5064904AB086853F8042B816813
:101D8000019301F08DFC03B05DF804EB04B07047E3
:101D9000F004002010B50C46B1F90E1000F000F967
:101DA0000028ABBF636DA3891B1823F48053ACBF1D
:101DB0006365A38110BD2DE9F0411F468B89DB05CA
:101DC00005460C46164605D5B1F90E100223002231
:101DD00000F0D4F8A389B4F90E1023F48053A38142
:101DE00032463B462846BDE8F04100F0EBB810B55E
:101DF0000C46B1F90E1000F0C1F8431CA38915BFC1
:101E0000606523F4805343F48053A38118BFA381FA
:101E100010BDB1F90E1000F0A1B8F8B50E46144689
:101E2000054618B1036A0BB9FFF76CFFA369A360FD
:101E3000A3891A0725D523691BB323682269981A39
:101E40006369F6B28342374604DC2146284601F036
:101E5000C7FDE0B9A368013BA36023685A1C226058
:101E60001E706269431C9A4204D0A389DB0706D521
:101E70000A2E04D12146284601F0B2FD38B9384671
:101E8000F8BD2146284600F005F80028D5D04FF0CF
:101E9000FF37F4E738B52A4B054618680C4618B1E9
:101EA000036A0BB9FFF72EFFA389B4F90C201807BA
:101EB00022D4D90607D409232B6042F04003A38122
:101EC0004FF0FF3034E0580712D5616B41B104F197
:101ED0004403994202D0284600F03CFF002363638C
:101EE000A38923F02403A381002363602369236073
:101EF000A38943F00803A38123694BB9A38903F4A1
:101F00002073B3F5007F03D02146284601F0B6FDCB
:101F1000A089B4F90C2010F001030AD00023A360BB
:101F200063695B42A361236943B910F08000C4D1A7
:101F300038BD810758BF6369A360F4E70020F7E765
:101F4000F004002002440346934200D1704703F896
:101F5000011BF9E700487047E405002038B5064D3D
:101F60000023044608462B60F2F720FA431C02D1F6
:101F70002B6803B1236038BDF86C002038B5074DDD
:101F800004460846114600222A601A46F2F735FA3E
:101F9000431C02D12B6803B1236038BDF86C0020CC
:101FA00038B5074D04460846114600222A601A46F5
:101FB000F2F7DFF9431C02D12B6803B1236038BD6F
:101FC000F86C002038B5074D04460846114600223B
:101FD0002A601A46F2F7EEF8431C02D12B6803B1CF
:101FE000236038BDF86C0020014B1868704700BFB3
:101FF000F004002070B50D4D0D4C641BA41000269C
:10200000A64209D10B4D0C4C01F058FE641BA410E4
:102010000026A64205D170BD55F8043B984701360D
:10202000EEE755F8043B98470136F2E73C710308A8
:102030003C7103083C710308407103087047704706
:1020400070470A44914200F1FF3300D1704710B548
:1020500011F8014B03F8014F9142F9D110BD2DE960
:10206000F74F03690C69A34207467EDB013C01F18F
:10207000140800F1140505EB8403019358F824308B
:1020800055F8242001339A424FEA840B08EB840967
:10209000B2FBF3F631D34FF0000E4046AC46F246A9
:1020A00050F8042B93B206FB03E34FEA124E1A0CCE
:1020B0009BB2AAEB0303DCF800A013FA8AF306FB39
:1020C0000E220093009B4FEA124E92B2C2EB1A42CC
:1020D00002EB2342BDF80030814543EA02434CF84D
:1020E000043B4FEA224ADBD255F80B302BB9019B57
:1020F000043B9D421A462CD33C61384601F0A6F9B8
:10210000002822DB01362946002058F8042BD1F89C
:1021100000C093B2C31A120C13FA8CF3C2EB1C4228
:1021200002EB23429BB243EA0243C14541F8043B20
:102130004FEA2240E9D255F8242005EB840322B966
:10214000043B9D421A460AD33C61304603B0BDE8C9
:10215000F08F1268043B002ACED1013CC9E7126817
:10216000043B002AF0D1013CEBE70020EEE7000041
:102170002DE9F04F2DED048BC56993B08DED020B69
:1021800057EC106BDDF88080079104460A920D939E
:1021900075B9102000F02AFE0246E06120B9AE4B6E
:1021A000EF21AE4801F0D8FCC0E901550560C560DB
:1021B000E369196851B15A684A60012393408B6002
:1021C000204600F007FFE36900221A603B1EBBBFF8
:1021D00023F00043039300230122ACBFC8F8003072
:1021E000C8F800209E4BDDF80C8033EA08031BD1B1
:1021F0000D9A42F20F731360C8F31303334300F0D8
:102200009385219B63B9974B27E0974B0093083345
:10221000219A1360009813B0BDEC048BBDE8F08FD9
:10222000904B00930333F3E79DED027B002251ECCA
:10223000170BB0EE478AF0EE678A0023EEF764FCD6
:10224000814660B10D9A01231360219B002B00F0A1
:102250006885864B219A1360013B0093DAE710AA48
:1022600011A92046B0EE480AF0EE680A01F094F990
:10227000C8F30A558246002D7FD018EE903AC3F37A
:10228000130343F07F5351EC180B43F44013A5F2B2
:10229000FF35CDF8389019460022754BEEF714F84B
:1022A00067A3D3E90023EEF7C7F967A3D3E90023B7
:1022B000EEF70CF8064628460F46EEF753F964A3EE
:1022C000D3E90023EEF7B8F902460B46304639460B
:1022D000EDF7FCFF06460F46EEF75EFC0022834654
:1022E000002330463946EEF719FC48B15846EEF760
:1022F00039F932463B46EEF707FC08B90BF1FF3BD4
:10230000BBF1160F57D85B4B03EBCB03D3E900238C
:1023100051EC180BEEF702FC00284ED00BF1FF3BFE
:1023200000230C93109B5B1B5A1E45BFC3F1010396
:10233000059300230023069254BF05930693BBF137
:10234000000F3CDB069BCDF82CB05B4406930023CA
:102350000893079B092B68D8052BC4BF043B079340
:10236000079BA3F10203CCBF00250125032B00F23C
:102370008580DFE803F02E3B3958DDE910531D441A
:1023800005F23243202BC1BFC3F1400308FA03F822
:1023900005F2124326FA03F3D6BFC3F1200348EA3D
:1023A000030006FA03F0EEF7CDF80122A1F1F8736D
:1023B000013D0E926FE70123B3E70C90B2E7059B56
:1023C000A3EB0B030593CBF10003089300230B93BE
:1023D000BFE7002309930A9B002B52DC01230193E2
:1023E00004931A460A920BE00123F3E700230993B2
:1023F0000A9B5B4401930133012B0493B8BF012373
:10240000E0690021042202F114069E423DD9416098
:10241000204600F09FFD0090002839D1164B02465F
:1024200040F2AF11BDE60123E1E701250023079348
:1024300009954FF0FF330193049300221223D1E753
:1024400061436F63A787D23FB3C8608B288AC63FBA
:10245000FB799F501344D33F036F03081A6F03089F
:102460000000F07FFF6E0308F66E0308D36E0308CA
:102470000000F83F08700308726F030801230993F6
:10248000D7E70A9B01930493BAE701315200BAE7F8
:10249000E369009A1A60049B0E2B00F2A880002DBD
:1024A00000F0A580BBF1000F38DDC04B0BF00F0230
:1024B00003EBC2031BF4807FD3E900674FEA2B18BC
:1024C00019D0BB4B51EC180BD3E90823EEF7DEF91A
:1024D000CDE9020108F00F080325DFF8D492B8F126
:1024E000000F0AD1DDE9020132463B46EEF7CEF994
:1024F000CDE902012BE00225EFE718F0010F08D02B
:1025000030463946D9E90023EEF796F801350646FC
:102510000F464FEA680809F10809E0E700F09F80DC
:10252000CBF10006A14BA24F06F00F0203EBC20352
:10253000D3E9002351EC180BEEF77EF8CDE9020148
:10254000361100230225002E7ED1002BD0D10C9B0A
:10255000DDE90289002B00F08480964B0022404682
:102560004946EEF7DBFA00287BD0049B002B78D09D
:10257000019B002B39DD904B002240464946EEF787
:102580005BF8CDE90201019E0BF1FF370135DDE972
:1025900002892846EDF7E6FF42464B46EEF74CF837
:1025A000864B0022EDF792FEA1F15073CDE90201B6
:1025B0000393002E58D1824B002240464946EDF746
:1025C00083FEDDE9022380468946EEF7C5FA00283E
:1025D00040F09682DDE90221404601F10043494680
:1025E000EEF79CFA002840F089828DED028B119B5A
:1025F000002BC0F24E81BBF10E0F00F34A816B4BF2
:1026000003EBCB03D3E900890A9B002B80F2DC802B
:10261000049B002B00F3D88040F06F82684B0022AF
:1026200040464946EEF708F8DDE90223EEF78AFA5C
:10263000049E3746002840F04582009D312305F86E
:10264000013B0BF1010B41E2F20705D5D7E900236D
:10265000EDF7F2FF013501237610083773E7022505
:1026600075E7049E5F4692E70099504B9DED027B13
:10267000314402910999B0EE479AF0EE679A03EB64
:10268000C60353E90223002944D04E490020EEF747
:10269000FDF853EC192BEDF717FE009D41EC190BDB
:1026A00049464046EEF778FA0646EDF75BFF0246EC
:1026B0000B4640464946EDF707FE303605F8016BFC
:1026C00053EC192B80468946EEF728FA002864D18E
:1026D00042464B4637490020EDF7F6FD53EC192BE7
:1026E000EEF71CFA002840F0B680029B9D423FF4B2
:1026F0007CAF314B51EC190B0022EDF79DFF2E4BB7
:1027000041EC190B002240464946EDF795FF804603
:102710008946C5E751EC170BEDF78EFF029B009D34
:102720000F9341EC190B49464046EEF735FA064641
:10273000EDF718FF303602460B4640464946EDF7A6
:10274000C3FD05F8016B029B9D42804689464FF010
:10275000000224D11B4B51EC190BEDF7B7FD0246DB
:102760000B4640464946EEF7F7F9002873D153EC83
:10277000192B14490020EDF7A7FD02460B464046F1
:102780004946EEF7CBF900283FF42FAF0F9D6B1EA3
:102790000F9315F8013C302BF8D0BB464AE0064BAE
:1027A000EDF74AFF80468946BDE700BF0870030881
:1027B000E06F03080000F03F0000244000001C40D0
:1027C000000014400000E03FDDE90267009D424642
:1027D0004B4630463946EEF759F8EEF7DDF90190F1
:1027E000EDF7C0FE42464B46EDF726FF02460B468C
:1027F00030463946EDF768FD019E049F303605F8F6
:10280000016B009EAE1BB74202460B4634D1EDF77A
:102810005DFD42464B4606460F46EEF79DF9C8B9A8
:1028200042464B4630463946EEF76EF910B1019BF1
:10283000DB070FD45146204600F0CCFB00230D9A55
:102840002B700BF101031360219B002B3FF4E2ACD2
:102850001D60DFE45F462B461D4613F8012D392A23
:1028600006D1009A9A42F7D10099302201370A70B6
:102870001A7801321A7090E7A34B0022EDF7DCFEC4
:102880000022002306460F46EEF73EF900289ED0B0
:10289000D0E7099A002A00F0CA80079A012A00F3BB
:1028A000AD800E9A002A00F0A58003F23343089E03
:1028B000059D059A1A440592069A01211A4420465C
:1028C000069200F03DFC074665B1069B002B09DD32
:1028D000AB42059AA8BF2B46D21A0592069AED1A6A
:1028E000D31A0693089BF3B1099B002B00F0A38039
:1028F000002E10DD39463246204600F0E1FC5246FB
:1029000001460746204600F031FC514680462046ED
:1029100000F060FBC246089B9A1B04D0514620463B
:1029200000F0CEFC82460121204600F009FC0B9B02
:10293000002B064640F381801A460146204600F0EF
:10294000BFFC079B012B06467ADD4FF00008336978
:1029500006EB8303186900F0A5FBC0F12000069B7D
:10296000184410F01F0000F09480C0F12003042BE5
:1029700040F38580059BC0F11C0003440593069B32
:10298000034405440693059B002B05DD51461A467A
:10299000204600F0EFFC8246069B002B05DD314609
:1029A0001A46204600F0E6FC06460C9B002B72D02F
:1029B0003146504600F04AFD00286CDA00235146AB
:1029C0000A22204600F028FB099B0BF1FF3B8246C0
:1029D000002B00F0B081002339460A22204600F087
:1029E0001BFB019B002B074600F39680079B022BE5
:1029F00059DC91E0109BC3F1360358E7049B5E1E3F
:102A0000089BB342BFBF089B0B9A0896F31AB4BF4A
:102A1000D2189E1B049BBCBF0B920026002BB7BF95
:102A2000DDE90423DDE904359D1A002341E7089E12
:102A3000059D099F48E7089A70E7079B012B19DC61
:102A4000029BBBB9039BC3F313039BB9039B23F006
:102A500000431B0D1B0583B1059B01330593069BAA
:102A6000013306934FF001080B9B002B7FF46FAFEF
:102A7000012074E74FF00008F6E79846F4E782D0AB
:102A8000059A1C331A440592069A1A441D4406926C
:102A900079E70346F4E7049B002B37DC079B022B06
:102AA00034DD049B0193019B63B931460522204626
:102AB00000F0B2FA01460646504600F0C7FC002876
:102AC0003FF7BBAD0A9B009D6FEA030B4FF0000878
:102AD0003146204600F07EFA002F3FF4ABAEB8F14D
:102AE000000F05D0B84503D04146204600F072FAE9
:102AF0003946204600F06EFA9CE600263746E1E7AC
:102B0000BB46374699E500BF00002440099B002BD7
:102B100000F0C880049B0193002D05DD39462A464C
:102B2000204600F027FC0746B8F1000F5BD079681B
:102B3000204600F00FFA054628B9834B024640F2C2
:102B4000EF21FFF72EBB3A690232920007F10C0128
:102B50000C30FFF776FA01222946204600F00AFCE5
:102B6000009B01330493DDE9002313440893029B87
:102B700003F00103B84606930746049B3146013B28
:102B800050460193FFF76BFA4146029000F130097D
:102B9000504600F05BFC3A4605903146204600F076
:102BA00071FCC268054602BB0146504600F04EFC6F
:102BB000024629462046099200F00CFA079B099A22
:102BC000049D43EA0201069B194310D1B9F1390F64
:102BD00029D0059B002B02DD029B03F13109019BEB
:102BE00083F8009074E73846BAE70122E1E7059BD5
:102BF000002B04DB07990B4306990B4320D1002AD5
:102C0000EDDD51460122204600F0B4FB31468246FC
:102C100000F01CFC002803DCE1D119F0010FDED02C
:102C2000B9F1390FD8D1019A392313702B461D46BB
:102C3000013B15F8012C392A6CD001321A7047E794
:102C4000002A07DDB9F1390FEDD0019A09F101032E
:102C500013703DE7049B089A03F8019C934243D00C
:102C6000514600230A22204600F0D6F9B845824694
:102C70004FF000034FF00A024146204607D100F012
:102C8000CBF980460746049B0133049375E700F0B7
:102C9000C3F93946804600230A22204600F0BCF9D9
:102CA0000746F0E7049B0193009D31465046FFF72D
:102CB000D6F900F13009009B05F8019BEA1A019B47
:102CC000934207DD514600230A22204600F0A4F972
:102CD0008246EAE7019B002BC8BF1D46009BD8BF78
:102CE00001251D444FF0000851460122204600F006
:102CF00041FB3146824600F0A9FB002896DC02D158
:102D000019F0010F92D12B461D4613F8012D302AE0
:102D1000FAD0DDE6009A9A4289D10BF1010B3123FA
:102D200096E70A4BFFF799BA219B002B7FF46DAA17
:102D3000074BFFF792BA019B002BB5DC079B022BD8
:102D40003FF7B1AEB0E700BF726F0308D26E030861
:102D5000F66E030837B5002944D051F8043C0190C1
:102D6000002BA1F10404B8BFE41800F0E7F81E4AF4
:102D70000198136833B96360146003B0BDE8304054
:102D800000F0E2B8A34208D9256861198B4201BF5F
:102D900019685B6849192160EDE71A465B680BB159
:102DA000A342FAD911685518A5420BD124682144D1
:102DB0005418A3421160E0D11C685B6853600C4456
:102DC0001460DAE702D90C230360D6E7256861199D
:102DD0008B4204BF19685B68636004BF49192160B6
:102DE0005460CAE703B030BD006D0020024B0146BD
:102DF000186800F023B800BFF004002070B50E4E34
:102E00000C463168054611B900F096FE3060214647
:102E1000284600F091FE431C0AD0C41C24F0030491
:102E2000A04207D0211A284600F086FE013001D1C9
:102E30004FF0FF34204670BD046D00202DE9F843AB
:102E4000CD1C25F0030508350C2D38BF0C25002DB1
:102E5000074601DBA94205D90C233B60002630461A
:102E6000BDE8F883DFF8D08000F068F8D8F80030CB
:102E70001C465CBB29463846FFF7C0FF431C04468E
:102E800055D1D8F800402646002E45D1002C48D018
:102E900023683146384604EB030900F04DFE8145B6
:102EA0003FD121686D1A29463846FFF7A7FF013048
:102EB00037D023682B442360D8F80030002B38D05B
:102EC0005A68A2422BD100225A600FE02268521B9E
:102ED0001FD40B2A17D96119A342256018BF596066
:102EE000636808BFC8F8001062514B60384604F1AF
:102EF0000B0600F029F826F00706231DF21AAED0C3
:102F00009B1BA350ABE7A3426268DDD1C8F8002049
:102F1000ECE723466468ACE734467668B4E71346CA
:102F2000CCE70C233B60384600F00EF897E72560AD
:102F3000DCE75B60FFDE00BF006D00200148FFF7AB
:102F40007EB800BFFC6C00200148FFF779B800BFD5
:102F5000FC6C002070B5C66904460D4676B9102099
:102F6000FFF744FF0246E06120B9184B18486B2177
:102F700000F0F2FDC0E901660660C660E669F3682C
:102F800083B1E369DB6853F82500B8B9012101FA80
:102F900005F6721D9200204600F0FCFD60B1C0E90C
:102FA00001560EE021220421204600F0F3FDE369E2
:102FB000F060DB68002BE4D1002070BD026843F8AC
:102FC00025200023C0E90333F7E700BF036F0308A0
:102FD000836F030870B5C66905460C4676B91020A4
:102FE000FFF704FF0246E86120B9094B09488F2129
:102FF00000F0B2FDC0E901660660C6603CB1EB6955
:103000006268DB6853F82210216043F8224070BDEB
:10301000036F0308836F03082DE9F0410D6907462C
:103020000C461E4601F1140C0020DCF8003099B269
:1030300002FB01611E0C0B0C02FB063389B201304E
:1030400001EB034185424CF8041B4FEA1346ECDCCC
:103050000EB3A368AB4219DC616838460131FFF753
:1030600079FF804628B902460C4B0D48BA2100F082
:1030700073FD2269023204F10C0192000C30FEF75C
:10308000E0FF21463846FFF7A5FF444604EB8503E1
:1030900001355E6125612046BDE8F081726F03084D
:1030A000836F0308030C1B04D3B90004102310F032
:1030B0007F4F04BF0002083310F0704F04BF0001BF
:1030C000043310F0404F04BF80000233002805DBBA
:1030D00010F0804F03F1010308BF2023184670470A
:1030E0000023E4E7036813F007020CD0D90722D4C9
:1030F0009A0749BF5B089B08036001225CBF03601D
:1031000002221046704799B209B91B0C1022D9B29D
:1031100009B908321B0A190704BF1B0904329907B1
:1031200004BF9B080232D90703D45B0802F10102F5
:1031300003D00360E5E70022E3E72022E1E7000097
:1031400010B50C460121FFF705FF024628B9054BD3
:10315000054840F2451100F0FFFC01234461036182
:1031600010BD00BF726F0308836F03082DE9F04F95
:1031700091460A69D9F810309A42B8BF0B460C46FE
:10318000BCBF4C4699462769D9F810A0A36861686E
:1031900007EB0A06B34285B0B8BF0131FFF7DAFE8C
:1031A00030B90246444B45484FF4B17100F0D4FCAD
:1031B00000F1140505EB86082B460022434521D378
:1031C00004F1140303EB870709F1140303EB8A02EC
:1031D00002923A1B153A22F00302043204F115015F
:1031E0008F4238BF04220192029A03939A420CD86C
:1031F000002E03DD58F8043D002B5BD0066105B0BE
:10320000BDE8F08F43F8042BD8E7B3F800A0BAF17B
:10321000000F24D004F1140EA9464FF0000C5EF804
:10322000042BD9F800101FFA82FB89B20AFB0B119C
:103230004FEA124BD9F8002061444FEA124C0AFBC6
:103240000BC202EB114289B241EA0241774549F8CB
:10325000041B4FEA124CE2D8019A45F802C0039AC7
:10326000B2F802900433B9F1000F21D0296804F1BB
:10327000140CAE464FF0000ABCF800B0BEF80220B5
:1032800009FB0B22524489B241EA02414EF8041B69
:103290005CF8041B4FEA114ABEF8001009FB0A1142
:1032A00001EB124167454FEA114AE5D8019AA9504E
:1032B000043599E7013E9BE7726F0308836F0308AB
:1032C0002DE9F843154612F0030206460F4607D0D3
:1032D000254C013A002354F82220FFF79DFE0746B3
:1032E000AD103DD0F4697CB91020FFF77FFD024698
:1032F000F06128B91D4B1E4840F2B31100F02CFCC0
:10330000C0E901440460C460D6F81C80D8F80840C5
:103310004CB940F271213046FFF712FF0023C8F884
:103320000800044603604FF00009EB070AD5394650
:1033300022463046FFF71AFF394680463046FFF7EF
:1033400049FE47466D100BD0206838B92246214609
:103350003046FFF70BFF2060C0F800900446E4E71A
:103360003846BDE8F88300BFD0700308036F030838
:10337000836F03082DE9F0470C464968236903EB86
:103380006218A368074691464FEA621A08F10106DF
:10339000B3420BDB3846FFF7DDFD054648B9024670
:1033A000284B29484FF4EF7100F0D6FB01315B0048
:1033B000EEE7002300F1140100F110021846534516
:1033C00033DB20692AEAEA7A04F1140319F01F09B1
:1033D00001EB8A0103EB800C2BD0C9F1200E8A4649
:1033E0000022186800FA09F010434AF8040B53F859
:1033F000042B9C4522FA0EF2F3D8ACEB0403153BE8
:1034000023F00303043304F11500844538BF04237B
:10341000CA500AB108F10206013E38462E61214623
:10342000FFF7D8FD2846BDE8F08742F8040F0133C6
:10343000C5E7043953F8042B41F8042F9C45F9D80B
:10344000EAE700BF726F0308836F030830B50269B3
:103450000C69121B0ED100F11403143103EB84002C
:1034600001EB840150F8045D51F8044DA54203D0EE
:1034700005D30122104630BD8342F3D3FAE74FF063
:10348000FF32F7E72DE9F84F0C4606461146204675
:103490009046FFF7DBFF051E10D129463046FFF7A7
:1034A00059FD30B93A4B024640F23721394800F015
:1034B00053FB0123C0E90435BDE8F88FA4BF4346A0
:1034C000A0463046D8F80410A6BF1C4600250125AA
:1034D000FFF740FD20B92E4B024640F24521E5E7BB
:1034E000D8F810702669C56004F1140908F11405B4
:1034F00000F1140E05EB870C09EB860608F11002AB
:10350000F246002159F8043B52F804BF11FA8BF837
:1035100099B21B0CA8EB0108C3EB1B4303EB284338
:103520001FFA88F819144E4548EA03434AF8043B49
:10353000E8D8331B153B23F0030304331534A642AC
:1035400038BF04231D4473449E462E4666450ED361
:103550000CF10302521B22F00302033DAC4538BFBD
:103560000022134453F8042D7AB10761A4E756F8FA
:10357000048B11FA88F2141404EB184492B242EA54
:1035800004424EF8042B2114E0E7013FEAE700BFB4
:10359000726F0308836F03082DE9F7430F4601217B
:1035A00059EC108B1646FFF7D5FC044630B902469D
:1035B000244B254840F20F3100F0CEFAC9F30A55EA
:1035C000C9F313032DBB0193B8F1000326D068465D
:1035D0000093FFF787FDDDE90012E8B1C0F1200399
:1035E00002FA03F30B43C24063610192019BA361A2
:1035F000002B14BF022201222261BDB1A5F2334586
:1036000005443D60C0F135003060204603B0BDE8A0
:10361000F08343F48013D6E76161E7E701A8FFF781
:1036200061FD019B636120300122E5E704EB820329
:10363000A0F2324038601869FFF734FDC0EB421049
:10364000E2E700BF726F0308836F03089368013BD2
:10365000002B10B4936008DA9469A34201DB0A29B5
:1036600003D15DF8044BFEF7D8BB1368581C1060FB
:10367000197008465DF8044B7047F8B506460F46CA
:103680001446D518AC4201D1002007E014F8011B04
:103690003A463046FFF7DAFF431CF3D1F8BD00008D
:1036A0002DE9F04F0D469DB014469846064618B1D8
:1036B000036A0BB9FEF726FB6B6ED90705D4AB89FD
:1036C0009A0502D4A86DFEF7BAFCAB891B0701D599
:1036D0002B699BB929463046FEF7DCFB70B16B6E57
:1036E000DC0704D54FF0FF301DB0BDE8F08FAB898B
:1036F0009805F7D4A86DFEF7A3FCF3E70023099320
:1037000020238DF82930CDF80C803023DFF8B081EC
:103710008DF82A304FF0010923469A4613F8012B01
:103720000AB1252AF9D1BAEB040B0BD05B4622462D
:1037300029463046FFF7A1FF013000F0A980099A21
:103740005A4409929AF80030002B00F0A18000231F
:103750004FF0FF32CDE905230AF1010A04930793E4
:103760008DF853301A935446052214F8011B54481F
:10377000ECF74EFD049AD8B9D10644BF20238DF84A
:103780005330130744BF2B238DF853309AF8003081
:103790002A2B15D0079A544600204FF00A0C2146D8
:1037A00011F8013B303B092B4DD9B0B1079214E021
:1037B000A0EB080309FA03F313430493A246D2E7EC
:1037C000039B191D1B680391002BBBBF5B4242F09A
:1037D000020207930793B8BF049223782E2B0CD1D3
:1037E00063782A2B34D1039B1A1D1B680392002B8C
:1037F000B8BF4FF0FF3302340593DFF8D4A021782F
:1038000003225046ECF704FD38B1049BA0EB0A00FC
:103810004022824013430134049314F8011B2948C9
:103820008DF828100622ECF7F3FC00283FD0264B39
:103830001BBB039B073323F0070308330393099B48
:103840003B44099368E70CFB02320C460120A6E7D3
:1038500000230134059319464FF00A0C204610F856
:10386000012B303A092A03D9002BC6D00591C4E7B1
:103870000CFB012104460123F0E703AB00932A4629
:10388000124B04A93046FDF7EBFD0746781CD6D154
:103890006B6ED90705D4AB899A0502D4A86DFEF7E3
:1038A000CFFBAB895B063FF51DAF09981CE703AB67
:1038B00000932A46054B04A93046FEF775F8E4E765
:1038C000DC700308E6700308611401087B36010808
:1038D000E27003088A892DE9F041054610070C467D
:1038E00058D44B68002B05DC0B6C002B02DC00204D
:1038F000BDE8F081E66A002EF9D0002312F4805270
:103900002F68216A2B6032D0606DA3895A0705D5D4
:103910006368C01A636B0BB1236CC01A00230246A4
:10392000E66A216A2846B047431CA38906D1296864
:103930001D292BD8294A0A41D60727D400226260C4
:10394000D9042269226004D5421C01D12B6803B935
:103950006065616B2F600029C9D004F1440399426E
:1039600002D02846FFF7F6F900206063C0E7012384
:103970002846B047411CC8D12B68002BC5D01D2B51
:1039800001D0162B01D12F60B1E7A38943F040038A
:10399000A381ADE70F69002FA9D093070E6808BF78
:1039A0004B690F6018BF0023A6EB07088B60B8F1C6
:1039B000000F9CDD216AA66A43463A462846B04776
:1039C000002806DCA38943F04003A3814FF0FF30B9
:1039D0008EE70744A8EB0008E9E700BFFEFFBFDF62
:1039E00038B50B6905460C4613B90025284638BD85
:1039F00018B1036A0BB9FEF785F9B4F90C30002B46
:103A0000F3D0626ED00704D4990502D4A06DFEF7FE
:103A100016FB28462146FFF75DFF636EDA07054671
:103A2000E4D4A3899B05E1D4A06DFEF709FBDDE793
:103A300070B50C46B1F90E10002996B015461E4619
:103A40000DDAA38913F0800F4FF000010CBF4FF483
:103A500080634023002031602B6016B070BD6A4641
:103A600000F048F80028ECDB019901F47041A1F561
:103A70000053594259414FF48063EBE78B8973B58A
:103A80009D0706460C4607D504F1470323602361D2
:103A90000123636102B070BD01AB6A46FFF7C8FF46
:103AA000009905463046FFF7C9F948B9B4F90C301A
:103AB0009A05EFD423F0030343F00203A381E3E765
:103AC000A389206043F08003A381009B6361019B75
:103AD00020615BB1B4F90E10304600F01DF828B13A
:103AE000A38923F0030343F00103A381A3891D43AA
:103AF000A581CFE738B5074D002304460846114697
:103B00002B60F0F75FFC431C02D12B6803B12360EC
:103B100038BD00BFF86C002038B5064D00230446C0
:103B200008462B60F0F75EFC431C02D12B6803B102
:103B3000236038BDF86C002038B5064D00230446DC
:103B400008462B60F0F766FC431C02D12B6803B1DA
:103B5000236038BDF86C00201FB514461A46094B87
:103B60001B680546D8684CB1074B0091CDE901347C
:103B700006492B4600F044F800F054F8044B1C466C
:103B8000F3E700BFF0040020F77003080471030896
:103B90003271030837B5A1FB02244CB911460192DA
:103BA000FFF74CF9019A054630B9284603B030BDFD
:103BB0000C2202600025F8E72146FEF7C3F9F4E77E
:103BC00082B001B901A942B14BB113780B601278F0
:103BD000101E18BF012002B070471046FBE76FF0BF
:103BE0000100F8E749B1FF2A85BF8A2303600A7004
:103BF0004FF0FF3098BF0120704708467047000023
:103C00000EB403B5014603AB054853F8042B006816
:103C10000193FFF745FD02B05DF804EB03B0704778
:103C2000F004002008B5062000F02CF80120F0F781
:103C300096FB1F2938B504460D4604D916230360A8
:103C40004FF0FF3038BDC26B12B152F821304BB982
:103C5000204600F031F82A4601462046BDE83840AB
:103C600000F018B8012B0AD0591C03D116230360A9
:103C70000120E7E7002442F8254028469847002025
:103C8000E0E70000024B01461868FFF7D2BF00BF13
:103C9000F004002038B5074D0023044608461146BD
:103CA0002B60F0F74CFB431C02D12B6803B123605F
:103CB00038BD00BFF86C0020F0F739BBF8B500BF85
:103CC000F8BC08BC9E467047F8B500BFF8BC08BCFD
:043CD0009E46704755
:103CD80073747265616D2066756C6C00696F206520
:103CE80072726F72000000006172726179206D61FA
:103CF800782073697A652065786365656465640012
:103D0800286E6F6E65290000696E76616C696420A3
:103D18006669656C642074797065000063616C6C19
:103D28006261636B206572726F7200006D697373F4
:103D3800696E672072657175697265642066696568
:103D48006C640000696E76616C69642065787465DE
:103D58006E73696F6E0000007375626D7367207310
:103D6800697A65206368616E67656400696E76616B
:103D78006C696420646174615F73697A650000002E
:103D880062797465732073697A65206578636565FF
:103D9800646564007A65726F2D6C656E677468205F
:103DA800737472696E670000756E7465726D696E02
:103DB8006174656420737472696E6700696E7661F8
:103DC8006C6964206669656C6420646573637269F4
:103DD80070746F72000000004E4F5F474553545592
:103DE8005245000057524953545F5348414B455F71
:103DF8004A4947474C450000464C49434B5F494EAA
:103E080000000000464C49434B5F4F5554000000EA
:103E18004E4F524D414C00004C4F5720504F574584
:103E280052000000504552464F524D414E43450006
:103E38004E4F5F544150000053494E474C455F5424
:103E480041500000444F55424C455F5441500000DA
:103E5800444F55424C455F53494E474C455F54418A
:103E680050000000545249504C455F5441500000E6
:103E7800545249504C455F53494E474C455F544155
:103E880050000000545249504C455F444F55424C35
:103E9800455F544150000000545249504C455F441E
:103EA8004F55424C455F53494E474C455F5441502E
:103EB800000000005B4D455441204556454E545D79
:103EC800000000005B4D455441204556454E5420A6
:103ED80057414B452055505D000000004D65746109
:103EE80020414900426F776965476C6F766500002D
:103EF8003132333435363738390000004461746163
:103F0800000000004446550025732025643A2041EE
:103F18005353455254204641494C45440D0A00002C
:103F280025732025643A2041535345525420464175
:103F3800494C45440D0A000025732025643A204168
:103F48005353455254204641494C45440D0A0000FC
:103F580025732025643A2041535345525420464145
:103F6800494C45440D0A000025732025643A204138
:103F78005353455254204641494C45440D0A0000CC
:103F880020207C007C0D00004E554C4C0D0000009C
:103F9800253034583A200000253030580000000001
:103FA80004110040081104400C14084010140C407F
:103FB800141410400000000000000000A83F010891
:103FC800C03F0108000000000000000005000000DC
:103FD8000500000004110040081104400C140840BA
:103FE80010140C4014141040181414401C141840D9
:103FF8000000000000000000DC3F0108FC3F010851
:10400800000000000000000007000000070000009A
:1040180004110040081204100C11084010110C4043
:104028001518014014001400191801402C001C0038
:1040380000000000C43F0108004001080000000023
:10404800184001083C400108000000000000000082
:1040580006000000060000002B66000000004C0966
:104068004F55A498B6316E32C0C72A80B12E69D494
:10407800F956024A0A20337172EA65EA08D3AE3269
:10408800000000000E5A8F62DFDEAD21D0113878B3
:1040980003111ED2EF48630E000000003206EF1431
:1040A800F5CAA749934054DEFC9E367045E9CF7D9A
:1040B800F04F010084746C6CDC3901002E14000090
:1040C80000000000F00000000000000000000000F8
:1040D80074D6375FB87A1300D0291000D0291000A1
:1040E800D0291000D0291000D0291000D0291000A4
:1040F800D0291000D0291000DC9A1000D029100017
:10410800D0291000D0291000D029100084460100C1
:10411800D0291000985F12000CB11000D0291000AF
:1041280068B3100068B3100068B31000804D120027
:104138007C6D12007C6D120064B61000ECB61000A5
:1041480034B81000406A1200D02910002C1A100050
:10415800C8B5100010151000D0291000D029100083
:10416800B81810006C191000246E1200246E12008A
:10417800246E12008CCA1200C102CFF25D074FF6FE
:10418800F5040001590600014D06CFF76906CFF77F
:104198008506CFF7D907CFF7E505CFF93506CFF96B
:1041A8001107CFF9A1010FFAA9010FFA95020FFA29
:1041B80009060FFAB100C00719014FFAB5044FFA02
:1041C800F5044FFA5D054FFA2D04C00059064FFA61
:1041D80071064FFA9500C007B5018FFAD9018FFA19
:1041E8000D01C00741028FFA65038FFABD038FFAEC
:1041F80015048FFA61048FFA79048FFA2901C00730
:10420800F9048FFAD90540014D068FFA81078FFA14
:10421800A501CFFAA502CFFA6D03CFFA7906CFFA36
:10422800B502400135000FFB75000FFBA9000FFB1D
:10423800D9000FFBE1000FFBED000FFBF5000FFBB2
:1042480005010FFB49020FFB4D020FFB55020FFB47
:1042580065020FFB75020FFB81020FFB75030FFB55
:10426800AD040FFBD5040FFBED040FFBF5040FFBAA
:1042780019050FFBC903400121060FFB8D03C00779
:10428800D9060FFB29014FFB3105C00015024FFB72
:10429800F1024FFBAD00800065008000F50740008B
:1042A800390080001100800079008000D90080006A
:1042B800B5008000F5054FFBB9064FFBFD064FFB27
:1042C8006903400151068FFB2902CFFBB5020FFCA1
:1042D80035040FFC81040FFC8D040FFC61050FFCF5
:1042E8000D018FFDA1018FFDB1018FFDC1018FFD72
:1042F8002902400191038FFD09058FFD7104C0005B
:104308009900CFFD0504C00051020FEFBD04CFFD99
:104318002505CFFD6D06CFFDA506CFFD5D07CFFDB9
:10432800F507CFFD29000FFEB901400111020FFE6C
:10433800A1020FFE39030FFEC9030FFEB1040FFEE1
:1043480071070FFEA5068008FD070FFE0D004FFE42
:1043580061004FFEB5004FFEB9004FFECD004FFE85
:10436800F5004FFE05024FFED9058FFE65068FFE4C
:104378007D068FFE7500400135078FFE49078FFEC9
:104388006D078FFEE5078FFE1500CFFE9D00CFFE5F
:10439800B500CFFEE500CFFE5901CFFE0502CFFEE6
:1043A8001D02CFFE510680085D0680086906800858
:1043B800350780084D02CFFE9D02CFFEA502CFFE35
:1043C8007D0780084D03CFFEB503CFFE1904CFFE4D
:1043D8008104CFFEA904CFFEC9078008F107800831
:1043E800B1060001D906CFFE9907CFFE9500C00897
:1043F800C900C008F100C0087D000FFFBD000FFF15
:10440800890500013502C00881020FFF85020FFFF0
:10441800D502C000CD020FFF19030FFF19030FFFCC
:10442800850540006D064FFF35008FFF5902CFEF1D
:104438000D03CFEFAD03CFEF0104CFEF8D04CFEF26
:104448009D04CFEF1105CFEF5905CFEF6905CFEFE9
:104458001D01000299010002AD020002AD03000235
:1044680075040002C5040002C505000245060002E5
:104478007D030FF0450700026100400291004002F1
:10448800650140024903400231004FF05D014FF0E1
:1044980009028FF051078FF02100CFF04500CFF0CF
:1044A800B101CFF0FD06CFF00507CFF0DD000FF129
:1044B800E9000FF1DD03400279050FF131060FF134
:1044C80039060FF149060FF12D004FF181004FF128
:1044D8006D048002E105800251068002D90680023F
:1044E800F9068002F90680026D078002B90780028A
:1044F80085044FF16D074FF171074FF179074FF1BF
:104508007D074FF181074FF19D074FF1AD074FF13F
:10451800B1074FF1B1074FF149018FF1A1018FF1B7
:10452800DD018FF17D028FF179038FF105048FF1A1
:104538001900C002C9068FF161078FF1F9078FF1E1
:10454800D500CFF19902CFF1A102CFF1BD03CFF190
:10455800F101C0026102C002D502C0028D04C0028E
:104568003905C002FD05C002B106C00249010003B9
:10457800490100039501000331020003A50200036D
:10458800E1020003690300038D030003CD03000368
:104598000505000379050003D1060003F9070003A8
:1045A800ED004003DD0140032107400321074003DC
:1045B80051074003190080038D008003DD0080034C
:1045C80009068FF221068FF2FD07CFF249000FF39B
:1045D8004D010FF371010FF381010FF3B5010FF3D3
:1045E800B9010FF3C5010FF311020FF3690380033B
:1045F8009903800351048003890580030D06800315
:104608007D068003D5068003F106800355078003E5
:10461800F501C0032503C003E505C003B106C003C7
:104628002907C0032900000429000004C50200046A
:10463800DD048FF359058FF309068FF36D068FF3A9
:104648007D068FF3FD068FF311078FF385078FF330
:1046580035060004FD060004450140040503400436
:104668009D034004F504400459054004C10080043A
:104678006D0580040906800441078004AD01C0046B
:10468800E901C004F503C004A906C0041107C00469
:104698006D00000535010005B5020005B5020005ED
:1046A800510300056D03000545050005010040059F
:1046B800E50040052103400501010FF54D010FF507
:1046C800E5020FF509030FF519030FF5CD030FF5F3
:1046D800D1030FF5DD030FF5B1040FF53D054005D6
:1046E800C505400561064005C5064005F9074005B2
:1046F800650080056500800575008005F10080056E
:1047080049028005CD00CFF5E100CFF53101CFF5A5
:10471800FD01CFF5ED02CFF58103CFF5E903CFF524
:104728004504CFF52505CFF5ED010FF609020FF683
:1047380085020FF6C1020FF6F9020FF625074FF6AC
:104748007D074FF6C1074FF655008FF6C5018FF666
:1047580039028FF649028FF6E9028FF6F1028FF6D9
:10476800BD038FF671048FF61D058FF60500CFF691
:104778008500CFF69500CFF67D01CFF68501CFF6FF
:10478800A902CFF6D902CFF6A503CFF6CD05CFF60D
:104798006106CFF67106CFF62907CFF63107CFF6B7
:1047A80021000FF7E1000FF765010FF721030FF75D
:1047B8004D030FF7B1030FF7C1030FF791040FF77C
:1047C800AD040FF7B1050FF721060FF781060FF7B4
:1047D80091070FF7E5070FF705004FF7A1004FF70F
:1047E800B1004FF761014FF775014FF7A1014FF77E
:1047F800C5014FF719024FF789024FF7C1024FF76A
:10480800F1024FF75D034FF7DD044FF735054FF71A
:1048180045054FF709064FF719064FF7F5064FF705
:104828008D058FF7A5058FF71D078FF75D078FF7A4
:10483800DD00CFF77D01CFF7D90680058D0780050C
:104848001D05CFF7DD05CFF73501C005E903C00524
:1048580051000FF8A1000FF839010FF811020FF8F5
:1048680079020FF88104C0051507C0056107C00566
:10487800FD07C00585000006A90000063D004FF8A9
:1048880045004FF859004FF8BD01000651014FF897
:1048980085030006690500065502400689008FF861
:1048A8003D03400601018FF845018FF8AD018FF8EF
:1048B80021028FF871028FF8C1028FF8DD028FF89C
:1048C800ED028FF835038FF8E1038FF8F1038FF8C5
:1048D800F5038FF821048FF83D048FF865048FF8ED
:1048E80079048FF8E504C0069105C006FD000FF9AC
:1048F800B5010FF9B505C006950200079502000736
:10490800BD0200074D05000719048FF9B9048FF996
:10491800C9048FF9F9048FF909058FF909058FF989
:10492800CD064007D1058FF9ED068FF90D07400731
:104938005503CFF9450740078103CFF9ED03CFF9B8
:104948002904CFF9CD074007E50740076904CFF9E7
:10495800FD0740071D008007FD04CFF931008007DF
:10496800490080074105CFF95D0080076505CFF94B
:104978007505CFF98905CFF99D05CFF9C105CFF99F
:10498800E105CFF9B906CFF90107CFF91907CFF932
:104998004D07CFF99507CFF9710080078900800787
:1049A8003D060FFA89070FFAE1070FFAF9070FFA20
:1049B8002D004FFA2D004FFAD5008007ED00800733
:1049C800FD048FFA15058FFA41058FFAB9018007A2
:1049D800D5018007D5058FFA51078FFA69078FFA35
:1049E8009D078FFAC50380070D06CFFA2506CFFA73
:1049F8005D06CFFA4D018FFB65018FFB8903CFFB65
:104A08009103CFFBC503CFFB5906CFFB7106CFFB44
:104A1800A906CFFBC106CFFBFD06CFFB1507CFFBD1
:104A28004907CFFB6507CFFB05000FFC6D000FFCA6
:104A38009D000FFCED000FFCF9000FFC4D010FFC71
:104A4800B1010FFC8901C0072903C00745030FFC0A
:104A580081030FFCCD030FFC2103C0075503C007DA
:104A68002105C007B9060FFCC9060FFC2105C007C0
:104A78008105C00749070FFC59070FFC69014FFC66
:104A880071014FFC81014FFC9D014FFC9505C0074A
:104A9800D5014FFCD9014FFCE9014FFC75024FFCD1
:104AA800ED05C007C9044FFCE1044FFC7D054FFC30
:104AB80025064FFC19074FFCCD07C007E5008FFC02
:104AC800D507C007F5008FFCDD07C007F5018FFC8F
:104AD8008D000008F1038FFC91048FFC750200081B
:104AE8002D030008DD050008F105000821078FFCEB
:104AF800DD078FFCED02CFFC6104CFFC6504CFFC21
:104B0800B504CFFCBD04CFFCD904CFFC1505CFFC00
:104B18001D05CFFC8506CFFCD90140086D000FFDAF
:104B2800E501400819020FFD31020FFD75020FFD66
:104B380051024008ED030FFD05040FFD31040FFD80
:104B4800A9050FFD55004FFD6D004FFDE5004FFD18
:104B580095014FFD9D014FFDB1014FFDC9014FFD6D
:104B6800AD034FFD49028FFD61028FFD2D03400803
:104B780001048FFD19048FFDC9058FFDD504CFFDF4
:104B8800ED04CFFDB5020FFE9D038FFEB5038FFE2A
:104B980075000FFF8D000FFF59020FFF71020FFF05
:104BA80059028FFFB5028FFFD9000004F1060FF6F6
:104BB800CD010001FD004FF631020001150380050B
:104BC800DD05CFF8ED06CFF841024FF94D024FF958
:104BD800AD060007ED078000B5068FF9FD068FF9D1
:104BE8004D07CFFAF90400001102000129048007DB
:104BF80079010001C5010001910100014504800708
:104C0800DD048007A1008FFB2D068007AD028FFB16
:104C1800E9020FFDF9020FFD9901C00905034FFDD7
:104C28003501000071010000FD038FFD2D02CFEE5C
:104C380065048FFDF5048FFDF906CFFD99050FFE7C
:104C480045074FFEE105400801064008090000003D
:104C580085000000E2C20845018068408420030CFA
:104C68001908310448410E8D0015061021421D789F
:104C78004A0E6FFB0143C2C6284D4C700208E00083
:104C8800084300150610004161402142FA0A2FF638
:104C98000143C2C6E2C20845018068408420030C73
:104CA8001908310448410E8D0015061021421D785F
:104CB800EE0D6FFB0143C2C6284D4C70C20FA00019
:104CC800084300150610004161402142CE0A2FF624
:104CD8000143C2C6E2C20845018068408420030C33
:104CE8001908310448410E8D0015071021421D781E
:104CF8001E0E6FFB0143C2C6284D4C70820FA000E8
:104D08000843001507100041614021428A0AE0006B
:104D18000143C2C6E2C20845018068408420030CF2
:104D28001908310448410E8D0015071021421D78DD
:104D3800A60D6FFB0143C2C6284D4C70420FA00060
:104D4800084300150710004161402142620AE00053
:104D58000143C2C6E2C20845018068408420030CB2
:104D68001908310448410E8D0015061021421D789E
:104D7800E20A6FFB0143C2C6284D4C71020FA00026
:104D8800084300150610004161402142CE092FF664
:104D98000143C2C6E2C20845018068408420030C72
:104DA8001908310448410E8D0015071021421D785D
:104DB800BE0A6FFB0143C2C6284D4C71C20EA0004B
:104DC800084300150710004161402142FA09E0003C
:104DD8000143C2C6F1C081808424031C110C311424
:104DE800001005000E881D789E5A04F010E08E5AB7
:104DF800D1C0E07EF1C081808424031C110C3114E1
:104E0800001006000E881D78A05A04F010E08F5A92
:104E1800D1C0E07EF1C081808424031C110C3114C0
:104E2800001006000E881D789F5A04F010E0905A72
:104E3800D1C0E07EF1C081808424031C110C3114A0
:104E4800001006000E881D789C5A04F010E08D5A58
:104E5800D1C0E07EFC1C88B7E1C0E1C1E1C2E1C37A
:104E6800FC1C08B1FC1C48B1FC1C88B1FC1CC8B176
:104E7800FC1C08B2FC1C48B2FC1C88B2FC1CC8B262
:104E8800E1C4F1C0FC1C08BF6A208000E1C06A20B0
:104E9800C000E1C0C340F0002D000088C1B8F02672
:104EA8000170A000A47E03E94079C1C06B20C00056
:104EB800C1C06B208000C1C00A240070D1C0C1C429
:104EC80004140B3404140A34041409340414083484
:104ED8000414073404140634041405340414043484
:104EE800C1C3C1C2C1C1C1C004141E346F243F0074
:104EF800E4C22F27BF036F233F00CB45A000A24287
:104F0800208D06210000820BAFEE00AD208D1470BD
:104F1800C340F000340005F27B00200033A8A0B99C
:104F280033A820AD00168070A000A142147033F29F
:104F38000016C070A000B042CB44A000A04214707C
:104F4800C343F000400226002B00408C6D71E5B889
:104F5800002B80102F27BF006F233F0012F42583FA
:104F6800067925A32F26BF0011F02F277F006F2376
:104F78003F0007830F20800007A32F267F000BF038
:104F88002583257805A32F26BF00008C002B001051
:104F980006A32F26BF03C4C6E6C1A3C12F273F021D
:104FA8006F233F006F263F0437886D7034700CF212
:104FB800358883E93688448005B9422101083A6278
:104FC800688A74708E00210080C4E782C682FFD987
:104FD8005ADD181A800F1200E8FB87A240C641C7A5
:104FE8004F00200042C1AB25081E00168170F0005A
:104FF8003500C5B9347210F46F273F006F233F00A6
:10500800AA215A004B2180830BF22F21BF0F0000E9
:1050180077000BF02F21BF0F0000B70005F02F21FC
:10502800BF0F0000B7006F263F04688A02C108EB73
:105038008C21C38F04F477887470D7F58C21C38FC3
:105048006D7109F427820F09010301C127A200C16C
:1050580026A22F263F026140C6C5E07814707C0066
:10506800210000432F273F036F233F006F263F0493
:1050780022F029F400168070F0003500C5B81472CB
:105088000FF46F273F006F233F00AA205A004B20E0
:1050980080830CF22F21BF0F000077000AF02F2128
:1050A800BF0F0000B70006F02F21BF0F0000B700A8
:1050B8006F263F044C8B00815470BA07E2FF8C20A6
:1050C800C38F2F263F038C20C38F0041CA21E108DC
:1050D8005470E07FCA204100E07F23D8E8C3A3C111
:1050E8002F273F046F233F006F263F042D90AD709C
:1050F80034700CF22B9083E92C90247742805A214B
:1051080001053A622C8A34709400210080C3C4825D
:10511800A282FFDC081A800F1300343F64A240C546
:1051280041C65100200042C4AB21080E0016817010
:10513800F0003500C5B934720FF46F273F006F23B4
:105148003F00AA215A004B2180830CF22F21BF0F68
:10515800000077000AF02F21BF0F0000B70006F00B
:105168002F21BF0F0000B7006F263F042C8A02C40E
:1051780009E98C24C39F07F42D903470AC07E2FF33
:105188005AD98C24C39FAD710AF404821108C10056
:1051980001C004A200C002A291D867582F263F047C
:1051A800A140C8C700168070F0003500C5B8147259
:1051B8000FF46F273F006F233F00AA205A004B20AF
:1051C80080830CF22F21BF0F00007700E07E2F2193
:1051D800BF0F0000B700E07E2F21BF0F0000B7000F
:1051E800E07EE078F1C002881708BF01F6D8021106
:1051F800C0000D0832000C70D1C0E07EF0D89209D2
:10520800AFF42C71E4C2C34200000000C3430000A5
:1052180000002845AE0D6FF908464C706C70C1400F
:10522800320B6008A141C4C6E4C2C34200000000BA
:10523800C3430000000028458A0D6FF908464C71E9
:105248006C70C1400E0B6008A141C4C6E4C2C342E1
:1052580000000000C343000000002845660D6FF9F8
:1052680008464C726C70C140EA0A6008A141C4C685
:10527800E2C2C34200000000C343000000003E0D2C
:105288006FF908454C736C76CA0A6008A140C2C61B
:10529800E4C2C34200000000C343000000002845E8
:1052A800220D6FF908464C746C70C140A60A60085C
:1052B800A141C4C6E4C2C34200000000C3430000C9
:1052C80000002845FE0C6FF908464C756C70C1400B
:1052D800820A6008A141C4C6E4C2C3421300D4795B
:1052E800C3431300D8792845DA0C6FF908464C7681
:1052F8006C70C1405E0A6008A141C4C6E4C2C342E2
:1053080000000000C343000000002845B60C6FF9F8
:10531800084607DA6C70C1403A0A6008A141C4C661
:10532800F1C0C34200000000C34300000000860C27
:105338004FF908DA1E0A60086C74D1C0E07EE07884
:10534800E4C2C34200000000C34300000000284537
:10535800720C6FF9084609DA6C70C140F6096008EA
:10536800A141C4C6E2C2C34200000000C34300001A
:1053780000004A0C6FF908450ADA6C76D60960080D
:10538800A140C2C6E2C3A1C13A0CEFFA084540C029
:1053980040240530C34200000000C3430000000061
:1053A8008C76720BEFFAA140402404300BDA6C764D
:1053B80092096008A14000C0C2C7E078E4C2AD709D
:1053C8000A26801F1300387A0086218602790D0983
:1053D800720122B9960BCFFAA571F10D349408E643
:1053E800C3421300D879C3431300DC79C60B4FF9C5
:1053F8000CDA620960086C74C4C6E078F1C0C34274
:1054080000000000C34300000000AA0B4FF90DDAAA
:10541800420960086C74D1C0E07EE078F1C0C342F4
:1054280000000000C343000000008A0B4FF90EDAA9
:10543800220960086C74D1C0E07EE078F1C0C342F4
:1054480000000000C343000000006A0B4FF90FDAA8
:10545800020960086C74D1C0E07EE078E07F0C70CF
:10546800E8C2084594E142012500ED700E71CD7047
:10547800E1ADE0ADAA09AFF5CF78618D408D2F2160
:10548800080408BB1470C571657ACF78C52242003C
:105498002F20402040AD28BADD08748241AD09DED6
:1054A8000E71E3AD021DC2137609AFF5CF78638D97
:1054B800428D2F21080408BB1470C571657ACF7816
:1054C800C52242002F20402042AD28BADD08B4840E
:1054D80043ADCD700E71E5AD041DC2136A08AFF57A
:1054E800CF78658D448D2F21080408BB1470C571D1
:1054F800657ACF78C52242002F20402044AD28BAD3
:10550800DD08748245ADE7ADE6AD09DF4A264010F7
:105518003608AFF5EF78878D468D1470402C001251
:10552800D079E5714578EF7BC52042003B7E06AD1A
:1055380028B8E10BB48407AD0E0F4000060F6000D9
:1055480008ADDE0E600009ADBA0E60000AAD5A095A
:10555800AFF50BADD609AFF50CAD8609AFF50DADBE
:105568000EADC341F00000010D8914DFC2B80FADC4
:105578000989C6B810AD0591C6B811AD0C89C1B876
:1055880012AD138D2C8900160270F00090016C206A
:10559800430024B95B78442142004420810005235C
:1055A8008000257813ADE140C8C6E078E8C2F0264F
:1055B8004D70A000F44D48470846B57066F22F2795
:1055C8003F046F233F00018500AE6085428528B8FF
:1055D80001AE204062AE66086FF843AE828E04AE1C
:1055E8005527801F22B8C5B840250315984E4C7022
:1055F80009240B101FF0608320EBD48B8089447141
:10560800C3BE6C24C010C57800A9888B8420C2034F
:1056180004BC8424011C857800A9158BC57C07B8B7
:10562800857800A90C93968B02A928B881A903A9AB
:1056380024744F78C308C4820CE520F0A08521EDBE
:10564800948D60894471C3BC6C23C000857800A91F
:10565800688D8420C20304BB8423010C657800A9EB
:10566800158D857B07B8657800A90C95768D02A9FC
:1056780028B861A903A924744F78C508C4822F26C5
:105688003F0408D9157903F02C703078C8C6E07843
:10569800E4C2CB44A000C07E8084607C4845CD70C5
:1056A80009E8008DCD7107E83D582488058821ADAB
:1056B80002ADC140C4C6E078EAC208457CB8704172
:1056C80048461D08F50030405525401E0F79C14059
:1056D8000242B7FF001904200C71CAC60F0D7418D6
:1056E8001E4E2C709609EFFC4C75CB47A000B47E7B
:1056F8008287A1400241C142607C224307E8710DC4
:10570800F0100C71310D1011E9F1250D32140C70E7
:10571800870D30140241F9E544F2FEE5DFF5208FEC
:1057280003AE02AE01AE0C7420AE3FF0410DD010B6
:10573800AB0D1191CE0E00070845026EC341130050
:10574800C178F60AEFEE4C76184EC341A000EC7F04
:10575800E60AEFEE4C7609ED8025041F1E4E4C76C6
:10576800D60AEFEEA14100110021B6F10D0835254A
:105778000C7000190520CAC60A0FEFF90C724128EF
:105788000306412802044128010210AE14D873AE62
:1057980052AE31AE09F010D86A0AA000C14205F035
:1057A800C14002412FFF310911A098F1E8C2CB4650
:1057B800A000B47E648648453040607B0847B6E860
:1057C800FEE70C7033F40D081020408D40AE03F056
:1057D800408ECB451300C77805EA8C22C38F23F28D
:1057E80006F0F20C6FEEA140408E1AEA218601699C
:1057F80001A63A0B6FEE5A4D008E250894003B58CF
:10580800004320441D4DE141220B6FEE0242008E01
:105818000D08F4005425401A120B4FEE048E0D08A3
:105828001E00820C6FEE0AD80C71C8C6E2C2390B92
:10583800B00028434B0B5000A30B110080905F0C65
:105848001316AB0CD011B70C1012930C91122190B7
:1058580004691109340200A253217E800C7146F2BA
:105868000AD868F08090C341A000D0D34B0CD01167
:105878004D0C1012670C9112D608000051F0809060
:10588800CB45A000C87E3F0C9016490C50164F0C13
:105898001116828523EC407C43F07B0C1016870C94
:1058A80050163B0C911621900C7164693D0930012A
:1058B80060A21AD83EF0DE0B000033F01E0C000088
:1058C8002FF020850BE943852588607A048829F024
:1058D800808505EC607C048823F0CB44A000CC7E56
:1058E800A0842AED607D6141C2C621900C71646973
:1058F800F909308160A207D81CF001902C6864680F
:10590800F8E160A205F753207E800C71EEF308D809
:1059180010F00190246820A203E818D80AF00C714E
:10592800C2C621900C716469C109308160A219D87E
:105938002C7170580C70C2C6F1C079200000047137
:1059480004A90C716458D1C0E07EE078F8C208461A
:1059580004880D081F000196A10811020B16941067
:10596800CE086FFA0A16931004E82D10920003F07F
:105978004E71CB47A000F4D4CB45A000D4D40C7012
:10598800031FC214041F02151CAD181D45112296D1
:10599800081690104B210086304113F24129CC2083
:1059A800532441105D09D0006B0990007D09510016
:1059B800670A5F20C341A000EC4021D84DF02E5863
:1059C8001045345800410240A242335816E8BC48FA
:1059D80018DA6608EFEEA1400185F0D90479630969
:1059E800300491E0E5093108A2E0F7F2A1E0C62110
:1059F8002126CF21E120F5F000962C767058D8C6E4
:105A0800081D8114041D8114001D801FA00074400E
:105A18000DF03F0A5120081D4114041D4114001DBA
:105A2800801FA000544003F001A5498E2E8D00AFC1
:105A38005B7AC0B91FAD194E45792EAD44F00A0204
:105A48002100567192E00F022000C5212126C34192
:105A5800A000084122D8558DC0DB2F240204091666
:105A6800881006160B114424071141290C235320D2
:105A7800862002A501A520A50421C12044240002F6
:105A8800442409126C24CC0026B905208001412940
:105A980085230521C101857884220200442543001D
:105AA80005214102457873AD34AD15AD0396101D3F
:105AB800C412121D02121FAD28B800AFA60960005B
:105AC800A140194E008802AF41290022442117A1A4
:105AD800D342A000E07E1D1D4214011F02141EAD1A
:105AE80012F2C5B8D3464C3DCDCC1108740163B849
:105AF800483080000030960527091F20D340120047
:105B0800504B08F023093F20CE70D34012004C4B75
:105B18004023C0246C204000001A002410F0D34019
:105B280012007C4B04F0D3401200784B9C4E056F5A
:105B38006242060FAFEE001A002410D84027551114
:105B4800F670D347120064580DB50FF240250516BC
:105B5800A1408241A24262430A24C00523200004D6
:105B68000A268005D8C615097F2040250516A140BC
:105B78008241A24262432CF0422351202F2647F44F
:105B88001FF2402518160A2640248A46CF796C71E0
:105B98008C70A140A242232000040A2500060012AE
:105BA8001020C677A6712F2687F5C571F0F5422318
:105BB8008120066F2F7A00245424002215002F21FB
:105BC8000705402505166C71A140A2422320000458
:105BD8000A24C005D8C6462111264F21112108954F
:105BE800528D958D748D131589108A2301101FAD60
:105BF80042AF412802029B78366B402BC800042133
:105C0800862F00001F3FC2BC4421511040AF6C20BA
:105C18000901442002040421C00244200B18457CD9
:105C28000526C2020CBB8421020045780423830F99
:105C38000F000080257840299123657805245012AB
:105C48000521112042F146211126CF212121CF2102
:105C5800E2200E8D0E70001F02141F1D02141D7805
:105C680033F1E078C341A000F47E4081004307EAA5
:105C780040404382FEEA63A002F060A10C70E07F1E
:105C88000C1B0100C340A000E87E2180E07F00805B
:105C9800E4C2CB45A000E87EC488088D390E001008
:105CA800170E9110960A4FFA21A500A53BD8C341BB
:105CB8001200B05B07F01F08B1003BD8C3411100C8
:105CC80064A69A0E00000C716B200004E078E0785E
:105CD800E078C8ADC4C6E078EAC22190A468CB4792
:105CE800A000E87E38608A20832840201101008DBA
:105CF8008C20038C48002500C16D288FB509B100A0
:105D080000418021FC02A509750241DA770A6F007B
:105D180082DA7F0A6F008A220401910A4E00248EDB
:105D280021A7418E638E208E828E08BA08BB257A01
:105D38000523010310B9457920A73CF07D08300000
:105D4800A572A38707000000A385770D1010208592
:105D58002489F9090180088F0B0851003B5821A7B5
:105D680000A7488D0185D20CAFEEC1414085A88DB2
:105D7800B912C00045083300DD65218700877258D5
:105D88001CF0408E208761870022428009F0218E16
:105D9800408E808708B96187457900244290412365
:105DA800018021A740A706F0001E0274F0004800F9
:105DB800FA0C2FFA2C701D65370D4494CAC6E2D828
:105DC800001E0270F0004800CAC6E078F1C0A3C106
:105DD800C342A000F07E408A0AEA048841C12C74BC
:105DE80093B940C162C00C7180C16458A3C0D1C0CE
:105DF800E07EE078E6C242233C8015F2CD70AD70BB
:105E0800A8204004976D5C642F27FF026F233F0092
:105E1800F38C06EFD3AC0E1C4310D0A42F26FF0240
:105E2800A5715E098FF9C6C600161D70A00004474B
:105E380009244C17F0261D73A000206CAB251030E8
:105E4800AA259030350DFE315025DD31AB25903037
:105E580067244033FC1CC8B7AA250938A725093987
:105E6800FC1C48B7AA254938A7254939FC1C48B75E
:105E78000A27803F11003CC86F243F00AA279030B2
:105E88004F27DF31AB27903004141D34AB25493937
:105E980004141D34AB25093904141F346724403316
:105EA800AB2710306F243F00C342A000007F39A207
:105EB800E07F18A2F1C0FA090FFDC340A00008470F
:105EC8004020020ACC4820E0001A800F1200A85D8A
:105ED8000019800F1200545D0018800F12008E61A7
:105EE800D1C0E07E05EB1522CC00FC1CC090CD078C
:105EF8000FFEE078004206E8108AE7B80C77E07DEC
:105F0800D901EFFE4040E078EAC2001010000845D1
:105F180058204E0170B870417E0DEFFC2847C341F0
:105F280000801E403671D5212208E4A6041D5010B9
:105F38001825021407F42C70041E0110A3A642A60B
:105F48000AF0C341A000007F988179814041A1A651
:105F580083A662A620A6CAC60C705470AB20500255
:105F6800E07CC340A000587FE07F40A0EEC24E70A6
:105F7800CB46A000007F8A2190285240A46EAB2215
:105F880050220085402153200CE82086E18580B905
:105F98002B214004FE0E0FFEE5782B20C00406F0EE
:105FA8002B2240242B22C02406710CE62672D70827
:105FB80034A20CE5CEC6E078EEC2D9880845304355
:105FC800C1BE76086FFBA1404E700E710AE81F0E25
:105FD800B510A1403558130B25200C712E7040F0D8
:105FE8000C7110413CF00D8D03E8E08505F00D1DA6
:105FF8004310A94702F01CEF3E086FFBE14011E88F
:10600800E14035581B08C104558705EA3987607A8D
:10601800E140190F6013E140320B0FF906F01A083E
:106028006FFBE14002E80E70E087E7F1167015F2A9
:106038001A0B2FF9A1400B0E90100D1D0310108D97
:1060480014700BF2101D03109E782C704C71A14037
:106058009158BE784E71792010200C7083E85670E4
:10606800B1F51470CA2042240240CEC6001E00704A
:10607800A000E0476A208002AEB8BFB8292000809F
:10608800AA20C1005120C087BFB8AB20C100E724B7
:106098006233C740A000E047641C08B0AA20490941
:1060A800981C0030AA200909941C0030AA2049082D
:1060B800901C0030AA2009088C1C00300A20000F10
:1060C800881C00306A208000841C00306A20C000D0
:1060D800801C00307C1CC037781C8037741C40370B
:1060E800AA2050005CC06C1CC036681C8036641C3A
:1060F8004036601C00365C1CC035581C8035541C6A
:106108004035501C00354C1CC034481C8034441C9D
:106118004034401C00344FC74EC64DC54CC42C1CDF
:10612800C032281C8032241C4032201C00321C1C27
:10613800C031181C8031141C4031101C003143C37D
:1061480042C241C1AA204800422000841E0001002A
:106158006A2180084421C1006B2180082220800F19
:106168001200D03914702A000100AB204800001634
:106178000A70A000AC46001A00172220800F1200F7
:10618800EC2A00160A70A000AC4600121C109814E5
:106198001E30AB26493994141E30AB2609399014A9
:1061A8001E30AB2649388C141E30AB2609388814AB
:1061B8001E300A24807784141E306B2680308014A9
:1061C8001E306B26C0307C141F3078141E307414B7
:1061D8001D306C141B3068141A30641419306014A4
:1061E80018305C14173058141630541415305014E5
:1061F80014304C1413304814123044141130401425
:1062080010300FC70EC60DC50CC42C140B30281443
:106218000A3024140930201408301C1407301814CC
:106228000630141405301014043003C302C201C12F
:106238001CC0AB2050009C1400346F233F006F2417
:106248003F00E078FC1C08B0AA2048000B081000AA
:106258000C70AB20480010D8AB2048000414003460
:10626800E07EE208000098141E306B264033981434
:106278001E30AB26493994141E30AB2609399014C8
:106288001E30AB2649388C141E30AB2609388814CA
:106298001E300A24807784141E306B2680308014C8
:1062A8001E306B26C0307C141F3078141E307414D6
:1062B8001D306C141B3068141A30641419306014C3
:1062C80018305C1417305814163054141530501404
:1062D80014304C1413304814123044141130401444
:1062E80010300FC70EC60DC50CC42C140B30281463
:1062F8000A3024140930201408301C1407301814EC
:106308000630141405301014043003C302C201C14E
:106318001CC0AB2050009C140030AB201000A0140F
:106328000030AB2090005120C087A41400346F23A4
:106338003F000A000100672440336F243F00E078E3
:1063480000160A70A000AC4600121C10C3400040A2
:106358000000AB205002E07EE2C0AA240A14157C9B
:1063680092498A209F0F4478412A430135BA4F2029
:106378000D000423810F0000C0FF5322C0002578C0
:10638800A0B401B4C2C4E078E8C2CB45A0008C7FB9
:10639800484628471040C340A00094402ADA9A0E85
:1063A8006FEEA141DC4DC340A000C0408A0E6FEEE5
:1063B8002ADA0240E141EE0AAFFAC142C8C6E078E3
:1063C800CB44F0000001148C17089F01148C1308AB
:1063D8005F010B940B081F00148CE4B8E07C148C4C
:1063E800C341F000340045DA15A9768C70D890B80E
:1063F80076A954A905A445D89507EFF32C70E07841
:10640800C340F00000012D880C88C2B924B8C0B878
:106418004720C00109204000E07F0471C340F0001C
:1064280000012D880C88C2B924B8C0B84720C00123
:106438000920410022780471E07F0F7841020FF5AE
:1064480029020FF54D020FF5F1C05E090FF511088D
:1064580074024220410209095402FFD8D1C0E07EEB
:106468005588748878D9447904BAC3BB8422010C4E
:1064780087B9657A35A8E07F54A8E078E2C06488D7
:10648800058824BB0029CC006C714128CD00412827
:10649800010106234003C2B947783878057C8F7814
:1064A800C2C4E078EEC3A1C1084614882486F56802
:1064B8003F67288F0386001E0070F0002C011CE93E
:1064C8004087698F01864027111403128B00828A46
:1064D800442312820A20402403F4001110200D7175
:1064E800290B3F00AD711D0A302028451D095401B4
:1064F800AD740CF02286001C013000C000A1CEC78C
:1065080009093404284510DD2187428640C100C1AD
:106518001108312020A22C7023A022A021A020A0A5
:106528004423138104F24A8F22864CA900280213BF
:106538002F273F036F233F00C341F0004002130B96
:1065480051106581657A45A12F263F0306F06581C4
:10655800467B65A12F263F030D0830200241DA0C47
:106568006FEEA142110B31205325011142860C70A8
:1065780090B806F04286C3400100000140C060C1E7
:1065880000C02B08302001A2088F230D0510210A16
:1065980010201B0D35114E253C11B24FA820C0010B
:1065A800B8673088B862A57130A8CEC702750019DF
:1065B8004023CEC7EEC3A3C1084614882486F568D5
:1065C8003F67288F0386001E0070F0002C0118E931
:1065D800498F0186402711144422138250420A2011
:1065E800402404F400111020290A3F20AD711D0B2E
:1065F800302028451D095401AD740CF02286081C72
:10660800013002C000A1CEC709093404284510DDB5
:106618000D0830200241220C6FEEA142170ABF205C
:10662800532501110C7090B8428641C061C101C068
:1066380008F0C34001000001428640C060C100C0AC
:106648002B08302001A2088F230D0510210B1020E4
:106658001B0D35114E253C1102274213A820C001FD
:10666800B8673088B862A57130A8CEC7027500191E
:106678004023CEC7F0C208451488248510DFD568AA
:106688003E66098E20850C161110081690104420BD
:106698005480CA2762100F08BE0010425022802082
:1066A80009AE130930200927131422408A0B6FEE14
:1066B8006242150F25140220C024C3411200A866A7
:1066C80008AE27F0148D4086768D04710F797071AD
:1066D800228A8D71638ACA202600002C421014ADCC
:1066E8002F273F036F233F00C340F0004002C34100
:1066F8001200B066110B51006580467B65A02F26FD
:106708003F0307F06580657A45A02F263F030D09F2
:1067180030200021C02403A6512240A02E701FF271
:106728003D270214792400200520BE8017F2058633
:106738000430408426002C00A142320C8FFD1470D6
:106748001A002B004A21C0280385001E0070F000A3
:106758002C011F0F25142E7010F00D0F2514A140C9
:1067680095FFD0C6A14050FF178D047717AD468618
:1067780004EA2786607A2240D0C6E0783906EFFF1F
:106788002040E078E2C22040284547FF178D047773
:1067980017ADC2C6F1C0C8444A26C001F81CC8B12A
:1067A8000A0C6FF58147A2C0D1C0E07EF1C0C84491
:1067B8004A26C003F81CC8B1F20B6FF58147A2C086
:1067C800D1C0E07EF1C0C8444A26C001F81CC8B157
:1067D8000A0B6FF58147A2C0D1C0E07EF2C3A1C108
:1067E8000010150108470A21C0210A2280210A2326
:1067F80040210A20002170442F273F006F233F00CB
:106808000DC6168E778E04771D0B0300758E0486D1
:10681800B56B1D652AAD1909FF20E0A57822030094
:1068280044A50FF06F263F000C70D2C720EA49201C
:106838001021284D4041020A6FEE02426C700CC0D4
:10684800081D02140C1D0015181DC0141C1D8014F1
:10685800091D421405A580C0E1414A086FF5A2420E
:1068680000C001A5C14004F80C71D2C76F263F00D3
:10687800DCF1E078E2C20845178884E8A1400AFF05
:10688800A6096FF5A1406F263F00C2C6F6C2304583
:1068980008457758782013008CD81F230F20CB4643
:1068A800A000CC49A140560EEFF9DF672F871047AB
:1068B800304105E9624020581042EB852A852F2790
:1068C800BF056F233F006F263F046240E142060D7B
:1068D800EFFC30408E710DE8388D6C70A24262403A
:1068E8000A240004E145A146265883E88E704C71BD
:1068F800E241624099582F26BF0541093020624085
:1069080020583908640462409F200203C84E1E665E
:106918001D0A64243A602182088605207E800EF2D2
:1069280007200004E77905207E8008F240234022F2
:10693800201E0014E1A28D588240D6C6EAC2F26930
:10694800504130405CD9E1426846320F2FFC08457F
:106958004A240072A2A6FD650C6D2C70C14203A6E4
:10696800A820C002011180241470CA21610034706B
:10697800C078011A1200C340A000E47F2080101ED6
:106988000014C0A025A6CAC6EAC200160370A0005B
:106998006C7F48473040CE6BC343A000F0F34023E0
:1069A8000D061041C3421300A479C141A140E4FF80
:1069B8000019802FA000F87FC0A700184023CAC67E
:1069C800EEC2C8470A2100217042484530401D0DDB
:1069D800300010430AEF40250E0666BD0242A04370
:1069E800C140A141D6FF03F0A84662400241A1423E
:1069F80042430A244004C145160F6FFEE146CEC645
:106A0800EEC2C340A000E47FE080504230436A20D9
:106A18008002AEB8292000802E7032F04020110488
:106A2800630B442462874387604170401309A500C3
:106A380028462086D3715C5C5C5C246EF8F30022E7
:106A48000D2008DAA140E141EE0F2FEEC3A7022680
:106A5800001441280204412801020CAD4EAD2DADB1
:106A6800248738B80FAD412983034129820112696F
:106A78006AAD49AD08ADE58736B92BAD2F2048047E
:106A8800CEEF6A2180028EB929204080CEC6E078F8
:106A9800EAC20847CD70AD7037F000160170A0004B
:106AA8004C405A2500161A6100120B01590B7E1032
:106AB800504016400220D1834326019007D83C203D
:106AC80042047F2100003470CA2081009AE80E40F9
:106AD80040204C8041260390002111A30121C18050
:106AE8007C2102227A2100003470CA208100F6E855
:106AF8004F2380100D0BFE100018042002407E5812
:106B080008184024A5710016C070A00050408F0DD1
:106B18000290CAC6E4C2E1C4FC1CC8B2FC1C88B21C
:106B2800FC1C48B2FC1C08B2FC1CC8B1FC1C88B197
:106B3800FC1C48B1FC1C08B1E1C3E1C2E1C1E1C0E1
:106B4800FC1C88B76A25C010E1C56A258010E1C51C
:106B5800FC1C08BFCB45F000A0010085A0B800A52B
:106B68000415021022850285E078FD090180CB46D4
:106B7800A000E87F008E596138609A58001EC31142
:106B8800008581B800A5A15840D9C340F0002C0168
:106B980020A02A094FFC05E8008580B800A50958FF
:106BA800C1C50A244073C1C56B258010C1C56B25BA
:106BB800C01004141E34C1C0C1C1C1C2C1C3041471
:106BC8000434041405340414063404140734041477
:106BD80008340414093404140A3404140B34C1C4EA
:106BE800C4C26F243F00E078EEC281581470A00040
:106BF800210008452F27FF046F233F006F263F041D
:106C0800008DE1B842F4CB46F000A0010086A0B8A0
:106C1800001E001022860286E078FD09218030419E
:106C28009A086FFC04161210D340A000E87FCB47E7
:106C3800F000200114E802854220C081CA206E00BD
:106C480002A524871F09BF014270402180219A585C
:106C58000010802004710018022006F00018C321DB
:106C680004F002A5A1407C58009581B800B540D831
:106C780000A706A7008681B800A604870D089F0113
:106C8800A158008680B800A62F26FF04CEC6E0785B
:106C980005E80018840F0000E80706E90019820FCC
:106CA80000000B0005EA001A820F00000C0006EB3A
:106CB800001B820F00000B000D0C1000001C820F3F
:106CC80000001800B470E07C001D820F0000150061
:106CD800E07EE078A81000011470E07FCA2061000F
:106CE800E2C2E6E117F48D7666DD93BCC341A100EC
:106CF800F011001E4273F000480080A105198302BC
:106D080043B1188864B10A19040104A90C716458C4
:106D1800C2C6060F8FFCC2C6E4C3A7C108463458D2
:106D280008452E580042C140A141335808450FE894
:106D38002F856079A1402508B50010D84E85607A66
:106D4800A141250830046FD909F04C7080C022D9C0
:106D58006C70404466C607F066D94C706C7040444D
:106D6800A1406C58C4C7E078F1C008B80A274001B0
:106D780098B84A2500025358D1C0E07E0A2740013E
:106D8800B5062FF54A250002F1C000358C0F804268
:106D980000000A2780014834461208B82F248811B9
:106DA8000F0C341198B80024861F0000FCFFAC7249
:106DB8005358D1C0E07EE078F1C000358C0F804296
:106DC80000000A2780014834461208B82F24881189
:106DD8000F0C341198B80024861F0000FCFF4A25C8
:106DE80080025358D1C0E07E0A2780010A2640015C
:106DF80045062FF54A25C002F1C000358C0F8042A8
:106E080000000A2780014834461208B82F24881148
:106E18008FB8110C341198B80024861F0000FCFFAD
:106E2800AC725358D1C0E07EF1C0FC1C88B7AA08E8
:106E38004FFA04141E34D1C0E07EE078F1C0FC1C87
:106E480088B7620A8FED04141E34D1C0E07EE07862
:106E5800FC1C88B7E1C0E1C1E1C2E1C3FC1C08B178
:106E6800FC1C48B1FC1C88B1FC1CC8B1FC1C08B255
:106E7800FC1C48B2FC1C88B2FC1CC8B2E1C4F1C0BE
:106E8800FC1C08BF6A208000E1C06A20C000E1C085
:106E9800AA20900277B80F780F0850008AE8C340FC
:106EA800A000EC4004F0C340A0000841CA0F8FFFC7
:106EB800C1C06B20C000C1C06B208000C1C00A24C3
:106EC8000070D1C0C1C404140B3404140A3404146F
:106ED800093404140834041407340414063404145C
:106EE800053404140434C1C3C1C2C1C1C1C00414EF
:106EF8001E346F243F00E078E8C2E1C4FC1CC8B22D
:106F0800FC1C88B2FC1C48B2FC1C08B2FC1CC8B1B2
:106F1800FC1C88B1FC1C48B1FC1C08B1E1C3E1C2EF
:106F2800E1C1E1C0FC1C88B76A25C010E1C56A252B
:106F38008010E1C5FC1C08BFAA2090024220C108AD
:106F4800422040092F7C4C739140110CB5110F7BE6
:106F5800482082208022830FB36ACD71C340A000ED
:106F6800744984251F1ECB47F0002001787E1D65DB
:106F78002F273F006F233F00C9A741852085041DA7
:106F88000110001D01102F263F00024045580A87B6
:106F9800C478D170EEF3C1C50A244073C1C56B250E
:106FA8008010C1C56B25C01004141E34C1C0C1C1F6
:106FB800C1C2C1C3041404340414053404140634CF
:106FC80004140734041408340414093404140A3467
:106FD80004140B34C1C4C8C26F243F00F0C2084572
:106FE800C343A000D34DD340A000A04DC340A00090
:106FF800E04D8A21870D76DA8E70001B4300171842
:1070080003200F188300081840202418402040A0AF
:107018005D581D08850F0000F813C340F0003400C8
:1070280028D94C7034A8151803006DF0892501196A
:1070380064D888253E17A278C8D90F7ED749D14190
:10704800D1770C728A210A0CB20F2FF9CA21C523F5
:1070580010435D5808455B5810429608AFF7164034
:107068000C2200A0C22585141A2551143D278D1322
:107078005F25001785290322027002800421912FC1
:10708800FF01FCFF6A08AFF720E0147820E03270B7
:10709800CA210D20A140660F2FF9224110413C273B
:1070A8008F135B5808455C581708350808461FD8E1
:1070B800A0E53C205403CA262510CA2525105F27C1
:1070C80000170421D124002010202608AFF716400D
:1070D800150C30204225011809290100092E02103B
:1070E800484909F04226011809290200092D001013
:1070F80020E2DD65104D5148020F2FF9E1400421CF
:1071080002204040D0C6E0785020C3070042412802
:10711800C107210B840FB1421872C3401300AC7928
:107128003D0B840F807F01002C71190620006C70C4
:107138003D0B840FB13E1972890B850F853F92155F
:10714800C3401300BC791520430008130B002348E3
:10715800522100009900200002204C003D0B810FB5
:10716800807F0000410A1300E07F0C700132800F1D
:107178004971CAF27FD917B90430408014002C0035
:107188008D70110B850F80310000E07F01324000C7
:107198006D70650020006C700432808FB142807180
:1071A8000C000C002C71A90420006C700432808F34
:1071B800CFC2B5F10C0026006C70110520002C71AF
:1071C800F02641701300B4790032800FB83F3BAA13
:1071D800013040004830CC024834801000308B0F1A
:1071E8001737D1F70030830F313F80710232C30067
:1071F8000233C202003280000030810F31334CBBB1
:107208000131810FDDB50EEA003041000131810FF7
:107218008A3855B3003041000131810F36BB610B0C
:10722800003041000131810F2A3EABAA00304000F6
:1072380002320000430C30100032010002360070A8
:107248000040000007310000402CC1158C24FE903E
:1072580002330010023300000130800F803F00002D
:107268003860E020CA07C370003200000030800F89
:10727800800D0000E07E0130800F00C00000073163
:107288000000023200000130800F803F0000E07EE5
:10729800F81C48B3041CC0370042AD08830F8000B7
:1072A80000005022FE87C3401300CC79AC002100B7
:1072B8002C7154703C012B004A2140000032820F8F
:1072C800004C00008A25FF19890A830F807F00007F
:1072D800532280058D7097BC0020830F4A0020FB45
:1072E800412C0B12422AC105647C00238B10B96122
:1072F80037BB057C7FDA17BA04238D1F7F0000C0D7
:107308007961477C9FBA80217E00013482105D0D2F
:10731800851F000000C05022FE87F4002200347050
:107328006C0121004A250010483181000031800F8E
:107338001737D1F70031810F313F8071510120009B
:1073480001310D004A250010890A828F807F0000D4
:107358003D01200001328D00F60A20004A2300007A
:107368002D0120005220CD070132830F004000007C
:107378000732C30002260C70350088C2C370CFFFE5
:10738800305C857814700033CC0000340013003072
:107398008D0F783E269E01358D1FCC3E13CE0030D2
:1073A8004D030030800F913EEEE90130800F2A3FF7
:1073B800AAAA0034001048318B0094002C00013038
:1073C8004C030032800F003F000000320D000135F1
:1073D80000133470A8002100003301000033801F1F
:1073E8001737D1F701304000810020000235001026
:1073F800520B20006C70220B2FF608450080910874
:107408005108CB4580FF0000850000000032800F46
:10741800AABEABAA0130800F003F000000328300F3
:107428006109300000330000483181000031830FCA
:1074380017B7D1F70130C3000031800F313F807199
:10744800023381004900200002304D00023200035F
:107458004C21008034002100003301000033801FDC
:1074680017B7D1F701310000023080000033811FC7
:10747800313F80711900200002310D0002354010A3
:107488000D00200002320D0002324D00A14004140C
:107498001F30E07F08140D34EC1CC8B60A230037EF
:1074A80041C542C643C7101CC037E846C8454224F8
:1074B8001C386C249C308B4740C0E1401C1CC031F8
:1074C800181C8031141C4031101C003143C342C2C7
:1074D800BA0B200041C106E8C78715002000A6871F
:1074E800360A2FF618130F300018C003A140C14107
:1074F8000A24C03610141F3003C702C601C5E07F36
:1075080014141B34F01CC8B60A23003741C542C600
:107518000C1CC03742241C386C249C308B45CB464D
:10752800F07F000041C0A140141C4031101C003104
:1075380043C342C247C6181C0130520B2000001C2E
:10754800C13006E8C78519002000A685CA092FF6AC
:107558004A2500100018800F00002200A140C141F8
:107568000A24C0360C141F3002C601C5E07F10146F
:107578001B34E078F41CC8B60A23003741C5081C40
:10758800C03742241C386C249C308B4541C0A14034
:10759800141C4031101C003143C342C21C1C013072
:1075A800181C0130E60A2000001C013106E8278576
:1075B8001900200018150D105E092FF6AD702C70FB
:1075C8000018800F00002200A1400A24C0360814C9
:1075D8001F3001C5E07F0C141B34E078F01CC8B6DE
:1075E8000A23003741C542C60C1CC03742241C3848
:1075F8006C249C308B45CB46F87F000041C0A140ED
:10760800141C4031101C003143C342C247C6181C29
:1076180001307A0A2000001C413006E8C7851900AD
:107628002000A685F2082FF64A2500100018800FC2
:1076380000002100A140C1410A24C0360C141F30AB
:1076480002C601C5E07F10141B34E078EC1CC8B6F4
:107658000A23003741C542C643C7101CC037084734
:107668006040E60A2000484542241C386C249C30BF
:1076780044C0A1408B46D20A200045C142C0C14047
:1076880043C11C1C803FF07F0000181C013041C71B
:10769800FA092000001CC13006E806861A0B2000F3
:1076A80027860AF072080FF60018800F00002200E3
:1076B800FFD817B80A24C03610141F3003C702C6F3
:1076C80001C5E07F14141B34EC1CC8B60A2300372C
:1076D80041C542C643C7101CC037084760406A0A04
:1076E8002000484542241C386C249C3044C0A140EA
:1076F8008B46560A200045C142C0C14043C11C1CEC
:107708000130181C013041C782092000001C0131DA
:1077180006E80686A20A200027860AF0FA0FCFF5A7
:107728000018800F000022004A2000000A24C036FA
:1077380010141F3003C702C601C5E07F14141B34A0
:10774800EC1CC8B60A23003741C542C643C7101C03
:10775800C03708476040F2092000484542241C38D9
:107768006C249C3044C0A1408B46DE09200045C1F2
:1077780042C0C14043C11C1C803FF87F0000181C58
:10778800013041C706092000001C413006E8068682
:10779800260A200027860CF07E0FCFF50018800FF0
:1077A800000021000A20800FC07F00000A24C03694
:1077B80010141F3003C702C601C5E07F14141B3420
:1077C800E81C48B341C642C70C1C0034101C4034A6
:1077D800141CC0376846484761822D0EB21040829B
:1077E800304010414A2540102240760A20000241CC
:1077F80008170212D60E20006187A5710042ED0D10
:10780800A29320434040604114141F3010141130DB
:107818000C14103002C701C6E07F18140D34E0784C
:1078280048432042350B701020813109810F803F79
:1078380000002182410BF2100131010040220C02AC
:107848004A23800004140214647100310100F90B0A
:10785800E2820131810010F01D0BB2104A23400072
:1078680004120C024023430000310100F50BE282B0
:1078780001310103E07F2040C341A000F47F408133
:1078880000A1E07F4040E078C341A000F47F208160
:1078980002E90079E07F0C70E07F0C704A24C00296
:1078A800150020006F220A006F220A002F22820092
:1078B8004A2480022F244090C0226500412C4315A1
:1078C8008C23DF8F6C002100532101858E23D08CFF
:1078D8004E00210094B9CE232400320024004E2308
:1078E8000C08B5E3CA212900CC23EC87CA2049003B
:1078F800CA2129002A0029000128C00000290C03F8
:107908000129C1001B0020008578907330002900F0
:1079180001280C030029C1000028C00085795122E4
:107928000080E07D4E2000803279E07FC021660033
:10793800CC202180D1222280C022620040413B78A5
:10794800E07F1C782F230080CA210100E120C107B5
:10795800C2200100412BC200C372007000002F2119
:107968008400412B0C0661BC8C24839FE120C50751
:10797800402B0007C521810F007F0000E120C107CF
:10798800412A42052F2CC190C2240413C02463103D
:107998008571002B030369BC827A402A42052F2196
:1079A80040802F218400412B0C038579E07F402BF8
:1079B8000005E0782F2440900224831F0070000007
:1079C800402BC2002F2284000223830F20000000D6
:1079D800D373C01F0000402803012000260041285F
:1079E80040874578442041000521C180E07FC120BF
:1079F8002200E07F6C2180072F23C4004578412CAA
:107A08004C1582240D9AB7F642240C965320810512
:107A180022002C002F2000800521C1802F20840FF8
:107A280080FF0000D020A1058C24D19FE07FD020CA
:107A3800A2054E24021097B9012980002F20048046
:107A4800E120C6074E22CC07132101030521C1807E
:107A5800D1202180E07FC0206200E078CB44E0FFA5
:107A68000000142444101424C510B5BC0C24008351
:107A7800E00006000C250083D8000600412C4405D0
:107A8800412D45050025050182258F0F8C25DF8EA8
:107A9800C00026000721CC804025470094B9D4B9FE
:107AA80094BBCF27E402402BC302412A4505402A54
:107AB800C282052343011D2084001C208C00947081
:107AC800CF27E2071D20C4001C20C50000240C910C
:107AD800412500001D2184001C21850000240C91F3
:107AE800012040811D21C4001C21C50041260170D0
:107AF80000000000002000810121410119093F0513
:107B080000240C93422747000120008001214100F6
:107B180000240C93402F0405412FC70708000500D7
:107B2800E07F8071C524C19144204500C5256200CD
:107B3800002040814121010015095E050024840FC1
:107B4800100000002F2142802F200400E07F807168
:107B58002F25C0804126047000000000CC2221801F
:107B68003C0321002F214090C7246500CC202180B0
:107B78001003010041294695D3B9CF2122055C00A5
:107B88002200004034700E0001001D0020002F2A42
:107B9800411014704A22C0170C0004002F2A01104B
:107BA80040220A1842228A1202268602C47102263C
:107BB8008BF2000020000128CB02140009004222A9
:107BC8000B180028C102150020000C700028800244
:107BD80000298A0205238112412D47855323C804B1
:107BE800CF2022155A002200404215700C000100D7
:107BF8001B0020002F2A011254704A22C0170E00C1
:107C080004002F2A811040220A1842228A120227D1
:107C18008702E47102268BF200002000012ACB02C1
:107C28001200090042220B18002AC8021300200083
:107C38004C70002A820200288A12052388128C269A
:107C4800DF8FEA0101008C27DF8F14022100002654
:107C5800C6011D208A001C208B008226CF0F1D2103
:107C680087001C218C000023CB91412402101D2089
:107C780007021C200C020023CB91012202031D21C4
:107C880007021C210C020022C2814124091040294C
:107C98000113412A03056579402A0703402A000396
:107CA800412B03156578402B0C135570C524A21081
:107CB800D47020000C000421BE8F200000001400A6
:107CC8000100C4712F2142802F2004802F24041327
:107CD800D47062000C00957036000A000424BE9F20
:107CE800FF7FFFFF0C00020044207E80220001007D
:107CF80040204080412101000421BE8F2000000067
:107D08000E000100C4712F2142802F2004008C2610
:107D1800DF8FFE000A00D4701A000C000621810FC4
:107D280010000000402E020545792F2203014579F5
:107D3800E07E8C26FF82EA000B0002268A71000092
:107D4800000042224A9084000B00880001004C2267
:107D580000982A000B0042220A1805240C906D771F
:107D680010000200002B8B128723FF1F0421CC0276
:107D7800012980025D0020002C7095706D771E002F
:107D880002004C220098C223CA120A000A00002BE3
:107D98008B128723FF1F0420CC0202268BF20000DF
:107DA80020000029CB021400090040220B180129E9
:107DB800C002150020002C700128800201298102D0
:107DC8000520C0020D0000002F2000802F214B004D
:107DD8004420BE801800010044204A0105223E9339
:107DE8000C00010040208080412101002F214280A9
:107DF8002F2004002F2142802F2004000226860114
:107E08000421BE8F10000000C026620088F18A2677
:107E1800DF0FC341100000000507EFFF0C700226BA
:107E280086012C70F906EFFF0C70D371100000006A
:107E3800CC2021802F210301C521820FF87F00006B
:107E4800C07878F58C27DF8F140001002F210301FB
:107E58000521810FF07F00000C706CF10C20809FD1
:107E680010000000CC2221802F210301C521820FA0
:107E7800F87F0000C521810FF07F00000C705AF1D7
:107E88000C25808FE0FF0000220006000C702C708B
:107E98009470C521820F008000004CF1C724650052
:107EA8000C21809FE0FF0000B2F7C341F87F00007B
:107EB8000C7040F10721810F008000000D000000C8
:107EC8000723830F00800000002144000023C50021
:107ED8000C244081CC2081801000060008444040DA
:107EE80081422844604181438A24DF1F402C4C157D
:107EF800142444101424C510402C8C100C24008326
:107F0800CC250583C601060041290405412B05053A
:107F180002244601532686020721C7004029C102D0
:107F280041284C0585794028C002402BC302412ACC
:107F38004C05857B402AC2029FBB4E260C881C003C
:107F48002D00012A85018C260180012B8501CA2577
:107F58002600170020008D70D470002B0C03C52557
:107F68000203012B8C01412FC787620022009FB9B1
:107F78000025058001244C9010002600C2246600CC
:107F88002F2404932F254401412DC082402C4115F4
:107F98002578412CC112402C0405E120C6078071C8
:107FA8004C260088CA238500CA2225001323830192
:107FB80005238380D3256182D1202180CA276200CE
:107FC8000020C081E07F412101000E2505800321AA
:107FD8000C83520023000C70412DC082402C4115A7
:107FE8002578412CC11242244400402C0405E1208C
:107FF800C60780714C260088CA238500CA2225003E
:108008001323830105238380CA27220004270780BE
:10801800D3256182CA2762000020C081E07F412108
:108028000100CC252180E120C1072C702F280103F5
:108038009FE01400250004712F284181CA202408DC
:10804800C02063084E20018818002D00002C0C1059
:10805800C0E0002D0C00CA24261017002000AC70C8
:108068001470012D4100C5244210002D0500532431
:1080780081020E2040800424840F000000081200B2
:108088002200C02061002F2402932F2544014C07B1
:10809800E6FFC52406004E2040004E2001881A0045
:1080A8002D00012D0500C0E0012C0510CA25260071
:1080B800150020008D701470002C4110C525420059
:1080C800012C0C101507EFFF84712F2240904126D8
:1080D800047000000000520201002F23C0904126C6
:1080E800057000000000600201000C238092CC2281
:1080F8000180CC21C180084214000E00404041425A
:108108002842604141438842A04441452F2640000F
:10811800412E4685D3B9CF2122055C0022000040BC
:1081280034700E0001001D0020002F2A4110147029
:108138004A22C0170C0004002F2A011040220A18F6
:1081480042228A1202268602C47102268BF200009D
:1081580020000128CB021400090042220B18002835
:10816800C102150020000C700028800200298A0234
:10817800052381122F27C000412F47855323C804A8
:10818800CF2022155A002200404215700C00010031
:108198001B0020002F2A011254704A22C0170E001B
:1081A80004002F2A811040220A1842228A1202272C
:1081B8008702E47102268BF200002000012ACB021C
:1081C8001200090042220B18002AC80213002000DE
:1081D8004C70002A820200288A12052388128C26F5
:1081E800DF8F380301008C27DF8F7E0321000226F2
:1081F800CB014C23809D022149121801090042231A
:108208008A9088000100220009002F2280802F20F8
:108218000B1240224A90740001002F2280806D00CA
:1082280020002F200B124C2200986D7026002B0086
:1082380042220A180A2180901000020002268B723E
:10824800000020000028C912012882123D002000E9
:108258000D7002268B7200002000002AC902022637
:108268008BF2000020000028CB12140009004022E5
:108278000B180128C212150020000D70012A820275
:10828800012888120522C2022F2000802F214B00CE
:108298002F2000802F214B000C2440819E010200DA
:1082A80000208080012101020421BE8F800000008F
:1082B80012000100C4712F2142802F200480C521A3
:1082C80065104420BE802E0021003570CB206181CE
:1082D8002200010040208080C02165000421BE8F5B
:1082E800800000000E0001002F2142802F20040092
:1082F800C4712F2142802F2004002F2142802F207B
:108308000400D47048000C008C26DF8F14010A008A
:108318000621810F10000000402E020545792F220A
:1083280003014579E07E1470B205C2FFD373008063
:1083380000007C710C00020054707C71CA2141005D
:108348004040E07E5470A605C2FFE07E02268A7196
:108358000000000042224A9082000B0086000100C3
:108368004C22009828000B0042220A180521099087
:108378006D7712000200002B8B128723FF1F042148
:10838800C902012980025F0020002C7035706D77CA
:108398001C0002004C220098C223CA1208000A00DE
:1083A800002B8B128723FF1F0420C90202268BF2A1
:1083B800000020000029CB021200090040220B18FF
:1083C8000129C002130020002C7001288002012915
:1083D80081020520C0020F0000002F2000802F21FD
:1083E8004B004420BE801A00010044204A010522A7
:1083F8007E920E00010040208080412101002F2143
:1084080042802F2004002F2142802F2004000226C2
:1084180086010421BE8F10000000C02662007AF198
:108428008A26DF0FC341100000000C7072F102268B
:1084380086012C70DD06EFFF0C700220808003217E
:1084480001020421BE8F400000001E0002002F2000
:1084580000802F214B00422646000421BE8F400099
:108468000000440001004420BE803C00210044205C
:108478007E801400020035702C00020044203E81EA
:108488002400010040208080412101000421BE8F8A
:1084980080000000C02662000C0001002F214280ED
:1084A8002F2004002F2142802F2004002F214280FA
:1084B8002F200400D371100000004A06CAFF347050
:1084C8000C0001002F2A41001900000014700A0056
:1084D8000C002F2A0100C0222908ABF3CA22EB079F
:1084E8006ABA02268BF0000020000128CB02140093
:1084F800090042220B080028C102150020000C7058
:10850800002981000521C1020028800002268680FA
:108518003C06CCFFFD05CFFFD37110000000CC2036
:1085280021802F21030102780E0001000521810F0F
:10853800F87F0000E07E8C27DF8F220002000C20ED
:10854800809F10000000CC2221800C0001002F2108
:108558004301EEF10C244081EAF50521810FF07FFB
:1085680000000C70E07E60414040E07EE4C248318B
:10857800010007364C704847000008450990C3437E
:10858800833A6F12CD70483000000034001000307C
:10859800C10004318083C5F63FD818B804F0C34041
:1085A80000BF000001310000308D4830C002107A51
:1085B8008BE248310100CA20A6020034411010782D
:1085C8004820C0000CB5A60AEFF70031C0000430FF
:1085D8008083C5F63FD918B904F0C34100BF000035
:1085E800013040004830C00205A5C4C6EAC3822451
:1085F8000D345041084594C08A220C003A0C6FEDA6
:108608002846008540248330402404325424853988
:10861800402406314024C730C14122424608AFF405
:10862800021C433202C704EFE140CAC703148E306C
:108638005625101D2C70ED70F8E902148130CF78A2
:10864800E90924800477A9085502252000000AF0CA
:1086580013F01AF01EF026F02EF038F03CF042F03D
:1086680094C081C1260B6FF883C283C140DACA0B5C
:108678006FED02403CF094C04608EFF881C1781DC8
:10868800181036F094C0460DAFF081C101A530F046
:1086980094C02E08EFF881C10030000004A528F02E
:1086A80094C01E08EFF881C100300100891D181020
:1086B80025A51EF094C00A08EFF881C1003001001A
:1086C8008A1D181026A514F094C0F60FAFF881C1C2
:1086D80007A50EF094C0F20EAFF781C110B508F0EF
:1086E80094C0DE0FAFF881C18B1D181001C08A211C
:1086F8003E063270CA274D103C2101203D21002042
:108708001E669CF1ECC3A7C10A21002170405042AB
:10871800284608451E0B200055208F092285260A69
:10872800EFFB03854A24C0704168142001000C70D7
:108738000C1D8010A8200002024E1525431004715C
:1087480024714BA3760C2000A14000190020A14001
:108758008A0D2000C1410041A140B60D20003041E2
:108768000041A1403A0C20002242CD70001882231B
:1087780036E821870287408744C145C05625801ABC
:1087880083C146C68A0B2FEF43C200184320B8178F
:108798000210BC170110C01700104A24C0703FDB3C
:1087A80040C218BB80C241C1081C0030A820000488
:1087B8002082604004318083CF20EC070131000023
:1087C8004830C00248308000041A100002C201C1BB
:1087D80000C045A724A703A700108E20A140C141CF
:1087E800D20A20000A2240044A24C0705525401AA3
:1087F800A820800104100104041A50200088483081
:108808000000001A0020CCC7E8C3B2C108460080A7
:1088180060444024C3304024053140248630484712
:108828000A2540109A0E6FF4031C4332021480305C
:108838005626101D031481300F788F092400047701
:108848007B0855022520000009F015F016F01DF0F0
:108858001FF022F023F025F02AF082C040DADA096E
:108868006FED024182C081C3A1413E096FF8E14228
:1088780025F0781600161EF0018681C3A1416A0B07
:10888800AFF0E1421BF004862F30000012F0891689
:10889800001610F08A1600160CF007860AF01096DB
:1088A80081C3A141360DAFF7E14209F08B160016DE
:1088B80081C3A141260EAFF8E14202148030047151
:1088C800021C0230B8F101C04128010200AD21ADFF
:1088D800C8C7E078E8C3A1C1504028452C7010DA19
:1088E80060408846960F2FFB6847B570AD701BF443
:1088F8004A240071C34213006C5E0C70A8208002E9
:108908000412030480C11C6104713823010420ACE3
:108918009E0AAFF680C007E8AD72011F0311001F61
:108928004310A0A6C8C7E078F2C3B2C110450080C2
:1089380060444024C33040240531402486304845F3
:108948000A2440207A0D6FF4031CC33202148030CD
:1089580056250E2B55254F2A5525D02855259129C2
:108968005525132D4025122B031481300F78AF099C
:10897800240004779B08D502252000000BF00EF098
:1089880018F01AF020F023F028F02BF030F037F030
:1089980038F081C3E1401DF082C040DA9A086FEDDB
:1089A800C14182C081C38241FE0F2FF8A14231F03C
:1089B800BE402AF0B015802081C382410A0F2FF6ED
:1089C800A14227F081C3024003F081C322408241C3
:1089D800760FAFF8A1421DF02815002014F081C3CE
:1089E800424082412E0EEFF8A14213F081C362404B
:1089F80082418E0EEFF9A1420BF0CC15002004F055
:108A08005315002681C38241DE09AFF0A14202144A
:108A180080300471021C0230A8F101C04128010213
:108A2800001C0220011C4220D2C7E0789D0580036B
:108A3800E8C3B4C11040B11080003AE855204D2A6F
:108A48002C8D2F097000B1180320C3401300005F5C
:108A58000B0990000909D00014F010E0820D2FF8DE
:108A680084C15620002B84C1CE0F2FED40DA4085FB
:108A780021850285AC1D8010B01D4010B41D00106A
:108A88005620012B84C040DAAE0F2FED84C54A244E
:108A9800007180C0A820800114150114041850002A
:108AA8005520402B80C1920F2FED10DAC8C7E0780F
:108AB800E4C3A7C1084532E9B0EA4A24C0702C7063
:108AC800A820800315254010A4100C00981003005E
:108AD80084C2357A02330003247100A256096FFB61
:108AE80084C0B0158110370994003221830F130018
:108AF800FB5E0130820FFAC400006A7B0030800000
:108B08000130810F7449002448338000043100800B
:108B1800C5F6A60DA003A140C4C75625001B80C1F9
:108B28002609600480C64A2400715525411B20424D
:108B3800A820C00260820416001404330080CA20F2
:108B4800C500041A100080C010DAEE0E2FED80C6A2
:108B5800001400304A24C070A82000020416011234
:108B680004310080CA2049000430808FC9369C53E4
:108B780044F7B01DC310C4C70430808F3837A48CA5
:108B880044F7B01D8310C4C70430808FD338F6CFA4
:108B98006F200B00B01D0210C4C7E078F1C000437D
:108BA8000C7009E987EA5523400C8A0EEFEE55232D
:108BB8008109D1C0E07EE078ECC3ACC108470B80E6
:108BC80042872C8743C00D877FDC17BC45C0096AE4
:108BD80048328800504048308B00310AB20044C106
:108BE8004027021E4A2180004A24C07040240033D6
:108BF800A8204002A0800412030401334303041890
:108C0800D00012712471B2F6073408124A24C070D9
:108C18004A2100000734D112A820400483C3357BC1
:108C2800008315274C104B840030001089C5023290
:108C38000200357D247100A340A589C080C1D20AF5
:108C48006FFB80C66108B2204A2580104A24C07094
:108C5800142540134B680C70A820800383C1152786
:108C6800831001498B8389C3157B02344110047139
:108C7800447120A389C086C1960A6FFB402412362E
:108C88004A24C07040240030A820400240800412CA
:108C9800012401318100041850001275B007EBFF60
:108CA80040254D104A24C070A820C001008600311C
:108CB8000B20041ED01201C100C000C201C302C4AF
:108CC800013040008C1F8010901FC0100130C0027E
:108CD800941F0013CCC7E078E2C3A3C12042084523
:108CE80080C12E0A6FFB404001C100C002C20130A2
:108CF80040002585013082000C710432408047F71E
:108D0800268504324080C3F60C70C2C7E6C3AAC1E8
:108D180084804A24C070084528475520CE080C7026
:108D2800A820400304160314402441391A6104336F
:108D3800008304716F210B0020AA520AAFF540246A
:108D480040399D0F1110990830000C7049852A850B
:108D580050712471CA218A008309A2002AA55C4D9A
:108D680083C1B60F6FF683C7081500104A24C07078
:108D780048308100A820C001008707304000041F48
:108D880010104A24C0702C70A820800315254010AC
:108D980083C298100C00234A86C2357A0233000336
:108DA800247100A286C06A08AFF780C101C100C063
:108DB800478502C3013040000032810F4040000067
:108DC8000130C000043100800C7049F703C304C2AD
:108DD80005C10C7160A641A622A6C6C70C70281D45
:108DE8000110C6C7F6C38224103D5044084500242C
:108DF800803F000034018A220C003E0C2FED2846EB
:108E08000085402483334024043556248539402482
:108E180006344024C733C14182424A086FF40E1C0D
:108E2800C332141411300F0930205525101B22406D
:108E3800D6C70F148F3055254E1A5625151B5525A4
:108E4800D218552593195525171D4025161B2E7028
:108E58004A200000EDE80E148130EF78D309248011
:108E680004778AE04E010D00252000000BF028F061
:108E780032F03BF043F055F065F06EF07AF088F090
:108E880090F00024803F0000340184C19E0AAFF8AE
:108E980080C200C301C202C1C3407A44000060A678
:108EA80041A622A6AC180020408621860286541DC1
:108EB8009810551D5810561D18107DF00024803F3D
:108EC8000000340184C1C60A2FF886C286C140DA80
:108ED800A2405BF00024803F00003401EE0C6FF0EC
:108EE80084C103A567F00024803F00003401CE0947
:108EF8002FF684C1001802205DF00024803F000096
:108F0800340184C1260AAFF880C200C201C102C080
:108F1800001A8020041A4020081A00204BF0002470
:108F2800803F0000340184C1020AAFF880C200C249
:108F380001C102C0001B8020041B4020081B002028
:108F480039F00024803F00003401820C6FF084C1A6
:108F58000AA531F00024803F0000340184C19A083A
:108F6800EFF85524023D5524013D60DAC2400DF06A
:108F78000024803F0000340184C1EA08EFF996C25A
:108F880096C178DAE240B20A0FED15F00024803F6E
:108F980000003401360C6FF084C11C1800200BF05F
:108FA8000024803F00003401220C6FF084C19C181B
:108FB800002004C08A213E069270CA214D202C71DF
:108FC8003C24002006793F6746F1E078E1C5483146
:108FD800010007364B70484700002180CB45833A93
:108FE8006F123FDC0D704831810018BC003341100E
:108FF80000314203814104320082CF21EC07709096
:10900800013241004831C2024833010000334110A7
:10901800492203020031420348230101043200823D
:1090280022A003F69FBC013201034831C102492145
:1090380041064821010129A0C2C4E078E1C54A24BB
:10904800C07047DDC341DC44304E18BDCB44A34259
:109058000BD7C343D33E98DDC3423B4AC1BF26A0CA
:10906800004135180302ACA08BA06AA01C18800030
:10907800A8200001041911004A24C070A82000018A
:10908800041911003418030020180300C2C4E07842
:10909800EAC3A7C14A24C070684048462843084527
:1090A8000C7084C4A820C002024DF02301101524BE
:1090B800031004710231810020A349854A24C0703D
:1090C80081C381C0A82000020414011400324100A9
:1090D800041850004A24C0700A204003A820400207
:1090E80040800413010401318100041850000985EF
:1090F8004A24C0702D7002360670803F00000C7044
:10910800A820400481C284C315220C00034BE084CC
:109118001525011023810037C31004710131C100E6
:1091280020A44A24C0700C70A8208002014A15258A
:1091380003100471003641000C1B40004A24C07023
:10914800A8204002152540120380152041122571E0
:1091580000A184C16140BA0C6FF784C78C854A248A
:10916800C0700C70A8208003041703142C704024CE
:109178004230043300831A620471CA21690020AAAC
:109188008E0F6FF54024403067854A24C070104028
:109198004A200000A820C00315250210E3822C7085
:1091A80040244C300437C0901A640471CA216A0004
:1091B80020AA5E0F6FF54024403066854A24C070AF
:1091C80008470C70A8200004152502100C120B008B
:1091D8002C7040244C300433C0901A640471CA21A6
:1091E800690020AA2A0F6FF54024403004E8341D96
:1091F80003100FF0341580103515811004710F7AA3
:109208000B098500341D421003F0341D021084C17F
:10921800A14079270F10FA0B6FF7402411348B8582
:109228004A24C0704A200000A820800304110324A7
:109238002C7040244230043300831A620471CA211E
:10924800690020AACA0E6FF54024403013E882BF97
:10925800502740101670CF20620000AE20158110F4
:109268000F7A110A4000201D0210008E87B800AE48
:10927800CAC7DF0811A03515801034158110D5092B
:109288000580E7F14A24C0700A210000A8200001E7
:10929800041911004A24C070A82000010419110003
:1092A80034180300E07F20180300E078C340A000D2
:1092B8007C7E00802C704C7075032FFD6C70E078FC
:1092C800E2C2CB45A000587E2185C340A000886E2D
:1092D800008024778A086FFD21A5001D0310C2C6EF
:1092E800E4C2CB45A00068B208465825C3190CD87B
:1092F8001CD98C70BA092FFDA142C341A000607E21
:1093080000A15625851A5725861AC3401200CC920B
:10931800C341130087788A2218008A244200A60EC7
:10932800AFFEC143C341A000886E00A1C4C6E07867
:10933800E4C3A1C180C20C702C774A086FFD6C771A
:1093480014E8CB45A0007C7E00852C704C778609FC
:109358002FFD6C707AE8C341A000587E008908E8A8
:1093680000C6001903000BF0CD7009F000852C70C1
:109378004C706C70BA0A2FFDCD70C140C4C7E0783C
:109388005021C307170B23006C2181070021818F0F
:10939800008000006C770122C2802578E07F404180
:1093A800E4C3A1C10A25801FA000307E860FCFFF2D
:1093B8007EE8B4D9C340F0004B00C342A00048ACDB
:1093C80020A8008A05E80182047101A2F0F12C723C
:1093D8004C706C70A140DB59D60EEFFF08461C8D0F
:1093E800CD089E80031C0330021C8233011C03320B
:1093F8003B580042204340244130FED8520F6FFBB7
:109408008C70D6F1F81CC8B709E82281208161C1A7
:10941800AE0D6FFB81C10C7002F023D808141F3405
:10942800E07EE078F81CC8B708E83A8061C1920D80
:109438006FFB81C10C7003F023D808141F34E07E41
:10944800F1C062080000D1C0E07F0C70E1C54A2479
:109458000077CB45A0007CAC2C70CB44A00014AFA7
:10946800A82000045A210006C3430601FF00247106
:109478001A6562A2402403167860041AC10200A289
:109488004A2480710A200003A82000010418110052
:109498000C1CC110141C41100C70041C8110C2C497
:1094A800C343A00048AC008B08E8028324834168CA
:1094B800016942A3E07F04A3248308E90383090820
:1094C800450023A3101B010005000000F6C38224F9
:1094D8000238CB47A000307E2887028769874387F8
:1094E80000210180CD70AE700E70CE700122C08058
:1094F800D344A000DCAB4BC64AC649C622A703A783
:109508005A2503270024CD2005851470104258F2EF
:10951800038522878485438708150B1004150810D6
:1095280002210980032200833C2108123C20CC023E
:109538007170CA240112957042F4988D3223130574
:1095480040240023786023A541A088ECA20B2006C4
:109558004240147018AD34F2501201204240607934
:10956800181CC2348012112078120120CF7A89C3C6
:10957800557B47C0001B4004141C40342F273F0371
:109588006F233F000081618122812F263F0343C161
:1095980042C35F2201065F22030341C096C08DC209
:1095A80019617A62B609AFEE81C00D0E10200587E9
:1095B800090B01205021D027C571CE71A671B67351
:1095C8004007C5FF068715082204022000040D087D
:1095D800830F00000019D6C72F268793181F001481
:1095E800FBF3AD705C8F5A25001696C119612D0AE0
:1095F8003E00041900041089228189C210178610C0
:10960800F0224703628141812081AC700A24000462
:109618000E08EFFA001C0130A571CD0D8493108F50
:1096280096C22C71047110AFE140C143301C013760
:10963800DB591470BA002B000845CFF55524912941
:109648008CC2E1402241DD592E4110434221550090
:109658003B58104730464E70CD70AD700CC0650A4F
:1096680005205A221026002400249C100B002D0BE4
:109678006015A8100C01FEE407F47EDC0A25C02260
:10968800EA46CA450AF06140E241FA0CEFFFC242DD
:10969800084628450A25C022CA08AFF89D7810E870
:1096A80075800EEB4B802A80A77AC7790521BE808A
:1096B80006F200204124CAA0607BABA04671D0F11D
:1096C800290B50203C8F25091E00231C0230221C28
:1096D800C234211CC3313B58004220434024413846
:1096E800FED86E0C6FFB8C70590BD0A075F1960AE2
:1096F8006FFB51D8B379C340F0004C0020B0D6C7F7
:10970800F4C2960D4FF8060C6FF8104210432E70F5
:10971800CB46A00030ACCE70ED70AE704A2400206D
:10972800A1860C70081610140435809F7F4700FF2F
:10973800CA206B0004354094CA258E1F803F000064
:10974800147049083020CA252110043540943C0083
:109758002E00024042413A0D6FF8624213E82A0C8B
:10976800CFF704354095CE710AF610F4C340A00037
:1097780014AFE148F020000411090300B1450A477D
:1097880004F0020A6FFB54D88671990CD4A0CB451B
:10979800A000307E0B0E1120181DC11FD4C65E0E0E
:1097A80000051EE8E20BCFF70585F508C083EA0C33
:1097B8004FF85A0B6FF808460042E140D20C6FF898
:1097C800C14108460EE8360E00050AE8278004E97C
:1097D8000019010000A6E5A5C7A0D4C656D803F015
:1097E80054D8A2094FFBD4C6EAC2A080084630412B
:1097F800081843004F0D10103608AFF9A14021E8B2
:109808000E0F6FF8A14032088FF91BE81D953C95A3
:10981800E1682D0F44101585ED70001E4170A00001
:1098280034411040081D43100AE80A8622410AA55F
:109838000B860BA523200004A140E8ADFDB5A0854B
:10984800DCED0C70081E0310CAC6E078FAC2304678
:10985800460C6FF81841B60A6FF818401047CD70DB
:10986800BD0E30206E770E70ED77AE702E70D3443B
:10987800A000DCAB162112344E405A200D270430CC
:1098880080838275C4A564002C00C3A50430808F32
:109898007F4700FF54000600073600706E4E286BA5
:1098A800F608CFEC00423C2588203C214C200C21B6
:1098B80040A0CA24011295703C22CB043C21C3036A
:1098C800CA214220CA25822030774640CA23C102D5
:1098D800747022A541A53C77CA2382200341E24245
:1098E800AE0B6FF800A504F00C70D8AD06718908AE
:1098F800A4A505A50A248075A82000045A260017E7
:109908008270258009E9418022800E224285032148
:1099180041A043A024A0C571AA4604F0ED772E709B
:109928000226C294C341A000307E0321C0A320199F
:10993800C004E9A142A103A1DAC6E078F4C38224F5
:109948000C3F504270402845084607EA2C70A14059
:109958002A0FAFFA42424A24C073FED900268F1F4D
:10996800000082030C7422AD2E7181C24A2140008E
:10997800001C0131A8204001011A52002471190865
:1099880030204C20C0A32E012D00041C0234031DDE
:10999800021406F04A21C023031D0310D1435426A4
:1099A80015195426961B0E70402414318023072D58
:1099B800011480240477EF08D5032520000010F057
:1099C8001CF02EF039F04DF04DF04FF04FF052F002
:1099D80058F05BF05BF05DF05DF05FF05624403DC1
:1099E80014DA5608EFECA2415624403D80C3A14149
:1099F8004A0EE004424257F00024803F00009401E0
:109A080014DA3608EFECC2410024803F00009401CC
:109A180080C3A14112082005424245F085C08A2230
:109A280006001608EFEC624185C080C3A1417E089C
:109A38002005424237F0701682100024813F000052
:109A4800BC017E09A004DF1600160024803F000038
:109A5800BC0180C3A14152092005424223F00A8675
:109A68000AF00B8608F00C8606F0DD16001604F0E6
:109A7800DE16001680C3A141520B2005424213F0A6
:109A8800FF1780900AF0008F08F0018F06F0028F10
:109A980004F0038F02F0048F80C3A141CE0B200590
:109AA800424206710D0844A400C04128010200ADDD
:109AB80021ADD4C7EEC3A1C1504268462845104025
:109AC80006EA2C70A140B60DAFFA4242FED9001C3E
:109AD800013122AD07EE530EF5100C74C3AD6E7153
:109AE80005F06E72CD71031D03108A210E20ED71F1
:109AF800190EB01080C3210E711080C3424202407B
:109B08009E0D2005A14108F032204024A1415E0BA2
:109B1800200542427277CD72ED72ACF700C0412841
:109B2800010200AD21ADCEC7E8C2484628472C70D7
:109B380010DA60400A200021420DAFFA68450C7027
:109B480036EF296E2109F5004226411E041D8312B5
:109B5800031D0311021DC310011D8310001D4310B6
:109B68000C7526F04909D502252040000BF00EF0AF
:109B78000FF012F01CF01CF01AF017F00FF018F0AC
:109B880010F0001DC31113F0001D83120FF0001D0B
:109B9800C3120DF0001D031309F0001D831307F015
:109BA800001DC31303F0001D43130C71001800209F
:109BB800C8C6E078E2C2CA0D200308454A244071AD
:109BC8002C70A140A820400121A008181100802570
:109BD8000E10001D0310C2C66902C004E8C3822427
:109BE8000E3310408BC08A220D084E0EAFEC28456C
:109BF800028D8C20838F8A203E070AF4238DCD7135
:109C080007E98A20FE060F09F400ED71C8C7ED7256
:109C18002C710A4580250E10001C01312309B00063
:109C28008BC02D78230871008BC080C1720F20056E
:109C380081C281C128DA020EAFEC024005F0560C51
:109C4800200580C100ADF1762C72CD72A8F70C709A
:109C5800C8C7E078E6C03FDA18BAC3414C3FCDCC5C
:109C6800CB45CC3DCDCCCB4448420000C343F93B67
:109C78006C098A231010CB46833A6F12CB47F449FC
:109C8800002448A027A0B8B997BA0C184300A6A08A
:109C980085A079A02418C402C2A0E1A038A044A0DD
:109CA800C6C4E078E6C208457A0B600055200E0964
:109CB8004A24C0707FDA17BA0C706C715525411CA4
:109CC8004AA609A608A607A60AA50BA50CA50DA5D0
:109CD800301EC21074AE4EA5A82000010419110050
:109CE800A141CB441300205F8021090A06A6801EEB
:109CF800181044A603A602A601A6C3424940DB0FDA
:109D08007C1E181014A90184771E98107A1E9810CA
:109D1800791E9810781E981060A940842284CB4739
:109D2800A33B0AD7CB432B3C40EB7E1E1810A14027
:109D380060AEFFA5811ED8127D1E9810920FA0005C
:109D48007F1E5810C6C6E078FAC38224033804156B
:109D58000C006D700A2240210434C0920A21C021EF
:109D68000A2680210A200031704358410846C5F66A
:109D78003FD818B804F0C34000BF000047140F369E
:109D88004A24C07001340D100026901F00002D01D8
:109D98005524403DA8208002041102040032820F9D
:109DA800833A6F12041890005524413D5524823C93
:109DB800C1404E09EFEE5524943C4835C0121D7839
:109DC8005524443D5524C53B44204300C1406241CD
:109DD80003425524CD3B42082FEF70454A24C070FA
:109DE8004A200000A8208003014DF02403205524B8
:109DF800023B00318105157A01334100047120A22C
:109E080061864986284E5524013B5524043A3E0E66
:109E18002FF310465524013A10DA1E0CAFECC2405D
:109E28005524013AE20C2FF3C2405524013A10DAC6
:109E3800060CAFECC2403C86C1406A0AEFEEA24273
:109E480000108120990930001045EE708A25021112
:109E580040241430B96610DADE0BAFEC8240E671AC
:109E680040241424F10F74A210E510DA8240CA0BC2
:109E7800AFECC241EE704024143074DDB86610DADD
:109E8800B60BAFEC8241E67110E5F50FB4A24024A1
:109E98001424E71080A00D08B5020471E71802A089
:109EA8003D0831305524433D56402F314006552456
:109EB8004D3D2F320000EE08EFEEC1404A24C0703D
:109EC8005626C118A8208002041500140030800FFF
:109ED8006A44FBAE041910007E4000A14A240071B8
:109EE8000A204004A8208001041601240418500008
:109EF80000184005FF1080A00FE80C7004310080A6
:109F0800160006004A240071A820C00126405220ED
:109F1800C00704191020001080200DE84A240071A1
:109F28005626C018A820800104100104041F5010F0
:109F3800DAC70C7003A702A701A700A7DAC7E07861
:109F4800E4C081816381C281A08100330C034A246B
:109F5800C07000358313023303030133C30060A2CA
:109F680080816381C281A18100330C030035831392
:109F7800013303030133C30061A260818381A1819E
:109F88000033CB0000340313228100354C13023315
:109F9800C30200314100023303030133410022A20E
:109FA800A82040026082041001040231C100041A92
:109FB8005000C4C4E8C382240C345040084784C00D
:109FC8008A220C00720AAFEC2845008740248330AF
:109FD8004024043240240533402406314024C7304D
:109FE800A14102427E0EAFF3021C833202C504ED8A
:109FF800A140C8C703148E30AD700C70FAE8021483
:10A008008030CF79ED08648084C281C3FE0E2000C1
:10A01800E14001C08A213E061270CA254D102C71FC
:10A028003C20002006793E66EAF1E078F4C3B0C12E
:10A038004A24C0700A2080210A2100217043484028
:10A048000845CD704024063D4024093A4A200000C6
:10A05800A82000050349F0200B1015260200003344
:10A068008C0F833A6F120033831F7A3D000015214D
:10A078000F10047180A260A75A85C341C84200002E
:10A0880004324080A60026004A2240204A24C0709C
:10A09800A8200002041100140030000001360E1040
:10A0A8000436809FA040000018F64A24C070CD7086
:10A0B8008DC46C70A8200002041400140030000045
:10A0C8000133030098850133800F80BF00000430FE
:10A0D80000835C002C00ED717A0FEFF707318000E8
:10A0E80024853FDA6C7007364C70233C0AD718BABF
:10A0F8000430C0804041CA218C0F00BF00000130ED
:10A1080041004831CF020034801F744900240430D4
:10A11800C080CA228C0F00BF00002F26C7F347F269
:10A12800013080004830CE0202F0ED714025141B4A
:10A13800422240200F79CC798AC240240537002179
:10A1480044048DC1A14062434024153ACE0A200040
:10A15800402416374A24C07040240030A8208002CA
:10A16800041602240415012401318100041850004A
:10A1780080C183C27A0F2000A14083C110DABA08D7
:10A18800AFEC82401B0B31208DC080C2B60DEFFFB3
:10A19800824100C201C102C053A534A515A546716C
:10A1A800EF792F2087048D0905804A2400715C4DC2
:10A1B8000A210004A8208001041002040419900058
:10A1C80000884830000000A10C8D0FE80C700432A4
:10A1D80000804BF74A240071A820C0010640522095
:10A1E800C00704181020D4C7E6C3A2C108460080DF
:10A1F80060444024C3304024053140248630484719
:10A208000A254010BA0CAFF3031C833202148030C5
:10A21800031481300F7879092400047765089502C2
:10A22800252000000AF00CF00CF00EF00EF010F0F3
:10A2380016F01EF01EF020F00C8E0CF005861DF0B6
:10A2480006861BF0078619F0088617F0241680107A
:10A2580081C3A1419E0AAFFAE14214F0251680108D
:10A2680081C3A141620E6FF5E1420CF0188605F03A
:10A27800198603F0048681C3A141620CEFF7E1421D
:10A28800021480300471021C0230C4F101C041285C
:10A29800010200AD21ADC6C7E8C3A2C148472845A1
:10A2A8002C7010DA60400A200021D20D6FFA68463F
:10A2B8002C70C34213002C5F510D10104A24C0703B
:10A2C800A820C00204120304402440303C602471DA
:10A2D8003823C00300AC0A0E2FF7402440302CE886
:10A2E80009DD081E4312071E0312061EC311051EB0
:10A2F8008311041E4311031E0311021EC310011E05
:10A308008310001E431019F04A24007140220203F2
:10A31800A82080020412030481C03C602471382301
:10A32800C00300AC8A08EFF581C017E8AD71001EC4
:10A33800C31014F0AD70AA0E6FF77827001C06E85A
:10A34800B866A57100188301110F711EBE66A5714C
:10A35800001E831202F0AD7000184023C8C7E078D1
:10A36800ECC3A2C10846008060444024C3304024A6
:10A3780005314024863048470A254010420BAFF388
:10A38800031C833102148030542611185426921964
:10A398004026101B031481300F78750924000477B8
:10A3A800610895012520000006F00DF012F01AF062
:10A3B8001BF022F081C30240A141120AEFFAE142E8
:10A3C80020F00A8681C3A1411E08EFEFE1421AF08E
:10A3D8003D16801081C3A1411A09AFFAE14212F07B
:10A3E80081C3224003F081C34240A1415A0DEFF7D7
:10A3F800E14208F01A8681C3A141E20AEFF7E1427F
:10A40800021480300471021C0230C6F101C04128D8
:10A41800010200AD21ADCCC7EAC3BEC1A8470846BA
:10A428000C7002A701A700A78A863041CB45824459
:10A43800553502240103848648318B002186003477
:10A44800CC12281E001104344090CA21050304319F
:10A458004083CA254910B6A602EBCAC74A24C07071
:10A46800A82000020412010400314100013040001C
:10A4780028860430408019F64A24C0700E702241A4
:10A488004A220000A8200002041100040030000045
:10A498000132020038860132800F80BF000004308C
:10A4A800408094010C00241680101C16101004E83B
:10A4B8005C1E03104A24C070AD7097C44A20000087
:10A4C800A820C003152601105381F0210120003077
:10A4D8008320152402100231C100047120A23D1608
:10A4E80080104026101B3CE897C180C202407A0EBB
:10A4F800EFF23D1E42138E0D6FF480C002C680C07D
:10A50800820D6FF442C57FD817B80136011050206C
:10A51800C2050230800300318100003080002F33F3
:10A52800400001C145C52F32000000C05220C007BD
:10A5380046C3003181000032000043C144C083C0DB
:10A548009AC25A0DEFF202419AC0BE0DEFF283C1D2
:10A5580083C110DAE20C6FEC0240CAC79AC010DA65
:10A56800D60C6FEC02419AC06A0AEFF283C183C02D
:10A578007A0AEFF28AC197C08AC18DC2C20A2FF740
:10A588004024103D86864A24C07054260D18A141E7
:10A59800A82080030410002456866081003400102F
:10A5A8000030800001330000041910004085028546
:10A5B80021854A24C07047C249C040C242C00E70BB
:10A5C80080C287C30C7048C1041C4030A820800298
:10A5D80004120C040413010400310103013040008B
:10A5E8000430808F233C0AD724000C00A60FCFF834
:10A5F8004A24C070A8200003001501100030410053
:10A608000031810FCC3DCDCC041D50104A24C070C0
:10A61800A82040048DC04586F020000415260114AA
:10A628003081003200001527031401304000067104
:10A6380000A315F12416801014703EF3DC4E9AC066
:10A64800F60B6FEC10DA9AC08A09EFF293C193C047
:10A658009A09EFF290C190C18DC22240E2092FF70A
:10A668008DC55C168010251681100F0865000471D1
:10A678005C1E021020F14A24C0700E704A210000AE
:10A68800A820000204150014003000000131010068
:10A6980064160010043100801C06ECFF4A24C070C8
:10A6A800542680193D1E4310A820000104181100EB
:10A6B80002F1E078C9000003E6C03FDA18BAC341E6
:10A6C8004C3FCDCCCB45CC3DCDCCCB444842000013
:10A6D800C343F93B6C098A231010CB46833A6F12A7
:10A6E800CB47F449002448A027A0B8B997BA0C185A
:10A6F8004300A6A085A079A02418C402C2A0E1A0A6
:10A7080038A044A0C6C4E078E2C224772909B5027B
:10A718000845252040000BF00FF015F019F01FF048
:10A7280023F02AF02FF03BF033F04040BA0D6FFAD7
:10A7380060410CADC2C64040860FAFF7604105A529
:10A74800C2C640407A0FAFF7604106A5C2C6404076
:10A758006E0FAFF7604107A5C2C64040620FAFF762
:10A76800604108A5C2C640407E0D6FFA6041241DB5
:10A778000210C2C6404046096FF56041251D02100F
:10A78800C2C640403A0FAFF7604118A5C2C6404064
:10A798002E0FAFF7604104A5C2C64040220FAFF7A5
:10A7A800604119A5C2C6E078E8C382240C34504041
:10A7B800084784C08A220C007E0A6FEC284500876F
:10A7C8004024833040240432402405334024063199
:10A7D8004024C730A14102428A0E6FF3021C833124
:10A7E80002C504EDA140C8C703148E30AD700C70CB
:10A7F800FAE802148030CF79ED08648084C281C3FE
:10A8080062082000E14001C08A213E061270CA2574
:10A818004D102C713C20002006793E66EAF1E07864
:10A828004A24C0707FD917B96C70542002083C18AC
:10A8380043002EA06DA06CA06BA06AA0A820000108
:10A84800041A11004A24C070A8200001041A11003B
:10A85800C341C84200005C18C200E07F3AA0E0781B
:10A86800E2C3A4C1896940412B0CB51108452520D4
:10A87800000307F010F016F01BF027F031F080C24B
:10A8880020402E0DAFFA60415C4D80C1AA096FECE3
:10A8980010DAC2C72040360BAFEF60410AA5C2C725
:10A8A8002040460C6FFA60413D1D0210C2C780C2AD
:10A8B80020407A08EFF7604100C201C102C050A5EC
:10A8C80031A512A5C2C780C220406208EFF76041D7
:10A8D80000C201C102C053A534A515A5C2C72040B6
:10A8E800DE0DAFF760411AA5C2C7E078E2C3A4C184
:10A8F8004845628056802CE0520BEFF2A14480C09C
:10A9080010DA36096FECA14180C0FE09EFF2A141CF
:10A91800C2C7E07848310100073641704847000057
:10A928003D18430007364270F44900243AA0E07FFE
:10A9380041A0E07808446C704A200000624C043260
:10A9480040804C70CA206900E120C907CA226C0007
:10A958005B63ED0B1481E07EE4C07A108C007FDD30
:10A968005021FE8717BD084648340C10CA21410300
:10A978000434C0908026091A0BF7EC108C0089EC7F
:10A9880056204C08808CDD0C30104833C302608E92
:10A9980005EBC3434940DB0F53F0C010830011EBB4
:10A9A8005022FE875C754835C21215208200A4101B
:10A9B8000306A01202060132C200A4189800548EA1
:10A9C8000DEAEC10820086EA56204208408A07EA1F
:10A9D800C342B23DC2B8A01898004831C1022477DA
:10A9E800483181000031810F32BEC2B89B10020687
:10A9F8000131810FB23EC2B8A0100B0601318100AF
:10AA0800A51008060131C1029D100906C34349403B
:10AA1800DB0F02360272803F00000431C080CA2377
:10AA28004500003242020030C110A4100C06013269
:10AA380041009C18D800013103039D185800C341F8
:10AA48004940DB0F04334080C342B23DC2B8CA213B
:10AA5800C50004318080CA2185009E185800C4C4EE
:10AA6800808EF026C3701300505F4C70141E431084
:10AA7800A4189800A01898000D0C71109B18D80005
:10AA88008D7040AE9E10020695709D18980083F553
:10AA9800A5F1E078E8C382240C345040084784C00C
:10AAA8008A220C00920F2FEC28450087402483301F
:10AAB8004024043240240533402406314024C73062
:10AAC800A14102429E0B6FF3021C433502C504EDFF
:10AAD800A140C8C703148E30AD700C70FAE8021498
:10AAE8008030CF79ED08648084C281C3160A600083
:10AAF800E14001C08A213E061270CA254D102C7112
:10AB08003C20002006793E66EAF1E078F2C3B3C142
:10AB18002F26C5F10A2180210A2140110A2200218D
:10AB28007045504430431000230008474427400034
:10AB3800C01F021080140D301EC64A24C0700C704D
:10AB48005424083840240B3DA8204005F023032056
:10AB5800F0240120152002100033830F833A6F126E
:10AB68000031810F7A3D000015230C10047160A29A
:10AB780020A490C18DC24024053A0A244002E14035
:10AB88000A2380046209E0024024103A4A24C07073
:10AB9800A820C001064000308003041810208DC191
:10ABA800402404372243E140A2424024103DD60B02
:10ABB800200087C61F8736874A24C0700030800F60
:10ABC8007449002407304B004A200000A8204004A4
:10ABD8008AC1F0200320044E024980C1157901334F
:10ABE80083000033021304710133820040A180C145
:10ABF80083C20A0DE002E14040270E1B83C110DA30
:10AC0800360E2FECC1401D0A312090C080C2360B91
:10AC1800AFFFC14100C201C102C053A734A715A7A5
:10AC2800BE439E427E41360DEFFFE1404A2400714B
:10AC38000A214003A8208001041602140419900078
:10AC48009E17001600A10C8F0FE80C7004320080CC
:10AC5800160006004A240071A820C0010085522071
:10AC6800C007041D1010D2C7E8C3A2C10845008060
:10AC780060444024C330402405314024863050408D
:10AC88000A26401055254F18360A6FF3031C433522
:10AC980002148030031481300F78EF092400047700
:10ACA80065089502252000000AF00CF00CF00EF063
:10ACB8000EF010F016F01EF01EF020F00C8D0CF0C7
:10ACC80005851DF006851BF0078519F0088517F026
:10ACD8002415801081C3C1411A086FFA024214F08A
:10ACE8002515801081C3C141DE0B2FF502420CF0FF
:10ACF800188505F0198503F0048581C3C141DE0973
:10AD0800AFF70242021480306BB87308D5022520D1
:10AD180000000CF00DF010F011F019F01FF021F008
:10AD280021F023F023F025F06C15801011F06D153B
:10AD3800801007F07815801003F07915801081C312
:10AD4800C141B20F2FFA024219F07A15801081C35F
:10AD5800C141760B2FF5024211F01C850AF00187DC
:10AD680008F0028706F01D8504F0008702F00E87C0
:10AD780081C3C1416609AFF70242021480300471F1
:10AD8800021C023088F101C04128010200AE21AE48
:10AD9800C8C7E078E8C3A3C1484728452C7010DA33
:10ADA80060400A200021D60A2FFA68462C70C34258
:10ADB8001300605F650D10104A240071A8208002FE
:10ADC8000412030480C03C6024713823C00300AC23
:10ADD800DE0D6FF580C038E80FDD0E1E43150D1E21
:10ADE80003150C1EC3140B1E83130A1E4313091EDE
:10ADF800C312081E4312071E0312061EC311051EA6
:10AE08008311041E4311031E0311021EC310011EE9
:10AE18008310001E431019F04A2440714022020496
:10AE2800A82080020412030481C03C6024713823E6
:10AE3800C00300ACD608AFF781C026E8AD71001E8C
:10AE4800031223F0AD701B0FB019B866190F711CEF
:10AE5800B866A572011883030018430304F0A571AE
:10AE68000018C3027A0B2FF77827001C05E8B8668C
:10AE7800A57100188301130F711EBE66A571001E0F
:10AE8800831203F0AD7000184023C8C7F0C3A2C1F5
:10AE98000846008060444024C330402405314024E3
:10AEA800863050440A25401016086FF3031C4332BD
:10AEB800021480305526D31A5526521954261018D4
:10AEC80054268F194026111B031481300F78A709C7
:10AED80024000477610895012520000006F00DF094
:10AEE80012F01AF01BF022F081C32240A141DE0EBD
:10AEF8006FFA824220F00A8681C3A141EA0C6FEF03
:10AF080082421AF03C16801081C3A141E60D2FFA47
:10AF1800824212F081C3024003F081C3E140A141A3
:10AF2800260AAFF7824208F01A8681C3A141AE0F04
:10AF38006FF78242021480302508700281C313081B
:10AF4800300281C32308F10181C3624009F09016E1
:10AF58008010A1419E0D2FFA824207F04240A14184
:10AF68006A0E6FFA8242021480300471021C0230A9
:10AF7800ACF101C04128010200AD21ADD0C7E07895
:10AF8800ECC3B3C188474845304210412C7022A712
:10AF980021A720A702EBCCC74A24C07055210E2850
:10AFA8004A200000A820C002024D90C3157B003241
:10AFB800820FCC3DCDCC047140A36D11802014705C
:10AFC8000C700DF24016821090C15E0B20002240DA
:10AFD800562141286C168010208905207E80DDF5D9
:10AFE80023850C7004310080C4F63FD818B805F0EA
:10AFF800C34000BF0000013100007A1181204830B1
:10B00800C0020F7893084480108E0FE86C118020DE
:10B018003108B100101E03104021002B90C14A0BCB
:10B02800AFF280C220F079118020D708300040218B
:10B038000D2B5521402984C2CA09AFF2A14166F0FF
:10B048005521CD2A90C180C21E0BAFF20A204003C1
:10B058004A2400714021002BA8208001041001041B
:10B06800041D5010AD7080C01A0A2FF442C501C0EB
:10B078007FD917B9043040804F21C207CA20490040
:10B0880004308080F60D6FF4CA2085000846C3405E
:10B098004940DB0F0436009083F602308E0300C06F
:10B0A80043C0560C6FF583C000368E1F003F00006A
:10B0B80045C5C140560FAFF644C547C09E0CEFFAD0
:10B0C800C14003C1791182200030400046C007EA20
:10B0D8005521402984C110DA0FF040210D2B84C07E
:10B0E80088C22209AFF2A14188C01E0AAFF28CC102
:10B0F8008CC110DAA14042090FEC1D02000084C087
:10B1080010DA36092FECA1416C11902084C090C14F
:10B11800560AAFF2402402301908B0204A240071C0
:10B128005521C02AA82080010415011404185000D4
:10B1380080C0AD704E092FF4081C013001C000C159
:10B148000430408348C145F7AE0B6FF588C04021F5
:10B15800002B820E6FF284C184C0920E6FF2E1411F
:10B1680008C24A24C070E140A820C00120800032F3
:10B17800410004185000781180202EE84A24C0703D
:10B188004C700C70A8200002041201240031410008
:10B19800013040000430808F6144000043C0C6F68F
:10B1A8000030820FBC3862BE7FD817B870110320F8
:10B1B800043200804A24C070CA2085000030010093
:10B1C800A820400200870033000000310000041F5F
:10B1D8001010A2F04A24C07055214D2CA140E14224
:10B1E800A82040026080041201040131C100041843
:10B1F8005000420A2FFAA140D340C8420000043050
:10B208000084DAF602854085218542C0A14040C20B
:10B21800220A2FFA41C14A24C07080C10A22400381
:10B22800A820800204110304073303000033030439
:10B23800041AD000008608C14A8602360370803F8F
:10B24800000024168C1000304100003380000130CB
:10B2580042004AA607EC02865022C107043100804A
:10B2680011F64A24C0702C70A82000020412002491
:10B2780000300000013101000F86043100804000D9
:10B288000C0074110C2040852185028570110B205B
:10B298004A24C07080C343C440C241C1081C003066
:10B2A800A820400304130004208700340210003350
:10B2B800401001308000041F10102EF0A6EC2386E9
:10B2C800BFBA0432408044002C004A24C070741174
:10B2D800012040856185028570110C2040240B30C7
:10B2E800241E431043C140C241C342C0A8204003AA
:10B2F800041300144087003103000034801001302B
:10B30800C000041F101008F00C70241E021002A7C1
:10B3180001A700A7ED11802014707E04C2FFED196B
:10B328004320CCC7F0C3A4C155200E0D28451041B9
:10B3380032866516001650420A0E6FFA1C1E43101C
:10B348000471651E181080C1C60B2FFAA14001C1F7
:10B3580000C065160F1602C2013040004A24C070B2
:10B36800926F01308B002C6C4A200000A82040020C
:10B37800024D1521432004712471471B98002F3377
:10B38800C002224280220908208A1521002346187B
:10B39800D8008FE96316001632860F0923002C7136
:10B3A800001A430005F004712C70631E18103470E5
:10B3B8008AF2B286108609205003170F2314422000
:10B3C80053202D0FE1148E71F143A14318F0BF678C
:10B3D8000227001404716E0D6FFAA14165160F164D
:10B3E8001044422053206C72AD710AF0B8670220F5
:10B3F800000404714E0D6FFAA14100437FD9483013
:10B40800902017B948339320073105042240802043
:10B41800040740240730E1420731C6048241C60BC5
:10B428002000A144090A1020208603F021860A0D75
:10B43800AFFF80C06516011642866D7104B922718E
:10B44800461101060431808086F7438604318080E6
:10B4580002F66D708AE8150B11100686A168E4E5FE
:10B46800C2F664DDA6A605F0AD70181E0110ED1138
:10B47800802021E8090A1020288603F02986BA0CC2
:10B48800AFFF80C005E856214028001843000F0B85
:10B49800301080C0341E011011F09E0CAFFF2A86B8
:10B4A80014700C7003F40D8604712C860F0862006A
:10B4B8000DA656214028001803000586090D021024
:10B4C8001C1E0310D0C7E078590480024C70562027
:10B4D80041088A24017440A900415520830E802127
:10B4E800040740A347A342B3A82000010419110090
:10B4F800802009085F1B980040A1E07F40A8E07801
:10B50800E8C2684548463040C60AA00208474220BB
:10B51800C0223108F50255275018252000000CF0EC
:10B5280011F018F01DF024F029F02FF034F03BF062
:10B538003FF046F0C140860BEFF4A1416C1F0210AA
:10B54800C8C6C140A20FEFF9A1416D1F0210C8C6BD
:10B55800C140960FEFF9A141781F0210C8C6C1403B
:10B56800860FEFF9A141791F0210C8C6C1404E0BE2
:10B57800EFF4A1417A1F0210C8C6C14042096FF713
:10B58800A1411CA7C8C6C14036096FF7A1410418DC
:10B598000020C8C6C1402A096FF7A1410818002039
:10B5A800C8C6C1401A096FF7A1411DA7C8C6C14046
:10B5B8000E096FF7A14100180020C8C6C140020952
:10B5C8006FF7A14138180020C8C6E078E8C3822484
:10B5D8000C345040084784C08A220C005A0CEFEB08
:10B5E8002845008740248330402404324024053312
:10B5F800402406314024C730A141024266082FF397
:10B60800021C433202C504EDA140C8C703148E30A2
:10B61800AD700C70FAE802148030CF79ED086480C0
:10B6280084C281C322082000E14001C08A213E066D
:10B638001270CA254D102C713C20002006793E66F8
:10B64800EAF1E078E8C3A4C1684548462847220AD9
:10B65800A0021040210F701280C2330F3012C14077
:10B66800290FF11180C2C140460F2FFAA141552080
:10B67800C02A08F0C1403A0F2FFAA14155204029AD
:10B6880080C1B60BEFEB10DAC8C75E0EEFF9A14127
:10B6980090180220C8C7E078ECC248310100CB44BA
:10B6A800484700000734431022925520CD09084628
:10B6B800E81500904831010007345210D341803F0B
:10B6C80000003885D340833A6F120D700030800F28
:10B6D800C84200005021C225483181000736CC708D
:10B6E800F449002448433C1E4310F41D43907AA6B5
:10B6F80007318F2407308604118581A648308000E1
:10B7080000320020003241200030000400310904DA
:10B7180004300082CA238C1F00BF00000130C00221
:10B72800043100924830C00212A5FFA6E41D8091A2
:10B73800404005F6C34000BF00003E854831810007
:10B7480000324C2001310110003400144831C1028C
:10B758000430008239A505F6C34200BF000001305D
:10B7680080004A24C0704830C0021DA5C140C341B2
:10B778001300845F80200A01A8200002041102043B
:10B788000732C200041890000736C07080BF00005E
:10B798000730800F723F22B07209CFFD02310020BE
:10B7A8007E1D18102A0DEFFFC1401C85483080000F
:10B7B80000320020003001040C7004310080C5F60E
:10B7C8003FD818B804F0C34000BF000001310000A2
:10B7D8004830C00249200005482080001FA5CCC67B
:10B7E800F6C3A4C140299600422613215041284798
:10B7F80008451520C10480C010DA0A20C0210A2794
:10B8080080210A2540210A22002168462A0AEFEBF6
:10B81800402414302F0F6314152582150A21C00304
:10B828004A240071484480C0A82040026080041463
:10B838000B140133C3100418D0002471E509628485
:10B8480010E2330AA223346EB961C14242210104D5
:10B858004A24007180C02844A82040026080041453
:10B868000B140133C3100418D00010E15272447154
:10B87800B0F64A2400718D70A82000051524012314
:10B888000081F025C214152003230030400585717E
:10B898000232020066710032820000A1001B8000A3
:10B8A800390F63144A2400714A2000001520C2038E
:10B8B800A820400480C1434D014915200C20047183
:10B8C800023341006084003141004471013341007A
:10B8D80020A4E571CD07CFFF390A82234A240071DD
:10B8E800126E6C684A210000A820400480C0624D96
:10B8F800204815204C20247102320000408400307A
:10B90800000064710132000000A45276C571A8F6E7
:10B918004A240071A820C00106400030C005041860
:10B928001020D6C7E4C249684F7D9F250213CB4437
:10B93800A000CC492043BA64D1825424821A5965A4
:10B94800426E40B10F78C3441300643EB20E2FF824
:10B958004C74C4C600430280043040800C70E02060
:10B96800CE07438304324080C9F704830430408003
:10B97800C8F7C34040400000E07E7FD8E07F17B89A
:10B988000C70E07F9EB8E078EAC382240C37504000
:10B99800084787C08A220C009E08EFEB28450087DD
:10B9A800402483334024043540240536402406349B
:10B9B8004024C733A1410242AA0CEFF20E1C033106
:10B9C80005C504EDA140CAC70F148E30AD702E71A5
:10B9D8004A200000F8E80E148130CF78E909048085
:10B9E8002308300184C12908B00084C13708F00059
:10B9F80084C13B08710087C0C20EAFF484C104AF94
:10BA080015F0BA0EAFF487C015AF11F087C0AE0EAF
:10BA18006FF880C200C201C102C042A723A704A7D1
:10BA280005F09A0EAFF487C014AF04C08A213E0611
:10BA380012703C200020CA254D10062101203E66C8
:10BA4800CAF1E078F2C3ACC117C750453042084686
:10BA58002C7024DAE140E8450A2080210A2140219F
:10BA68000A230021160EAFF97044048E13083F0014
:10BA780014DA15087F0080C014DA624107F080C02C
:10BA8800A24105F080C014DA8241AE0F8FEB04C1E9
:10BA9800C60EEFFFC14044C080C03A0D2FF288C1E6
:10BAA80088C04A0D2FF285C1048E23083F014A241D
:10BAB80040712B087F014A2440713308BF0180C1BF
:10BAC80014DA760FAFEBA14021F0A140A820800145
:10BAD800041501240418500014F0A140A820800186
:10BAE80004140124041850000CF04A2440716241E7
:10BAF8000A204003A82080010411020404189000C1
:10BB08002485560EEFFFC14004A518C14A24407190
:10BB18000A204003A820800104100204041F90108A
:10BB2800158E4A2440710AE8A820800104130024D5
:10BB38000419100011000000A82080010415001449
:10BB48000419100004C24A24C0700C7040240D353A
:10BB58000C198020A8208004014D152103201520F0
:10BB68000C2020A30031810F7AC40000F0220320AA
:10BB780004710133410020A40C188020D2C7E0785A
:10BB8800E8C3A2C10846008060444024C330402472
:10BB980005314024863048470A254010220BEFF231
:10BBA800031C033102148030402610120314813024
:10BBB8000F784B0904001F0810011F08B00081C34B
:10BBC8002308D0002B08710081C3048EE142A141F3
:10BBD8000DF0158E08F00240A141FE0C6FF8E1420D
:10BBE80007F0148E81C3A141E142DE0C8FF40214E8
:10BBF80080300471021C0230DAF101C041280102D0
:10BC080000AD21ADC8C7E078E8C3A1C16040484590
:10BC180028462C7010DA8847620CAFF97040D5704E
:10BC2800CD702BF24A24C070C3421300905F0C7091
:10BC3800A820C00204120304402441301C6104718E
:10BC48003823410320AC9A0C6FF64024403006E8B4
:10BC5800CD710018432011F0130D101F150DD01EC3
:10BC6800170D911B0018832006F00018032104F01B
:10BC78000018C320CD71C0A7C8C7E078E6C3A2C129
:10BC88000846008060444024C331402405304024E5
:10BC9800863148470A254010260AEFF2071C433030
:10BCA80007148330061481302F78230B04001708FB
:10BCB800510000C041680F0FA410B860968E40C2B2
:10BCC80080A82471061C4230F0F100C0412801020E
:10BCD80000AD21ADC6C7E078C34113009C5F418128
:10BCE80060812281041843001618430014180500C7
:10BCF80043A062A0E07F24A0E6C3A4C10846008058
:10BD08004024833140240432402405334024063043
:10BD18004024C731484728454A09EFF2061C4330FA
:10BD280002C003E8C6C70614833007148C304C7071
:10BD38004A200000F8EA8F7AED0B84800F0A710020
:10BD480000C12A65247140C156AEF1718A223E06AF
:10BD5800CA208D003C2742103D2741103C64ECF17D
:10BD6800E07EE078E6C034108C005520CD0C0CEA5B
:10BD78000D0CD1105C8D250AB500E96AED701C1D0B
:10BD880003100DF05C8D28158F1044714F7E0D0E39
:10BD9800C51348475CAD03F0FCADE910820008E923
:10BDA800210AB500CD70E91803000FF028158E1090
:10BDB800216A2F7A0F0A85032846E918420005F000
:10BDC800C96AE918820328158B10EF793109C50271
:10BDD8000D0CD110F510820025098500CF79B30923
:10BDE800C5020F0C9410F5108200A7098500696C34
:10BDF800A30B53006C713418430053F0216C496B4A
:10BE08002F7E4F7909238303970C61103418C200E1
:10BE18004A24C070402009045520020C0A2340120D
:10BE2800A8208002041308140015011001304110E5
:10BE3800041A50004A24C0705520420B0A234012AD
:10BE4800A820400204130814208502304110041A67
:10BE5800500020854A24C07001314B005520C10D87
:10BE6800A820000204110214013382100419900062
:10BE78004A24C0705520020D40200004A82000026A
:10BE8800041001040231C102041A500009F00D0B1C
:10BE9800D5003418C20005F06C72341883006F782E
:10BEA800110805030F0C9010090CD1101C1D03106C
:10BEB800C6C41C1D0510C6C4ECC3A1C155204F093A
:10BEC800BC8083874A24C070084620407041504097
:10BED800402441300A220020A820800204100204D5
:10BEE800043200836F220B00011992009E082FF480
:10BEF8004024403033E86487BD864A24C0700C7003
:10BF08000A218004A820400304110B044024423075
:10BF18001C620433C09004716F220B0040AC6E08A1
:10BF28002FF4402440301BE84587BE864A24C07061
:10BF38004A200000A820400304120C244024413069
:10BF48001B610434809004716F210B0020AB3E0804
:10BF58002FF44024403003E8BF86018736877D866A
:10BF680002350B1057870031C1029C860130410011
:10BF78000032C0000435409021A7CA21450304318E
:10BF880000808943D0F6BE866843003240030431FE
:10BF98000080CAF67F86A9430032C00004310080C1
:10BFA800C2F6684302877FDB17BB073000030733FD
:10BFB80001030130C00004304080CA210500073366
:10BFC8004200614020A70432C082CA2089000018BC
:10BFD80000200287013300100430C080CA20C90045
:10BFE8000430C08002A705F40019C320CCC7043070
:10BFF800808F003F000045F600194320CCC7001988
:10C008008320CCC7EAC382240C385041084588C035
:10C018008A220C00220AAFEB284600854024833090
:10C028004024043240240537402406314024C730D8
:10C03800C14122422E0EAFF2021C033302C604EEA7
:10C04800C140CAC703148F3055251018CD700C7025
:10C05800F8E802148130EF78E90924800477C308EE
:10C068001503252000000DF012F018F01CF022F046
:10C0780026F02CF030F03BF040F047F04CF088C050
:10C08800460DEFF581C1901D04104BF088C0320EAB
:10C09800EFF681C10CA545F088C0260EEFF681C1E8
:10C0A80014A53FF088C01A0EEFF681C115A539F026
:10C0B80088C00E0EEFF681C118A533F088C0020EB5
:10C0C800EFF681C119A52DF088C0F60DEFF681C1F4
:10C0D8001AA527F088C081C12E0B6FFB83C283C1CC
:10C0E80010DA5609AFEB02401BF088C0D20DEFF60C
:10C0F80081C1AC1D001015F088C0C20F6FF481C15A
:10C108006D1D02100DF088C0B60DEFF681C1CC1D73
:10C11800001007F088C0AA0DEFF681C10BA501C079
:10C128008A213E063270CA264D102C713C2100200F
:10C1380006793F678EF1E078EEC3ADC1A8470A20C3
:10C148000021304108462F2685F012002300001DEB
:10C1580003000C714678361E02102F26C5F00E001B
:10C1680023000C716678351E0210784E4024C232C6
:10C178008AC3220F6FFE22413616801008E8351652
:10C18800801006E80B1480306E7003E86E7140264C
:10C198000D1787C10A204003760CEFF540241237AB
:10C1A8004A24C07040244136A820400304120224C7
:10C1B8000C700432808F00470000CA206900011902
:10C1C80012004E0FEFF34024403608E80C7002A529
:10C1D80001A500A5341E02107670040222008AC14F
:10C1E80081C240248332C140D20CEFFF4024123A6E
:10C1F8004A24C0704A200000A820400315260110D8
:10C20800F02103202181152202200471023341000C
:10C2180020A201C44A24C070046E8AC2A820C002A9
:10C2280004120104608000344110013341000418F5
:10C2380050002A168010549604710F793072A001AC
:10C248002D002A1E02104A24C0702C702A1E0310CA
:10C25800A820000315264010448001808AC3357B3E
:10C2680002308000247100A38AC087C1A20BEFF5B9
:10C27800402411373F8601C04A24C0704C700730F3
:10C2880041000C86021C8230031C823000310C00F5
:10C29800A8208003041103240C7040244136043381
:10C2A800008359614471CA206A0000A9620EEFF345
:10C2B80040244036BB0830004C70B01600107FDCBC
:10C2C80017BC013001032C160B10C340204100009D
:10C2D8004A24C07004310080CA2045004024083731
:10C2E800B01E0010A8208003041009142C704024EC
:10C2F80043360431C0925B634471CA21690020ABA4
:10C3080007341110C340CC3ECDCC043100A0CA2163
:10C318000520FE0DEFF3402440368AC22BE8C60EF6
:10C32800A0038AC06B864A24C07083C487C283C1B5
:10C33800A82080020412000404330080CA20C5002B
:10C34800041910004A24C0704A200000A8200004E4
:10C358008AC10149034C1526021000314B20248262
:10C368000033C31004710131C10024A211F02C70F4
:10C3780025F04A24C070284EA820C00204120104E7
:10C3880060800031412001334100041850004024EE
:10C3980081304024C230920C2000C1404A24C07031
:10C3A80040260014A82040010410010422A0031410
:10C3B80082300214813080D800AF0A1483303416DA
:10C3C8009110A609EFFFC140341680100D09002016
:10C3D800008F87B8001F02102A1E03104A24C0705D
:10C3E800A8208001041500140418102034168010A9
:10C3F8004830000000180020CEC7E078E8C3A2C18A
:10C408000846008060444024C3304024053140245D
:10C41800863048470A254010A60AAFF2031C0333AA
:10C428000214803055261018031481300F789309B0
:10C43800240004777F081503252000000CF014F071
:10C4480014F016F016F018F018F01AF01FF022F099
:10C4580028F02BF09016001181C3A1417E09EFF559
:10C46800E14229F00C8622F0148620F015861EF091
:10C4780018861CF019861AF01A8618F081C3024033
:10C48800A141A20F2FFBE14215F0AC1600100EF0EF
:10C498006D16801081C3A1412E0C6FF4E1420BF0A0
:10C4A800CC16001002F00B8681C3A1412E0AEFF6CC
:10C4B800E142021480300471021C0230B6F101C05E
:10C4C8004128010200AD21ADC8C7E078E8C3A1C189
:10C4D800504028452C7010DA604088469E0B6FF952
:10C4E8006847B570AD702FF44A240071C342130039
:10C4F800A85F0C70A82080020412030480C11C618C
:10C5080004713823010420ACA60EAFF480C01BE8E8
:10C518000CDD0B1FC3130A1F8313091F4313081FC6
:10C528000313071FC312061F8312051F4312041F9C
:10C538000312031FC311021F0311011F8310001FE1
:10C548004310A0A6C8C7E078F2C3A2C108450415E5
:10C55800001460444024C330402405314024863010
:10C56800484630455A09AFF2031CC33302148030E1
:10C57800402510135525111B5525D21B5525D31CB5
:10C588005525941D40250F16031481300F78AF09E7
:10C59800240004779B08D503252000000FF012F033
:10C5A80013F016F017F01AF01BF01EF01FF022F02F
:10C5B80023F026F02BF02EF034F081C3E14022F076
:10C5C8003015801028F02615801026F081C3A14070
:10C5D80018F03115801020F0321580101CF09815D5
:10C5E800001022F081C302400CF081C322400AF0FF
:10C5F80081C3424006F081C3624004F081C3824097
:10C60800A241460BEFF6C14213F0E415801004F086
:10C61800E515801081C3A241AE0A6FF4C14209F04A
:10C62800AC15001081C3A241B208EFF6C142021452
:10C6380080300471021C0230A8F101C041280102B7
:10C64800001D0220011D4220D2C7E078F903000234
:10C65800F0C382240C375044084587C08A220C0056
:10C66800D60B6FEB284600854024833340240435DD
:10C6780040240536402406344024C733C141824251
:10C68800E20F6FF20E1CC333141411300D09302061
:10C6980055254F1B2240D0C70F148E305525101C2E
:10C6A8005525121D5525D31D2E700C70F4E80E1457
:10C6B8008130CF78E109248004778EE04E010D00A7
:10C6C800252000000FF01BF020F027F031F038F0A3
:10C6D8003DF044F04EF05AF067F076F083F08AF0BF
:10C6E8008FF087C084C1460AEFF680C200C201C13C
:10C6F80002C047A528A509A589F087C0BE096FF41F
:10C7080084C1341D021083F087C0B2096FF484C15C
:10C718002A1D02107BF087C084C1120AEFF680C27E
:10C7280000C201C102C041A522A503A56FF087C0C0
:10C738008A096FF484C1351D021069F087C07E092B
:10C748006FF484C1361D021061F087C0720FAFF616
:10C7580084C19C1D00105BF087C084C1CE09EFF630
:10C7680080C200C201C102C044A525A506A54FF09C
:10C7780087C084C1B609EFF680C200C201C102C0F9
:10C7880040A721A702A743F087C084C19E09EFF6FE
:10C7980080C200C201C102C00018802004184020D5
:10C7A8000818002033F087C084C18209EFF680C2E0
:10C7B80000C201C102C0001A8020041A4020081AD1
:10C7C800002025F087C084C16209EFF680C200C24C
:10C7D80001C102C0001B8020041B4020081B002050
:10C7E80015F087C0D6086FF484C1E81D02100FF059
:10C7F80087C0CA086FF484C1E91D021007F087C01A
:10C80800BE0EAFF684C1B01D001004C08A213E06DA
:10C818009270CA214D202C713C24002006793E6676
:10C8280046F1E078E6C0484308415520C20C0C7038
:10C838004A260000001B02105D0EF50015218D111F
:10C8480055254C1B6485C38455250F1C04338083F0
:10C85800C9F660A7A082013548130233030260A419
:10C868000CF0A084043340834BF760A48082013429
:10C878000C130133030360A7001B43100AF0608206
:10C888000133C3000136CE100235C310CAA467A411
:10C89800C471D4F1001902005508F50015210310E0
:10C8A80055230E0DA4838386043500935523CC0DA0
:10C8B800CDF6E082A0A400378B1F80C000000135B0
:10C8C800CF12E0A600194300A48360860435C09007
:10C8D8004CF76082A0A60033830F8040000001352A
:10C8E800C31060A4001943000471D8F1C6C4E078ED
:10C8F800ECC3A7C148310100073652704847000011
:10C9080008461880D340803F0000CB45C84100004E
:10C918000230002055260F197A096FFD073591144A
:10C92800EA0F2FFD00310020043100A42241CA2162
:10C9380009042F36400020975020C2252D70073259
:10C948004B23483101000735431002300C200036D4
:10C95800400040410033001097A604304082CA21AD
:10C968008C0F00BF00000130400004334082483083
:10C97800C10234B604F6C34200BF00000133800090
:10C98800307C4830C0021078483002000736887082
:10C9980000410000C34300BF000048348010073244
:10C9A8000120023080210030C00001300B04003328
:10C9B80000120030410004314082C4F63FDB18BB4E
:10C9C80007368270804000004834001007320C207F
:10C9D8000131C300003380104C700030010348332C
:10C9E800C00204318080641F0210C5F63FD818B811
:10C9F80004F0C34000BF0000013100004830C0020D
:10CA0800F51E02100031802F24BDCAA5FE0E0FFDB1
:10CA18004A240071023000202C7017A7A820400378
:10CA2800152640108010000083C5152542100230DD
:10CA38000020247100A2420A600283C04A240071C7
:10CA4800A820C001008500310020041D101083C0FB
:10CA58000A0A600240240D334A2400715426001E3D
:10CA6800A8200002041501140230412004185000C7
:10CA78001F865D863E8687874A24C0705526031A1E
:10CA880042C080C040C241C1A82000020410010475
:10CA980007344110041B5000361E43102A1E031091
:10CAA800351E4310CCC7E078E4C208455F20020F6A
:10CAB800C340A000704CC341F0002C015E60001917
:10CAC800410067861CEB0022820FA000A94CC340DE
:10CAD800F0000000001A0300B578CB44A00014420F
:10CAE800289013884084C5B8027926A606EA607A99
:10CAF800A14086E8678626860709C500C4C60016D1
:10CB08000270A000E841201E011005EA607AA140E9
:10CB1800C4C60F0DF110A1406A09CFEAC4C68E0B36
:10CB28008FEAC4C6E6C208475F270E1FC340F0005D
:10CB38002C01CB45A000A04C00184100D865060F79
:10CB48002FFB09180300C340A0001442408006EAE6
:10CB5800A166607AE14084E80C708B58C6C6E0781C
:10CB6800E4C2E1C4FC1CC8B2FC1C88B2FC1C48B27C
:10CB7800FC1C08B2FC1CC8B1FC1C88B1FC1C48B1E8
:10CB8800FC1C08B1E1C3E1C2E1C1E1C0FC1C88B7EB
:10CB98006A25C010E1C56A258010E1C5FC1C08BFE4
:10CBA800A1C1C340F000440100180102CA0E4FFBA6
:10CBB800147143F2CB45A000846ECD70A140001CD7
:10CBC80001302F260C102F2188830CF2C340A000BF
:10CBD8009C7E00804C716C70EA0D6FFB4024043021
:10CBE8000426819FFF0000000BF2C340A000807E56
:10CBF80000804C716C70CE0D6FFB4024043004260D
:10CC0800819F000F00000AF2028508E84C716C70E1
:10CC1800B20D6FFB402404306C26C19609F20185E1
:10CC280007E84C716C709E0D6FFB4024043000C007
:10CC380003E8160E8FFC8774C1C50A244073C1C56A
:10CC48006B258010C1C56B25C01004141E34C1C0EB
:10CC5800C1C1C1C2C1C3041404340414053404148A
:10CC6800063404140734041408340414093404146E
:10CC78000A3404140B34C1C4C4C26F243F00E078E2
:10CC8800E9048FEAE6C3A3C108462040C94580C12C
:10CC980080250C177A09AFF580C700C28D712C71F9
:10CCA8004A204000034F0C7204338080CA22C90016
:10CCB80034702C70F8F5268604324080CEF724862E
:10CCC80004324080D9F705860432008048002E00DF
:10CCD8008D741515C1102AF0008D218D49680969D8
:10CCE8004D7A0D7988223E028C213E8240AD5EF657
:10CCF80088D90C7129F0208D418D6969296A6D7A6E
:10CD08002D7988223E028C213E8240AD99F621ADD4
:10CD18008D720DF0018D1415C21004770D798C21D8
:10CD28003E8240AD8FF68D7321AD0B0932000C7435
:10CD3800C6C780260C170016C210814006F088D995
:10CD480003F088D90C7321ADE90A12800C73C6C7A9
:10CD5800F2C382240C3D504408458DC08A220C0041
:10CD6800D60C2FEB28460085402483334024043515
:10CD78004024053C402406344024C733C141824244
:10CD8800E2086FF20E1C433505C003E8D2C70F1442
:10CD98008F30B140B141B1420A23402355258E1E40
:10CDA80056251518802004278021042D802205236C
:10CDB8008023052F0E148130EF783070C6012D00C6
:10CDC8002C70047794E020010D002520000016F057
:10CDD8001AF020F024F02AF02EF034F03BF041F065
:10CDE80048F051F058F067F074F084F089F098F04A
:10CDF8009DF0A4F0B1F0C0F08DC0D20D6FEE84C1EB
:10CE080000A672F08DC0C60D6FEE84C101A66CF04D
:10CE18008DC0AE08AFF684C102A666F08DC0A20828
:10CE2800AFF684C103A660F08DC09608AFF684C142
:10CE380004A65AF08DC0960D6FEE84C105A654F075
:10CE48008DC084C10E0AEFF986C286C118DAA240E5
:10CE580048F08DC06A08AFF684C10CA644F08DC0B6
:10CE680084C1F209EFF986C286C118DA02403AF0A5
:10CE78008DC084C1DE09EFF986C286C118DA224066
:10CE880030F08DC084C1CE09EFF986C286C118DAA8
:10CE9800424028F08DC084C1220AEFF780C200C248
:10CEA80001C102C0591D98105A1D58105B1D181059
:10CEB8001AF08DC084C1060AEFF780C200C201C112
:10CEC80002C05C1D98105D1D58105E1D18100CF0F6
:10CED8008DC084C17E09EFF986C286C118DA624026
:10CEE800560B0FEB04C09270CC06EEFFE57154F0C0
:10CEF8008DC0CE0F6FF684C1AC1E0010F4F18DC04A
:10CF080084C1BA09EFF780C200C201C102C0661D20
:10CF18009810671D5810681D1810E6F18DC0AE0CEA
:10CF28006FEE84C1BC1E0010DEF18DC09E0C6FEE4A
:10CF380084C1C01E0010D8F18DC084C1EE09AFF6BF
:10CF480080C200C201C102C06B1D98106C1D581030
:10CF58006D1D1810C8F18DC084C1D209AFF680C20A
:10CF680000C201C102C06E1D98106F1D5810701DBF
:10CF78001810BAF18DC0560C6FEE84C1DC1E00107B
:10CF8800B2F18BB9C34213002460760EE001A140D0
:10CF98000C70D2C78A203E06D2C7E078EEC3ADC176
:10CFA80008450488B1430A208021A84770424846B2
:10CFB800304180230C2909E80013802005E8A140AE
:10CFC800220C600022414A24C0708D70CB43003F80
:10CFD80000002C70001B4320041D0213A8208006AB
:10CFE800204E0A20C01280C20030800F7A3D000017
:10CFF8008BC304300083CA208C1F00BF000001309F
:10D008000802357A347B247100A24830C01200B37C
:10D01800A9468026091F8BC22C711E09EFF1C14059
:10D0280056704E701CF480C15E0CEFFFA1404A247C
:10D03800C070004340240038A82080020411012455
:10D048000031810FCC3DCDCC04185000A14288C1DD
:10D0580080220C01DA0E2000A1401042CE150116E4
:10D0680016E98A200B04086592E88BC2C1404A0978
:10D07800EFF14024113B4A24C07080C0A820000270
:10D08800021141254831810004185000CD150016C1
:10D09800B14180210C210030820F7449002480C1E5
:10D0A80040240434C3432B3277CC22409E0BAFF18B
:10D0B80080C684C110DA82092FEB224084C14A0A53
:10D0C800AFF1224084C110DA6E092FEB22404024D0
:10D0D800C133402482338E082000A1400E148030D2
:10D0E800001803200520BE8404F280D8001802200E
:10D0F8007515021676150116771500164A24C070A4
:10D1080040C241C1081C0030A82080020416001447
:10D118000030800F20410000041F10100F148030D1
:10D128004830000000A7CEC7A3C14A24C07080C4FD
:10D1380040240230A820C00104100104BFB9041A19
:10D14800500000C04C712C71234C2C7204330080A9
:10D15800CA20C90054704C70F8F5E07FA3C0E0788D
:10D16800E8C38224023A4847284608455620010F5A
:10D1780086C090DAC2082FEB402410364A2480710A
:10D1880040240030A82080011C1003240418D0007B
:10D1980004C103C0C015021004310080CA20490030
:10D1A80004330080CA20C9000430808044F7001E80
:10D1B800C31011F0BC1501100430408044F7001E64
:10D1C800831009F0B8150110043040806F200B005F
:10D1D80000AE8A204C05086509089101001E03105D
:10D1E800001F031080250C15208D008E0D084000AF
:10D1F800001F4310008E00ADC8C7E078FAC3A2C173
:10D208001047008060444024C33040240531402446
:10D218008630484538405527992EA60C2FF2031C16
:10D22800433502148030EA460A27C0150A20C02573
:10D238000A21C0250A22C025562713285627942BD1
:10D248005627D52C5627D62D8027052F8026061B36
:10D25800802704178020042D80210523802205299A
:10D26800031481300F78E30924000477CF085505AB
:10D278002520000015F017F017F019F019F01BF031
:10D288001BF01EF01FF022F023F026F027F02AF002
:10D298002FF037F03CF03FF040F043F048F02740E3
:10D2A80048F02F4046F0374025F03F4023F0274410
:10D2B80021F02F443EF081C3624016F03011003057
:10D2C80019F081C3E14010F081C302400CF081C322
:10D2D80022400AF081C3424015F081C3824013F016
:10D2E80081C3E24003418A0DAFF9A14227F0AC1196
:10D2F800003081C30341E60B6FF6A1421FF081C3E2
:10D30800A2400341D20DAFF7A14219F0BC11003081
:10D3180010F0C01100300EF081C3C14003F081C38A
:10D32800C2400341220E6FF6A14209F0DC11003021
:10D3380081C30341B2086FEEA14202148030047128
:10D34800021C02308EF101C041280102001802308F
:10D3580001184230DAC7E078E8C3A1C16040484507
:10D3680028462C7010DA8847120DEFF87040D570F7
:10D37800CD7008F2470D911900188321CD711FF067
:10D388004A240071C342130014600C70A820800264
:10D398000412030480C11C6104713823410320ACCA
:10D3A8000E086FF480C00BE8CD740318C32102186F
:10D3B80043210118832000184320C0A7C8C7E0787C
:10D3C800F4C3A2C10846008060444024C33040240E
:10D3D80005314024863050462845E60A2FF2031CC2
:10D3E800C33102148030D1430A2280238A214C257C
:10D3F8008A208C258A270C195626551E5626141F56
:10D408008023092C80220C21031481300F78850990
:10D41800240004777108D5012520000007F01FF0CB
:10D428000CF013F018F022F028F081C3A240A141BB
:10D438006E0DEFF9C24228F081C36240A1410A0D86
:10D448006FF6C24220F081C34240A1417E096FF9C4
:10D45800C2421AF0322640140AF081C38240A14128
:10D46800E20A6FFAC24210F03226001481C3A141C9
:10D47800560CEFF3C24208F0E86681C3A141760872
:10D488002FF9C242021480300471021C0230BEF12E
:10D4980001C04128010200AD21ADD4C7EEC38224EA
:10D4A80007355041284510405624803D2C7024DA19
:10D4B800A8460A2300217042C20BEFF856248F3D7C
:10D4C8004A24C070A820800104160014101F1010F0
:10D4D8008D700A2140146C700A2080144A220000C2
:10D4E8005A2280014A24807156244E3B7960357E49
:10D4F8000A23401201410C70001E0013A82080026C
:10D508000C110704181306140036C60101308001F7
:10D5180044710574CD0AF48000A66471BD0BB48112
:10D52800402109115524C83F5524C93F0A268004C3
:10D53800152005134C700A2340140C704A2480717E
:10D548001420010015254E00C0432C70001E8010C9
:10D55800A8208002041304140C13070400370701E1
:10D568000131C1010471D908B48120A60A248004BC
:10D578004A2480716D7021410A200001A820800290
:10D588000C1007040C1103040033C3010133CB1042
:10D59800142280005624813D986001490024833F6D
:10D5A800000044014471013341108474157BC50A9D
:10D5B800F48020A385712574790CF490C4745624E2
:10D5C800403B0024813F000044015524423B1E0B90
:10D5D800EFF855244E3B2C704A24C070C14262407B
:10D5E8004A230000A820800204100B0418120C041F
:10D5F8000034CC1201330303204D1520422024713E
:10D6080001330000C574D509B481721A1800552475
:10D6180000392C704A220009620AEFF855240D39A6
:10D628004A248071A8200001071D5310CC7055248E
:10D63800483B8D700A2180144A2300004A24C07098
:10D6480001406D70A8208002041102141810010412
:10D658000031810001334B105A23800155240139D0
:10D6680040240430986033210100152402006471BD
:10D67800483180000230C002C50BB48100A2857118
:10D68800B50CB49105744C70152087200A204014FD
:10D698004A2100005A2180014A24807180431527BD
:10D6A8000C000C70781C9811A820000304100914B1
:10D6B80018130B0400334B120130C002781C1810E9
:10D6C8002471D50994814471C10AB4818474CEC788
:10D6D800E8C3822402344A24807150400A2500108D
:10D6E80056204E0EA820800104110004041E1010BC
:10D6F80080C02C7090DA8609EFF880C74A248071C0
:10D70800A8208001041000241C1F101080C190DA8A
:10D71800260BEFEA0A2080034A24C0708025091CE2
:10D72800A8200001041D1110C8C7E078EEC3ABC1E2
:10D7380028470846AD70104188C1E1407043504207
:10D748001B1C423380264C15C60E2FF5402410387A
:10D758004A24C0704A200000A82040041521012056
:10D76800F0200320D8110100402442371A62043304
:10D77800408004716F210B0020AA12086FF3402427
:10D788004037208E2EE834768C010D00252040008D
:10D7980007F0C2F02EF0C0F04DF05FF06BF0C6114C
:10D7A8000026CE110126416830706C012B00C61985
:10D7B8009820CC110220D0110120D411002043C29E
:10D7C80044C145C04021022880C12240C6195823BF
:10D7D800001E831040C541C5FA0EEFFF42C59CF0FC
:10D7E8000709500121AE001E4311C619582394F0B1
:10D7F800C6110026402404304024C5360471C619D9
:10D808001820E1414242624352092000224087C168
:10D8180080C25209EFFF224027C0F508D000CB1183
:10D828000126C6110026F1090300C6195823A0AE27
:10D8380072F0402404304024C5362240E14142427F
:10D848001A092000624320C0CD081000C0195823CF
:10D85800001E831160F0C6110026C811012604714C
:10D86800B5086200C6191820018EC619582300AEE3
:10D8780052F0C61110264A24C07040204020C61914
:10D8880018200C70A820400315210120044F9C117A
:10D89800030688C2157A0234C110047120A28E08CA
:10D8A800EFFF88C0C0110126E7168F9010430130A2
:10D8B80042001F0FB512C01998201521C023B518B2
:10D8C800D804C0111226E571E71EC29312F0B511F3
:10D8D8000326224022410232D20080200B058021FB
:10D8E8000B0624DA0A0FAFF8C0199824BE19D824F9
:10D8F800B4110120EF7848300000003100000432F4
:10D9080000A04DF7E71E4293C0195823C6195823A3
:10D91800001E03111B148030CEC7CA110026F90857
:10D9280002A0CC110220D0110120D411002043C242
:10D9380044C145C04021022880C12240E71E4293CD
:10D94800C0195823C619582340C541C5860DEFFF95
:10D9580042C5001E8310E0F1F2C38224053A08464E
:10D968000A2440210A2100217043484330401042D4
:10D9780055204F08AD7080264C15001D4203570BEB
:10D988007100001C42034A24C0700C70A820400497
:10D9980015220220F02001209C1203060024823F59
:10D9A80000005C01157A0231C100047120A2002434
:10D9B800803F00005C01760F8FFF2C870430408089
:10D9C8005E000C0000194320098E14700602020044
:10D9D800D2C7098E02E8A9AE5624C1396140320F78
:10D9E8002FF15624D5390C700024813F0000140112
:10D9F8004A24C0700A224005A82080010C120304A2
:10DA08000419D0000471ED08F480A674410BF020CD
:10DA18005422812D350B31215422812A18F02716E2
:10DA28008110498E3072680106000430808F2041D1
:10DA38000000A2012C0044719F17011649AE013065
:10DA480040009F1F1810D2C74022012F5524C03F05
:10DA5800E60FAFEA18DA95C02C7090DA1E0EAFF810
:10DA68005424953A4A2480715524C03FA820800147
:10DA7800041001041C1D50204A2400795622012F4D
:10DA880095C0E078A82040020411030440800133C7
:10DA98008200041890005622412E5524403E9A0FC9
:10DAA800AFEA18DA0D708D704A24C0701424001380
:10DAB800A82000053320820F1300C05F0024813F97
:10DAC800000014010349402409331521011048328C
:10DAD8008200047160A149A18571D10CD4902C7089
:10DAE8004A24807115220C225524423E21430C7091
:10DAF8009C1C5813A8208002041206040C130B0463
:10DB080000338B110130C00205712574D508F490DB
:10DB18009C1C18104A24C070A820400415224020DC
:10DB2800F02043209C1000060024823F00005C0186
:10DB3800357A02330000247100A2230B102100243F
:10DB4800803F00005C01E60D8FFF2C870430408089
:10DB5800C5F6008E6508B1006C7140872187028781
:10DB68006C7040C241C142C00019C2205524413ED8
:10DB780095C283C30024843F00005C014024053023
:10DB88001E09EFFF4240001C4320D2C71AF4483256
:10DB9800010000304300013140009F170116023395
:10DBA8000C0004310083D7F60133000004310080F3
:10DBB80051F7016A09AE12F1438724870587D3F12B
:10DBC80030721006CEFF0430808F803F00000C06B4
:10DBD800C6FF9F1F5813A9AED2C7E078390080014D
:10DBE800E8C3A6C11040802007054A08EFF8284678
:10DBF8000430808F7A4400007C0026004A24C070DC
:10DC080083C583C0A8208002041601140031810F47
:10DC1800CC3DCDCC041850004A24C0706D700C70F7
:10DC2800A820400315200120044D7511030680C269
:10DC3800157A0234C110047120A200C601C502C4BD
:10DC480003C304C205C17FD817B8C318D822C218A5
:10DC5800D822C118D822C41818207218982373180B
:10DC68005823741818239C18D8209D1898209E189B
:10DC78005820C8C70209A0010240C8C7F4C38224BB
:10DC88000F35504408455524403D8A220C00AA0D02
:10DC9800AFEA2846008540248333402404355524C0
:10DCA800053D402406344024C733C1418242B609A9
:10DCB800EFF10E1CC33105C603EEC140D4C70F14E3
:10DCC8008F30B143B140B141B1425625551E56255A
:10DCD800161FCD704A20000080230C2180204C257F
:10DCE80080218C2580220C29E9E80E148130EF78F8
:10DCF800CB0924800477AB08D5012520000008F063
:10DD080012F01CF02AF036F03CF044F05524403D67
:10DD180084C1720CAFF95524823B5524813B18DA33
:10DD2800A24025F05524403D84C1FE092FFA8AC23D
:10DD38008AC190DAC2401BF05524403D84C1EE0BE5
:10DD48002FF680C200C201C102C09C1D98109D1D03
:10DD580058109E1D181025F05524403D84C15208C6
:10DD68002FF986C286C110DA6240CE0C8FEA19F00C
:10DD78005524403D460BAFF384C10018022011F032
:10DD88005524403D360BAFF384C10019022009F039
:10DD98005524403D520FAFF884C1001A022004C038
:10DDA8008A213E069270CA264D102C713C24002010
:10DDB80006793F679AF1E078ECC3A6C14092CB445C
:10DDC8004847000008454832020007348B10CB470B
:10DDD800C8410000F141C343833A6F123FDA48312A
:10DDE8000000073412106A150016691501160D7027
:10DDF80018BA483080004831810048410433C09344
:10DE0800CA21C52200310020003141200030C00065
:10DE18000031C60004300082CA218C1F00BF0000F8
:10DE2800013040025525901E043600824830C00259
:10DE3800CB1D1810404005F6C34000BF00007FDE30
:10DE480017BE07368914064100258C1F00001C03E5
:10DE58004831810000314B20013601000031C012E9
:10DE68004831CB020030C100CA1DD81204310082EB
:10DE7800CD1D581204F6C34200BF0000EC15001077
:10DE8800013181006D704830800000310020003180
:10DE980000100030C2004831C0020432C08214AC05
:10DEA800C4F63FD818B805F0C34000BF0000FC1501
:10DEB8000110013200004831810000324120483011
:10DEC800C0020031C20015AC0432C082C4F63FD88B
:10DED80018B805F0C34000BF000071150B160132D9
:10DEE80008002C704833801000310020C61D5810DF
:10DEF8000030C2004830C0120432408020B422AC46
:10DF0800CE1D1810C4F63FD818B805F0C34000BF9E
:10DF18000000013200000031822FCC3ECDCC4830C9
:10DF2800C00204324080C81D1810C5F63FD818B882
:10DF380004F0C34000BF000001320100A14080206E
:10DF4800090F4831C102B20A6FF1201C4210A140EA
:10DF580080200B052C7029DA2209AFF8C01D191092
:10DF6800184DE0DAD20AAFEA0241A1418021040744
:10DF780080C0C60AAFEA18DA073740144A2480710D
:10DF88000030800FC8420000073090044025121F5F
:10DF980040240030043080A3CA208923A82000022E
:10DFA8000410010400304120041A5020A1418021AE
:10DFB800040D80C0820AAFEA18DA4A24807180C052
:10DFC800A82000020410010400304120041A502047
:10DFD800A1418021050380C05E0AAFEA18DA4A240D
:10DFE800807180C0A8200002041001040030412084
:10DFF800041A5020C34148420000043140A0C340E5
:10E0080048410000CA214920043100A0CA21052046
:10E0180007374114B4150010041D431000310000E7
:10E02800B41D0010CCC7E078E6C0210AB2008D719B
:10E038000A230000E383C483A5838571E0A3C1A3F9
:10E04800A2A3F50CA2900CE34A24C070547A6B6A20
:10E058004A220000A820000244491520CD0044713E
:10E06800647180A5C6C4E078F2C382240C3B504397
:10E0780008468BC08A220C00BE09AFEA28450086F4
:10E0880040248333402404354024053A4024063490
:10E098004024C733A1416242CA0DAFF10E1C0335BB
:10E0A800141410300B083020D1420240D2C70F148C
:10E0B8008F30D1415526CD18552694190E700C7005
:10E0C80080220A2B80210A2FF1E80E148130EF7884
:10E0D800DB092480047793E088010D0025200000E7
:10E0E80014F01AF01EF02AF034F049F051F05BF009
:10E0F8005FF065F069F06FF073F082F087F092F0EE
:10E1080097F09DF0A1F0A8F08BC0C20AEFED84C192
:10E1180002A6A8F08BC0B60AEFED84C100A5A2F054
:10E128008BC09E0DEFF584C10030800F8040000049
:10E138007A1D181001A596F08BC0860DEFF584C1E5
:10E148000030800F80400000801D181002A58AF062
:10E158008BC084C180C2D60FEFF5402415304A2405
:10E16800C0708240A8208002041501240031810F6C
:10E17800804000000418500074F08BC0420DEFF589
:10E1880084C10030800F8040000007A56AF08BC072
:10E198002E0DEFF584C10030800F804000001BA5D4
:10E1A80060F08BC0260AEFED84C10AA55AF08BC037
:10E1B8001A0AEFED84C10FA554F08BC00E0AEFEDDB
:10E1C80084C113A54EF08BC0020AEFED84C116A5D9
:10E1D80048F08BC0F609EFED84C11DA542F08BC055
:10E1E80084C1DA0E2FF780C200C201C102C0A71E87
:10E1F8009810A81E5810A91E181034F08BC0EA0AEF
:10E20800AFF884C1001902202CF08BC084C1FA0930
:10E218006FFA86C286C110DA1E08AFEA424022F0C1
:10E228008BC09E0CEFF584C1871D18101AF08BC0A7
:10E23800B60AAFF884C10CAE14F08BC08E09EFEDAE
:10E2480084C110A50EF08BC0760CEFF584C1961D25
:10E25800181008F08BC06A0CEFF584C1971D1810D0
:10E2680004C08A213E067270CA204D202C713C23BE
:10E27800002006793F672AF1F6C3822402394A242E
:10E28800C07010410A2780210A2640210A25002152
:10E298006846484708455520900880210B2480C0CF
:10E2A800A8208002041102040032820FCC3ECDCC9B
:10E2B80004189000120AEFF380C0A84D8BC078DADA
:10E2C800760F6FEA304206428BC0620DEFFF80C1C5
:10E2D8008BC178DA620F6FEA42403A0F2000A14002
:10E2E8002C8D10440BE902851308F30080C1A1406E
:10E2F800FE0860008242104304F06E70EE1903A11C
:10E30800EC1181A00D8D34701042CA222220767043
:10E31800CA220120A140B209200042410437809F4F
:10E328001C44004079260010C5206600782301208F
:10E338002478522001007A0B6000A140A94680266B
:10E348000A10084780C1A140C142DA0F20004243A9
:10E35800EE1183A022854E70782382007F21410030
:10E368004B7904F4650B1101ED1181A01EE97927A1
:10E3780002107920000056254F18047AA140624304
:10E38800720E2000E1410042A140CA0D2000E14187
:10E3980010421AE840862186028660188020641898
:10E3A80040206818002010F001C202C11E4000C3BE
:10E3B80044C245C146C05625001D83C110DA7A0EF5
:10E3C8006FEA43C3ED1943A00F0B3020A140ED7055
:10E3D8000E1D031004F05E090000084702866D8DCB
:10E3E8004086218681100E2656708A243E10CA2443
:10E3F8002110767042C03823C003CF24621040C277
:10E4080041C1001F022394E885244210130FF11024
:10E41800001F0223021100210019042008F0A14066
:10E428005625811FBA0B6FF580200B05048DEDADC5
:10E4380003E8041D03100011002143087100A141E5
:10E4480080210B0583C010DAEE0D6FEA40241033EB
:10E458004A24007140240037A820800204100124B7
:10E468000031810FCC3DCDCC041850005625811FBA
:10E478006E0B6FF587C00C7002F004774A24C070E9
:10E488000019042080C0C34120400000A8200002D9
:10E498000410020400324200041D9020003640108F
:10E4A80048370210001D8020001E00200017802021
:10E4B80000344120C6B848300000081E4020041E21
:10E4C8000020D6C7E4C3B4C16509F1000845048D2E
:10E4D8002EE8A14180210B0590C010DA5A0D6FEA91
:10E4E80090C64A240071E078A820400200860030D7
:10E4F800800FCC3DCDCC041E101080C02C7040DAAB
:10E508007A0B6FF880C64A24007190C0A820800159
:10E5180004100104141E50105625801F80C11A0DC6
:10E528006FEA40DA80250B14001D0510C4C7E07897
:10E53800E4C3B4C108455620810D84C040DAFA0C02
:10E548006FEA84C64A24007180C480C0A820800174
:10E55800141601140418500000C32C714A204000FE
:10E56800024C0C720432C080CA23890034702C70AB
:10E57800F8F5A61500162C73043300808DF7A51541
:10E5880000162C720433008087F7A4150016043394
:10E5980000806F210B002F78C4C7E078F0C3A8C1B2
:10E5A8000846008060444024C33340240534402496
:10E5B8008633504230405526CD180609AFF10F1C5E
:10E5C80003350E148030D1430A2480238A210A2F70
:10E5D80055268F1980230A2780240A2B0F1481308F
:10E5E8000F78307006012D000477EB0815052520FB
:10E5F800000015F015F017F017F019F033F035F0AA
:10E608003EF040F040F042F042F044F049F04CF067
:10E6180051F054F059F065F066F0028656F0008526
:10E6280054F0018522F0028520F021870287408777
:10E638004A24C07041C142C080C185C0001C8030DE
:10E64800A8208002041102040032820F803E0000DC
:10E658000418900085C084C30241EE0AEFF54242D7
:10E6680039F0078502F01B850030800F803E0000DE
:10E6780084C302416608EFF542422DF00A8526F070
:10E688000F8524F0138522F0168520F01D851EF0D5
:10E6980084C362400241420A2FF742421BF03226ED
:10E6A80040140DF084C3824002417A0D2FFA424291
:10E6B80011F087150016DEF10C8E84C30241360E68
:10E6C8006FF8424207F0108584C302411A0DAFED7E
:10E6D80042420E14803004710E1C023080F19615EF
:10E6E8000016C8F197150016C4F104C041280102AC
:10E6F8000018022001184220D0C7E078E8C3A3C15F
:10E70800504028462C7010DA604088456E096FF832
:10E7180068474C70C34113009C601EEE4A24C070C9
:10E72800A820C00204110304402440315C604471F5
:10E738003823000400ACAA092FF54024403130E802
:10E74800CD74031FC310021F4314011F8313001F3E
:10E75800431127F04A24007140210103A8208002B8
:10E768000411030482C05C6044713823000400ACC7
:10E778003E0CAFF382C026E808DE071F8313061F8E
:10E788004313051F8310041F8311031FC311021FA6
:10E798004311011F0311001F431015F0CD7078209D
:10E7A800C02C7820012E031C02304024C030D2092E
:10E7B800EFF561C107E8D867C5710018830303F056
:10E7C800CD70C0A5C8C7E078F8C3B2C108460080BC
:10E7D80060444024C33040240531402486305041F1
:10E7E80028455526CF1ADA0E6FF1031CC3350214DB
:10E7F8008030D140D142D1430A2480235626951D2A
:10E808005526961E562657185626181D80200B2466
:10E8180080220A2080230B2280240B2503148130B8
:10E828000F7830701C012D00047796E008010D0068
:10E838002520000017F01AF01BF022F022F024F037
:10E8480025F028F028F02AF02AF02CF02CF033F0EC
:10E858003DF040F046F04DF04EF056F05BF05EF0C3
:10E8680064F081C3424007F081C3C24003F081C312
:10E87800E240A141D208EFF522425EF00D8E2CF065
:10E888000E8E2AF0ED1080A026F07817001636F0CC
:10E89800168729F0038727F0098725F00C8723F0CE
:10E8A800008721F081C30340A141220DAFF8224225
:10E8B80042F082C040DA82096FEAA24182C081C375
:10E8C800A141E6086FF5224236F0EE1080A004F070
:10E8D800EF1080A081C3A141EE0F2FF322422CF04C
:10E8E800048781C3A141020BAFED224224F08517B2
:10E8F800001604F08617001681C3A141DE0DAFF59E
:10E9080022421AF081C36240A1419E0FEFF42242D5
:10E9180012F00010002104F00210002181C3A1416F
:10E92800BA0CAFF4224208F081C38240A141F60A32
:10E938002FFA2242021480300471021C023070F156
:10E9480001C04128010200AD21ADD8C7A101400195
:10E95800E4C3A7C10845990A30000C704715021690
:10E968008D0A120160814181228146C05625001D11
:10E9780045C183C143C39A092FEC44C268150216E6
:10E98800691501166A1500164A24C0703FDE40C298
:10E9980080C218BE6D7041C1081C0030A820000458
:10E9A8002082C1400431C082CF20EC070131000031
:10E9B8004830C00248308000041A10006B15011658
:10E9C80000C301C20431C082CF26EC170131810394
:10E9D80002C44831C1020C7148318100A01DD81011
:10E9E800A11D9810A21D1813A31D5810C4C7E078C4
:10E9F800E4C2684608450C7006EAA14036082FECC8
:10EA08008020040505EE671D5910471D1910C4C65E
:10EA1800ECC3ACC10845048088151010258540C09A
:10EA280006857FDE17BE42C042204020483088203D
:10EA380048308B002D08B22041C1402502172C72A6
:10EA48004A24C07040240030A8204002808004126C
:10EA58000304013303030418D00012712471B2F6C1
:10EA6800073608124A24C0704A2100000736D1121E
:10EA7800A820400480C3357B008315254C104484AE
:10EA88000030001089C602320200357E247100A3CE
:10EA980040A689C083C17A0C6FF883C66108B2208A
:10EAA8004A2780104A24C0701427C0134B680C7082
:10EAB800A820C00380C115258310044910130B003A
:10EAC80089C3157B023301130471447120A389C0E3
:10EAD80086C13E0C6FF8402412364A24C07083C0A9
:10EAE800A82040024080041201240131810004184A
:10EAF80050001277B007EBFF40274F104A24C07030
:10EB0800A820C001008600310220041E901004C114
:10EB180003C001304000013080002F300000CCC716
:10EB2800E8C3A6C14A24C070704008454A200000C6
:10EB3800A8208002074A064983C4157C0236C313FD
:10EB4800047160A483C0CA0B6FF880C1EE0A2FF964
:10EB580080C00F08F1202F310010048D07E80C71D8
:10EB6800B11D5812B01D5812C8C7B21500167FDA69
:10EB7800B3150116B015031617BA00310C1002327E
:10EB88000000B1150B160031481002324100003068
:10EB9800C000013402100031C002B01D98100130CD
:10EBA80003100C71B11DD81080250B14209505E9B0
:10EBB800247720B5C8C70232C100BFB90431808F9D
:10EBC80080400000CFF602318110C342404100006E
:10EBD800BFB90431808009F60231C110BFB90431D0
:10EBE80080808807CCFF0C70C8C7E078EEC3A7C147
:10EBF8003040104155200D09084684C10240504359
:10EC08008026CA1F0A0AAFF4402412344A24C0706E
:10EC1800ED700C70A820400415210320F02201207B
:10EC280098130300402442331A620431C0800471EF
:10EC38006F210B0020AA560BAFF240244033FF1679
:10EC480081901FE8347652020D00242040001F00F6
:10EC58000000470200003B0000003F02000049009E
:10EC68000000BD0000001301000013853485E0AEEC
:10EC7800307080012A0004711B02200013A50909C5
:10EC8800500120AEFF1E4391E7A50C71CEC70D11B0
:10EC98008020001E83101473FA0122000C70FF1EDE
:10ECA8000391CEC74A24C0704A200000001E0311F9
:10ECB800A820800315210120F0200320E81101007D
:10ECC80080C2157A02334100047120A280C084C139
:10ECD8003E09AFF44024103480854A24C0700C707B
:10ECE800A820400304100324402441331A6104334C
:10ECF800008304716F210B0020AA920AAFF240240E
:10ED0800403385E8EAA5FF1E839105850430C08459
:10ED180082010900F0A5FF1E8391B9F184C1024068
:10ED2800EE08AFF4402412344A24C0704A20000090
:10ED3800A820400415210120F02203209811010089
:10ED4800402442331A620433408004716F210B005F
:10ED580020AA3A0AAFF240244033A30810000785DE
:10ED68004885047150702E012B0007A5208E47A5F9
:10ED7800FF1E429091F04A24C0700C70A8208003B6
:10ED880015210120F0200320E811010080C2157A26
:10ED980002334100047120A280C084C17208AFF41C
:10EDA8004024103440854A24C0700C70A8204003C9
:10EDB80004100C24402441331B61043480900471F6
:10EDC8006F210B0020ABC609AFF24024403308E89E
:10EDD800208EFF1680902F0861004C700B854C85A3
:10EDE8006C702168EAA51B08A3002BA5204215F02A
:10EDF8000C70FF1E8390F3A5CEC7E7A54BF04BA57B
:10EE08000BF00A856D8504717070EBA50AA5CA23FD
:10EE18000B0083F66AA505850430C084CAF63085E0
:10EE2800118524711109220030A510A5004104F0B4
:10EE38002C70F0A50D85170B010011850F09010035
:10EE4800008E4C70EBA5FF1E02900C85470A02004D
:10EE580011854309010001850D19C223FF1E839006
:10EE68007F1D1810EA0EEFEB5621002D7F150016B6
:10EE7800C3411300546040DA471D18105621802DF5
:10EE8800441DD813451DD813AE0B2FEA461DD813C1
:10EE9800EBA5FF1681903474F405EDFF0C712D7805
:10EEA8003220800F13009460CEC7E078E8C3A9C170
:10EEB800004255204D090C7003E91CA5C8C73C85C4
:10EEC8007A852471F909E2803CA52D8A0D09F100A3
:10EED8008A210B04316206E9404180210B0905F0C3
:10EEE800404180210B0AF4150C90C0817CA55A245E
:10EEF80001134A24C070596181816281238140C411
:10EF080041C342C1A82080031522010080C34211D9
:10EF18000B06044B86C3157B0234C112047120A36F
:10EF280086C083C1EA0E6FF483C718854A24C0706F
:10EF38007FD90036031017B94A200020A820800284
:10EF480040870C7004338080CA204500041F1010CD
:10EF5800EA0EEFF883C00846E20EEFF883C00436E5
:10EF68000094C5F63FD918B904F0C34100BF0000AA
:10EF7800013040004830C0028B20838F09F200C363
:10EF880001C202C10C717DA55EA53FA5C8C70C7062
:10EF9800C8C7E078F4C382240D3D504408459DC09D
:10EFA8008A220C00920A2FEA2846008540248335DD
:10EFB800402404375424053E402406364024C735EF
:10EFC800C14182429E0E2FF1161CC3351C1412300B
:10EFD8000B0A3020B1414240D4C717148F30B143D7
:10EFE8005525CE1A5525901E5625151D5625961DB4
:10EFF8004E700C7080210B2480230B25EDE816142D
:10F008008130EF78D3092480047796E0B0010D00B1
:10F018002520000017F026F033F042F046F04CF0BF
:10F0280051F058F05CF062F066F06CF070F079F036
:10F0380080F087F08CF092F097F09EF0A8F0AFF097
:10F04800B4F09DC086C1E608AFF580C200C201C118
:10F0580002C0A01D9810A11D5810A21D1810B0F0D4
:10F068009DC086C1C608AFF580C200C201C102C0FA
:10F07800001880200418402008180020A0F09DC027
:10F0880086C1AA08AFF580C200C201C102C0421DF4
:10F098009810431D5810441D181092F09DC01E086A
:10F0A8002FF386C10DAD8CF09DC012082FF386C1D9
:10F0B8000EAD86F09DC006082FF386C1ED1902A09B
:10F0C8007EF09DC0FA0D6FF586C1781E181078F095
:10F0D8009DC0FA0A6FED86C116A672F09DC0EE0AB1
:10F0E8006FED86C103A66CF09DC0E20A6FED86C184
:10F0F80009A666F09DC0D60A6FED86C10CA660F021
:10F108009DC0CA0A6FED86C100A65AF09DC086C18F
:10F118009E0C6FF898C298C110DAA2404EF09DC0BC
:10F1280086C1D20CEFF988C288C140DAC24046F0E5
:10F138009DC08A0FEFF286C1EE1902A040F09DC073
:10F148007A0FEFF286C1EF1902A03AF09DC07E0A4D
:10F158006FED86C104A634F09DC0660D6FF586C1BB
:10F16800851E18102CF09DC0560D6FF586C1861EA1
:10F17800181026F09DC086C1120FAFF483C203C1D8
:10F1880004C0B21D5810B31D18101AF09DC03A0CD7
:10F198006FF486C10019042012F09DC02A0C6FF488
:10F1A80086C1021904200CF09DC086C15A0AEFF9E5
:10F1B80098C298C110DA62407E080FEA06C08A2118
:10F1C8003E069270CA224D202C713C2400200679FC
:10F1D8003F6716F1F8C3A8C1104255208D081909D8
:10F1E800800F0000FFFF48310000073611704847C4
:10F1F800000005F0D34100450000402200242C7097
:10F208007A0EEFF778DAD343C84100000733542465
:10F218000185CB44833A6F12D340003F00006D70E4
:10F2280048308000003100200030010302400431E2
:10F23800C082CA208C0F00BF000001310000288561
:10F248004830C00249208002482002014834C022C8
:10F258001108300140A51F08B000147127A518F047
:10F268000731800FC84300000030800F16430000AC
:10F2780009F0C340C843000007310100B8B80031A5
:10F2880000000030800F8040000007A50B85308506
:10F2980074855185D78548308000483181004833CE
:10F2A800830000310620FE85483282000031482064
:10F2B8000031C0200031812000361F0348368E10EF
:10F2C8000030151300300803003180230A2400049D
:10F2D800003116030437C0B248378F100A250004DE
:10F2E800CA248C0F00BF00000435C0A200300603FA
:10F2F8000031C0230A2600340F70CA258C0F00BFC6
:10F3080000000436C0A20A210014CA268C3F00BFA0
:10F31800000004300096003000030A270004CA21C8
:10F328008C1F00BF0000043600860A270024CA2765
:10F338008C0F00BF000004300086CA278C2F00BF46
:10F3480000000130C00586150B164830C20248324D
:10F3580080000730400487150C16831DD8127C8561
:10F36800841D181301354B2101368C278515171676
:10F37800424180210A0B5DA510DA84C6821DD8158A
:10F388000730CF03013700314830C0020AA548339F
:10F39800C01201304B120FA54834C0120136CC01FF
:10F3A8000EA54833C01213A54834C01216A5003361
:10F3B800C0031BA5820EEFE984C04A24007180C0F7
:10F3C800A82000020416011400344120041850003B
:10F3D8005622812F0A0CEFF480C00731C324881508
:10F3E80000164C700031812F2041000004318080CC
:10F3F800003300006A1D181004F6D34000BF000057
:10F4080001310004041A432080228B244830C002B2
:10F41800001A0420D8C7E078E8C382240C3450408E
:10F42800084584C08A220C0028470E0EEFE984C6DE
:10F43800008540248331402404324024053340248D
:10F4480006304024C731E14102421A0A2FF1061C56
:10F45800833002C002E8C8C707148F304A20402012
:10F4680006148130EF78350924002F2607F41F0889
:10F47800B00080C12108510000C00966047140C075
:10F48800DA0A2000A140104006F0320CEFF284C0E6
:10F49800391D0210E571E6F10C70DFF58A207E0651
:10F4A800C8C7E078E2C2848806EC001F030004188D
:10F4B800030004F0001F43004A24C07040200C02DF
:10F4C8000A258011A820800104140B14041DD012F1
:10F4D8003A108C0048340C1080A58D70A383043535
:10F4E8000093C5F63FDC18BC04F0CB4400BF000015
:10F4F80001350C134834CD12AF7C8C24C39F1EF207
:10F5080039108B00210CE4124A24C07040200B02F1
:10F518000A24C010A820800104140814041B101227
:10F528003A1842034A240071001F0300A8208001F2
:10F5380004130C04041E10038043B60A20000A2496
:10F548004001C2C6E6C3A2C1084600806044402408
:10F55800C330402405314024863048470A254010EE
:10F568005E092FF1031C83300214803003148130AC
:10F578000F782F090400110890001B085100381655
:10F58800801004F03916801081C3A1413A0BEFF2C4
:10F59800E142021480300471021C0230E8F101C01B
:10F5A8004128010200AD21ADC6C7E078ECC3A2C175
:10F5B8005041304008472C7010DA60400A22002180
:10F5C800BA0AEFF76845CD714A24C070041C0335A8
:10F5D800031C83302F083020021C82334024403122
:10F5E80040248130A82000020111820438224204FC
:10F5F80001189200EA0AAFF4402440311AE80E726A
:10F608006BF00C70A820000340248130096140246D
:10F6180042311A6204713821410420AAC20AAFF4A7
:10F62800402440311FE80E72011D8310C0AD1CF04C
:10F638000087130971250E700B089101C0AD008772
:10F648000E711509D1251108510200250014C0A812
:10F6580006710087890991258508F10102750671EF
:10F668003DF00E7000872B08B1017821C127782161
:10F67800002860C080C00A0B6FF5011C423008E802
:10F6880000250014067201188300C0A80087290805
:10F69800F101782140287821C12760C080C0E20AA2
:10F6A8006FF5011C423008E80025001406720118A5
:10F6B8008300C0A80087A0B82508310278218028D7
:10F6C8007821C12760C080C0B60A6FF5011C42309E
:10F6D80006E802750672011D8310C0AD001A0024E9
:10F6E800CCC7E078E6C3A2C10846081600146044F7
:10F6F8004024C330402405314024863048472845FB
:10F70800BE0FEFF0031C83300214803003148130E5
:10F718000F78370904001B08B00081C31F08710067
:10F7280081C3C140A141220A6FF5E14207F03216B8
:10F738008010A1419209EFF2E14202148030047175
:10F74800021C0230E4F101C04128010200AD21ADE4
:10F75800C6C7E0788904C00000429FE10C70E02031
:10F76800CD070C71E07F381A4200E078E6C38224A6
:10F778000C374847084587C08A220C00BA0AEFE9C7
:10F788002846008540248334402404334024053629
:10F79800402406354024C734C141E142C60EEFF08B
:10F7A800121C833003C003E8C6C713148E3012142A
:10F7B8008130CF78350904002308B00085C12908B5
:10F7C800710087C085C166096FF580C200C201C19A
:10F7D80002C042A523A504A506F0E208EFF287C0FF
:10F7E8003A1D0210C571E5F103C0C6C7EEC3AAC130
:10F7F80038108C000845884768465041410C3F1036
:10F8080030404A24C07002400A21C003A820800169
:10F8180004100204041990003A1580104A24C0709C
:10F828004830020040A122410A208003A82080011C
:10F83800041103040418D00040A068F04285238511
:10F8480004853A15921043C244C11B0CFF1045C0F1
:10F8580003C204C105C00A23802440C241C142C07A
:10F8680013F04F85308511854815931040C241C16A
:10F87800170C3E1142C000C201C102C00A22C024B6
:10F8880043C244C145C04A24007122410A20800372
:10F89800A8208001041102040418900080C22C736F
:10F8A8002240BE08EFF1C1436086418622864A2481
:10F8B80000714833002049C046C30C7086C347C254
:10F8C800201C4030A8200003014B1526021020A25E
:10F8D800F020012015270210047120A283C22C7386
:10F8E80002407E08EFF1E143418722876087483272
:10F8F800002049C047C248C186C110DAE1403A0930
:10F90800EFE946C338158C10270C7F102C74210C96
:10F91800BE1014E52C740240E1430E0A2FF3A142F5
:10F928002C742240A142020A2FF3C143CEC714E52A
:10F938000240E1435A08EFF1A1422C742240A1424F
:10F948004E08EFF1C143CEC74A24C0704020010FD2
:10F9580040200202A8208001041203040419D000E8
:10F968003A10810004184300E07F48184200E0780C
:10F97800ECC3A9C1304086C14847960DEFF708454A
:10F98800BA0CAFF886C0D341DB2EFFE604304084C2
:10F99800D3F6020C4FF633083028CD7043081124F3
:10F9A8002185608542855221C10742C641C3003086
:10F9B8008E0040C115F0408521850285CD7040C27A
:10F9C80041C142C00DF04085228561855222C2079F
:10F9D8005221C10742C640C300304E0041C280C018
:10F9E80083C12E0DEFF740241230D340803F000032
:10F9F800013601145020C025003100002F350010B9
:10FA08003A0CAFF883C004304084DAF60436009428
:10FA1800CA26091401300100023080234A24C0702C
:10FA2800073040002F310000A820000204120024F3
:10FA380000310000041F1010A0A7CCC70C70A3A7AA
:10FA480002A701A700A7CCC7F4C3B1C12846104438
:10FA58008EC1C1400A2540210A2300217040B20C02
:10FA6800EFF74845401412300FC73814113001869B
:10FA7800013796140031822F6B3CFAED228604364A
:10FA880080A05220C0074DF7013242246C702F32FB
:10FA980080000431C080404103F65222C107A20F02
:10FAA8000FF22F31800500A5960F2FF2008600185F
:10FAB800002000858D705220C00700A50286043002
:10FAC800008388F706405220C007001800200286ED
:10FAD80021863FDA0430008318BA47F70137431408
:10FAE800043380808BF70132432404338080C4318F
:10FAF8000583CA00260004310083408646C045C1FC
:10FB080044C284C080C26E0EEFFF20D902C303C076
:10FB180001C100C241C05221C1075223C00742C2DD
:10FB280043C140C080C187C2D608200082400AC1B4
:10FB38000E0F2FF209C00030800F00C000004C707B
:10FB48000430808045F70130800FC940DB0F001B6F
:10FB58000020008622864BC001860431808080C246
:10FB68004CC08BC04DC152F70A0EEFFF20D901C31C
:10FB780003C000C102C240C05221C1075223C007BE
:10FB880041C243C142C005F0EA0DEFFF10D980C160
:10FB980087C26E08200082400AC1A60E2FF209C053
:10FBA800013001000C700431008046F70131810FEB
:10FBB800C940DB0F001D4020D4C7608656F7C342FA
:10FBC80035BFF30404318080D0F6043000834EF74B
:10FBD80004308080CAF60433808F353FF30446F73B
:10FBE800043380801607C9FF46C045C184C080C25F
:10FBF80010D9820DEFFF44C396F1E078E6C080810A
:10FC080063800C110B00E080C181A28000330C03DB
:10FC18000037C31200358813C281A1800133030362
:10FC280002330C02003583130134C31060A28081B3
:10FC38006280C281A08000330B038381618000351C
:10FC48008813C181A380003303030133CC0200353C
:10FC580083130134C3100233030261A280816180DF
:10FC6800C381A28000330C0300358313C2810233A1
:10FC78000B0381816080A380003303030133CC1020
:10FC8800003583130134C31062A280816080C38170
:10FC9800A380003308038181618000358B13A28122
:10FCA8002280003303030233001200314103023083
:10FCB800C0000230400003A2C6C4E078408102A11F
:10FCC8005470E07C2181007AECC2704248470846B3
:10FCD800C4E1C80025000E70CB45A0006C7E008DE5
:10FCE8000B087100FFD8088D04F0001D431008AD03
:10FCF8000B0881030C15101022F00F0E5119CB447C
:10FD08001200EC4A04F0CB441200F04A40250611D8
:10FD1800C340A000307EC342A000D8CB8A23100085
:10FD2800C344A000D8CF8A25080023200003C1417E
:10FD38000E7005E8001D021430F0C8AD5320802174
:10FD480000AF01854028912154210128170924007A
:10FD580040DE4F20C02100AF0185001D03100220A6
:10FD68004E04C1AF01852C7040DA02AF018528B876
:10FD780003AFE574060BAFF7E1400021812FA00027
:10FD8800D8CBCF7AB20CAFE9E1404020412044D82B
:10FD98000E7123A5001A04200240CCC6EAC2084608
:10FDA800B30930006C700012D1000D093220C4E193
:10FDB800A2000500CB45A0006C7E008D0B08B100A9
:10FDC800FFD8098D04F0001D831009AD0B08A103AD
:10FDD8002240E18508F0E38A028AC9AD08BF057FA1
:10FDE800E1A5008A8C27109038002D0006B8618A9A
:10FDF8000420810F0000C01F7861290F0410D34030
:10FE0800A000D8CB00210004246A2E0CAFE9604280
:10FE180041091320150E5119CB461200F44A09F076
:10FE28006C70001D031017F0CB461200F84AC3404F
:10FE3800A000307EC343A000D8CF8A240800024126
:10FE480023208003E1426C700B083200001D031070
:10FE58006C716040CAC6E078E2C20844FDE06845BB
:10FE680009F2FEE40CF44040DF59001D05110C7145
:10FE7800C2C625D8560EEFFFA143C2C6BFE40C7018
:10FE880038F7130C5010130C5011E90CD19021D8ED
:10FE9800F2F120D8F0F122D8EEF1E078F1C0004379
:10FEA800FDE006F425D8FA0ECFFF0DF0BFE30C7085
:10FEB80009F7170B5000170B50010B0BD10021D875
:10FEC800F3F1D1C0E07E20D8EFF122D8EDF1E0784F
:10FED800E4C3A1C180C0C3411300B8785A0BAFE98D
:10FEE8004C743B5808462845FED880C18C70C142E6
:10FEF800A1436B58F8D880C18C70C142A1436B589C
:10FF0800C340F0003F00208884B920A8C4C7E07827
:10FF1800E6C208451218850728DA0C180105681882
:10FF28008102C341C0490092C340074900244025CB
:10FF38000E1750AD22A501A52C703CDAC140641DF6
:10FF480081123A09AFF7581DC310AE0A6FF0C140CD
:10FF58001A8519087202ED70198511087002C140DE
:10FF6800960A6FF0641D41120995CB44C8420000FF
:10FF7800C343833A6F12483000000030000300305A
:10FF8800C1000431C083C5F63FD818B804F0C34097
:10FF980000BF000001310000308D4830C002107AE7
:10FFA8008BE248310100CA20A60200310103107813
:10FFB8004820C0000CB5B6082FF40031C000483006
:10FFC800C00205A5C6C6E078E6C208458A200A0030
:10FFD800CB4616430000C341FD44002010B501A5DF
:10FFE8005525401CC7A5160B6FEB24A50A0D6FEB12
:08FFF8005625801A5625001D54
:020000040802F0
:10000000C34113007C5E3A0AAFE940DA07857FD925
:1000100017B90731090004150B10C3421C490040F1
:10002000C3404841000046A548338B1000330210FE
:10003000CB47833A6F12CB44484400000032C203DE
:10004000CC708A1D18135021CC05CB401042000003
:100050008B1D9813C34396440000CB46AF4900C89C
:10006000814104328081781D1812891DD810C5A5E0
:10007000C41D4012CF21EC07709501324100483178
:10008000C202483301000031000049220202003060
:10009000C103482200010431808102A502F69FBC01
:1000A000013100034830C0024920400648200001C9
:1000B00009A50E082000A140C6C6E078E8C3A4C187
:1000C0004A240076084640200D0B0C70A820000141
:1000D000041D11104A248077CC1E00100C1E001045
:1000E0005526001D531E5910A820000104181100A8
:1000F0004A24C07055264F1A0A20C003A8200001C8
:1001000004181100001803005626801A4A0C6FEBE1
:100110001040418702876087C3417A44000043C191
:1001200041C242C080C110DA02401609AFE940C3A3
:1001300056260F1BC3411300BC5E40DA0209AFE92B
:100140000A20C0034A24C070A8200001041D111019
:100150004A24C0700A20800F7AC40000A820000141
:10016000041D101080C1E140B11E4310E20AA0003E
:10017000281E01105526401B80C1C608AFE910DAC1
:10018000C8C7E078EEC38224063D08465420000923
:100190002C70F20E6FF714DA4A244071D1415426C4
:1001A000931B80218E21AD70A8200001041B11201B
:1001B0002C7028478FBF40DC00194223FE1944A34E
:1001C000FC1944A347097501152643104D831D0AE8
:1001D000700114264010230A510252184403481893
:1001E00044037FD817B810F05218C403481804030A
:1001F0004FD818B808F05218C40348180403C34075
:100200007F7FFFFF17A32471DEF1C1408020070D1F
:100210004A2100006E0E6FF78A220600DFE5940087
:100220002D0015265213741203204A24807BD340DC
:100230001300B8604A20000040200C23A820800250
:1002400004140B1481C11A6104713823C11020AA4F
:10025000260EE00181C014700C700AF214264113BE
:10026000FA191C0080210A0D00B122F0741203203B
:100270004A24C070A820C002041001244024423047
:100280001A6204713821C10020AA402440305A0E5D
:100290002FF414265013024180210A0D04E88A200D
:1002A000040003F040D8E0B1FA181C20A571B8F1A1
:1002B0008DC02C708A220600CA0D6FF740240D3DB8
:1002C0008A2401785426891EA8208207041102146A
:1002D000C3408B3A58A0D5E2960029008D71EE6A92
:1002E000D50F751F6C706D710D714C712520C00399
:1002F00065F062F063F060F061F05EF05FF05CF07A
:100300005DF05AF05BF058F059F056F054F054F0AC
:1003100052F052F058F050F056F04EF054F04CF0CD
:1003200052F04AF050F048F04EF046F04CF044F0F5
:1003300042F042F040F040F019F03EF017F03CF08F
:1003400015F03AF013F038F011F036F00FF034F009
:100350000DF032F027F030F025F02EF023F02CF0E5
:100360002DF02AF02BF028F029F08D7025F08C224A
:10037000428DCFF68C22828D18F28C22028E18F2DA
:100380008C22828EF3F38C2203800AF214F08022F6
:10039000BE0A250A750115D81D088E008A21440061
:1003A0000BF06D706C710BF06C7008F00D716D716D
:1003B0004C710AF02C706C716D71C340CC3DCDCC8A
:1003C0004C70684052240C10757052230310857ACB
:1003D000CA20810F1C410AE8157052200B10457B82
:1003E000CA20810F203C12AC0523FE821C714129DA
:1003F0000306412902044129000220AD63AD42AD4C
:1004000001ADA57400138220DF1600168E0F2001A7
:100410008DC17FDAC343C842000017BAC341744993
:100420000024C3407A440000FB1943A0DE1E1910CB
:10043000DD1ED8104CA62BA60AA6CEC7EAC21040D5
:10044000820A2FFD55204D08CB404843000083DB36
:100450008A2744308A250109C344A0420000C347CB
:1004600020410000C346C03F0000CB43FA440000D7
:10047000CB470E3D4DF3CB46D63C62A1CB44033B6C
:100480006F12CB41233C0AD78A21072D8A26043BD1
:1004900017BBC342C8410000C3417A450000C340B6
:1004A00070410000701800228A2087107A1883207B
:1004B000781805206C18C42774184022901D00126B
:1004C0005C1D4011581D0011541DC011501D80119C
:1004D0004C1DC012E2A5C1A580A5881D4014781D41
:1004E00080177DA55CA53BA50EA5CAC6EAC3BEC103
:1004F000A84708460C7002A701A700A78A863041CA
:10050000CB458244553502240103848648318B0053
:1005100021860034CC12281E001104344090CA21D8
:10052000050304314083CA254910B6A602EBCAC7A9
:100530004A24C070A82000020412010400314100C6
:100540000130400028860430408019F64A24C070EB
:100550000E7022414A220000A8200002041100046B
:10056000003000000132020038860132800F80BF67
:1005700000000430408090010C00241680101C16EE
:10058000101004E85C1E03104A24C070AD700C709B
:10059000A820C003152601103381F021032097C243
:1005A00000304120157A02334100047120A23C162C
:1005B00080104026101B3CE897C180C20240B20D5B
:1005C000EFEF3C1E4213C60C6FF180C002C680C024
:1005D000BA0C6FF142C57FD817B801360110502010
:1005E000C2050230800300318100003080002F33CB
:1005F000400001C145C52F32000000C05220C00795
:1006000046C3003181000032000043C144C083C0B2
:100610009AC2920CEFEF02419AC0F60CEFEF83C141
:1006200083C110DA1A0C6FE90240CAC79AC010DA07
:100630000E0C6FE902419AC0A209EFEF83C183C09B
:10064000B209EFEF8AC197C08AC18DC2FA092FF4AF
:100650004024103D86864A24C07054260D18A141BE
:10066000A820800304100024568660810034001006
:10067000003080000133000004191000408502851D
:1006800021854A24C07047C249C040C242C00E7092
:1006900080C287C30C7048C1041C4030A82080026F
:1006A00004120C0404130104003101030130400062
:1006B0000430808F233C0AD724000C00DE0ECFF5D7
:1006C0004A24C070A820000300150110003041002A
:1006D0000031810FCC3DCDCC041D50104A24C07098
:1006E000A82040048DC04586F02000041526011482
:1006F00030810032000015270314013040000671DC
:1007000000A317F124168010147040F3DC4E9AC039
:100710002E0B6FE910DA9AC0C208EFEF93C193C0B5
:10072000D208EFEF90C190C18DC222401A092FF478
:100730008DC55C168010251681100F0865000471A8
:100740005C1E021022F14A24C0700E704A21000083
:10075000A82000020415001400300000013101003F
:100760001986043100802406ECFF4A24C070542608
:1007700080190E703C1E4310A820000104181100BF
:1007800004F1E078E2C2DA0CAFFC08454A24C070FC
:100790007FD817B84C70542501180EA54DA54CA54F
:1007A0004BA54AA5A8200001041911004A24C070D5
:1007B000A820000104191100C341C8420000C34031
:1007C0009C4600405C1D82103D1D43103AA501A5CA
:1007D000C2C6E078E2C224772909B502084525207F
:1007E00040000BF00FF015F019F01FF023F02AF085
:1007F0002FF03BF033F04040F60C6FF760410CAD4A
:10080000C2C64040C20EAFF4604105A5C2C640401A
:10081000B60EAFF4604106A5C2C64040AA0EAFF4C2
:10082000604107A5C2C640409E0EAFF4604108A5D6
:10083000C2C64040BA0C6FF76041241D0210C2C608
:10084000404082086FF26041251D0210C2C6404040
:10085000760EAFF4604118A5C2C640406A0EAFF4F0
:10086000604104A5C2C640405E0EAFF4604119A5C8
:10087000C2C6E078E2C3A4C1896940412B0CB5111E
:1008800008452520000307F010F016F01BF027F0B4
:1008900031F080C22040220DAFF760415C4D80C135
:1008A0009E096FE910DAC2C720402A0BAFEC604105
:1008B0000AA5C2C720403A0C6FF760413C1D0210E8
:1008C000C2C780C220406E08EFF4604100C201C17F
:1008D00002C050A531A512A5C2C780C2204056084B
:1008E000EFF4604100C201C102C053A534A515A5B3
:1008F000C2C72040D20DAFF460411AA5C2C7E0784C
:10090000E2C3A4C14845628056802CE0460BEFEF5D
:10091000A14480C010DA2A096FE9A14180C0F20920
:10092000EFEFA141C2C7E078E6C20845120BEFFF26
:100930005520CE097A0BAFFCA140E8160990C340C0
:10094000C8420000CB43C841000000310910718645
:100950000731C91298861AA5CB40833A6F123FDF40
:10096000483383000033C002C342233D0AD700301E
:100970000002C3419C460040CC7018BF48348C1024
:100980005FA521A5E1420034C11204308081CA2252
:100990008C0F00BF000000310302013080000433DF
:1009A00080814830C002F41E43903C1D431012A6C3
:1009B000E41E4092E14105F6C34100BF00001E86DF
:1009C000483080000030C202013340000032030290
:1009D0004830C0020433808119A605F6CB4700BF1A
:1009E00000000133C003C3421300485F4830C00217
:1009F000C3412B3C40EB1DA601827E1E5810608235
:100A000022827B1E1810A1407A1ED810CA0A6FFDE0
:100A10007C1E58101C86483080000030C002003018
:100A200001020C7004310080C4F63FD818B805F0FC
:100A3000C34000BF0000013100004830C00249201F
:100A40000005482080001FA6C6C6E078E8C3A7C1FD
:100A5000084555204E086D18030247DCC3423B4A47
:100A6000C1BFC341DC44304EC3407B3ED75E18BC9F
:100A7000C343A3420BD7CB47D33E98DD55A534A53E
:100A80000CA555250018C34113007C6110DA9AA506
:100A900079A5F8A5AA0F2FE90C1E85114A2400712B
:100AA0008A211002F7A57FDFCB43513F18B7CB4413
:100AB000983DC2B5C3434C3FCDCCC34283413B6C50
:100AC000C340213DE061701E44102C7017BF281DEB
:100AD0008511481EC0128AA67BA64BA5681E001071
:100AE000A8208003152540108010000040241033FA
:100AF0001520422002370010247100A282096000F4
:100B000083C06209600083C04A2400715425001E1E
:100B1000A8200002041001240237411004185000DC
:100B20003E851F855D856A864A24C0705525101A4A
:100B300041C142C080C10240001C8030A820000298
:100B40000411020407338200041890004A24C07084
:100B500040250017351D4310361D4310A820000105
:100B6000041811004A24C07040250014A820000178
:100B7000041811004A24C070A140ED70A8200001A3
:100B800004180900784D341DC213060F2FFC2A1DCE
:100B9000C2130286408621868A864A24C070C343D7
:100BA000513917B745C083C0E6A6E4A6361D4310E9
:100BB000351D431065A643C2101C4030A82000021A
:100BC0000410010407344110041850204A24C07056
:100BD0000C705525411B0BA6A8200001041911001B
:100BE0004A24C070A8200001041911004A24C070D2
:100BF0005525001DA8200001041811004A24C070CA
:100C0000A8200001041811008A211002E91D031018
:100C1000701E441000180300C8C7E078E8C24A24D8
:100C200080711040FC180100C3400000409C8D7092
:100C3000C343A03F0000C3427A440000C341FA43CB
:100C40000000EC180020E818002056200028CB45B2
:100C50001300B85FF818C020F4188020F018402066
:100C6000A8204002332441138571483181000418C3
:100C70005000C34120420000024040250E18461893
:100C800058208020040718DAB60D2FE9C141024030
:100C90008020040DF84DAA0D2FE918DA02408020BB
:100CA000050318DA9A0D2FE9C1414A24C0700240A9
:100CB0007DD98020050917B9A8200001041850002B
:100CC0004A24C0700A21800F74490024A820000122
:100CD000041850004A24807181D917B9A820000156
:100CE000041850008585668547854A24C0707DDEDE
:100CF0000241CB47C8410000CB431200804F05BEE4
:100D00008021060B0018C0036A18D822691898239E
:100D10006718D8206618182368189820A8200001A2
:100D2000041911000A46C340A24400808026091F0E
:100D30008A230F0AC3421C45004000A16F181820E7
:100D4000C1407118D820DA0BEFEF7018982008D93D
:100D5000EA0CEFEFC14054250D1A8A210800024029
:100D6000A6082000A1422C708BB902409A082000EE
:100D7000A1420E0820000240C8C6E078E6C3A6C122
:100D800008478027091F0846760CEFEFE1404A2408
:100D900080727FD9C140AD704029C10580200B050C
:100DA000C01F8312A01F4413C41E5810C31E581323
:100DB000C21E5813C11E5813A21F4213C61E581339
:100DC0009A1F4213981F4413801F4213A82000014A
:100DD00004181100CC160210D0160110D416001001
:100DE00043C244C145C04026021880C1C140C01E54
:100DF000581340C541C5E6086FFE42C5A81F4213FF
:100E0000C6C7E078F0C3A6C14092CB444847000073
:100E100008454832020007348B10D340C841000017
:100E20000A220024C343833A6F123FDA483100009C
:100E3000073413106A150016691501160D7018BADB
:100E40004830800048318100484104330094CA2270
:100E5000C52200320020003241200030C0000031A5
:100E6000CB0004300082CA218C1F00BF000001307B
:100E700040025525911E043300924830C002CB1D1C
:100E80001810404004F6C34000BF00007FDF17BFCA
:100E90000737C914264100258E1F00001C03483166
:100EA000810000324C200133011000310013483121
:100EB000CC020030C100CA1D181304310082CD1DC0
:100EC000581205F6C34200BF0000EC1500100131B6
:100ED00081008D7048308000003200200031001009
:100EE0000030C2004831C0020432008314AEC5F69F
:100EF0003FD818B804F0C34000BF0000FC15011033
:100F00000132000048318100003341204830C002E6
:100F10000031C20015AE04320083C5F63FD818B8C0
:100F200004F0C34000BF000071150C1601320B0025
:100F30002C704834801000320020C61D581000303C
:100F4000C2004833C0120432408020B622AECE1D0B
:100F50001810C5F63FD818B804F0C34000BF000011
:100F6000013200000032822FCC3ECDCC4830C0028E
:100F700004324080C81D1810C4F63FD818B805F0D8
:100F8000C34000BF000001320100A1408020090FD2
:100F90004831C1026A0AEFEF201E42104A248072D3
:100FA000A1402C7080200B05E01E4290A82000017B
:100FB00004181100184DE0DA2241860A2FE9C01DFD
:100FC0001910A1418021040780C018DA720A2FE9A4
:100FD00040241430073080244A2480714025111F9A
:100FE0000030800FC84200000730CE040436C093A2
:100FF000CA26C913A82000020414002400360010D9
:1010000004191020A1418021040D80C018DA320A91
:101010002FE980C74A248071A82000020417001419
:101020000036001004191020A1418021050380C062
:1010300018DA0E0A2FE980C74A248071A82000021E
:10104000041700140036001004191020C341484250
:101050000000043240A0C34048410000CA22492099
:10106000043200A0CA22052007308124B4150010E4
:10107000041D431000310000B41D0010D0C7E078FB
:10108000ECC3A4C110415520CD088A21050033A529
:101090002FA52241C342F0420000C3431C4600403A
:1010A000D3401300306080210A0F081881000C180B
:1010B0004300C340A2450080801D981042A565A54D
:1010C0000019030016421E43064583DF04A503A54D
:1010D0002240CB40A04300008A2706048A23031243
:1010E00017BF8A260A00CB46000088138A210F1AF0
:1010F000CB44C843000080200405041D0012001DDD
:10110000C011741DC012FBA5581D8011D0A5281D4B
:10111000401287A5841D9810851DD810E609EFEAB6
:10112000861D5810DA0BEFEA5621002D0A224024C2
:1011300080220A2B4020012510DA06092FE94240BF
:1011400001854A2480777FDAC3434040000017BA04
:101150000A21800F9442000040210C24971DD810D2
:10116000961D9810871D58107A1D1810A820000190
:10117000041C11100085C342C8410000C343833AD8
:101180006F1248308000003080003FDE0030C10028
:1011900018BE8C70C14004310081CA208C0F00BF82
:1011A000000001310000E7854830C002492080027C
:1011B00048200001E6A500A40A85938530854830C3
:1011C00087000F8548348C1000379E00483080001F
:1011D00000308700003480104831810000318100E8
:1011E0000030CC0016850036CF300031DE003D8562
:1011F000483080000037DF0000308000C1450437F0
:10120000009148318100C940CA258C0F00BF000001
:10121000043700B10030C70000318000C146CA2049
:101220008C1F00BF0000043600B1C941CA268C0FD4
:1012300000BF0000043400910030C000C943CA213F
:101240008C1F00BF000004370081CA238C1F00BF21
:10125000000004300081CA268C1F00BF000001304E
:1012600080034830C3024833800007308000A71154
:1012700002267CA5811D981001368231073044007A
:10128000A9110026A8110126831D1810013740114D
:10129000821D5810013701324830C00209A548317B
:1012A000C002013441120EA54832C0020137C20209
:1012B0000DA54831C0023B8512A54832C00215A5D4
:1012C0000031000110DA1AA580C0760FEFE8424124
:1012D0005621812F120DEFF380C087150016FAD921
:1012E0000419432080218B2400194420691D181003
:1012F000CCC7E078E8C208468A0DEFFF55204D09BB
:101300004A24807740260014A82000010418110008
:101310004A24C0700A27801380270A10A8200001E1
:10132000041F11104A24C0705526801E4A21000057
:10133000A8200001041811004A24C0705626401845
:10134000A82000010418110040854A248077C1407C
:101350005626031980204A0F0E702EAE2DAE3CA5E6
:1013600032A52FA52AA5241D8110421D5910181D34
:10137000011520A8881D4010001F8010A820000122
:10138000041B1100D209EFEA5626001D0087CB4747
:1013900013003060CC4F461D18105626801D40DAD1
:1013A000451D1814441D1814960EEFE8431D18141B
:1013B000C14080208A0F2C70CA0CEFF60ADA208711
:1013C0000187C342FA00FA0080260B158F1D981082
:1013D0008E1D18108D1D5810AC4F10DA620EEFE8FC
:1013E000C140C8C6E4C3A3C14A24C0700A25001086
:1013F00040200E0238184500A8200001041E1110DC
:10140000402440302C7007DA7A0CEFF63A1D0310B6
:101410004A2440720C7180C162C061C0001C02305D
:10142000A82000020111C00448308000041E1010E2
:101430004A24C0707C4D984DA820800104110204FC
:1014400004189000481D0310C4C7E0784A240071B6
:10145000A82080011410020404199000E07EE078B6
:10146000E4C208464A250010AA0CEFFA0086A571CE
:10147000F90D3491041E1010C4C6E078E4C2084689
:101480004A250010160EEFFA0086A571F90D349169
:10149000041E1010C4C6E078E07F00A131880DE979
:1014A00018881B085100C340A0004D7E00881470AE
:1014B00080D805F2E07EE07F0C70E07FFFD8E07816
:1014C00078884A24C070C340A00030ACA820C00176
:1014D00040800D0AE0004C7008E0E07E01806C70F6
:1014E0000430808F7F4700FFCA226B000430C08029
:1014F000CA208E0F803F00005470CA202100E07F78
:1015000000A1E078E6C24A24C070C343A000F0AB5B
:1015100028476041A82040021C110204090A01006A
:10152000E8190380E07858884A24C07054230008E2
:10153000A820800120800B09800008E0C6C6C18079
:101540000436C093FCF3CB45F000490055D83E0C5F
:101550006FF740AD4837411248364012031D441022
:10156000051D0410C6C6E078FAC2FC1CC8B6260ADF
:10157000AFF4A9C1AA0D6FF4184346C03B58CB473E
:10158000A00030AC0E700F706E70D347A000307E9C
:1015900044C045C1341F0014381F00143C1F001400
:1015A000401F001406C00C2000B082022600402814
:1015B000CE3163760786147026F46E8E498E318E96
:1015C0001816941004EB0D8704710DA778220C00F7
:1015D0007921000004240C9004F20E8704710EA7F8
:1015E00004E90F8704710FA704EA1087047110A79C
:1015F0002F260525D67008022C00522400107823CF
:1016000001000B79F80122004E71C1401C1CC13051
:101610001A09EFF3201C80344D8630161110AD707E
:101620002F2100050430408342C1CAF74226012D14
:101630002F79347354010600104105F0D3417F47E0
:1016400000FF50454A21003082C188C2402404373F
:10165000E143E240181F43100C1C4034965A6E0CB4
:10166000EFFB10441C1780202F087E00181F03106A
:1016700045870C1707100817861004170510001768
:101680008410908F27C303C122C041C22F220705B7
:10169000F20FAFF640C48C243FAD0CF40B87A5715C
:1016A0000031912F003F0000090865032F71ABA79F
:1016B0008240043140A5B9203F0DC5206B000520B4
:1016C000800489085180CB45F0003400A10C322001
:1016D00052D81909303052D8B20A4FF74E240020A0
:1016E000483141220CB52DB507C16E092FFCE140F0
:1016F00003C54226002D0F781472C3407F4700FFB8
:1017000007F70435009045F77FDD17BD43C5043565
:1017100000902C700C70CA206B0004354090441669
:101720001110CA258E1F803F00001470CA25211099
:10173000C1401609AFF5B0A623E8043140A35EF21C
:101740000C70043500906C002C003C96B2E94E16EB
:1017500082108A21BF0F0C778C22C38FCA204100D0
:10176000381E45104E1E0210FFD82AF01E0A4FF7F1
:101770004E240020483141220CB52DB53FF02C718C
:101780005A0BAFF3C1403AF0398E25097F016C70D6
:10179000C34148440000043140A0CA2369005021DD
:1017A000FEA731F27470CA2142202EF02E704BF148
:1017B000043500900FF70FE91CB60C70E2084FF4E7
:1017C00004C31414043000422C73AC70AA0E6FF7DB
:1017D000C140C3407F43000004350090CA20450348
:1017E0004830400204C3141404300F7A78220500F4
:1017F0002C72860E6FF7C140B1A66671A905EFFF86
:1018000007713041D345C83F000004324085CA25E6
:101810008920043040856F210B000430408405F698
:10182000E0B9BE7010414E700EF1490B30202E71A0
:1018300006C01BE818DE40DD332380331708520052
:10184000302341335021FE8705F26E09E0000F7806
:101850000AE806C0067155250D18E10824A0552692
:101860000E1803F02E70C340A0004D7E00184204F5
:101870000C870B08C504301FC014920ECFFBA9C003
:1018800004141B34DAC6E078F1C0360BAFE80C71F3
:10189000C341120084FD0A086FF70C72C3411200A5
:1018A000C8FD92086FF70C722609C000D1C0E07E17
:1018B0000430808F7F4700FF2C704C70CA226B0071
:1018C00004304080CA208E0F803F00005470E07FBB
:1018D000CA202100E6C308450380008027801F0935
:1018E000F000A3C1730951014880248261920081F4
:1018F000238282BB61B240C00AF0288022895D0940
:101900007F0080C14480407A004127E8048540245C
:10191000C33240240431C0801185E486F20D6FFB90
:1019200042870B1480301108510000C0238601A7A4
:101930006079C140018507800B20808F0008180066
:101940000BF2048501C101806480428320A200C1A2
:101950004380607A21A3C6C73A0A8FF6C6C7E078EB
:10196000E2C21180AE0E6FFB884500A5C2C6E078CA
:1019700011806D076FFB2F79E2C21180B60F6FFBEC
:10198000884500A5C2C6E078AD00AFFB1180E078C5
:1019900065046FFB1180E0785504AFFB1180E0789F
:1019A0003506AFFB1180E078FAC2FC1CC8B6A1C1B5
:1019B000CB46A000906E0A860A8014705E01620019
:1019C0008A20FC000B8680204E002088220CA0017B
:1019D000C1402A860B86C60EE000301941000B86F6
:1019E00030D9ED70DF1898037018420080200E0087
:1019F000E0A8B20F6FF6784EAD70D34613008C613D
:101A00008FBDD3407F7FFFFFC3420000EFFF402424
:101A100007305626C12B40DBCC75C140A1440A25B6
:101A2000000440C7001EC073A00070902A0E600121
:101A30005047D34113001464402407305821C12A71
:101A400040DBCC75C140E242A1440E0E60010A2584
:101A500000045821C12F4024073040DBCC750A25F3
:101A60000004C140E242F20D6001A144C3401300F2
:101A7000F07340C7760F6FF51841C341A00068911D
:101A80000C71B20A6FF33843562100283A0FAFF5B4
:101A90002C7140260025320FAFF52C71D345130071
:101AA0002068552500293E0AE00110D95725012953
:101AB0004024053040DA8A240108C140120AEFF5BB
:101AC000A143562501294024053040DA8A24010823
:101AD000C140FE09EFF5A14342250129402405300C
:101AE00040DA8A240108C140E609EFF5A143D34357
:101AF0001300B071402405304223012940DA8A24C2
:101B00000108C140CA09EFF5A143D3421300846A1A
:101B1000402405305922012940DA8A240108C140B5
:101B2000AE09EFF5A143C60E6FF5552100395523D7
:101B3000813A020A6FF30C734026002F8A0EAFF52C
:101B40002C715426002A820EAFF52C715525802D5C
:101B50009209E00110D9CB4713004C6F40240530A7
:101B60005727811D40DA8A240108C1406209EFF538
:101B7000A143402201294024053040DA8A2401088B
:101B8000C1404E09EFF5A143572701194024053004
:101B900040DA8A240108C1403609EFF5A1435821F3
:101BA000C13F4024053040DA8A240108C14022099F
:101BB000EFF5A143542201294024053040DA8A245C
:101BC0000108C1400A09EFF5A143220E6FF5542127
:101BD00000395423813A5E096FF30C72D344130029
:101BE0001C665824402FE20DAFF52C714026002AC8
:101BF000D60DAFF52C715525402BEA08E00110D920
:101C0000542501294024053040DA8A240108C140C6
:101C1000BE08EFF5A1435822812D4024053040DA5B
:101C20008A240108C140AA08EFF5A1435425812D5B
:101C30004024053040DA8A240108C1409208EFF5BB
:101C4000A143542301294024053040DA8A240108A5
:101C5000C1407E08EFF5A1435822412B40240530B6
:101C600040DA8A240108C1406608EFF5A1437E0DE1
:101C70006FF52240C341A0008490560DE0000C7621
:101C80002C71460DAFF5C240582180293A0DAFF5B1
:101C90002C715824002E320DAFF52C705527401BA7
:101CA0004208E00110D9552700193A08E0012C70CC
:101CB0005427801D2E08E0012C705825412B40240C
:101CC000053040DA8A240108C1400608EFF5A14337
:101CD0005723812D4024053040DA8A240108C14071
:101CE000EE0FAFF5A1435525C12F4024053040DA52
:101CF0008A240108C140DA0FAFF5A143EE0C6FF55D
:101D000055210029C341A0001C91C60CE00009D850
:101D10005824802BB20CAFF52C715721802BAA0CC4
:101D2000AFF52C715824402A9E0CAFF52C70582327
:101D3000802DB20FA00110D95823C02FA60FA001EB
:101D40002C70592300299E0FA0012C709E0C6FF55A
:101D500054210029C341A000D090760CE00007D8A0
:101D600058214028620CAFF52C715721002E5A0CD7
:101D7000AFF52C715824C02C4E0CAFF52C705627A3
:101D80000019620FA00110D95527C01F560FA001DE
:101D90002C705527801D4E0FA0012C70402405305B
:101DA00040DA8A240108C140A241260FAFF5A143C1
:101DB0004024053040DA8A240108C1406241120FF4
:101DC000AFF5A1435822C12F4024053040DA8A24C0
:101DD0000108C140FA0EAFF5A143120C6FF558216E
:101DE00000395623C13EAA0E2FF310D85521C02E1C
:101DF000D60BAFF52C7058250029EA0EA00110D99A
:101E0000EA0B6FF557210039C341A000E095760A2F
:101E1000E0000BD85524002AAE0BAFF52C705521ED
:101E2000802DA60BAFF52C705825802DB60EA00185
:101E300010D95725812D402405304C706C708A24B0
:101E400001088E0EAFF5C14057230129402405300B
:101E50004C706C708A240108760EAFF5C1408E0B71
:101E60006FF557240029C341A000A89A2A0BE0006F
:101E70000DD859250028520BAFF52C705524802C15
:101E8000460BAFF52C70592700195A0EA00110D936
:101E9000D3401300E86C5520C02F4A0EA00140D952
:101EA0004A0B6FF58240C341A000949D060BE000F1
:101EB0000ED85524C02D120BAFF52C705827C01F1B
:101EC000220EA0012C70562000291A0EA00110D954
:101ED0001A0B6FF554240029C341A00024906A080E
:101EE0006FF329D85825C02EDE0AAFF52C70582381
:101EF000402BF20DA00110D9DB40A000266F00108E
:101F0000003150D90420800F00007FFF00180430FA
:101F1000D20DA00158230029141000315827411B6D
:101F2000402405300420800F00007FFF1418043087
:101F300040DA8A240108C140960DAFF5A14356232B
:101F400001294024053040DA8A240108C140820D6D
:101F5000AFF5A1434024053040DA8A240108C1408E
:101F600042416E0DAFF5A1435827811D4024053035
:101F70004C706C708A240108560DAFF5C140552392
:101F8000C12F402405304C706C708A240108420D2A
:101F9000AFF5C140560A6FF55521803D5623413BB0
:101FA000BE0E2FF312D85524002F1E0AAFF52C7049
:101FB000582700192E0DA00110D9320A6FF55721AC
:101FC0000029C341A000B893B209E0000CD8552401
:101FD000402BF609AFF52C705520802D060DA00181
:101FE00010D955200029FE0CA00140D95520402BC6
:101FF000F20CA00140D940250129402405304C7045
:102000006C708A240108CA0CAFF5C1404023012935
:10201000402405304C706C708A240108B20CAFF576
:10202000C140CA096FF55526002AC341A000B094EB
:10203000420D2FF315D85426802C8E09AFF5E241BE
:102040005522402B9E0CA00110D956220029960C37
:10205000A0012C705522802D8A0CA0012C70D34534
:10206000A000D66E001500212C70A2B8001D04201F
:10207000720CA0015522C02F141500214220012905
:1020800040240530A2B8141D042040DA8A24010837
:10209000C1403E0CAFF5A143552301294024053032
:1020A00040DA8A240108C140260CAFF5A14357222B
:1020B000812D4024053040DA8A240108C140120CE9
:1020C000AFF5A14326096FF5582400295523C13FD8
:1020D0004A08E00017D85426002FEE08AFF5E24179
:1020E0005820C02FFE0BA00110D959200029F60B53
:1020F000A0012C70572001294024053040DA8A24A1
:102100000108C140CA0BAFF5A1435423812D4024DF
:10211000053040DA8A240108C140B60BAFF5A1436F
:10212000582201294024053040DA8A240108C140A0
:102130009E0BAFF5A143B6086FF55526802EC3411F
:10214000A0001098F20FA00018D85526C0287A08D1
:10215000AFF5E241582000298A0BA00110D9582080
:10216000802D820BA0012C705820402B760BA001F3
:102170002C70281500212C70A2B8281D0420660B95
:10218000A0015720802D542701194024053040DA42
:102190008A240108C1403A0BAFF5A1435821413BC5
:1021A0004024053040DA8A240108C140220BAFF5F3
:1021B000A143552201294024053040DA8A24010830
:1021C000C1400E0BAFF5A14322086FF556268029BA
:1021D000C341A0000C90820FA0002AD85821802E65
:1021E000E60F6FF5E2415821402DDE0F6FF5E24119
:1021F0005821002CD20F6FF5E2412C70E60AA001A5
:1022000002403C15002110D90420800F00007FFF00
:102210003C1D0420CE0AA0014020002954200029A2
:10222000C20AA00110D95420802DBA0AA00110D9E9
:102230004A24C07055244229A820C0020412000478
:10224000088021900421810F00007FFF21B0AD7034
:102250008FBD422701194024053040DA8A24010845
:10226000C1406E0AAFF5A1435523412B40240530F0
:1022700040DA8A240108C140560AAFF5A14357222B
:1022800001294024053040DA8A240108C140420A6D
:10229000AFF5A1434024053040DA8A240108C1404B
:1022A000E1412E0AAFF5A1435523812D402405308D
:1022B00040DA8A240108C140160AAFF5A143422240
:1022C00001294024053040DA8A240108C140020A6D
:1022D000AFF5A143CC4F4024053040DA8A240108F1
:1022E000C140EE09AFF5A1435821813D402405309E
:1022F00040DA8A240108C140D609AFF5A14354222F
:10230000812D4024053040DA8A240108C140C209E9
:10231000AFF5A1435E0CEFF5C140877404141B3484
:10232000DAC6E078ECC3A7C1838008470084A880A0
:10233000021509114F21801001B50184C8800216D1
:10234000081163864F20801001B6028444850880FE
:10235000001211000C100B000F0B30102385419060
:1023600082BA41B005F040240B32081C01300384CE
:102370004128881008804380404506EA419082BA8F
:1023800041B006F040240531041C0130508780958F
:10239000A096019215083E00442044105B099F104E
:1023A000570C3100A0B801B2483402104835001073
:1023B000073086000487498F80809140110AB4005D
:1023C00010141210A180C485828603F083C4081201
:1023D0000720654211877E09EFFB40C4041A4024A0
:1023E0001E4160790240098F0F08B400A140041E0D
:1023F000401423854079CCC7E8C263800041008344
:102400006183488068831081E19200120801A190E5
:102410004F278C1081B28482C193001309010C13E1
:1024200007004382001410104F268B1022BE021B9F
:10243000C402150D3E1044264310390F9F109AEB2D
:10244000A0BDA1B0A48148300C1048310010073065
:102450000503A0851181E0410A240004C485DA0B3C
:10246000EFFB081606102385A1406079041E0014B6
:10247000C8C6E078E2C211807A0DEFFB884500A55E
:10248000C2C6E07811801D06EFFB2F79E2C21180F1
:10249000DA0EEFFB884500A5C2C6E07821022FFCCA
:1024A0001180E0781903EFFB1180E07805032FFC21
:1024B0001180E07869042FFC1180E078E6C2A3C1A6
:1024C000238040818281E8824181238102170511A6
:1024D00048820C170B104F25830061B702120401CC
:1024E00068840C1209004F248C0081B2021307018A
:1024F0000C1308004F278C0081B388812487A19496
:10250000C081150DBF102C70238482BDA1B4208919
:1025100085213E009080A097E0930012060161940F
:10252000412C84001D0B3E00412F8700052702012E
:1025300044250501C0BA05227E8126F4A0BB61B402
:10254000483505104837021007324C01448011808D
:10255000442444004836030007334301A082442743
:1025600046002F2747002141E485C145428741C4E9
:1025700042C2614240C3A20D2FFC01432385A1400A
:102580006079C1A7A3C0C6C6E2C21180E60E2FFCC7
:10259000884500A5C2C6E078118005006FFC2F7940
:1025A000E2C21180F2086FFC884500A5C2C6E0783F
:1025B00021076FFC1180E078E5042FFC1180E078A2
:1025C0001500AFFC1180E078D900AFFC1180E078F5
:1025D000EAC2A080684750418A85CB850C841708E1
:1025E00071003040C14080200E00301C01100018E6
:1025F000030081083E2080260E10008E0F08E503A0
:10260000A140620F0001E0AE02F028EFF571E14257
:10261000CA226E000A248070402108242C706C703D
:102620008D70CD700A204004A820800418100B156E
:102630007571CA2601100BF27575CA23010007F2E5
:10264000090BD110084403F0218018E003EC218429
:1026500008F006EE218606F00C77CAC602EB21834D
:102660000A24807040210021A82000011818500081
:10267000A14002412242220A2001E143CAC6E07879
:102680003E78E07E48880019050042223C80E07CCC
:1026900083806C70A8200003041400140880428812
:1026A0000B0A9F010590057B60B1E078E07EE07841
:1026B00054D90318C3000118030000180301E07F78
:1026C00022A8E078FAC2FC1CC8B6B9C1C38008478A
:1026D00044171910D140008686C528800191448195
:1026E00082B801B1038100121B002C7045C086C066
:1026F00092096FF614DA4A24C07082C0A820400103
:102700000843A0A004740817891002C203C3CC7048
:102710004A204010402404364D08451204100C2273
:10272000088420903D09850F0000F0FF21903509B5
:102730009F008C948C2405950AF28C2485960CF2CB
:102740008C2405960DF48480438008F084800C105E
:10275000040004F08480638082B921B0C084C47115
:102760000571DCF19087001B001142C20194190829
:102770003E0043C316118B302F2187019109E102DE
:10278000A0B801B40487298F0810160004101400A3
:1027900080801016172010141520101413101D0916
:1027A000340191428480A3809140101418101015B8
:1027B00011101740364104F08BC090C10817072054
:1027C000081506200813052040C105C141C0820A32
:1027D000AFFC2340041BC0265E4160794240041DCB
:1027E000C0269E4160798240041F8023DE416079CB
:1027F000C240098F19083401A140041980232385A0
:102800004079041880331E4160790240B9C0041435
:102810001B34DAC6E2C21180720BAFFC884500A5FA
:10282000C2C6E0781180ED03AFFC2F79E2C21180BF
:10283000560CAFFC884500A5C2C6E078E6C0C38050
:10284000718008108B00AD714086E48B4882412F67
:102850000811859200190403330DE5124C7004161B
:1028600003120C9380203A0B0F08F5010E783220EA
:10287000820F13008078EB7ACB22018205F2088365
:102880000590057C80B1A571E8F1C6C45504AFFC84
:102890001180E078FD00AFFC1180E0786504AFFCAA
:1028A0001180E078F0C208450380918528460080B9
:1028B000548C04149410914268802193A4B98F0A17
:1028C000300021B3091586102C70CB400000FFFFAB
:1028D0004A2600304A2500005F09A5016D70448535
:1028E0008D70274A021789104B0C451242870A2423
:1028F00080073022C202488240920F0A20020A2733
:1029000040018C71EC7038221F02782142000527AB
:10291000BEB00AF40F0E3030EC718C710A27400102
:1029200002F08C70657485710A2600310A25C00199
:10293000DCF12471D2F11B0D300040DAE493E14167
:10294000060C2FF6E3B3E0B60BF0308503F03085CC
:1029500043B3F60B2FF620911085009000B6412C62
:1029600013212E704A204020088DA70825204C7086
:102970000385F020000468802C90819380213A0B1D
:1029800050240F111109F501E1B32E793221820F84
:10299000130080780B22008505F2308584BC81B35A
:1029A0002AF00B22C08424F224858D700D70628180
:1029B0004A21000002138B001D09C50242832471C5
:1029C0008262857448824092D3720000FFFFCA2061
:1029D0006210F4F11F085010C3410000FFFF6A0BA2
:1029E0000FF6142600140018C50F0FF015128120E1
:1029F00074E93085520B2FF62091108514260114AE
:102A00002671009000B1161A42240671AEF1D0C6AC
:102A10005903AFFC1180E078ECC3A8C108450180E0
:102A20004385ED70CD7027800B21808F2000010041
:102A300002F2C1821709BE0000820421810F220028
:102A4000000052217E8403F2E28227801D09D0001B
:102A5000670951010880219044800C10120082B94E
:102A600021B0208240C10BF02880228937097F00E5
:102A700080C14480407A10421FE82E700E7026EE0E
:102A8000088621904509BF000E7047862D0AD000A8
:102A9000270A710182B9448021B02082038043C19A
:102AA00010F0F2080FF605EEEA082FF6C14005EF28
:102AB000E2082FF6E140CCC7448683C1607AC1406A
:102AC0000010900085203E2019EF488721922F09A1
:102AD0009F0007871708D000DF08718182B96482E0
:102AE00021B20382208342C105F0448782C1607A0B
:102AF000E1400010910085213E2001851E881508C7
:102B00007F00402404340485C080E4860817041044
:102B100011852F2207042F2347044024C531260E98
:102B2000AFFC424101851E888F085F800714C030CA
:102B30008708138000C001A723866079C140CCC7F5
:102B4000E2C21180C208EFFC884500A5C2C6E07849
:102B500011808501EFFC2F79E2C21180F609EFFCAC
:102B6000884500A5C2C6E078ED02EFFC1180E07850
:102B70009D04AFFC1180E078E102EFFC1180E07869
:102B80007905EFFC1180E078C341A000906E498187
:102B900020A0007A5E78E07EE8C2504028470845D1
:102BA0000FEA2C704A26401006ED048520487E0C62
:102BB000EFF5E141CF79C571F1092484E5740C701A
:102BC000C8C6E078E8C22847504008452C708A22E1
:102BD0000600B20C2FF6E1401F0830202C70CD719A
:102BE00006ED04852048DA0BEFF5E141CF79C57198
:102BF000F1092484E574C8C6ECC3A5C10847018067
:102C00004387AD703E880B093F000082A182278078
:102C10001909D0005B09510128804191648182BA71
:102C200041B1208340C106F02880228937095F0026
:102C30004480607A80C110421BE801874C70878015
:102C4000570C3F146C7107852908710182C12885D2
:102C500001914708BF0082B8438101B16C70408286
:102C60001BF0320FCFF505ED2A0FEFF5A140CCC7D1
:102C7000658500C2607BA1408D714C7007E8278597
:102C80000F09F1006C70408004F06C7102F08D70DF
:102C90006FEC0187878004874B240096A080C48551
:102CA00008F221803040101111000811052004F0B5
:102CB000402405320816041011874024C631C60D81
:102CC000AFFD4241071480308B20428006F200C0E5
:102CD00001A623856079A14001871C884B200086CE
:102CE000C7F300C0041900201E4160790240CCC720
:102CF000E2C21180B208EFFD884500A5C2C6E078A7
:102D000011800502EFFD2F79E2C21180C60AEFFDA6
:102D1000884500A5C2C6E0783D04EFFD1180E0784B
:102D20005103AFFD1180E07875022FFE1180E0782D
:102D3000AD042FFE1180E078EAC3A4C123800846C9
:102D40000181A0814880288587806192E191230CD0
:102D5000F010442311015B0C51115709312082BB43
:102D600004820C12100061B2008040C008F0390BE0
:102D70007F0080C14480407A10401BE807853508F9
:102D8000F00081C12B08710122BF4427439019F440
:102D900008856C70448081902380408282BC81B021
:102DA00041C217F0EE0DCFF5EA0DEFF5A140CAC70D
:102DB000658500C2607BA14008E8004107F06F20F4
:102DC000430083C141C005F083C1782003005086D1
:102DD000019211083E0005237E84EBF5A0B801B2F4
:102DE0000486001404304024C6320242A0801186BA
:102DF000E485B6092FFD081705100B14C030B30881
:102E0000138000C0238501A76079A140CAC7E0787C
:102E1000E2C21180F20B2FFD884500A5C2C6E07802
:102E2000118041052FFD2F79E2C211809E0D2FFDEB
:102E3000884500A5C2C6E078AD056FFD1180E07839
:102E40001907EFFC1180E0783D066FFD1180E078F6
:102E500071076FFD1180E078E2C22908B1004C7360
:102E6000CB45A000587E2185C340A000886E00801D
:102E7000247121A52C71D20A6FF86C70001D4310CB
:102E8000C2C6E078F0C3A9C1638020832881419144
:102E900082BA41B14183A882E195C4854F2782104F
:102EA00041B581804385A48123819E8C0016141036
:102EB00000151110190C3F10F14362838883A1940F
:102EC0000D0DBF1082BD6384A1B40BF08D70CB4596
:102ED0007F43000080C342C441C440C443C58480D2
:102EE0001180402404354024C734C284A0840414D3
:102EF000121010161010E48508100620B20D2FFED7
:102F000008170510041F4014041840242385607915
:102F1000A140170BBF2085C142406A0EA00082422B
:102F20005E41607942401314803003E8D0C72386A5
:102F30006079C140D0C7E078E2C21180120E2FFE46
:102F4000884500A5C2C6E07811806D062FFE2F7956
:102F5000E2C211809A0F2FFE884500A5C2C6E07814
:102F600025078FFFF9072FFE1180E078B5042FFEAB
:102F70001180E07801006FFE1180E07815020000FA
:102F8000D1016FFE1180E078F0C3A9C16380208376
:102F90008881219482B921B421834881E192C4823D
:102FA0004F27811021B22180A4844382001614107F
:102FB000278100151110F14304218B0F220000001E
:102FC000238452237E940BF262838883A1940F0D95
:102FD000BF1082BD6384A1B40AF08D70CB457F43DE
:102FE000000080C342C441C440C443C584801180F2
:102FF000402404354024C734C284A0840414121031
:1030000010161010E48508100620A60C2FFE0817D5
:103010000510041F40140418402423856079A14042
:10302000150BBF2085C142405A0DA00082425E416F
:10303000607942401314803002E8D0C7238660795B
:10304000C140D0C7E2C21180060D2FFE884500A501
:10305000C2C6E078118061052FFE2F79E2C211808F
:103060008E0E2FFE884500A5C2C6E07819068FFF98
:10307000ED062FFE1180E078A9032FFE1180E07885
:10308000F5062FFE1180E07809010000C5006FFEF3
:103090001180E078F0C3A9C1438020828881219407
:1030A00082B921B421826881E193C4834F278110C2
:1030B00021B322824383648400161410A8812384E0
:1030C000001311008195110CBF10F143638582BC80
:1030D00081B50BF08D70CB457F43000080C342C4A7
:1030E00041C440C443C58480118040240435402439
:1030F000C734C284A0840414121010161010E48582
:1031000008100620AA0B2FFE08170510041F4014F4
:103110000418402423856079A140170BBF2085C186
:103120004240620CA00082425E416079424013142A
:10313000803003E8D0C723866079C140D0C7E078EB
:10314000E2C211800A0C2FFE884500A5C2C6E078B5
:10315000118065042FFE2F79E2C21180920D2FFE9F
:10316000884500A5C2C6E0781D058FFFF1052FFE3A
:103170001180E078AD022FFE1180E078F9052FFE76
:103180001180E0780D000000C9072FFE1180E07863
:10319000E6C20847508703802845C0920080AA0BEA
:1031A000EFF5C1410387C141C0B59E0BEFF501802A
:1031B000C1B5C6C64128C100442101073021810F95
:1031C000A000B8CB01290000E07FC0B8C341A00037
:1031D000B8CB01814081628105208C0FFFF900008E
:1031E0000522820FFF0F00FC0523800F0070F97885
:1031F00081A140A1E07F02A18C200288E020C507C8
:103200004128C100442101070021820FA000B8CB52
:103210002082C4B80F210000E07F00A269048FFF64
:10322000E6C2D180084510802847448E2F0A7100DD
:10323000009095E803852C700E0BEFF50080038558
:10324000C3410000FFFF001F0510FE0AEFF50180DB
:103250001085021FC51F448E009094E8250A910036
:103260000385C3410000FFFFDE0AEFF50080038500
:103270002C70001FC51FD20AEFF50180021F051038
:10328000C6C6E078FAC2FC1CC8B6EC1C08B1A08027
:1032900000C000121300CB477F4700FF2C15191008
:1032A0000080584330440F70D342103AE02D2E7006
:1032B00044C00C70F147F14543C341C0081C0030C5
:1032C000DD09E52416244E240086D1083000EAE00A
:1032D00019F2E8E030F41D8DC1083E0068D821865F
:1032E00042C00431C083304555F2043580A48A20A1
:1032F0003F2D97F7043580AF48420000D9F64303CD
:1033000000001D8D95083E006AD8218641C0043119
:10331000C083304741F2043780A48A203F2D220326
:103320000500043780AF4842000016030900041E60
:10333000001634F001860430008660000C00043072
:10334000808F7F4700EF54000D00D340C83F00003E
:10335000073000041E0D6FF2104648304002296805
:103360002B7808F448300000043600A00FF416F063
:103370004A2400714A208000A8208001052902000B
:103380000C7845790169483000000030000401A63E
:1033900004F0F14502F0F147267194F123438023B4
:1033A0000E01008B2DE802852088284327E9C18083
:1033B000ED70CB440000FFFFE04E20903909D102B0
:1033C0002888508042213C8080B20BF20C10020011
:1033D000A820C00104120104288184B183B1298886
:1033E00042213C8008F20480A820800104100104DE
:1033F000248180B1E571C50FC492001B02062343EE
:1034000080234E01008BAF08100002852088A3099D
:10341000300028438180CD700A22800F0000FFFF1A
:10342000C04C2090390991032888F08042213C80CB
:1034300040B70BF20C100F00A820C00104170114B4
:10344000288144B143B1298842213C8008F204809C
:10345000A820800104100104248140B1C571C50E6B
:10346000C492CD700A22800F0000FFFFC04C209054
:10347000390951032888F08042213C8040B70BF283
:103480000C100F00A820C00104170114288144B1BA
:1034900043B1298842213C8008F20480A8208001A1
:1034A00004100104248140B1C571C50EC492001BF3
:1034B000020680218E31001180302DE80285C088FF
:1034C00027EE8180ED70C3430000FFFFE04C2090A9
:1034D000390911032888508042213C8060B20BF2E8
:1034E0000C100200A820C00104120104288164B15C
:1034F00063B1298842213C8008F20480A820800121
:1035000004100104248160B1E571C50F8493001992
:10351000023603C300140430A1408241BA0D6FF596
:103520006342E908310010400785E1081E0202C02D
:1035300019E80285020DAFF41FD9043580AF7F472B
:1035400000EF11F70FE8308020914831010000357D
:10355000412007364270484700003180483240021F
:103560001FA101C01AE80285CE0CAFF41FD90437A1
:1035700080AF7F4700EF12F710E83080209148318C
:103580000100003741200736427048470000318073
:103590004832400284190000CD708A4767406D0EA2
:1035A000051008170014EAE011F2E8E02AF48E4052
:1035B0000430808F7F4700FF24F202857A0CAFF43D
:1035C0001FD9318010803F810FF08E400430808FF2
:1035D0007F4700FF16F202855E0CAFF41FD93180E1
:1035E0001080841101000090483101004830000033
:1035F000003040000736007048470000041C0020DF
:1036000040241422C571CCF14A856C704A24001004
:10361000301A41002C1A000604C18F782308450097
:1036200003C116210000208009E901800430808F49
:103630007F4700EF03F764716BA28571EEF10240E2
:10364000A5C004141B34DAC6F2C382240C3F2845FB
:10365000228908468A223E278C21838F18F44A2427
:10366000C073C94780278E100C702E714A2140000C
:10367000A820C00181C21A62047120AA2471038D9E
:1036800008E88A22FE261108340461C04240D2C7ED
:103690004A21C023D143542614195426951B4E7039
:1036A0000E710C708023072D001C0131E10924A448
:1036B0002F2607F0ECF581C0047732200004047750
:1036C0008EE024010D002520000010F019F028F0F4
:1036D00032F046F04AF050F054F05BF060F067F0E2
:1036E0006BF071F075F07BF080C15624423D260BE3
:1036F0002000A1405624413D14DA824019F080C1D7
:103700000024823F000094018E0B2000A140002481
:10371000813F0000940114DAA2400BF080C185C201
:103720006E0C2000A14085C18A2206006240120B67
:10373000CFE75AF080C10024823F0000BC01760E22
:103740002000A140701682100024813F0000BC01BF
:103750004A0CAFFFDF160016104246F080C1F20E91
:103760002000A1400AA640F080C1E60E2000A14042
:103770000BA63AF080C1DA0E2000A1400CA634F06E
:1037800080C1CE0E2000A140DD1E18102CF080C19B
:10379000BE0E2000A140DE1E181026F080C1FE08DB
:1037A0006000A140FF1F02901EF080C1EE08600083
:1037B000A14000AF18F080C1E2086000A14001AF55
:1037C00012F080C1D6086000A14002AF0CF080C1A9
:1037D000CA086000A14003AF06F080C1BE086000C7
:1037E000A14004AF5670782201200C71C0206120E6
:1037F00026785EF16D706C71CB4480BF00002C7038
:103800001520410040810432C08244F780A106F0B7
:10381000C4F65024C21740A174706C702C71F2F57C
:10382000E07EE078F1C0004114730C7707F7F026D2
:10383000417013001C9103E94079D1C0E07EE0782B
:10384000E6C3A5C168456083284714E3310AE40054
:10385000004180C014DAEA09EFE780C64A24007507
:103860004A200000A8204002208501168214196118
:103870000471F96140A9008514E000A5C6C7E0788D
:10388000E4C20846204028454A0F2FFE00190100D7
:10389000C0A5A140C4C6E078E4C208457018030082
:1038A000542000092C70DE0FAFF514DA4A24407161
:1038B0005425801BA820000104181100A14080207D
:1038C000070D2C70BE0FAFF58A2206004A24407106
:1038D0004025001DA8200001041811008A24017849
:1038E0005425801E4A260010A8200001041811004B
:1038F000A14096086FFEDF1D98134A244071A14035
:10390000A8204001C1A008181100A14080200E008D
:1039100000180300A140C4C6E6C20847CD7020408D
:103920002845660E6FFEC0A1D6A53C1D8213E0A5FA
:10393000A140C6C6E4C2084620402845EE0F6FFEEF
:1039400000190100A140E60F6FFE581D0110C0A52F
:10395000A140C4C6C34213009C5F00A16182828261
:10396000008204194300161943001419050063A1CD
:1039700084A102A1E07F2040E4C20846784928459E
:10398000C60EAFFA00190100C608AFFEA140C0A5DF
:10399000A140C4C6E4C208462040284504190300DB
:1039A0005609EFFE00190100C0A5A140C4C6E07889
:1039B000E4C208462040284504190300620AAFFE0D
:1039C00000190100C0A5A140C4C6E078E4C20846C1
:1039D0000C703819020004A900A120400A0AEFFE69
:1039E0002845C0A5A140C4C64A24C070A820000430
:1039F00040802C700432408045F7C34180BF0000F6
:103A000004F0C5F67FD917B920A00474E07EE078F1
:103A1000E2C228452081404314DA1961DA0DAFF57E
:103A20006040008514E000A5C2C6E078E6C3A5C1E9
:103A300068456083284714E3310AE400004180C0F0
:103A400014DAFE0FAFE780C64A2400754A20000052
:103A5000A820400220850116821419610471F961C1
:103A600040A9008514E000A5C6C7E0788D048FF852
:103A7000F1C0004101808420030C1308300890E05D
:103A80000C7008F400819B5A04F01A0DAFF8008105
:103A9000D1C0E07EE2C228452081404314DA19619A
:103AA000560DAFF56040008514E000A5C2C6E07871
:103AB000E6C3822406306845608328475623030CFA
:103AC000330AE400004180C08A220600720FAFE78B
:103AD00080C68A2406700C70A8204002208501163A
:103AE000821419610471F96140A900855620000C07
:103AF00000A5C6C7E2C2084504716E0AAFF20F788E
:103B000010D9A1400C58C340A0008C7E2080C34037
:103B1000120050B809092000B571C2C660D8CA2089
:103B20002106B570CA20A1010F58C2C6E6C2484599
:103B300028467A0BEFF2084714700C7026F28CD8E6
:103B40005F270117EA783021820FA000A84D3020AE
:103B5000800FA000104A50700C71D8F780852D0C92
:103B600085105F27011F3021830FA000CC4C996284
:103B70000AE11909E5006C244110408659610019D9
:103B800001002085247420A5C6C6E078E2C228453D
:103B9000208140438A22060019615E0CAFF5604027
:103BA00000855620000C00A5C2C6E078E6C382243A
:103BB00006306845608328475623030C330AE40027
:103BC000004180C08A220600760EAFE780C68A24B4
:103BD00006700C70A820400220850116821419611D
:103BE0000471F96140A900855620000C00A5C6C7E4
:103BF000E2C0084414701CD82AF22AE96091E1D886
:103C00004D0B810F00002B667681B684410B41037A
:103C1000A1940D0DDE11390B340470BB80233E01DD
:103C20002D0B84004191290A410362944291210A9B
:103C3000C10063944391190AC10078845881110A24
:103C4000C10059843981090981000C70C2C4E0782F
:103C5000E2C2084514701CD81AF220953109810F70
:103C600000002B665E8578D94E0C2FEBA1401470B6
:103C70001DD80EF21B8556850AB81072E1D808F7D8
:103C8000388580223E09090A44000C70C2C6E078DB
:103C9000E8C2CB45120000402D0D811F12000040EC
:103CA0002C70ED71176900208E0FA000E05E009669
:103CB0003508800F00002B660169ED08B4802C7177
:103CC000CD7012F03825811F200000703825801F2C
:103CD0002000002025780F087100CD70CB4612001F
:103CE000843FED706E0FEFFFC140C3081100C34168
:103CF00013008486B249FE0EEFFFC140AF081100E9
:103D00000A0900004E0FEFFF0845A30811000196B5
:103D10002D085E009708BE0016D816852C7741281E
:103D2000BC800AF25425801FA820800104100204E0
:103D30000639810017857708610013D87C150B10B0
:103D4000002340135420810FA140AA0EEFFF6142CF
:103D5000ADE85425821F5423831FC140920CAFF855
:103D6000A141104000160070A000D85E2C70160B08
:103D7000AFF580DADE082001A14099E816EF36851C
:103D800016861670C2212204386000208E0F1200A1
:103D90007C4002260D70EDFF85BFA20F0FEE1A6565
:103DA0002C70E20AAFF5C140C8C6EE0D2FED2C71A4
:103DB000E2C22845208140438A22060019613A0A5E
:103DC000AFF5604000855620000C00A5C2C6E07823
:103DD00080838574290A2403A1C14A2400714C7090
:103DE000001C0030A8204002008380C44C6458604E
:103DF0004471386080A80083047400A3E07F877456
:103E000069016FF3C0D8E078C3401300F08FE07E03
:103E1000E2C2A20A6FF308458C25839F0CF28C2521
:103E2000839E12F28C25C39E0CF28C25439E0FF4C8
:103E30000C730BF0A60AAFE90C73A20AAFE90C727F
:103E40000C7103F00C72960A8FE9C2C6E4C040817F
:103E50005860846A43886188C288A08808BA08BB11
:103E6000C57A0523400310BA457880A1C4C4E07820
:103E7000E1C5A083816D110A2403B96100A9008303
:103E8000047100A3C2C4E07842223C80E07C40215F
:103E90004306A8200003071301000D090100208B31
:103EA00087B920AB55230308E07EE0781470E07CEE
:103EB000398887B939A80080FCE8E07EE8C3A1C151
:103EC000C341A000987E008904E800190300915ABC
:103ED0008A20422CCB47F0004B00CB460000FC7FF1
:103EE0000C70C3410000FFFF80C2A20CEFF76C779B
:103EF00000C078E8AD705AD9001F0214AB21080E3B
:103F00000EF00B09500005E916F0605806E8C340B2
:103F1000A000907E0080407800C00EF019086E036B
:103F2000AF794A69DF0A5583C4789A5A00C1D278BA
:103F3000247840C0A571AD0D1594F2E8D2F1E07877
:103F4000F1C004770F7804E9215803F01D58D1C05F
:103F5000E07EE078F1C02F7B8CD86A780020800F5B
:103F6000A000254A2F27BF006F233F006F263F0484
:103F700020880018C30F2F26BF008C21C38F07F2A3
:103F8000F026C0701300AC788C58D1C0E07EE07889
:103F9000E2C24D08D101C340F0005B00A088208838
:103FA000E078FD0D4190C340A000B2412088350D5E
:103FB0004010A0A84A092FE7A140AA0D2FEDA1406B
:103FC000CB45F0004700CA0A2FE7008D0BE8008DB3
:103FD00000160170A000947E407907F0BA0B8FF3B1
:103FE000C2C60C700F58C340A000A04220882F27E3
:103FF000FF006F233F00C342F000500200821020F8
:10400000400000A22F26FF00C2C6E078E07F00A19A
:10401000408102A15470E07C2181007AE2C3A3C1F7
:1040200008B88FB897B88845FFDCC3441300303F09
:1040300040240532CC7098B842C4BA08EFF340C5AA
:104040002608AFF882C1C2C7E2C3A3C108B897B8B7
:104050008845FFDCC3441300303F40240532CC7058
:1040600098B842C48E08EFF340C5FE0F6FF882C1C6
:10407000C2C7E07808444C704A200000496434709C
:10408000C0226100782103007A22810BCA206200DD
:104090002B7BF6F5E07EE078408148604471E07F5C
:1040A00040A1E078E6C3AAC168456083284728E3B9
:1040B000310AE400004180C028DA8609AFE780C6F3
:1040C0004A24007A4A200000A820400220850116D8
:1040D000821419610471F96140A9008528E000A5E6
:1040E000C6C7E078E2C2C342A000AE4AFFD8CB44C4
:1040F000A000224AC341A0003A4BF5DDFBDB03AA36
:1041000003AC03A9A0AC60AA960AEFF360A9C3416F
:10411000A00004420019800F1300B43EC2C6E0782C
:10412000F1C000160270A000687FC3401300E03D9C
:10413000C3411300BC786C70C345A100F005C346B1
:10414000A0007CD386086FF98A248200001E0070CC
:10415000A0009C7ED1C0E07EE4C2C340F0003E00DF
:10416000208881B920A800168070F0000C011B087F
:104170003E01AD70CE090FEB084529680C7097B869
:104180001071CA250610B60B0FEE9E0B2FEE0846D7
:104190000041A142CE0DEFF8C14042094FF70C702B
:1041A000C4C6E078E4C3A2C1CB45A000D8D10C714D
:1041B000D60AAFF79C4D00160270A000707FCB4668
:1041C000A0007C7E00A65425861AC34013003858F0
:1041D000C341130096786C70C345A000F0FBEE0F4E
:1041E0002FF98A24C20001A64A260010C340697232
:1041F0004E5640C074D8041C04306A4E60C054D877
:10420000CC78F0268273A000747FF0268573A0001E
:10421000807F5525811A00204600626E4E26C4110B
:10422000C3401300B45DA60F2FF980C1152581137B
:10423000C571BD0EF49000A1C4C7E078F2C270420F
:10424000504530430846CB47F000340097D83470CF
:104250000601210017AF2E708A24032032401A2055
:104260000D25DD653215C1102909320053210001E9
:104270002108750625B953214200D20A2FF4A14125
:10428000321581100C71C342F0006002387800A230
:1042900008858420030CA0E0560022008D712E15A5
:1042A00080102F158210002C01102F27FF006F2384
:1042B0003F00C340F0004002110A10004580267AFA
:1042C00045A02F26FF0007F04580457925A02F2621
:1042D000FF002E158210587C86A02F27FF006F2329
:1042E0003F0024801021810024A02F26FF000671AA
:1042F0000C20C0A46A07C5FF6F26FF0598D8AD70D3
:1043000017AF5AD90C70AB21080EAA1E0210AD1EB1
:104310000210AF1E02104E0AEFF3C1402508B40090
:10432000084300868A0BEFFF071E4310C140A241DD
:104330005A0BEFFF4242188E0A21C02216AF07F037
:10434000321680102A08AFF2C4B8A571B70DE494F4
:1043500055260E1C06F06F26FF0598D82E7017AF55
:1043600099D8350A302017AFCD70B76EA275A1402D
:10437000720BEFF33A1D05101708B4000042A1407C
:104380002E0BEFFF071D4310188D504116AFC5715E
:10439000DB0E84949AD85AD917AF2F204704AB214B
:1043A000080ED2C6E2C228452081404328DA1961AE
:1043B000460C6FF56040008528E000A5C2C6E07895
:1043C000488123920B084400249209210100E07FD8
:1043D0002040E078F6C3A3C150473044C60E2FF406
:1043E0000845D3420000FFFF8F08A00410410E7063
:1043F000D3450000EFFF402416304A47088D4D0892
:104400002520F07E0385F0200E0407860B08F100BE
:10441000C140820F0FF5170D64240A238024224027
:10442000C14123200005E2421043C1401A096FF543
:104430006241142600240018C404F078360D2FF4CD
:10444000624108470671DCF11085850DA423E0B0B8
:10445000478505EA80C1607AA140698505EB80C285
:10446000C141607BA1402E0D2FF4A1401085219009
:1044700080B921B02CF0088D11E8ED704024103087
:104480004A2600100385E06023804079088DC571BD
:104490000218D52FF10E2490E57469851085001857
:1044A000840406EB80C24241607BA140098D10E884
:1044B000CD70ED700485C3410000FFFFB20F6FF4B3
:1044C000C060098DE571F10F2490C574D6C7E078FE
:1044D000F1C08881628C0F0B9E016594647A170A83
:1044E000C100C3420000FFFF1908800087E8439421
:1044F00008F0C3420000FFFF04F0CA0ECFFF0042E5
:10450000D1C0E07F5078E078E2C28881A1940F0D9D
:104510009E116594647A1B0AC100C3420000FFFF2C
:104520001D08800003E8130D1F11449408F0C342D6
:104530000000FFFF04F08E0ECFFF00425078C2C68D
:10454000F1C08881628C0F0B9E016594647A170A12
:10455000C100C3420000FFFF1908800087E84494AF
:1045600008F0C3420000FFFF04F05A0ECFFF0042E4
:10457000D1C0E07F5078E0780A80E07F0A80E07860
:10458000E6C064808D7041A3088B2D0C0510038B51
:1045900010E81A240D104C70C68347494471B57E4B
:1045A00000860137001000A6038BF10A2480A57154
:1045B0008571ECF1C6C4E078E6C2C4800845009677
:1045C000B708850F0000F0FF91083000A140CA092C
:1045D00000000C1608101C1609106D704A2200000D
:1045E000028D750B05100285F020C10208818090B4
:1045F000610C801F0000FFFF04854F7B0090052C9D
:104600000C100C701508E5001421CF10F4210610D1
:10461000290C80110471F8F10020C01240A8038E0B
:1046200080B744711F20CC00E48608812586757F01
:10463000E4A0957923A00EF00020C31200AB838E76
:104640006486E5860C7C2881157B957F64A1E3A1B7
:104650006571C8F148AE13F0028D42203C800FF224
:104660004486658608150110A820C00104110004C5
:10467000088044A063A0081E03100C70C6C6E07832
:10468000EAC2248008450091DB083000CD700C118F
:104690001100E8811C1108004A22000008899B0AC9
:1046A000250014278B10F42780100471001B0410C0
:1046B000F420831010784108C100638917EB2D7036
:1046C00006814C7BF42086100021CC1080484836AF
:1046D000030025710730C3000581957860A006812D
:1046E0009578C0A06389DD09C49004816181001BB5
:1046F00084131FF03F0B94002411800037085100F1
:10470000038913E84A21001086814C786581217065
:10471000044C157B257180A36681157B001B01006D
:104720000389E909049004816181001B0510557813
:1047300060A04471B4F10E7024198203028D4B08FD
:10474000052001118024F42700108AE80285C0604A
:104750002880228909091E00E2094FF4C5740671F8
:10476000EEF1228D11E9CD704A2700100285C0605C
:104770004880428A0B0A1E00C2094FF4228DE5715F
:10478000ED0F6490C574CAC60480658060A1048082
:10479000E07F00A2E4C2C480084542882C700386F2
:1047A000241E4310081E0310DA086FF5041E0110C2
:1047B000228D04865269CE086FF52C70228D038EEF
:1047C0000A7905865269BE086FF52C70228D038E1A
:1047D0000A7906865269AE086FF52C70228D07861D
:1047E0003B7AA2086FF52C70228D08863B7A9608DA
:1047F0006FF52C70C4C6E078E4C2A4802288084615
:10480000048552697E086FF52C70228E08853B7AEC
:1048100072086FF52C70228E038D0A790685526915
:1048200062086FF52C70C4C644802288041A010007
:1048300005823B7A4D006FF52C70E078F1C0218045
:104840000D09500086E9E60FCFFF04F0AE0FCFFF51
:10485000D1C0E07EEEC2E847CB80A0870A807043DB
:104860006091B478152650130418C50F20404041BC
:104870000A2140210A2200214E096FF43418C02079
:10488000B47E016D5C184024521E8414481EC4146A
:1048900000A7CEC6F8C3AAC18A80084570459143D7
:1048A0000A845046384014748A20FC00EEF42C151B
:1048B000141085C0FFD914DACA0F2FF5402417351C
:1048C00080C02C70BE0F2FF514DAB6700E702D70EC
:1048D00098F2181591102D700D70CA474A220020C9
:1048E00042213CA088F2238568974C70A8204002A2
:1048F000404900900D0B200015278B2044717CF05F
:1049000065401477B9F4D3720000FEFFE8002D0073
:10491000142380200290E108800F0000FFFF138F16
:1049200014715A012D000C7715240022778012177C
:104930009F102C704833C402EC7048334E0260461E
:104940002F2506012F2605318B0FE50780C403872D
:104950008C68957618012D008A20BF0F628725206C
:10496000000308F012F019F01BF023F024F02CF0F3
:10497000236304338081F80029005223C3070436DF
:10498000C0804C00060074F02363E50CE200737BEA
:104990003D0CC3006CF02363350EC51068F0352361
:1049A0004300CD0DE200737B250DC30060F034633E
:1049B000D07B0CF033234300B50EE230737B110E35
:1049C000C33056F02C63CF7BA50B04032474E47131
:1049D000BCF101871624812015238320257115241D
:1049E00082104228CC07001B001200A100A281A166
:1049F000101B800405710C204095E806E5FF18E7C0
:104A000078210310792501208A223C018A20BF0FDA
:104A10000421C1805D0930105C70188D4908252083
:104A200085C0F0200E04D5771CF2038580C1F021EB
:104A300001045A260E16F0200004C276848021A4B8
:104A4000328E0EE92C704C706286E28444712363CE
:104A50003F6760A7728EF50AE48024742380407952
:104A60000671DDF10E718A20BF0F09F00E7007F09C
:104A70005221100003F08A20BF0E1108302003419C
:104A80000A0B6000A1400C70D8C7E078E2C20B802E
:104A9000B60E6FFA884500A5C2C6E078E2C20B8068
:104AA0001E08AFFA884500A5C2C6E078E6C0B988FE
:104AB00060822841AB0B64038A267F0C42253C9020
:104AC000CC704EF210100B000D70CB460000EEFFC4
:104AD000A8208101F0230C125A200015E8848C9440
:104AE0002170609780A0296B3079150E64104833CF
:104AF0000100073643704847000008F074706C707E
:104B0000CA23820F7F4700FF839761A0296C307909
:104B1000130E6410483401100736437048470000F4
:104B200007F095706C70CA23820F7F4700FF84974F
:104B300062A0296C3079150E6410483401100736D4
:104B400041704847000008F005ECC3417F4700FF73
:104B500002F02C706597057123A068B0A0A2C04038
:104B6000C6C4E078FAC2FC1CC8B6ADC10A23C03185
:104B70000A2180310A2240210A2300217047504433
:104B800038401040CD70041C013442C69D0A3000EC
:104B900040C6990B1020950A1422281000200A8084
:104BA0004C200080AA0121008A25FC204C2700A867
:104BB0009E0125008A25FF26CF0830308A27BC10A9
:104BC0002E70ED7016402088670F651083C301803A
:104BD0004024043C2C70E5480342402415338E8564
:104BE00023200003A140CE700CC03D0E25204024A0
:104BF0000430011583248D85A140624123200003E8
:104C0000424200C30EEB81C28240E2410A24C0044A
:104C10000A096FF40A258004084686E82671CD70DB
:104C2000C671E4F1E571D0F18A25BC2091F083C30F
:104C30004024043B2C7002400342720F6FF483C780
:104C40004A2500100BC03F0D2510402404320117E7
:104C50008314024062414A0EEFFF424202C011E853
:104C600000C381C28240E2410A24C004AE086FF44E
:104C70000A2580048708310010452671CD70A57182
:104C8000E2F1D1453BF02E70AD7063C6164020882E
:104C90003D0D651040240430018023C3C0604242B2
:104CA0008D8023200003624100C30FEB81C282404C
:104CB000E2410A24C00466086FF40A25800408470C
:104CC00086E82671ED70C574A571E2F140240432C6
:104CD0006C7002406241CA0DEFFF424202C30EEB0C
:104CE00081C28240E2410A24C00432086FF40A25DE
:104CF00080041045267103F0F145370D31202F2532
:104D000047042F0D300081C201C0824170B841C0FC
:104D1000024062430A2480040A260006C20B6FF494
:104D20000A27C00601C0AE70001900300CF00B0D50
:104D300011008A25FF262C708240E242460B2FF597
:104D4000001901302C7062403A0B2FF54242A2400C
:104D5000ADC004141B34DAC665066FFA0B80E07828
:104D6000ECC20847018004E8C20DCFF34E70CD704D
:104D700002872088590E45100180C548688D17EBC1
:104D80002E700E7003853020400448802780819269
:104D900034734624811182B921B205F4F60DCFF4A3
:104DA000688D0671E108E4A02674098D0EE82E7066
:104DB0004A20002004858A0AEFFF30204004098D34
:104DC0000671F50824A02674C571D4F1388F0FE957
:104DD0004A25001003873020800405E8620ACFFFCF
:104DE000388FA571F10D64904674CCC61509F0009A
:104DF0000A801B0991002418800F13002C44E07EC8
:104E00002418800F1300F443E07E2418800F130051
:104E10006444E07EF2C3A6C10A20002170455044DC
:104E2000304308462E705470041C013006F2767030
:104E30008A21BC2002F2B6708A0221004C2000A216
:104E4000820205000A868A21FC200A8004771471F8
:104E500072022D002C70EB86A2402A0A2FF5024226
:104E6000402405324024063440248733C140624147
:104E70008242A243760FAFF40A2400041470460263
:104E80002200104102C52E704A22002037ED6F0A21
:104E9000112004C06508250584C24024C533402480
:104EA000C6354024073162408241A2432208AFF454
:104EB0000A2400041042A3E80F1481308C21838F50
:104EC00007F401C2C140060A2000A24109F06A0BA2
:104ED000EFF302860FE86A8001C2607BA2414E7048
:104EE00002C02C700242A968A2409A092FF542C55F
:104EF000CEF18A22BC20F6F14E704C870A872A86B2
:104F0000003080004830C0020DA10B870032000045
:104F10004830C002130A31200EA10E1480300B0855
:104F20001501281981007017801042203C8013F26F
:104F300010160310A820C003F023400414274214C5
:104F4000FA120C07267128808A200A0D83B110629C
:104F500004B1188E2E70084319E843862C700D7129
:104F6000204A609082880028C31042243C90001C94
:104F7000C4300AF208100000A820800104100C04BC
:104F8000888465B42471DD09C4820E70028620888D
:104F90007B086520E9450180F0200D04488508EA7A
:104FA00080C1607AA1400014033119F0088D6C7043
:104FB000001C443442203C8011F243854A23000007
:104FC000A820400304120004088022880D099F01D4
:104FD0000590057B001CC430E078098D084015E879
:104FE00084852C70204C428842223C8014000100B1
:104FF00008100B00A820800104130014088065B07D
:105000002471E50904820671C2F1C140B20B20008F
:1050100080254E10208D1041D60DEFFFC140018D2F
:1050200004E8DA082000C1408027CE10008F9108E4
:1050300030000E704A270010198E850F0510048667
:1050400030200D040C9500418021BE0A1B0974011B
:1050500015DA004180213D00230975028A224500AE
:105060000B0A4F000BF0EF0A4E808A20840040C0EC
:1050700080C1BA0FAFF4A1400C952108D5041D0ED4
:105080000E7005004051C34020BC12AC40C080C12E
:105090009A0FAFF4A1400C954220000E1B08750139
:1050A00015D917092E0080C1C3401CC10AE840C0B1
:1050B0007A0FAFF4A1400674E571C0F15670CA21B1
:1050C00082242240D2C7E078F1C01A0B6FFA0B801D
:1050D00014708A207C00D1C0E07FCA202100E078D3
:1050E000F1C0060B6FFA0B8014708A207C00D1C0CF
:1050F000E07FCA202100E078E6C218108400EB802F
:10510000AC706C704B0B25016D7023808D70654900
:105110001427C1105211090148110E0102158810FF
:105120002B0C051222853021C1022881439105EA0A
:1051300008194402C3B1C3420000FFFF090E8110E9
:1051400044B143B165748571ECF16471DCF1228086
:105150000A26403000119F000C25C0875E02260001
:10516000EC7004160030F0204C01088C004610E86A
:1051700023840A248071EC70A820800204110004AA
:105180000880028824B8C0B800270700A98CCD7019
:105190006D706C704A200000310B65030D71248422
:1051A0006149428942223C800EF222810A2200009B
:1051B000A820800204110004088005901072C52305
:1051C000021000426471EAF14E870D872F872F236A
:1051D000C80200288B100F2302100F224D007D0DF6
:1051E000E1100028091042263C80E6F20C140D1054
:1051F000A820C00CC04D2F21C7014F09B500088061
:105200000A1008014027061D8D7052DB490C25113C
:105210002C710416020458790421028212F22390A0
:105220003172CC22C28209F40CE924900AE9716738
:1052300024B023B006F006E9249004E9716724B095
:1052400064728571E4F1239006E9249004E9521711
:10525000011124B0C571B0F000284810052040129B
:105260006308E10042263C80A6F2A384A820800ABD
:105270002F20C7014B08B5004027081DC04D8D7079
:1052800052DA08800A100B01370C25112C7104101A
:10529000031478790421C38210F2170B6102239062
:1052A0000CE924900AE9516724B023B006F006E91E
:1052B000249004E9516724B044728571E6F1C57108
:1052C0007AF05F0AE10042263C8076F20C140D1061
:1052D000A82080092F20C7014308B5004027091DD9
:1052E000C04D8D7052DA28800A1103012F0C251150
:1052F0000C7104110814002800020420C0800CF274
:105300001508C102039108E8049106E8506722B825
:1053100004B103B144728571EAF1C5714CF0052006
:10532000C0126708E10042263C8046F2C384AD709B
:10533000A820800A2F20C7014B08B5004027091D6F
:10534000A04E52DA8D7008800A100B01370C25111F
:105350002C710411031478790421C38210F2150B07
:10536000210223900CE924900AE9516724B008F047
:1053700006E9249004E9516724B023B04472857192
:10538000E6F1A57118F0310E10002D08E1100A2485
:1053900080712384A8200004041100040880459033
:1053A000130B8100439007EA449005EA5617021157
:1053B00044B0E078A505EFFFA471C6C6EEC2181090
:1053C00086002C1007000847CD704C704A20002042
:1053D000490AA5010D7003876D70444814278000A9
:1053E00048100301021489102D0B4512028430204D
:1053F0000002088023900D09C5004A20C02363B035
:10540000C3410000FFFF0B0B410024B023B0057423
:105410006571ECF14471DEF10A23802F0000FFFF7B
:1054200002872088B70E651062420180C548088D4A
:1054300012E84E702E70624203853020800408808E
:105440002390320DAFF35078288D26710042ED097C
:1054500064A04674096A10784D08850F0000EFFFBC
:10546000091586104A230000430BA5010D70048521
:105470006D70644802148910290B45120284302093
:105480000002088023900BE91309850024904A202C
:10549000C0230B09A50043B044B005746571EEF15B
:1054A0006471E4F10B0AE0044C70C571BAF1298D06
:1054B000FB0A458004854048628842233C800DF207
:1054C00008100000A8204002041003046883081B91
:1054D000C50F061BC50F4471ECF10240CEC6E07843
:1054E00008808421410E852102010A180500001858
:1054F000C50FE07F21B0E07808800018C50F21902B
:105500006C21810082B9E07F21B0E078E4C028807E
:1055100031118B000B810F08E502047161910BA121
:105520000BF04A816191016A81BB61B10B08E40211
:105530000AA12819010030118D008981A2BB61B137
:1055400010ED1A2442130C708381C581034C047141
:10555000557E4471F508648360A631118B00898102
:10556000048166814080957B40A309814B816D81D8
:1055700004717170CA2026000B0BA50009A14F7899
:105580000DA10C71C4C4E078E2C227093E000845B1
:10559000020EAFF3008501850BE8248809E9C341B9
:1055A000FFFF8888320D8FF3018504180300C2C6FF
:1055B000ECC2CB45F000340093DA2C7094D857AD90
:1055C000001E4270A000B44117ADA25A34E8A35A9D
:1055D00095D8560EEFF717AD96D817AD3458104240
:1055E0003E5810412E5810402F5808470241224281
:1055F00000434240A45A084603E8C14067589BD97B
:105600009CD837AD020EEFF717AD9DD8160B6FFF84
:1056100017AD9ED8920B6FFF17AD9FD83E0B6FFF53
:1056200017ADA0D8D4AD17AD424002412242E143AC
:10563000B15A06F0148D84E820D814ADA2D80A0E11
:10564000EFF717ADA3D817AD4058E078C340A000DE
:10565000A07E0118430000168170F0000601E07F73
:1056600020A8E078C341A000A07E618915EB2089C5
:1056700053218201002080800E0024008C200280B3
:1056800084F67FD802F00C70842102002578001E79
:105690000270F0000601E07F79230000E07EE078F0
:1056A000EAC3A7C1684704100800A2808380608015
:1056B00040473040084654710035011200340B1247
:1056C0000033420300300612003549130033000353
:1056D0000033C400013041000232C00202318B119C
:1056E000013149000130020002330111003400137E
:1056F000041C40320130410040C242C151F2230F2C
:10570000300183C1190FB100446F4027031280C1DB
:1057100040270513C1403E0B2FFDE144CAC7960D3B
:105720002FF0C140438622868186008605C603C3CA
:105730000031820000300003023381037FDD02303C
:1057400080000131410017BD0130000002354110D9
:105750006A0A6FEF024201C2084600A700328100C8
:105760005222C0070235411002422F3140004E0A3A
:105770006FEF0131410304C203C10130030000C4D3
:10578000023180000242013001005224C01702356C
:1057900041102A0A6FEF61A7C3A702A7CAC7013346
:1057A000C200013400130032420300300002023014
:1057B00080000A0A6FEF024210412186008642866D
:1057C000638601300C00003289000031480001334B
:1057D000CB000030060000344C1002304112003380
:1057E000C000003382100130410002320003023158
:1057F0008101CA096FEF02422C7004304080C7F665
:1058000002360D70C940DB0F03F05220CD07C340B4
:1058100049C0DB0F043100A046F702365074C9C0FE
:10582000DB0F04F05221D027043000A045F70130EF
:10583000902FC940DB0FA0A7038660864286013007
:10584000010001860031C1000130000000308000FD
:1058500062096FEF013040005220C007A3A7081F64
:10586000001401A7CAC7E078E2C30845018084207C
:10587000030C15083104A1C10E8D001504101D780C
:105880009D5AC2C7FFD840C0C3441300BC13402474
:105890000530A140AA5AA140175800C0C2C7E078FD
:1058A000EAC208464830000048473040C341130070
:1058B000783E60420A21002168458358147712F22D
:1058C0009F250213C341A000CC49B96100258D1F5B
:1058D000A000254AE5A110190004CAA100ADCAC65E
:1058E000F02640731300A078090910208D58CAC60D
:1058F0008B58CAC6004114700C70E07CAB1180005C
:1059000014700C71E07DAC1181003470E07DE07F9B
:105910000C70E078ECC3A1C1345810403E580847E1
:105920002E5808462F58084510D88D588A21822CA9
:10593000FFD90C7010B980C2520A2FF76C7700C0E3
:1059400078E84A220024001E4274F0004B0003F065
:1059500000C0112080843CF22F2087041D08100411
:105960004B08B00491E034F40240C141E142A1434C
:10597000995A4C20C0882CF400160070A0007C7E40
:105980002C704C77560BEFF66C7078E80240C141F2
:10599000E142A143985A00160070A0007C7E2C7052
:1059A0004C70960CEFF66C7012F02F27FF006F23EF
:1059B0003F00C340A00074492680478018180100AA
:1059C0001C1801002F26FF00FFD8455846714C22B5
:1059D000C0A48007CEFFAEF1E2C22C7030DAA60E72
:1059E000AFF408457FD817B8341D01100CA5C2C606
:1059F000C341A0004C7EE07F00A9E078F1C02C718B
:105A000000290000B35AD1C0E07EE078F1C02C71CB
:105A100000290000B45AD1C0E07EE078F1C02C71BA
:105A2000002900008E58D1C0E07EE0782F27FF00CB
:105A30006F233F00C342A000846E2082257800A21D
:105A40002F26FF00C340F000400100180102E07E55
:105A5000E4C3A1C108452F277F006F233F00AA2080
:105A60009002AB20D002CB46A000846EAA20880111
:105A70000F7814730CF70086A57800A62F267F00F8
:105A8000C340F000400100180102C4C72F267F0068
:105A9000EE0FCFF63D0870002F214883001C013027
:105AA00005F2C340A0009C7E09F00425819FFF0001
:105AB000000011F2C340A000807E00804C716C7029
:105AC0000A0FEFF64024043000C004E8820F0FF8FC
:105AD000C4C70425819F000F000004F20286F0E88D
:105AE0006C25C196F2F30186EAE8F0F1E2C2920F6A
:105AF000EFF608452D0870002F21488305F2C340BA
:105B0000A0009C7E09F00425819FFF0000000BF29D
:105B1000C340A000807E00804C712E0EEFF66C70AA
:105B2000C2C60425819F000F0000C342A000846EFE
:105B300003F20282F2E86C25C196F4F30182EEE8EA
:105B4000F0F1E078F1C062B83908F500A1C10F7832
:105B5000F0260070A000D8D107E92C714C73EA0D33
:105B6000EFF66C700EF02C714C736C7040240430A6
:105B70005A0EEFF6001C013000C004E8D20E0FF8F8
:105B80008774D1C0E07EE078F1C09F20020300203E
:105B9000810FA000254A008905E80D780019C30F80
:105BA0008558D1C0E07EE078E4C208461258084526
:105BB000A4160011B570CA256110B1700C700AF2FC
:105BC000568605EAB078607AC1410C71A41E441370
:105BD000C4C6E078EAC28CDB0A7B0845C340A0005B
:105BE000244A1F63008F2846504035E9B2E8C3407D
:105BF000A0006441218FB6784180E0808C21C38F62
:105C0000CB44A000CC4906F278640A80450E05100A
:105C1000166E412E8B16002711900122CF828C2107
:105C2000C38F10F27864258044803B2740103D21CB
:105C300082203077CA2081008CE8520FEFFFA1400C
:105C4000C1402241E142A1435A0CEFFF0A24000463
:105C5000CAC692E8360FEFFFA140A1409F20020381
:105C6000C342A000CC492C705860001F431025A0EF
:105C700024A02AA0F02640731300A0780908102061
:105C80008D58CAC68B58CAC6E2C25988C1BA547266
:105C900017F22F277F036F233F005080043240808C
:105CA0000DF24C7004318080C5F730A00E1843000F
:105CB00003F01318430010D88D582F267F03C2C657
:105CC000E2C25988C1BA547211F22F277F036F23A1
:105CD0003F004C100201130A40004C1844000F18FA
:105CE000430010D88D582F267F03C2C6E6C3A4C137
:105CF000084519882846C1B8147227F24024C133D8
:105D000083C2402483324024043040240531A14022
:105D1000395800C1C1404C7004318083CA2045000D
:105D200004318080CA2609102F27FF036F233F000C
:105D300010850430808307F210D8D0A50E1D4310C3
:105D40008D582F26FF03C6C7CB44130028918084AB
:105D50009570E0200203E07ECB4413002491808400
:105D60009570E07C007CE078E8C2DE0E0FF8CB4551
:105D70001300F0902A851040DA0E2FF809694D08BB
:105D8000740208460885CE0E2FF80477A6096FED39
:105D90000847390F7512216F5526831F2F79402030
:105DA000C2206F7E082040004F7AD960250A640027
:105DB0002C710F78A2096FEDC141560A6FEDC140F9
:105DC0003A0920010085C8C62FD8CE0D2FEC2C71C2
:105DD000C60D2FEC2DD8E078C3401300EC901902CB
:105DE0002FF50080EAC2CB451300F4900085218591
:105DF000E485C585027926B91E21810FAAAAABAA1E
:105E0000081511100C151010660A2FF52F79028550
:105E1000F24E0220412427B927BA2F79B20A2FF572
:105E20004F7ACAC6E4C2CB4513000C910E0F2FED7A
:105E3000C0856385428500416477C140A55AC4C6C8
:105E4000F1C05AD8AB20080E975AD1C0E07EE07856
:105E5000E2C208450090D37000002B661CD817F4EE
:105E60005E8578D9520A2FEAA14014701DD80FF22E
:105E70004A2400710C704C70A82040024F791525FF
:105E800041104B11010604E94471C2C61ED8C2C6B6
:105E9000E4C3A1C10F7D110DB5110C73482580100D
:105EA0008020830FD368C340A000744984261F1E3E
:105EB0001E662C770C7080C2D20CEFF6204300C017
:105EC00079E89E7841862086041E0110001E01108C
:105ED000BE78A1404558EFF1E2C308450180842017
:105EE000030C15083104A1C10E8D001504101D7896
:105EF000A15AC2C7FFD840C0C3441300BC134024FA
:105F00000530A140B55AA140175800C0C2C70000D3
:105F10000000000000000000000000000000000081
:105F20000000000000000000000000000000000071
:105F30000000000000000000000000000000000061
:105F40000000000000000000200000000100000030
:105F5000020000001F000000BD3786350000000071
:105F6000000000000000000000000000BD37863582
:105F70000000000000000000000000000000000021
:105F8000BD37863500000000000000000000000062
:105F9000000000000000000017B7D138000000002A
:105FA00000000000000000000000000017B7D1381A
:105FB00000000000000000000000000000000000E1
:105FC00017B7D138000000000000000000000000FA
:105FD0000000000000000000AA413200ACC5A73656
:105FE000ACC5A736ACC5A73600000000ACC5273746
:105FF000ACC52737ACC5273700000000D302B7383F
:10600000A9689237A9681237020000002900000031
:106010002C00000001000000020000002900000028
:106020002C000000D302B738A9689237A96812374C
:10603000DB0F4940F366DF3EC2B8B23D020000000C
:10604000290000002C0000002D00000001000000CD
:1060500002000000290000002C0000002D000000BC
:1060600035FA0E3C88C3E43A88C3643A0100000064
:106070000200000003000000F3665F3FF366DF3EAE
:106080005077563E21000000010000000200000091
:106090001F000000060606040404000001000000C2
:1060A00001000000010000000000803F9A99193EA5
:1060B0009A99993D0AD7A33C0AD7A33C0AD7A33C97
:1060C000BD378635BD378635BD3786350024F44962
:1060D0000024F4490024F4490000000000000000FE
:1060E00000000000000800000000000000000000A8
:1060F0002200000001000000020000001F0000005C
:106100000008000000000000000000000AD7233D46
:106110006F12833B6F12033A17B7D138ACC52738DB
:1061200095BFD63295BFD63295BFD632ACC527358E
:106130000000803E000000000000000000000000A1
:10614000000000000000803E000000000000000091
:1061500000000000000000000000803E0000000081
:10616000000000000000000000000000000080406F
:106170000001000100000000020000001F000000FC
:1061800023000000220000000100000002000000C7
:106190001F000000500000005200000054000000EA
:1061A0000A000000B60000001C000000B80000005B
:1061B0002E000000BA0000005C0000005E0000003D
:1061C00060000000620000008600000088000000FF
:1061D00064000000BC0000006600000068000000D1
:1061E0006A0000006C0000006E00000070000000FB
:1061F0007E000000800000007600000078000000B3
:106200007A0000007C0000007200000074000000B2
:106210009600000098000000E4000000E600000086
:10622000F6000000F80000009A0000009C0000004A
:106230008A0000008C0000008E0000009E0000001C
:106240008200000084000000A0000000A200000006
:10625000A4000000A600000017B751396F12033BDD
:106260005305A33CB6F33D3E6B0005000000000063
:10627000687713007CD211007876A00077000400C4
:1062800001000000D8761300A44513003C7DA00057
:106290007900040001000000E8761300A445130013
:1062A000647DA0006900040000000000F87613007F
:1062B0007CD211000C75A0007500040001000000E4
:1062C00008771300A44513008C7DA000BD020400D4
:1062D00000000000187713007CD211002875A00080
:1062E000C102040000000000387713007CD21100C6
:1062F0004475A000C30204000000000048771300AA
:106300007CD211006075A00015000000906EA00006
:1063100004010000287713002C751300C06EA00044
:106320004822130000000000000000004C6611002D
:106330003466110004661100406611001C661100ED
:106340001066110028661100F86FA000B094A0003C
:1063500018000000906EA0000401000058771300A0
:1063600034751300C06EA000E0231300000000008D
:1063700000000000EC241300DC241300AC24130004
:10638000E4241300C4241300BC241300D4241300F9
:106390000870A0001098A0002A000000906EA000D5
:1063A00004030000AC6613000C761300C06EA0005E
:1063B000E8251300C82713006027130034291300B1
:1063C000B827130038271300C027130050271300E5
:1063D00048271300B02713001070A0000C90A000F5
:1063E0000100030000000000F47513007CD21100CE
:1063F0006474A00003000300000000000076130096
:106400007CD21100B874A000230303000000000038
:10641000187613007CD211007C75A00025030300C0
:1064200000000000247613007CD211009875A000B3
:106430002903030000000000307613007CD2110015
:10644000B475A0000500030000000000547613009E
:106450007CD211002476A0007B0003000100000024
:106460006C761300A4451300B47DA0006D000300FA
:1064700000000000847613007CD21100B076A000EA
:106480007D000300010000009C761300A44513006A
:10649000DC7DA0008100030001000000C076130035
:1064A000A4451300047EA0000C000000906EA00024
:1064B000030100003C7613003C751300C06EA00081
:1064C0003C2913000000000000000000A42A130073
:1064D000942A1300642A13009C2A13007C2A1300B8
:1064E000742A13008C2A13001470A000B893A00023
:1064F00006000000906EA0000303000078761300F1
:1065000060761300C06EA000A82D1300A02E13000B
:10651000842E1300A42E1300902E13005C2E130063
:10652000982E1300742E13006C2E1300882E130067
:106530003C70A0008490A00007000000906EA000B6
:1065400003030000A876130090761300C06EA0002D
:10655000AC2E1300AC2F1300902F1300B02F13009C
:106560009C2F1300682F1300A42F1300802F1300FB
:10657000782F1300942F13004870A000D090A00033
:1065800009000000906EA00003030000CC76130009
:10659000B4761300C06EA000B82F1300A83013000B
:1065A0008C301300AC3013009830130064301300AB
:1065B000A03013007C3013007430130090301300AF
:1065C0005470A0001C91A000CB000200000000004D
:1065D000647513007CD211004874A0002D010200E4
:1065E000000000006C7513007CD211008074A000C4
:1065F0006500020000000000847513007CD21100C9
:10660000D474A0006700020000000000947513001D
:106610007CD21100F074A00089000200000000008C
:10662000CC7513007CD211009476A0008700020084
:1066300000000000D47513007CD21100CC76A000BD
:106640007100020000000000DC7513007CD2110014
:10665000E876A0008500020000000000E475130049
:106660007CD211000477A00017000000906EA000FB
:1066700002010000AC75130030751300C06EA0005D
:106680001C2313000000000000000000D8231300AA
:10669000C823130098231300D0231300B023130042
:1066A000A8231300C02313000070A0006492A00070
:1066B0000D000000906EA00002020000BC751300E7
:1066C000B4751300C06EA0001C2B13000000000066
:1066D00000000000542C1300442C1300142C130051
:1066E0004C2C13002C2C1300242C13003C2C1300D6
:1066F0002070A000A89AA0000E000000906EA000DC
:1067000002010000C475130048751300C06EA0009C
:106710005C2C13000000000000000000742D13002A
:10672000642D1300342D13006C2D13004C2D130019
:10673000442D13005C2D13002470A000949DA00034
:1067400029000000906EA00002010000EC7513000B
:1067500060751300C06EA000FC7711004431130077
:106760004031130078791100EC7811009478110011
:10677000F8781100AC781100A0781100E0781100D1
:106780006870A0002490A000E86C1300546D130002
:10679000306D13000C6D1300C900010000000000F3
:1067A000187513007CD211009C74A000D300010066
:1067B00000000000387513007CD21100D075A000D5
:1067C000DF00010000000000407513007CD21100C2
:1067D000EC75A000E7000100000000004475130004
:1067E0007CD211000876A0003101010000000000F9
:1067F0004C7513007CD211004076A000DD00010032
:1068000000000000587513007CD211005C76A000D7
:1068100027030100000000005C7513007CD211000A
:106820002077A000A873130014651300B8EC1100C2
:10683000C4EC1100A0EC1100B4EC1100CC0000007D
:1068400005000000C871A000000000007C63130078
:10685000B8EC1100C4EC11000000000000000000C2
:1068600008000000060000003C77A00060731300E1
:106870008C611300B8EC1100C4EC1100A0EC110005
:10688000B4EC1100E800000005000000DC71A0007D
:10689000000000003C651300B8EC1100C4EC1100CE
:1068A00000000000000000000A00000006000000D8
:1068B0005C77A0000000000004631300B8EC110036
:1068C000C4EC110000000000000000000200000005
:1068D000060000007C77A00000000000A06113000B
:1068E000B8EC1100C4EC1100000000000000000032
:1068F00006000000060000009C77A00000000000D9
:10690000A4631300B8EC1100C4EC110000000000F7
:10691000000000001A00000006000000BC77A00084
:106920000000000050651300B8EC1100C4EC110029
:1069300000000000000000001C0000000600000035
:10694000DC77A0000000000018631300B8EC110011
:10695000C4EC110000000000000000001400000062
:1069600006000000FC77A00000000000B4611300E6
:10697000B8EC1100C4EC11000000000000000000A1
:1069800018000000060000001C78A000F07313003F
:1069900004631300B8EC1100C4EC1100A0EC11006A
:1069A000B4EC1100AC00000005000000F071A00084
:1069B0003874130018631300B8EC1100C4EC110014
:1069C000A0EC1100B4EC1100AE00000005000000C6
:1069D0000472A0008074130068631300B8EC110007
:1069E000C4EC1100A0EC1100B4EC1100B0000000E8
:1069F000050000001872A000000000007C63130076
:106A0000B8EC1100C4EC1100000000000000000010
:106A100010000000060000003C78A000000000000C
:106A200004631300B8EC1100C4EC11000000000076
:106A30000000000004000000060000005C78A000D8
:106A400000000000A0611300B8EC1100C4EC1100BC
:106A5000000000000000000012000000060000001E
:106A60007C78A00000000000A4631300B8EC1100C3
:106A7000C4EC110000000000000000002200000033
:106A8000060000009C78A0000000000018631300BE
:106A9000B8EC1100C4EC1100000000000000000080
:106AA0001600000006000000BC78A00000000000F6
:106AB000B4611300B8EC1100C4EC11000000000038
:106AC000000000002400000006000000DC78A000A8
:106AD0000000000004621300B8EC1100C4EC1100C7
:106AE00000000000000000004E0000000600000052
:106AF000FC78A00000000000F0611300B8EC110069
:106B0000C4EC110000000000000000005400000070
:106B1000060000001C79A000000000002C63130098
:106B2000B8EC1100C4EC11000000000000000000EF
:106B30003C000000060000003C79A00000000000BE
:106B400040631300B8EC1100C4EC11000000000019
:106B50000000000042000000060000005C79A00078
:106B600000000000B8631300B8EC1100C4EC110081
:106B700000000000000000003400000006000000DB
:106B80007C79A0000000000068631300B8EC1100DD
:106B9000C4EC11000000000000000000280000000C
:106BA000060000009C79A00000000000DC611300DA
:106BB000B8EC1100C4EC110000000000000000005F
:106BC0003600000006000000BC79A00000000000B4
:106BD00054631300B8EC1100C4EC11000000000075
:106BE000000000005A00000006000000DC79A00050
:106BF0000000000018621300B8EC1100C4EC110092
:106C00000000000000000000480000000600000036
:106C1000FC79A0002C6213008C611300B8EC110009
:106C2000C4EC1100A0EC1100B4EC1100EE00000067
:106C3000050000002C72A0002C621300EC6413000D
:106C4000B8EC1100C4EC1100A0EC1100B4EC110080
:106C5000BC01000005000000D46EA0002C621300EF
:106C6000E4661300B8EC1100C4EC1100A0EC1100B4
:106C7000B4EC1100C201000005000000E86EA000A5
:106C80002C62130064651300B8EC1100C4EC110011
:106C9000A0EC1100B4EC110034010000050000006C
:106CA0004072A0008C6513008C611300B8EC1100D9
:106CB000C4EC1100A0EC1100B4EC1100F0000000D5
:106CC000050000005472A0008C651300906313004F
:106CD000B8EC1100C4EC1100A0EC1100B4EC1100F0
:106CE0001A010000050000006872A0007462130021
:106CF0008C611300B8EC1100C4EC1100A0EC110081
:106D0000B4EC1100F2000000050000007C72A0004D
:106D10007462130000651300B8EC1100C4EC11009C
:106D2000A0EC1100B4EC11009A0100000500000075
:106D3000FC6EA0007462130090631300B8EC1100A5
:106D4000C4EC1100A0EC1100B4EC11001C01000017
:106D5000050000009072A0007462130064651300C7
:106D6000B8EC1100C4EC1100A0EC1100B4EC11005F
:106D70003201000005000000A472A0000000000025
:106D800004621300B8EC1100C4EC11000000000014
:106D9000000000004A000000060000001C7AA0006D
:106DA00000000000F0611300B8EC1100C4EC110009
:106DB000000000000000000050000000060000007D
:106DC0003C7AA000BC6213008C611300B8EC110087
:106DD000C4EC1100A0EC1100B4EC1100F4000000B0
:106DE00005000000106FA000BC621300F0611300EA
:106DF000B8EC1100C4EC1100A0EC1100B4EC1100CF
:106E00005401000005000000B872A000BC6213002D
:106E100004621300B8EC1100C4EC1100A0EC1100E6
:106E2000B4EC11005A01000005000000CC72A00073
:106E3000BC62130018621300B8EC1100C4EC11001E
:106E4000A0EC1100B4EC1100580100000500000096
:106E5000E072A000CC63130000651300B8EC1100D1
:106E6000C4EC1100A0EC1100B4EC1100960100007C
:106E700005000000F472A000CC6313000C6713003F
:106E8000B8EC1100C4EC1100A0EC1100B4EC11003E
:106E9000B0010000050000000873A000CC631300DF
:106EA00028651300B8EC1100C4EC1100A0EC11002F
:106EB000B4EC1100D0000000050000001C73A0001D
:106EC000D4651300EC641300B8EC1100C4EC11009D
:106ED000A0EC1100B4EC1100BA01000005000000A4
:106EE0003073A0001C66130090631300B8EC11000F
:106EF000C4EC1100A0EC1100B4EC11001E01000064
:106F0000050000004473A000D4651300C86113009D
:106F1000B8EC1100C4EC1100A0EC1100B4EC1100AD
:106F2000D6000000050000005873A0001C66130086
:106F3000C8611300B8EC1100C4EC1100A0EC110002
:106F4000B4EC1100D8000000050000006C73A00034
:106F50000000000078651300B8EC1100C4EC1100CB
:106F600000000000000000002E00000006000000ED
:106F70005C7AA00000000000B8631300B8EC1100B8
:106F8000C4EC110000000000000000002C00000014
:106F9000060000007C7AA000C8741300C8611300CA
:106FA000B8EC1100C4EC1100A0EC1100B4EC11001D
:106FB000DA000000050000008073A000000000005F
:106FC00068631300B8EC1100C4EC1100000000006D
:106FD0000000000026000000060000009C7AA000CF
:106FE00000000000DC611300B8EC1100C4EC1100DB
:106FF00000000000000000002A0000000600000061
:10700000BC7AA000000000002C631300B8EC110053
:10701000C4EC110000000000000000003800000077
:1070200006000000DC7AA0000000000040631300AE
:10703000B8EC1100C4EC11000000000000000000DA
:107040003E00000006000000FC7AA00000000000E6
:1070500054631300B8EC1100C4EC110000000000F0
:107060000000000056000000060000001C7BA0008D
:107070000000000018621300B8EC1100C4EC11000D
:1070800000000000000000004400000006000000B6
:107090003C7BA00014641300BC661300B8EC110024
:1070A000C4EC1100A0EC1100B4EC11003801000098
:1070B000050000009473A00014641300A061130085
:1070C000B8EC1100C4EC1100A0EC1100B4EC1100FC
:1070D000DC00000005000000A873A0001464130089
:1070E00014651300B8EC1100C4EC1100A0EC110001
:1070F000B4EC1100CA00000005000000BC73A00041
:107100005C641300D0661300B8EC1100C4EC1100ED
:10711000A0EC1100B4EC11003A01000005000000E1
:10712000D073A0005C641300B4611300B8EC1100CC
:10713000C4EC1100A0EC1100B4EC1100DE00000062
:1071400005000000E473A0005C64130028651300D0
:10715000B8EC1100C4EC1100A0EC1100B4EC11006B
:10716000CE00000005000000F873A000A464130026
:1071700034671300B8EC1100C4EC1100A0EC11004E
:10718000B4EC11003E010000050000000C74A000EA
:10719000A4641300DC611300B8EC1100C4EC11000E
:1071A000A0EC1100B4EC1100E200000005000000AA
:1071B0002074A000A4641300C8611300B8EC11008F
:1071C000C4EC1100A0EC1100B4EC1100D4000000DC
:1071D000050000003474A0006466130020671300EB
:1071E000B8EC1100C4EC1100A0EC1100B4EC1100DB
:1071F0004001000005000000246FA0006466130039
:10720000F8661300B8EC1100C4EC1100A0EC1100FA
:10721000B4EC11004201000005000000386FA0002E
:10722000000000007C631300B8EC1100C4EC1100F6
:1072300000000000000000000C000000060000003C
:107240005C7BA000000000003C651300B8EC11005E
:10725000C4EC11000000000000000000B6000000B7
:10726000060000007C7BA00000000000A06113006D
:10727000B8EC1100C4EC1100000000000000000098
:107280000E000000060000009C7BA0000000000033
:10729000A4631300B8EC1100C4EC1100000000005E
:1072A000000000001E00000006000000BC7BA000E3
:1072B0000000000050651300B8EC1100C4EC110090
:1072C0000000000000000000B80000000600000000
:1072D000DC7BA00000000000B4611300B8EC1100DA
:1072E000C4EC1100000000000000000020000000BD
:1072F00006000000FC7BA0000000000004621300F8
:10730000B8EC1100C4EC1100000000000000000007
:107310004C000000060000001C7CA00000000000E3
:10732000F0611300B8EC1100C4EC11000000000083
:107330000000000052000000060000003C7CA0009D
:10734000000000002C631300B8EC1100C4EC110025
:1073500000000000000000003A00000006000000ED
:107360005C7CA0000000000040631300B8EC11003A
:10737000C4EC11000000000000000000400000000C
:10738000060000007C7CA00000000000786513006F
:10739000B8EC1100C4EC1100000000000000000077
:1073A000BA000000060000009C7CA0000000000065
:1073B000B8631300B8EC1100C4EC11000000000029
:1073C000000000003000000006000000BC7CA000AF
:1073D00000000000DC611300B8EC1100C4EC1100E7
:1073E0000000000000000000320000000600000065
:1073F000DC7CA0000000000054631300B8EC110016
:10740000C4EC110000000000000000005800000063
:1074100006000000FC7CA0000000000018621300C1
:10742000B8EC1100C4EC11000000000000000000E6
:1074300046000000060000001C7DA00010000000B7
:10744000906EA00001010000147513001075130068
:10745000C06EA0008061110000000000000000006C
:10746000FC611100E4611100B4611100F0611100D0
:10747000CC611100C0611100D8611100B46FA0008F
:107480004093A0000B000000906EA00001020000DD
:107490001C75130074751300C06EA000F81713005C
:1074A0000000000000000000C4181300B41813000E
:1074B00084181300BC1813009C18130094181300B0
:1074C000AC181300C46FA000E095A00001000000FC
:1074D000906EA00001020000207513008C7513004F
:1074E000C06EA000BC63110000000000000000009E
:1074F000446411002C641100FC6311003864110015
:10750000146411000864110020641100CC6FA00005
:107510006891A00002000000906EA000010200002F
:10752000247513009C751300C06EA00050641100F8
:107530000000000000000000D8641100C0641100C9
:1075400090641100CC641100A86411009C641100C7
:10755000B4641100DC6FA000BC91A0000300000027
:10756000906EA0000102000028751300A47513009E
:10757000C06EA000E46411000000000000000000E4
:107580006C651100546511002465110060651100DF
:107590003C6511003065110048651100EC6FA000DA
:1075A0001092A00012000000906EA00001010000E7
:1075B0005475130050751300C06EA0006470110064
:1075C0000000000000000000E0701100C870110011
:1075D00098701100D4701100B0701100A4701100E7
:1075E000BC7011002C70A000D092A00000651300A8
:1075F00090671300B86F130048671300B06813005A
:10760000D4681300F8681300F061130004621300DB
:107610001862130024701300D0661300806B1300EF
:1076200020711300F86613009C6D13000C671300A3
:10763000BC6E1300FC7013009070130034671300CD
:10764000E46D13005C6B1300786D1300346C130051
:10765000BC661300EC641300110000007C7713007B
:10766000486713000070130014651300A061130035
:10767000C06D13006C70130028651300B461130013
:10768000C8611300DC611300EC6B1300C86B1300BE
:1076900020671300E46613002C6E1300E46D1300E2
:1076A000506E1300086E1300B46713006871130066
:1076B00044681300D4711300A46B13007C6C130096
:1076C000746E1300AC721300FC7013002071130071
:1076D000B0681300D867130040691300D468130022
:1076E00068681300AC6913002C6313004063130037
:1076F00054631300286F1300647213003C6A130074
:107700004C6F130088721300606A1300706F1300CF
:1077100018731300F06A1300C06D1300786D130026
:107720009C6D130004631300686313001863130057
:10773000F8681300E06E1300A86A13008C61130050
:107740007C6313003C6513006C67130044711300E5
:107750001C69130000701300DC6F1300B86F130076
:10776000086E1300EC6B1300586C13009063130049
:10777000A46313005065130020681300B071130058
:10778000886913006C701300487013002470130094
:1077900064651300B863130078651300986E1300D6
:1077A000D0721300846A1300D8701300B4701300F1
:1077B00090701300DC6F1300FC6713008C711300D2
:1077C00064691300487013008C681300F87113008B
:1077D000D0691300BC6E13002C6E1300506E1300A2
:1077E000D8701300B4701300046F1300F472130008
:1077F000CC6A13000C6D1300C46C130040721300AC
:10780000186A1300386B1300A46B13005C6B130031
:10781000806B1300306D1300A06C13001C721300FA
:10782000F4691300546D1300946F13003C7313003C
:10783000146B1300586C1300106C13007C6C130055
:10784000346C130090671300386B1300C86B13007F
:10785000106C1300E86C1300F073130080741300B5
:1078600038741300C8741300A8731300D465130090
:107870001464130060731300CC6313005C64130082
:107880001C66130064661300A46413002C621300CA
:107890008C65130074621300BC621300D867130078
:1078A00040691300FC6713008C71130064691300B6
:1078B000E06E1300A86A1300046F1300F472130043
:1078C000CC6A130068681300AC6913008C6813005D
:1078D000F8711300D06913006C6713004471130032
:1078E0001C69130020681300B0711300886913002D
:1078F000B467130068711300986E1300D072130000
:10790000846A1300746E1300AC7213004468130091
:10791000D4711300C46C130040721300186A130072
:10792000A06C13001C721300F4691300946F130011
:107930003C731300146B1300286F13006472130060
:107940003C6A13004C6F130088721300606A1300C6
:10795000706F130018731300F06A13000400000026
:1079600001000243616C6962425358004E566972CD
:10797000740053656E736F72000000000300000016
:1079800004000000050000000600000007000000E1
:107990000800000010671700486F737400A91AA14F
:1079A000AB551748656C6C6F20776F726C64210063
:1079B000506172616D202575206C656E20257520E3
:1079C00074696D6520256C6C752E20200025642E51
:1079D0002054657374696E67207072696E746620D6
:1079E000627566666572696E6720746573742025BA
:1079F000752E20200054686520717569636B2062C4
:107A0000726F776E20666F78206A756D706564207E
:107A10006F76657220746865206C617A7920646F76
:107A2000672E202054686973206973206120746573
:107A300073742C2074686973206973206F6E6C797D
:107A4000206120746573742E20204520706C75723F
:107A50006962757320756E756D2E2020436F67699E
:107A6000746F206572676F2073756D2E20205669C4
:107A70006E692C20766964692C20766963692E0012
:107A800049646C65000000006578706600000000C5
:107A90000000003F000000BF8071313F807131BFA6
:107AA000D1F71737D1F717B76C6F67660000000082
:107AB000000000000000000042CE0200EB3CEBAEF4
:107AC0001FA4E4A1AF7B987F6BC88E6D7B9DC1988E
:107AD0000232968948A410CD17CEB83C4D124F2BD8
:107AE0003211C03A421529EA0000000000000000EF
:107AF0000000000000000000000000000000000086
:107B00000000000000000000000000000000000075
:107B10000000000000000000000000000000000065
:107B20000000000000000000000000000000000055
:107B30000000000000000000000000000000000045
:107B400000000000D4791300D87913000000000071
:107B50000000000000000000000000000000000025
:107B60000000000000000000000000000000000015
:107B700000000000D8791300DC7913000000000039
:107B800000000000000000000000000000000000F5
:107B900000000000C340120000406B2040090A2290
:107BA000808F1000842BE22082000A22808F130035
:107BB000187BE220820056080000DB44A000205C15
:107BC000AB240939DB44A000206CAB244939C6083A
:107BD0000FFE6A2080028EB829200080DB42A000C0
:107BE0001C5C6F702220800F1300B87DDD018FE5D3
:107BF0009C841300C3401200804BD3701200804B52
:107C0000E07CAB208A04E07EFAC3AEC1CB46F00034
:107C100034000C7014AE16AE15AE00160D70A00038
:107C2000D85E0AD84C7440258F127E0C2FEBE141B0
:107C3000088D278D08B8257810B835B88C208F832B
:107C4000CC20828F0000EA05CC20828F0000D5076F
:107C5000CC20828F0000DD0707F2018E6C204001EE
:107C60004520C00001AE6615801006E8001E0270B7
:107C7000F0000601660DEFFE80C00017C010147002
:107C8000C2012B005425C01CE60B2FEB1AD92D8DF9
:107C90003820420030706DC1351C8230D3F470152D
:107CA00083107415811073158C107515821068156A
:107CB000931072158E106715971077159010761522
:107CC000921078158F107B159E10711580107A1503
:107CD0009F107E1589106E1584106F1596107915FA
:107CE00091107D1585107C158710402B0B014029C4
:107CF0001403402C1511402A0D02402B032108BE0D
:107D0000402F172240280C23402A022108BF402E72
:107D10001E3205245425052555106F7D4028080383
:107D200040290912C578857A05270C140526CE3717
:107D30000525CD150520C81205214B110E7F4E7A61
:107D40008E7CCE78AE7D2F26C612422A0B015C6C4B
:107D50009C681C6D483080000030800F75378FC2E2
:107D6000DB41803F000001304006402E16220731E3
:107D70000030402F133340291221402D1103402F92
:107D80000701052484050522C124052743042F2764
:107D90000601C34600B800002F2606322F20061524
:107DA0002F2146152E796E7B422F07015026D807CA
:107DB000422E1E3144BF422808114229091144B9FC
:107DC00044BB44BE48379F00483691304837901036
:107DD0004830881048318F1048339E104832850053
:107DE000483184004834821048338100483692106C
:107DF00000370C3600318721003089210030081609
:107E000000370B1600368F3100358E0100348D019E
:107E100000328301003102060032012642C452249E
:107E2000CC17141CC0310C1C4032041C0032101C36
:107E3000C03248C746C64BC549C347C24AC140C401
:107E40004CC0C340A100FF7F0A0E0FF74108740227
:107E50000845F60D0FF768BD0846DA086FECAF7DF0
:107E6000236EB8602F792B0924002DD8C6084FEC5B
:107E7000E6086FECA1419A096FECA14080C1C340B4
:107E80001300345EBA0BAFE538DADAC72FD80A0D23
:107E90002FEB2C71F1C0CB44F00034002294C3408E
:107EA00000002E1410784F0921001AD8C340A000FA
:107EB000F87FC341A100FC111249C34300004C09E3
:107EC0000D0A720063B4BE09AFF32C70C3401300F7
:107ED00000872A080000C3400000000003E8EE0EFF
:107EE0004FE5001E0170F0004402920E0000D1C068
:107EF000E07EA60C2FEB2C70E8C3A1C1084507E873
:107F0000860C6FE5A14005E8C8C70C70C8C7038D93
:107F10000D08F40040250F12C18512F0E46DCB4628
:107F20001000CC2A0CF0046FE4680AF04E20022006
:107F30002C705209AFF3814040270F1201878087D0
:107F4000147010400EF2F4F6184F80C38142607E28
:107F500002414020C0206C2040001F6708E7F0F17C
:107F6000E3ECC343D0BAAD0BC342AD0BD0BAC341AF
:107F700000000B0A0C7060A741A7021D431320B537
:107F8000C8C7E078E6C20C71A65ACB45A000B47E03
:107F900002A50C71A75A04A50C71C3411200E45547
:107FA000AE5A08460C71C3411200D856AF5A084762
:107FB0000C73A65A03A50C73C3411200BC55AE5AEC
:107FC00000410C7004EE04EF79210000C6C6E07891
:107FD000F1C0C34012005857AC5AC341A000CC7E38
:107FE000D1C0E07F00A1E078E2C242213C80C343DF
:107FF0000000FFFFAD7015F240200C07A8204004E0
:1080000000841B0881002E8C0694C0B98420CF8F79
:10801000257D05F27070CA23050055240C1C83824F
:10802000BB782C8CA1B905792CAC2382CE09EFF159
:108030006040C2C6084442223C804A200000E07CE6
:1080400040210307A820C001C01301043821010307
:108050002578E07EEEC2CB47F0000001138FCB45C0
:10806000F000400280B813AF128F80B812AF118FAA
:10807000A0B811AF018521854420420050210000A5
:10808000457801A500160170A000806EC340A000D5
:10809000206C2E0ECFF6AA2049091A0EEFF6AA215F
:1080A0000909CA0CCFFE820FAFFD0C702E0DCFFE5A
:1080B000360DCFFE720DCFFE7E090FF11040147009
:1080C000D8F24A0DCFFD0390CB46F000340004B641
:1080D0000E108020228522B8A0B9C0B8257802A54C
:1080E00002108120088F0F097F006C20400080B8AB
:1080F00002F081B808AF42092FF1171E83142F1028
:1081000081002E1082004029000245781108800F5E
:108110000000FFFF8C20538FC6F708F0001E43704D
:10812000A0009C428A20930FA95A147092F2C34077
:10813000A000205CC341A000206C420C2FEB171E56
:10814000C314CB45A0004C8028D9C342A0005440A2
:108150005625001C171E43153A0A2FF7171E8315C4
:10816000C340A000EC84C342A0007440260A2FF74D
:1081700028D9C340A0000C88C342A000EC40E2080C
:10818000AFEC20D9C340A0000C8CC342A000084132
:10819000CE08AFEC20D9108F10D980B810AFA14015
:1081A0006A09EFF4171EC315D20820000240AB087D
:1081B0003000AD70345810432E5810423E581041D4
:1081C0002F580044024062414242DA0A2000224312
:1081D000870810002209CFEB0EE80B8E19085F000C
:1081E000345810402E58004230D80241335804E829
:1081F0009608CFEB3E0D00002FE891D8CA09AFF6E4
:1082000017AE148EA9E8820DCFFF8A20080EAADAD5
:108210002C70C168AB22080E2B218003088FC3434A
:10822000FA0280F0C3413101002DC1B8147255DC4F
:10823000CA21C100016EC943AB24081E2B210000D6
:10824000C340A000E0420088AD7109E80C750DF054
:108250002AD8AD7014AEA140CEC6C340A000E14202
:1082600000887BE80C73AB22080E2B20C002F5F1CE
:108270002ED826092FEB2C70E6C2CB45F000340037
:10828000171D03162F884D88CE888C8808B908BA28
:10829000257E857A10BEC343F00040025322C102FE
:1082A000457E3AB32CBE958853264B11D788348827
:1082B000568808BC08BE257C052681104A244076D5
:1082C00010B985792D700D71CD7024A3A8204102BD
:1082D000717645F20F0E14145C883D88FF889E88E5
:1082E00005F058883988FB889A8808B908BF45790D
:1082F0000527021310BA457901294102C1B9347129
:108300003E00210034720FF234731FF42F27BF0098
:108310006F233F0025830F21810325A32F26BF0054
:108320000BF02F27BF006F233F002583102181030F
:1083300025A32F26BF002C71D87926A30FF0002883
:10834000811328A30BF02F27BF006F233F00278343
:108350000F21810327A32F26BF002572C57161401D
:10836000AD5AA70830004A24407111D84A210000B4
:10837000A820C001AB20D0020471AB2188014A249F
:10838000807116DC6C7123DA0C7224D9AB24D01204
:10839000AB238801AB22D002AB208801AB21D002F5
:1083A000AB20880117D82C74A820C001AB20D002C4
:1083B0000471AB2188014A24C0701DDC1EDB4C73A4
:1083C0001FD8AB24D012AB218801AB23D002AB2243
:1083D0008801AB20D00215D8AB218801A820C002AB
:1083E00040200204422001040471AB22D002AB21E0
:1083F000880128DA07D90C71AB22D002AB218801A1
:10840000171D4316C6C6B0D90C7034ADC6C6E07889
:10841000EAC230410E7136E940200F07AD7045DEEB
:1084200001871D089204290890042F0850083B0872
:108430009108001F801FA00008411CF012E82B08C3
:108440005104001F801FA000544014F0001F801F23
:10845000A00074400EF0001F801FA000EC400AF046
:10846000001F011006F00E70001E8273F00049001C
:10847000FA0FEFF6E140A571A90D649455270F1C82
:108480000240CAC6F1C0A85A14700C7107F429DA68
:10849000C341F00048000C7040A9D1C0E07EE078F4
:1084A000ECC2504230411040CB45F0004B00204020
:1084B000404160428043D20FEFFF001D83161470CD
:1084C0000C704FF2C342A0005440224042411E0BA8
:1084D000EFFF001DC316C342A000744022400E0BE4
:1084E000EFFF4241CB46F0004002C341F00077026B
:1084F000E0862D10832000896C2042005323400029
:10850000457800A9024022414242020A2000001D93
:10851000031728BFCABF0DE802402241BA09200054
:10852000424205E88527071003F085270310224102
:108530004242F6092000001D431760868A21180078
:108540001470C52742104627021008BA0423810F71
:10855000F8FFFF000C71457920A6001D8317CCC6DB
:10856000F1C0C3401300F08FEA08CFFE83E8D1C00A
:10857000E07E260EEFEA2C71E2C2C341A000E04289
:10858000CB45F0003400C340A000E14200190300D5
:10859000171D4314CE0FEFFF00184300BA0ACFFF98
:1085A00005E892D80E08AFFE17AD148D83E820D8E9
:1085B00014ADAFD817AD4058EEC2704350413042B1
:1085C000830B30001040AD70D76D2276C140355816
:1085D0000B0895003E1E831005F00B0854013E1E4B
:1085E000C31F198E40260F17C1B823087100E14040
:1085F000019717E848300000C3411200644BC142A4
:10860000B25A2308330001AF1AF002419E0820003D
:10861000424209E800410080FEE8C0A103F0011FCA
:10862000C31F28860CE921168010C1B814720C7083
:1086300005F42F7802414242335808A6A5718D0DEA
:10864000C4940240CE0DEFFF42415B0B302010423C
:10865000ED70CD7011F035581040A1403A583558A2
:108660000C2000A0E14056F7A1403A5835583E1D75
:1086700002100C710EF0176E00210DA009F2A1403E
:108680003A5807E8198DC1B8CF087180A140E14080
:10869000C57172763C26CF14CA262610047FADF72A
:1086A000EBE84240CEC6E078E2C261880845402B44
:1086B00080074228BE870E002400808D81403D58EF
:1086C00007F0C1BB0B0BB1000C708140335800A503
:1086D000C2C6E0788D7017EA2D108300270B70005A
:1086E0000A2480703C49C342A0000841A820C0026F
:1086F00020800F098100348807099F008D71552063
:10870000000CE07F8140E0782D1080000F085100C0
:10871000C340A00054402101CFFFC340A000084146
:108720001501CFFFC340A00074400D01CFFFE078DA
:10873000C342F0004B001BD90C70001AC307AB21D9
:10874000D002AB208801C340F000200120D926A030
:1087500020A06F26FF0590D90C71E07F20AA0000B1
:108760002B66000000004C09000000000000000023
:1087700000000000000000000000000000000000F9
:1087800000000000000000000000000000000000E9
:1087900000000000000000000000000000000000D9
:1087A00000000000000000000000000000000000C9
:1087B0000000000000000000F04F01000000000079
:1087C000DC3901002E14000000000000F000000061
:1087D000000000000000000000000000494E4903B6
:1087E000543B1100D47913000500000001F87EA06D
:1087F00000000000D87913000500000001D87EA019
:1088000000000000206CA000B8080000002000FC60
:10881000231000CC020454221000B4FF1100B8E26F
:1088200000001000AC0012004036110018A011002A
:10883000503900001100043A110084A11100F4A382
:108840001100AC5B0000130004A4110000A2110091
:10885000801D1200281E00081200581F12002C0A4A
:108860001200040204F40912000200DC02040C6C81
:108870001200A4011200E8001200B8670000120004
:1088800068041200B49F1100108011009805008048
:10889000120078021200FC5D1300804B1200C0022F
:1088A000040CA0004C0274020434271000004D1286
:1088B000002002044002042C088C5702240218C035
:1088C00002049C24100060021494391300A0208C30
:1088D000131100A00204B8020494AE11003C02047B
:1088E000F47E80B211002C1A1200B00204BC020403
:1088F000541B0284020418020C0498146B027018B2
:108900001200D8191200940310020CF017027441DF
:108910002002F4FCFD120084025CAC171300E41387
:10892000025C1413140400C0020828020878931291
:10893000006C0204AC2A1300D40900022034750232
:10894000646911000C92120054671000C010146684
:108950001000E00208FC6810000C02084C0208201D
:108960006910541500680208D802042C020414028D
:108970000430024450020414971240100070551342
:108980000088020448F51100C0124040241214046B
:10899000004C0204600204CC261200F002043027CE
:1089A0001200A805150204C802040029120098024A
:1089B00004EC0204FC0204502A1294A00060020499
:1089C000DC0204C437122C5E1200EC681264380218
:1089D000084105020494391200A00204B80204C43C
:1089E0000204883A1200AC41190204243C1200BC73
:1089F0000204A40268E031026802040432129455B1
:108A000000140204800204003312D0021C3002045D
:108A1000340204580288A895590214D80204FC02B2
:108A200004003512EC0204303612300204940204C1
:108A3000DC55A502040802841002041C0204400252
:108A400004900204D4770284F312EC2210000D018A
:108A5000C06EA004117C751300487612687713006D
:108A6000002014A6A000033000006F00403E00026A
:108A700001CC180102021C90A00054A8A000C80656
:108A80003014A7A000010004EE0050021F00FFFFF9
:108A900000000403090A040314030A10030B03145F
:108AA0000FFC0234030B0804031404004000008090
:108AB00008130F5004190528040B0F05FFFF0F10B2
:108AC0000F100F100F100F100F1004900B15038CC8
:108AD00003100708030C03040F100B10070CFFFF13
:108AE0000F080310030403400304030C0304070CE2
:108AF00003080704071803100F0C03140B040B20C2
:108B0000FFFF0B180F0C0F100F100F100F100F108E
:108B10000F100F100F100F100F100F100F100F105D
:108B20000F107FF80F100F100F100F100F100710FD
:108B30001360040000100202071324280F140528F4
:108B4000EFEF2FE033300F140F140006503219529C
:108B500083076505500F14063C080726073C02648E
:108B60007DDE0F14000F140F3C073C02640E3C0521
:108B700000021402030766038C0503500F14FBC0A8
:108B80000F1442200107350608033C0F1403140498
:108B9000000002000806250207DFF803140F28036F
:108BA000140F280614080F3C02280800200249066A
:108BB0000308280F140620FFFF07070528122C0EB4
:108BC000DC4FAC05280736050805140F3C16680F66
:108BD00050053308060F3C03190FA00F14031402AD
:108BE000041417A86FA0001871A000B00208AC020E
:108BF000040E00540204021C02F7000070A1A00041
:108C0000ECA0A00080706855A00078020480051CCC
:108C10000438B8020C200238C00208BC020456AB6B
:108C20005A02040738800238C802105A0204580257
:108C3000044C0204071C90021CF855550254900283
:108C400050880204840A1CA0021C280254D4021476
:108C5000D002045CAB5A02040738C0021C40021C5C
:108C6000E40214E002045E0204071CE0021CF0555A
:108C7000010204600220580204F0051C05022000D5
:108C800010A3A00010A2ABAA02C40218780204FC30
:108C90000A1C24021C20021C9002188802040402F0
:108CA00090AB5A0234043838021C30021CA002185F
:108CB0009802040C051C141840021804D5AA02706E
:108CC000A00214980204880554041C50021C1002CF
:108CD0001CB00218A8020456B58C051C04544C02A2
:108CE000541C021CC00218B8020490051C04386011
:108CF0000238AAAB1802146202146002044D020486
:108D0000028C74032802341C021C660214BAAA6482
:108D100002044E0204021C043870023828021C6A45
:108D200002146802044F020455AD071C80021C3473
:108D3000023CD00220C8020494051C14C03002106A
:108D40003402046A556E02146C020450020407389F
:108D500090023838021C72021470020451AB5A029D
:108D600004071CA0021C6002C8E012C4D4020470F4
:108D70000228071CB0021CA85555122C44021440AE
:108D80000204740A38C0021C4C028CF00218E8027B
:108D9000049C55550A1CD0021CB002385002184CD5
:108DA0000204760A1CE0021CB8021C5C555502182D
:108DB000580204780A1CF0021CC0021C64021860ED
:108DC00002047A0A1C0055E302A46C02147E021409
:108DD0007C020452020435080100EF425002B40440
:108DE00003E3FF1445020A3CE71156300F20021D31
:108DF00002030F20021304030740030D0F60031446
:108E00009FF907200F40031C03040F2004000F806C
:108E1000032600000F4005164314070A5778FFFF8A
:108E20000F4005200F40051609400F200F200310AA
:108E30000FE003140FC00FC00F200F200720034CBA
:108E4000EFFF0F600314072007A0051F200325066E
:108E50000403400F200740032303200F800720074F
:108E600060FFDF0F200F200F200F200F2007200FA3
:108E70008003100304072007800FC0072010C2A83A
:108E800003C0FFFF0F200720034C0F2003140F2007
:108E90000F400F200FC0072007A00F200F200F202A
:108EA0000720038CFFFF03A00F2007200F60033073
:108EB00003040F200F400F200FE007201F40035C2A
:108EC00003040720030CFFFF0FA0031407200FA0CB
:108ED000031C03040F200FA00F200F200F200F20D2
:108EE0000F200F200F201F00FFFF072003AC03E01F
:108EF0000F200F200F6007201F00035003040F20D6
:108F00000F400F200F200F200F20FF2B0F200FC02E
:108F100007201FE0039C03040720030C0204080F32
:108F2000D86210B06290D4A4A857A000940204386C
:108F30006248300204022403030828E80228D00211
:108F4000285450AFA5A00014020450022448020483
:108F5000032502040828F40228006290AA57D402CC
:108F600024940204700224680204022403030828E3
:108F7000980228400250A4D5AB62A0740204E062BB
:108F8000A4D80204032502040828A00228580228B5
:108F900004029C6A55D4022800024CF80F280231C2
:108FA000A4022864022864022834020410BD3F028F
:108FB00028080204021B0F030C10FF02010C110F02
:108FC0000D0A1023380A0F080B50B8000612009C37
:108FD000821100D44A12529608170050CA1200FC9F
:108FE000B1D4C90904031A847503090F0406109348
:108FF00021F47E13060E0F0700B49748A3F85C1205
:10900000B2DEF000036DB00451090CA001F0B4A76A
:10901000A00718B5E4C20480030C08C2FD1256E88C
:10902000030C00A002590400053C02180256E3217B
:109030000518B3CD800048042402230303937A0269
:109040000000800E04F0D51000A000F0DF0204E95B
:10905000A0000B0B070B0206030D00000D090D020B
:1090600008051F1F131D06100725251500002506DE
:1090700014097965695D14620B79777777140000BC
:10908000760D00000E0E090E03080411110B1103DA
:1090900000000A07272719240908092F2F1A2F086B
:1090A000190C00C0987F84741A7B0E989595951AB8
:1090B0009411037D0504000027CF449F60C4000085
:1090C000C477120000000000000000002B660200C0
:1090D00002004026918C22792A7140658778406F82
:1090E000BDBA7D4B1EBF8E9088A04D1733D6920718
:1090F0006C4EF18C000000008A43392136E9E4A36C
:109100004BC9813B762CE5F0482327F00000000096
:109110008911E8CAF0B3EADFB37EF2D4310CF588E6
:10912000BB02A30948DA0000A3D54F0300000000EA
:109130004C09000000000000F000000000000000EA
:1091400000000000195B391C040000002B660200BF
:1091500002004026000000000000000000000000A7
:1091600000000000000000000000000000000000FF
:1091700000000000000000000000000000000000EF
:1091800000000000000000000000000000000000DF
:1091900000000000000000000000000000000000CF
:1091A0000000000048DA000000000000000000009D
:1091B0004C09000000000000F0000000000000006A
:1091C0000000000000000000403D14006042140058
:1091D000C841A100084AA100084AA100885EA10078
:1091E000885EA100085FA100703D1400008014009B
:1091F000485FA1000080A1002C42140034911300AC
:109200005C9113004491130027CF449F60C4000079
:10921000C342F0004C00008221680C70E07F20A265
:109220006844C343A100C01F567B408361830A2565
:1092300000010101E00481446044C343A100C01F58
:10924000567B40832D0760046183E078E4C2760892
:109250002000084604776908B400C9452C703A0913
:109260002000C14059F65226CE17F20D6FF0C140D2
:10927000C1418209200008453FDE18BE1A092000BE
:10928000C14188F64F26C1157E092000A14008453E
:109290005225CD1714F0C60D6FF0C140C1415609DB
:1092A000200008453FDE18BEEE082000C14188F6C8
:1092B0004F26C11552092000A1400845A140C4C64F
:1092C000E2C208455020FE8708F232082000A14083
:1092D00014700C7104F2C2C60C75C2C62A082000B4
:1092E000A14014700C72F9F536082000A1407820D6
:1092F00000000473C2C6E078BFB83820800F807FBA
:109300000000E07EFFDA17BA532081054478792106
:10931000010038208000E07F2478E078E4C208452E
:109320005020FE87CD7016F2D6B80425811F807FAD
:10933000000079200200782100004B780AF4BE0F6B
:10934000EFFFA14086E8C20FEFFFA14078200E009A
:10935000C140C4C6307007F23B791B78E07F05201E
:109360007E801B78C34100FF00003070E07FCC207E
:109370000E805320BE8517F20C712F200300E07F72
:10938000422040805321BE8512F2F8F1084420406B
:109390008141E078CB44807F000006243E90D607D0
:1093A000E1FF06247E90E007E1FF084407207E806D
:1093B0002000040002204C80E07C107007244090C4
:1093C000E120C307CA2061800C71E07F2F20038059
:1093D0001B783B7905204080E120C10714704024B0
:1093E0004C90E020C3070C71E07F2F200380E078D1
:1093F0000720800F008000000D0000000721810F72
:10940000008000001A603B617072CA220500CA2009
:109410004500CA218500C34400FF0000402C8500A0
:109420001424020014244300B072CC234E81CA00DD
:109430000D004128C2054129C305744AC7BC99E4FF
:10944000E120CD0707207E8040280002402901024C
:109450009FB89FB93800240001290303002303802B
:10946000C2226600C023C6802F23C400412B008285
:10947000402AC205E120C607586051200080D3234E
:10948000A181D3210183E07FC02062000E230380ED
:109490002E0023000C70412B008261BA402AC205C5
:1094A000E120C607586013210183C079CA216100F9
:1094B00004210180D323A181E07FC0206200E1204C
:1094C000C1075322C5012F28C1000471002B0300DE
:1094D0000E20408184220400C0206100C12B610065
:1094E000B607E6FFC52206004E204000012B030010
:1094F000A707EFFF44712F2200904126047000005F
:1095000000004E0201002F2340904126057000000C
:10951000000008000200E07E0C2380920042100050
:109520000E00204040418042A04440452F260000CC
:10953000412E068653208805CF20E2151400020034
:109540002F2A010267BA0028881061BA0226860015
:109550002F274000412F078653218905CF21E2158F
:10956000140002002F2A410267BA0029891061BA4B
:10957000022787008C26C38FE40121008C27C38F2C
:10958000160221000226CB014C234096627B080084
:109590000C00E07E422382902F2000122800010060
:1095A000140009002F21401240224280190020009F
:1095B000C0214B124A22001802228A10002983126D
:1095C000012989100C2440812F200012FA0002008A
:1095D000002048120420BE9F000400000E0001007D
:1095E000C4712F200292C52365004420BE9026003E
:1095F00021007470CB206191C020A21016000100E0
:109600000420BE9F000400000A0001002F20021267
:10961000C4712F2002122F200212D47022000C00DD
:109620008C26C38F8E000A000620801F8000000059
:10963000402EC20545789470CF20E207E07E0226D6
:109640008271000000004222428036000C007470DB
:109650001C0002004D77A0E2C2228A1208000A0014
:10966000002A8A108722FF1F04208312A0E2C22052
:109670000A120A000A00012888100B000000C0200E
:109680000B124420BE901400010044204211052218
:10969000FE800800010005722F2002122F20021206
:1096A000022686010420809F80000000C026620000
:1096B000BCF18A26C30FCB4080000000B6F18107C1
:1096C000EFFF02200012022048120420BE9F000279
:1096D0000000C020011216000200422646000420AD
:1096E000BE9F000200003E0001004420BE903600F4
:1096F000210044207E90C020A21018000200747047
:109700002200020044203E91C020A2101600010059
:109710000420BE9F000400000A0001002F20021256
:10972000C4712F2002122F2002120C20809F800073
:109730000000EA06CAFF1570C3F32F2A010267BAB8
:109740000226868000288810F606CCFF6EF1D371C1
:10975000008000003C70CA200100E07E0C20809F49
:109760008000000006000100E07E8C27C38F080007
:109770000100E07E0C21809F800000003C7008000A
:109780000100E07E0C24408106000200E07EC34020
:10979000C07F0000E07E2040E07EE078E6C05520FB
:1097A0000308601001017C1008019E8045830020A1
:1097B00048103C8000248B109980DD804383A08377
:1097C000E4835961BC64FE665521020855240118E2
:1097D00055260C1828BC55230F18907E28BF28BA90
:1097E0008C26829C54002D0028B9A2839B800413F0
:1097F0000B007A80BC6455240C18842C041061730F
:109800002F20080255230308FEE062002D0028BB2C
:10981000F07D970D3516BDE00E010D003079AAE1FF
:10982000C0012D009AE0AA022D003474880326009E
:1098300050780CDA8CBA64F02F2008028C20038751
:1098400060002D008C20C2829E002D008C26C39CBF
:10985000FC002D003078F079C3400000E731C342AE
:109860000000FC258C21C98448F030798C21438A82
:1098700090002D008C218280F2002D00507A8C22E5
:109880005F8498012D008C20C28B5C022D008C22FD
:109890009F8138032600D5E1C34200003B5330F0DE
:1098A000E8DA8EBA2CF0307C8C24C891F0002D00C0
:1098B000A5E570012D00E3E034022D008C24C49D49
:1098C00016032D007078D3700000C00AF6032D0037
:1098D0005079C34000006E48C34200002B28D3716A
:1098E000000011080AF03079C34000007F22C34213
:1098F000000018328C21D680CA2205005078C6C4D8
:10990000707BC10B850F00004C0B8C2084832401DD
:109910000D00D3730000720AC34000008555C34296
:109920000000B247EAF1507AD37200000B08180128
:109930002D00DBE0D0012D008E788C20B480A202B7
:109940002A00D573C34200000315DAF18C20908EF3
:1099500014012D005079C3400000A230C342000022
:109960009723D37100001110C8F18C221F880001C9
:109970002D008C20C28DA6012D007078D3700000C0
:10998000E60C80022D008E788C20498740032A0047
:109990008C22DF81C34200007C54B2F15079EF0980
:1099A000850F00002A09D3710000AD0876012D0053
:1099B000C9E0C34000007B19C342000050599EF12A
:1099C0008C208286E8002D008C21448850795EDA54
:1099D000C34000007B5A8DBAD3710000A40A8EF1F7
:1099E000F9E152012D00507A8C221F8E1C022D00AD
:1099F0007079D3710000670CE4022D008E798C22FF
:109A0000DF82B6032D008C21C586C34000002F12D3
:109A1000C3420000DD445BF0C3420000275170F1F7
:109A2000AAE02A0126005079C3420000C72A68F143
:109A3000D3730000160B30012600F079C3420000FA
:109A4000C7515EF130798C2103812C012D00CBE0D0
:109A5000C6012D008EE59A022600EBE1C34200000C
:109A6000F7564EF1C34200000F304AF194E6180158
:109A70002D00D571AE012D008C20C38580022600FB
:109A80008E78C3420000E8543AF18C2642930001DC
:109A90002D008C24D09496012D0073DAD371000030
:109AA000A90DC340000004278DBA28F1F2000D0073
:109AB000F07890E07E012D008E79C3400000854350
:109AC000C342000035558C218F8E6D030000507805
:109AD000D37000004C08660126007079C342000074
:109AE000E4570EF1C342000063510AF15079C340BC
:109AF0000000E354C34200007322D37100009E08AB
:109B0000F905CFFFB570D4F23078E7E0A801260060
:109B1000D574C3420000EB52D8F0C3420000285273
:109B2000D4F0DAE6C34000008B2BC34200000735B7
:109B3000D4F0D5721A012D008C210288C340000098
:109B40007F18C3420000A613C8F0D37100000A08B2
:109B500010012D00E3E0C34000004325C342000094
:109B6000FA49BCF0C34000002B47C3420000F45543
:109B700098E1B4F0E1E0C3400000FD18C3420000EA
:109B80007558ACF0C3420000D044A0F08C25469933
:109B9000C34000007632C342000012259EF0D70E6B
:109BA000B5108C20C683780126008E79C342000050
:109BB00048448CF0D37000004D087601260070797F
:109BC000C34200001A1282F0780126007078C34266
:109BD000000081527AF0C3420000D01A76F0800172
:109BE0002D007078D3700000950CE8012D008C22B8
:109BF0009F81C3400000B049C3420000BF176EF010
:109C0000C34200008D5162F0A9E068010600C34222
:109C100000006D145AF0B570C5F2C3420000C65280
:109C200054F0C3420000A45250F0C3420000152C6F
:109C30004CF0C3420000F65748F0C34000002155E5
:109C4000C3420000C814D3710000B20B46F08C214F
:109C50000388C3400000F625C342000075173EF09C
:109C60008C24469320012600CAE5C34200005C21F3
:109C70002CF0D3730000B90B1A012D005079D37169
:109C800000008B0866012D008E788C20CF8994010E
:109C90002900D6E0D00129008C207581DE012A0040
:109CA0008C203A88C3420000044310F0C3420000F5
:109CB00087160CF0C3400000D458C342000076560B
:109CC0000CF0C34200000F233504CFFFC340000057
:109CD000F652C34200007A122104CFFF8C21B48ACD
:109CE00012012A008DE0C34200005312EEF1C3407E
:109CF00000007B50C34200000E24F0F18C20CF8284
:109D0000000129007079D3710000060B1C012600A8
:109D10008C203B8AC34200002F51D8F1C340000081
:109D20003D45C342000052548C213E8884F0E4DA61
:109D3000C340000009588CBAD3710000CB0BCEF1A0
:109D4000C908850F0000E00C8E79C3400000355132
:109D5000C342000022128C21078D6EF0D3700000E8
:109D6000E40AC34000005D44C34200002F5AB6F12C
:109D7000D37200001008C3400000B114C3420000B9
:109D80008E58ACF1C3400000282BC34200002023B2
:109D9000A4F18109850F00000308C3420000675445
:109DA00094F1D37200003608C34000000858C34243
:109DB00000003B5492F18C213688820029008C21CE
:109DC0003482C34000000816C3420000834534F0CB
:109DD00030788C2002866E002D00B4E0C340000075
:109DE000F218C3420000314978F1C34200000A482A
:109DF0006CF1C34000002314C34200008D426EF199
:109E0000C3420000DE5162F1C34200007B505EF1AC
:109E10008E7A8C22028436002A0083DA07BA56F141
:109E2000C3420000CD5752F1C34000007E56C342EA
:109E300000009445CA220B0048F1C3420000A6145A
:109E400044F1C3420000AB1840F12509850F000022
:109E500031088C20C581C3400000A245C3420000E8
:109E600031513CF1C34200006F4230F18C20458FEC
:109E70004CF7C34200001C4228F1C3400000385494
:109E8000C3420000A346D8F1F078D8E00CF7D373B2
:109E90000000D70CC34000009F44C342000041575C
:109EA0005902CFFFC3420000BD425502CFFFE07808
:109EB000F1C0C3411300E0A1E6092FF30FD8C3415D
:109EC000130034A26E0A2FF30FD8320BAFFC9AD8CE
:109ED000D1C0E07EF6C3A4C155208F096087084633
:109EE000029F3042216B20A72C71BA0A20045043F4
:109EF00002B7F20EA00462402F2606F00E002300E7
:109F000000B6C3400000FF7F00B6A21600110E701D
:109F10005F200D0700258D13F523012440174611FE
:109F2000DA164511D21644117E9FD6164211162616
:109F300000140209A00430E0170832048C203F8C82
:109F400014260014CA1040013108130008F016F658
:109F500014260014CA104001210852006015401157
:109F6000420A20042C71601D041014260014CA102B
:109F700001013379CA1844000671A108D4A0209EBB
:109F80002E70A216171122408BB8720A20040BDA29
:109F90001044AE7040241632021E0410F5234025F2
:109FA00008DAAE0A20048241142650150418042051
:109FB0000845149614264125A0B184E82A184423A4
:109FC0004020802AC3410000717DD208A004A14234
:109FD0002A104021A6710C7DC50DF4A0002151234B
:109FE00000218D2F000000400E702FBD281E45104F
:109FF0000A1E44131426011482C03599F520110459
:10A00000AE784E0A20040DDA0041A20A2004224054
:10A0100080C1142101040671DD08F4A000B15F279E
:10A020000D2780C0DD65BE0DA00464151010A216BA
:10A03000011123B8002002205F2101072E700A249D
:10A04000C02459A500264D10420DA004021440253D
:10A050003A8526713860F509F4A01AA5A2160B11ED
:10A060004A24C0700E70C342A100AE4162430C701E
:10A07000A82080020212010502134C05F52341209D
:10A08000897938605F230D17802010004BB8DD659B
:10A090003B8538606C1D00105A208022209ED860BD
:10A0A000E2104601E4104501DC104401DE104301DA
:10A0B000E0104201162600147A0F600454200009B3
:10A0C0000C78152501145C818020100006712BB8D6
:10A0D0005860C908F4A01CA13C9702975F0864006F
:10A0E0002C71C2082004049F10792F09B40004B712
:10A0F000AE0EAFFFC1400012012100422CB807E9AB
:10A100005526401A420E200042419E1601110B09AD
:10A1100000009E1E0410A216001104711079347103
:10A12000CA202D005F200107A21E0410D9616E0B0A
:10A1300020005421000C041F0510D6C7E2C21608E7
:10A14000200028450A082000A140C2C6C905000019
:10A15000EAC3A3C1104055208D090C702C180020B3
:10A160002818002002A502B500A5001804202E0B17
:10A1700020005420002C260B20005420802FB60DE8
:10A1800020005520402A4A24C070FFD9024080DABE
:10A1900008B980208302301D85125CB59E184420CA
:10A1A000A820000102185500C3410000033FC3402E
:10A1B000FEC00000C3420000053EC3430008000883
:10A1C00037A516A5D618442030B88A214502CB40C1
:10A1D0000000A567CB4300005CCE8A219C1B2E703B
:10A1E000CB47D3F8E863CB46F5D64901CB4492027E
:10A1F0004901601D8410DA18842042C341C31EB592
:10A200005420002940240632402407318A228A043F
:10A210002043C3440000E863C345FFFFF5D6EE18B2
:10A220000422541DC412EA184422501D4414F3A5FC
:10A23000D2A591A5401D44146E0D6004D21844248B
:10A2400054154511EE104421E610432150154211DA
:10A25000EA1041215420002A4024063240240730CD
:10A26000460D6004001C4034F61045216015441171
:10A2700058154311F21042215C1541115420002B56
:10A2800040240632220D60044024073040200E2C6A
:10A2900040154511DA104421D21043215E9DD6109D
:10A2A00041214024063240240730FE0C6004C140A6
:10A2B0002671E109F4A008E6CAC7E078E4C248457F
:10A2C0004D087100CD7049093403001B05032C7043
:10A2D0000CDAB20D6FF2A140C341A1000817009142
:10A2E000CBADCAAD00AD28B801AD0191CD7102ADC5
:10A2F00028B803AD029104AD28B805AD039106ADB1
:10A3000028B807AD049108AD28B809ADC140C4C64E
:10A31000E6C000474F08710020464B0E1403C18A67
:10A32000E38A658A078A09128800A08A228A848AB9
:10A3300006128B000812890008BE08BF08BB08B8C7
:10A3400040280812C342A1000817C57DE579857B26
:10A350000520C00205204C12A0B221B262B203B2A5
:10A3600084B27D260103782740002478C6C4E078B3
:10A370006A24801251248093E020820F12000C92F4
:10A38000CB4400004E003E796A2480125124809311
:10A39000E020820F1000C066CB44000050003E79E0
:10A3A0006A24801251248093E020820F10000C67F1
:10A3B000CB44000053003E796A24801251248093DC
:10A3C000E020820F12006C93CB44000049003E79DC
:10A3D0006A24801251248093E020820F1200789327
:10A3E000CB44000048003E796A24801251248093B7
:10A3F000E020820F12001497CB4400005C003E79ED
:10A40000E1C5A2918480412D411250746C218200DB
:10A410000EF42490170A65005449C3BD0F0D0213B2
:10A42000269044B064A0247126B0C2C4FFEC84908E
:10A430001D0A0403279007E9412D0112C3B9110C2D
:10A4400045100818050010180100C2C444B064A0EB
:10A45000C2C4E078E6C3A1C1BF8040200E072847F0
:10A460004024C2302FD96C71C1407A09E004031C2A
:10A47000C3318025C5135227001000AD031C0230E4
:10A480004024C2303AD96C715A09E004C140260A0E
:10A490006FEF64D8C6C7E0784A24C0702C7023A040
:10A4A00022A021A010181500A820000104181100F6
:10A4B000E07EE078E4C3CB45A1000C1F2846608114
:10A4C00021853B09E000A1C140853D21CC003073CE
:10A4D0009962C6F71709840F01000000D3710000CC
:10A4E000FFFFCA212D00204220A510BA796240C189
:10A4F000360A600480C1008601A50C70C4C7E078EC
:10A50000F1C0260A60042C70D1C0E07F0C70E078A6
:10A51000F4C2284620917044084541298301532103
:10A520004B000196C1BB75733042CA23A110CB44C6
:10A53000A1008441090BB10081419C4C7470726888
:10A5400002F4B84CF522C202041610114128D501BC
:10A5500004238F0F0000FC0F320E20042C4D879532
:10A56000104104956595429D792401104025931270
:10A57000402516110471796104B51D0A630425B5DF
:10A580000195F4780E791608A00422404C726C7183
:10A5900002B511F0239D91096320412850220195B5
:10A5A0001720C0030E79EE0F6004224003B54C71F2
:10A5B0006C72A1404E0EEFFFC1410E70026DC3419F
:10A5C000000071FD2242CE0EE0036C259520419DD6
:10A5D000CB460000C3F5C240BA0EE003C14121954D
:10A5E000029DF961AE0F60042E79419D02B5066DA2
:10A5F000A20EE003C1412195039DE2799E0F600404
:10A600002E7925950B08312003B517094405412AF9
:10A6100092203D21420544224020490A0500AD70A8
:10A62000B078D4C6107A6C2081200B09850004858F
:10A6300033E8029624B8C3B838608508A5800E7048
:10A6400006952DE8209623B9C2B91309040084ECBD
:10A65000001B0424016C0E7107B5081D051024F0C1
:10A660006795290B15012108A100496B0C715878D9
:10A670000B200085084508F213096505012CFEA092
:10A68000D0F505F09B094485AD702C700ADAF60907
:10A690006FF26240C6F124B591F10485081D0414DF
:10A6A00002E824B5101D01100C1D051088F1E0789A
:10A6B000E2C20845009085E8260820002040184D99
:10A6C0002C7014DABE096FF2021D0510C34000F8A9
:10A6D0000008001DC51001A5C2C6E0782DDAC343ED
:10A6E000000064688EBA76D962B041B0E07F20A8DD
:10A6F000588888E2E07D1080E07F00A16A24801203
:10A7000051248093E020820F1000B8E2CB44000077
:10A7100004003E79C3420000660A8A215B080618DD
:10A720008502001845000818850242B0E07F21B07C
:10A730002C702418850222B021B00618150045019E
:10A740006FF21EDAE8C2619128475322C10208461F
:10A750000F0B6500412A100300961B0801208C2175
:10A760000C8D48000600046E2C701A096FF20CDA8A
:10A770001CF00297130865001426011402960E704F
:10A78000047102B612F002914A2440710E710471F4
:10A7900002B1449740268011A820C0010210010593
:10A7A000C709858006710E70249702963D086500E2
:10A7B0002F210884A09649F2019614260210101A3F
:10A7C000040404714397107B0B0BA40001B6021E16
:10A7D000051031096103129604711079090A6500A8
:10A7E00012B652B60A4531F0AD70066E2C701EDA04
:10A7F000A2B6A1B68E086FF2A0B6039712B625F0E6
:10A8000089685D7990783F086500402609146C706E
:10A8100042223C800C700DF22F20C81021410C7098
:10A82000A820C00102110B0538230F12F86090799F
:10A83000107808204C80CA25C91064717078D5083A
:10A84000948192B6A0B6B078C8C6E078E6C3A2C13B
:10A85000BF80CD701CE080C274D96C7561C69A0E41
:10A86000200440C621C20C703B0ABE012C700114AA
:10A870008E3003148F3002148C304422010C442299
:10A880000003402A83030AB90CB806BE566F06BC03
:10A89000C57B457985786E7A2E790E78DE6A46B961
:10A8A00046B8981D5C10971D1C10961D9C13C6C7BA
:10A8B000F0C2E20EEFEF0847660AEFEF10421044D5
:10A8C000AA0EEFEF9AD8CD706E7005E8220DC00386
:10A8D00010434A2000268A210120AD702F0D051556
:10A8E000332200241B081002170852003022412492
:10A8F0005021FE8705F2C2086FFC0F7807E855214A
:10A90000112855201028A571EAF1118F0DE80433A4
:10A9100080AFCC3DCDCCC8F60D0D241580DE188F50
:10A9200007085000FFDEC140D0C6E078E4C3ADC1E7
:10A930002845084680C02C704A0F2FF234DA290DC2
:10A94000B41080C18C250290CC25829F0000FF00AE
:10A9500009F4C3404842000042C080C1AE0C60040C
:10A96000C140C4C7C140A60C6004081C0130CB45DF
:10A97000A100F81E008D09E8226D00A9C140AA0DB2
:10A98000200401190300C341A10008171C49B20F9C
:10A99000AFFF011D0310C4C7E8C200160070F0002D
:10A9A000440235081E00FA0ACFEF6A09EFEF1040A3
:10A9B0000847CD714A254010A1400241DA0AEFEF65
:10A9C000E14206E808801308B00431D8A571C0E55B
:10A9D000C571B4F7C8C6001E8473F0004C00220D88
:10A9E000EFFF2C71E4C23F800845B910800041811F
:10A9F000C281C6B8B91D021005EAB912C000250807
:10AA00001200560AA000A14007EE0F089100B916E7
:10AA1000C010110812002C744C70660FA001A140E8
:10AA20000C70C4C6E4C20845B910C0003308120057
:10AA30001F852180C28006E9B911C00023081200D9
:10AA4000160AA000A14008EE0D089100B916C0102A
:10AA50000F0812002C744C71260FA001A140B915EB
:10AA600081100C7087B9B91D4210C4C61F805620D2
:10AA7000800BE07F0088E078F81CC8B71CE01F0955
:10AA8000B000061C05301F097000402482314C7054
:10AA900095E94024823171D906F04024823173D97E
:10AAA00002F072D9520C20046C720714C0300F7A75
:10AAB0001470C5228B0F000000FF08141F34E07FC4
:10AAC0004040E0781F80E07F5E1000061F80E07F3E
:10AAD0005A1000061F80E07F59100006EAC3A2C189
:10AAE000BF8370415040284788E0CD7092F26908DA
:10AAF00050016F08F001147191F40010002123DE61
:10AB000014761A0125002C704C767A0D2FF2E14054
:10AB10002C706A0FEFFF224041280102BE1D1C105D
:10AB200000AF21AF2C71560FEFFF224041280102E8
:10AB3000BF1D1C1002AF23AF2C72420FEFFF22404B
:10AB400041280102C01D1C1004AFCD7025AF0018B4
:10AB5000852165F080258610008DC1B85CF000105D
:10AB6000002161C6021C8433B308B40123DE4021F6
:10AB70000027402482307CD96C727E0B2004104167
:10AB8000031480303815061040248231071C02302F
:10AB9000A0B8061C02307CD96C718C70AC7022405D
:10ABA0006A0AA004CD70402482312FD96C712240F2
:10ABB000320AA004061C43304024823034D96C731E
:10ABC000360B200422400314803021C18C704128B0
:10ABD000830153204C00C0B941284B014128C200D9
:10ABE00022B825AF44234110C1BAC0B864AF80AFCA
:10ABF00023AF42AF01AF381506104024C2317CD9D3
:10AC00006C71AC702240060AA0040018852107F080
:10AC1000E715801000AF00184520C140CAC7E07892
:10AC2000E6C2DF8008452C70C9478027C21F14DAAE
:10AC3000520C2FF2E1400C707FD923DA17B95E1E57
:10AC40001810951F0210301E0210541E1810A1403B
:10AC5000A0A64DA63608A0012EA6C6C63F800C7140
:10AC60005E1102068C22C38FCC22828F00008000EE
:10AC7000E07C8BEA541101068C210280CC21828F6A
:10AC80000000FF00E07CE07F0C70E078FAC2FC1C62
:10AC9000C8B6A7C108457C1014005AD8081C01305A
:10ACA000AB20080E7609A000A1407FDB40D9A7DACF
:10ACB00017BBEA0B2002A140FFD9A140A60F6000FC
:10ACC00040251B174A26C012C5772F2687F311F29D
:10ACD000C340B0410000A6090FEF80C22C736C7214
:10ACE000160A200463400114C030E1081380CD70BF
:10ACF000ED700E704A2200208A23812680C20CD972
:10AD000007DB6340F2092004AB23082E01149930BD
:10AD100002149730031495300414913005149630C2
:10AD2000061498308E092FEF16D840281832402983
:10AD30001122402F0122467105208C350521402526
:10AD4000052143062F2287048E7C0E796E789E663D
:10AD50003F67AD0A348200201020442E0E1280C2BC
:10AD600041D96C726340442F0F1245C6442810220B
:10AD700044C7860920040C1C0034468D0114813020
:10AD80000C7100289E0013693474012E00700810A5
:10AD90000204CA2026002F2507002F204001042E80
:10ADA0001E3083C082C2AB23082E060FA0032F21C2
:10ADB00088071470AAF4268D0B14CB300A14833044
:10ADC00009148C301A25890F1E00808422C2CB40C2
:10ADD00000003D0F012941101E23C9021E24C31289
:10ADE0001E22C2021E218B171E238C070F0924026C
:10ADF0001E2283074529C20905F0052E4270050071
:10AE000070F332E2852A01090226CD12944F0E23F7
:10AE100003044F7E130E70104A2300104D7A5C7AA3
:10AE2000FD0A718065711171CE232610AE7E8E7D74
:10AE30006E7C2F20C512D17BB1791570917AD5F631
:10AE4000422049106D712E7F002B41126E7B4E7A8D
:10AE500030793B633F673A62022B0302022F0112F3
:10AE6000022A02020DF04DF66E7B4E230B102E7956
:10AE70004E7A002BC3020029C102002AC202130C21
:10AE800032104E7F8C27029089F67FDA07F08C27EC
:10AE9000429085F6C342000080FF130D32102E7FD2
:10AEA0008C27029089F67FD907F08C27429085F68F
:10AEB000C341000080FF130E32106E7F8C2702907A
:10AEC00089F67FDB07F08C27429085F6C3430000AC
:10AED00080FFC01CDC20BF1C5C20110C3310BE1C8A
:10AEE0009C20537ABE1C9C200B0D13103379BF1C81
:10AEF0005C20D570CE232A00337C5379BF1C1C23E1
:10AF0000BE1C5C20C01CDC20A7C004141B34DAC6A5
:10AF1000E4C3A1C17F814A24C070CB44A10080203A
:10AF200028452C700A220003A820C00108128E04B4
:10AF30000B0E051024712C7310DE367C2184018CDD
:10AF4000381306005623820BC0AA591B5800031C55
:10AF500002303C4D4024C23041D96C718C70AE0E31
:10AF60006004AC700C70DA0B2004A141C140C4C76E
:10AF7000E2C3A1C1BF801CE02909B000031C8230DC
:10AF8000370970004024C2308BE94024C23071D9A7
:10AF9000520E60046C7103148030AD1D0210C2C7E4
:10AFA0004024C23073D93E0E60046C7103148030AB
:10AFB000AF1D0210C2C772D92A0E60046C7103144F
:10AFC0008030AE1D0210C2C7F8C3A4C1FF8128465D
:10AFD000250873040845510DB51004171110081702
:10AFE0001010FE0E6001C14014700A03210080D9C8
:10AFF0000503000091E52A0221003C4E8C250290B9
:10B000000BF28C25C39F11F48A2086000867147206
:10B01000F0032200FFD980D94A0C6000C140ED0343
:10B02000200080D890E5E80322000C70834105B130
:10B03000061C023002B140C03C4E402482327DD911
:10B040006C72B60EE00310420B1480304024C23202
:10B050007DD982B80B1C02306C714240860D6004B1
:10B060004024D8327FDD17BD120EEFEEA14041D94A
:10B070004C73C14026082002A1436DD908DAC140B3
:10B080001A082002A14340D9ACDAC1400E082002C0
:10B09000A143C34040400000E20DCFEE4024823285
:10B0A0006DD96C72520EE00342400B148030402484
:10B0B000C2326DD982B80B1C02306C71260D60044F
:10B0C0004240402482326DD96C722E0EE003424021
:10B0D0000B1480304024C2326DD980B80B1C023072
:10B0E0006C71020D60044240CB45704200008E0D31
:10B0F000EFEEA14080C20CD907DBFE0DE003424019
:10B1000003149730041494300114963002149330D1
:10B110000514953006149030402482326DD96C723B
:10B12000D60DE00342400B1480304024C2326DD96A
:10B13000A2B80B1C02306C71AA0C6004424040247F
:10B1400082326DD96C72B20DE00342400B14803034
:10B150004024C2326DD980B80B1C02306C71860C51
:10B1600060044240160DEFEEA14080C20CD907DB0F
:10B17000860DE003424002148C3001148730041421
:10B1800086304028012203148930402B00220521FB
:10B19000420508BC402C0B22052081052F24860087
:10B1A0000524C2110523C0152E79402E0B024E7ABC
:10B1B0000614833042790523421205148D300E782F
:10B1C0004E7A427808BB9A210F0A9A200F0AA57B73
:10B1D000CB40000000086E7B042901020428020213
:10B1E0000224C0009A200F0A2F27462004280002BC
:10B1F0004E7B2F22C9057179507A3079D3710000C6
:10B20000973A3C22900F0000803E24012D007046AA
:10B21000792001204F205020402155008AF05E17F0
:10B2200011164024823340D96C720D1C03300E1C61
:10B230000530C60CE00310420F148D303786C14034
:10B24000C3BD60790D1C42330F79150930023040BF
:10B25000568608D8607AC1410D148D30320AEFFF4E
:10B26000C140BE17021710432C700A0DEFFFC140FA
:10B27000BF1702172C71FE0CEFFFC140C017021759
:10B280002C72F20CEFFFC140CE0B6000C140C140F8
:10B29000D209600022410F14803038170610C3BD58
:10B2A0006C20C000A5780D1C02304024423340D9E8
:10B2B0006C718C70AC70560B600442400D083022EB
:10B2C00002405686607AC141EA0BEFEE0AD8C017F9
:10B2D0004417BF174317BE174217C140620CE00363
:10B2E00062418C21C3AF11DD98F22240C14137FF8A
:10B2F00094F02C706E096000C14025091020B9112E
:10B30000C0201D0812000F081020B910C02011081D
:10B3100012002C744C706A0E6001C140B916801086
:10B32000C6B8B91E02105E1F581372F00A25002419
:10B330002F2306202F20C904D34400000F27107D9F
:10B340009275402482326DD96C724240AA0BE003A0
:10B35000C0256E200B1480304024C2326DD9A0B8B5
:10B36000001802306C717E0A60044240B6D80018A2
:10B3700002304024C2327ED96C718C70AC70C346EE
:10B38000803F0000860A600442402F2047052508C0
:10B39000B50060D99275CF20AE2019083F2061D941
:10B3A00011087F2062D9512080A064D9CA21A10050
:10B3B000C140E242C243A20BE0030A24C0042D862E
:10B3C00023D80DA76079C1405686A4160011607A73
:10B3D000C141250930202240341101204079581103
:10B3E0000220A4110021607A2241381102200C7140
:10B3F000607A22410C70320FE003C14110DD0EF083
:10B4000062086000C140FFD85E1F18100C701A0F50
:10B41000E003C1415E170D16A140D8C7F8C3A1C112
:10B420007C1111001043ED7020403042920A6001FF
:10B43000021CC433CB45A100201ED340A100A02094
:10B4400039E8542015288E704A26001000208023E9
:10B45000041516244A08AFEF38109700B60E6FEFA8
:10B4600018400042E2403208AFEF03410EE82F805F
:10B4700040798C20C38FCC20828F0000800006F49E
:10B48000043480A5CA248525C571C50ED4915411F4
:10B4900000260434C0A4CA24C5248C20C38F0C1DEC
:10B4A0000015CC20828F000080000AF408151310CC
:10B4B00007F054110026081DC01403F06E708C2094
:10B4C0000280E4ADE0AD15F4160A6001424086E862
:10B4D000EE09600142400DE823850285043040807A
:10B4E00047F70731000030434830400200AD4A249E
:10B4F000807140221427CD700240ED70A820000218
:10B5000008100104043340A0D0F7E5712A458025D6
:10B510008610008D1508B100ED76FFD84241AE0AC5
:10B52000EFFFC0AD001D83105E1100268C2002804D
:10B5300008F220DD8CE8541100268C20028008F4EB
:10B54000EF780F08740110DDED7503F080DE4240E6
:10B550000E0FAFFFEF7F1CE84024823040D96C72A1
:10B560009609E00382401620C02304883811062083
:10B57000C57DC3B8A578011C02304024423040D9B3
:10B580006C718C70AC708608600482401620C023F9
:10B59000A0800C704241C20DE0035A195823A1400B
:10B5A000D8C7E078EAC3A2C16845970830022846A8
:10B5B00081087001ED709508F0012C701471A8F4E9
:10B5C00054764E01250023DFFF855E1710168C2070
:10B5D000C3AF06F2FFD8F609EFFFA141418E008EFE
:10B5E00008BA057A5522000810788C2004805CF790
:10B5F000BE1F9C10038E228E08B8257855200108A6
:10B6000030798C21048050F7BF1F1C10058E248ECA
:10B6100008B825785520010830798C210480F6007F
:10B6200025002C700240A609EFFFA14124DF71F034
:10B630003F85008E80218600C1B800A969F082098B
:10B64000E001A140084765F07C15101023DF83401E
:10B6500021B0BF0AB40122B03C4D81C27CD96C72CA
:10B660009608E0031041051480303810062040246D
:10B670008230071C0230A0B8021C02307CD96C71E9
:10B680008C70AC70860F20042240402482302FD969
:10B690006C7122404E0F2004021C4330058E418EF7
:10B6A000208E628E838E44204B00126AA48EC1B914
:10B6B000536B44200001756C442202062578442314
:10B6C0000308057A966D0522C000057C402482306F
:10B6D00034D96C722240031CC2320A0F2004021CAF
:10B6E000023381C221D96C720E08E0032240051496
:10B6F00080301F087F014024C231381006207CD9D9
:10B700006C718C70AC70060F20042240ED70E1402B
:10B71000CAC7C01F1C105E08EFFFA140BF17021769
:10B720002C715208EFFFA140C01702172C72460877
:10B73000EFFFA140220F2000A1408C20C3AFE8F30F
:10B7400002408A08EFFFA141E2F1E078E6C3A2C11E
:10B7500040200F0708454024423157D96C729A0F98
:10B76000A003E140061480304024823157D9A2B8AA
:10B77000061C02306C718C70AC70C346803F0000B8
:10B780008A0E2004E140B9158010DF8580C2C6B85A
:10B79000B91D02107CD96C72E1405E0FA003071C3A
:10B7A00003300114803038160610402442305020F7
:10B7B0000100011C4230071C02307CD96C718C7076
:10B7C000AC704A0E2004E1404024C2302FD96C7185
:10B7D000E140120E2004031C833180C232D96C7305
:10B7E000160FA003E1400214803001148130402480
:10B7F000C230A5B8031C423061C032D96C72E60D6C
:10B800002004E140381606104024C2317CD96C7106
:10B810008C70AC70F60D2004E1400C70C6C7E07867
:10B82000E8C3A2C108451CE04024423157D96C72DC
:10B83000C60EA0031040061480304024823157D930
:10B8400082B8061C02306C718C70AC70C346803FAD
:10B850000000BA0D20040240B9158010DF85402495
:10B86000823087B8B91D02107CD96C7202408A0EF2
:10B87000A003071C0330031480303816061080C262
:10B88000071C0230A0B860C07CD96C718C70AC70A1
:10B890007A0D2004024080C22FD96C710240460DFF
:10B8A0002004001C83314024823032D96C734A0E4C
:10B8B000A003024021C00314813080C285B860C15A
:10B8C000011C023032D96C721A0D20040240E60DC0
:10B8D000AFEE32D8381606104024C2317CD96C71D4
:10B8E0008C70AC70260D200402400C70C8C7E07844
:10B8F000E07FA6100001E0781F80E07F7510000651
:10B90000E07F9C100000E07814702040E07D3F80D4
:10B91000761101060079E078E4C2DF8008452C70DA
:10B92000C1408020C20F5E0FAFF114DA7FD823D957
:10B9300017B82DA60EA60C70A141751E19100E0881
:10B940002000A3A60C70C4C6E6C2FF8128453108BA
:10B95000B40008468C260290CC26829F0000FF008F
:10B9600018F480D9FE0A2000A140C34048420000DC
:10B97000AE0AEFFFA141751F98130CF02C70E60A78
:10B980002000A1400C70A141960AEFFF751F98138B
:10B990000C709609E003A14175170016C6C6E07841
:10B9A000E2C20C70B209E00328459C150010C2C623
:10B9B000E4C3A1C140200E0708454024823057D976
:10B9C0006C72360DA003C140031480304024C23095
:10B9D00057D98420C20F031C02306C718C70AC707C
:10B9E000C346803F0000260C2004C140B9158110D9
:10B9F0000C70C6B9B91D4210C4C7E078E4C3A1C138
:10BA000040200E0708454024823057D96C72EA0C5A
:10BA1000A003C140031480304024C23057D986B8F7
:10BA2000031C02306C718C70AC70C346803F000008
:10BA3000DA0B2004C140B91581100C7087B9B91D0B
:10BA40004210C4C7E07FA6100001E0781F80E07FAD
:10BA500083100006E6C2BF812846EA0C6FEF084754
:10BA6000861D1810C140607F871D5810C6C6E0783B
:10BA7000E07F9C100000E078E8C3A2C15040F108CC
:10BA800071002845DF8340230F0780C27CD96C7288
:10BA9000E140660CA003061C033001148030381608
:10BAA00006104024423050200100011C4230071C87
:10BAB00002307CD96C718C70AC70520B2004E14068
:10BAC000402482312FD96C71E1401A0B2004061CEE
:10BAD00043300E86DE0BAFEE4830C00280C23CD948
:10BAE0006C75160CA003E1400214823021C40114CD
:10BAF00081300314833038160610C2BC53220E0165
:10BB000008BE402C0012C5796578CB46A100641EA2
:10BB100020B601B6412A8101412A4001412AC301D0
:10BB2000C0B9C0B864B623B602B64024C2317CD9CD
:10BB30006C718C70AC70D60A2004E140008E00ADB0
:10BB4000068E248E618E5668888E1569C4BB44208B
:10BB50000008842201006578376C4578257801ADAE
:10BB6000028E02AD038E03AD001805210C70C8C70C
:10BB7000E4C2DF8008453208E00307A60C70120813
:10BB80002000A1410C70831E1910C4C6E6C2BF81FB
:10BB900028463908B40008478C270290CC27829F9A
:10BBA0000000FF0025F480D9BA082000C140C3403E
:10BBB000484100006A08EFFFC1412C71520F200379
:10BBC000C140831DD81315F02C70460F2003C140CF
:10BBD0002C7092082000C140B9168010C141C6B82F
:10BBE000B91E02100C703A08EFFF831DD8130C70B9
:10BBF000360FA003C14183150016C6C6E2C20C7001
:10BC0000560FA00328459C150010C2C6E6C2430883
:10BC1000710023D83D0A1401A1890389E089C289F2
:10BC200008BD08B8C342A100641EE57DC578A0B276
:10BC300001B2018925B8C0B802B2018926B8C0B8DE
:10BC400003B2018927B804B25E0FA00360400C70F4
:10BC5000C6C6E0783F8080210709E07F0089E07850
:10BC6000E8C3A1C1BF8008463040560A2001021C2B
:10BC700005300A4714E85E1500168C20C38FCC20CF
:10BC8000828F0000800005F4541D1810C8C7520AA6
:10BC90002001C140147080DFCA270114541500161A
:10BCA000F170B9F28C27C39F1CE64024823039F230
:10BCB0008C27029083F440D96C723E0AA003C140E5
:10BCC00003148030381506104024C230C6B8031C57
:10BCD000023040D96C718C70AC7032092004C140C4
:10BCE000402482307CD96C720E0AA003C140031438
:10BCF0008030381506104024C23080B8031C023052
:10BD00007CD96C718C70AC7002092004C140402455
:10BD100082307DD96C72E209A003C14044F040D961
:10BD20006C72D609A003C140031480303815061088
:10BD30004024C23087B8031C023040D96C718C702B
:10BD4000AC70CA082004C140402482307CD96C7297
:10BD5000A609A003C1400314803038150610402402
:10BD6000C230A0B8031C02307CD96C718C70AC70EE
:10BD70009A082004C140402482307DD96C727A092F
:10BD8000A003C14003148030381506104024C2308F
:10BD9000A2B8031C02307DD96C718C70AC706E0837
:10BDA0002004C14003148030381506104024C230EE
:10BDB00082B8031C02307DD927F07DD96C723A0914
:10BDC000A003C14003148030381506104024C2304F
:10BDD000A2B8031C02307DD96C718C70AC702E0837
:10BDE0002004C140402482307CD96C720A09A0032F
:10BDF000C14003148030381506104024C23080B88A
:10BE00007CD9031C02306C718C70AC70FE0FE003A7
:10BE1000C140541DD813C8C7E2C3A1C140200D07BB
:10BE20004024823070D96C72A140CE08A003021C5D
:10BE30000530031480304024C23070D9A3B8031CED
:10BE400002306C719E0FE003A1406A08AFEE0C71E6
:10BE5000C2C7E078E2C3A1C140200D074024823070
:10BE600070D96C72A1409208A003021C0530031423
:10BE700080304024C23070D983B8031C02306C710A
:10BE8000620FE003A1402E08AFEE0C71C2C7E0784C
:10BE9000F81CC8B71CE04024C23170D96C71460F41
:10BEA000E003071C43300E08AFEE0C7108141F347A
:10BEB000E07EE078E6C2284602E8C6C6BF86552581
:10BEC0008F1D008F1F08BE00A142802243063C4EFA
:10BED00020D96C72C34413002CB83608A003C145A6
:10BEE000008F33087E0055268E18458509EAB91261
:10BEF000C0000F0813002186160CA003008644859D
:10BF000009EAB912C0000F0813002186020CA00331
:10BF10000086008F1B081E0146850BEAB912C1007E
:10BF20000F0913002186EA0BA0030086008F130877
:10BF30005E0121860086DA0BA0034985008F130875
:10BF4000DE0021860086CA0BA0034A85008F6F0899
:10BF50009E8121860086BA0BA0034785C6C6E0787D
:10BF6000E8C3A1C1BF802FD94C7008472E09A0019A
:10BF70006E8540271017C8DE4024823069D96C7264
:10BF8000760F60030240031480301F08BE005AD8A9
:10BF9000AB20080EC34020410000E20E4FEEC577F3
:10BFA0002F2687F3EAF56E852FD94C70EE08A00195
:10BFB000E1404024823038D96C723E0F6003024069
:10BFC00003148E30A1428022460B78D96C742A0F5C
:10BFD00060030240C340A0400000A20E4FEE402488
:10BFE00082307DD96C72120F6003024003148230DC
:10BFF0006E857DD9A2BAE140A208A001031C82305F
:10C00000402482307CD96C72EE0E6003024003142F
:10C0100082306E857CD980BAE1408208A001031C81
:10C0200082300C70560E6FEE9EB823BE53268E9053
:10C0300018F24024823077D96C72BE0E6003024041
:10C0400003148030381506104024C230C6B8031CD3
:10C05000023077D96C718C70AC70B20DE003024085
:10C06000C140C8C7E8C3A1C1BF802FD94C710846E1
:10C070002A08A0016E853C4E402482303BD96C7268
:10C08000760E60031040031480303708FE0014DF82
:10C090005AD8AB20080E402482303BD96C725A0E1D
:10C0A00060030240031480301708DE00C340C8421A
:10C0B0000000CA0D4FEEE5772F26C7F3EAF56E852F
:10C0C0002FD94C70D60F6001C1404024823038D93E
:10C0D0006C72260E6003024003148F3040248230BD
:10C0E0007DD96C72120E60030240031482306E859B
:10C0F0007DD981BAC140A60F6001031C8230402463
:10C1000082307CD96C72F20D6003024003148230DD
:10C110006E857CD980BAC140820F6001031C8230D9
:10C120000C705A0D6FEE9EB84B27009E60D8CA2047
:10C130002100C8C7F1C05F80B910810060824282CF
:10C14000C6B9B918420006EBB913C10017091200AD
:10C1500005EAB912C1000F0912002C74220820014F
:10C160004C70D1C0E07F0C70EAC3A1C1DF800845EC
:10C170001CE0402482307CD96C727E0D600310403C
:10C18000031482306E867CD9A0BAA1400E0F6001E4
:10C19000031C82300C70E60C6FEE9EB84024823097
:10C1A00077D96C72520D60030240031482306E86A0
:10C1B00077D987BAA140E60E6001031C8230402483
:10C1C00082307DD96C72320D6003024003148230DC
:10C1D0006E867DD982BAA140C20E6001031C8230F6
:10C1E000C340C8420000960C4FEE4024823069D90B
:10C1F0006C72060D60030240031482306E8669D9AA
:10C2000082BAA140960E6001031C82306E862FD93F
:10C210004C718A0E6001A1406E8633D94C717E0E3E
:10C220006001A1406E867ED94C72A1402E726E0EC6
:10C230006001031C8330C8DF4024823069D96C72EE
:10C24000B60C60030240031480302508BE00402471
:10C2500082305AD8AB20080EC340404000001E0C6C
:10C260004FEEE5772F26C7F3E8F512F07DD96C7213
:10C27000860C60030240031482306E867DD9A2BA18
:10C28000A1401A0E6001031C82302E702240CAC7E2
:10C29000E8C3A1C1BF8128472188A9468026861B03
:10C2A00020AE2288402482306C7221AE038856254D
:10C2B000811D00A93C4F7CD93E0C60031040031443
:10C2C000803021083E00502002006E857CD9E1407C
:10C2D000CA0D6001031C82307FD8A20B6FEE17B825
:10C2E0003815061078D96C738C70AC70C1421E0B77
:10C2F000E00302407FD8860B6FEE17B840248230EF
:10C3000077D96C72F20B6003024003148030381549
:10C3100006104024C23087B8031C023077D96C71F4
:10C320008C70AC70E60AE00302400C70C8C7E0787D
:10C33000EAC3A1C148470846ED09B4014A20C02814
:10C34000BF873C4F402482307CD96C72AA0B6003BB
:10C350001041031482306E857CD9A0BAE1403E0DB5
:10C360006001031C82304024823077D96C728A0BC2
:10C370006003224003148030381506104024C23078
:10C3800087B8031C023077D96C718C70AC70224076
:10C390007A0AE0030E70018E208E08B80579DC1D44
:10C3A0005C10038E428E08B84578DD1D1C10058E8A
:10C3B000448E08B84578DE1D1C102E7A2C70F20DC4
:10C3C0006000E140DD1542172C71E60D6000E14090
:10C3D000DE1542172C72DA0D6000E1406E852FD910
:10C3E0004C71BA0C6001E140458E6E853BD983BA31
:10C3F000AA0C6001E140402482307DD96C72FA0AB7
:10C4000060032240031482306E857DD9A1BAE140D9
:10C410008A0C6001031C82306E857ED94C737E0CC1
:10C420006001E1400240CAC7E2C2B910C300310B4B
:10C43000320008451F854080228006EAB912C000FC
:10C440001D08120005E9B911C000150812002C746E
:10C450004C712E0DE000A140B915831087BB0C7004
:10C46000B91DC210C2C6E078FAC2FC1CC8B6ACC185
:10C47000FF80104161170016CA1718174BC0CE0E67
:10C48000A00322401470FA0222008A23413940217D
:10C4900000274024823042D96C725E0A6003104744
:10C4A00003148030402482307CD94AC06C724A0A1E
:10C4B0006003E240031482306E877CD9A0BA224028
:10C4C000DA0B6001031C82300C70B2096FEE9EB86B
:10C4D0002C706A0F60002240E1408020060BA31000
:10C4E0008180008803E98AE804F004E82C7103F0F5
:10C4F0002C70660FEFFE22402C70F20AA000224042
:10C50000402482307DD96C72EE096003E24003144E
:10C510008030381706104024C23081B8031C023026
:10C520007DD96C718C70AC70E208E003E2400BDDE9
:10C53000A5775AD82F2647F3AB20080E11F2C34037
:10C54000B041000036094FEE402482302C736C72EB
:10C55000A6096003E24003148030D9089E81C340DD
:10C56000A042000016094FEE7C111020CD7042D978
:10C57000A7DA38100320224043C642C61E0B6001D2
:10C5800041C6181C003406C08A21063BCE70AE702E
:10C590004E708020050346C05AD8AB20080EC34019
:10C5A000A0410000D6084FEE84C212D907DB4A0929
:10C5B0006003E2401614803025C112148230151435
:10C5C0008C301314833011148D3032204B2608B870
:10C5D00008B908BA052014030521D3004B0B30100D
:10C5E000457D06C222D96C730E096003E2402F20FC
:10C5F00006052F21C604AE7A4830800048318100FC
:10C600004832820049C048C147C287C181C2B20ACC
:10C610002001224003C202C101C04832D402483185
:10C62000D3024830CD02AE78C5712F21C6042F2227
:10C63000060500221220CF78002555205D0834829F
:10C6400000269620322040261470C42E2122C42DAC
:10C650002122C42A21221EF21FDD4832922019BD58
:10C66000EE0B6FFE00324023483595200846E20B62
:10C670006FFE00354023483696201040D20B6FFEE7
:10C68000003640234830D6024830D5224836D212F0
:10C690004241A240C242802108008020080080223E
:10C6A00008002578057A50788C20CF8FD2002D0095
:10C6B0004E2610204E250E204E220D2081C02241F4
:10C6C000081C04348342C3B28A086001A2B22C71F0
:10C6D0002240DB1F1C14DA1F9C13620D6000D91F5F
:10C6E0005C13402482307CD96C720E086003E240F7
:10C6F000031482306E877CD980BA22409E09600183
:10C70000031C82300C70760F2FEE9EB80BC08B206E
:10C71000838F19F4402482307DD96C72DA0F2003A4
:10C72000E24003148030381706104024C230A1B80C
:10C73000031C02307DD96C718C70AC70CE0EA003DE
:10C74000E2408C2041BF0EF28C2083BE0CF28C2084
:10C7500007BD0CF28C200FBA2C7009F42C7107F075
:10C760002C7405F02C7303F02C728208A000224078
:10C770006E870AC242D92609600122406F73634066
:10C78000ACC004141B34DAC61F80E07FCA10000757
:10C79000E4C3A1C108451F8028462FD94C716E8083
:10C7A000FA086001A1402F0EB0101CE5410E701078
:10C7B000402482300C70AFEE4024823036D96C7247
:10C7C000360F2003A14003148E304024823037D925
:10C7D00018F0402482303AD96C721E0F2003A14019
:10C7E00003148E30402482303BD90CF038D96C725F
:10C7F000060F2003A14003148E304024823039D923
:10C800006C72F60E2003A14003148030C2B808B841
:10C81000C578C4C7E4C3A1C13D09B00040200D07DD
:10C820005D097000402482307F0931000C70402483
:10C83000823074D96C72C20E2003A14003148E3072
:10C840004024823077D96C72AE0E2003A1400314CD
:10C85000803027F04024823076D96C729A0E200303
:10C86000A14003148E304024823077D96C728A0E36
:10C870002003A1400314803024B813F075D96C72E2
:10C88000760E2003A14003148E304024823077D9E5
:10C890006C72660E2003A1400314803022B80EB8DB
:10C8A0000E7846B8C578C4C71F80E07F61100006C7
:10C8B000ECC33041B911C10009093200A6C1CCC78F
:10C8C0007C1110208A210703CB451300345E3220EF
:10C8D0004120A30930006218182088110020701030
:10C8E000022671100326701818208C1101200220D6
:10C8F00080807118582002086FE30321C180084628
:10C90000060DE00222402C85003040000736017001
:10C910007A47000002318003073040005020C107F1
:10C920000431808F4C3ECDCC4A000600C3428F3D7F
:10C93000295C043080800AF6C3418FBD295C043035
:10C9400040800042CA22450072100126C340C842FE
:10C9500000000032030001324100B7B8003100008E
:10C9600072185820013300004830C002220D200305
:10C970000D78D2108020CE108320D0108120D110CD
:10C980008220CD108B20CF108C2008B808B908BBAE
:10C99000457885790523C3020E7A2E796E78483260
:10C9A0008200483181004830800042C241C140C00D
:10C9B00080C183C222400A0FE000402412302B8540
:10C9C00004C003C26885EA85C9851C150B10A685BD
:10C9D000003049000032C10005C401304800003079
:10C9E00040034A24C070013201000032C00301300C
:10C9F000430200348013013002100034C01241C2DF
:10CA0000013101000134C0108D7040C1081C00309C
:10CA1000A82080081520002315220D235520830E01
:10CA20000085208301304200C3410000FF7F48326F
:10CA3000C00248308B0040A50232C2021309220016
:10CA400040A3C341FFFF00803070CA210A008571F6
:10CA5000B01B4000C340A100381E208804E9001824
:10CA60000300CCC76210012660792240CCC7E07871
:10CA70001F80E07F641000061F80E07F63100006C7
:10CA8000ECC3A1C128472968704050418D09750247
:10CA900024D87C100D20252040000AF01FF023F040
:10CAA00026F03DF041F03AF043F04AF02C706A0D68
:10CAB000EFFF0240D91D1C102C715E0DEFFF0240EC
:10CAC000DA1D1C102C72520DEFFF0240DA1503170D
:10CAD000D9150217DB1D1C106BF05625401D208850
:10CAE00003F0D61581100C70C0B926F0A94602409B
:10CAF000720CAFFF8026061B792000001B7800AE69
:10CB000000AF028E01AF238E5625801D22AF2088F4
:10CB10000C7023AF00190521CCC78025861A208D03
:10CB20000C70C1B908F080250713208D03F0E715BC
:10CB300081100C7020AF00194520CCC702402A0D8F
:10CB4000AFFF40200E2710424024823077D96C720C
:10CB5000A60B2003C140130A30200314803038157F
:10CB60000610C6B804F03815061087B8031C02304A
:10CB70004024C23077D96C718C70AC708E0AA003DF
:10CB8000C1402C700E0CEFFF0240DC1D1C102C71FC
:10CB9000020CEFFF0240DD1D1C102C72F60BEFFFA4
:10CBA0000240DD150317DC150217DE1D1C1041289D
:10CBB000010240AF62AF28BA28BB04AF0C7025AFAA
:10CBC00041AF63AF00198521CCC7E078FAC3822456
:10CBD0000239BF804CC02C70A1408020C20FA60C2F
:10CBE0002FF114DA0CC0CD7023D901A57FD817B866
:10CBF0000EA50CC0611D98132DA51F8071189803F8
:10CC00007018980372189803802007036A0A20039B
:10CC1000C0A80CC00CC50024823F0000A3007DD931
:10CC20001F801CE56C71A1189C03A140A31C8330DC
:10CC3000B209A003A01C84338A26BF1D0AE68C26F5
:10CC4000C39134032D005524023A2C736C72AA0A46
:10CC50002003A1405E0A2FEE0AD8A1148030E1081B
:10CC60009E81CD700024823F0000A3007DD96C71AD
:10CC7000A1407209A003A31C82330CC0DA0FAFFEDF
:10CC80002C710CC02C7025DA1F804BC05520800EF3
:10CC90004AC0F20B2FF180C00AC080C25ED9C2A088
:10CCA000C1A0C0A025DB520A2003A140011480309E
:10CCB00018149F30221493305DC0031480300D147B
:10CCC0009230101490305CC00514803013148F30F3
:10CCD000171494305BC023C00B1491300E148B30AA
:10CCE00053C01214803011148E301D148C3052C079
:10CCF000402F0036981C0030402B0026941C00303A
:10CD0000402A80268C1C003040288026881C003059
:10CD1000402F8016841C003044248020801C00306A
:10CD2000532340205FC06C2240215EC040298021F7
:10CD300054C06C204021901C0030402B801155C005
:10CD40006C274011081485304EC0166E21148430B3
:10CD500056C0442780300A1489304FC0402C8013BD
:10CD6000091488309C1C0030402D80011E14813035
:10CD700050C0402C80031F1483304DC040298011C7
:10CD800028C251C04028801157C0166958C0166B80
:10CD900002149E3059C0166A5AC01DC0402E1E3261
:10CDA0000614963005261E3098140030402FCE33DE
:10CDB0006C141F30422897069414003007149530E5
:10CDC000402E162205279F35422896068C140030E7
:10CDD000402DD526422DD0264228950688140030B5
:10CDE000402C18260F148D304228940684140030ED
:10CDF0002314863010C2422893060EC0402D4B11DA
:10CE000044260D06402819029C140030402D811242
:10CE10000DC5057A11C00414873070141130057DDA
:10CE20000AC0402F07020521D12118188407422883
:10CE300098360BC06C244F014424080C81185C0404
:10CE4000442412030AC0801404307C1405301C18DA
:10CE5000C4071EC30BC044240913402C440283188A
:10CE60001C04402D05020AC008BB90140C30201889
:10CE70000406052444010BC008BC8426010885185B
:10CE8000DC05402EC7000AC03C1406300526CE1231
:10CE900024188405402E46020BC04029091308BF00
:10CEA00087185C0540288B120AC0402A0823AE7DF3
:10CEB0002818040526BD0BC08918DC0414C0052001
:10CEC000C50015C0052643104E7E05201E0316C062
:10CED00018C205278C010521193017C0E57A6E7F2D
:10CEE0000520460219C012C31AC10520C002657C84
:10CEF0004E7B0E7A0AC0052101022F20461126BE64
:10CF000041288811DCB0BEB02C1804022F278607F8
:10CF10000BC0412F87012F2146168B18DC014129B8
:10CF200089110AC025BF2F26860130184402FAB0A5
:10CF3000412E86010BC026BB4C140B3091189C016E
:10CF40009318DC0026BA0AC005230B112E7940186D
:10CF50008400402B4B150BC015BC26B9422B4B153A
:10CF600055BC95185C008D18DC028F181C03E20874
:10CF7000EFFE0CC00CC16A0D20000C700C70DAC7FB
:10CF8000ECC3A1C1DF80104160DF5E1600168C206B
:10CF90000280CC20828F0000FF00B1F261160016E3
:10CFA0008C200280CC20828F0000FF00A7F240215D
:10CFB0000027402482307CD96C723E0FE002104280
:10CFC000031482306E867CD9A0BA2240CE0820019C
:10CFD000031C82300C70A60EEFED9EB84024823008
:10CFE0007DD96C72120FE0024240031480306E86CD
:10CFF0007DD94620800182B8031C02300F7A9E083A
:10D00000200122406E862FD94C71920820012240C7
:10D010006E8633D94C708608200122406E867ED9F8
:10D020004C727A08200122408A2503128A20812628
:10D03000402482306ED96C724240BE0EE002AB20BA
:10D04000082E0314803019081F00C340204100003F
:10D050002A0ECFEDA5772F2647F3ECF56E862FD954
:10D060004C703A08200122404024823038D96C723A
:10D07000860EE00242400314803023B853208080A3
:10D08000031C02303BF4402482306ED96C726A0E6D
:10D09000E002424003148D30402482307DD96C720E
:10D0A000560EE0024240031480306E867DD9462041
:10D0B00082012240E60FE000031C823040248230CF
:10D0C0007CD96C72320EE0024240031482306E86CC
:10D0D0007CD980BA2240C60FE000031C82300C705D
:10D0E0009A0DEFED9EB8170D7E1061DF0F0DBE108B
:10D0F00062DFE3BD64DFCA27A210E140CCC7E0785D
:10D10000E6C3A1C1DF814A2400710043C340A100EE
:10D110005C4128452C700042A820C00108120F0570
:10D120000D0FC51024712C748A271F143678418086
:10D130002288A140631E9810B20E2000CA1EDC1384
:10D140003C4D4024823043D96C72AE0DE002021C8B
:10D1500005300314803080260511A14100AEE2099C
:10D1600020030C70E140C6C7E6C3A1C1BF804020C8
:10D170000E072847402482307CD96C727A0DE00279
:10D18000C1400314803038150610F570A2B8CF20C6
:10D19000A200031C02304024C2307CD96C718C7018
:10D1A000AC706A0C6003C140C6C7E078E8C3A1C197
:10D1B000DF80484730402FD96E864C71DE0EE0008C
:10D1C00008458308B0201CE5E70870204024823021
:10D1D000710831204024823036D96C721A0DE00279
:10D1E000A1404024423036D96C71A140F60B600357
:10D1F000011CC233BE0CEFED0C71011480304024D1
:10D20000823037D9721E02106C72EE0CE002A1401F
:10D210000314823028BF532781106C2280002578A8
:10D22000011C02304024423037D96C71B60B6003C8
:10D23000A140820CEFED0C7101148030731E0210BE
:10D24000C8C7402482303AD96C72AE0CE002A140CB
:10D25000402442303AD96C71A1408A0B6003011C12
:10D26000C233520CEFED0C71011480304024823037
:10D270003BD9761E02106C727E0CE002A1400314B2
:10D28000803028BFC2BF6C208000E578011C0230CE
:10D29000402442303BD96C714A0B6003A140160C0C
:10D2A000EFED0C7101148030771E0210C8C738D919
:10D2B0006C72460CE002A1404024423038D96C71B7
:10D2C000A140220B6003011CC233EA0BEFED0C718D
:10D2D000011480304024823039D9741E02106C72DF
:10D2E000160CE002A1400314803028BFC2BF6C209E
:10D2F0008000E578011C02304024423039D96C713D
:10D30000E20A6003A140AE0BEFED0C710114803016
:10D31000751E0210C8C7E078E6C3A1C1DF80484788
:10D320006109B00040200D07A5097000402482303B
:10D33000347082F44024823074D96C72BA0BE002EB
:10D34000A1404024423074D96C71A140960A600318
:10D35000011CC2335E0BEFED0C71011480304024D0
:10D36000823077D9B01E02106C728E0BE002A140A1
:10D370000314803028BFC1BF6C204000E5784CF01A
:10D380004024823076D96C726E0BE002A1404024BA
:10D39000423076D96C71A1404A0A6003011CC23345
:10D3A000120BEFED0C71011480304024823077D9DC
:10D3B000B21E02106C72420BE002A14003148030D6
:10D3C00024BF4427011C4620000C25F075D96C723F
:10D3D000260BE002A1404024423075D96C71A14077
:10D3E000020A6003011CC233CA0AEFED0C7101147A
:10D3F00080304024823077D9B11E02106C72FA0A54
:10D40000E002A1400314803026BF442701134620C8
:10D4100000032578011C02304024423077D96C711A
:10D42000C2096003A1408E0AEFED0C710114803037
:10D43000B31E0210C6C7E078E6C3A1C1BF8040207A
:10D440000F0728464024823077D96C72E140021CD5
:10D450000530A60AE002011C033003148130166E69
:10D46000842001008421C20F2578011C0230402451
:10D47000423077D96C716E096003E1400E85360A3F
:10D48000EFED4830C002C6C7E6C3A1C1BF8040204F
:10D490000E072847402482306BD96C725A0AE0028A
:10D4A000C1400314813079270210146AA4B93815D9
:10D4B00006100579A1408020460A40A8031C42308E
:10D4C0004024C2306BD96C718C70AC703E09600323
:10D4D000C14003148030A71D0210C6C7EAC3A1C112
:10D4E000BF81284608478908730440211107F57257
:10D4F000380126005625401D0088147036F440245B
:10D5000082307DD96C72F209E0022240031480302F
:10D51000B115021650204100110AB500031C42301B
:10D5200046208102031C42306E852F7A7DD96E0B16
:10D53000E000C140402482307CD96C72BA09E0021C
:10D540002240031482306E857CD980BAC1404E0BD4
:10D55000E000031C82300C702209EFED9EB8B91672
:10D560008010C6B8B91E02106D02000091E79CF24F
:10D570008C270290CC27829F0000FF0064022200CB
:10D580008A20860A09654024823034713040B6F41E
:10D5900042D96C726209E0022240031480303815CF
:10D5A00006104024C23085200300031C023042D9FB
:10D5B0006C718C70AC70560860032240402482303D
:10D5C0007DD96C723209E00222400314803090153C
:10D5D00001179115031792150217381506104520EB
:10D5E0008002A31D5C10A41DDC10A51D9C10031C53
:10D5F00002304024C2307DD96C718C70AC700E0842
:10D6000060032240402482307CD96C72EA08E00238
:10D610002240031482306E857CD9A0BAC1407E0AB4
:10D62000E000031C8230D8F090E7DCF45609EFFFED
:10D63000C140611D5910B91682106C708C70C6BA49
:10D64000B91E82104C7000410E09E002C140E08515
:10D650000DEF2D876079E1405687A4170011607A9D
:10D66000E1414E870C71607AE1412D8623D80DA5EA
:10D670006079C1405686A4160011607AC1414024E9
:10D6800082307DD96C727208E0022240031482302D
:10D690006E857DD9A1BAC140020AE000031C823028
:10D6A00010DDA2F061150F168C27C39F04F2FFD87E
:10D6B000C1418BFFC140B60D6FFF8A20062B32257A
:10D6C0000114104085E92C718E0D6FFEC140820956
:10D6D000AFFEC140DB154417DA154317D9154217C1
:10D6E000C1405E08E00202418C27C39F11DD7CF23D
:10D6F000E140C1417AFF78F07CD96C72FA0FA00248
:10D7000022404108B120031480303815061080B83B
:10D71000031C02304024C2307CD96C718C70AC7018
:10D72000EA0E200322404024823042D96C72CA0F94
:10D73000A00222400314803038150610C5B81DF031
:10D7400038150610A0B8031C02304024C2307CD922
:10D750006C718C70AC70B60E200322404024823075
:10D7600042D96C72920FA002224003148030381507
:10D770000610C5B887B8031C02304024C23042D915
:10D780006C718C70AC70860E200322404024823075
:10D790007DD96C72620FA002224003148030931571
:10D7A0000117941503179515021738150610452013
:10D7B0008002A31D5C10A41DDC10A51D9C10031C81
:10D7C00002304024C2307DD96C718C70AC703E0E3A
:10D7D000200322400C70C1414E0BE002611DD813A2
:10D7E00061150D16A140CAC7F81CC8B75F80C2B941
:10D7F000071C42301CE0381206004024C23143D9D5
:10D800006C718C70060E2003AC7008141F34E07E1F
:10D81000ECC3A1C1BF814A244071CB46A100444161
:10D820003041402112072C700A228003A820800278
:10D8300004120305483303000433008043F62471C7
:10D840002C75357E0B692708F500E28EB1408020EB
:10D85000862A001080201708B100FFD82241820CD0
:10D86000EFFF001803200018832000964024823028
:10D8700042D948300000641D18106C727A0EA00264
:10D8800042400314803038150610C3BF6C20C0001E
:10D89000E578031C02304024C23042D96C71C34485
:10D8A000140078324240660D20030A2540044024CB
:10D8B000823043D96C72420EA00242400314813080
:10D8C000641500168025051120ADCCC7E8C2047789
:10D8D0007040284588E004012D0024DE7C100F20D4
:10D8E0002520000009F03CF050F05AF066F03DF0C1
:10D8F00074F041F043F0018D608D08B8057BD91FAD
:10D90000DC10238D028D6E7C08B90579DA1F5C105E
:10D91000058D448D2E7908B84578DB1F1C100E7AD2
:10D920004E0AE0028140B50831002C700240EE0939
:10D93000EFFF8142DA1742172C71E209EFFF024034
:10D94000DB1742172C72D609EFFF02402C71EE0A4A
:10D95000EFFF0240FA0E6FFE024020F0A140820865
:10D96000200002411AF0008D80270713CD70C0B847
:10D9700029F04E0EA000024006F0A1404041B60939
:10D980006FFF024208462AF0008D44204100024009
:10D99000DA0FAFFFD61F4210CD7020F02C70BA0AFC
:10D9A0006FFE0240008D11E82908710023DEBE0FD2
:10D9B0002FFF024008460EF0008D8027861ACD709A
:10D9C000C1B800AF0AF0A1400241CA086FFFCD7094
:10D9D0002C71860A6FFE0240C140C8C6E4C20088AE
:10D9E000BF812846442041805625401D20A819F4B7
:10D9F0008A20460A08651D0871002C708E0AEFFF08
:10DA0000C140D615801086E82C70620FAFFFC14070
:10DA1000611500161BE83F0871000C7118F02C709E
:10DA2000360A6FFEC1401F868020460A00888AE8B9
:10DA30002C713A0FAFFFC1402C71520AEFFFC14069
:10DA40002C71160A6FFEC14005F00C70920AEFFFB0
:10DA5000C1410C70C4C6E0785F8120456C72761AB3
:10DA600018008022C3053C49C3441300D8BDA1045B
:10DA7000A0021CD95F81204516DB5D1A18008022A8
:10DA8000420F3C49C344130050E98504A0022C73A3
:10DA9000F8C3A3C1304103E8D8C77C111020B911E5
:10DAA000C0202C1015200810182004101420147009
:10DAB00044F6BE10C02014705C012A0055208E2F41
:10DAC000820C4FEE1043D416C0903042D016C19055
:10DAD000CB108820C7108B20CA10C32008B8C910EB
:10DAE0008C20C3421300345E08B9052000020521D2
:10DAF000C10248308B00028208BB857B48318C0014
:10DB0000258200300003483383000130C6000482C0
:10DB10000031C900208200300003CB45A100201E47
:10DB20000031C10001304302018201310803238228
:10DB30000030C002101516100031C1020130001073
:10DB400014151710013642000133C102FC8640C093
:10DB5000022380A542C10322C1A59E0DAFE241C2AE
:10DB60000730800F7A47000007360270803F0000C0
:10DB70000037801F8C3FCDCC0432008090002600FF
:10DB80003D26C1243D2780240C22C0A5CA20410087
:10DB90007D0811000037801F663F666604320080F2
:10DBA0006C002C004A24C0704A240010A8204008B1
:10DBB0001520002380C15520430F957940830081B3
:10DBC00001308200C3400000FF7F40A14832C10203
:10DBD00048318B000232C2021308620040A3C340E6
:10DBE000FFFF00801071CA204A00857119A3208DA3
:10DBF0000BE9048D0D0901003F86607922400C700D
:10DC0000047104AD04F03F8660792240101DC014F9
:10DC1000141D8014530C302055218D28B914C020B8
:10DC200047081300BE1080203F08BE0182422185B4
:10DC3000DE0EA0020085330D1020B915C0202B0880
:10DC40001300E510812011E9E6108020150921005C
:10DC5000A2422185BA0EA00200850C70E6180320AE
:10DC60000471E6180220177018F3B910C030147050
:10DC70002806CAFFBE108020E5B810F32185008574
:10DC80008E0EA0020342D8C7E8C3A1C10845B6D88A
:10DC9000021C0430FE092FFFA14040250F1740242D
:10DCA00082307ED96C713E092003E140060AAFED57
:10DCB0000C72E2092FFFA140402482302C706C725C
:10DCC000360AA002E140E108310022DE0314803070
:10DCD000D508B10A21DED6082000A140D340803FFC
:10DCE00000004024423053D96C718C70AC70E1401C
:10DCF0000A260004011C833212092003CD7040243F
:10DD0000423055D96C718C70AC70E1400A26000429
:10DD1000FA082003011C82334024423056D96C712A
:10DD20008C70AC70E1400A260004E2082003011C5C
:10DD300082334024423054D96C718C70AC70E14015
:10DD40000A260004C6082003011C83322C702E0D05
:10DD50006FFEA14010402C71220D6FFEA1400847BC
:10DD60002C721A0D6FFEA1400041FFDA80213E00A7
:10DD700008BA30792909A4008A213E003B67707BEC
:10DD80001D0BA400027130791509A40005270F149A
:10DD900005273E9004F2C2082FFFA1404E850C706B
:10DDA000607AA141C140C8C7EAC3A1C108461F802B
:10DDB000CB45A100FC206C7008D940250C168DBB0A
:10DDC00024DA8CB9C2185803C118180380208C0FAC
:10DDD00040260F1760B0A2188280C018C381BE18F9
:10DDE0004480402482307CD96C720E09A002E1404C
:10DDF000031480304024C2307CD9A0B8031C023008
:10DE00006C71E20FE002E1401040AA08AFED0C7126
:10DE1000AB0831204024823059D96C72DA08A00254
:10DE2000E140031480304024C23059D9A0B8031C0B
:10DE300002306C71AE0FE002E140830831005425DE
:10DE40001019AD708A210220B07AC140BE0CE002E8
:10DE500002411B09852F0000002055211128552063
:10DE6000102855250D1872E829F0A9E840248230C1
:10DE700059D96C728208A002E1400314803040241A
:10DE8000C23059D980B8031C02306C71560FE002C1
:10DE9000E14014DD4024823021D96C725A08A0027E
:10DEA000E14003148030170870007FD8CE0F6FED6B
:10DEB00017B8A5772F2647F3EEF5CAC778880C70F8
:10DEC0000A21800FA100D820011182040B0BA000B1
:10DED00014760471BAF7E07F38238000EAC208455F
:10DEE000CD70CB47A100D82001179014188D3308AE
:10DEF0000004AE0D0FEE1E0C2FEE1041004202404A
:10DF0000960D2FEE22410DE82F80407900418C20A4
:10DF100002800C71CC21828F0000FF0005F2C571D8
:10DF2000C90ED4910C70CAC6E4C3A1C140200E072B
:10DF300008454024823057D96C72BE0F6002C14040
:10DF4000031480304024C23057D9A5B8031C0230D6
:10DF50006C718C70AC70C346803F0000AE0EE00266
:10DF6000C140B91581100C70C6B9B91D4210C4C7A3
:10DF7000E4C3A1C140200E0708454024823057D990
:10DF80006C72760F6002C140031480304024C230AE
:10DF900057D985B8031C02306C718C70AC70C346C5
:10DFA000803F0000660EE002C140B91581100C7080
:10DFB00087B9B91D4210C4C7E07FA6100001E07800
:10DFC0001F80E07F9F100006E6C2BF812846760FC3
:10DFD0002FEE0847A11D1810C140607FA21D5810E8
:10DFE000C6C6E078E07F9C100000E078E6C03F08FD
:10DFF0005100C343A100701E008B00A9038B828BCC
:10E00000C18BB668E48B156CC4BE4420000884251F
:10E010000110C578976FA578857801A9068B02A9AC
:10E02000078BC2B803A9001A05010C70C6C4E078BA
:10E03000E2C2BF80004109A5120820000C700C70DC
:10E040009F1D1910C2C6E078EAC3A1C1BF8128464E
:10E050003508B40010408C2002A0CC2082AF000014
:10E06000FF0054F480D9FE0BEFFEC140560B200296
:10E07000C140C34048410000A60BAFFEC1419F1DF7
:10E08000181444F02C70DE0BEFFEC140FF863C4EAE
:10E0900080C22FD96C71001C83304A0DE002104100
:10E0A0000E87120E6FED4830C002C341A100701EF2
:10E0B000609103918289438960C3021C023028B8B1
:10E0C000248928BB05BC06BA4420CF09C4BB44241C
:10E0D000001884220100657807B945782578011C6D
:10E0E000023080C230D96C742240FA0CE002031C6A
:10E0F000C233B9168010C141C6B8B91E02100C70E7
:10E100001E0BAFFE9F1D18140C701E0AA002C14109
:10E110009F150016CAC7E078E2C20C703A0AA00246
:10E1200028459C150010C2C6E6C24F08710023D8CE
:10E13000490A1401E1890389C089A28908BF08B886
:10E1400004278C1F0000001F84201C00C342A10074
:10E15000701EC57CA57880B203B2018925B8C0B80D
:10E1600002AA018926B8C0B803AA018927B804AA5F
:10E17000520A200260400C70C6C6E078E4C3A1C118
:10E1800045093101484640200D074024823058D9C6
:10E190006C72660D6002A14003148230126E44203E
:10E1A0000101502280002578031C02304024C23037
:10E1B00058D96C718C70AC70C346803F00004E0C17
:10E1C000E002A140C4C7E078E4C3A1C140200E072B
:10E1D00008454024823057D96C721E0D6002C14040
:10E1E000031480304024C23057D9A1B8031C023038
:10E1F0006C718C70AC70C346803F00000E0CE00266
:10E20000C140B91581100C70C6B9B91D4210C4C700
:10E21000E4C3A1C140200E0708454024823057D9ED
:10E220006C72D60C6002C140031480304024C230AE
:10E2300057D981B8031C02306C718C70AC70C34626
:10E24000803F0000C60BE002C140B91581100C7080
:10E2500087B9B91D4210C4C7E07FA6100001E0785D
:10E260001F80E07F961000065F8120456C73951A31
:10E2700018008022C3063C49C3441300D0E7910430
:10E2800060021ED9E07F9C100000E078E8C3A6C1C0
:10E29000504028461471031C033080F440230D07BE
:10E2A00081C27CD96C72520C6002A140051480308E
:10E2B000402482307CD9031C0230A0B8021C0230FA
:10E2C0006C718C70AC70C346803F00003E0BE00266
:10E2D000A140402482302FD96C71A140060BE0028E
:10E2E000021CC33081C230D911DB0E0C6002A14088
:10E2F0004024413110DA4A0F6FE2C140402482309D
:10E300002FD96C71A140DE0AE002021C033181C2E8
:10E3100030D911DBE20B6002A140284E402441318C
:10E320001E0F6FE210DA402482302FD96C71A140A9
:10E33000B20AE002021C433181C230D911DBBA0BB0
:10E340006002A140484E40244131F60E6FE210DADF
:10E35000402482302FD96C71A1408A0AE002021C4D
:10E36000833181C230D907DB8E0B6002A140684E39
:10E3700040244131CA0E6FE24C764024C2307CD931
:10E380006C718C70AC70C346803F00007E0AE00266
:10E39000A14036D8001804200C70C8C7F1C0004155
:10E3A0001F807FDB4C7017BB9618980024A0DC18E8
:10E3B0008400DB1882006EA00E0820000C70D1C013
:10E3C000E07F0C70ECC3A2C17C1110002845D90875
:10E3D000B40010418C2102A0CC2182AF0000FF00CC
:10E3E000BDF480D97E08EFFEA140DF8540250F17E0
:10E3F0004024C2307CD96C72E140FE0A6002071CE6
:10E40000033021C03816061040244230071C023069
:10E41000A0B8011C02307CD96C718C70AC70EE0914
:10E42000E002E140402442302FD96C71E140B6094E
:10E43000E002011C83314024C23032D96C73BA0A25
:10E440006002E14021C2051481306C7280BA84B947
:10E45000011C8230021C42304024423032D98609ED
:10E46000E002E140402442302FD96C71E14076094E
:10E47000E002011C03303E0A6FED32D83816061058
:10E480004024C2317CD96C718C70AC707E09E00282
:10E49000E140C34048420000860F6FFEA14196183C
:10E4A00058245DF02C70BE0FAFFEA140FF85CD70EB
:10E4B0003C4D4024C2307CD96C72061C82333A0A2F
:10E4C0006002104221C03817061081C2502001009E
:10E4D00061C1061C02307CD96C718C70AC702E0945
:10E4E000E0024240402442302FD96C714240F6088D
:10E4F000E002011C83314024C23032D96C73FA0926
:10E5000060024240051480304024423032D9A4B821
:10E51000021C02306C724240CA08E002011C8233C5
:10E52000402442302FD96C714240BA08E002011CED
:10E53000823382096FED32D83817061040248231B9
:10E540007CD96C718C70AC70C208E00242400C70D7
:10E55000A141CE0E6FFE961858240C70CA0D6002B1
:10E56000A14196100026CCC7E2C20C70EA0D6002F1
:10E5700028459C150010C2C6E4C3A1C128452C70D3
:10E58000D3087100011C4230CB0AB40D23D94023BB
:10E590000E07402482307CD96C725E096002C14053
:10E5A0000314803080C27CD9011C0230A0B860C046
:10E5B0006C718C70AC70C346803F00004E08E00266
:10E5C000C14080C22FD96C71C1401A08E002001C02
:10E5D000C33030D910DBC1400A08E002A14280C23A
:10E5E0002FD96C71C140FE0FA002001C03314025E1
:10E5F000021430D910DBEE0FA002C14080C22FD927
:10E600006C71C140DE0FA002001C4331402502188E
:10E6100030D910DBCE0FA002C14080C22FD96C715F
:10E62000C140C20FA002001C83314025021C30D91A
:10E630006C76B20FA002C140402442307CD96C718C
:10E640008C70AC70C346803F0000C20FA002C14076
:10E650002C702040C4C7E078E4C3A1C140200E075D
:10E6600008454024823057D96C728E086002C14040
:10E67000031480304024C23057D9A1B8031C0230A3
:10E680006C718C70AC70C346803F00007E0FA0029E
:10E69000C140B91581100C70C6B9B91D4210C4C76C
:10E6A000E4C3A1C140200E0708454024823057D959
:10E6B0006C7246086002C140031480304024C230AE
:10E6C00057D981B8031C02306C718C70AC70C34692
:10E6D000803F0000360FA002C140B91581100C70B8
:10E6E00087B9B91D4210C4C7E07FA6100001E078C9
:10E6F0001F80E07F8A1000067F810042941B180073
:10E700002040007AE07F9C100000E078F1C05F803C
:10E7100000417FD817B80EA20C708A1A190012088F
:10E72000200025A2D1C0E07F0C70E078EAC3A2C12E
:10E73000BF812846BB08B40010408C2002A0CC202A
:10E7400082AF0000FF00A5F480D91A0DAFFEC140D2
:10E75000FF863C4E402442307CD96C72071C03304B
:10E76000960F20021041021480303817061081C223
:10E77000071C0230A0B861C07CD96C718C70AC7081
:10E780008A0EA002224081C22FD96C712240560EFF
:10E79000A002041C83314024423032D96C735A0FDA
:10E7A00020022240031480300214813081C283B8D9
:10E7B00061C1051C023032D96C722A0EA0022240BF
:10E7C000F20E2FED32D8381706104024C2317CD912
:10E7D0006C718C70AC70360EA0022240C34048426F
:10E7E00000003E0C6FFEC1418A1D181451F02C70C0
:10E7F000720CAFFEC140FF863C4E402442307CD9B3
:10E800006C72061C0330F20E20021041021480309C
:10E81000381706104024823050200100021C42307C
:10E82000061C02307CD96C718C70AC70DE0DA002BD
:10E83000224081C22FD96C712240AA0DA002041C73
:10E8400083314024423032D96C73AE0E2002224014
:10E85000031480300214813081C2A3B861C1051C49
:10E86000023032D96C727E0DA00222403817061099
:10E87000402482317CD96C718C70AC708E0DA002FA
:10E8800022400C70C1419A0B6FFE8A1D18140C7047
:10E89000960A6002C1418A150016CAC7E2C20C700E
:10E8A000B60A600228459C150010C2C614702040AC
:10E8B000E07D3F80951101060079E078E6C1A3C1B3
:10E8C0009F80AD7042C58140802045036188C0882B
:10E8D000F7108F8008BB657EC2BF41C540C5DB0E07
:10E8E000801F00000080A1140017CF0E2010CE78EA
:10E8F0008314431748308B00483380000030830F67
:10E90000004300000033801F003F00004A24C07015
:10E910000130C000A11C9C13412803040030880F63
:10E9200000380000CD70C347003C0000991C1C104B
:10E930009A1CDC10A82041001424801380C38A1084
:10E940004B07152386038710430748338410841030
:10E950004B07483385008D1043078010400748332C
:10E960008B104833830048309E000033C0110033C1
:10E970008B0F00390000003000100034840F003A83
:10E9800000000130830F803F00000030C0120035CE
:10E99000C50101340B0000338007152489130030B2
:10E9A000C00200304311C5719B191C1030B8001E05
:10E9B000C0009C191C100C714A24C0700028C003B0
:10E9C00048308700A820800C1424401315244B13D2
:10E9D000961043079C130E1740240930A3104007DC
:10E9E00048338600F0214313402E09149B130E1761
:10E9F00048308000F021480301338B0F803F000036
:10EA000001300300052180130030C0010133830170
:10EA1000013000100033C3010030C00215224F0343
:10EA20000130C000A57100A7C6C5E0785F81204510
:10EA30003C498022050322D9C3441300B4D9D10430
:10EA400020026C73E4C3A1C140200E070845402496
:10EA5000823057D96C72A20C2002C140031480305E
:10EA60004024C23057D9A4B8031C02306C718C709A
:10EA7000AC70C346803F0000920BA002C140B915A4
:10EA800081100C70C6B9B91D4210C4C7E4C3A1C13E
:10EA900040200E0708454024823057D96C725A0C2A
:10EAA0002002C140031480304024C23057D984B8BA
:10EAB000031C02306C718C70AC70C346803F000048
:10EAC0004A0BA002C140B91581100C7087B9B91D5D
:10EAD0004210C4C7E07FA6100001E0781F80E07FED
:10EAE00077100006E4C2DF8128456C72781E18108A
:10EAF0003C495526021E20D98C70160C2002A145D7
:10EB0000781601166079A140C4C6E078E07F9C10B9
:10EB10000000E078E6C06B08F1014046C340A10068
:10EB20003C1E62908490C69060A9412B08026E90B2
:10EB300082A9E8904A90AC90412C0B12412B09021B
:10EB40006CA9709092900088C4A9E6A948A9AAA9C6
:10EB500028BE28BF28BA28BD6EA990A928BB28BC0A
:10EB600012A9011902020319C202C5A9E7A949A9FC
:10EB7000ABA90D1942026FA991A9001EC5040C7022
:10EB8000C6C4E078E6C23FDA0041C340A1003C1EA3
:10EB90008A231E010ABA66B048B04022C30F5F81C3
:10EBA0008A2319108A240A1FCB47000012F9CB468A
:10EBB00000005178CB450000717D0418C40284B078
:10EBC000ECB0CEB0B0B024180504001803006AB051
:10EBD0000C70771A19000E08200026A20C70C6C609
:10EBE000EAC3A2C1BF812846CB08B40010408C20E4
:10EBF00002A0CC2082AF0000FF00B0F480D96608EC
:10EC0000AFFEC140FF863C4E402442307CD96C723E
:10EC1000071C0330E20A200210410214803038172A
:10EC200006104024823050200100021C4230071C94
:10EC300002307CD96C718C70AC70D209A002224079
:10EC400081C22FD96C7122409A09A002041CC331E1
:10EC50004024423038D96C739E0A200222400314AB
:10EC600081300214803081C2051C423045200105EC
:10EC700045208005021C423061C038D96C7266099B
:10EC8000A00222402E0A2FED32D838170610402459
:10EC9000C2317CD96C718C70AC707209A0022240B8
:10ECA000C340484200007A0F2FFEC141771D18145F
:10ECB00054F040260F17402442307CD96C72E1405A
:10ECC000360A2002061C0330021480303815061064
:10ECD0004024823050200100021C4230061C0230C9
:10ECE0007CD96C718C70AC702209A002E14081C2A9
:10ECF0002FD96C71E140EE08A002041CC3314024FE
:10ED0000423038D96C73F2092002E140021480309D
:10ED10000314813081C2A1B8051C423061C038D9CA
:10ED20006C72C208A002E1408A092FED32D8381572
:10ED30000610402482317CD96C718C70AC70CE0886
:10ED4000A002E1402C701E0F6FFEC1400C70C1414B
:10ED5000CE0E2FFE771D18140C70CE0D2002C1416F
:10ED600077150016CAC7E078E2C20C70EA0D2002DF
:10ED700028459C150010C2C6F4C3A4C1604687E0B4
:10ED8000AD70E6F493E2C801250023DD0011920086
:10ED900001119000828963890411910005894689D7
:10EDA000E7890811880009118B000A119F000B11D7
:10EDB0008400121194000C1187000D1189000E11AE
:10EDC0009E000F11850010119500318940281322F3
:10EDD00008BB4028100208BF40290912402D050237
:10EDE000402900027C161600CB46A1003C1E402B99
:10EDF0000B12402C0402857B457F0521C21105259D
:10EE0000810705204005AD700522D224052050243D
:10EE100005230B120524CC0764B64EB630B612B6E5
:10EE20004026000783C27CD96C72081C443341C55C
:10EE300040C50E1C42330C1C44330F1C4233001ED1
:10EE40000215041E84140C1E0414E8B6141EC41209
:10EE50008CB6A608200210400D148030381606200B
:10EE600040244233502001000D1C42300F1C023060
:10EE70007CD96C718C70AC70920F6002024080C2C1
:10EE80002FD96C7102405E0F6002001C8331029624
:10EE90002496469668968A9660C0021C423061C2EB
:10EEA000061CC23028B828B928BA28BB62C428BCBE
:10EEB000011C0230031C4230051C8230071CC2308A
:10EEC00080C236D90ADB02401A0F6002091C0233E5
:10EED00080C22FD96C7102400A0F6002001CC3313E
:10EEE0000C962E965096729660C0021C423061C2FB
:10EEF000061CC23028B828B928BA28BB011C023029
:10EF0000031C4230051C8230071CC23083C238D932
:10EF10006C73E60FE0010240208E0D1480300E1459
:10EF200082300ADB2578091C823062C080C230D969
:10EF3000B20E60020240381606204024C2337CD94B
:10EF40006C718C70AC70C60E60020240A140D4C7D8
:10EF5000E6C3A1C1DF8140210F070845402482306C
:10EF600077D96C72E140920FE001001C013061958D
:10EF7000809542950314803038160610412C0E12ED
:10EF8000412B8B01412A0801C1BE442301134420B7
:10EF90000D1CC579A5796C2040012578031C023031
:10EFA000021C8230011CC23080C274D96C748C7017
:10EFB000AC70E140560E600260C4C6C7ECC3A1C18C
:10EFC000DF800845F88840248230E71680107CD91D
:10EFD0006C720F20C003E71E02103C4D1A0FE001B7
:10EFE0001041031480304E7144205080031C0234C1
:10EFF00009F26E867CD94C70A140A2082000031C47
:10F0000003306E862FD94C71A14092082000002A4F
:10F01000CF236E8635D94C7482082000A140960E0D
:10F02000EFEC28D8402482306AD96C72CA0EE00115
:10F030002240031482306E866AD981BAA1405E08EC
:10F040002000031C82306E867ED9A0DA4E08200094
:10F050000A2040035E0EEFEC0C75402482302C73C6
:10F060006C72960EE00122400314803024B84420D4
:10F070004080031C0230F0F3110830207CD96E86EA
:10F080004C711A082000A140E71681100C70E67937
:10F09000E71E4210CCC7E078E6C3A1C1DF80684715
:10F0A000031C82301CE04024C2306C71360D6002BB
:10F0B00028450137801F803F0000C20DCFEC0314AC
:10F0C0008030DD653C1D0210C6C7E078E4C3A1C1F5
:10F0D00040200E0708454024823057D96C721A0E22
:10F0E000E001C140031480304024C23057D9A3B896
:10F0F000031C02306C718C70AC70C346803F000002
:10F100000A0D6002C140B91581100C70C6B9B91D55
:10F110004210C4C7E4C3A1C140200E0708454024E3
:10F12000823057D96C72D20DE001C1400314803097
:10F130004024C23057D983B8031C02306C718C70E4
:10F14000AC70C346803F0000C20C6002C140B915DC
:10F1500081100C7087B9B91D4210C4C7E07FA6109A
:10F160000001E0781F80E07FA8100006E6C2BF81A2
:10F170002846D20DAFED0847AA1D1810C140607F88
:10F18000AB1D5810C6C6E078E07F9C100000E07808
:10F19000EAC3A4C15041F90871002846BF833C4B23
:10F1A00080C27CD96C720E1C03304E0DE001104001
:10F1B00001148030381506104024423050200100E0
:10F1C000011C42300F1C02307CD96C718C70AC7009
:10F1D0003A0C60020240402482332FD96C71024005
:10F1E000020C60020E1C83300E85CA0CEFEC483016
:10F1F000C00280C236D90BDBFE0CE00102400214D3
:10F20000803021C701148330031482300A14813006
:10F2100005148C30061488300714873008148930A0
:10F2200009148B303815061008BF08B8CB45A1006B
:10F230007A1E6578E57A29AD00B541B54024C23320
:10F240007CD96C718C70AC70024084AD051D0212CB
:10F25000061DC211071D4212B20B6002081DC21228
:10F26000008D00AE018D01AE028D02AE038D03AEA6
:10F27000048D04AE058D05AE068D06AE078D07AE76
:10F28000088D08AE098D09AE001985220C70CAC719
:10F29000E4C2DF800845E20920020AA60C701208C9
:10F2A0002000A1410C70A81E1910C4C6EAC3A3C156
:10F2B000BF812846BF08B40010408C2002A0CC209B
:10F2C00082AF0000FF00B0F480D99A096FFEC14000
:10F2D000C340484200004A092FFEC141FF863C4E10
:10F2E00081C27CD96C72120CE0011041051480308F
:10F2F000381706104024423150200100051C4230CE
:10F300000B1C02307CD96C718C70AC70FE0A6002F0
:10F31000224080C22FD96C712240CA0A6002001CB0
:10F3200083300E878E0BEFEC4830C00281C234D997
:10F330006C73C60BE00122400514803080C234D9C2
:10F3400084B860C06C719E0A600222400E87660B12
:10F35000EFEC4830C002381706104024C2327CD986
:10F360006C718C70AC70A60A60022240A81D181443
:10F370005AF040260F17402482307CD96C727A0BE9
:10F38000E001E14003148030381506104024C230FB
:10F3900050200100031C42300A1C02307CD96C71E1
:10F3A0008C70AC70660A6002E14080C22FD96C712B
:10F3B000E140320A6002001C83300E85F60AEFEC51
:10F3C0004830C0024024823034D96C722A0BE001EC
:10F3D000E1400314803080C234D9A4B860C06C719D
:10F3E000020A6002E1400E85CA0AEFEC4830C00212
:10F3F00038150610402482327CD96C718C70AC7048
:10F400000A0A6002E1402C705A086FFEC140B9162A
:10F410008010C141C6B8B91E02100C7002082FFE40
:10F42000A81D18140C70020FE001C141A8150016A8
:10F43000CAC7E078E2C20C701E0FE00128459C1597
:10F440000010C2C6F1C04508710023D83F0A9402DB
:10F4500001898089C342A1007A1E08B8857800B26C
:10F460000389828908B8857801B2048904AA0589CC
:10F4700005AA068906AA078907AA088908AA098988
:10F4800009AAF60FE00160400C70D1C0E07EE07880
:10F49000F1C0C340A100C841B910C100090913005F
:10F4A00031804079C340A100F81D008005E829881B
:10F4B00003E931804079D1C0E07EE078E4C3A1C1A6
:10F4C0002846C341A100E01D20890845CE0D200239
:10F4D0000C76004127ED3C4E402442301A0AE001F0
:10F4E0006C7308442F2607F01EF4031480308D70CF
:10F4F0004128430144204200412801014128CB001A
:10F50000412888001D7865AD40AD44214300442367
:10F51000421044204110C0B864AD43AD22AD01ADEE
:10F5200002F0FFDC8D78C4C7E4C3A1C12846C34103
:10F53000A100041E20890845760D20020C760041AA
:10F5400027ED3C4E40244230AE09E0016C73084484
:10F550002F2607F01EF4031480308D7041284301DC
:10F5600044204200412801014128CB004128880065
:10F570001D7865AD40AD4421430044234210442032
:10F580004110C0B864AD43AD22AD01AD02F0FFDC67
:10F590008D78C4C7C343A10069130F085001150833
:10F5A0005100178B03F0008BC1B800A9001A850029
:10F5B000E07F0C70E8C3A3C1C341A1009412208175
:10F5C0000846041C0530001C013008E9C340A100B6
:10F5D00000124079004176F080C0E60EEFFFC14195
:10F5E000C341A100E01D20890845B20C20020C7522
:10F5F0000847B570AD711DF40314803033087100F5
:10F600004024423240260D176C73E141EA08E001C4
:10F61000A1400B1480304024C2316C716C20C000BA
:10F62000071C0230A140BE0F2002E141AD703C4EEC
:10F6300082C26C71E141081CC331AA0F2002104044
:10F640007208EFEC0AD880C0760EEFFFC14191E856
:10F65000051480301B08F10182C26C710240E14147
:10F66000820F2002081C43314A08EFEC0AD880C000
:10F670004E0EEFFFC141004187E8051480300B08B2
:10F6800070012C70ECD92F2647F0C5256210350D7E
:10F690003F10402442326C7302405E08E001E141B9
:10F6A0000B1480304024C2316C716C20C0004520A6
:10F6B000C000071C023002402A0F2002E1412C70DA
:10F6C0002D78C8C7E8C3A3C1C341A100641320813A
:10F6D0000846041C0530001C013008E9C340A100A5
:10F6E000D0124079004176F080C0420EEFFFC14158
:10F6F000C341A100041E20890845B60B20020C75E9
:10F700000847B570AD711DF40314803033087100E3
:10F710004024423240260D176C73E141DA0FA001FC
:10F72000A1400B1480304024C2316C716C20C000A9
:10F73000071C0230A140AE0E2002E141AD703C4EEC
:10F7400082C26C71E141081CC3319A0E2002104044
:10F75000620FAFEC0AD880C0D20DEFFFC14191E833
:10F76000051480301B08F10182C26C710240E14136
:10F77000720E2002081C43313A0FAFEC0AD880C049
:10F78000AA0DEFFFC141004187E8051480300B0846
:10F7900070012C70ECD92F2647F0C5256210350D6D
:10F7A0003F10402442326C7302404E0FA001E141F1
:10F7B0000B1480304024C2316C716C20C000452095
:10F7C000C000071C023002401A0E2002E1412C70DA
:10F7D0002D78C8C7EEC3A4C198108000AD70CB4689
:10F7E000A10090121471B6F4008E011C42330F1C5C
:10F7F00042330E1C423390E07E052500AD70CB47AE
:10F80000A100E01D208F960A20020C76D342A100B1
:10F81000E4414024C2326C730041DE0EA00142403C
:10F820000D148030442013821DF2208F6E0A2002B6
:10F830000C7508454024C2326C734240BA0EA001D8
:10F84000A1410D148030402482336C716C20C000C3
:10F850000E1C0230A1418E0D20024240560EAFEC2C
:10F860000AD878D8011C0230402442307ED96C710D
:10F87000720D200242403E0EAFEC0AD860D8011C47
:10F880000230402442307ED96C715A0D2002424031
:10F89000220EAFEC0AD8AED8011C02304024423010
:10F8A0007ED96C713E0D200242400A0EAFEC0AD8A0
:10F8B0004024C2327FD96C733E0EA001424081D8F1
:10F8C000011C0230402442307FD96C71160D200299
:10F8D0004240402442307DD96C714240060D2002E6
:10F8E000011C83304024C23221D96C730A0EA0015E
:10F8F00042402F2607F0400201004024423135D912
:10F900006C73F60DA001424008452F2607F00E70DB
:10F91000CD702E701CF4071490304024823029D909
:10F920006C73D60DA001424082C22AD96C73CA0DF5
:10F93000A00142400A14803021C16C20512103B83B
:10F94000C2B944200E0E53205021257E79020000BA
:10F95000008E021C423390E01E04250062C5CB4796
:10F96000A100E01D208F360920020C76D340A100B3
:10F97000E441402442316C7300417E0DA0010240FD
:10F9800007148030442011821BF2208F0E092002C0
:10F990000C750845402442316C7302405A0DA00199
:10F9A000A1410714803082C26C716C20C00062C01B
:10F9B000A141320C20020240FA0CAFEC0AD878D8F0
:10F9C000021C0230402482307ED96C71160C200259
:10F9D0000240E20CAFEC0AD860D8021C023040248E
:10F9E00082307ED96C71FE0B20020240C60CAFEC57
:10F9F0000AD8AED8021C0230402482307ED96C7105
:10FA0000E20B20020240AE0CAFEC0AD84024423197
:10FA10007FD96C73E20CA001024081D8021C023035
:10FA2000402482307FD96C71BA0B200202404024FE
:10FA300082307DD96C710240AA0B2002021C8330F7
:10FA40004024423121D96C73AE0CA001024008451C
:10FA50002F2607F009F4008E0F0894040714803055
:10FA6000F7E003F2EADD2F2647F346F44024823024
:10FA70007DD96C7102406E0B2002021C033080D8CD
:10FA8000021C0230402482307FD96C71560B200258
:10FA90000240208F0C7506082002021CC33140244E
:10FAA00082306C7100413E0B20020240060CAFEC2C
:10FAB0000ED8208FE60FE0010C76EE0BA001E0D906
:10FAC00008459AE8208F0C75D20FE001021C4331E3
:10FAD000402482306C7100410A0B20020240D60B98
:10FAE000AFEC12D8208FB60FE0010C76BA0BA00154
:10FAF000A0D9084536701EF22F2647F31AF4208F3E
:10FB00009A0FE0010C750845402442316C730240A5
:10FB1000E60BA001A1410714803082C26C716C20F9
:10FB2000C00080B862C0A141BA0A20020240AD7094
:10FB300047020000208E130974040D148030F1E098
:10FB4000BA05C2FF04F0E1E0B205C2FF80D8011C93
:10FB500002304024423021D96C718A0A200242408E
:10FB6000008E91E09605E5FF4024823029D96C7320
:10FB7000860BA001424082C22AD96C737A0BA00185
:10FB80004240041490300A148E30402442315320F5
:10FB90009020C2BE35D96C734240041C02345A0B0B
:10FBA000A0010A1C82330845071480302F2647F332
:10FBB000336E6C20510153204E0105205020CA2184
:10FBC0002220C07E2F2647F3D7F4052180230F1C67
:10FBD00002304024C23335D96C710A0A20024240F7
:10FBE000402442307DD96C714240FA092002011C48
:10FBF000033080D8011C0230402442307FD96C7120
:10FC0000E20920024240208F0C75920EE001011C97
:10FC1000C331402442306C710041CA092002424085
:10FC2000920AAFEC0ED8208F720EE0010C767A0AA1
:10FC3000A001E0D9084514709FF4208F0C755E0E6A
:10FC4000E001011C4331402442306C7100419609AF
:10FC5000200242405E0AAFEC12D8208F3E0EE00137
:10FC60000C76460AA001A0D90845147085F481D805
:10FC7000011C0230402442307FD96C716609200299
:10FC80004240402442307DD96C71424056092002E6
:10FC9000011C8330052050244024C23335D96C71B7
:10FCA0004240420920020F1C0234412EC01053264C
:10FCB0008110C2B8051C4230021C0230402442317F
:10FCC00029D96C711E0920024240402482302AD971
:10FCD0006C711209200242404024423075D96C7187
:10FCE000424002092002011C0331CA09AFEC0C7525
:10FCF000AD704024423075D96C714240E608200254
:10FD0000011C423361D8011C02304024423021D909
:10FD10006C71D20820024240402442307DD96C717F
:10FD20004240C2082002011C4233402442307FD9A5
:10FD30006C714240AE082002011C42333B0B302064
:10FD40000C755A0DE001208F08464024C2326C73B6
:10FD50004240A609A001C1410D14803040248233E5
:10FD60006C716C20C0004520C0000E1C0230C141E7
:10FD7000720820024240AD78CEC7E078EEC3A4C13D
:10FD800098108000AD70CB46A10060131471B6F4DA
:10FD9000008E011C42330F1C42330E1C423390E094
:10FDA0007E052500AD70CB47A100041E208F020DFB
:10FDB000E0010C76D342A100A4424024C2326C730D
:10FDC00000413609A00142400D14803044201382C6
:10FDD0001DF2208FDA0CE0010C7508454024C23278
:10FDE0006C7342401209A001A1410D1480304024DF
:10FDF00082336C716C20C0000E1C0230A141E60FF2
:10FE0000E0014240AE08AFEC0AD878D8011C0230BD
:10FE1000402442307ED96C71CA0FE00142409608FE
:10FE2000AFEC0AD860D8011C0230402442307ED9A1
:10FE30006C71B20FE00142407A08AFEC0AD8AED83C
:10FE4000011C0230402442307ED96C71960FE001D3
:10FE500042406208AFEC0AD84024C2327FD96C73AA
:10FE60009608A001424081D8011C02304024423053
:10FE70007FD96C716E0FE0014240402442307DD941
:10FE80006C7142405E0FE001011C83304024C2329D
:10FE900021D96C736208A00142402F2607F040026E
:10FEA00001004024423135D96C734E08A001424014
:10FEB00008452F2607F00E70CD702E701CF4071425
:10FEC00090304024823029D96C732E08A001424022
:10FED00082C22AD96C732208A00142400A148030E1
:10FEE00021C16C20512103B8C2B944200E0E532009
:10FEF0005021257E79020000008E021C423390E0E2
:10FF00001E04250062C5CB47A100041E208FA20B52
:10FF1000E0010C76D340A100A442402442316C732E
:10FF20000041D60F60010240071480304420118246
:10FF30001BF2208F7A0BE0010C75084540244231FA
:10FF40006C730240B20F6001A1410714803082C27D
:10FF50006C716C20C00062C0A1418A0EE0010240B9
:10FF6000520F6FEC0AD878D8021C0230402482303D
:10FF70007ED96C716E0EE00102403A0F6FEC0AD828
:10FF800060D8021C0230402482307ED96C71560E3B
:10FF9000E00102401E0F6FEC0AD8AED8021C0230FE
:10FFA000402482307ED96C713A0EE0010240060F87
:10FFB0006FEC0AD8402442317FD96C733A0F60014C
:10FFC000024081D8021C0230402482307FD96C71FB
:10FFD000120EE0010240402482307DD96C71024053
:10FFE000020EE001021C83304024423121D96C739F
:10FFF000060F6001024008452F2607F009F4008E25
:020000040803EF
:100000000F08940407148030F7E003F2EADD2F268E
:1000100047F346F4402482307DD96C710240C60D0E
:10002000E001021C033080D8021C023040248230E0
:100030007FD96C71AE0DE0010240208F0C75720A01
:10004000E001021CC331402482306C710041960DE6
:10005000E00102405E0E6FEC0ED8208F520AE001E4
:100060000C766E0E6001E0D908459AE8208F0C7579
:100070003E0AE001021C4331402482306C71004191
:10008000620DE00102402E0E6FEC12D8208F220A82
:10009000E0010C763A0E6001A0D9084536701EF2D8
:1000A0002F2647F31AF4208F060AE0010C75084545
:1000B000402442316C7302403E0E6001A14107149E
:1000C000803082C26C716C20C00080B862C0A141D7
:1000D000120DE0010240AD7047020000208E1309AE
:1000E00074040D148030F1E0BA05C2FF04F0E1E0C1
:1000F000B205C2FF80D8011C02304024423021D911
:100100006C71E20CE0014240008E91E09605E5FF43
:100110004024823029D96C73DE0D6001424082C2D6
:100120002AD96C73D20D60014240041490300A1435
:100130008E304024423153209020C2BE35D96C739A
:100140004240041C0234B20D60010A1C823308458F
:10015000071480302F2647F3336E6C205101532053
:100160004E0105205020CA212220C07E2F2647F3B1
:10017000D7F4052180230F1C02304024C23335D927
:100180006C71620CE0014240402442307DD96C71B8
:100190004240520CE001011C033080D8011C0230A7
:1001A000402442307FD96C713A0CE0014240208FEC
:1001B0000C75FE08E001011CC331402442306C7113
:1001C0000041220CE0014240EA0C6FEC0ED8208F77
:1001D000DE08E0010C76FA0C6001E0D908451470E5
:1001E0009FF4208F0C75CA08E001011C43314024A4
:1001F00042306C710041EE0BE0014240B60C6FECF6
:1002000012D8208FAA08E0010C76C60C6001A0D994
:100210000845147085F481D8011C02304024423016
:100220007FD96C71BE0BE0014240402442307DD941
:100230006C714240AE0BE001011C8330052050245C
:100240004024C23335D96C7142409A0BE0010F1C37
:100250000234412EC01053268110C2B8051C423012
:10026000021C02304024423129D96C71760BE00126
:100270004240402482302AD96C716A0BE00142402E
:100280004024423075D96C7142405A0BE001011C88
:100290000331220C6FEC0C75AD704024423075D9DF
:1002A0006C7142403E0BE001011C423361D8011CDD
:1002B00002304024423021D96C712A0BE0014240C7
:1002C000402442307DD96C7142401A0BE001011C80
:1002D0004233402442307FD96C714240060BE0012A
:1002E000011C42333B0B30200C75C60FA001208F40
:1002F00008464024C2326C734240FE0B6001C1418B
:100300000D148030402482336C716C20C000452075
:10031000C0000E1C0230C141CA0AE0014240AD7863
:10032000CEC7E078E6C2CB47A1009C122517821009
:100330003D8F26178710241780107C8F08BA40291C
:1003400005043B8F402F07041A62CB418000000058
:1003500022178D1008BBE072C34600FF00009F8F7C
:1003600021178B107961317263872317881020174A
:100370008E101E8FC022860108BD4832820008BC44
:10038000617500339E0008170710418700170B1096
:100390008C704028081410BE986000204813D86064
:1003A000043600B100214301C5F6248702365E30D1
:1003B00005F045F7248701365E303173CB44A10048
:1003C0000012C023860131702584C0208601C344F9
:1003D000803F000048308500078401311F012184DF
:1003E00000324D01013002010036C0370035821065
:1003F0000131050023840F844833830001318200DA
:100400002A84023505000D84003141010033C310F8
:100410000030400101324100013000010C204092C7
:1004200007310D0006842984C020861101300201A5
:1004300002840033820000314101013082000C84CB
:100440000132410048308810003040010130000185
:1004500007310E0030841184003102000031430363
:1004600002349F000236C21064840732DE07003077
:10047000820702358210AE840732CB0748840132EE
:100480000901003702022C14081000324202013325
:100490008300003042110133830000354211B384E0
:1004A00001320201073388005284003040030031DA
:1004B0008300023081000235C01000364110003048
:1004C000C002023100004833C1120730C2072BA717
:1004D0004836C0320AA7013080104830C0020CA74D
:1004E000C6C6E078E6C2CB47A1006C132517821080
:1004F0003D8F26178710241780107C8F08BA40295B
:1005000005043B8F402F07041A62CB418000000096
:1005100022178D1008BBE072C34600FF00009F8FBA
:1005200021178B1079613172638723178810201788
:100530008E101E8FC022860108BD4832820008BC82
:10054000617500339E0008170710418700170B10D4
:100550008C704028081410BE986000204813D860A2
:10056000043600B100214301C5F6248702365E300F
:1005700005F045F7248701365E303173CB44A10086
:10058000D012C023860131702584C0208601C34467
:10059000803F000048308500078401311F0121841D
:1005A00000324D01013002010036C03700358210A3
:1005B0000131050023840F84483383000131820018
:1005C0002A84023505000D84003141010033C31037
:1005D0000030400101324100013000010C20409206
:1005E00007310D0006842984C020861101300201E4
:1005F00002840033820000314101013082000C840A
:1006000001324100483088100030400101300001C3
:1006100007310E00308411840031020000314303A1
:1006200002349F000236C21064840732DE070030B5
:10063000820702358210AE840732CB07488401322C
:100640000901003702022C14081000324202013363
:100650008300003042110133830000354211B3841E
:100660000132020107338800528400304003003118
:100670008300023081000235C01000364110003086
:10068000C002023100004833C1120730C2072BA755
:100690004836C0320AA7013080104830C0020CA78B
:1006A000C6C6E078E2C30F08F100A1C11709B50082
:1006B0006C711108310120430B09D4006C7203F0F6
:1006C00020435320C100146B4420000C25784022A5
:1006D0000D07031C02304024C2302C746C71060FCD
:1006E000A001A140C340A100E01D20880C75AE0B05
:1006F000A001031C833000414024C2306C71E60E1F
:10070000A001A1407FD8760F2FEC17B8C2C7E078C0
:10071000E2C30F08F100A1C11709B5006C711108FF
:10072000310120430B09D4006C7203F020435320A5
:10073000C100146B4420000C257840220D07031CD7
:1007400002304024C2302C746C719A0EA001A1407A
:10075000C340A100041E20880C75560BA001031C89
:10076000833000414024C2306C717A0EA001A14058
:100770007FD80A0F2FEC17B8C2C7E078ECC3A3C12B
:10078000CB47A100E01D3040208F1041CD700C758B
:1007900061C6021C8433060BA0010A1C823300418F
:1007A00040200027402482306C7330424A0F2001E1
:1007B000104021C0970855020B093120CD718F08D8
:1007C00010000B0951208708500004772708B50056
:1007D000AD70402482326C7142410240060EA0018D
:1007E0000A1C4233C340C0400000920E0FEC5F0968
:1007F0001020208F0C750B1C423462C59E0AA0018C
:10080000061C44334024C2326C710041D60DA00155
:100810000240402482312C746C73DE0E20010240B1
:1008200022C03671C341A100402024B8CA25A119B5
:100830000F093021C1B80F09D120054903F01579FE
:10084000A4813A0E2FEC48350010C140CCC7E078A7
:10085000ECC3A3C1CB47A100041E3040208F104140
:10086000CD700C7561C6021C8433460AA0010A1CB7
:100870008233004140200027402482306C73304294
:10088000760E2001104021C0970855020B09312037
:10089000CD718F0810000B09512087085000047794
:1008A0002708B500AD70402482326C71424102408D
:1008B000320DA0010A1C4233C340C0400000BE0DEF
:1008C0000FEC5F091020208F0C750B1C423462C5A1
:1008D000DE09A001061C44334024C2326C71004181
:1008E000020DA0010240402482312C746C730A0E68
:1008F0002001024022C03671C341A100602024B80B
:10090000CA25A1190F093021C1B80F09D120054905
:1009100003F01579A481660D2FEC48350010C14015
:10092000CCC7E078E4C3CB44A10069134F08B00200
:10093000A1C15B0850019308710023D8570AB40085
:10094000CD70A089031C8233021C8233001C8433C7
:1009500040230E0780C22C746C73C1409A0D200195
:10096000B7AC350DD0103B0D5010430D9010A6EDD7
:10097000021480304620000C1EF000892D8379205F
:10098000000001AC607960401FF020890C70C1B993
:1009900020ACC4C7021480304520000C0CF00214B7
:1009A00080304620000C84B806F0021480304620C7
:1009B000000C85B8031C02304024C2302C746C71CA
:1009C000220CA001C1400C70C4C7E078E4C2CB4542
:1009D000A100E01D08460915C0104E0B6001081D5E
:1009E0004310B9168110C340A1009912081D0310CD
:1009F000C6B9001803000C70B91E4210C4C6E078D6
:100A0000E2C20845C340A1000C1E1E0B600100108D
:100A1000C000B9158110C340A1006913001803007C
:100A2000C6B90C70B91D4210C2C6E078E4C2CB450D
:100A3000A100E01D08460915C010020B6001081D49
:100A40004310B9168110081D03100C7087B9B91E28
:100A50004210C4C6E2C20845C340A1000C1EDE0A13
:100A600060010010C000B91581100C7087B9B91D64
:100A70004210C2C6C3400000FF7FE07EC3400000BA
:100A8000FF7FE07EC340A100EC1DE07F0080E078A6
:100A9000C340A100101EE07F0080E078C343A100A6
:100AA000E01D488B20455470E07D05A340250007DC
:100AB00030D9C342A100B412C3441400D42B510452
:100AC00020010FDBE4C3A1C1C342A100041E2846DC
:100AD000208A05A2DA0F60010C7540260D1740240C
:100AE000C2306C718C70AC700041A1400A0BA00147
:100AF000031C033130D9C342A10084130FDBC3446C
:100B00001400382CA1400A0C2001C145C4C7E0786C
:100B1000C340A100E41DE07F0080E078C340A10055
:100B2000081EE07F0080E078C34020410000E07EA6
:100B3000C34020410000E07EC343A10099120F088A
:100B4000500115085100178B03F0008BC1B800A9A4
:100B5000001A8500E07F0C70FAC2FC1CC8B6ABC15D
:100B600041C0B6D8291C023001C0AD704024423AC1
:100B70001CE07ED96C710A1C4233081C44331B1CD8
:100B80004233620AA00140C02A0B2FEC0AD800C0F1
:100B90004024423A7ED96C714A0AA001291C423392
:100BA000120B2FEC0AD800C082C22C704A0B200115
:100BB0006C73147022DD09F40A1481301F09F00CE3
:100BC0008C21028821DD4A040200001E4370A1002E
:100BD000F01DC340AB437B1408F0C340CB4185EB11
:100BE000001E4370A100E01DCB45A1000012ED7076
:100BF0000E70CD70001D4210AC1D00104F20402122
:100C00002B1C023000C04024C23A50D94A23400075
:100C10000E1CC233CE09A0010C1CC433960A2FEC63
:100C20000C7100C083C255D9CE0A20016C730E141A
:100C300080304620BE8747C0F2F307C02908350838
:100C400083C200C052D9B20A20016C7300C00E14D6
:100C50008E3083C253D9A20A20016C730E148030E7
:100C600008BE057E142500140671950834A8501896
:100C700084037A1500116C1510118C1503116A1577
:100C80000C116E150F117015011144C07C15001167
:100C9000CB43000000080FDA5320D122DB43FFFFD3
:100CA00000F008BA29BB412CC4110C21C0A245C0D8
:100CB00004278E102F782F27070328BCC5BB842458
:100CC0000400C021C626D860901DC2107C238E046B
:100CD0000224031148318C204129D40141291202F8
:100CE000412801218015051182A5EF7C4479483304
:100CF00083003C6404C1781508117415091149C3B7
:100D0000402B03110423430172151E1176150611A1
:100D10001725D600842404202F7B05C14128D51136
:100D200002220F254129D211412802124129141211
:100D30008425042084220420981D8213C344803B10
:100D40000000412ECE31412E13322F218727412E14
:100D5000D701412E18022F268731022246052F7A0D
:100D600002248124483696204837951048318F0058
:100D70005024C105717000364120C020C60684266B
:100D800004102F20472202238923842704200131C5
:100D9000930FB84100004830810009C02F25070299
:100DA0000220C835DB4180380000483189104836C0
:100DB000940048308E105024C805003112110030C4
:100DC0000902003440268A273C308C2702800130FB
:100DD000880FD1B817B704C0C027C6077174003692
:100DE0004B1600374E1604C727B88420040028BFCE
:100DF000104F24A5C024C6168C2102A0C34148442C
:100E0000000048308000C021C6278C2502800730B2
:100E1000540005C0C025C6078C2602B005C7C026F1
:100E2000C6378C2002A027B8C020C6278C2302809A
:100E300028BF84200400C023C6078C220280104FE4
:100E4000C022C607483787004830800048338300F7
:100E500048328200003506210737870FA040000086
:100E60003C1DC014201D8014181D8011141D40123B
:100E700007304F00381D0012341DC012CCA5441D90
:100E8000001507335500041DC01107324000F3A5BB
:100E90004831912048358500003101210035820F0D
:100EA000003D00000131810F233C0AD74BA507C24A
:100EB00048369E304830902027A50036813F003DBF
:100EC00000000030832F003D000048348C1083A5C3
:100ED0002AA569A5401D40152F0A350812A580D8FE
:100EE0001B1C023000C04024C23650D9F60E6001EF
:100EF0006C71C340A10094120018800F1300F8F623
:100F0000B60E2FFF01C000C082C22C75EA0FE000B0
:100F10006C7300168070A100E01D07E80A14803091
:100F20004520C0010AF000168070A100F01D08E8FD
:100F30000A1480308520010C1B1C023000C04024A4
:100F4000C2362C759E0E60016C7100168070A10077
:100F50009A12AD70001E4273A100B01291E8001603
:100F60000070A100E41DC34114007C2CF60D20018B
:100F700001C2001E0270A100E91DAE0D000101C0FA
:100F800001C14E80607A0C7001C0B9108100C6B9F1
:100F90000E0DAFECB91842007A0BAFEC08460042D8
:100FA00015D8F60CAFECC141001E0070A100F81D71
:100FB000C340E73B47AB001E0070A100A012001E1B
:100FC0000070A1009C1200C0C342803A5B9EC341E6
:100FD000EB3BF61B001E8070A100A812001E4070A3
:100FE000A100A41288C22ED96C73221C42330A0FAE
:100FF000E000201C4433221480304024823A2ED951
:1010000087B82A1C023000C0DA0D60016C71A14063
:10101000ABC004141B34DAC6FAC2FC1CC8B6ABC1A0
:1010200041C0B6D8291C023001C0AD704024423AFC
:101030001CE07ED96C710A1C4233081C44331B1C13
:101040004233A20D600140C06A0EEFEB0AD800C027
:101050004024423A7ED96C718A0D6001291C4233CA
:10106000520EEFEB0AD800C082C22C708A0EE0004C
:101070006C73147022DD09F40A1481301F09F00C1E
:101080008C21028821DD4A040200001E4370A10069
:10109000141EC340AB437B1408F0C340CB4185EB27
:1010A000001E4370A100041ECB45A100D012ED70BC
:1010B0000E70CD70001D4210AC1D00104F2040215D
:1010C0002B1C023000C04024C23A50D94A234000B1
:1010D0000E1CC2330E0D60010C1CC433D60DEFEB99
:1010E0000C7100C083C255D90E0EE0006C730E1453
:1010F00080304620BE8747C0F2F307C02908350874
:1011000083C200C052D9F20DE0006C7300C00E140F
:101110008E3083C253D9E20DE0006C730E14803020
:1011200008BE057E142500140671950834A85018D1
:1011300084037A1500116C1510118C1503116A15B2
:101140000C116E150F117015011144C07C150011A2
:10115000CB43000000080FDA5320D122DB43FFFF0E
:1011600000F008BA29BB412CC4110C21C0A245C013
:1011700004278E102F782F27070328BCC5BB842493
:101180000400C021C626D860901DC2107C238E04A6
:101190000224031148318C204129D4014129120233
:1011A000412801218015051182A5EF7C447948333F
:1011B00083003C6404C1781508117415091149C3F2
:1011C000402B03110423430172151E1176150611DD
:1011D0001725D600842404202F7B05C14128D51172
:1011E00002220F254129D21141280212412914124D
:1011F0008425042084220420981D8213C344803B4C
:101200000000412ECE31412E13322F218727412E4F
:10121000D701412E18022F268731022246052F7A48
:1012200002248124483696204837951048318F0093
:101230005024C105717000364120C020C6068426A6
:1012400004102F2047220223892384270420013100
:10125000930FB84100004830810009C02F250702D4
:101260000220C835DB4180380000483189104836FB
:10127000940048308E105024C805003112110030FF
:101280000902003440268A273C308C270280013036
:10129000880FD1B817B704C0C027C60771740036CD
:1012A0004B1600374E1604C727B88420040028BF09
:1012B000104F24A5C024C6168C2102A0C341484467
:1012C000000048308000C021C6278C2502800730EE
:1012D000540005C0C025C6078C2602B005C7C0262D
:1012E000C6378C2002A027B8C020C6278C230280D6
:1012F00028BF84200400C023C6078C220280104F20
:10130000C022C60748378700483080004833830032
:1013100048328200003506210737870FA0400000C1
:101320003C1DC014201D8014181D8011141D401276
:1013300007304F00381D0012341DC012CCA5441DCB
:10134000001507335500041DC01107324000F3A5F6
:101350004831912048358500003101210035820F48
:10136000003D00000131810F233C0AD74BA507C285
:1013700048369E304830902027A50036813F003DFA
:1013800000000030832F003D000048348C1083A5FE
:101390002AA569A5401D40152F0A350812A580D839
:1013A0001B1C023000C04024C23650D9360A6001EE
:1013B0006C71C340A10064130018800F1300A0FCDF
:1013C000060B2FFF01C000C082C22C752A0BE00063
:1013D0006C7300168070A100041E07E80A148030A8
:1013E0004520C0010AF000168070A100141E08E814
:1013F0000A1480308520010C1B1C023000C04024E0
:10140000C2362C75DE0960016C7100168070A10077
:101410006A13AD70001E4273A100801391E800169C
:101420000070A100081EC3411400982C3609200149
:1014300001C2001E0270A1000C1EEE08000101C0D6
:1014400001C14E80607A0C7001C0B9108100C6B92C
:101450004E08AFECB9184200BA0E6FEC08460042D5
:101460000C753608AFECC141001E0070A1001C1EB7
:10147000C340E73B47AB001E0070A1007013001E85
:101480000070A1006C1300C0C342803A5B9EC34150
:10149000EB3BF61B001E8070A1007813001E40700D
:1014A000A100741388C22ED96C73221C42334A0ADD
:1014B000E000201C4433221480304024823A2ED98C
:1014C00087B82A1C023000C01A0960016C71A14063
:1014D000ABC004141B34DAC6E8C3AAC128450847C8
:1014E00084C02C709E0BEFEE18DACB46A100E01DF5
:1014F000330FB4100C704D0F30140C708C27029009
:10150000CC27829F0000FF000BF40C74720AAFFF1F
:10151000A14107E80C70A1410E0EE000E3A603868E
:10152000C8C7A1415A0AAFFF081E431006E80C7055
:10153000A141F60DE000E3A60386081E0310C8C70C
:10154000208E834206B202B240C00E1C02304E0D05
:1015500020010C75CB47A100E44183C26C730041AC
:101560009609E000E1400C70160AAFFFA1410C742F
:101570002C713609AFFFA142208E220D20010C757F
:1015800070DA40251017071C82304024C2316C717C
:1015900000415208600102401A09EFEB0C71208EE5
:1015A000FA0C20010C7508464024C2316C710240CF
:1015B000C14132086001071C4331FA08EFEB1ED825
:1015C00080C0FE0EEFFEA14191E8051480301F0897
:1015D00071014024C2316C710240C14106086001B2
:1015E000071C0332CE08EFEB0C7480C0D20EEFFE66
:1015F000A14192E8051480301D08F1014024C23158
:101600006C710240C141DE0F2001071C0331A608A6
:10161000EFEB10D880C0AA0EEFFEA14188E80514B8
:1016200080300D0831010C718A08CFEB84C10DD8D0
:10163000860AE000A14260DEB6E884C10BD87A0ACF
:10164000E000A142B0E884C115D86E0AE000A142D2
:10165000AAE884C113D8620AE000A142A4E882C2C9
:1016600060D96C73E1400A1C03308E08E000081C4E
:1016700005300A1480304024823260D96C20000189
:101680000A1C02306C715E0F2001E1402608EFEB6E
:101690000C710E14803011087100CD720C71E208CB
:1016A000AFFFA14109C208C08C704830C102483266
:1016B000C0022E7A0E7BC1419E08E000A1404E85FB
:1016C0000C70607AA14110D8C8C7E078E8C3AAC1FD
:1016D0002845084784C02C70AA09EFEE18DACB46DB
:1016E000A100041E1D0FB4100C702F0F30140C70CD
:1016F0008C270290CC27829F0000FF000BF40C7413
:101700005209AFFFA14107E80C70A1411A0CE0009B
:10171000E3A60386C8C7208E834206B202B240C049
:101720000E1C02308A0B20010C75CB47A100A4428D
:1017300083C26C730041C20FA000E1400C70160917
:10174000AFFFA1410C742C71CA0F6FFFA142208E14
:101750005E0B20010C7570DA40251017071C8230D3
:101760004024C2316C7100417A0E20010240460FC4
:10177000AFEB0C71208E3A0B20010C75084640240B
:10178000C2316C710240C1415A0E2001071C433125
:10179000220FAFEB1ED880C0920DEFFEA14192E860
:1017A000051480301D0871014024C2316C71024063
:1017B000C141320E2001071C0332FA0EAFEB0C744C
:1017C00080C06A0DEFFEA14191E8051480301F082A
:1017D000F1014024C2316C710240C141060E20016A
:1017E000071C0331CE0EAFEB10D880C03E0DEFFECC
:1017F000A14189E8051480300B0831010C71B60E47
:101800008FEB84C10DD8DE09E000A14260DEB7E8AD
:1018100084C10BD8CE09E000A142B1E884C115D83B
:10182000C209E000A142ABE884C113D8B609E000C8
:10183000A142A5E882C260D96C73E1400A1C033062
:10184000B60EA000081C05300A14803040248232F5
:1018500060D96C2000010A1C02306C71860D2001D9
:10186000E140520EAFEB0C710E1480300F08710086
:10187000CD720C71DE0F6FFFA14109C208C08C70E0
:101880004830C1024832C0022E7A0E7BC141CA0ED6
:10189000A000A1404E850C70607AA14110D8C8C745
:1018A000E8C3A1C108450C70D60E6FFF284714701D
:1018B000CB46A100E01D85F29C170110A017001077
:1018C000C3424843000004314083CA254510043513
:1018D0000090CA2505100435809052F6C340C842D6
:1018E00000000435009054002B00043580904C001B
:1018F00026002C7101A6AD74004205F041A62C70A3
:10190000AD73C340A100991200885108B0000E7059
:101910008BE80132830F48C30000BFBB0433808FC4
:10192000833A6F129AF70432808F4843000055F7CC
:10193000304094E80E7112F0C34248420000043572
:10194000809082002B00043500907A0026002C72D3
:1019500041A6AD75D7F13040F60BE0000916C01076
:10196000218602310000BFB80430808F833A6F12A5
:101970004A000C00B20BE0000916C010FA0BE000A0
:101980000916C010A14002411E0D6FFFE142208EDA
:101990000A0920010C7500413C4F4024C2306C7193
:1019A0008C70AC70520C2001031C0331160920010D
:1019B000E1400C70A209E000E141081E031001861D
:1019C000C8C7C340C84100000435009088F60435FC
:1019D000809046F701A62C73AD7690F1C342484142
:1019E00000000435809089F60435009045F741A643
:1019F0002C7307DD87F1C340C84000000435009018
:101A000088F60435809046F701A62C7308DD76F140
:101A1000C342484000000435809089F604350090A8
:101A200045F741A62C7309DD6DF1C342C83F0000A4
:101A30002C730ADD41A667F1E8C3A1C108450C700B
:101A4000120E6FFF28471470CB46A100041E83F2CC
:101A50009C170110A0170010C34248430000043136
:101A60004083CA25451004350090CA250510043569
:101A7000809052F6C340C8420000043500905400E4
:101A80002B00043580904C0026002C7101A6AD740B
:101A9000004205F041A62C70AD73C340A10069134C
:101AA00000885108B0000E708BE80132830F48C3E4
:101AB0000000BFBB0433808F833A6F129AF7043261
:101AC000808F4843000055F7304094E80E7112F0C3
:101AD000C34248420000043580907E002B0004354C
:101AE0000090760026002C7241A6AD75D7F13040EB
:101AF0005E0AE0000816C010218602310000BFB85F
:101B00000430808F833A6F124A000C001A0AE000FA
:101B10000816C010620AE0000816C010A140024179
:101B2000F20B6FFFE142208E860FE0000C75004142
:101B30003C4F4024C2306C718C70AC70BA0A2001EA
:101B4000031C0331A20FE000E1400C700A08E00022
:101B5000E1410186C8C7C340C84100000435009078
:101B600088F60435809046F701A62C73AD7692F185
:101B7000C342484100000435809089F60435009046
:101B800045F741A62C7307DD89F1C340C84000002A
:101B90000435009088F60435809046F701A62C7332
:101BA00008DD78F1C342484000000435809089F692
:101BB0000435009045F741A62C7309DD6FF1C3424F
:101BC000C83F00002C730ADD41A669F1E4C3CB4491
:101BD000A10099124F08B002A1C15B0850019308FF
:101BE000710023D8570AB400CD70A089031C82333A
:101BF000021C8233001C843340230E0780C22C74E5
:101C00006C73C140F20AA000B7AC350DD0103B0D8B
:101C10005010430D9010A6ED021480304620000CA9
:101C20001EF000892D837920000001AC60796040AE
:101C30001FF020890C70C1B920ACC4C702148030D9
:101C40004520000C0CF0021480304620000C84B8B3
:101C500006F0021480304620000C85B8031C0230C8
:101C60004024C2302C746C717A092001C1400C7080
:101C7000C4C7E0786A24801251248093E020820F48
:101C80001300C013CB44000046003E796A24801242
:101C900051248093E020820F13002814CB440000CD
:101CA00047003E796A24801251248093E020820FFD
:101CB0001300E413CB44000044003E796A248012F0
:101CC00051248093E020820F13008C14CB44000039
:101CD00045003E79F2C394242F3AC340A000307EE1
:101CE0002E0C20001042CB47F000340003E850D9FE
:101CF0002DF0CB4614000042008E1EE8AD70D3419B
:101D0000140004420A20802F1400184204110224F7
:101D1000041001240024833F000030068A240800B8
:101D2000060C200042402708320058D9008EA571C9
:101D3000DD0D04904FD840C081C180C24240BA0B33
:101D400020004024143106E857D934AF15AFD2C76C
:101D50004A22002000C0930A05205A220E25302472
:101D600080231D78060A6FEC104308453BE8078581
:101D7000B9E881C01E660286341511100E092000D4
:101D8000301510101045060920000386043040A5C8
:101D90004C706C70CA236900043080A0A241C5F762
:101DA00074700241BE71043100A0CA204904043598
:101DB00080A0D1F7043040A005F25021FE8703F245
:101DC0002CA5043100A00FF25020FE870BF20DA5C8
:101DD00009F059D814AF161FC21455AF198D87B822
:101DE00019AD4671B8F1C340A100084A860D0FFC39
:101DF000D2C7E0786A24801251248093E020820FB9
:101E00001300AC17CB44000043003E79ECC382249E
:101E1000183C4FD840C081C1C340A000307EDA0AD0
:101E2000200080C202E8CCC7760E0FECE60C2FEC47
:101E3000104210414A27001000C0EF0F259081C0CA
:101E40005A270D15A06026096FEC1D7808461BE87F
:101E5000078699E881C0B860101010014A2500106B
:101E600015086E23A14042412E0E2FEC224208E8B5
:101E7000078886E8A571ED0D149805F0198E87B8CE
:101E800019AEE571DAF1E0786A248012512480936A
:101E9000E020820F1300D417CB4400004B003E79A2
:101EA000E6C22846460D2FFC0845188D63087308C6
:101EB00042200302970B35051472C341A10010188C
:101EC000C342A100A0182520C00015F051F0E4F095
:101ED0005DF0E2F0E0F0E0F0DEF0DEF065F077F0EB
:101EE000DAF083F0D8F0D8F0D6F0D6F0D4F08BF05A
:101EF00097F042868B856A8500820CA101820DA134
:101F000002820EA1038291A170A10FA1C4F0A1E0F1
:101F1000C342A100201993F2A4E0C341A100E81834
:101F20009BF2A7E0A9F2ADE0B6F422868B856A8524
:101F3000008100A2018101A2028102A2038103A209
:101F4000048186A265A204A2A6F0A6F42286CB850F
:101F5000EA85C340A10010184181628183812081FC
:101F6000C5A0E4A020A083A062A041A094F0428676
:101F70008B856A85008206A1018207A1028208A1E1
:101F800003828BA16AA109A186F042868B856A85AE
:101F9000008212A1018213A1028214A1038297A1DF
:101FA00076A115A178F042868B856A8500821EA1F4
:101FB00001821FA102828019000003828C19000394
:101FC0008819C0008419000066F042868B856A85F6
:101FD000008218A1018219A102821AA103829DA187
:101FE0007CA11BA158F022868B856A85008100A206
:101FF000018101A2028102A2038185A264A203A23F
:102000004AF022868B856A8500810CA201810DA28F
:1020100002810EA2038191A270A20FA23CF022863F
:102020008B856A85008106A2018107A2028108A230
:1020300003818BA26AA209A22EF022868B856A8573
:10204000008107A2018108A2028109A203818CA25A
:102050006BA20AA220F042868B856A85008207A1C6
:10206000018208A1028209A103820AA104828DA132
:102070006CA10BA110F042868B856A85008200A1BD
:10208000018201A1028202A1038203A1048286A12E
:1020900065A104A14A2700105B0FF5130C705A27A5
:1020A0000E1E3226801FA100881923E8720D200021
:1020B000E140BA0E0FEC1DE855801BEA298819E9AA
:1020C000C341A1008919788D2C66270B21033E6638
:1020D000228E8DE92A85618E2AA02B852BA0C341F3
:1020E000A1001018607A62AE228E096902AEE57115
:1020F000D4F1C6C66A24801251248093E020820F56
:1021000011002C69CB4400004D003E796A248012F6
:1021100051248093E020820F1300AC2ACB440000AE
:102120004A003E796A24801251248093E020820F75
:1021300011003475CB4400004C003E797888604231
:102140008022BD03270A74034A6B0F0A15081F0E6D
:102150008F700583C1824223020989E2E020CD0706
:102160008A23480211238080E07C1080E07F00A158
:102170006A24801251248093E020820F1100F47EA3
:10218000CB44000033003E796A24801251248093AE
:10219000E020820F11001080CB4400001C003E792B
:1021A00007213E80260024001A61072201002F2605
:1021B00046F01A002300BF20FF0FC3410000FF7F3D
:1021C000C342FFFF008014703C72E07F4E78E078DD
:1021D00007213E801E002400196107213E80160061
:1021E0002300BF20FF0FC341FF7FFFFF1470C021FA
:1021F0006100E07F2040E078F1C005E9160820008A
:102200005878C3410000FF7F9A0B8000D1C0E07E68
:10221000E1C5004317E9317C717A052A00031A20D1
:102220000D03A27A5B7A150A24030721FE800A00B7
:102230000300170C851004710721FE800A000400BA
:10224000C2C46040C2C41378C2C4E078E8C250403F
:1022500028463A0BA00008450847320BA000C140B1
:10226000EC7842204120167001284200C343000050
:10227000FF7F01280104C0BACA2221001109E10030
:10228000C77D090D12104C70604109F0016B0F09F8
:102290002400A4782FB84C7079605961B570CE21B4
:1022A0002B002E78C8C6E0783248072103000722A9
:1022B000010064792F2646F018002300BF20FF0F8D
:1022C000C3410000FF7FC342FFFF008014703C72D7
:1022D000E07F4E78EAC205907041504041280D02DF
:1022E0000F7EB04EA60AA000284789E00C700EF7BA
:1022F0000926401365B800B7104D00180420209738
:102300000C71314E00194420CAC6E078E6C3A2C160
:10231000BF8040200E07284780C27CD96C72DA0B40
:102320006000C1400114803038150610402442304E
:1023300050200100011C4230071C02307CD96C7116
:102340008C70AC70C60AE000C140402442312FD9E5
:102350006C71C1408E0AE000051C43300E85560B9F
:102360006FEB4830C00280C23ED96C738A0B6000AC
:10237000C1400214803001148230F5708A213E0081
:10238000C6B8C5204200051C8230061C023040241D
:1023900042313ED96C724E0AE000C1400E85160BE8
:1023A0006FEB4830C002381506104024C2317CD98A
:1023B0006C718C70AC70560AE000C140C6C7E07802
:1023C000E6C3A2C1DF8040200D07402482317CD9C2
:1023D0006C72260B6000A14007148030381606107E
:1023E0004024C231A0B8071C02307CD96C718C70BB
:1023F000AC701A0AE000A14080C22FD96C71A140D4
:10240000E209E000001C83300E86AA0A6FEB483018
:10241000C002C341A100701E0091E289438963910B
:1024200060C0248928B8956F06BA53200F01442450
:102430000018021CC23028BB84220100E57807B9CD
:10244000C2BB45788523020C2578031CC230011CD1
:10245000023080C230D96C748A09E000A140402467
:1024600082317CD96C72920A6000A14007148030DE
:10247000381606104024C23180B8071C02307CD9BF
:102480006C718C70AC708609E000A140C6C7E07822
:10249000E1C580986C7090BB354B2C7C4C7D7D7B6E
:1024A00099653B6330BB60B0C2C4E078E1C5618030
:1024B00048310C004833810007310403208002803A
:1024C0004831810007310703483080000730060398
:1024D000003401010037C0010130410000368001A5
:1024E000013101000431808F10400000B40026004B
:1024F00065D80431808F803E0000A8002C006C70ED
:102500000437C080E844D224EC170434C0800A2386
:102510000011D223EC170434C0922C708941CA21D7
:102520006500CA21C5120436C0800A208011D2205D
:10253000EC1704310092CA21A500CB45663F6666C0
:1025400029097000043340939BE9043440935400FC
:1025500005000434809F8C3FCDCC4800290004370F
:10256000C080001A430019F09CF70433809F8C3F11
:10257000CDCC18F6011A43000434C0800DF00430AD
:10258000409390F70430809F8C3FCDCC0AF6043600
:10259000C080021A43002C770C70CA21660023AA5F
:1025A000C2C4E0786A24801251248093E020820F14
:1025B0001100B49FCB4400001B003E79C340A10032
:1025C000BC1EE07F00184300C340A100CC1EE07F8A
:1025D000001843006A24801251248093E020820F67
:1025E000110084A1CB4400000A003E796A248012C5
:1025F00051248093E020820F1100F4A3CB4400000B
:102600000B003E796A24801251248093E020820FCF
:10261000110004A4CB4400000D003E790F08D5033F
:102620003220800FA100B441E07EE07FFFD8E07847
:10263000E2C20844660920000C742084A184483159
:102640004102307948310B000435C09289F64E09B9
:10265000200012D848354112307948310B00A2844D
:102660000435C09289F63609200010D84835411249
:10267000307948310B00A6840435C09289F61E09D2
:10268000200028D848354112307948310B00A78402
:102690000435C09289F60609200036D84835411223
:1026A000307948310B00A8840435C09289F6EE08D1
:1026B000200034D848354112307948310B00A984C4
:1026C0000435C09289F6D608200048D84835411212
:1026D000307948310B00A3840435C09289F6BE08D6
:1026E000200016D848354112307948310B00A484B7
:1026F0000435C09289F6A608200024D84835411236
:10270000307948310B00A5840435C09289F68E08D3
:10271000200022D848354112307948310B00AA8474
:102720000435C09289F6760820004ED8483541120B
:10273000307948310B00AC840435C09289F65E08CC
:10274000200042D848354112307948310B002B84A3
:102750000431C08284F6460820005AD8C2C6E07808
:102760004A2440730A22800FA100201FA820800164
:10277000298A0D0900000AE2E07F0C70C340A10025
:10278000A41F008004E80192209204F00392229298
:1027900010B8E07F2578E0784A244073C341A10057
:1027A000281F1D7B0A224000A8208001018A0D0BF2
:1027B00000000AE2E07F0C703F813470E07CE07F33
:1027C000008AE078EAC3A5C128460845C70830005A
:1027D00023DFC30E3010A140FE0DEFFF681510106F
:1027E000388D1041ED70101CC4333909750643C78C
:1027F000310E4E70400170A002864E15831003808A
:10280000483040020F7A1D0BA000AC702C1504104C
:102810006A854E1D02102C76560F2000A140388D7F
:102820000B69730895076F0E0E706C361F36C34226
:10283000FF4600FE003081204831002007310900AA
:10284000028680C3CB4400C70000402408332080A8
:10285000C18002806D7040C141C642C0310BF5108D
:1028600083C100830031011040400431808020A3E7
:1028700006F6043100838140CA204600041B100084
:102880004830C002657102181410EAF19A0E200057
:10289000A140E140CAC7E078E8C3A2C16D81104001
:1028A000C34050430BD74C812E81003303000032CC
:1028B0000200003100004833C1028B4421B4C341FF
:1028C000A10008174832C2024830C00240210D035F
:1028D00040B402B480C2020EAFFBA1409E150111AC
:1028E000AD70C2B90969150875014C700021800FDF
:1028F000A100A841FF108280CB46A100F81E018EE6
:102900002B08A00040AE09E8226E00A902401A0E72
:102910002000A1A9408E0AEA226E024041A90A0EB7
:102920002000A0A9408E03F04C700C7041AEC8C7C7
:10293000E8C3A2C128460845147023D85DF2BB0E37
:1029400010101A85CB47FF4600FE0030D0038A0CDA
:10295000EFFFA140483000000730082082864A245B
:10296000C07080C1C34300C700008142A820C005D9
:10297000041200042846E141003000100430C080F9
:102980006F230B100430C08305F6512300907C7038
:1029900000414831C002226E00B603844E158110FA
:1029A000483040020F7A1B09A0002C762C15041029
:1029B0006A854E1D0210AC70B60D2000A140C340C8
:1029C000A100BC1E208880968342619240928BE9D0
:1029D0002290130A410024900B0B41002690190C01
:1029E000401042B00018030064B086B080C13A0DB8
:1029F0002000A1400C70C8C7E8C3A2C12846084502
:102A0000147023D85DF2BB0E10101A85CB47FF4619
:102A100000FE0030D003C20BEFFFA14048300000A1
:102A20000730082082864A24C07080C1C34300C793
:102A300000008142A820C005041200042846E1419C
:102A4000003000100430C0806F230B100430C083AE
:102A500005F6512300907C7000414831C002226E7F
:102A600000B603844E158110483040020F7A1B09CE
:102A7000A0002C762C1504106A854E1D0210AC7037
:102A8000EE0C2000A140C340A100CC1E20888096FF
:102A90008342619240928BE92290130A4100249074
:102AA0000B0B41002690190C401042B00018030097
:102AB00064B086B080C1720C2000A1400C70C8C701
:102AC000E4C3A2C128460845147023D831F231EE80
:102AD00022864E1583100481483040020F7A1D0B68
:102AE000A000AC702C1504106A854E1D02102C76C7
:102AF0007E0C2000A1402286428161812381C34057
:102B0000A2453DF80032020000330300003100000E
:102B10004833C1024830C0024832C202834321B365
:102B200000B380C1A140020C200042B30C70C4C7A6
:102B30006A24801251248093E020820F11003CAE61
:102B4000CB44000032003E796A24801251248093E5
:102B5000E020820F110094AECB44000031003E799A
:102B6000C342F000400280D808A20C822F2605F054
:102B7000E020C4072F277F006F233F000482A7B8FF
:102B800004A22F267F00E07EE8C3A2C12846504061
:102B900008454024813181C2402483303A0FAFFF81
:102BA000C1409B0830000C7004140731629E06146B
:102BB0004031419E249EE09E06164911AC71422789
:102BC0004B001E230E0469682F240880002DC002CC
:102BD000041506100E78002DC3001E66CA232100BE
:102BE000022ECE11021408316E7BC076DB631E22EA
:102BF0000204022B030142205E101E270B146C7985
:102C00001A2349028085002D8F07EE7F1A626170BA
:102C1000022AC201F96121770228C0019A620229C1
:102C20000C02022F011238609A6200A5C341000015
:102C3000FF7F60406E09600041A5C8C7F1C04089B0
:102C4000C341A100141FC2BADE0A200040A9D1C0AE
:102C5000E07F0C70F1C0C341A100141FCA0A00003C
:102C6000D1C0E07F0C70E078E4C2CD70410E551306
:102C70005A268012CB45A100201F1D65EE0AEFEBFE
:102C8000088D4128010400B521B50AE8C341A1001F
:102C9000A41F00810F20800300A108F0CE0AEFEBF3
:102CA000098D02B530B803B5C571E2F1C4C6E0784C
:102CB000E4C3A1C128459DE8098D1BE8CB46A100CE
:102CC000E01D088E95E8620E8FFE25866079A14092
:102CD000208ECA0D60000C7500413C4D4024C2306E
:102CE0006C718C70AC701209A000031C0331C4C756
:102CF000F41CC8B79E78608141812281BE788B44E4
:102D000024B481C143B4220A200062B40C141F34DD
:102D1000E07F0C70E4C3A1C1284503E8C4C7CA0F13
:102D20008FFECB46A100041E25866079A140068651
:102D300076E80988F4E8208E760D60000C75004175
:102D40003C4D4024C2306C718C70AC70AA08A0005D
:102D5000031C0331C4C7E078E2C2C340A100E81DF0
:102D60000088284502E8C2C6DA09CFEBA20D200090
:102D7000A142C2C6E2C2CE09EFEB2845920D200067
:102D8000A142C2C6F1C0C3411400C82C120BAFEE61
:102D90000DD8C3411400202D9A0BAFEE0DD8D1C031
:102DA000E07EE078F1C04844004214720C7012F2E8
:102DB000490A510045093401001B0501C341A10026
:102DC000E21E208903AC02AC01AC0C7120AC16F001
:102DD00029093402001B050207AC06AC05AC04ACA3
:102DE00003AC02AC01AC00ACC341A100DC1E4C76CC
:102DF0004E0C2FE081400C71D1C0E07EF1C0484400
:102E00001D08B0006C702D08510029091401408C78
:102E1000C341A100E21E6C7140B10CF015093402EF
:102E20004C76C340A100DC1E160C2FE081416C7172
:102E3000D1C0E07F6040E078E4C3ADC128450846DA
:102E400080C02C703E0A2FEE34DA1F0DB4108C2592
:102E50000290CC25829F0000FF000DF4C340484340
:102E6000000042C003F0081C013080C19E0F20000A
:102E7000C140C4C76A24801251248093E020820F8D
:102E800013007055CB4400005D003E796A24801227
:102E900051248093E020820F13008855CB4400001A
:102EA0005E003E79E2C3A1C1284500414024423082
:102EB000C340A100E441420820006C730314813038
:102EC0008A207F0AB171CA202100C2C7E2C3A1C112
:102ED0002845004140244230C340A100A4421A08C2
:102EE00020006C73031481308A207F0AB171CA20DC
:102EF0002100C2C76A24801251248093E020820FEF
:102F000013008C57CB44000028003E796A248012BD
:102F100051248093E020820F1200804CCB440000AB
:102F200029003E796A24801251248093E020820F88
:102F30001200E800CB44000018003E796A24801299
:102F400051248093E020820F1200A401CB440000A2
:102F500017003E796A24801251248093E020820F6A
:102F600012000C6CCB44000016003E796A248012DB
:102F700051248093E020820F12009805CB4400007A
:102F80001D003E79F1C0C341A100F81E408908EA46
:102F9000247241A9920FEFFF00190300D1C0E07F16
:102FA0000C70E078FAC2FC1CC8B6A3C10A26C02186
:102FB0000A2780210A2040310A210031784310403D
:102FC000AE712E7040241231ED70CD70001C803037
:102FD000B670CA4500C0CA25C1150A240026209D26
:102FE0000A234026CA24C126CA23012081C08C702E
:102FF000AC70CC7082426243001A40243608200034
:10300000081C4034219D1E6681C08C70AC70CC7051
:1030100082422208200062431F67B670AE70DAF564
:103020000418C02300188023A3C004141B34DAC67C
:10303000EEC208461E224000AD7030428DBD218692
:10304000B8604EB80A2180210A2040210A230021BD
:103050008209AFFF68471E27811408470086B961BF
:103060007209AFFF4EB91A270114B9616609AFFFA3
:103070004EB91E23812401A6B8611A2741144EB807
:10308000B9615209AFFF4EB900A6C3410000FF7FEE
:10309000120D2000E140CEC6E1C580986C708FBB58
:1030A000354B2C7C4C7D7D7B99653B632FBB60B0A1
:1030B000C2C4E078E6C3A6C1161C02300C704022E0
:1030C0000F0748462845141C043044C0402482356C
:1030D00060D96C71E1400E0D6000171C0331D60DF4
:1030E000EFEA0C71C340A100E01D2088AE0960002A
:1030F0000C754024C2356C710041EA0C6000E1405F
:10310000B20DEFEA0C7684C0B60B2FFEC141D10898
:103110003100084615148030C5083101CD70CD70DE
:1031200080C231D90EDBE1400C1C843342C641C65B
:10313000C60DEFFF40C60614823016148030051409
:10314000813007148C300314833002148B3021C774
:1031500008BA6BB810BC08BB596157688420830F4C
:10316000CB4000FF0000CB418000000010BF617326
:1031700099611D780A260002FB6331714578C342CC
:10318000A1009C12CA26250031738082C02306024A
:10319000483383002F2307900034C31012F241827A
:1031A00000264000483080001D0B701100320200E4
:1031B000190B1011290B7110F8DE60A5CD7010F0FD
:1031C00061A50EF042A50CF021850085628543A51E
:1031D000023041000233800024A505A5CD78C6C782
:1031E000E6C3A6C1161C02300C7040220F074846E9
:1031F0002845141C043044C04024823560D96C71C9
:10320000E140E20B6000171C0331AA0CEFEA0C71DD
:10321000C340A100041E2088960860000C7540245D
:10322000C2356C710041BE0B6000E140860CEFEAD4
:103230000C7684C0F60A2FFEC141D1083100084641
:1032400015148030C5083101CD70CD7080C231D9E0
:103250000EDBE1400C1C843342C641C69A0CEFFFE2
:1032600040C60614823016148030051481300714CD
:103270008C300314833002148B3021C708BA6BB82A
:1032800010BC08BB596157688420830FCB4000FFF6
:103290000000CB418000000010BF617399611D7870
:1032A0000A260002FB6331714578C342A1006C130A
:1032B000CA26250031738082C0230602483383006A
:1032C0002F2307900034C31012F2418200264000E1
:1032D000483080001D0B701100320200190B1011D4
:1032E000290B7110F8DE60A5CD7010F061A50EF00D
:1032F00042A50CF021850085628543A5023041007E
:103300000233800024A505A5CD78C6C76A248012A3
:1033100051248093E020820F1200DC09CB4400008E
:1033200015003E796A24801251248093E020820F98
:103330001200F409CB44000014003E796A24801284
:1033400051248093E020820F1200040ACB44000035
:1033500013003E796A24801251248093E020820F6A
:1033600012002C0ACB44000012003E7900438C204E
:10337000C78F24D8E020C9078C233880E020CB07F2
:103380008C21C78FE020C9078C213880E020CB0733
:103390008C22C78FE020C9078C223880E020CB0721
:1033A000E07F0C70E6C3A3C1BF8040200E0781C23E
:1033B0007CD96C72420BEFFFC14005148030381588
:1033C000061080C20B1C0230A0B860C07CD96C71A2
:1033D0008C70AC70360A6000C14080C22FD96C710D
:1033E000C140020A6000001C43300E85C60AEFEAA5
:1033F0004830C00281C23CD96C75FE0AEFFFC14063
:10340000CB44A100641EE09422946194039422C2F0
:1034100060C7849428BF05B9021CC23028BB06B817
:10342000C4BF4421010884220200C2BB84200100E1
:10343000E57907BC657A25784522020E8578031C5C
:103440008230011C023080C23CD96C749609600045
:10345000C1400E855E0AEFEA4830C00238150610FA
:103460004024C2327CD96C718C70AC709E096000B3
:10347000C140C6C7E4C3A4C1BF8040200E0740249A
:1034800042337CD96C72720AEFFFC1400E14803057
:103490003815061080C20F1C0230A0B860C07CD95D
:1034A0006C718C70AC7066096000C14080C22FD90D
:1034B0006C71C1402E096000001C83300E85F60936
:1034C000EFEA4830C002C340A1007A1E209041902C
:1034D00082906390049060C1021C823028B928BA9F
:1034E000061CC430081C0430011C4230031C82300E
:1034F00080C236D90ADBC140EA086000041C0433EC
:103500000E85B209EFEA4830C00238150610402493
:10351000C2337CD96C718C70AC70F2086000C14011
:10352000C4C7E0786A24801251248093E020820F7F
:103530001200FC183BDC3E796A24801251248093EF
:10354000E020820F1200146B3ADC3E796A2480126C
:1035500051248093E020820F1200181A39DC3E7942
:103560006A24801251248093E020820F1200B01A46
:1035700035DC3E796A24801251248093E020820F4A
:103580001200541B37DC3E791178E07F1078E07828
:10359000E07F08204000E078E07F09204000E078EC
:1035A00000421071CA224B0085F632785070CA2250
:1035B0000900E07F4E78E0782C709EB920421071AF
:1035C00022B93EF72C700CEA5B617070D421860042
:1035D000C220C600412A82803D79F8F5E07F30782C
:1035E000809861984298897C697B497A9863CD0775
:1035F000EFFF58606A24801251248093E020820FEC
:103600001300AC5B0CDC3E79FAC2FC1CC8B6ADC141
:1036100008440C724E09AFFF20434CC04609AFFF6F
:1036200009D840C03E09AFFF08D841C03609AFFFF6
:103630000BD842C02E09AFFF12D843C02609AFFFF6
:1036400011D844C01E09AFFF14D845C01609AFFFFA
:103650001BD846C00E09AFFF1AD847C00609AFFFF6
:1036600024D848C0FE08AFFF27D849C0F608AFFFEE
:1036700021D84AC0EE08AFFF2DD8588C4041802198
:103680003E04110975034BC0210E4F700000071F47
:1036900040408020FD098BE0F6030D00112600F06C
:1036A0000000A70AEA0301002B0975038022FD0927
:1036B000252040000DF022F022F02EF02CF02CF00E
:1036C0002AF02AF01EF020F020F022F022F00CDD8B
:1036D0002DF0450A3503AD702520800027F00CF051
:1036E0001CF01AF018F01CF016F01CF014F01CF08E
:1036F00012F01CF0AD711BF007DD19F00DDD17F0B5
:10370000AD7415F0AD7513F0AD7611F00ADD0FF064
:103710000BDD0DF0AD770BF0AD7209F0AD7307F076
:1037200008DD05F009DD03F00EDD00830C13070052
:1037300008130400041305005020FE870A260030F9
:1037400032F45025FE8730F45024FE872CF45027A5
:10375000FE872AF4E4835027FE9726F4C58350267B
:10376000FE9722F42C835021FE871EF40A835020FA
:10377000FE871AF44B835022FE8716F4868350246A
:10378000FE9712F41C130B005023FE970CF4201329
:1037900008005020FE9708F424130600EF7050260E
:1037A000FE870FF224130600201308001C130B00E1
:1037B00086834B832C830A83C583E483EF715E2564
:1037C000091ECB45A10054190021491324190010EA
:1037D000604030194010201980131C19C0131819AB
:1037E000C01108190011041940110019801734196B
:1037F000C2172C19801028198011141900121019E1
:10380000C012320E6FFF0C1900134A24C0732C70C3
:103810000E702E704E706E708E70AE70CE70EE7038
:103820000F702F706F70CD700D706D7035190210A4
:10383000A82041025A23021E65715865A2628C803D
:103840006B8004320082CA218900CA208910498015
:1038500004348093CA2609130433C086CA23C930AE
:10386000688004324086CA2189304780043300854D
:10387000CA24C92066800432C084CA2389204A80B1
:1038800004338084CA22C920658004320086CA209D
:10389000893044800433C085CA27C920638004323C
:1038A0008085CA2689204280018004334085CA254C
:1038B000C92004324084CA21892004300084CA20EF
:1038C00009204A24C0736D70A82002055A23031EE4
:1038D0006C4D686014708DF26D4D68603B08F309A3
:1038E00042200202650A15050C702520800062F056
:1038F0005BF074F04FF072F070F070F06EF06EF0FC
:103900004EF044F06AF038F068F068F066F066F067
:1039100064F037F015F000428022BD03450A5503DC
:10392000252080004FF023F052F017F009F024F02A
:1039300027F02CF02FF034F037F041F03AF07865B2
:1039400004800736002048F073089000770870085C
:10395000A4E00C7042F478650A80073000303CF037
:103960006D08F009ADE00C7038F478650B80073312
:10397000003032F078650380073500202CF0786540
:1039800005800737002028F078650780073300207E
:1039900022F078650680073200201EF078650880E6
:1039A0000734002018F0786501800730002014F0FB
:1039B00078650280073100200EF0A0630731000017
:1039C0000AF078650C800736001006F078650980EB
:1039D00007310030483040024025821D6C620F7A6A
:1039E0000F0CA0107A65361A0200371A03006571B1
:1039F0000CC005E8020CEFFF0CC000C005E800C0D9
:103A0000F60BEFFF024101C005E801C0EA0BEFFF32
:103A1000224102C005E802C0DE0BEFFF424103C0B5
:103A200005E803C0D20BEFFF624104C005E804C003
:103A3000C60BEFFF824105C005E805C0BA0BEFFFDA
:103A4000A24106C005E806C0AE0BEFFFC24107C0A9
:103A500005E807C0A20BEFFFE24108C005E808C077
:103A6000960BEFFF034109C005E809C08A0BEFFF81
:103A700023410BC005E80BC07E0BEFFF63410AC07A
:103A800005E80AC0720BEFFFC1411E0B4FFFADC02E
:103A900004141B34DAC6E078004265B80B087501DF
:103AA0003470C0226200E07F4F78E078004265B851
:103AB0000B0875013470C0226200E07F4F78E07817
:103AC000E2C2CB45A100E01D0042C34114007C2CA2
:103AD000920AEFFF0185660AEFFF09ADD60BAFEA48
:103AE0000C71C2C6E2C2CB45A100041E0042C34114
:103AF0001400982C6E0AEFFF0185420AEFFF08AD13
:103B0000B20BAFEA0C71C2C6E4C3A1C1284615E9E5
:103B100040200D075D78412A4101C3B8031C4230A3
:103B2000021C0230402482305BD96C72B60A20003D
:103B3000A14005E8C4C70C77C4C75ED980DBA140AB
:103B4000A20A2000C142C4C7EEC3A3C1FF801CE08B
:103B500082C27DD96C72A20BAFFF10420914803073
:103B6000381706104024423282B8091C02307DD931
:103B70006C718C70AC704240920A20002E708A23C7
:103B800081260E70CD70AD70C340C8420000EE0AB1
:103B9000AFEAAB23082E80C20CD907DB5A0BAFFF6C
:103BA00042400614813021C302148B300514823048
:103BB00003148C3001148830267108B908BB402BDF
:103BC0000B122F2047044579657C052303121474DA
:103BD0002E788E796E7A002010203E66AC07E5FFC5
:103BE0005D654024823241D96C720E0BAFFF4240BA
:103BF000442D0D110B148230442E0E11AC7D44283F
:103C00001021CC7EB9661A200024AD70386048308F
:103C100080002F3000004830C1028AEA0021800F66
:103C2000FFFF47C18C20CA833C000500130A5100E6
:103C30000021800FFFFFA3E08C20C58194F7150AB7
:103C400091000021800FFFFF51F08C20C2888CF77B
:103C50008021200A65D8D1E165DDCA202500547392
:103C6000CA250110541700168C200280CC20828FA8
:103C70000000FF0011F209148030381706104024AC
:103C80004232A2B8091C02307DD96C718C70AC70C4
:103C90007A0920004240A140CEC7E078F1C0C3417C
:103CA000A10008179A0C2FFB1C49D1C0E07F0C70B3
:103CB000E2C2084507800CE82C706E0AAFFFA140F5
:103CC0002C703609EFFFA1400C70C2C622D8C2C6C4
:103CD000F1C0278006E9520AAFFF2C700C7003F088
:103CE00022D8D1C0E07EE078E4C3A2C16D814C81CE
:103CF0002E810846C34050437FD600330300CB4596
:103D0000A100DC1E00320200003100004833C10275
:103D100063954832C2024830C0028B4440B421B49B
:103D200002B480C2C340A100EC16EA0F2FFBA141F0
:103D3000984D2F2607F000A904F2EE09AFFFC1400D
:103D40000C70C4C7F1C0C340A100EC16C341A10070
:103D5000DC1E62096FFB00180500D1C0E07F0C700B
:103D6000F1C0C341A100E41EBE098FFFD1C0E07FB6
:103D70000C70E078F1C0278006E9AE09AFFF2C7027
:103D80000C7003F022D8D1C0E07EE078E07F0C70A8
:103D9000F1C0278006E99209AFFF2C700C7003F088
:103DA00022D8D1C0E07EE078F1C0278006E97A0908
:103DB000AFFF2C700C7003F022D8D1C0E07EE07809
:103DC000E2C2084507800CE82C705E09AFFFA140F5
:103DD0002C702608EFFFA1400C70C2C622D8C2C6C4
:103DE0006A24801251248093E020820F1300FC5D2E
:103DF0001FDC3E796A24801251248093E020820FD8
:103E00001200804B20DC3E796A248012512480937A
:103E1000E020820F1200404C23DC3E799BC9000059
:103E20000B2A00004C0905000008000000000000FB
:103E300002004E0500AAAA0A0000000000000000CF
:103E40000000000000000000000100000354000416
:103E50000010004002006F0000003E000000034020
:103E6000083F0004000103000800000500560000A0
:103E70002700CB00035400040018004003006F002B
:103E800000003E000000177A0841000A0000187A7E
:103E90000841000A0000FE7A08410007008D00007A
:103EA0003900F900035400040028004004006F00AA
:103EB00000003E0000000DFA104400050000FAFA70
:103EC0000044004400000D000800000E00010D0039
:103ED0000800001100000DA00842000300280000A7
:103EE00023005700035400040030004002006F001C
:103EF00000003E0000000380283F00020000000098
:103F00000000000000000080003F000000000000F2
:103F10000000000000000080003F000000010300DE
:103F20000800000600BF00002500870003540004BD
:103F3000009800400F006F0300003E0000000100E9
:103F4000080000010000030008000001000002005A
:103F50000800000100010600080000010000060042
:103F6000080000020001070008000001000007002F
:103F7000080000020001090008000001000009001B
:103F80000800000200122A00080000010040FE8024
:103F90001800000100404000401000000800000030
:103FA0000080800800FFFE7F187FFF0200FF007F77
:103FB000007FFF4FFFFF7F7FFF7FFF7F0140FE40BD
:103FC00088000003004040804000000000808080A6
:103FD00080000000004040404000000000404040A1
:103FE0004000000000404000400000000080808051
:103FF0000000000000000000000000000080804081
:104000008000000000404040400000000040404070
:1040100040000000004040404000000000404040A0
:104020004000000000404040400000000040404090
:104030004000000000404040400000000040404080
:104040004000000000404040400000000040404070
:104050004000000000404040400000000040404060
:104060004000000000404040400000000040404050
:1040700040000000004040404000000000004000C0
:104080004080800080000000008080808000000070
:104090000080808080000000008080808000000020
:1040A0000080808080000000000080800000000010
:1040B0000080808000000000000000008000000000
:1040C00000808080800000000080808080000000F0
:1040D00000808080800000000080808080000000E0
:1040E00000808080800000000080808080000000D0
:1040F00000808080800000000080808080000000C0
:1041000000808080800000000080808080000000AF
:10411000008080808000000000808080800000009F
:10412000008080808000000000808080800000008F
:10413000008080808000000000808080800000007F
:10414000000000800100FE00880000040012002032
:10415000003CAC00AC122020123CAC3C0000000043
:1041600000000000CCCDCCCCCD3DCC3DCC00CC0073
:10417000CD00003D0058008B003AA000A0588B8B6A
:10418000583AA03AAC122020123CAC3CAC58208BE0
:10419000123AA03CA0588B8B583AA03AAC1220207F
:1041A000123CAC3CCCCDCCCCCD3DCC3DCCCDCCCC64
:1041B000CD3DCC3DCC58CC8BCD3AA03DA0008B0062
:1041C0005800003A0000000000000000000000005D
:1041D00000000000000000000000000000000000DF
:1041E00000000000E80A1C1C0A41E841E8121C20FB
:1041F0000A3CAC41AC122020123CAC3C0101000056
:1042000001000100010000000100000000000000AA
:10421000000000000000000000000000000000009E
:10422000000000000000000000000000000000008E
:10423000000000000000000000000000000000007E
:10424000000000000000000000000000000000006E
:10425000000000000000000000000000000000005E
:10426000000000000000000000000000000000004E
:10427000000000000000000000000000000000003E
:10428000000000000000000000000000000000002E
:10429000000000000000000000000000000000001E
:1042A000000000000000000000000000000000000E
:1042B00000000000000000000000000000000000FE
:1042C0000000000000000000000000000001FE00EF
:1042D0000800000A004100000100950005000000F0
:1042E000B003000030000000400000004800000063
:1042F00028000000503E1400983D1400C83D1400F2
:10430000083E1400703D1400F1C00E080000D1C03A
:10431000E07F0C70E4C2AD700A26801FA100C01FB0
:104320000086218602790D09720122B91E084FFF0D
:10433000A571F10D349408E6C4C60000494E490346
:10434000543B1100E01DA1000801000000C2620002
:104350000401C84200FF04090C050A020EB4F3135D
:1043600002060303C8DE83420F2303160F0407105F
:104370000107090F080F1002100500AA000104022E
:1043800000020000050001010100900216EE06F295
:1043900005808020A216F1020205020E981B14026D
:1043A0001C0000C80608B006086AC4E0020806023D
:1043B00020F802080328181D14024A0000300208E1
:1043C000021737880F030F1002100702040378004A
:1043D0000014A6130464A82C1408149033D49D135D
:1043E000001308D4A71708041B0428842A052803EF
:1043F00012BE08333303060304BD0203060304BCE4
:104400000903060304BB1103060304BA0B33CB03F1
:10441000060304B91203060304B81A03060304B71B
:104420000851B61B03100304CCCCB52403060304C7
:10443000B42703060304B32D03060304B2210306C5
:1044400005C00400602005FC8C2B14000500000052
:10445000BCA81300C01FA100EF1C000000B0DA4888
:104460005FA1000F040B10080220100604180208B8
:1044700003041C02080B046E0F2002100F0403102B
:10448000280218030440020803040B58070C0F000D
:104490000000AAEA1102041402041C02040402042B
:1044A0000502040902041002040F200F20028002FA
:1044B000022414057A3D04010000D6FFF93D0802EC
:1044C000114010D6FF793E100304103E0000484111
:1044D00003500000C84C644106022C02104207043D
:1044E00008C8420804084843036C02204312900A9B
:1044F0000510440B020834233720213839020A48BA
:104500004202341E00410604030C0804024808005D
:1045100004130006090008280080000C26000E275E
:10452000000E02322301022901032A0100000325A3
:1045300001042101052B010509010604010C0000FD
:104540000502000302041C03000606020706020817
:1045500000000602130606140700C82E002E802E47
:1045600065B101080508DB00802EB402802EE3014E
:104570000510120250302008212E59F51002066A4B
:10458000F5802ED702620000014D000001002200DC
:104590008000001000107900A9F7802EFC3F00C1B8
:1045A0000F040F100F100F100F100F100F100F101F
:1045B0000F100F100F100710FD2D0C50D8B904D597
:1045C00006053301010003001801060F000209016E
:1045D000F73F13F8071003081202240218030B0F09
:1045E000040F100F100F100F100F100E101A2401CF
:1045F0000012782E00B02050E77FF67F06320F2E93
:1046000061F50020FE09C0B3042F17302F2EA10042
:104610002D0210F66F0000E76FE05FC82E0F800AD2
:104620008202301242410E0000FC2FB82ED15200FF
:104630002E604041400DBC98BC4046C02E010A0F80
:10464000B81302FD2D0E6112DC000088061505006E
:1046500000E0AA3805E090300400EE06F205808004
:10466000160000F102022D01D47B3B01DB7A04002D
:104670003F7BCD00006CC3048509C304ECE60C4607
:1046800001002700191034009600A012320C00F02F
:104690003C00122403020C2394320000004006BCAC
:1046A00002840700FC3FFC12F95178717D3800103C
:1046B0000014021C06670C079D00000CFF0F00048D
:1046C000C00000005BF598F1D400D3001EF219F48D
:1046D00066F5FF00000064F5A200E000A500FF7F82
:1046E000B4164DE9B544000069EDCF008A00BE0064
:1046F0008C008E00FF3FFFFB0008310100380030C6
:10470000FDF5D7008002865FFF004000004D0FEBF3
:10471000007FFFC2F568F7470F3B0F410F000060B5
:104720000F58F75BF7630F00808600520F650F008C
:1047300004B3F15F0F6CF7B9F1C6F10259FFD1F57F
:10474000670F00006A0FFF0300FCF03F0B010E0132
:104750001001B90000002DF5CAF5D50020F2B8010E
:10476000FF1F802EC00800001D6CAD00590131D123
:104770000008EE7AE40C12020000B300B4046203F5
:10478000C0021FF8E107D307DD010000D901BF0116
:10479000C901CB01C301C201C501E3010000A000B2
:1047A000C801DC01F0004CF7030212020002FC0118
:1047B0006FF70CED0F0D0F100F100F1008102510D4
:1047C00046300F2EA4F1BE00000980B3062F0D2E37
:1047D000920084AF022F16302D90812E8500860224
:1047E0000660F5271A35D2C02E212E4AF108430360
:1047F000000F090A109050F77FE67FD57FC47FB382
:104800007FA17F0000907F827F7B7F982EF4000045
:10481000B26E2F012E00001101072E0F01052E315F
:10482000010FBABFB9A3BC0000DC0A1FBA24BC1C2C
:104830000B0FB822BD032E3C0100002FB9200A9EA9
:10484000BC072E1201820A9FB8BBBD0000910A3F2F
:10485000B8900A252E1800052EC1F52EBC020405BD
:1048600003AAA20EB8313088040702501800009045
:104870000305000208830260192FA5509152982E5B
:104880003D03052E82104000252EA00234820080B8
:1048900090022F123025021201221A2E0326103008
:1048A00005024E012F210206250212030E80B220BE
:1048B00001000244C0F5F230020807AA7330032E4B
:1048C000840018000022411A052F032E66F59FBCB4
:1048D0009FB840900C00402FA752033053422B301A
:1048E00090045B42210222240000BD7E808184432B
:1048F0004202420232252E62F50500042E94008108
:1049000082052E0A0123020A975090080100003107
:10491000232E60F580B20B2FF23E012ECAF58214D1
:104920000108250206055224E03F90020C59F5903B
:104930006FB36FC400406FD56FE66FF76F7B6F8208
:104940006FA16F70328EA0104150807FE71644A295
:104950007F9132BE7B7F002E01024C600180144C9F
:10496000626F0132910880B20D2F00B2032F04C292
:10497000008090052FAB560230C142C286002EC285
:104980004203782000009000300602E88200A9501F
:10499000212E5AF2982E006AFFB3F66F806F916F46
:1049A000A20676E70274600270137A2000003013CA
:1049B00030C23308088B098A083050A2B80044403E
:1049C000B2F112C8DB7F31120489004190072F0039
:1049D00052D889006000032E8800B150982ED6036B
:1049E00080B3132032843020084104232E9D126EA0
:1049F00088009156B11282E0B110252020E06F00AE
:104A0000B20512569D000230100421022040B2026D
:104A100000060210D200823F0208010A212ED200B5
:104A2000DB6F00A0F06FD05F802E95CFF06F01306C
:104A30009802080302161005803F48086344890065
:104A400023020EDB0222B82E4386250000400440DC
:104A5000D8BE2C0B2211544203804B0EF68FFF421E
:104A6000A843960B045B689A0134725A2A990F0B7B
:104A70000F100F100F100F100F10041000006050D7
:104A8000D17FF37FE27FC07FBB7F1325982E00008C
:104A900074C0C16F00A0B3541022E36F4240C388BA
:104AA0001200A03218020F22B230C06F2A2C01422D
:104AB0004042C4800004D16F4884C1408340034217
:104AC0000330A16FC10F0200042FE06FF16F0142AC
:104AD000002EC1122200AC4340E200006F103001F2
:104AE00030082FC29082840122814008000000908B
:104AF000422030092C804281848288C190000A00C3
:104B0000430516800234BB6FA05FB82E078A43812D
:104B10007A850000033014304343438B9342434370
:104B20007E8B680E80009342F72F86805252DC12F3
:104B30004201423280002E20000442802EED12D627
:104B4000910016B802344A0C212E80112DF5C02E8A
:104B5000232E9172DE7DAAFD2D3012F8BD0E50007D
:104B60001032982EFA010030F07F1030008212D0FF
:104B70002E020101029C002E418248A2FB222EA09F
:104B8000004090042F25811112BC212E1900192DEF
:104B900033123398C7C1053274F07F809000B20E93
:104BA0002F91024A4DC303065AC7982E49B4982E36
:104BB0004004EC02982EFDB213F8190001629E0029
:104BC000B2042F9828082EE2B32376A10212920095
:104BD00004AE0B2240A00000B2042A072F03507439
:104BE0000E00B2022F033287022087420A902E6005
:104BF000AA1BB1012E950222033C150E033C85022F
:104C00001C85021212023C0AA092022402025605DE
:104C10000E092D982E5D0D01424E044220450407D9
:104C2000D22142FE012E86022E902E33024A8600A9
:104C3000023102129608058A47CB036A19008230B6
:104C40000322031661327A09010344000028BD28BB
:104C5000B905B29B58232F079095520030000037BA
:104C60002F15410441DCBE44BEDCBA2C01A2000079
:104C7000209B56510F0C2FD24224B9C24212425EE1
:104C80006AF702909C4354B21022982E2AB4212D28
:104C90006242A09200030C010103B25AF5182DE202
:104CA0007F503210FA019B549350900000427030B4
:104CB00099528142BE84E16F40B281420514242F93
:104CC0002102B81002202AB4032D6032969200030C
:104CD00086069002921802E4810097549352E042B3
:104CE000287AC122361A402236A5A203302002308B
:104CF00016B405EA0502FE1E141E92004208D026D4
:104D0000023E82029802FC0D2F01901D02DC3F52F0
:104D1000AC9900A1329F5805001288B6039A9800FA
:104D2000122D9D58A33210411141180040B9044181
:104D300098BC410A940A982ED4B612028699902102
:104D400000212ED452789800152A03328600182D9F
:104D5000039C03AA4000012F982E2B0E030C3F80CA
:104D600003A2012F002E0291140286410E300298F8
:104D700035B4032C8700059E01223600B2240100C1
:104D80000230F5CB052E9300A152020A7C824386A5
:104D90002100012ED300E040A354C422BE98B99153
:104DA0004243BE93000042040A9042E27FF0318207
:104DB00040F16F95BC1005404258D002FAA8CF06CA
:104DC000BCD26FE16F100A403254C0155024441910
:104DD000029EA0126442B7802E08B0C094142672BE
:104DE000046194A0F52F12F20F0204BE09536C80E7
:104DF0007F80B3D532A6B362B80000112FAD501A30
:104E0000251240427F74821240527F058822EE4074
:104E100053826AD6012E61F7013143C661F78012D1
:104E2000D2284086000822284022FE090117BC969D
:104E3000BC0FB863342144002E96120C01302A02B4
:104E400018920044B2052F47B2001090302D2F2148
:104E5000026E2B2D032EFDF59E23089014022028B0
:104E600080FCF599040C0E020C49F1AF544A08403D
:104E700090081204218A733A1030032FB35C920019
:104E800010123416142E86000A325A000A69F72DC1
:104E9000BD2FB980B20102548752308600E0311232
:104EA000042196D8806F57E87B6F916F4052E810CD
:104EB000514F80E000017F0480D17F54889242A44A
:104EC000B47FA37F8B7F120000300140982EFEC973
:104ED000C26FB16F8042858044500084627F700849
:104EE00016710246404283804A256F825000007F3F
:104EF0002F8F717F7A82477F0430BB50B75AB90039
:104F0000045CB5568240377F217FF0127667CCD2A1
:104F10006F3100006F824040428190062FA46F7075
:104F20006F0B410300008444400B428442418E7069
:104F30006F0180A26F7000107F8184506F246F0218
:104F400083500EA20846DB2F01000025D56F966F17
:104F50003982878D4442478BA57F7600107F307F52
:104F6000BD88716F1241414024025C16B7300100C8
:104F70000240246F516F610E307FF22F916F438A90
:104F80003D0000884241438B04410B30A20E957FC7
:104F90005B7F1600002F42840B308240A20F5B7FA4
:104FA000102FA26F4400008A818845410441A50E5C
:104FB0000430072F458282400084414082409102A4
:104FC0000E002F1430547F1A2572B01382446FA143
:104FD00012D60568440868021606683E84722E7F61
:104FE0007A880504033A740420716FA06F326F0051
:104FF0002284012884402000241EA042A27F8280B7
:10500000916F7B0424907F0726A46F0000906F624D
:105010004004410540A228AA1E2242028404400303
:105020006F2360982E9103A06F3F80068413129621
:10503000A2030002540510E46F01400281018B407D
:10504000B2042F616F0930524E40402218004000D8
:1050500090D06F022F12078246B16F04234282055F
:105060001A072FB16F41060C335AED0050727027AA
:105070002F0600C0023A0334202F514142418A01D9
:105080006F8184AF1504002FB50216454140B30E61
:105090002F044100A5012F410101524200AD04300F
:1050A000092F8173D82E062C5430042C80004430F4
:1050B000022C0430343290ED00042C0425022C0024
:1050C00000003000308B6FF05EB82ECB50F05012E5
:1050D00040000006401A256CBE768A7480FB7F680B
:1050E000BFCD5600000B30D3084CBA6CBB5B7F4B76
:1050F000430B42C0B28080C67FB47FD07FE522568A
:10510000902EACB3012E90424E00820B2FC1520163
:105110002E8B009202EABBCC0130230216000092D3
:105120006FA36F1A2526BC86BA25BC0FB854B100F0
:105130002000B2967F0C2FC350C5540B300BA21C1D
:10514000C95800021B429B426C090B422B020E8B7A
:10515000427184CF5000225809C7529150827F7506
:105160000248C2C0010252E56F0800D46F73923446
:10517000C152BF5C982E06CD656FA06F0080C352F0
:1051800040B304BD5340AFBA4440E17F02920008EF
:105190000040B302323EC55C12309343844303BFE8
:1051A0006FBB000080B3202F466FDE00566F2603D2
:1051B000444240910000272E8C00C552142FC55C3C
:1051C000002E9541864100005D05A60780AB042FA7
:1051D00080910A2F966F750F1022072F956F025638
:1051E0002F53424452BE042C111228113081020266
:1051F00006BC0FB8D27F0022EC3102D6D100232E9C
:105200008A0028080B2C0152508A920CD100101AE7
:10521000023296D100012D86080172EE83DED16F35
:10522000B06F0308E26FBD12148C008240009A50E8
:1052300042112C424210303152409002420546C089
:105240006F950E8280B00608002EFB6F1072D4BDE1
:10525000501050D35205729CA200FB22B61340930B
:10526000D2B0FB4224ED03982E87CF012E12009777
:105270001270FB6F732669F7B13F01080130F05FD0
:105280002311010216212E69F278E2B3F0024403E1
:105290002EFCF5012EC00001F8D554D75682080B1C
:1052A000021ACB0AD9588090DD0001BE4C085FB9C4
:1052B00059228022120334C308F23A0A0004080279
:1052C00035C0904A0A4822C08210FCF51050FB05F8
:1052D00014127C5673B0C311303030FB6F035E9BE9
:1052E00002B6890021514002FC232E19020C9002C3
:1052F0000CD100B82E03BC2152BC03310002044083
:10530000B21002DE72D630052F052E960080900175
:1053100050002F232E6F826621029C1130810801DC
:105320002E6AF77180503F23BD0108020AC36A6AE2
:10533000F7302563125A02742147027294533003E6
:105340007C2AB440024A9200037A0325802E16B4C8
:10535000020003C22A00310808F23020504A08E156
:105360007F00B22028FB7F01301562CA9B000190AC
:105370000302689B52F4CAB60010982EA8CF1130D1
:105380004108232EDB019266B41025A02AFB6FE0B2
:105390006FE0A47CE014941112C49B025AE0122422
:1053A000505100009154EB7F11300A254D575F5D3D
:1053B0009540C44000002501D4424D17C440650308
:1053C000D542560EF52F000063570230C640B12972
:1053D000E642002EC340C0B200000A234C14710EF6
:1053E000D47F902EC6B603313153000033555C058F
:1053F0008A282B8251572D5F2E80DE8C008A3089BF
:10540000FF29967F607FC5D216A4D214777F5112F0
:10541000C2000090419241D36FC0B2467F317F08F5
:105420002FD0A00000022FA06F052C1010C66F9681
:10543000140312020A0020052ED90180902955403C
:10544000424A2F4152A4D9C020102B55DB522012C2
:1054500086FEC9726F102553B6226FE302803003B7
:105460000A0FCA916F7686DB522D55D042930422E3
:1054700005850B1A2F02447980DB5290041A820FA3
:105480003CCA936F31025A1850D042130420093A93
:10549000136F355FC042F702AC2242AE3100005BB1
:1054A00033592F5D3157982E67CCB16F022C4002D3
:1054B0000042428680326F8182626F466F967F4AD9
:1054C0000EB000107F942FF13D4F551030536F9167
:1054D000220AD9016600006FD1408040010090424D
:1054E000091685402802800004429A802955D67FFB
:1054F000C37FB0026CD9C00530F500047F2025B110
:105500006F2D592B5D2D045AD66FC36FB200006FFB
:10551000616FA7849043590EDF2F1030814008003F
:1055200000289042D27F02A0272F275551530330E5
:105530009601000254081715306509B501C30261D0
:10554000B8948CB600C17FBFBD2955C17F438290FE
:10555000D9C03555F204560BB20080B26F0330C18A
:105560006FAB84595D934250424EB20C2808DB2F3A
:105570008312C0D12200B3C0616FC00290B3C0518A
:105580006F09400398B3C0B2B6520822B26FC16F20
:10559000A07FB352140F0400CAB2021AB3303753BB
:1055A000982E5ACAD66F023061C0046FD27F907FA6
:1055B00081021E42454176023E0FCAD26F81000130
:1055C0006F10284140926FD00218982E0FCA816F39
:1055D0007600106F59555042720EE92FC26FA1022A
:1055E0006CFEC910101025B3302112BE0FCA202541
:1055F000615139025216B7C500006F61513B5D120F
:1056000040750531301186535DC100007F150F00D4
:1056100040082F3F8000A8212EC901002018300A21
:105620002F9043B2F243018003A00312C2122F91C4
:105630004300028043002E3D55006F82C256F06E3B
:105640003F55020F2000142FE16EC3028E74C0C3B9
:105650006F41550130C17F0000C20F0A2FF06E4329
:1056600053810E1130042F006F801000A411300000
:105670002F21021AF180C24033F25555B80400863A
:1056800012E23ED786232ECB01C242388A02400A5C
:1056900000041A55550030022F91420EC268032EA5
:1056A000CC01121000304A2823020850A0042F57C2
:1056B000558982C36F83040042401242052E9A002E
:1056C000848C4741A141A956C00000B30B09C40511
:1056D00044898541F3BF828DA77F9400007F0A2F04
:1056E000092ECA010091062F818047590B00004006
:1056F000495B847F0C2C49512B0998B94404D8008C
:1057000040BA828453BC455FB3BE8B4013BE871240
:1057100036864010414B53B26F76322E557F4B7F09
:105720003402CA0FCAD110056F880E0332D6C201E7
:1057300000E2F2004206C401102D0302442E0206CC
:10574000304828726FA8B923020C0B0EC1126C03EB
:1057500000C02F9042914200308042B330B26F417E
:10576000127203407200081220012E0240421603FA
:1057700040C601122D012EC6017100016FA954010E
:10578000804A0821020C010E072F5B510210008095
:1057900001302152EA0142252EC501916F7E8443DA
:1057A000010082387C809A2903404642C3B2063009
:1057B00000302BBB2A736A92CC27029402DCF26A77
:1057C00005D29C03021603020C1C1264836F02A014
:1057D00083B262172FF36E506F980F00301232DCD5
:1057E00098021220440E2FE36E600412092F306FCE
:1057F0000312052F80024A0204202F2D029E103032
:10580000424082AC5682012FF33E5B552880828451
:105810002D02848612645D55564256424A0EFB02A2
:10582000280000DC01012D0030EB6FB05EB82E27A0
:1058300051013080015D551142420EFC322A533E27
:10584000C20140500A253C455072A4013234E37F26
:105850003244207AC1FB6FC042DC70021C39000068
:1058600080F37F0342A17FC27FD17F03300343E4F3
:105870000500E2AE220626D26F02170408C16F0CA3
:1058800009041A100000300430202201B2142F65E0
:10589000591409F3309300000824BD44BA940A0255
:1058A00017F36F4C089A088A00000A09535108A997
:1058B00058940828BD98B8E46F5144000A01228E1C
:1058C000BB6F900268F556054069180D17E100009E
:1058D000181905162537254A175418EC1804306492
:1058E000000007EA188E005F02DB5693004C022F7F
:1058F000B9910000BC910A0242B82E675369514326
:1059000040052E250000F3B8BD9A0A124242826B70
:105910005564404340480000BEE30A1342438242BC
:105920000EF72F802E78B70100402E3D010FBC8F5F
:10593000B81050012E9C00419216011011900E2FAC
:1059400070221268F7FB222C64B7980226062CFB03
:1059500000086F00900030012F212E68F705340FEA
:10596000B8F05F0200210234B82E6F556D51A1408E
:10597000838A834018BE0800624141A246230B2857
:10598000BD6341510A1442B8BD8000424111425AE0
:105990000A0102949B50013F02405108001011423D
:1059A000013201423E802131C02EF396802E00FE4E
:1059B000FFC10F040F100F100F100F100F100F105A
:1059C0000F100F100F100F100F100F100F100F10DF
:1059D00001000310012E5DF708BC80AC0EBB022F46
:1059E0000030410000048206C0A40030112F40A9FD
:1059F000032F40910D00002F00A70B2F80B3DB5821
:105A0000022F90A1261320888023809043A4CC0EDF
:105A100000022EB82EE356DD54D0724C00000B2E3F
:105A2000FDF3E3529042944295420530E550082040
:105A30000F8806B2289642C54248BE73300D8222B6
:105A40004FBA000A8442034281B3022F2B822806F8
:105A5000C2E877F7E15600209308252E77F7DF5448
:105A6000252EC2F507024442308080B433DA0A4C56
:105A70000027020C4340D43FDC08433228002000BA
:105A80002E43402430DC0A4342048003021A4A0AAF
:105A90009208230206613415BAD0512324CF0D5A3F
:105AA000527EF60D6B870800ED54E1A2AEB37FB2D3
:105AB00088E752C27F658BE9560800847F61A26443
:105AC000D07F957F537F1430EB54816F0000427F6D
:105AD000002E5340458C42409041BB8386410000DC
:105AE000D804160600AC817F022F0230D3041006C2
:105AF0000400C1845264020B16040914019902C106
:105B0000B9AFBC0008590A646F5143A1B4124113E4
:105B1000225D357F647F04002631A3AE982E37CAFC
:105B2000326F756F834042412300027F127FF6304F
:105B3000402551250316146F2005706F2000256F36
:105B40006907A2D2440B3004429B428B42554280EB
:105B500050327F40A9C36F71A2CAD040C37F136681
:105B60001512661300002F00A4112F84BD982E7902
:105B7000CA556FF554540101C20BF33F4541CB02A6
:105B8000F662AA37CA336FA46FC1000042032C002B
:105B900043A46F336F002E426F556F910004404253
:105BA0008B0041410001435502D8C14095404D0052
:105BB0004002C56FF350680E756FD142A37F8A52C1
:105BC000A69600000001B3222FED58906F173013F6
:105BD00041B66FE4015402FA9141144092411540DC
:105BE00017128AB6B2DECB32640000010C0715C270
:105BF0006F140B290214C3A3C18FE46FD0C0006FD0
:105C0000E62F14300502100516442DEF540132F52D
:105C10005800000530A9508340D8089101B8BD381C
:105C2000B5E67F00000A16B16F2ABBA6BD1C0106AF
:105C3000BC5240060AA00053404503B11208981216
:105C40001A1ABD16B686BA00A90000AA0AB3520FE6
:105C50002F0091B352032FB35A550F0400B3527261
:105C600006A1042F3F91032FF558D40F002F0000F9
:105C7000F5541225F233982ED9C0E46FF537450953
:105C80000004218505430530F152510E0374C52FE0
:105C9000D55409050B222A2202A077F7FB6F305258
:105CA00026432E92B31E7F5D2F010000B2542F02B7
:105CB000B24E2F0390632FFB503982020040408187
:105CC00088FD54414003570442002E94121AD80014
:105CD00000BE2C0B45406C0155420C1745402C036F
:105CE00054000042530EF22F05573E82E240C3405B
:105CF00028BD9300400A4340DA0053428A164340CD
:105D00009A0252023641000040D5544A0E3B2F3AC7
:105D10008200304140212E6510000F40B20AB29A35
:105D2000610C982E2B0E982E410EFB0300B22E62B2
:105D3000942E35B40155F75683428F867430FF0890
:105D40000054C442A3789200A1422330272E95002C
:105D5000212E00829400BA82182C81423042D292C5
:105D600000132D21626E0802232E92021A7BF70C7B
:105D70002D7712E01F0CF9500C82200E1230404299
:105D80002502182F2E7B02E4B3DA54DA86FB7FE17A
:105D9000040032620226C2C4A956A56FAB08916FF7
:105DA0004B0807000057C46F23094DBA93BC8C0BF6
:105DB000D16F0B09ED400052095F5642AF0212232A
:105DC000BD940AE56F68BBEB000408BDB963BEFB78
:105DD0006F5242E3B2824342905FF3000050032EC1
:105DE00025F31240004028BA9BBC88BD930020B424
:105DF000E30A891608B6C02E19006202C50C5D0DB3
:105E0000025401028231300804FB6F0130C30E944A
:105E100002A895B2FE01450002CC0302CC480E0157
:105E200052B6050EB82E0B512134010000428230CB
:105E3000C132252E62F50100223001404A42040A97
:105E400053660B55F03B23240D538372B6833050B9
:105E500042C4000132272E64F5940050825ED33F85
:105E600084407D82E3100108404283529201530036
:105E700002F87C86DD52092E5004400FE31240D315
:105E80008654405540944285422102744204104099
:105E90002532EEC0427E82052E87008062BA052E32
:105EA0000980000127BD2FB98090D38E6FF50C2D8E
:105EB000072E510F208014301C09052224E156477B
:105EC000BE9308940A25020C20800F5550424A7256
:105ED00046B82E5050023043860D422C8002E37F9C
:105EE000D27FC07FB1320841120A4804982E74C094
:105EF00000001EAAD36F1430B16FE322C06F52406E
:105F0000E46F00004C0E1242D37FEB2F032E660F7E
:105F1000409011302800032F23020A02F23ED06F76
:105F2000FB6FB05FB82E40500008F17F0A253C8619
:105F3000EB7F413322149CD36FF4300000DC091353
:105F400059C26F940915596ABBDC08B4B90000B195
:105F5000BD115B950821BDF6BF770B51BEF16F00F7
:105F600000EB6F52425442C02E4342C05F50501F5C
:105F700051000251301142FB7F7B300B22340280F2
:105F80002333014240100300072E8003E310AD527B
:105F9000E27FD302AA982E9C00C00ED16F080A1A85
:105FA000257B86D07F013312046E0312800800B275
:105FB0000D2FE36F0102305130C792E621F208BC89
:105FC0000000C042982EED03002E002ED02EB06FA0
:105FD0000BB80042032E1B00081AB07F70A22621C6
:105FE0002E21F2051A9800402E6DC0982E5DC01724
:105FF00051982E44CB190206460440C31B02065397
:10600000C72026C06F01311142E1028C9800002E9A
:106010002EB7215300314340180A4042F23709009D
:10602000002E5EF72357A2082551C2428531154242
:10603000220040334A00FC860B403230C2420B4201
:10604000E0827A9840802EC0B3D16F8012D00330A6
:10605000E06F1D550430037080030189620EFA2F32
:106060004302E482B0726EB05FB44800000000A248
:106070005500007D6F0000A8FFFFFF4E01000000EB
:1060800000280000006EE7FFFF76F3FFFF7CF4FFBF
:10609000FF9FFF020F0F030F100F100610802E7FBF
:1060A000CC0F100F100F100F100F100F100F100F3C
:1060B00010FF030F100F100F100F100F100F100F05
:1060C000100F100F10091019000600320000000711
:1060D0000064000800C800090090010A00200320A5
:1060E000080B007D0004124E803DFA0003020800F8
:1060F0003EF4014210020208803EE80312AB0000A9
:106100003FD007020F00803F000052205DBF5220A9
:1061100095EEDC2F0E0EBF1283DA0040BF1206F59B
:1061200000000E0E00400180004003240E00020E0D
:1061300001020408100001000342999A9B9E78799D
:1061400000007A71A0A27B7C7072A400C841A100FB
:10615000F103000000622A0002010A060F02060D88
:1061600003050A0510110207F00204E803060028DF
:1061700002060303A0007C0A1400FC131400A80903
:1061800014404100C417140034021050020CF008EF
:1061900014004C020CC00B8E020C032A980208F06B
:1061A0001A14005C021403100B04C412A10B0F0993
:1061B000400A0C803E090D48430000C83F0000FF24
:1061C0007F071401B5650209FF03040302050603F6
:1061D0000E0FC00218150FC0032A02160303A000F9
:1061E00004003C0F1400F0151400B402A05C191454
:1061F0000040551702A078020C24020454020CE857
:106200000208042A02084802D4B8F413F30B030F5F
:106210000C0494130FC0071F0FC00FC002CE022B37
:10622000FF0AC01A01100035000F010106C021024B
:10623000191580000010271900037802000000449F
:10624000AB1300ECAE1300E8A9130040B31300AA8F
:10625000A0F00208480204080204F8020498D913C6
:106260000034022090020C7430C8B402BCAA0204AC
:1062700002480B03F814A100A00FC40221B81E822B
:106280007C051B804400004841027A0008021C0380
:1062900003138004040AC019E210010FC0000003B8
:1062A0000FC0023005C08000F0CA0290D413000471
:1062B00000CCC702A8D7130094C913004CC3130025
:1062C00058C028B013009C020CD4021824D013002C
:1062D000ACC602DC0220A40214325E000E013815A6
:1062E0000FC005216666662230050C02BC02C0C8DC
:1062F00002C0D0B85307D007051404BC020B01023A
:1063000090020704031B010FC00022D40003A8045D
:10631000011F80037823003CB813006C02041C02A8
:1063200004C40204029B24020444B7130070B602A2
:10633000D802367C1280020700140218775803082E
:106340000F0403107A1F80031502048FC2753D02EB
:106350000706038002CC48F81142000003B605137B
:10636000030A040403050513002E010FC0000021D9
:1063700007051F8002F0178030E613005002041456
:106380000204C0E713002841CD0208C4E513007CD5
:1063900002040002011C02100207000C0608030C94
:1063A0003B4B0F040310A02F4002150FC000000F3D
:1063B000C005CE010AC02F010FC000CC0000200F85
:1063C000C00AC0C0E222FC020484E113008CE41382
:1063D000004A55A80208340204ECE015808C020C37
:1063E0000002017C02089C0220B0F74F0208020F55
:1063F0000C037C1F80061E0FC00FC003B7040403EC
:1064000005063430010FC0000C0C00380FC00AC064
:10641000A8EA130004EB02AC02088CEC1300829A89
:10642000300208B0E91300680204000201080210FB
:10643000020700F80210BA7F9C02203806100314ED
:106440000704810FC006190FC00FC003B70404036F
:106450000506342B6210010FC00000230FC00AC0D4
:1064600094BA1300B0020470B913B8AA0020BB326A
:10647000C003080204D426F078020C00020168026E
:1064800008300220FE0F9C0208020F0F034F800409
:10649000200FC00FC003B704040305043200002C12
:1064A00001310C0FC00000370FC008C0A00054DF3E
:1064B00032C00204E4DE1300AAAA3C223408020C13
:1064C00094020C4C0204000201EC0608DC02084CA9
:1064D0000220FE0F10022002170F030FC004200F2E
:1064E000C00FC003B70404030504320000310131BA
:1064F000200FC00000390FC008C08000B4F11300A5
:10650000D0020488F02D615234F352280208380278
:1065100004F0EF225400000090020C020700EA1F72
:10652000800208680220B4020803100F043FC00371
:10653000200FC00FC003B7010000000000010100E0
:106540000000000000000000084AA1005B050000F8
:1065500000B269000201F00102050E03C00E10092D
:106560000F4844090C03090B060AF4F06DA213004E
:10657000DC0204060F0F070F100410F10F80021643
:1065800004020403030106320203060B04C843009D
:1065900000C83F0512020605080D06E826869B1472
:1065A0000D11020E7FD6D03D02070F030410D10F4C
:1065B00080021605200205FF7C02030F80027C0288
:1065C00080021904030F80041500E80F8002170FE2
:1065D0008002130803CDFFDE0F80021A07130F801D
:1065E00005801F0002310A03AC1F800A1C0F0B0339
:1065F00010CB076D030DFFB7060417DA0F800F806D
:10660000062F0C071F00031D1F0003140704FC0FB7
:10661000800219250204B7B30F0305102C000A05E8
:10662000140D06C41F000D1F0F0E00FD0F80022267
:10663000280204F5630303052F80000F8003260D55
:10664000040F800D1E0F0E0000F70F8002231CFFA9
:10665000B7020403031F801F8003240F041F80035D
:10666000201F8003140704F60F8002191F0204FF85
:10667000DB03030F800F8003240F040F8003200F20
:106680008003140704F30F8002190D020403037E34
:10669000B8031F801D804F0003333F800414E12E98
:1066A000654204090F050210D00F80FD9102140EFF
:1066B00046000F801500022104034F00041500540A
:1066C000284580E0240508EFFF03160F8003140718
:1066D00004CF0F80021927D90F8005804F000231A7
:1066E0000A034F000A1B0F0BEDFF0410F40F80028A
:1066F000160C020403030F800F8003240F042F00E5
:1067000003201F0003140704F6EFF20F800219168E
:10671000020403033F800F8003240F040F80052031
:10672000806634050E0B06F653D20F80021D172625
:10673000000F80021B0A032F00051B1C2915F8EC13
:106740002A00006EFF000F80052C0306CE0F80028A
:106750001513020403030F801F0003240F042F00EE
:106760000F20EDFF0F10F50F800221150204030327
:106770000F800F8003240F041F8005201F000516C3
:106780000306F6FBFE0F8002152B02040F03051013
:106790005C804F000423E41680040D0F050F1002E7
:1067A00010F67FFB0F8002142202040F0305100C69
:1067B0008037A7051B06066F0006170F070810C0D5
:1067C000FBDF0F80021A0696015F801F80022B0FED
:1067D000035F0004205F8004150605CC0F800218BB
:1067E000FE6F070F80021405031C001F8004232F77
:1067F0000003150F8003140704C80F80021926FF39
:10680000DB0680020B0E030C801F80042C1F80040B
:10681000150F050A10C90F80021C2906803F00E7EA
:10682000ED1E800F80023A00000F8004150F050A4C
:1068300010C60F80021C1D06802F000E80FBF61F65
:1068400080023A002F0004141F8004150605C20FB1
:106850008002180F06806F000F80022BBFFD0F0310
:106860000F8004206F0004150605C30F8002181066
:106870000F80021405032C001F000423DFFE2F806D
:1068800003150F8003140704C50F8002192006802A
:106890001F801F00022B0F031F000420B7FF1F8063
:1068A00004150605C10F8002181806802F800F807E
:1068B000022B0F030F8006205F800617EDFF0207F3
:1068C000C40F800214190F80021405031F800516DF
:1068D0000B061F80051C0F8005160306F6BFCA0FA6
:1068E0008002152C0680020B0E030F800E1F020F74
:1068F0006F0002130F030C10C70F80FD6F021E23E1
:106900000F80021405030C804F0004234F00041570
:106910000F050A10830F80021C087CDE8000040132
:106920002F802F0004250E05C41D85800B172F8096
:106930000B1CB60F80021D7E81999600020B0E0380
:1069400013C803040317060F3A00683C14000C0236
:106950000472CC8402045C2D0F8803340F04000001
:10696000ED0F4602239A3402050F032F0004100393
:106970007C0304030D02CF1E00C03B1400BC27148F
:1069800000A8E00D2E140050A89746032C0F040910
:1069900010F80F80021B89300000FE3921025E03CF
:1069A00004020F0F0306100221060A0B0724A40F8E
:1069B000780B1E0F0C0000D637F90F8002238802D7
:1069C0008020025F0304020F0F030610022FA604AB
:1069D00018D8A36F7D0F8004170F050810E40F80EF
:1069E000021A9C12803802800304020F0F03061063
:1069F00002836F0F3A0418602B1400780204040D10
:106A00000F050F100210BF0F4602148FFDF5028014
:106A10002302800304020F0F0306105FFF0517D443
:106A20002204F40204050E0F060F10583F0000B2B6
:106A30000F8002239E02803902800304020F0F039D
:106A400006100F800000EA59B022F8980204B40240
:106A50000406250F070F1000B50F8002229F028049
:106A6000377F3D02800304020F0F0306100F8005DD
:106A700017E4027CCC0204050E0F060F1000004440
:106A80003F7A030F1400006502131502800304020D
:106A90000B0E03EF800D1F142C81003FF80000CD7A
:106AA000CCCC3D0D2600000000000000885EA10057
:106AB000360000000032DD000201E00102050E0395
:106AC000D04103111903050F040A10030A0C090B26
:106AD0001800AC2014090D0F0A000000000000008F
:106AE000000000000000000000000000085FA1009E
:106AF0000900000001FC1DA1008C1EA10000000087
:106B0000105FA1000900000001E81EA100A81FA15C
:106B100000000000185FA1000500000001941EA104
:106B2000000000001C5FA10005000000019C1EA1E8
:106B300000000000205FA1000900000001841EA1E8
:106B400000041FA100000000285FA1001900000040
:106B500001A41EA100AC1EA100F01EA100FC1EA1FC
:106B600000181FA100B81FA100000000405FA10095
:106B70000900000001B41EA100B01FA10000000028
:106B80000012A10020F4FFFF000000000000000040
:106B900000000000000000000102030406070809CD
:106BA000000000000102030412010001EF02014095
:106BB000332815B0000101020301000009025D0045
:106BC0000301008032080B000202020000090400E9
:106BD0000001020200040524002001052401000137
:106BE00004240202052406000107058103080010A1
:106BF00009040100020A000000070502024000002B
:106C0000070582024000000904020000FE010105A0
:106C100009210DE803001001010000000904000033
:106C20000203060400120203060401007475645F87
:106C30006364635F6E5F77726974655F666C7573BA
:106C400068000000636463645F6F70656E0000003D
:106C5000636463645F786665725F6362000000006E
:106C600069C5000811C6000875C6000899C8000863
:106C700071CA00080000000019CC000827CC0008E9
:106C80003DCC0008B9CC0008000000000000000066
:106C90007475645F696E697400000000636F6E66EE
:106CA000696775726174696F6E5F72657365740090
:106CB0007475645F7461736B5F65787400000000C5
:106CC00070726F636573735F636F6E74726F6C5F06
:106CD000726571756573740070726F636573735F4D
:106CE0007365745F636F6E666967000070726F63CF
:106CF0006573735F6765745F6465736372697074ED
:106D00006F7200006F73616C5F71756575655F739D
:106D1000656E6400757362645F6F70656E5F656455
:106D200070745F7061697200757362645F6564702E
:106D3000745F6F70656E0000757362645F65647088
:106D4000745F7866657200007475645F636F6E745B
:106D5000726F6C5F78666572000000007573626424
:106D60005F636F6E74726F6C5F786665725F63628B
:106D7000000000000000005043000000060000007A
:106D800000050000000004404D0000000900000064
:106D900000100000636865636B5F64776332000016
:106DA0006463645F656470745F6F70656E0000009B
:106DB00074755F656470745F76616C696461746535
:106DC00000002020202020202020202828282828DB
:106DD00020202020202020202020202020202020B3
:106DE000202088101010101010101010101010100B
:106DF000101004040404040404040404101010100B
:106E000010101041414141414101010101010101C5
:106E10000101010101010101010101010110101035
:106E20001010104242424242420202020202020298
:106E30000202020202020202020202020210101008
:106E40001020000000000000000000000000000012
:106E50000000000000000000000000000000000032
:106E60000000000000000000000000000000000022
:106E70000000000000000000000000000000000012
:106E80000000000000000000000000000000000002
:106E900000000000000000000000000000000000F2
:106EA00000000000000000000000000000000000E2
:106EB00000000000000000000000000000000000D2
:106EC0000000494E4600696E66004E414E006E61FC
:106ED0006E00300030313233343536373839414284
:106EE0004344454600303132333435363738396122
:106EF000626364656600496E66696E697479004E06
:106F0000614E005245454E54206D616C6C6F63209C
:106F1000737563636565646564002F6275696C648D
:106F20002F676E752D746F6F6C732D666F722D7376
:106F3000746D33325F31312E332E72656C312E32E7
:106F4000303233303931322D313630302F73726375
:106F50002F6E65776C69622F6E65776C69622F6C36
:106F60006962632F7374646C69622F64746F612E3D
:106F7000630042616C6C6F63207375636365656465
:106F80006564002F6275696C642F676E752D746F70
:106F90006F6C732D666F722D73746D33325F313188
:106FA0002E332E72656C312E32303233303931321D
:106FB0002D313630302F7372632F6E65776C6962B6
:106FC0002F6E65776C69622F6C6962632F737464CE
:106FD0006C69622F6D707265632E630000000000A3
:106FE0000080E03779C34143176E05B5B5B89346C5
:106FF000F5F93FE9034F384D321D30F94877825A91
:107000003CBF737FDD4F1575000000000000F03FAE
:107010000000000000002440000000000000594073
:107020000000000000408F40000000000088C340C6
:1070300000000000006AF8400000000080842E413B
:1070400000000000D01263410000000084D7974187
:107050000000000065CDCD41000000205FA002428D
:10706000000000E876483742000000A2941A6D4202
:10707000000040E59C30A2420000901EC4BCD642F5
:1070800000003426F56B0C430080E03779C34143A0
:1070900000A0D8855734764300C84E676DC1AB4316
:1070A000003D9160E458E143408CB5781DAF154434
:1070B00050EFE2D6E41A4B4492D54D06CFF080440F
:1070C000F64AE1C7022DB544B49DD9794378EA4424
:1070D00005000000190000007D000000232D302B6A
:1070E0002000686C4C0065666745464700430050C9
:1070F0004F534958002E002C2066756E6374696FDB
:107100006E3A2000617373657274696F6E20222578
:107110007322206661696C65643A2066696C65203B
:10712000222573222C206C696E6520256425732529
:04713000730A0000DE
:08713400E49AFC7F0100000059
:04713C00F501000851
:04714000D101000871
:10714400FF000000010101001B000000000000001E
:10715400000000000000000000000000000000002B
:10716400000000000000000000000000000000001B
:107174000000000000000000000000000102020006
:107184001C000000000000000000000000000000DF
:1071940000000000000000000000000000000000EB
:1071A40000000000000000000000000000000000DB
:1071B40000000000010303001D00000000000000A7
:1071C40000000000000000000000000000000000BB
:1071D40000000000000000000000000000000000AB
:1071E4000000000000000000000000000104040092
:1071F4001E0000000000000000000000000000006D
:10720400000000000000000000000000000000007A
:10721400000000000000000000000000000000006A
:1072240000000000020105021B0000000000000035
:10723400000000000000000000000000000000004A
:10724400000000000000000000000000000000003A
:10725400000000000000000000000000020206021E
:107264001C000000000000000000000000000000FE
:10727400000000000000000000000000000000000A
:1072840000000000000000000000000000000000FA
:1072940000000000020307021D00000000000000BF
:1072A40000000000000000000000000000000000DA
:1072B40000000000000000000000000000000000CA
:1072C40000000000000000000000000002040802AA
:1072D4001E0000000000000000000000000000008C
:1072E400000000000000000000000000000000009A
:1072F400000000000000000000000000000000008A
:1073040000000000030109031B000000000000004E
:107314000000000000000000000000000000000069
:107324000000000000000000000000000000000059
:1073340000000000000000000000000003020A0337
:107344001C0000000000000000000000000000001D
:107354000000000000000000000000000000000029
:107364000000000000000000000000000000000019
:107374000000000003030B031D00000000000000D8
:1073840000000000000000000000000000000000F9
:1073940000000000000000000000000000000000E9
:1073A40000000000000000000000000003040C03C3
:1073B4001E000000000000000000000000000000AB
:1073C40000000000000000000000000000000000B9
:1073D40000000000000000000000000000000000A9
:1073E4000000000004010D051B0000000000000067
:1073F4000000000000000000000000000000000089
:107404000000000000000000000000000000000078
:1074140000000000000000000000000004020E054F
:107424001C0000000000000000000000000000003C
:107434000000000000000000000000000000000048
:107444000000000000000000000000000000000038
:107454000000000004030F051D00000000000000F0
:107464000000000000000000000000000000000018
:107474000000000000000000000000000000000008
:1074840000000000000000000000000004041005DB
:107494001E000000000000000000000000000000CA
:1074A40000000000000000000000000000000000D8
:1074B40000000000000000000000000000000000C8
:1074C40000000000050111071B000000000000007F
:1074D40000000000000000000000000000000000A8
:1074E4000000000000000000000000000000000098
:1074F4000000000000000000000000000502120768
:107504001C0000000000000000000000000000005B
:107514000000000000000000000000000000000067
:107524000000000000000000000000000000000057
:1075340000000000050313071D0000000000000008
:107544000000000000000000000000000000000037
:107554000000000000000000000000000000000027
:1075640000000000000000000000000005041407F3
:107574001E000000000000000000000000000000E9
:1075840000000000000000000000000000000000F7
:1075940000000000000000000000000000000000E7
:1075A400000000000024F4001C6C0308E43E010801
:1075B400EC3E0108F83E0108043F01080C3F0108B5
:1075C4001000000001FF000031ED00087469002084
:1075D40010000C0000000000000000000300000088
:1075E400BC6B002000000000BC6B0020246C002059
:1075F4008C6C00200000000000000000000000006F
:107604000000000000000000000000000000000076
:107614000000000000000000000000000000000066
:107624000000000000000000000000000000000056
:10763400A40400204300000000000000000000003B
:107644000000000000000000000000000000000036
:1076540000000000430000000000000000000000E3
:107664000000000000000000000000000000000016
:1076740000000000430000000000000000000000C3
:1076840000000000000000000000000000000000F6
:1076940000000000430000000000000000000000A3
:1076A40000000000000000000000000000000000D6
:1076B4000000000043000000000000000000000083
:1076C40000000000000000000000000000000000B6
:1076D4000000000043000000000000000000000063
:1076E4000000000000000000000000000000000096
:1076F4000000000043000000000000000000000043
:107704000000000000000000000000000000000075
:1077140000000000E53B0108C13B01080000000037
:10772400C16D0308F5700308327103083271030850
:10773400327103083271030832710308327103088D
:10774400327103083271030832710308FFFFFFFF2F
:10775400FFFFFFFFFFFFFFFFFFFF0000010041539A
:107764004349490000000000000000000000000040
:107774000000000000000000000000000000415371
:107784004349490000000000000000000000000020
:1077940000000000000000000000000000000000E5
:040000050800489D0A
:00000001FF
