:020000040800F2
:1000000000000220DD450008BD3F0008C33F000896
:10001000C93F0008CF3F0008D53F0008000000009E
:10002000000000000000000000000000DB3F0008AE
:10003000E93F000800000000F73F00080540000805
:100040002D4600082D4600082D4600082D460008C4
:100050002D4600082D4600082D4600082D460008B4
:100060002D4600082D4600082D4600082D460008A4
:100070002D4600082D4600082D4600082D46000894
:100080002D4600082D4600082D4600082D46000884
:100090002D4600082D4600082D4600082D46000874
:1000A0002D4600082D4600082D4600082D46000864
:1000B0002D4600082D4600082D4600081140000876
:1000C0002D46000825400008394000082D4600084C
:1000D0002D4600082D4600082D4600082D46000834
:1000E0002D4600082D4600082D4600082D46000824
:1000F0004D4000082D4600082D4600082D460008FA
:100100002D4600082D4600082D4600082D46000803
:100110002D4600082D4600082D4600082D460008F3
:100120002D4600082D4600082D4600082D460008E3
:100130002D46000800000000000000002D460008C9
:100140002D4600082D4600082D4600082D460008C3
:100150002D4600082D4600082D4600082D460008B3
:100160002D4600082D4600082D4600082D460008A3
:100170002D460008614000082D46000800000000E0
:10018000000000002D4600080000000000000000F4
:100190002D46000800000000000000002D46000869
:1001A0000000000000000000000000002D460008D4
:1001B0002D4600082D4600082D4600082D46000853
:0401C0002D460008C0
:1001D00010B5054C237833B9044B13B10448AFF381
:1001E00000800123237010BD900300200000000058
:1001F0005C38010808B5034B1BB103490348AFF352
:10020000008008BD00000000940300205C38010855
:1002100001F0FF01102A2BDB10F0070F08D010F8B7
:10022000013B013A8B422DD010F0070F42B3F6D1BB
:10023000F0B441EA012141EA014122F007047FF0D4
:1002400000070023F0E80256083C85EA010586EA2B
:10025000010685FA47F5A3FA87F586FA47F6A5FA67
:1002600087F68EB9EED1F0BC01F0FF0102F0070273
:1002700032B110F8013B013A83EA010313B1F8D11E
:100280000020704701387047002D06BF35460338FF
:10029000073815F0010F07D1013015F4807F02BF38
:1002A000013015F4C03F0130F0BC0138704700BF89
:1002B000034613F8012B002AFBD1181A01387047A6
:1002C00081F0004102E000BF83F0004330B54FEA07
:1002D00041044FEA430594EA050F08BF90EA020F74
:1002E0001FBF54EA000C55EA020C7FEA645C7FEA07
:1002F000655C00F0E2804FEA5454D4EB5555B8BF2A
:100300006D420CDD2C4480EA020281EA030382EA9A
:10031000000083EA010180EA020281EA0303362D2C
:1003200088BF30BD11F0004F4FEA01314FF4801CFF
:100330004CEA113102D0404261EB410113F0004F11
:100340004FEA03334CEA133302D0524263EB4303C8
:1003500094EA050F00F0A780A4F10104D5F1200E66
:100360000DDB02FA0EFC22FA05F2801841F10001C1
:1003700003FA0EF2801843FA05F359410EE0A5F195
:1003800020050EF1200E012A03FA0EFC28BF4CF0C6
:10039000020C43FA05F3C01851EBE37101F000457C
:1003A00007D54FF0000EDCF1000C7EEB00006EEB89
:1003B0000101B1F5801F1BD3B1F5001F0CD3490813
:1003C0005FEA30004FEA3C0C04F101044FEA44526A
:1003D00012F5800F80F09A80BCF1004F08BF5FEAF1
:1003E000500C50F1000041EB045141EA050130BDD1
:1003F0005FEA4C0C404141EB0101013C28BFB1F5E3
:10040000801FE9D291F0000F04BF01460020B1FA2D
:1004100081F308BF2033A3F10B03B3F120020CDA00
:100420000C3208DD02F1140CC2F10C0201FA0CF0DE
:1004300021FA02F10CE002F11402D8BFC2F1200C43
:1004400001FA02F120FA0CFCDCBF41EA0C019040F9
:10045000E41AA2BF01EB0451294330BD6FEA040442
:100460001F3C1CDA0C340EDC04F11404C4F120022D
:1004700020FA04F001FA02F340EA030021FA04F33F
:1004800045EA030130BDC4F10C04C4F1200220FA96
:1004900002F001FA04F340EA0300294630BD21FAD4
:1004A00004F0294630BD94F0000F83F4801306BF9A
:1004B00081F480110134013D4EE77FEA645C18BF8E
:1004C0007FEA655C29D094EA050F08BF90EA020F25
:1004D00005D054EA000C04BF1946104630BD91EA1D
:1004E000030F1EBF0021002030BD5FEA545C05D120
:1004F0004000494128BF41F0004130BD14F580045F
:100500003CBF01F5801130BD01F0004545F0FE41D2
:1005100041F470014FF0000030BD7FEA645C1ABF07
:10052000194610467FEA655C1CBF0B46024650EA3E
:10053000013406BF52EA033591EA030F41F400216A
:1005400030BD00BF90F0000F04BF0021704730B5F0
:100550004FF4806404F132044FF000054FF00001C5
:1005600050E700BF90F0000F04BF0021704730B586
:100570004FF4806404F1320410F0004548BF40425B
:100580004FF000013EE700BF42004FEAE2014FEAB0
:1005900031014FEA02701FBF12F07F4393F07F4F8B
:1005A00081F06051704732F07F4208BF704793F08E
:1005B0007F4F04BF41F40021704730B54FF46074A1
:1005C00001F0004521F000411CE700BF50EA0102A4
:1005D00008BF704730B54FF000050AE050EA01024D
:1005E00008BF704730B511F0004502D5404261EBBD
:1005F00041014FF4806404F132045FEA915C3FF4FE
:10060000D8AE4FF003025FEADC0C18BF03325FEA9A
:10061000DC0C18BF033202EBDC02C2F1200300FA4B
:1006200003FC20FA02F001FA03FE40EA0E0021FA70
:1006300002F11444BDE600BF70B54FF0FF0C4CF45E
:10064000E06C1CEA11541DBF1CEA135594EA0C0F10
:1006500095EA0C0F00F0DEF82C4481EA030621EA4B
:100660004C5123EA4C5350EA013518BF52EA033586
:1006700041F4801143F4801338D0A0FB02CE4FF038
:100680000005E1FB02E506F00042E0FB03E54FF068
:100690000006E1FB03569CF0000F18BF4EF0010E60
:1006A000A4F1FF04B6F5007F64F5407404D25FEA5C
:1006B0004E0E6D4146EB060642EAC62141EA55510F
:1006C0004FEAC52040EA5E504FEACE2EB4F1FD0C51
:1006D00088BFBCF5E06F1ED8BEF1004F08BF5FEACF
:1006E000500E50F1000041EB045170BD06F0004681
:1006F00046EA010140EA020081EA0301B4EB5C042E
:10070000C2BFD4EB0C0541EA045170BD41F4801125
:100710004FF0000E013C00F3AB8014F1360FDEBF4A
:10072000002001F0004170BDC4F10004203C35DA26
:100730000C341BDC04F11404C4F1200500FA05F3A9
:1007400020FA04F001FA05F240EA020001F000424A
:1007500021F0004110EBD37021FA04F642EB0601C0
:100760005EEA430E08BF20EAD37070BDC4F10C04EA
:10077000C4F1200500FA04F320FA05F001FA04F2AE
:1007800040EA020001F0004110EBD37041F100019A
:100790005EEA430E08BF20EAD37070BDC4F12005A5
:1007A00000FA05F24EEA020E20FA04F301FA05F20D
:1007B00043EA020321FA04F001F0004121FA04F2B5
:1007C00020EA020000EBD3705EEA430E08BF20EA85
:1007D000D37070BD94F0000F0FD101F000464000BF
:1007E00041EB010111F4801F08BF013CF7D041EA41
:1007F000060195F0000F18BF704703F00046520045
:1008000043EB030313F4801F08BF013DF7D043EA15
:100810000603704794EA0C0F0CEA135518BF95EACB
:100820000C0F0CD050EA410618BF52EA4306D1D152
:1008300081EA030101F000414FF0000070BD50EA71
:10084000410606BF1046194652EA430619D094EAFB
:100850000C0F02D150EA013613D195EA0C0F05D1E5
:1008600052EA03361CBF104619460AD181EA030139
:1008700001F0004141F0FE4141F470014FF00000F1
:1008800070BD41F0FE4141F4780170BD70B54FF08C
:10089000FF0C4CF4E06C1CEA11541DBF1CEA13550C
:1008A00094EA0C0F95EA0C0F00F0A7F8A4EB0504EE
:1008B00081EA030E52EA03354FEA013100F08880E5
:1008C0004FEA03334FF0805545EA131343EA1263AE
:1008D0004FEA022245EA111545EA10654FEA002663
:1008E0000EF000419D4208BF964244F1FD0404F51C
:1008F000407402D25B084FEA3202B61A65EB030578
:100900005B084FEA32024FF480104FF4002CB6EB34
:10091000020E75EB030E22BFB61A754640EA0C00B4
:100920005B084FEA3202B6EB020E75EB030E22BFF4
:10093000B61A754640EA5C005B084FEA3202B6EB35
:10094000020E75EB030E22BFB61A754640EA9C00F4
:100950005B084FEA3202B6EB020E75EB030E22BFC4
:10096000B61A754640EADC0055EA060E18D04FEA82
:10097000051545EA16754FEA06164FEAC30343EA22
:1009800052734FEAC2025FEA1C1CC0D111F4801FEF
:100990000BD141EA00014FF000004FF0004CB6E7E8
:1009A00011F4801F04BF01430020B4F1FD0C88BF87
:1009B000BCF5E06F3FF6AFAEB5EB030C04BFB6EB92
:1009C000020C5FEA500C50F1000041EB045170BD85
:1009D0000EF0004E4EEA113114EB5C04C2BFD4EBB2
:1009E0000C0541EA045170BD41F480114FF0000E36
:1009F000013C90E645EA060E8DE60CEA135594EAB2
:100A00000C0F08BF95EA0C0F3FF43BAF94EA0C0FB4
:100A10000AD150EA01347FF434AF95EA0C0F7FF429
:100A200025AF104619462CE795EA0C0F06D152EA7D
:100A300003353FF4FDAE1046194622E750EA410661
:100A400018BF52EA43067FF4C5AE50EA41047FF472
:100A50000DAF52EA43057FF4EBAE12E74FF0FF3CD7
:100A600006E000BF4FF0010C02E000BF4FF0010CA8
:100A70004DF804CD4FEA410C7FEA6C5C4FEA430C21
:100A800018BF7FEA6C5C1BD001B050EA410C0CBF70
:100A900052EA430C91EA030F02BF90EA020F0020D2
:100AA000704710F1000F91EA030F58BF994208BF39
:100AB00090422CBFD8176FEAE37040F001007047F6
:100AC0004FEA410C7FEA6C5C02D150EA013C07D14D
:100AD0004FEA430C7FEA6C5CD6D152EA033CD3D098
:100AE0005DF8040B704700BF8446104662468C4692
:100AF0001946634600E000BF01B5FFF7B7FF0028C5
:100B000048BF10F1000F01BD4DF808EDFFF7F4FFED
:100B10000CBF012000205DF808FB00BF4DF808ED78
:100B2000FFF7EAFF34BF012000205DF808FB00BF9B
:100B30004DF808EDFFF7E0FF94BF012000205DF8BD
:100B400008FB00BF4DF808EDFFF7CEFF94BF012072
:100B500000205DF808FB00BF4DF808EDFFF7C4FF6B
:100B600034BF012000205DF808FB00BF4FEA410CB4
:100B70007FEA6C5C02D150EA013C0AD14FEA430C97
:100B80007FEA6C5C02D152EA033C02D14FF00000D4
:100B900070474FF0010070474FEA410212F5001212
:100BA00015D211D56FF47873B3EB625212D94FEAB4
:100BB000C12343F0004343EA505311F0004F23FA9E
:100BC00002F018BF404270474FF00000704750EAF3
:100BD000013005D111F0004008BF6FF000407047B0
:100BE0004FF00000704700BF53B94AB9002908BF51
:100BF00000281CBF4FF0FF314FF0FF3000F070B9FC
:100C0000ADF1080C6DE904CE00F006F8DDF804E063
:100C1000DDE9022304B070472DE9F047089E0D4638
:100C200004460F46002B4AD18A42944665D9B2FA4F
:100C300082F343B102FA03FCC3F120029F4020FA81
:100C400002F217439C404FEA1C4E1FFA8CF5B7FB8B
:100C5000FEF1220C0EFB117742EA074201FB05F080
:100C600090420AD91CEB020201F1FF3780F01C818F
:100C7000904240F2198102396244121AA4B2B2FBC6
:100C8000FEF00EFB102244EA024400FB05F5A542EB
:100C90000AD91CEB040400F1FF3280F00781A54261
:100CA00040F204816444023840EA0140641B0021A0
:100CB0001EB1DC400023C6E90043BDE8F0878B424B
:100CC00008D9002E00F0ED800021C6E90005084695
:100CD000BDE8F087B3FA83F1002949D1AB4202D3D2
:100CE000824200F2F880841A65EB03020120174665
:100CF000002EE2D0C6E90047DFE702B9FFDEB2FA14
:100D000082F3002B40F090808A1A4FEA1C471FFAAA
:100D10008CFE0121B2FBF7F507FB1520220C42EAFD
:100D200000420EFB05F0904208D91CEB020205F1CF
:100D3000FF3802D2904200F2CB804546121AA4B28C
:100D4000B2FBF7F007FB102244EA02440EFB00FE60
:100D5000A64508D91CEB040400F1FF3202D2A645D7
:100D600000F2BB801046A4EB0E0440EA05409FE76A
:100D7000C1F120078B4022FA07FC4CEA030C05FA6C
:100D800001F420FA07F3FD404FEA1C492343B5FB69
:100D9000F9F81FFA8CFE09FB18551C0C44EA0544AF
:100DA00008FB0EF5A54202FA01F200FA01F00BD998
:100DB0001CEB040408F1FF3A80F08880A54240F261
:100DC0008580A8F102086444641B9DB2B4FBF9F36A
:100DD00009FB134445EA044403FB0EFEA64508D96B
:100DE0001CEB040403F1FF356CD2A6456AD9023B23
:100DF000644443EA0843A3FB0295A4EB0E04AC420F
:100E0000C846AE4656D353D056B1B0EB080264EB99
:100E10000E0404FA07F7CA40CC401743C6E9007431
:100E200018460021BDE8F087C3F1200102FA03FC57
:100E300020FA01F225FA01F19D402A434FEA1C47AE
:100E40001FFA8CFEB1FBF7F007FB1015110C41EAFD
:100E5000054100FB0EF58D4204FA03F408D91CEBA2
:100E6000010100F1FF382FD28D422DD902386144A3
:100E7000491B92B2B1FBF7F507FB151142EA01429B
:100E800005FB0EF1914208D91CEB020205F1FF3877
:100E900016D2914214D9023D6244521A45EA0041E9
:100EA00038E73146304608E73946E6E61046FBE6C5
:100EB0004845A9D2B9EB020865EB0C0E013BA3E74C
:100EC0004546EAE72B4694E74046D1E7D0467BE724
:100ED000023D624432E708460AE76444023842E7CA
:100EE000704700BF80B48FB000AFF860B9607A601F
:100EF0003B6000233B6100233B753B687B637A6B5F
:100F00003B6C13447B62BB683B623A6A7B68134468
:100F1000FB61BB683B633B6B0133FB620023FB76E9
:100F2000012387F82B30BB68002B02D03B68002BD5
:100F30000AD101233B75FB681A4607F1100393E8B9
:100F4000030082E8030066E03B6C002B40D0FA6AA5
:100F5000FB699A4205D33B7D43F00203DBB23B754C
:100F600036E07B6B5A1C7A631B78FB76FB7E002B8A
:100F70000FD13B6B97F82B201A70FB6A5A1CFA6250
:100F80003B63012387F82B307A6B7B6A9A42DED36E
:100F90001EE0FB6A5A1CFA62FA7E1A7097F82B3030
:100FA000013387F82B307A6B7B6A9A420FD297F81D
:100FB0002B30FF2BCBD13B6B97F82B201A70FB6AA1
:100FC0005A1CFA623B63012387F82B30BFE700BF4E
:100FD0003A6BFB699A4207D33B7D43F00203DBB2D5
:100FE0003B75FB69FB620AE03B6B97F82B201A709C
:100FF000FB6A5A1CFA623B633B6B00221A70FA6A66
:101000003B6AD31A3B61FB681A4607F1100393E869
:10101000030082E80300F8683C37BD465DF8047BB6
:10102000704780B48FB000AF78607B681A897B68A6
:101030001B681B8A9A4201D3002356E17B681B6818
:101040001A687B685B899B0013441B68FB62FB6A20
:101050001B0ADAB27B689A75FB6A03F00303022B62
:101060005AD0022B00F29480002B02D0012B1FD00B
:101070008EE07B6801229A82FB6A9B089BB203F098
:101080003F039AB27B681A82FB6A1B0E5BB203F0C5
:101090000F0387F83330FB6A1B0CDBB27B63FB6A00
:1010A0001B0F9BB203F00F039AB27B685A82B4E025
:1010B0007B681B681A687B685B8901339B0013445B
:1010C0001B68FB61FB6A1B0C9BB2C3F30B039AB258
:1010D0007B689A82FB6A9B089BB203F03F039AB23B
:1010E000FB691B0F9BB29B019BB213439AB27B68B7
:1010F0001A82FB6A1B0F5BB203F00F0387F83330D1
:10110000FB699BB27B63FB691B0C9BB2C3F30B03B4
:101110009AB27B685A8280E07B681B681A687B6899
:101120005B8901339B0013441B68BB627B681B68AF
:101130001A687B685B8902339B0013441B687B62DF
:101140007B681B681A687B685B8903339B001344C8
:101150001B683B62FB6A1B0C9AB27B689A82FB6A33
:101160009B089BB203F03F039AB2BB6A1B0A9BB277
:101170009B019BB213439AB27B681A82BB6A87F8C1
:1011800033307B6A7B633B6A9AB27B685A8244E065
:101190007B681B681A687B685B8901339B0013447A
:1011A0001B68BB617B681B681A687B685B890233BC
:1011B0009B0013441B687B617B681B681A687B6813
:1011C0005B8903339B0013441B683B617B681B688E
:1011D0001A687B685B8904339B0013441B68FB60BF
:1011E000FB689AB27B689A82FB6A9B089BB203F009
:1011F0003F039AB2BB691B0A9BB29B019BB213438C
:101200009AB27B681A82BB6987F833307B697B634B
:101210003B699AB27B685A8200BF7B685B68002B8F
:1012200006D17B6800229A617B6800221A6241E045
:101230007B685A687B6B1A447B689A6197F93330F4
:10124000002B08D07B689A6997F933305B421A44C7
:101250007B681A621AE07B689B7D03F03003202BC9
:1012600011D17B689B7D03F0C003002B05D07B6808
:101270009B7D03F0C003802B05D17B6803F1140232
:101280007B681A6202E07B6800221A627B689B7DA1
:1012900003F0C003802B09D17B689B69002B05D02C
:1012A0007B689B691A687B68DA6103E07B689A69EE
:1012B0007B68DA617B689B7D03F00F03082B05D008
:1012C0007B689B7D03F00F03092B0AD17B681B68A9
:1012D0005A687B68DB899B0013441A687B685A62F2
:1012E00002E07B6800225A62012318463C37BD4663
:1012F0005DF8047B704780B485B000AF78607B6890
:101300001B8901339AB27B681A817B681A897B68D2
:101310001B681B8A9A420CD37B6800221A817B6867
:1013200000225A817B680022DA817B6800229A8140
:101330003CE07B681B681A687B685B899B001344F0
:101340001B68FB60FB681B0AFB72FB6803F003036E
:10135000012202FA03F33B817B685A893B891344DB
:101360009AB27B685A817B689A89FB7A03F03003D2
:10137000002B0CBF01230023DBB29BB213449AB2B3
:101380007B689A817B68DA89FB7A03F00F03082B6C
:1013900004D0FB7A03F00F03092B01D1012300E0F5
:1013A00000239BB213449AB27B68DA8100BF1437E2
:1013B000BD465DF8047B704780B584B000AFF8602F
:1013C000B9607A6028220021F86810F08BFBFB6876
:1013D000BA681A60FB687A685A60F868FFF721FEFD
:1013E000034618461037BD4680BD80B586B000AFB5
:1013F000786039603B681B689B683B613B691B6890
:101400001B68FB60FB681B0A03F0C003802B09D13B
:101410003B6804331A4639697868FFF7CDFF034605
:10142000FB7508E03B685B681A4639697868FFF726
:10143000C3FF0346FB753B6803F10C027B681A622D
:10144000FB7D18461837BD4680BD80B582B000AF21
:1014500078607868FFF74FFF7868FFF7E2FD7B68F8
:101460001B89002B14BF01230023DBB21846083769
:10147000BD4680BD80B485B000AF78607B68FB60FE
:10148000FB6818461437BD465DF8047B704780B58D
:1014900084B000AFF860B9607A607868FFF7EAFF5F
:1014A00003461A46B968F868FFF786FF03461846F0
:1014B0001037BD4680BD80B582B000AF786039601E
:1014C0003868FFF7D7FF034619467868FFF78DFFA6
:1014D000034618460837BD4680BD80B586B000AFCC
:1014E000F860B9607A607B685B8A082B25D17B68DD
:1014F000DB697B617B69002B1FD0FB68002B0CD064
:101500007B691B68002B08D07B691B687A690432F1
:101510007968F8689847034610E0BB68002B0CD048
:101520007B691B68002B08D07B691B687A690432D1
:101530007968B8689847034600E0012318461837D1
:10154000BD4680BD80B586B000AFF860B9607A60F6
:10155000FB685B687B617A697B681A44FB685A6048
:101560007A68B968786910F03CFB0123184618378F
:10157000BD4680BDB0B48BB000AFF860B9607A6092
:101580000B4B7B61BB68BB617B68FB6100233B62EB
:1015900000237B62FB681D4607F114040FCC0FC5C6
:1015A00023682B60F8682C37BD46B0BC704700BF7D
:1015B0004515000880B584B000AFF860B9607A6066
:1015C0007B68002B37D0FB681B68002B33D0FB688F
:1015D000DA687B681A44FB68DB689A4207D3FB68C9
:1015E000DA687B681A44FB689B689A420BD9FB68EF
:1015F0001B69002B02D0FB681B6900E0134BFA68E3
:10160000136100231EE0FB681B687A68B968F868FC
:101610009847034683F00103DBB2002B0BD0FB6835
:101620001B69002B02D0FB681B6900E0084BFA68BD
:101630001361002306E0FB68DA687B681A44FB68E4
:10164000DA60012318461037BD4680BD783801089E
:101650008438010880B485B000AF78607B68BB60D7
:101660000023FB600AE0BA68FB6813441B78002B78
:1016700001D0012306E0FB680133FB60FB68002B0F
:10168000F1D0002318461437BD465DF8047B70473F
:10169000B0B58CB000AF786039603B681B6A1B88BE
:1016A000BB84BB8C002B01D101233DE13B689B7DBA
:1016B00003F0C003802B10D03B689B8ABA8C9A42FF
:1016C0000BD97B681B69002B02D07B681B6900E08B
:1016D000974B7A681361002326E13B689B7D03F0FA
:1016E0000F03052B00F2B3803B681B8A1A460221C8
:1016F000786800F0DDFC034683F00103DBB2002BC9
:1017000001D0002310E13B689B7D03F00F03042B05
:1017100003D1BB8C9B00BB6247E03B689B7D03F021
:101720000F03052B03D1BB8CDB00BB623DE007F14F
:10173000080300221A605A609A60DA601A613B68F6
:10174000DB69FB610023FB8526E007F108033968AC
:10175000184600F0EFFD034683F00103DBB2002BD7
:1017600010D07B681B69002B02D07B681B6905E0E9
:10177000BB69002B01D0BB6900E06E4B7A68136136
:101780000023D1E03B68DB693A68528A1A443B681F
:10179000DA61FB8D0133FB85FA8DBB8C9A42D4D381
:1017A0003B68FA69DA617B69BB62BB6A00221C464E
:1017B000154622462B46786800F0F7FB034683F077
:1017C0000103DBB2002B01D00023ADE07B681B6876
:1017D000002B06D1BA6A00217868FFF7EBFE0346BA
:1017E000A2E00023FB852DE03B689B7D03F00F0307
:1017F000042B05D03B689B7D03F00F03052B0BD119
:101800003968786800F058FE034683F00103DBB2C4
:10181000002B0DD0002387E03968786800F08AFD3E
:10182000034683F00103DBB2002B01D000237BE0F1
:101830003B68DB693A68528A1A443B68DA61FB8D7F
:101840000133FB85FA8DBB8C9A42CDD36BE000232C
:10185000FB8564E03B689B7D03F0C003802B47D190
:101860003B689B7D03F00F03072B05D03B689B7DF6
:1018700003F00F03062B3BD13B68DB693B623B68FF
:10188000DB691A683B68DA613B68DB69002B1CD1B5
:101890003968786800F036FC0346002B0BD04FF017
:1018A00000024FF00003786800F07FFB0346002B36
:1018B00001D0012300E0002387F8273097F8273074
:1018C00003F0010387F8273006E03968786800F0F4
:1018D00051F9034687F827303B683A6ADA6197F88E
:1018E000273083F00103DBB2002B0DD000231BE077
:1018F0003968786800F03EF9034683F00103DBB2F3
:10190000002B02D000230FE000BF3B68DB693A6880
:10191000528A1A443B68DA61FB8D0133FB85FA8DEC
:10192000BB8C9A4296D3012318463037BD46B0BDD2
:1019300090380108A838010880B592B000AF7860EF
:101940007B689B7D87F8453097F8453003F0C003EE
:10195000002B40F0C98097F8453003F03003002B8E
:1019600001D1002300E197F8453003F03003202B2C
:1019700008D17B681B6A1B88002B0CBF0123002346
:10198000DBB2F1E097F8453003F03003302B08D19B
:101990007B681B6A1B88002B0CBF01230023DBB272
:1019A000E2E097F8453003F03003102B15D17B6847
:1019B0001B6A002B11D07B681B6A1846FFF74AFE92
:1019C0000346002B14BF01230023DBB283F0010385
:1019D000DBB203F00103DBB2C6E07B681B689B68E7
:1019E000002B01D00023BFE097F8453003F00F0330
:1019F000052B1CD87B68DB697B630023A7F8463086
:101A00000DE0B7F846307A6B13441B78002B01D0F9
:101A10000023A9E0B7F846300133A7F846307B68C9
:101A20005B8AB7F846209A42EBD301239CE097F8F3
:101A3000453003F00F03062B0AD17B68DB69BB63DB
:101A4000BB6B1B88002B0CBF01230023DBB28BE098
:101A500097F8453003F00F03072B08D17B68DB694B
:101A60001B78002B0CBF01230023DBB27CE097F82E
:101A7000453003F00F030B2B07D17B685B8A002BEB
:101A80000CBF01230023DBB26EE097F8453003F072
:101A90000F03082B05D097F8453003F00F03092BEF
:101AA00061D17B68596A7B68DA6907F10C031846D3
:101AB000FFF782FC0346002B14D007F10C031846F5
:101AC000FFF73AFF034683F00103DBB2002B01D09E
:101AD000002349E007F10C031846FFF7B6FC034664
:101AE000002BEAD101233FE097F8453003F0C00313
:101AF000802B07D17B68DB69002B0CBF01230023FF
:101B0000DBB231E097F8453003F0C003402B2AD117
:101B100097F8453003F00F030A2B0AD17B68DB6985
:101B20001B68FB63FB6B002B0CBF01230023DBB2A4
:101B30001AE07B681B68DB680D4A93420AD17B6818
:101B4000DB693B643B6C1B68002B0CBF012300234B
:101B5000DBB209E07B681B68DB68002B0CBF01234C
:101B60000023DBB200E0002318464837BD4680BDA5
:101B7000DB14000880B582B000AF786039603B6844
:101B8000DB69002B01D1012361E03968786800F03E
:101B9000B9FA034683F00103DBB2002B01D0002326
:101BA00055E03B689B7D03F00F030B2B44D801A24B
:101BB00052F823F0E51B0008F11B0008F11B000898
:101BC000F11B0008FD1B0008FD1B0008091C000894
:101BD000151C0008211C0008211C0008391C0008E5
:101BE0002D1C00083968786800F08AFB03462EE057
:101BF0003968786800F09EFB034628E03968786809
:101C000000F05AFC034622E03968786800F082FC54
:101C100003461CE03968786800F0BAFC034616E019
:101C20003968786800F012FD034610E0396878687A
:101C300000F052FD03460AE07B681B69002B02D0CE
:101C40007B681B6900E0044B7A6813610023184627
:101C50000837BD4680BD00BFB038010880B582B0EE
:101C600000AF786039603B681B68DB68002B18D0D8
:101C70003B681B68DB683A68796800209847034630
:101C800083F00103DBB2002B0BD07B681B69002BB8
:101C900002D07B681B6900E0044B7A681361002363
:101CA00000E0012318460837BD4680BDC43801084E
:101CB00080B582B000AF786039603B689B7D03F0EF
:101CC0003003302B08D13B681B6A1A883B681B8A9B
:101CD0009A4226D0012359E03B689B7D03F03003F4
:101CE000102B1ED13B681B6A002B0CD03B681B6A73
:101CF0001846FFF7AFFC034683F00103DBB2002B6D
:101D00000FD0012342E03B689B7D03F0C003002B12
:101D100007D13868FFF710FE0346002B01D00123DE
:101D200034E03B68DB69002B13D13B689B7D03F0FB
:101D30003003002B0BD17B681B69002B02D07B6822
:101D40001B6900E0134B7A68136100231EE0012336
:101D50001CE03B689B7D03F0C003402B05D1396834
:101D60007868FFF77BFF034610E03B689B7D03F03C
:101D70003003202B05D139687868FFF789FC0346CA
:101D800004E039687868FFF7F5FE0346184608371F
:101D9000BD4680BDD438010880B58CB000AF7860F6
:101DA000396007F1080339681846FFF784FB0346DA
:101DB00083F00103DBB2002B0BD07B681B69002B87
:101DC00002D07B681B6900E0074B7A68136100232F
:101DD00006E007F1080319467868FFF769FF034634
:101DE00018463037BD4680BDEC38010880B584B058
:101DF00000AF786039603B68DB691B68FB601EE000
:101E0000FB681B685B68002B08D0FB681B685B687D
:101E1000F968786898470346FB7205E0F9687868C6
:101E2000FFF7BAFF0346FB72FB7A83F00103DBB2D4
:101E3000002B01D0002306E0FB689B68FB60FB6879
:101E4000002BDDD1012318461037BD4680BD80B57B
:101E50008EB000AFF860B9607A6007F110037A685D
:101E6000B9681846FFF713FB034683F00103DBB2A2
:101E7000002B01D001232AE097F8263003F00F034E
:101E80000A2B0DD107F110031946F868FFF7AEFFD2
:101E9000034683F00103DBB2002B0FD0002316E0D2
:101EA00007F110031946F868FFF702FF034683F0B5
:101EB0000103DBB2002B01D0002308E007F110037F
:101EC0001846FFF7C2FA0346002BD5D10123184666
:101ED0003837BD4680BD80B588B000AFF860B960C6
:101EE0007A600023FB61BB68DBB203F07F03FB7603
:101EF000BB68DB09BB6013E0FB7E63F07F03FB760E
:101F0000FB695A1CFA6120333B44FA7E03F8102C1B
:101F1000BB68DBB203F07F03FB76BB68DB09BB6009
:101F2000FB69032B05D8BB68002BE5D17B68002B30
:101F3000E2D17B68002B24D07B68DBB21B01DBB2D3
:101F400003F07003DAB2FB7E1343FB767B68DB0899
:101F50007B6013E0FB7E63F07F03FB76FB695A1C1A
:101F6000FA6120333B44FA7E03F8102C7B68DBB225
:101F700003F07F03FB767B68DB097B607B68002BCB
:101F8000E8D1FB695A1CFA6120333B44FA7E03F81E
:101F9000102C07F11003FA691946F868FFF70AFBDD
:101FA000034618462037BD4680BD90B587B000AFC8
:101FB000F860C7E90023D7E90023802A73F1000302
:101FC0000AD23B78FB7507F1170301221946F8681E
:101FD000FFF7F0FA03460FE03C68D7E900014FF045
:101FE00000024FF000030A00002313461A46214660
:101FF000F868FFF770FF034618461C37BD4690BDD2
:102000002DE9B04F8AB000AF7861C7E902234FF0E5
:10201000FF326FF00043C7E90623D7E90223002B04
:1020200015DAD7E90201D7E9062300EA020401EA3A
:10203000030523193B6045EB05037B60D7E90023CB
:102040006FEA020A6FEA030BC7E908AB07E0D7E9BA
:10205000022312EB020843EB0309C7E90889D7E919
:1020600008237869FFF7A1FF034618462837BD46C5
:10207000BDE8B08F80B582B000AF786039600422CF
:1020800039687868FFF796FA034618460837BD4660
:1020900080BD80B582B000AF7860396008223968B1
:1020A0007868FFF787FA034618460837BD4680BDB3
:1020B0002DE9B04F88B000AF78610B46FA60FB7431
:1020C000FB6800229A4693464FEA5A754FEACA04C3
:1020D000FB7C00229846914644EA08033B6045EAAF
:1020E00009037B60D7E90034C7E90634D7E9062342
:1020F0007869FFF75AFF034618462037BD46BDE80A
:10210000B08F000080B584B000AF786039603B6864
:102110009B7D03F00F030B2B26D801A252F823F06E
:1021200051210008512100085121000851210008C7
:10213000572100085D210008632100086321000881
:102140006321000863210008692100086321000859
:102150000023FB7314E00523FB7311E00123FB73E1
:102160000EE00223FB730BE07B681B69002B02D09F
:102170007B681B6900E0094B7A681361002308E063
:102180003B681B8A1A46FB7B19467868FFF790FF6D
:10219000034618461037BD4680BD00BFB038010861
:1021A000B0B584B000AFF860B9607A607B68002297
:1021B0001C46154622462B46F868FFF7F6FE0346F6
:1021C00083F00103DBB2002B01D0002305E07A6825
:1021D000B968F868FFF7EEF9034618461037BD46B0
:1021E000B0BD0000B0B58CB000AFF860B9607A60E7
:1021F00007F1140300221A605A609A60DA601A61CB
:1022000007F114037A68B9681846FFF720FE034601
:1022100083F00103DBB2002B04D07A6AFB681A61F9
:10222000002365E03B6AFB62FB6A00221C46154600
:1022300022462B46F868FFF7B8FE034683F00103F9
:10224000DBB2002B01D0002352E0FB681B68002B9F
:1022500006D1FA6A0021F868FFF7ACF9034647E0B7
:10226000FB68DA68FB6A1A44FB689B689A420BD9E0
:10227000FB681B69002B02D0FB681B6900E01E4B4A
:10228000FA681361002333E0FB681B687B61FB681D
:102290005B68BB61FB6AFB6100233B6200237B62DE
:1022A00007F114037A68B9681846FFF7D0FD0346B2
:1022B00087F82B30FB68DA683B6A1A44FB68DA60FF
:1022C000BA69FB685A607A6AFB681A613B6AFA6A03
:1022D0009A420BD0FB681B69002B02D0FB681B697C
:1022E00000E0064BFA681361002301E097F82B30F9
:1022F00018463037BD46B0BD7838010800390108AE
:10230000B0B584B000AF786039603B68DB691846CF
:10231000FFF7A0F90346FB60FB6800221C46154648
:1023200022462B467868FFF740FE034618461037D2
:10233000BD46B0BD2DE9B04F8CB000AFF861B961BA
:10234000BB699B7D03F00F03022B52D14FF00002BB
:102350004FF00003C7E90A23BB695B8A012B0BD14D
:10236000BB69DB691B78DBB200223B617A61D7E98C
:102370000434C7E90A3435E0BB695B8A022B0BD110
:10238000BB69DB691B889BB20022BB60FA60D7E99E
:102390000234C7E90A3425E0BB695B8A042B0AD101
:1023A000BB69DB691B6800223B607A60D7E90034B7
:1023B000C7E90A3416E0BB695B8A082B06D1BB6902
:1023C000DB69D3E90023C7E90A230BE0FB691B693A
:1023D000002B02D0FB691B6900E0364BFA691361E0
:1023E000002361E0D7E90A23F869FFF7DEFD034621
:1023F0005AE04FF000024FF00003C7E90823BB6921
:102400005B8A012B0AD1BB69DB6993F900305BB2AF
:10241000DA179A469346C7E908AB32E0BB695B8A94
:10242000022B0AD1BB69DB69B3F900301BB2DA17A2
:1024300098469146C7E9088923E0BB695B8A042B6B
:1024400008D1BB69DB691B68DA171C461546C7E96A
:10245000084516E0BB695B8A082B06D1BB69DB69BE
:10246000D3E90023C7E908230BE0FB691B69002BB4
:1024700002D0FB691B6900E00E4BFA69136100236F
:1024800012E0BB699B7D03F00F03032B06D1D7E954
:102490000823F869FFF7B4FD034605E0D7E90823F0
:1024A000F869FFF782FD034618463037BD46BDE8A0
:1024B000B08F00BF1439010880B582B000AF7860DA
:1024C00039603B685B8A042B07D13B68DB6919469E
:1024D0007868FFF7CFFD034616E03B685B8A082B60
:1024E00007D13B68DB6919467868FFF7D2FD0346E0
:1024F0000AE07B681B69002B02D07B681B6900E047
:10250000034B7A681361002318460837BD4680BD27
:102510001439010880B584B000AF786039600023B9
:10252000FB603B68DB69FB60FB68002B06D1002287
:1025300000217868FFF734FE034622E03B689B7D6C
:1025400003F0C003002B13D1FB681B881A463B68BD
:102550005B8A023B9A420BD97B681B69002B02D035
:102560007B681B6900E0094B7A681361002308E06F
:10257000FB68991CFB681B881A467868FFF710FEF9
:10258000034618461037BD4680BD00BF28390108F4
:1025900080B586B000AF7860396000237B613B680E
:1025A0005B8A3B613B68DB69BB603B689B7D03F0FA
:1025B000C003802B03D14FF0FF333B6111E03B6937
:1025C000002B0BD17B681B69002B02D07B681B6939
:1025D00000E01C4B7A68136100232FE03B69013B4C
:1025E0003B61BB68002B02D100237B6120E0BB680C
:1025F000FB6005E07B6901337B61FB680133FB60B5
:102600007A693B699A4203D2FB681B78002BF1D1AF
:10261000FB681B78002B0BD07B681B69002B02D05A
:102620007B681B6900E0084B7A681361002305E0B2
:102630007A69B9687868FFF7B3FD0346184618371A
:10264000BD4680BD3C3901085039010880B584B0D1
:1026500000AF786039603B685B6A002B0BD17B6808
:102660001B69002B02D07B681B6900E0194B7A685C
:102670001361002329E03B689B7D03F00F03092BC6
:102680001AD13B681B6A002B16D03B681B6A083BBB
:10269000FB60FB681B68002B0ED0FB681B68FA68A8
:1026A0000432396878689847034683F00103DBB247
:1026B000002B01D0002308E03B68596A3B68DB69C6
:1026C0001A467868FFF78EFD034618461037BD4658
:1026D00080BD00BF6439010880B582B000AF78606A
:1026E00039603B68D9693B685B8A1A467868FFF7AE
:1026F00057FD034618460837BD4680BD80B588B0F3
:1027000004AF786039600023FB737B6802933B68F9
:1027100001934FF480730093064B074A0749022048
:1027200008F02EF80346FB7397F90F301846103760
:10273000BD4680BDB92F00085D2F0008112F00088D
:1027400080B588B002AF78604FF480737B61214B15
:10275000BB600023FB747B6903F00303002B04D0F0
:102760007B699B0801339B007B610023FB6023E0B6
:10277000BA68FB68D31A7A699A420DD9BA68FB68BD
:10278000D31A7B617B6903F00303002B04D07B69C0
:102790009B0801339B007B61FB680F4A98187B689C
:1027A00000937B69FA68B96807F0E4FE0346FB749E
:1027B000FA687B691344FB60FA68BB689A4203D2EB
:1027C00097F91330002BD3D097F9133018461837E8
:1027D000BD4680BD881D0200844001080000000045
:1027E0002DE9F04F97B008AFF860B960BB687B6324
:1027F000FB689B780B2B7CD1FB68D3F8033007F187
:1028000014021146184609F034FBFB68D3F8073070
:10281000D3E90023C7E90A23D7E90A0102460B4698
:102820004FF0000A4FF0000B4FEA431B4BEAD26B0C
:102830004FEA421A52465B46B2EB000863EB0109CD
:102840004FF000024FF000034FEA891343EA986308
:102850004FEA8812B2EB080463EB09054FF000025F
:102860004FF00003EB0043EA5473E20014461D46A8
:1028700023183B6045EB01037B60D7E90034C7E9CF
:102880000A34D7E90A011FA3D3E90023FEF7ACF904
:1028900002460B4613467B62BA6A7B6A184901FB03
:1028A00003F3D31A3B627B6B9B683B607B6B93F8B3
:1028B00000C07B6B5B787A6B9278B7F91410B7F92C
:1028C0001600B7F91840B7F91A50BE8B0696059551
:1028D0000494039002910192009363463A6A796AE4
:1028E000386800F0E7FE7B6B9B685A1C7B6B9A6034
:1028F00000E000BF3C37BD46BDE8F08FAFF300807D
:1029000000CA9A3B00CA9A3B000000000000000089
:102910002DE9F04F93B006AFF860B960BB68FB6279
:10292000FB689B78072B70D1FB68D3F8033007F165
:1029300010021146184609F0E8FAFB68D3F8073090
:10294000D3E90023C7E90823D7E9080102460B466B
:102950004FF0000A4FF0000B4FEA431B4BEAD26BDB
:102960004FEA421A52465B46B2EB000863EB01099C
:102970004FF000024FF000034FEA891343EA9863D7
:102980004FEA8812B2EB080463EB09054FF000022E
:102990004FF00003EB0043EA5473E20014461D4677
:1029A00023183B6045EB01037B60D7E90034C7E99E
:1029B0000834D7E9080119A3D3E90023FEF714F975
:1029C00002460B461346FB613A6AFB69124901FB5A
:1029D00003F3D31ABB61FB6A9D68FB6A1E78FB6A2E
:1029E0005B78FA6A9278B7F91010B7F91200B7F964
:1029F0001440049403900291019200933346BA6903
:102A0000F969284600F0C8FE00E000BF3437BD4633
:102A1000BDE8F08FAFF3008000CA9A3B00CA9A3B32
:102A20000000000080B5ADF5875D84B002AF07F10E
:102A3000E80343F8E40C07F1E80343F8E81C07F166
:102A4000E80353F8E43CD3F803301B7807F58752CA
:102A500002F10302137007F1E80353F8E43CD3F8E2
:102A600003305B7807F5875202F10202137007F119
:102A7000E80353F8E43CD3F803309B7807F587521A
:102A800002F10102137007F1E80353F8E43C1B78EC
:102A9000FE2B06D18A4B07F5875202F10402136020
:102AA0000DE007F1E80353F8E43C1B78F82B40F005
:102AB0000282844B07F5875202F10402136007F586
:102AC000875303F103031B78013B132B00F2E481CE
:102AD00001A252F823F000BF292B0008472B000861
:102AE000652B0008992E0008832B0008952B000801
:102AF000BB2B0008CD2B0008DF2B0008992E000807
:102B0000F12B0008172C0008292C0008472C00087E
:102B1000992E0008592C0008852C0008A32C0008C9
:102B2000052D0008BB2E000807F5875303F10203AB
:102B30001B781A4607F5875303F1040319686248A6
:102B40000EF0E6FEBAE107F5875303F102031B78A6
:102B50001A4607F5875303F1040319685B480EF022
:102B6000D7FEABE107F5875303F102031B781A4642
:102B700007F5875303F10403196855480EF0C8FEA2
:102B80009CE107F5875303F10403196851480EF0DF
:102B9000BFFE93E107F5875303F102031A7807F5A7
:102BA000875303F101031B7807F5875101F10401F5
:102BB000096849480EF0ACFE80E107F5875303F140
:102BC0000403196845480EF0A3FE77E107F5875323
:102BD00003F10403196842480EF09AFE6EE107F50E
:102BE000875303F1040319683E480EF091FE65E136
:102BF00007F5875303F102031A7807F5875303F1AA
:102C000001031B7807F5875101F104010968364873
:102C10000EF07EFE52E107F5875303F104031968B5
:102C200032480EF075FE49E107F5875303F10203C0
:102C30001B781A4607F5875303F1040319682C48DB
:102C40000EF066FE3AE107F5875303F104031968B5
:102C500028480EF05DFE31E107F5875303F10103CB
:102C60001B781A0207F5875303F102031B781343FD
:102C70001A4607F5875303F1040319681E480EF03E
:102C800047FE1BE107F5875303F102031B781A4641
:102C900007F5875303F10403196818480EF038FE4E
:102CA0000CE107F5875303F102031B781A4607F579
:102CB000875303F10403196811480EF029FEFDE063
:102CC000703A0108803A0108983A0108C03A0108B0
:102CD000EC3A0108183B0108303B0108603B010851
:102CE000803B0108A03B0108C43B0108EC3B010804
:102CF000003C01082C3C0108483C0108783C0108D4
:102D0000A03C010807F5875303F103031A7807F580
:102D1000875303F10203197807F5875303F1010381
:102D20001B7800930B4607F5875101F104010968F0
:102D300065480EF0EDFD002307F5865202F11B02F7
:102D40001370624B1A6907F5865303F11B0319468A
:102D50002D2008F0CFF8034607F58752137007F5CA
:102D600087531A7807F5865303F11B031B782D212F
:102D700057480EF0CDFD554B1A6907F5865303F100
:102D80001B0319462E2008F0B5F8034607F58752B5
:102D9000137007F587531A7807F5865303F11B0361
:102DA0001B782E214A480EF0B3FD484B1A6907F5EF
:102DB000865303F11B0319462F2008F09BF80346A6
:102DC00007F58752137007F587531A7807F586536E
:102DD00003F11B031B782F213D480EF099FD3B4B5F
:102DE0001A6907F5865303F11B031946302008F0D2
:102DF00081F8034607F58752137007F587531A7851
:102E000007F5865303F11B031B78302130480EF081
:102E10007FFD2E4B1A6907F5865303F11B031946F4
:102E2000312008F067F8034607F58752137007F55D
:102E300087531A7807F5865303F11B031B7831215A
:102E400023480EF065FD07F1E803DC3B41F2CC02BC
:102E5000002118460EF046FE002307F5865202F1C7
:102E60001C02136041F2CC011A480EF051FD174BC1
:102E70001A6907F128031C3B1146184600F030F888
:102E8000034607F58752137007F587531B781946D9
:102E900011480EF03DFD11E007F5875303F10303E0
:102EA0001B781A4607F5875303F1040319680B488A
:102EB0000EF02EFD02E000BF00E000BF07F58757CF
:102EC0000837BD4680BD00BFD03C0108000000208F
:102ED000F83C0108243D0108443D01085C3D01081F
:102EE00080B584B000AF786039600023BB6007F123
:102EF00008023B6841F2CC01786807F019FC0346F0
:102F0000FB7397F90F3018461037BD4680BD00009F
:102F100080B58AB004AFB9607A603B600346FB734A
:102F20003B687B617B691B797B827B8A5B0099B202
:102F3000FB7B9AB27B689BB2192002900193BB681D
:102F400000930123044802F04DFA03465BB2184691
:102F50001837BD4680BD00BF5041002080B58EB0FF
:102F600004AFB9607A603B600346FB733B687B62E9
:102F70007B6A1B797B84FB7B3B840223FB837B681E
:102F8000BB833223BB617B8C5B0099B23A8CBB69FB
:102F90000293BB8B0193BB6800930123054802F0A9
:102FA00027F90346FB7597F9173018462837BD46B1
:102FB00080BD00BF5041002080B483B000AF786076
:102FC0003960094B1B6800225A6200BF064B1B6820
:102FD0005B6A7A689A42F9D800BF00BF0C37BD46D9
:102FE0005DF8047B704700BFFC41002080B582B0D3
:102FF00000AF786039603A687968002008F0FCFF1B
:10300000034618460837BD4680BD000080B586B02F
:1030100002AF0346FB71FB79072B14D8E023FB8139
:10302000FB79012202FA03F3DBB23B7307F10C02D6
:10303000F989642300930123054801F0DBFF03466F
:103040007B737B7B00E0012318461037BD4680BDB3
:1030500050410020F0B587B004AF0023FB71AEE013
:10306000FA795B4913469B0013449B000B440333DE
:103070001B787B71FB79FA794FF4427101FB03F302
:1030800054491944524813469B0013449B0003447F
:1030900010331960FA794E4913469B0013449B0084
:1030A0000B440C3300221A700123BB717B79184644
:1030B000FFF7ACFF03463B713B79002B15D1022093
:1030C00001F026FBFA79424913469B0013449B000A
:1030D0000B4404331B789BB25B0099B21423022289
:1030E0003D4802F0A5FB0346BB71BB79002B13D111
:1030F000FB79184600F07EF80346FB7097F9033021
:10310000002B09D1FA79324913469B0013449B00E6
:103110000B440C3301221A70FA792D4913469B0097
:1031200013449B000B440C331B78002B01D02B491C
:1031300005E0BB79002B01D1294900E02949FA7942
:10314000234813469B0013449B0003441B781E46F0
:10315000FA791F4813469B0013449B000344013334
:103160001B789C46FA791A4813469B0013449B002F
:10317000034403331B781C46FA79154813469B0019
:1031800013449B00034404331B781D46FA7910480E
:1031900013469B0013449B0003440C331B78002B05
:1031A00001D0114B00E0114B02930195009463464E
:1031B00032460F480EF0ACFBFB790133FB71FB7913
:1031C000132B7FF64DAF00BF00BF0C37BD46F0BDDF
:1031D00000000020B003002050410020803E010884
:1031E000883E0108903E0108983E0108A03E010873
:1031F000A83E01082DE9F0438BB000AF0346FB71F8
:103200006B461E46002387F82730132387F82530A6
:1032100097F825100B46013B3B62CBB20022984643
:1032200091464FF000024FF000034FEAC90343EA12
:1032300058734FEAC802CBB200221C4615464FF025
:1032400000024FF00003EB0043EA5473E2000B4628
:103250000733DB08DB00ADEB030D6B460033FB618E
:103260000023FB8100237B7300233B730023FB724D
:10327000FA79794913469B0013449B000B441033A1
:103280001868FA7913469B0013449B00724A134452
:103290001946FFF733FA03461A46FB691A70FA79A2
:1032A0006D4913469B0013449B000B4410331B686D
:1032B000184607F025FA03461A46FB695A70FA7950
:1032C000654913469B0013449B000B4410331A6856
:1032D00007F10D031146184607F0C1F803461A46D8
:1032E000FB699A70FA795C4913469B0013449B0072
:1032F0000B4410331A6807F10C031146184607F007
:10330000C8F803461A46FB69DA707B7B892B02D02A
:10331000FB690122DA700123FB76FA794E491346E4
:103320009B0013449B000B4410331A68FB7E11462C
:10333000184607F059F903461A46FB691A7120230B
:10334000BB76FA79444913469B0013449B000B4417
:1033500010331A68BB7E1146184607F061F9034620
:103360001A46FB695A7100237B76FA793A4913466B
:103370009B0013449B000B4410331A687B7E11465C
:10338000184607F069F903461A46FB699A7100234B
:103390003B76FA79304913469B0013449B000B445B
:1033A00010331A683B7E1146184607F071F9034640
:1033B0001A46FB69DA71FA79274913469B001344D0
:1033C0009B000B4410331A6807F10B031146184693
:1033D00007F093F803461A46FB691A72FB7A03F06A
:1033E0001003002B00F0ED80FA791B4913469B0077
:1033F00013449B000B4410331B681846FFF7A0F9D9
:1034000003461A46FB691A72FB6993F90830002BD0
:1034100006D012480EF07CFAFB6993F90830E9E017
:10342000FA790D4913469B0013449B000B4410335B
:103430001B68184607F0C0F803461A46FB691A7263
:10344000FB6993F90830002B0CD005480EF060FAA8
:10345000FB6993F90830CDE000000020EC3E010844
:10346000FC3E0108FA79664913469B0013449B0011
:103470000B4410331A6807F10E031146184607F083
:1034800022F803461A46FB695A72FA795C491346D8
:103490009B0013449B000B4410331B6800225949C6
:1034A000FE2007F097F903461A46FB699A72FA79EB
:1034B000534913469B0013449B000B4410331B6875
:1034C00000225049F82007F085F903461A46FB69A7
:1034D000DA72FA7913469B0013449B00484A991804
:1034E000FA79474813469B0013449B00034410336A
:1034F0001B680A464449222007F06CF903461A4625
:10350000FB691A73FA7913469B0013449B003C4AEB
:103510009918FA793A4813469B0013449B000344D8
:1035200010331B680A463949132007F053F9034644
:103530001A46FB695A73FB6900229A73FA7930497B
:1035400013469B0013449B000B4410331B68184622
:1035500007F094F903461A46FB69DA732C4B7B613A
:1035600000233B61FA79264913469B0013449B00D4
:103570000B4410331B681A46396997ED050A22205F
:1035800006F04CFF03461A46FB691A74FA791C4987
:1035900013469B0013449B000B4410331B681A46D0
:1035A000396997ED050A132006F038FF03461A46DD
:1035B000FB695A74FB6900229A74002387F826304D
:1035C00010E0012316E097F82630FA69D25697F9F1
:1035D000273013435BB287F8273097F82630013342
:1035E00087F8263097F8262097F825309A42EAD3B4
:1035F00097F92730B54618462C37BD46BDE8F0830D
:1036000000000020252A0008E127000811290008F1
:103610000000C84280B5ADF6080D00AF002387F862
:1036200007383BE097F80728214913469B001344CD
:103630009B000B440C331B78002B2AD097F80728EB
:103640001B4913469B0013449B000B4403331B7818
:1036500087F8063897F806381846FFF7D7FC034670
:1036600087F8053897F80538002B12D197F8072806
:103670000F4913469B0013449B000B4410331A68F8
:103680003B1D4FF40061184606F0C6FD034687F85F
:10369000053897F80738013387F8073897F807385F
:1036A000132BBFD900BF00BF07F60807BD4680BD7A
:1036B0000000002080B596B000AFF860B9607A6075
:1036C000FB7007F110034822002118460EF00AFA99
:1036D000FB683B61FB783B7597F86030BB6197F8FE
:1036E0006430FB61012387F83830BB68FB637B687B
:1036F0003B64B7F9683007EE903AB8EEE77ADFED51
:10370000236AC7EE267AC7ED117AB7F96C3007EE57
:10371000903AB8EEE77ADFED1D6AC7EE267AC7ED7C
:10372000127AB7F9703007EE903AB8EEE77ADFED2B
:10373000176AC7EE267AC7ED137AB7F9743007EE29
:10374000903AB8EEE77ADFED116AC7EE267AC7ED58
:10375000147AB7F8783007EE903AF8EEE77A9FEDF2
:103760000C7A67EE877ADFED096A87EEA67ADFEDDD
:10377000096AC7EE267AC7ED157A07F110031846D5
:1037800000F04AF800BF5837BD4680BD00008046B3
:1037900000003443DB0F494080B596B000AFF860BD
:1037A000B9607A60FB7007F11003482200211846C7
:1037B0000EF098F9FB683B61FB783B7597F8603039
:1037C000BB6197F86430FB61012387F82030BB6848
:1037D0007B627B68BB62B7F9683007EE903AF8EE1F
:1037E000E77AC7ED0B7AB7F96C3007EE903AF8EE4E
:1037F000E77AC7ED0C7AB7F9703007EE903AF8EE39
:10380000E77AC7ED0D7A07F11003184600F004F8C7
:1038100000BF5837BD4680BD80B58CB002AF786020
:1038200007F10C03802218491846FDF7A3FE07F1A3
:103830000C037A6815491846FEF709FB034683F026
:103840000103DBB2002B01D0022318E0BB6907F1B2
:10385000200000930C4B80220D49FDF743FB97F8A5
:103860002430002B01D0032309E03B6A19460848A5
:10387000FFF7BCFB0821074801F05DFA002318465A
:103880002837BD4680BD00BF504000206C40010875
:10389000D04000200000024080B582B000AF00237D
:1038A000FB712BE0FA79194913469B0013449B00E6
:1038B0000B4403331B78BB71BB791846FFF7A6FB9B
:1038C00003467B717B79002B15D1FB79184600F0FC
:1038D0003DF803463B713B79002B01D0012311E0F9
:1038E000FB79184600F014F80346FB70FB78002BB8
:1038F00001D0012306E0FB790133FB71FB79132B27
:10390000D0D9002318460837BD4680BD00000020EE
:1039100080B584B000AF0346FB710023FB73FA79D6
:10392000094913469B0013449B000B4410331B684A
:103930001946FE2006F0C8FE0346FB73FB7B1846C3
:103940001037BD4680BD00BF0000002080B584B0A8
:1039500000AF0346FB710023FB73FA790949134654
:103960009B0013449B000B4410331B681946FE2038
:1039700006F0AAFE0346FB73FB7B18461037BD46D4
:1039800080BD00BF0000002080B58AB000AF07F105
:10399000140300221A605A609A60DA601A610023E8
:1039A0003B61464B1B6B454A43F004031363434B97
:1039B0001B6B03F004033B613B690023FB603F4B3F
:1039C0001B6B3E4A43F0800313633C4B1B6B03F0BD
:1039D0008003FB60FB680023BB60384B1B6B374ADE
:1039E00043F001031363354B1B6B03F00103BB6012
:1039F000BB6800237B60314B1B6B304A43F00203F2
:103A000013632E4B1B6B03F002037B607B68002368
:103A10003B602A4B1B6B294A43F008031363274B77
:103A20001B6B03F008033B603B6800221C21244809
:103A300001F068F91C237B610123BB610023FB615A
:103A400000233B6207F1140319461D4800F0C6FF2E
:103A50004FF480537B614FF48813BB610023FB61FB
:103A600000233B6207F114031946164800F0B6FF25
:103A700020237B610123BB610023FB6100233B62A8
:103A800007F1140319460F4800F0A8FF0122202176
:103A90000C4801F037F94FF4C0537B610023BB6140
:103AA0000023FB6100233B6207F11403194604481D
:103AB00000F094FF00BF2837BD4680BD00380240AB
:103AC000000002400004024080B500AF174B184AC6
:103AD0001A60164B174A5A60144B00229A60134B17
:103AE0000022DA60114B4FF480421A610F4B002222
:103AF0005A610E4B00229A610C4B0022DA610B4B8B
:103B000000221A62094801F031F90346002B01D066
:103B100000F026FA0021054804F048F80346002B7F
:103B200001D000F01DFA00BF80BD00BF5041002051
:103B300000540040801A060080B500AF124B134AB3
:103B40001A60114B124A5A600F4B00229A600E4BBA
:103B50000022DA600C4B4FF480421A610A4B0022BB
:103B60005A61094B00229A61074B0022DA61064B29
:103B700000221A62044801F0F9F80346002B01D034
:103B800000F0EEF900BF80BDA441002000580040C5
:103B9000801A060080B58CB000AF786007F11C0376
:103BA00000221A605A609A60DA601A617B681B68AA
:103BB0004E4A934234D10023BB614D4B1B6B4C4AA0
:103BC00043F0020313634A4B1B6B03F00203BB6118
:103BD000BB69C023FB6112233B6200237B6201238C
:103BE000BB620423FB6207F11C031946414800F045
:103BF000F5FE00237B613E4B1B6C3D4A43F40013F2
:103C000013643B4B1B6C03F400137B617B69002244
:103C100000211F2000F07BFE1F2000F094FE60E0DA
:103C20007B681B68344A93425BD100233B61304B75
:103C30001B6B2F4A43F0020313632D4B1B6B03F0E6
:103C400002033B613B690023FB60294B1B6B284A45
:103C500043F004031363264B1B6B03F00403FB6068
:103C6000FB684FF48063FB6112233B6200237B629D
:103C70000123BB620423FB6207F11C0319461D48A4
:103C800000F0ACFE4FF48053FB6112233B62002333
:103C90007B620123BB620423FB6207F11C0319460C
:103CA000164800F09BFE0023BB60114B1B6C104AB2
:103CB00043F4800313640E4B1B6C03F48003BB605E
:103CC000BB6800220021212000F021FE212000F00D
:103CD0003AFE00220021222000F019FE222000F0EE
:103CE00032FE00BF3037BD4680BD00BF00540040EB
:103CF0000038024000040240005800400008024022
:103D000080B582B000AF786039603A687968002089
:103D100008F072F9034618460837BD4680BD80B5E5
:103D200000AF002008F094F90346184680BD00005B
:103D300080B500AF00F07AFC00F02AF800F09CF8A3
:103D4000FFF722FEFFF7C0FEFFF7F6FE00F034FBA0
:103D500000F048FA00F0A2FA0B4805F049FA0B48C7
:103D600005F0AEFA012009F087FC642000F0D0FCD9
:103D70004FF47A7000F0CCFCFFF76CF9FFF78CFD84
:103D8000FFF748FCFCE700BFFC4100204442002054
:103D900080B594B000AF07F11C033422002118460F
:103DA0000DF0A0FE07F1080300221A605A609A6025
:103DB000DA601A6100237B602D4B1B6C2C4A43F0A8
:103DC000805313642A4B1B6C03F080537B607B6829
:103DD00000233B60274B1B68264A43F44043136093
:103DE000244B1B6803F440433B603B680123FB61A9
:103DF0004FF480333B6202237B634FF48003BB6349
:103E00000823FB634FF4B4733B6402237B640823F1
:103E1000BB640223FB6407F11C03184604F0FAFE9E
:103E20000346002B01D000F09BF804F043F8034652
:103E3000002B01D000F094F80F23BB600223FB603D
:103E400000233B614FF4A0537B614FF48053BB616F
:103E500007F108030521184604F07CF80346002BFF
:103E600001D000F07DF800BF5037BD4680BD00BFD7
:103E7000003802400070004080B598B000AF3B1D94
:103E80005C22002118460DF02DFE4FF440737B603C
:103E90000423FB6160233B620223BB6204237B6239
:103EA00001233B634FF00063BB650023BB643B1DF4
:103EB000184604F055F90346002B01D000F050F8E5
:103EC00000BF6037BD4680BD80B584B000AF78606C
:103ED0007B68DBB23B7307F10C0301211846FFF747
:103EE0000FFF7B6818461037BD4680BD80B586B091
:103EF00000AFF860B9607A6000237B6109E0BB68BD
:103F00005A1CBA601B781846FFF7DEFF7B69013345
:103F10007B617A697B689A42F1DB7B6818461837C7
:103F2000BD4680BD80B582B000AF78607B681B68FD
:103F3000094A93420BD10421084800F0FCFE0021FD
:103F40004FF0FF3009F07EFC00BFFFF7E8FE00BF36
:103F50000837BD4680BD00BF00040140000002409C
:103F600080B400AF72B600BFFEE7000080B483B03B
:103F700000AF00237B60104B5B6C0F4A43F480431F
:103F800053640D4B5B6C03F480437B607B680023C0
:103F90003B60094B1B6C084A43F080531364064B8B
:103FA0001B6C03F080533B603B6800BF0C37BD4681
:103FB0005DF8047B704700BF0038024080B400AF5A
:103FC000FEE780B400AFFEE780B400AFFEE780B448
:103FD00000AFFEE780B400AFFEE780B400AF00BFE3
:103FE000BD465DF8047B704780B400AF00BFBD469E
:103FF0005DF8047B704780B400AF00BFBD465DF83C
:10400000047B704780B500AF00F062FB00BF80BD4D
:1040100080B500AF024801F039FD00BF80BD00BF90
:104020005041002080B500AF024801F02FFD00BFD5
:1040300080BD00BFA441002080B500AF024801F060
:1040400078FE00BF80BD00BFA441002080B500AF56
:10405000024805F0A5F900BF80BD00BF4442002022
:1040600080B500AF01200CF08DFC00BF80BD80B496
:1040700000AF01231846BD465DF8047B704780B54C
:1040800082B000AF786039600DF07EFD03461622E5
:104090001A604FF0FF3318460837BD4680BD80B523
:1040A00082B000AF78604FF0FF317868FFF7E7FF2C
:1040B000FEE780B586B000AFF860B9607A60002393
:1040C0007B610AE0AFF300800146BB685A1CBA600E
:1040D000CAB21A707B6901337B617A697B689A4244
:1040E000F0DB7B6818461837BD4680BD80B483B0CE
:1040F00000AF78604FF0FF3318460C37BD465DF8CF
:10410000047B704780B483B000AF786039603B684F
:104110004FF400525A60002318460C37BD465DF834
:10412000047B704780B483B000AF786001231846E9
:104130000C37BD465DF8047B704780B485B000AF96
:10414000F860B9607A60002318461437BD465DF800
:10415000047B704780B586B000AF7860144A154B79
:10416000D31A7B617B693B61134B1B68002B02D127
:10417000114B124A1A60104B1A687B6813443A6953
:104180009A4207D20DF000FD03460C221A604FF050
:10419000FF3309E0084B1B68FB60074B1A687B681C
:1041A0001344054A1360FB6818461837BD4680BDA6
:1041B0000000022000040000F8410020D05300203D
:1041C00080B400AF064BD3F88830054A43F470033F
:1041D000C2F8883000BFBD465DF8047B704700BF61
:1041E00000ED00E080B588B000AF03F099FF034612
:1041F000274AA2FB03239B0CFB6107F10C0300225F
:104200001A605A609A60DA603B1D00221A605A6098
:10421000204B214A1A60FB69013B1E4A53601D4B2B
:1042200000229A601B4B4FF6FF72DA60194B002296
:104230001A61184B00225A61164B80229A61154868
:1042400004F086FF0346002B01D0FFF789FE4FF4F0
:104250008053FB6007F10C0319460E4805F0A8F9DE
:104260000346002B01D0FFF77BFE00237B60002379
:10427000BB603B1D1946074805F0C4FB0346002BF5
:1042800001D0FFF76DFE00BF2037BD4680BD00BFE7
:1042900083DE1B43FC4100200000014080B586B056
:1042A00000AF07F1080300221A605A609A60DA60D2
:1042B0003B4600221A605A601E4B1F4A1A601D4B73
:1042C00005225A601B4B00229A601A4B4EF65F2261
:1042D000DA60184B00221A61164B00225A61154B06
:1042E00000229A61134804F033FF0346002B01D0EB
:1042F000FFF736FE4FF48053BB6007F10803194601
:104300000C4805F055F90346002B01D0FFF728FEB5
:1043100000233B6000237B603B461946054805F0BF
:1043200071FB0346002B01D0FFF71AFE00BF1837C0
:10433000BD4680BD444200200004014080B584B0E9
:1043400000AF78607B681B68184A93420ED1002347
:10435000FB60174B5B6C164A43F001035364144B2C
:104360005B6C03F00103FB60FB681AE07B681B6871
:10437000104A934215D10023BB600D4B5B6C0C4A75
:1043800043F0020353640A4B5B6C03F00203BB600F
:10439000BB68002200212C2000F0B9FA2C2000F08C
:1043A000D2FA00BF1037BD4680BD00BF00000140FB
:1043B000003802400004014080B500AF154B164A9A
:1043C0001A60144B08225A60124B0222DA60114B19
:1043D00000221A610F4B02229A610E4B0022DA6111
:1043E0000C4B00221A620B4B00225A62094B00222E
:1043F000DA62084B00221A63064B00225A63054812
:1044000003F010FC0346002B01D0FFF7A9FD00BF0D
:1044100080BD00BF8C4200200000044080B58AB0FF
:1044200000AF786007F1140300221A605A609A60A6
:10443000DA601A617B681B681D4A934234D10023FD
:104440003B611C4B1B6B1B4A43F002031363194B6C
:104450001B6B03F002033B613B694FF440437B61FC
:104460000223BB610023FB6103233B620C237B62BD
:1044700007F114031946104800F0B0FA0023FB605E
:104480000C4B1B6B0B4A43F000531363094B1B6B24
:1044900003F00053FB60FB68002200214D2000F078
:1044A00036FA4D2000F04FFA00BF2837BD4680BDD8
:1044B00000000440003802400004024080B400AF15
:1044C000024B1846BD465DF8047B7047245E030826
:1044D00080B483B000AF0346FB71034B18460C3722
:1044E000BD465DF8047B7047385E030880B584B034
:1044F00000AF03460A46FB711346BB80FB79002BD5
:1045000008D1214B1B681B889AB2204B5A8001238B
:10451000FB7327E0FB79052B01D900232FE0FB7902
:10452000194A52F82330BB60B868FBF7C1FE034656
:10453000FB73FB7B1F2B01D91F23FB730023BB7372
:104540000CE0BB7BBA6813441A78BB7B013391B291
:104550000E4A22F81310BB7B0133BB73BA7BFB7B83
:104560009A42EED3FB7B01339BB25B009BB21BB242
:1045700043F440731BB29AB2044B1A80034B1846A3
:104580001037BD4680BD00BF940100209847002031
:1045900080B400AFBFF34F8F00BF064BDB6803F45E
:1045A000E0620449044B1343CB60BFF34F8F00BF5D
:1045B00000BFFDE700ED00E00400FA0580B582B021
:1045C00000AF044B7B60044B3B603B687A681A6029
:1045D000FFF7DEFFD4327F15FCFF0120DFF834D077
:1045E0000D480E490E4A002302E0D458C45004334B
:1045F000C4188C42F9D30B4A0B4C002301E0136022
:104600000432A242FBD3FFF7DBFD0DF0C3FAFFF744
:104610008FFB704700000220000000208C03002068
:10462000BC63030890030020CC53002080B500AF8A
:104630000E4B1B680D4A43F4007313600B4B1B6851
:104640000A4A43F480631360084B1B68074A43F42B
:1046500080731360032000F04FF90F2000F008F87A
:10466000FFF784FC0023184680BD00BF003C0240D9
:1046700080B582B000AF7860124B1A68124B1B787D
:1046800019464FF47A73B3FBF1F3B2FBF3F3184618
:1046900000F067F90346002B01D001230EE07B6890
:1046A0000F2B0AD8002279684FF0FF3000F02FF965
:1046B000064A7B681360002300E001231846083790
:1046C000BD4680BD90010020B0010020AC0100205B
:1046D00080B400AF064B1B781A46064B1B68134488
:1046E000044A136000BFBD465DF8047B704700BFFD
:1046F000B0010020D847002080B400AF034B1B68F6
:104700001846BD465DF8047B704700BFD8470020BF
:1047100080B584B000AF7860FFF7EEFFB8607B68CB
:10472000FB60FB68B3F1FF3F05D00A4B1B781A46CC
:10473000FB681344FB6000BFFFF7DEFF0246BB6867
:10474000D31AFA689A42F7D800BF00BF1037BD46A7
:1047500080BD00BFB001002080B485B000AF78609C
:104760007B6803F00703FB600C4BDB68BB60BA6837
:104770004FF6FF031340BB60FB681A02BB6813438C
:1047800043F0BF6343F40033BB60044ABB68D360AB
:1047900000BF1437BD465DF8047B704700ED00E0B4
:1047A00080B400AF044BDB681B0A03F00703184614
:1047B000BD465DF8047B704700ED00E080B483B037
:1047C00000AF0346FB7197F90730002B0BDBFB7939
:1047D00003F01F02074997F907305B09012000FA2F
:1047E00002F241F8232000BF0C37BD465DF8047B80
:1047F000704700BF00E100E080B483B000AF034623
:104800003960FB7197F90730002B0ADB3B68DAB29D
:104810000C4997F907301201D2B20B4483F80023F8
:104820000AE03B68DAB20849FB7903F00F03043B66
:104830001201D2B20B441A7600BF0C37BD465DF8A8
:10484000047B704700E100E000ED00E080B489B037
:1048500000AFF860B9607A60FB6803F00703FB61A2
:10486000FB69C3F10703042B28BF0423BB61FB6969
:104870000433062B02D9FB69033B00E000237B6174
:104880004FF0FF32BB6902FA03F3DA43BB681A4008
:104890007B699A404FF0FF317B6901FA03F3D943FA
:1048A0007B680B40134318462437BD465DF8047BF4
:1048B0007047000080B582B000AF78607B68013B34
:1048C000B3F1807F01D301230FE00A4A7B68013BEB
:1048D00053600F214FF0FF30FFF78EFF054B002292
:1048E0009A60044B07221A60002318460837BD4619
:1048F00080BD00BF10E000E080B582B000AF7860FE
:104900007868FFF729FF00BF0837BD4680BD80B536
:1049100086B000AF0346B9607A60FB7300237B6109
:10492000FFF73EFF78617A68B9687869FFF78EFF14
:10493000024697F90F3011461846FFF75DFF00BF9A
:104940001837BD4680BD80B582B000AF0346FB710D
:1049500097F907301846FFF731FF00BF0837BD460B
:1049600080BD80B582B000AF78607868FFF7A2FFA5
:10497000034618460837BD4680BD80B483B000AFFB
:1049800078607B6893F83530DBB2022B04D07B680B
:1049900080225A6501230CE07B68052283F83520CC
:1049A0007B681B681A687B681B6822F001021A602A
:1049B000002318460C37BD465DF8047B704780B471
:1049C00083B000AF78607B6893F83530DBB218466F
:1049D0000C37BD465DF8047B7047000080B489B099
:1049E00000AF7860396000237B6100233B610023C6
:1049F000BB610023FB6165E10122FB6902FA03F35D
:104A00007B613B681B687A6913403B613A697B694B
:104A10009A4240F054813B685B6803F00303012B2A
:104A200005D03B685B6803F00303022B30D17B6841
:104A30009B68BB61FB695B00032202FA03F3DB4363
:104A4000BA691340BB613B68DA68FB695B0002FA34
:104A500003F3BA691343BB617B68BA699A607B68E8
:104A60005B68BB610122FB6902FA03F3DB43BA69AD
:104A70001340BB613B685B681B0903F00102FB69E3
:104A800002FA03F3BA691343BB617B68BA695A60DF
:104A90003B685B6803F00303032B17D07B68DB687C
:104AA000BB61FB695B00032202FA03F3DB43BA69D3
:104AB0001340BB613B689A68FB695B0002FA03F331
:104AC000BA691343BB617B68BA69DA603B685B68AB
:104AD00003F00303022B23D1FB69DA087B68083259
:104AE00053F82230BB61FB6903F007039B000F22E0
:104AF00002FA03F3DB43BA691340BB613B681A69EE
:104B0000FB6903F007039B0002FA03F3BA6913433E
:104B1000BB61FB69DA087B680832B96943F8221087
:104B20007B681B68BB61FB695B00032202FA03F32D
:104B3000DB43BA691340BB613B685B6803F0030267
:104B4000FB695B0002FA03F3BA691343BB617B683C
:104B5000BA691A603B685B6803F44033002B00F0CD
:104B6000AE800023FB605D4B5B6C5C4A43F480438A
:104B700053645A4B5B6C03F48043FB60FB68584AF8
:104B8000FB699B08023352F82330BB61FB6903F0D9
:104B900003039B000F2202FA03F3DB43BA691340BD
:104BA000BB617B684F4A934225D07B684E4A934253
:104BB0001FD07B684D4A934219D07B684C4A934280
:104BC00013D07B684B4A93420DD07B684A4A93428C
:104BD00007D07B68494A934201D106230CE00723A2
:104BE0000AE0052308E0042306E0032304E002238F
:104BF00002E0012300E00023FA6902F003029200C0
:104C00009340BA691343BB613549FB699B08023382
:104C1000BA6941F823203A4B9B68BB613B69DB438F
:104C2000BA691340BB613B685B6803F48013002BD7
:104C300003D0BA693B691343BB61314ABB699360D6
:104C40002F4BDB68BB613B69DB43BA691340BB6137
:104C50003B685B6803F40013002B03D0BA693B691F
:104C60001343BB61264ABB69D360254B5B68BB61BC
:104C70003B69DB43BA691340BB613B685B6803F483
:104C80000033002B03D0BA693B691343BB611C4A54
:104C9000BB6953601A4B1B68BB613B69DB43BA6954
:104CA0001340BB613B685B6803F48033002B03D087
:104CB000BA693B691343BB61114ABB691360FB6965
:104CC0000133FB61FB690F2B7FF696AE00BF00BF7F
:104CD0002437BD465DF8047B704700BF00380240B2
:104CE0000038014000000240000402400008024079
:104CF000000C024000100240001402400018024064
:104D0000003C014080B483B000AF78600B467B80EC
:104D100013467B707B78002B03D07A887B689A617E
:104D200003E07B881A047B689A6100BF0C37BD469C
:104D30005DF8047B704780B485B000AF78600B46A7
:104D40007B807B685B69FB607A88FB6813401A0490
:104D5000FB68D9437B880B401A437B689A6100BF8C
:104D60001437BD465DF8047B7047000080B584B001
:104D700000AF78607B68002B01D101232BE17B68B9
:104D800093F83D30DBB2002B06D17B68002283F81C
:104D90003C207868FEF7FEFE7B68242283F83D20E5
:104DA0007B681B681A687B681B6822F001021A6026
:104DB0007B681B681A687B681B6842F400421A60B3
:104DC0007B681B681A687B681B6822F400421A60C3
:104DD00003F0B2F9F8607B685B68814A934207D8B8
:104DE000FB68804A934294BF01230023DBB206E0B4
:104DF000FB687D4A934294BF01230023DBB2002B62
:104E000001D00123E7E0FB68784AA2FB03239B0C57
:104E1000BB607B681B685B6823F03F017B681B6895
:104E2000BA680A435A607B681B681B6A23F03F011B
:104E30007B685B686A4A934202D8BB68013309E029
:104E4000BB684FF4967202FB03F3694AA2FB03238B
:104E50009B0901337A6812680B4313627B681B68F5
:104E6000DB6923F44F4222F0FF027B685B685C49F8
:104E70008B4219D8FB68591E7B685B685B00B1FBED
:104E8000F3F3591C40F6FC730B40002B0AD0FB686F
:104E9000591E7B685B685B00B1FBF3F30133C3F31E
:104EA0000B0351E004234FE07B689B68002B11D17A
:104EB000FB68581E7B6859680B465B000B44B0FBCF
:104EC000F3F30133C3F30B03002B0CBF01230023C7
:104ED000DBB212E0FB68581E7B6859680B469B00EA
:104EE0000B4499000B44B0FBF3F30133C3F30B0302
:104EF000002B0CBF01230023DBB2002B01D00123C8
:104F000022E07B689B68002B0ED1FB68581E7B68F3
:104F100059680B465B000B44B0FBF3F30133C3F35A
:104F20000B0343F400430FE0FB68581E7B6859688D
:104F30000B469B000B4499000B44B0FBF3F3013389
:104F4000C3F30B0343F44043796809681343CB610F
:104F50007B681B681B6823F0C0017B68DA697B688B
:104F60001B6A1A437B681B680A431A607B681B68CC
:104F70009B6823F4034323F0FF037A6811697A687E
:104F8000D26811437A6812680B4393607B681B6890
:104F9000DB6823F0FF017B685A697B689B691A43D1
:104FA0007B681B680A43DA607B681B681A687B6849
:104FB0001B6842F001021A607B6800221A647B6859
:104FC000202283F83D207B6800221A637B68002240
:104FD00083F83E20002318461037BD4680BD00BF31
:104FE000A08601007F841E00FF083D0083DE1B4376
:104FF000D34D621080B588B002AFF8607A601A466F
:105000000B467B8113463B81FFF776FB7861FB689B
:1050100093F83D30DBB2202B40F0E0807B690093B9
:10502000192301227049F86802F096FB0346002B11
:1050300001D00223D3E0FB6893F83C30012B01D16F
:105040000223CCE0FB68012283F83C20FB681B684C
:105050001B6803F00103012B07D0FB681B681A686B
:10506000FB681B6842F001021A60FB681B681A6843
:10507000FB681B6822F400621A60FB68212283F837
:105080003D20FB68102283F83E20FB6800221A6452
:10509000FB687A685A62FB683A895A85FB685B8DBF
:1050A0009AB2FB681A85FB68504ADA6279897B6993
:1050B0003A6AF86802F0A8F80346002B01D00123F1
:1050C0008DE000233B61FB681B685B693B61FB680B
:1050D0001B689B693B613B6966E07A69396AF868DD
:1050E00002F010FC0346002B0DD0FB681B6C042B58
:1050F00007D1FB681B681A68FB681B6842F40072E2
:105100001A6001236BE0FB685B6A1A78FB681B6816
:105110001A61FB685B6A5A1CFB685A62FB685B8D0C
:105120009BB2013B9AB2FB685A85FB681B8D013B21
:105130009AB2FB681A85FB681B685B6903F004037D
:10514000042B1BD1FB681B8D002B17D0FB685B6AFF
:105150001A78FB681B681A61FB685B6A5A1CFB685B
:105160005A62FB685B8D9BB2013B9AB2FB685A8521
:10517000FB681B8D013B9AB2FB681A857A69396A14
:10518000F86802F000FC0346002B0DD0FB681B6C96
:10519000042B07D1FB681B681A68FB681B6842F484
:1051A00000721A6001231AE0FB681B8D002B94D15A
:1051B000FB681B681A68FB681B6842F400721A607F
:1051C000FB68202283F83D20FB68002283F83E2004
:1051D000FB68002283F83C20002300E002231846ED
:1051E0001837BD4680BD00BF020010000000FFFF61
:1051F00080B588B002AFF860084611461A460346EB
:105200007B810B463B811346FB80FFF775FA786183
:10521000FB6893F83D30DBB2202B40F0D9807B69EE
:105220000093192301226D49F86802F095FA0346AC
:10523000002B01D00223CCE0FB6893F83C30012B1B
:1052400001D10223C5E0FB68012283F83C20FB6802
:105250001B681B6803F00103012B07D0FB681B6868
:105260001A68FB681B6842F001021A60FB681B6841
:105270001A68FB681B6822F400621A60FB6821222E
:1052800083F83D20FB68402283F83E20FB68002223
:105290001A64FB683A6A5A62FB68BA8C5A85FB68E2
:1052A0005B8D9AB2FB681A85FB684D4ADA62F88812
:1052B0003A8979897B690193BB6A00930346F86850
:1052C00002F024F80346002B52D0012381E07A69D2
:1052D000B96AF86802F016FB0346002B0DD0FB6894
:1052E0001B6C042B07D1FB681B681A68FB681B68E2
:1052F00042F400721A6001236BE0FB685B6A1A7863
:10530000FB681B681A61FB685B6A5A1CFB685A627F
:10531000FB681B8D013B9AB2FB681A85FB685B8DAD
:105320009BB2013B9AB2FB685A85FB681B685B69BC
:1053300003F00403042B1BD1FB681B8D002B17D03B
:10534000FB685B6A1A78FB681B681A61FB685B6A1A
:105350005A1CFB685A62FB681B8D013B9AB2FB68C2
:105360001A85FB685B8D9BB2013B9AB2FB685A853C
:10537000FB681B8D002BAAD17A69B96AF86802F024
:1053800002FB0346002B0DD0FB681B6C042B07D1DE
:10539000FB681B681A68FB681B6842F400721A609D
:1053A000012316E0FB681B681A68FB681B6842F45F
:1053B00000721A60FB68202283F83D20FB680022FF
:1053C00083F83E20FB68002283F83C20002300E0A5
:1053D000022318461837BD4680BD00BF02001000EA
:1053E0000000FFFF80B58CB002AFF86008461146A0
:1053F0001A4603467B810B463B811346FB80FFF731
:105400007BF97862FB6893F83D30DBB2202B40F0EB
:1054100008827B6A0093192301227B49F86802F015
:105420009BF90346002B01D00223FBE1FB6893F8B4
:105430003C30012B01D10223F4E1FB68012283F807
:105440003C20FB681B681B6803F00103012B07D09D
:10545000FB681B681A68FB681B6842F001021A604F
:10546000FB681B681A68FB681B6822F400621A60FC
:10547000FB68222283F83D20FB68402283F83E200F
:10548000FB6800221A64FB683A6B5A62FB68BA8EAA
:105490005A85FB685B8D9AB2FB681A85FB685B4A8C
:1054A000DA62F8883A8979897B6A0193BB6B009349
:1054B0000346F86801F0C0FF0346002B01D001232A
:1054C000B0E1FB681B8D002B13D100233B62FB680E
:1054D0001B685B693B62FB681B689B693B623B6ABC
:1054E000FB681B681A68FB681B6842F400721A604C
:1054F00084E1FB681B8D012B1BD1FB681B681A68BC
:10550000FB681B6822F480621A600023FB61FB6861
:105510001B685B69FB61FB681B689B69FB61FB693E
:10552000FB681B681A68FB681B6842F400721A600B
:1055300064E1FB681B8D022B1BD1FB681B681A689A
:10554000FB681B6822F480621A60FB681B681A689B
:10555000FB681B6842F400621A600023BB61FB68B1
:105560001B685B69BB61FB681B689B69BB61BB69AE
:1055700044E100237B61FB681B685B697B61FB681E
:105580001B689B697B617B6938E1FB681B8D032B82
:1055900000F2F180FB681B8D012B23D17A6AB96B75
:1055A000F86802F063FA0346002B01D0012339E1C9
:1055B000FB681B681A69FB685B6AD2B21A70FB68E9
:1055C0005B6A5A1CFB685A62FB681B8D013B9AB2EE
:1055D000FB681A85FB685B8D9BB2013B9AB2FB6846
:1055E0005A850BE1FB681B8D022B4ED17B6A009321
:1055F000BB6B00220649F86802F0AEF80346002BA8
:1056000008D001230EE100BF020010000000FFFFE0
:1056100004000100FB681B681A68FB681B6842F401
:1056200000721A60FB681B681A69FB685B6AD2B279
:105630001A70FB685B6A5A1CFB685A62FB681B8D18
:10564000013B9AB2FB681A85FB685B8D9BB2013BFC
:105650009AB2FB685A85FB681B681A69FB685B6A2B
:10566000D2B21A70FB685B6A5A1CFB685A62FB680C
:105670001B8D013B9AB2FB681A85FB685B8D9BB260
:10568000013B9AB2FB685A85B8E07B6A0093BB6B1A
:1056900000226649F86802F05FF80346002B01D04B
:1056A0000123BFE0FB681B681A68FB681B6822F4D3
:1056B00080621A60FB681B681A69FB685B6AD2B279
:1056C0001A70FB685B6A5A1CFB685A62FB681B8D88
:1056D000013B9AB2FB681A85FB685B8D9BB2013B6C
:1056E0009AB2FB685A857B6A0093BB6B00224F49D4
:1056F000F86802F031F80346002B01D0012391E055
:10570000FB681B681A68FB681B6842F400721A6029
:10571000FB681B681A69FB685B6AD2B21A70FB6887
:105720005B6A5A1CFB685A62FB681B8D013B9AB28C
:10573000FB681A85FB685B8D9BB2013B9AB2FB68E4
:105740005A85FB681B681A69FB685B6AD2B21A70DB
:10575000FB685B6A5A1CFB685A62FB681B8D013B45
:105760009AB2FB681A85FB685B8D9BB2013B9AB2CB
:10577000FB685A8542E07A6AB96BF86802F076F9FC
:105780000346002B01D001234CE0FB681B681A691B
:10579000FB685B6AD2B21A70FB685B6A5A1CFB68D2
:1057A0005A62FB681B8D013B9AB2FB681A85FB6845
:1057B0005B8D9BB2013B9AB2FB685A85FB681B6804
:1057C0005B6903F00403042B18D1FB681B681A699A
:1057D000FB685B6AD2B21A70FB685B6A5A1CFB6892
:1057E0005A62FB681B8D013B9AB2FB681A85FB6805
:1057F0005B8D9BB2013B9AB2FB685A85FB681B8D9F
:10580000002B7FF4C2AEFB68202283F83D20FB68AA
:10581000002283F83E20FB68002283F83C2000230E
:1058200000E0022318462837BD4680BD0400010071
:1058300080B58AB002AFF8607A603B600B467B812E
:10584000FEF75AFFF8610023BB61FB6893F83D3017
:10585000DBB2202B40F01181FB6900931923012258
:105860008849F86801F078FF0346002B01D0022335
:1058700004E1FB6893F83C30012B01D10223FDE0E9
:10588000FB68012283F83C20FB681B681B6803F05F
:105890000103012B07D0FB681B681A68FB681B68B3
:1058A00042F001021A60FB681B681A68FB681B68FB
:1058B00022F400621A60FB68242283F83D20FB6812
:1058C00000221A64FB68704ADA62FB681B681A6877
:1058D000FB681B6842F480721A60FB6900933B68A6
:1058E00000224FF00111F86801F036FF0346002B4B
:1058F0000DD0FB681B681B6803F48073B3F5807FD1
:1059000003D1FB684FF400721A640323B6E07B896D
:10591000DBB21A46FB681B6802F0FE021A61FEF752
:10592000EBFEF861FB681B685B6903F00203022B66
:105930000CBF01230023DBB2FB75FB681B685B69AE
:1059400003F48063B3F5806F0CBF01230023DBB247
:10595000BB7525E0FEF7D0FE0246FB69D31A3A6814
:105960009A4202D33B68002B03D1FB68A02283F844
:105970003D20FB681B685B6903F00203022B0CBF30
:1059800001230023DBB2FB75FB681B685B6903F432
:105990008063B3F5806F0CBF01230023DBB2BB75BE
:1059A000FB6893F83D30DBB2A02B05D0FB7D002BCC
:1059B00002D1BB7D002BCDD0FB68202283F83D2097
:1059C000FB681B685B6903F00203022B29D1FB68AB
:1059D0001B681A68FB681B6842F400721A60002397
:1059E0003B61FB681B685B693B61FB681B689B69EB
:1059F0003B613B69FB690093192301222149F86847
:105A000001F0AAFE0346002B01D0012336E0FB681B
:105A1000202283F83D20FB68002283F83C200023ED
:105A20002CE0FB681B681A68FB681B6842F4007274
:105A30001A60FB681B686FF480625A61FB6900930F
:105A4000192301220F49F86801F086FE0346002B56
:105A500001D0012312E0BB690133BB61BA697B68E5
:105A60009A42FFF432AFFB68202283F83D20FB68A6
:105A7000002283F83C20012300E00223184620374F
:105A8000BD4680BD020010000000FFFF80B588B059
:105A900000AF78600023BB617B681B685B687B613B
:105AA0007B68DB6A3B617B6893F83E30FB737B6805
:105AB00093F83D30BB73FB7B102B03D0FB7B402B5B
:105AC00040F0B1807B681B689B69BB617B681B6889
:105AD0005B69FB61FB6903F00103002B0DD13B699E
:105AE000B3F52A0F03D03B69B3F12A4F01D101234B
:105AF00000E00023012B00F01481FB6903F0010397
:105B0000002B0BD07B6903F40073002B06D0786860
:105B100002F031F8786800F05EFD83E0FB6903F085
:105B20000803002B08D07B6903F40073002B03D01B
:105B3000786800F0D6FD75E0FB6903F00203002BE6
:105B400008D07B6903F40073002B03D0786800F061
:105B5000F2FD67E0BB6903F00403002B36D07B68DD
:105B60001B685B6803F40063B3F5006F00F0DB8033
:105B7000FB6903F08003002B0DD07B6903F4806385
:105B8000002B08D0FB6903F00403002B03D17868D5
:105B900000F0D6F946E0FB6903F00403002B00F0A7
:105BA000C2807B6903F40073002B00F0BC80BB7BD8
:105BB000212B03D1786800F05FFAB4E0FB7B402B27
:105BC00040F0B180786800F0CDFAACE07B681B68EB
:105BD0005B6803F40063B3F5006F00F0A480FB6919
:105BE00003F04003002B0DD07B6903F48063002B8E
:105BF00008D0FB6903F00403002B03D1786800F0A0
:105C000045FB0FE0FB6903F00403002B00F08B80E1
:105C10007B6903F40073002B00F08580786800F046
:105C2000F0FB80E07FE07B681B6C002B04D07B687E
:105C30001B685B69FB6107E07B681B689B69BB6154
:105C40007B681B685B69FB61FB6903F00203002B47
:105C500011D07B6903F40073002B0CD07B681B6CA4
:105C6000002B03D07B681B689B69BB61B9697868AE
:105C700000F0B0FF5AE0FB6903F01003002B08D0DE
:105C80007B6903F40073002B03D0786800F0EAFF0F
:105C90004CE0BB7B212B02D0BB7B292B20D1FB69A5
:105CA00003F08003002B0DD07B6903F48063002B8D
:105CB00008D0FB6903F00403002B03D1786800F0DF
:105CC000CBFE32E0FB6903F00403002B2DD07B698F
:105CD00003F40073002B28D0786800F0FAFE24E06B
:105CE000FB6903F04003002B0DD07B6903F4806354
:105CF000002B08D0FB6903F00403002B03D1786864
:105D000000F008FF12E0FB6903F00403002B0DD044
:105D10007B6903F40073002B08D0786800F038FF2B
:105D200004E000BF02E000BF00E000BF2037BD4636
:105D300080BD80B58AB000AF78607B681B685B6906
:105D40003B627B681B685B68FB6100237B627B684E
:105D500093F83E30FB763B6A03F48073002B0DD042
:105D6000FB6903F48073002B08D07B6A43F00103C6
:105D70007B627B681B686FF480725A613B6A03F434
:105D80000073002B0DD0FB6903F48073002B08D047
:105D90007B6A43F002037B627B681B686FF40072CE
:105DA0005A613B6A03F48063002B3ED0FB6903F425
:105DB0008073002B39D0FB7EBB767B685B8D9BB2FA
:105DC0007B617B6893F83D30FB747B681B6BFB60E9
:105DD000BB7E202B12D17B69002B0FD1FB7C212BAA
:105DE00008D0FB7C292B05D0FB7C282B06D1FB6837
:105DF000212B03D1786801F065F816E07B681B68F9
:105E00006FF480625A617B6A43F004037B62FB7E1D
:105E1000102B02D0FB7E402B07D17B681B681A68D1
:105E20007B681B6842F400721A603B6A03F40063EB
:105E3000002B0DD0FB6903F48073002B08D07B6A24
:105E400043F008037B627B681B686FF400625A6151
:105E50007B6A002B08D07B681A6C7B6A1A437B68CC
:105E60001A64786801F09EF800BF2837BD4680BDEF
:105E700080B483B000AF786000BF0C37BD465DF8DA
:105E8000047B704780B483B000AF786000BF0C37EC
:105E9000BD465DF8047B704780B483B000AF786086
:105EA00000BF0C37BD465DF8047B704780B483B0FB
:105EB00000AF786000BF0C37BD465DF8047B7047CB
:105EC00080B483B000AF78600B46FB7013463B8014
:105ED00000BF0C37BD465DF8047B704780B483B0CB
:105EE00000AF786000BF0C37BD465DF8047B70479B
:105EF00080B483B000AF786000BF0C37BD465DF85A
:105F0000047B704780B483B000AF786000BF0C376B
:105F1000BD465DF8047B704780B483B000AF786005
:105F200000BF0C37BD465DF8047B704780B483B07A
:105F300000AF786000BF0C37BD465DF8047B70474A
:105F400080B584B000AF78607B6893F83D30FB7318
:105F50007B6893F83E30BB737B68DB6ABB607B6811
:105F60001B8D002B50D1FB7B212B4DD1BB68082B07
:105F70001DD0BB68202B1AD0BB6813F5803F16D00C
:105F80007B681B685A687B681B6822F4E0625A6071
:105F90007B6811221A637B68002283F83E207B68AD
:105FA000202283F83D207868FFF762FF60E07B687D
:105FB0001B685A687B681B6822F4E0625A607B6841
:105FC0001B681A687B681B6842F400721A607B6861
:105FD00000221A637B68202283F83D207B6893F8B7
:105FE0003E30DBB2402B07D17B68002283F83E2095
:105FF0007868FFF77DFF3BE07B68002283F83E2056
:106000007868FFF735FF33E0FB7B212B05D0BB7BA6
:10601000402B2DD1FB7B222B2AD17B685B8D9BB241
:10602000002B08D17B681B685A687B681B6822F4C8
:1060300080625A601CE07B6893F83E30DBB2402BF4
:1060400003D1786800F08EF812E07B685B6A1A78FA
:106050007B681B681A617B685B6A5A1C7B685A62A2
:106060007B685B8D9BB2013B9AB27B685A85FFE7E8
:1060700000BF1037BD4680BD80B584B000AF7860EA
:106080007B68DB6AFB607B6893F83D30DBB2212BD9
:1060900064D17B685B8D9BB2002B12D07B685B6AFE
:1060A0001A787B681B681A617B685B6A5A1C7B687C
:1060B0005A627B685B8D9BB2013B9AB27B685A85C2
:1060C0004CE0FB68082B1DD0FB68202B1AD0FB6826
:1060D00013F5803F16D07B681B685A687B681B6885
:1060E00022F4E0625A607B6811221A637B68002206
:1060F00083F83E207B68202283F83D207868FFF7F4
:10610000B7FE2BE07B681B685A687B681B6822F42B
:10611000E0625A607B681B681A687B681B6842F4FF
:1061200000721A607B6800221A637B68202283F861
:106130003D207B6893F83E30DBB2402B07D17B6873
:10614000002283F83E207868FFF7D2FE06E07B68E5
:10615000002283F83E207868FFF78AFE00BF1037E0
:10616000BD4680BD80B584B000AF78607B6893F891
:106170003D30FB737B681B6D002B1DD17B68DB6C96
:10618000012B0BD17B689B6CDAB27B681B681A61B0
:106190007B681B6D9A1C7B681A6573E07B689B6C3F
:1061A0009BB21B12DAB27B681B681A617B681B6D9D
:1061B0005A1C7B681A6565E07B681B6D012B0BD14F
:1061C0007B689B6CDAB27B681B681A617B681B6D0D
:1061D0005A1C7B681A6555E07B681B6D022B51D1F8
:1061E000FB7B222B0DD17B681B681A687B681B68C0
:1061F00042F480721A607B681B6D5A1C7B681A65BA
:1062000040E07B685B8D9BB2002B15D0FB7B212B84
:1062100012D17B685B6A1A787B681B681A617B689D
:106220005B6A5A1C7B685A627B685B8D9BB2013B40
:106230009AB27B685A8525E07B685B8D9BB2002B08
:1062400020D1FB7B212B1DD17B681B685A687B68A2
:106250001B6822F4E0625A607B681B681A687B68DE
:106260001B6842F400721A607B6800221A637B6824
:10627000202283F83D207B68002283F83E20786846
:10628000FFF736FE00BF1037BD4680BD80B584B035
:1062900000AF78607B6893F83D30DBB2222B40F092
:1062A000AC807B685B8D9BB2FB60FB68032B21D9C4
:1062B0007B681B681A697B685B6AD2B21A707B685C
:1062C0005B6A5A1C7B685A627B685B8D9BB2013BA0
:1062D0009AB27B685A857B685B8D9BB2032B40F03A
:1062E0008C807B681B685A687B681B6822F480621C
:1062F0005A6082E07B68DB6A022B75D0FB68012B59
:1063000002D0FB68002B6FD1786801F07DFB03465B
:10631000002B42D17B681B681A687B681B6822F4DB
:1063200080621A607B681B685A687B681B6822F46D
:10633000E0625A607B681B681A697B685B6AD2B24C
:106340001A707B685B6A5A1C7B685A627B685B8D3B
:106350009BB2013B9AB27B685A857B68202283F806
:106360003D207B6893F83E30DBB2402B0AD17B683E
:10637000002283F83E207B6800221A637868FFF7CA
:10638000C1FD3AE07B68002283F83E207B68122240
:106390001A637868FFF776FD2FE07B681B685A6800
:1063A0007B681B6822F4E0625A607B681B681A698C
:1063B0007B685B6AD2B21A707B685B6A5A1C7B6826
:1063C0005A627B685B8D9BB2013B9AB27B685A85AF
:1063D0007B68202283F83D207B68002283F83E20E2
:1063E0007868FFF799FD08E07B681B685A687B684E
:1063F0001B6822F480625A60FFE700BF1037BD4679
:1064000080BD80B584B000AF78607B68DB6AFB60DC
:106410007B685B8D9BB2042B1BD17B681B685A6821
:106420007B681B6822F480625A607B681B681A696B
:106430007B685B6AD2B21A707B685B6A5A1C7B68A5
:106440005A627B685B8D9BB2013B9AB27B685A852E
:10645000BDE07B685B8D9BB2032B29D17B681B68F9
:106460005A687B681B6822F480625A60FB68042BC0
:106470000AD0FB68022B07D07B681B681A687B6810
:106480001B6822F480621A607B681B681A697B684B
:106490005B6AD2B21A707B685B6A5A1C7B685A626C
:1064A0007B685B8D9BB2013B9AB27B685A858EE01C
:1064B0007B685B8D9BB2022B76D1FB68012B02D0EF
:1064C000FB68102B08D17B681B681A687B681B6807
:1064D00022F480621A6019E0FB68042B02D0FB688A
:1064E000022B08D17B681B681A687B681B6842F422
:1064F00080621A600AE0FB68102B07D07B681B687B
:106500001A687B681B6842F400721A607B681B681B
:106510001A697B685B6AD2B21A707B685B6A5A1C24
:106520007B685A627B685B8D9BB2013B9AB27B6849
:106530005A857B681B681A697B685B6AD2B21A70DD
:106540007B685B6A5A1C7B685A627B685B8D9BB276
:10655000013B9AB27B685A857B681B685A687B68E6
:106560001B6822F440725A607B68202283F83D2029
:106570007B6893F83E30DBB2402B0AD17B68002267
:1065800083F83E207B6800221A637868FFF7BAFC24
:106590001DE07B68002283F83E207B6812221A638C
:1065A0007868FFF76FFC12E07B681B681A697B68EC
:1065B0005B6AD2B21A707B685B6A5A1C7B685A624B
:1065C0007B685B8D9BB2013B9AB27B685A8500BFAA
:1065D0001037BD4680BD80B483B000AF78607B6863
:1065E00093F83E30DBB2402B17D17B681B6D002B3C
:1065F00009D17B685B6CDBB21A467B681B6802F0D2
:10660000FE021A6167E07B685B6CDBB243F001035A
:10661000DAB27B681B681A615DE07B681B69B3F5C1
:10662000804F33D17B6893F83D30DBB2212B09D109
:106630007B685B6CDBB21A467B681B6802F0FE026B
:106640001A6108E07B685B6CDBB243F00103DAB2ED
:106650007B681B681A617B685B6B002B04D07B68CE
:106660005B6BDB6B002B08D17B689B6B002B32D004
:106670007B689B6BDB6B002B2DD07B681B685A689B
:106680007B681B6842F400625A6024E07B681B6DE3
:10669000002B0ED17B685B6C9BB2DB11DBB203F08D
:1066A0000603DBB263F00F03DAB27B681B681A6182
:1066B00011E07B681B6D012B0DD17B685B6C9BB27D
:1066C000DB11DBB203F00603DBB263F00E03DAB2D8
:1066D0007B681B681A6100BF0C37BD465DF8047B00
:1066E000704780B483B000AF78607B685B6CDAB2CF
:1066F0007B681B681A617B685B6B002B04D07B682E
:106700005B6BDB6B002B08D17B689B6B002B0CD089
:106710007B689B6BDB6B002B07D07B681B685A6820
:106720007B681B6842F400625A6000BF0C37BD46AC
:106730005DF8047B704780B491B000AF78607B68EF
:1067400093F83E3087F83F307B68DB6ABB637B6839
:106750001B6B7B637B6893F83D30DBB2222B40F0F0
:1067600069817B681B6D002B0FD197F83F30402B60
:106770000BD100233B637B681B685B693B637B68D1
:106780001B689B693B633B6B60E17B681B6D002B67
:106790001DD17B681B69B3F5404F18D10023FB6204
:1067A0007B681B685B69FB627B681B689B69FB629B
:1067B000FB6A7B681B681A687B681B6842F48072FE
:1067C0001A607B681B6D5A1C7B681A653EE17B680A
:1067D0005B8D9BB2002B13D10023BB627B681B68CF
:1067E0005B69BB627B681B689B69BB62BB6A7B6839
:1067F0001B681A687B681B6842F400721A6015E116
:106800007B685B8D9BB2012B40F08A80BB6B13F5DC
:10681000803F37D17B681B681A687B681B6822F44D
:1068200080621A607B681B685B6803F40063B3F5E1
:10683000006F13D17B681B681A687B681B6822F4A1
:1068400080621A6000237B627B681B685B697B62E5
:106850007B681B689B697B627B6AE7E000233B6285
:106860007B681B685B693B627B681B689B693B625A
:106870003B6A7B681B681A687B681B6842F400727D
:106880001A60D3E0BB6B082B2ED0BB6B202B2BD018
:106890007B6B122B02D1BB6B012B25D1BB6B042B65
:1068A0000ED0BB6B022B0BD0BB6B102B08D07B68C0
:1068B0001B681A687B681B6822F480621A6007E014
:1068C0007B681B681A687B681B6842F480621A60E8
:1068D0000023FB617B681B685B69FB617B681B684D
:1068E0009B69FB61FB69A1E07B681B681A687B6898
:1068F0001B6822F480621A600023BB617B681B68FE
:106900005B69BB617B681B689B69BB61BB697B681A
:106910001B681A687B681B6842F400721A6085E085
:106920007B685B8D9BB2022B4DD1BB6B042B16D0C9
:10693000BB6B022B13D0BB6B102B10D07B681B687A
:106940001A687B681B6822F480621A607B681B6887
:106950001A687B681B6842F400621A6007E07B6873
:106960001B681A687B681B6842F480621A607B6847
:106970001B685B6803F40063B3F5006F17D1BB6B52
:1069800013F5803F0BD0BB6B012B08D0BB6B082BE2
:1069900005D0BB6B102B02D0BB6B202B07D17B68C3
:1069A0001B685A687B681B6842F480525A60002357
:1069B0007B617B681B685B697B617B681B689B698B
:1069C0007B617B6932E07B681B681A687B681B68A7
:1069D00042F480621A607B681B685B6803F40063A2
:1069E000B3F5006F17D1BB6B13F5803F0BD0BB6BBA
:1069F000012B08D0BB6B082B05D0BB6B102B02D032
:106A0000BB6B202B07D17B681B685A687B681B68AF
:106A100042F480525A6000233B617B681B685B69CB
:106A20003B617B681B689B693B613B697B6800221B
:106A30001A650BE00023FB607B681B685B69FB60E9
:106A40007B681B689B69FB60FB68FFE700BF4437FE
:106A5000BD465DF8047B704780B584B000AF7860B8
:106A60007B6893F83D30FB737B685B8D9BB2002B9A
:106A70002BD07B685B6A1A787B681B681A617B681D
:106A80005B6A5A1C7B685A627B685B8D9BB2013BD8
:106A90009AB27B685A857B685B8D9BB2002B14D1C0
:106AA000FB7B292B11D17B681B685A687B681B68AC
:106AB00022F480625A607B6821221A637B68282254
:106AC00083F83D207868FFF7E7F900BF1037BD462F
:106AD00080BD80B483B000AF78607B685B8D9BB273
:106AE000002B11D07B685B6A1A787B681B681A617F
:106AF0007B685B6A5A1C7B685A627B685B8D9BB2C1
:106B0000013B9AB27B685A8500BF0C37BD465DF8E1
:106B1000047B704780B584B000AF78607B6893F8E1
:106B20003D30FB737B685B8D9BB2002B2CD07B6868
:106B30001B681A697B685B6AD2B21A707B685B6AF1
:106B40005A1C7B685A627B685B8D9BB2013B9AB290
:106B50007B685A857B685B8D9BB2002B14D1FB7BD5
:106B60002A2B11D17B681B685A687B681B6822F44A
:106B700080625A607B6822221A637B68282283F82D
:106B80003D207868FFF792F900BF1037BD4680BD01
:106B900080B483B000AF78607B685B8D9BB2002BC4
:106BA00012D07B681B681A697B685B6AD2B21A7064
:106BB0007B685B6A5A1C7B685A627B685B8D9BB200
:106BC000013B9AB27B685A8500BF0C37BD465DF821
:106BD000047B704780B584B000AF786039600023D3
:106BE000FB737B6893F83D30DBB203F02803282B5E
:106BF00025D17B681B685A687B681B6822F4806219
:106C00005A603B6803F00403002B01D10123FB739E
:106C10003B6803F08003002B03D17B68DB68BB81FA
:106C200002E07B689B69BB817B68002283F83C2083
:106C3000BA89FB7B19467868FFF742F90EE000231A
:106C4000BB607B681B685B69BB607B681B689B697A
:106C5000BB60BB687B68002283F83C2000BF103714
:106C6000BD4680BD80B584B000AF78607B6893F886
:106C70003D30FB737B681B685A687B681B6822F495
:106C8000E0625A600023BB607B681B685B69BB6085
:106C90007B681B681A687B681B6842F001021A60F7
:106CA000BB687B681B681A687B681B6822F480627B
:106CB0001A607B681B685B6803F40063B3F5006FC0
:106CC00072D1FB7B222B02D0FB7B2A2B35D17B6838
:106CD0009B6B1B685B689AB27B685A857B685B8D8F
:106CE0009BB2002B05D07B681B6C43F004027B68D1
:106CF0001A647B681B685A687B681B6822F4006210
:106D00005A607B689B6B1846FDF759FE0346012BC2
:106D100049D07B689B6B694A1A657B689B6B1846F8
:106D2000FDF72BFE0346002B3DD07B689B6B1B6D54
:106D30007A68926B1046984735E07B685B6B1B68FE
:106D40005B689AB27B685A857B685B8D9BB2002B2F
:106D500005D07B681B6C43F004027B681A647B6877
:106D60001B685A687B681B6822F400625A607B6863
:106D70005B6B1846FDF723FE0346012B14D07B689E
:106D80005B6B4E4A1A657B685B6B1846FDF7F5FD39
:106D90000346002B08D07B685B6B1B6D7A68526BD7
:106DA0001046984700E000BF7B685B8D9BB2002BCC
:106DB0003ED07B681B685B6903F00403042B12D18F
:106DC0007B681B681A697B685B6AD2B21A707B6841
:106DD0005B6A5A1C7B685A627B685B8D9BB2013B85
:106DE0009AB27B685A857B681B685B6903F0400335
:106DF000402B12D17B681B681A697B685B6AD2B230
:106E00001A707B685B6A5A1C7B685A627B685B8D70
:106E10009BB2013B9AB27B685A857B685B8D9BB2C3
:106E2000002B05D07B681B6C43F004027B681A645E
:106E30007B681B6C002B03D0786800F0B3F839E056
:106E4000FB7B2A2B09D17B6800221A637B682822EE
:106E500083F83D207868FFF729F87B6893F83D3088
:106E6000DBB2282B11D17B68154ADA627B680022DD
:106E70001A637B68202283F83D207B68002283F818
:106E80003E207868FFF72AF814E07B681B6B222B02
:106E900002D0FB7B222B0DD17B6800221A637B681A
:106EA000202283F83D207B68002283F83E2078680A
:106EB000FEF7FCFF00BF1037BD4680BD0976000815
:106EC0000000FFFF80B584B000AF78607B6893F866
:106ED0003D30FB737B68DB6ABB60BB68082B02D06C
:106EE000BB68202B29D1FB7B282B26D17B682C4A21
:106EF000DA627B681B685A687B681B6822F4E06270
:106F00005A607B681B686FF480625A617B681B68FB
:106F10001A687B681B6822F480621A607B68002212
:106F20001A637B68202283F83D207B68002283F867
:106F30003E207868FEF7D2FF2EE0FB7B212B26D186
:106F40007B68174ADA627B6821221A637B682022F9
:106F500083F83D207B68002283F83E207B681B6815
:106F60005A687B681B6822F4E0625A607B681B6881
:106F70006FF480625A617B681B681A687B681B68C3
:106F800022F480621A607868FEF786FF04E07B686E
:106F90001B686FF480625A6100BF1037BD4680BD28
:106FA0000000FFFF80B584B000AF78607B6893F885
:106FB0003D30FB737B6893F83E30BB73BB7B102B7B
:106FC00002D0BB7B402B0AD1FB7B222B07D17B68F5
:106FD0001B681A687B681B6822F400621A60FB7BDE
:106FE00003F02803282B07D17B6800221A637B68F3
:106FF000282283F83D2015E07B681B685B6803F45A
:107000000063B3F5006F0AD0FB7B602B07D07B6871
:10701000202283F83D207B68002283F83E207B6895
:1070200000221A637B681B685B6803F40063B3F596
:10703000006F62D17B681B685A687B681B6822F40A
:1070400000625A607B685B6B93F83530DBB2012BD2
:1070500020D07B685B6B6A4A1A657B685B6B18465D
:10706000FDF78BFC0346002B00F089807B681B68D2
:107070001A687B681B6822F001021A607B68202274
:1070800083F83D207B685B6B1B6D7A68526B104602
:10709000984774E07B689B6B594A1A657B689B6BC9
:1070A0001846FDF76AFC0346002B68D07B681B6816
:1070B0005B6903F04003402B0BD17B681B681A69A6
:1070C0007B685B6AD2B21A707B685B6A5A1C7B6809
:1070D0005A627B681B681A687B681B6822F0010291
:1070E0001A607B68202283F83D207B689B6B1B6DB8
:1070F0007A68926B1046984741E07B6893F83D3080
:10710000DBB2602B25D17B68202283F83D207B6891
:1071100000221A647B681B685B6903F04003402B04
:107120000BD17B681B681A697B685B6AD2B21A70E4
:107130007B685B6A5A1C7B685A627B681B681A68AA
:107140007B681B6822F001021A607868FEF7EEFE89
:1071500015E07B681B685B6903F04003402B0BD193
:107160007B681B681A697B685B6AD2B21A707B689D
:107170005B6A5A1C7B685A627868FEF7CDFE7B68B2
:107180001B6CBB60BB6803F00103002B0ED1BB6816
:1071900003F00203002B09D1BB6803F00403002BAA
:1071A00004D1BB6803F00803002B07D07B681B6881
:1071B0005A687B681B6822F4E0625A607B6893F827
:1071C0003D30FB737B681B6C03F00403042B13D16D
:1071D000FB7B282B10D17B680A4ADA627B6800228D
:1071E0001A637B68202283F83D207B68002283F8A5
:1071F0003E207868FEF772FE00BF1037BD4680BDA6
:10720000097600080000FFFF80B588B002AFF86083
:107210007A603B600B467B81FB68DB6A7B617B6944
:10722000082B06D07B69012B03D07B6913F5803FC7
:1072300008D1FB681B681A68FB681B6842F48072FF
:107240001A600BE0FB681B6B122B07D1FB681B68F5
:107250001A68FB681B6842F480721A603B680093EE
:107260007B6800224FF00111F86800F075FA0346C0
:10727000002B0DD0FB681B681B6803F48073B3F50B
:10728000807F03D1FB684FF400721A64032335E05A
:10729000FB681B69B3F5804F08D17B89DBB21A46C6
:1072A000FB681B6802F0FE021A611BE07B89DB11A0
:1072B000DBB203F00603DBB263F00F03DAB2FB6864
:1072C0001B681A613B687A680E49F86800F09BFAFF
:1072D0000346002B01D0012310E07B89DAB2FB6862
:1072E0001B681A613B687A680749F86800F08BFAF6
:1072F0000346002B01D0012300E000231846183775
:10730000BD4680BD080001000200010080B588B0C4
:1073100002AFF860084611461A4603467B810B46C9
:107320003B811346FB80FB681B681A68FB681B687F
:1073300042F480721A607B6A00933B6A00224FF02D
:107340000111F86800F008FA0346002B0DD0FB6825
:107350001B681B6803F48073B3F5807F03D1FB685F
:107360004FF400721A6403235FE07B89DBB21A4694
:10737000FB681B6802F0FE021A617B6A3A6A2D49BB
:10738000F86800F040FA0346002B01D001234CE0DE
:1073900000237B61FB681B685B697B61FB681B6882
:1073A0009B697B617B697A6A396AF86800F0AAFA9E
:1073B0000346002B0DD0FB681B6C042B07D1FB6828
:1073C0001B681A68FB681B6842F400721A6001238C
:1073D0002BE0FB88012B05D13B89DAB2FB681B68E7
:1073E0001A6121E03B891B0A9BB2DAB2FB681B6879
:1073F0001A617A6A396AF86800F084FA0346002B49
:107400000DD0FB681B6C042B07D1FB681B681A6846
:10741000FB681B6842F400721A60012305E03B8997
:10742000DAB2FB681B681A61002318461837BD469C
:1074300080BD00BF0200010080B588B002AFF860D7
:10744000084611461A4603467B810B463B8113468C
:10745000FB80FB681B681A68FB681B6842F480624B
:107460001A60FB681B681A68FB681B6842F480722C
:107470001A607B6A00933B6A00224FF00111F868A2
:1074800000F06AF90346002B0DD0FB681B681B68EF
:1074900003F48073B3F5807F03D1FB684FF400726F
:1074A0001A640323AAE07B89DBB21A46FB681B68D7
:1074B00002F0FE021A617B6A3A6A5249F86800F0EB
:1074C000A2F90346002B01D0012397E000237B6142
:1074D000FB681B685B697B61FB681B689B697B6160
:1074E0007B697A6A396AF86800F00CFA0346002B67
:1074F0000DD0FB681B6C042B07D1FB681B681A6856
:10750000FB681B6842F400721A60012376E0FB8876
:10751000012B05D13B89DAB2FB681B681A6121E0B7
:107520003B891B0A9BB2DAB2FB681B681A617A6A54
:10753000396AF86800F0E6F90346002B0DD0FB68C5
:107540001B6C042B07D1FB681B681A68FB681B685F
:1075500042F400721A60012350E03B89DAB2FB6802
:107560001B681A617A6A396AF86800F0CBF9034639
:10757000002B0DD0FB681B6C042B07D1FB681B682C
:107580001A68FB681B6842F400721A60012335E038
:10759000FB681B681A68FB681B6842F480721A60FB
:1075A0007B6A00933B6A00224FF00111F86800F0FB
:1075B000D3F80346002B0DD0FB681B681B6803F44F
:1075C0008073B3F5807F03D1FB684FF400721A64B7
:1075D000032313E07B89DBB243F00103DAB2FB68DB
:1075E0001B681A617B6A3A6A0649F86800F00BF971
:1075F0000346002B01D0012300E000231846183772
:10760000BD4680BD0200010080B586B000AF786045
:107610000023FB607B689B6B7B617B6993F83D304B
:10762000FB744B4B1B68DB084A4AA2FB03231A0A74
:1076300013469B001344DA00D31AFB60FB68002B4F
:1076400006D17B691B6C43F020027B691A640AE057
:10765000FB68013BFB607B691B681B6803F40073DC
:10766000B3F5007FEAD07B695B6B002B03D07B69AD
:107670005B6B0022DA637B699B6B002B03D07B6919
:107680009B6B0022DA637B691B681A687B691B6845
:1076900022F480621A607B6900225A857B695B6BE9
:1076A000002B03D07B695B6B00221A657B699B6BA7
:1076B000002B03D07B699B6B00221A657B691B68DA
:1076C0001A687B691B6822F001021A607B6993F8D3
:1076D0003D30DBB2602B0ED17B69202283F83D2048
:1076E0007B69002283F83E207B6900221A64786956
:1076F000FEF71CFC27E0FB7C03F02803282B17D1A6
:107700007B691B681A687B691B6842F001021A607A
:107710007B691B681A687B691B6842F480621A6087
:107720007B6900221A637B69282283F83D2007E0E9
:107730007B69202283F83D207B69002283F83E206C
:107740007869FEF7E9FB00BF1837BD4680BD00BF72
:107750009001002089B5F81480B584B000AFF860BE
:10776000B9603B601346FB7125E03B68B3F1FF3F16
:1077700021D0FCF7C1FF0246BB69D31A3A689A428E
:1077800002D33B68002B16D1FB6800221A63FB680A
:10779000202283F83D20FB68002283F83E20FB680E
:1077A0001B6C43F02002FB681A64FB68002283F81C
:1077B0003C20012323E0BB681B0CDBB2012B0DD165
:1077C000FB681B685B69DA43BB6813409BB2002B04
:1077D0000CBF01230023DBB21A460CE0FB681B68D8
:1077E0009B69DA43BB6813409BB2002B0CBF01239B
:1077F0000023DBB21A46FB799A42B6D00023184622
:107800001037BD4680BD80B584B000AFF860B96068
:107810007A603B6051E0FB681B685B6903F480633E
:10782000B3F5806F23D1FB681B681A68FB681B687F
:1078300042F400721A60FB681B686FF480625A6140
:10784000FB6800221A63FB68202283F83D20FB6856
:10785000002283F83E20FB681B6C43F00402FB68A7
:107860001A64FB68002283F83C20012346E07B6811
:10787000B3F1FF3F21D0FCF73FFF02463B68D31A2C
:107880007A689A4202D37B68002B16D1FB680022EB
:107890001A63FB68202283F83D20FB68002283F8EE
:1078A0003E20FB681B6C43F02002FB681A64FB68F7
:1078B000002283F83C20012320E0BB681B0CDBB2D4
:1078C000012B0CD1FB681B685B69DA43BB68134072
:1078D0009BB2002B14BF01230023DBB20BE0FB683B
:1078E0001B689B69DA43BB6813409BB2002B14BF33
:1078F00001230023DBB2002B8DD100231846103763
:10790000BD4680BD80B584B000AFF860B9607A60D4
:107910002DE0F86800F000F90346002B01D00123A8
:107920002DE0BB68B3F1FF3F21D0FCF7E5FE024636
:107930007B68D31ABA689A4202D3BB68002B16D16F
:10794000FB6800221A63FB68202283F83D20FB6855
:10795000002283F83E20FB681B6C43F02002FB688A
:107960001A64FB68002283F83C20012307E0FB68CF
:107970001B685B6903F08003802BCAD10023184683
:107980001037BD4680BD80B584B000AFF860B960E7
:107990007A602DE0F86800F0BFF80346002B01D0B4
:1079A00001232DE0BB68B3F1FF3F21D0FCF7A4FE1B
:1079B00002467B68D31ABA689A4202D3BB68002B8E
:1079C00016D1FB6800221A63FB68202283F83D2051
:1079D000FB68002283F83E20FB681B6C43F020020A
:1079E000FB681A64FB68002283F83C20012307E04F
:1079F000FB681B685B6903F00403042BCAD10023F6
:107A000018461037BD4680BD80B485B000AF7860A1
:107A10000023FB60134B1B68DB08134AA2FB032304
:107A20001A0A13469B001344FB60FB68013BFB6092
:107A3000FB68002B07D17B681B6C43F020027B683E
:107A40001A64012308E07B681B681B6803F4007359
:107A5000B3F5007FE9D0002318461437BD465DF822
:107A6000047B70479001002089B5F81480B584B07C
:107A700000AFF860B9607A6042E0FB681B685B6940
:107A800003F01003102B19D1FB681B686FF0100274
:107A90005A61FB6800221A63FB68202283F83D20AC
:107AA000FB68002283F83E20FB681A6CFB681A64AE
:107AB000FB68002283F83C20012329E0FCF71CFE30
:107AC00002467B68D31ABA689A4202D3BB68002B7D
:107AD00016D1FB6800221A63FB68202283F83D2040
:107AE000FB68002283F83E20FB681B6C43F02002F9
:107AF000FB681A64FB68002283F83C20012307E03E
:107B0000FB681B685B6903F04003402BB5D1002381
:107B100018461037BD4680BD80B483B000AF786092
:107B20007B681B685B6903F48063B3F5806F1BD1CE
:107B30007B681B686FF480625A617B6800221A635D
:107B40007B68202283F83D207B68002283F83E205A
:107B50007B681B6C43F004027B681A647B6800221C
:107B600083F83C20012300E0002318460C37BD4673
:107B70005DF8047B704780B483B000AF78607B68A9
:107B8000DB6AB3F52A0F03D17B680122DA6207E0D2
:107B90007B68DB6AB3F12A4F02D17B680822DA6284
:107BA00000BF0C37BD465DF8047B704780B483B0DE
:107BB00000AF786039607B6893F83D30DBB2202BF2
:107BC00029D17B68242283F83D207B681B681A68D2
:107BD0007B681B6822F001021A607B681B685A6A86
:107BE0007B681B6822F010025A627B681B68596A26
:107BF0007B681B683A680A435A627B681B681A688C
:107C00007B681B6842F001021A607B68202283F8BF
:107C10003D20002300E0022318460C37BD465DF8E6
:107C2000047B7047F0B58FB00AAF78607B68002B9B
:107C300001D1012316E17B681B68BB607B6893F868
:107C4000BD34DBB2002B06D17B68002283F8BC2454
:107C50007868FCF7E3FB7B68032283F8BD24BB68EC
:107C6000DB6B03F48073002B02D17B6800221A6166
:107C70007B681B68184601F0B6FF7B681B683B6099
:107C80007E686D4606F110040FCC0FC50FCC0FC5F2
:107C900094E8030085E80300331D0ECB386801F03B
:107CA00041FF0346002B05D07B68022283F8BD24E8
:107CB0000123D7E07B681B680021184601F0A4FF70
:107CC0000023FB734AE0FA7B79681346DB00134418
:107CD0009B000B443D3301221A70FA7B79681346EE
:107CE000DB0013449B000B443C33FA7B1A70FA7B95
:107CF000FB7B98B279681346DB0013449B000B446E
:107D0000443302461A80FA7B79681346DB00134439
:107D10009B000B44403300221A70FA7B79681346AB
:107D2000DB0013449B000B44483300221A60FA7BAB
:107D300079681346DB0013449B000B444C3300224C
:107D40001A60FA7B79681346DB0013449B000B44EE
:107D5000543300221A60FB7B0133FB73FA7B7B6890
:107D60005B689A42AFD30023FB7344E0FA7B7968E7
:107D70001346DB0013449B000B4403F27D230022D7
:107D80001A70FA7B79681346DB0013449B000B449E
:107D900003F51F73FA7B1A70FA7B79681346DB00D0
:107DA00013449B000B4403F5207300221A70FA7BE6
:107DB00079681346DB0013449B000B4403F52273E0
:107DC00000221A60FA7B79681346DB0013449B009B
:107DD0000B4403F5237300221A60FA7B796813467B
:107DE000DB0013449B000B4403F5257300221A604B
:107DF000FB7B0133FB73FA7B7B685B689A42B5D3EC
:107E00007B681B683B607E686D4606F110040FCCF2
:107E10000FC50FCC0FC594E8030085E80300331DA0
:107E20000ECB386801F03CFF0346002B05D07B6881
:107E3000022283F8BD24012314E07B68002283F82A
:107E400038207B68012283F8BD247B685B6A012BA4
:107E500002D1786800F00AF87B681B68184602F0C7
:107E6000FAF8002318461437BD46F0BD80B485B03B
:107E700000AF78607B681B68FB607B680122C3F8F9
:107E800000257B68002283F8F424FB689B6943F09B
:107E90000062FB689A61FB685B6D43F0805343F0BE
:107EA0000303FA685365002318461437BD465DF88E
:107EB000047B704780B582B000AF00237B60002355
:107EC0003B60204B1B6C1F4A43F0805313641D4BD7
:107ED0001B6C03F080533B603B681B4B01221A6014
:107EE000FCF70AFC786009E0FCF706FC02467B68B8
:107EF000D31AB3F57A7F01D903231FE0134B5B68D4
:107F000003F48033B3F5803FEED1114B01221A60A8
:107F1000FCF7F2FB786009E0FCF7EEFB02467B68B9
:107F2000D31AB3F57A7F01D9032307E0074B5B68C7
:107F300003F40033B3F5003FEED1002318460837B1
:107F4000BD4680BD0038024040000E420070004037
:107F500044000E4280B584B000AF786039607B6821
:107F6000002B01D10123CCE0684B1B6803F00F0309
:107F70003A689A420CD9654B3A68D2B21A70634B90
:107F80001B6803F00F033A689A4201D00123B8E05E
:107F90007B681B6803F00203002B20D07B681B6802
:107FA00003F00403002B05D0594B9B68584A43F457
:107FB000E05393607B681B6803F00803002B05D037
:107FC000534B9B68524A43F460439360504B9B6809
:107FD00023F0F0027B689B684D4913438B607B68FC
:107FE0001B6803F00103002B44D07B685B68012B06
:107FF00007D1474B1B6803F40033002B19D1012331
:108000007FE07B685B68022B03D07B685B68032B97
:1080100007D13F4B1B6803F00073002B09D10123EC
:108020006FE03B4B1B6803F00203002B01D10123DF
:1080300067E0374B9B6823F003027B685B68344939
:1080400013438B60FCF758FBF8600AE0FCF754FB25
:108050000246FB68D31A41F28832934201D90323C6
:108060004FE02B4B9B6803F00C027B685B689B0026
:108070009A42EBD1254B1B6803F00F033A689A42F2
:108080000CD2224B3A68D2B21A70204B1B6803F014
:108090000F033A689A4201D0012332E07B681B68E3
:1080A00003F00403002B08D0194B9B6823F4E05223
:1080B0007B68DB68164913438B607B681B6803F0A1
:1080C0000803002B09D0124B9B6823F460427B68A5
:1080D0001B69DB000E4913438B6000F06BFB02460B
:1080E0000B4B9B681B0903F00F030A49CB5C22FA78
:1080F00003F3094A1360094B1B681846FCF7B8FAEA
:10810000002318461037BD4680BD00BF003C02402A
:10811000003802400C5E030890010020AC010020F2
:1081200080B400AF034B1B681846BD465DF8047B66
:10813000704700BF9001002080B500AFFFF7F0FF4F
:108140000246054B9B689B0A03F007030349CB5C7F
:1081500022FA03F3184680BD003802401C5E030873
:1081600080B58CB000AF786000237B6200233B6257
:108170000023FB610023BB6100237B6100233B6183
:108180000023FB600023FB620023BB627B681B684B
:1081900003F00103002B10D06F4BD3F88C3023F089
:1081A000C0627B689B6B6C491343C1F88C307B6861
:1081B0009B6B002B01D10123FB627B681B6803F0E2
:1081C0000203002B10D0644BD3F88C3023F0C05244
:1081D0007B68DB6B60491343C1F88C307B68DB6BD9
:1081E000002B01D10123FB627B681B6803F00403B1
:1081F000002B17D0584BD3F88C3023F440127B68F7
:108200001B6B55491343C1F88C307B681B6BB3F56E
:10821000801F01D10123FB627B681B6B002B01D106
:108220000123BB627B681B6803F00803002B17D097
:10823000494BD3F88C3023F440027B685B6B464992
:108240001343C1F88C307B685B6BB3F5800F01D1B1
:108250000123FB627B685B6B002B01D10123BB62B6
:108260007B681B6803F02003002B00F08A8000234A
:10827000BB60394B1B6C384A43F080531364364B58
:108280001B6C03F08053BB60BB68344B1B68334AE4
:1082900043F480731360FCF72FFA786208E0FCF770
:1082A0002BFA02467B6AD31A022B01D9032378E208
:1082B0002A4B1B6803F48073002BF0D0264B1B6FF6
:1082C00003F440733B623B6A002B2FD07B681B6C2E
:1082D00003F440733A6A9A4228D01F4B1B6F23F471
:1082E00040733B621E4B01221A601D4B00221A6034
:1082F000194A3B6A1367184B1B6F03F00103012BEC
:1083000014D1FCF7F9F978620AE0FCF7F5F90246B6
:108310007B6AD31A41F28832934201D9032340E2A7
:108320000D4B1B6F03F00203002BEED07B681B6C20
:1083300003F44073B3F5407F14D1074B9B6823F4DB
:10834000F8127B681B6C23F0704323F440730249DE
:1083500013438B600CE000BF003802400070004007
:10836000400E47424A4B9B68494A23F4F8139360F6
:10837000474B1A6F7B681B6CC3F30B0344491343D1
:108380000B677B681B6803F01003002B04D07B682D
:1083900093F858203F4B1A607B681B6803F08003FA
:1083A000002B0AD03A4BD3F8943023F440027B6878
:1083B000DB6C37491343C1F894307B681B6803F0CA
:1083C0004003002B0AD0324BD3F8943023F0806264
:1083D0007B689B6C2E491343C1F894307B681B6803
:1083E00003F48073002B11D0294BD3F8943023F081
:1083F00000627B685B6D26491343C1F894307B684B
:108400005B6DB3F1006F01D10123BB627B681B6818
:1084100003F40073002B0AD01D4BD3F8943023F0E3
:1084200080527B685B6C1A491343C1F894307B68B7
:108430001B6803F48063002B11D0154BD3F89430E4
:1084400023F000527B681B6D11491343C1F894302F
:108450007B681B6DB3F1005F01D10123FB62FB6AF6
:10846000012B05D07B681B68B3F5006F40F0FF80DF
:10847000094B00221A60FCF73FF978620EE0FCF726
:108480003BF902467B6AD31A022B07D9032388E102
:1084900000380240E0114742680047427E4B1B68AB
:1084A00003F00063002BEAD17B681B6803F0010333
:1084B000002B03D07B689B6B002B09D07B681B686B
:1084C00003F00203002B28D07B68DB6B002B24D148
:1084D000714BD3F884301B0C03F0030301335B00B2
:1084E000FB616D4BD3F884301B0E03F00F03BB61AF
:1084F0007B685A687B689B689B011A43FB695B0831
:10850000013B1B041A43BB691B061A437B685B696A
:108510001B0761491343C1F884307B681B6803F073
:108520000403002B04D07B681B6BB3F5801F0AD0BB
:108530007B681B6803F00803002B35D07B685B6BFE
:10854000B3F5800F30D1544BD3F884301B0C03F0BB
:10855000030301335B00FB614F4BD3F884301B0FE7
:1085600003F007037B617B685A687B689B689B010B
:108570001A43FB695B08013B1B041A437B681B69B8
:108580001B061A437B691B0743491343C1F8843018
:10859000414BD3F88C3023F01F027B689B6A013B70
:1085A0003D491343C1F88C307B681B6803F480633A
:1085B000002B29D07B681B6DB3F1005F24D1364BB3
:1085C000D3F884301B0C03F0030301335B00BB6161
:1085D000314BD3F884301B0F03F007037B617B68BA
:1085E0005A687B689B689B011A437B68DB685B0861
:1085F000013B1B041A43BB691B061A437B691B071B
:1086000025491343C1F884307B681B6803F4006379
:10861000002B16D07B685A687B689B689B011A43C5
:108620007B68DB685B08013B1B041A437B681B69A2
:108630001B061A437B685B691B0717491343C1F884
:108640008430164B01221A60FCF756F8786208E075
:10865000FCF752F802467B6AD31A022B01D9032396
:108660009FE00D4B1B6803F00063002BF0D0BB6A4A
:10867000012B40F095800A4B00221A60FCF73CF871
:1086800078620FE0FCF738F802467B6AD31A022BB7
:1086900008D9032385E000BF003802406800474244
:1086A00070004742414B1B6803F00053B3F1005F79
:1086B000E8D07B681B6803F00403002B03D07B68C1
:1086C0001B6B002B09D07B681B6803F00803002B91
:1086D0002BD07B685B6B002B27D1344BD3F88830D1
:1086E0001B0C03F0030301335B003B617B689A6959
:1086F0007B68DB699B011A433B695B08013B1B04F8
:108700001A437B685B6A1B0628491343C1F888300B
:10871000264BD3F88C3023F4F8527B68DB6A013B9C
:108720001B0222491343C1F88C307B681B6803F499
:108730008073002B1DD07B685B6DB3F1006F18D187
:108740001A4BD3F888301B0E03F00F03FB607B68D5
:108750009A697B68DB699B011A437B681B6A5B082B
:10876000013B1B041A43FB681B0610491343C1F865
:1087700088300F4B01221A60FBF7BEFF786208E0D9
:10878000FBF7BAFF02467B6AD31A022B01D90323F7
:1087900007E0064B1B6803F00053B3F1005FEFD115
:1087A000002318463037BD4680BD00BF0038024068
:1087B000700047422DE9B04FAEB000AF0023C7F8BC
:1087C000AC300023C7F8B4300023C7F8A83000232A
:1087D000C7F8A4300023C7F8B030CB4B9B6803F038
:1087E0000C030C2B00F2068201A252F823F000BF0A
:1087F00025880008F58B0008F58B0008F58B00082C
:108800002D880008F58B0008F58B0008F58B000813
:1088100035880008F58B0008F58B0008F58B0008FB
:10882000258A0008B94BC7F8B030E7E1B84BC7F864
:10883000B030E3E1B44B5B6803F03F03C7F8AC3002
:10884000B14B5B6803F48003002B71D0AE4B5B68C7
:108850009B090022C7F89830C7F89C20D7F89830B9
:10886000C3F30803C7F890300023C7F89430D7E962
:10887000244522462B464FF000004FF000015901DD
:1088800041EAD261500102460B462146511A396431
:10889000294663EB01037B644FF000024FF00003B5
:1088A000D7E9108949468B01414643EA9163414625
:1088B0008A014146511AB963494663EB0103FB63E0
:1088C0004FF000024FF00003D7E90E894946CB0074
:1088D000414643EA51734146CA00104619460346D1
:1088E00022469B183B632B460A4642EB03037B63FD
:1088F0004FF000024FF00003D7E90C4529464B0228
:10890000214643EAD15321464A0210461946D7F878
:10891000AC300022C7F88830C7F88C20D7E9222372
:10892000F8F762F902460B461346C7F8B43067E021
:10893000754B5B689B090022C7F88030C7F884201C
:10894000D7F88030C3F30803BB670023FB67D7E980
:108950001E4522462B464FF000004FF00001590102
:1089600041EAD261500102460B462146511AB962D2
:10897000294663EB0103FB624FF000024FF0000356
:10898000D7E90A8949468B01414643EA916341464A
:108990008A014146B2EB010A494663EB010B4FF0F5
:1089A00000024FF000034FEACB0343EA5A734FEA49
:1089B000CA0292469B4623461AEB03033B622B46B0
:1089C0004BEB03037B624FF000024FF00003D7E94B
:1089D000084529468B02214643EA915321468A02E3
:1089E00010461946D7F8AC3000223B677A67D7E9C2
:1089F0001C23F8F7F9F802460B461346C7F8B430C3
:108A0000414B5B681B0C03F0030301335B00C7F8A9
:108A1000A830D7F8B420D7F8A830B2FBF3F3C7F8E2
:108A2000B030EBE0384B5B6803F03F03C7F8AC3085
:108A3000354B5B6803F48003002B6BD0324B5B68D3
:108A40009B090022BB66FA66BB6EC3F308033B6654
:108A500000237B66D7E9184522462B464FF00000DD
:108A60004FF00001590141EAD261500102460B4624
:108A70002146511AB961294663EB0103FB614FF0AE
:108A800000024FF00003D7E906AB59468B0151466F
:108A900043EA916351468A015146B2EB01085946B7
:108AA00063EB01094FF000024FF000034FEAC903E6
:108AB00043EA58734FEAC80290469946234618EB9A
:108AC00003033B612B4649EB03037B614FF000023C
:108AD0004FF00003D7E9044529464B02214643EAFB
:108AE000D15321464A0210461946D7F8AC3000222D
:108AF000BB65FA65D7E91623F8F776F802460B4608
:108B00001346C7F8B43065E0003802400024F40092
:108B100000127A003D4B5B689B0900221846114603
:108B2000C0F308033B6500237B65D7E914894246FF
:108B30004B464FF000004FF00001590141EAD2616D
:108B4000500102460B464146511AB960494663EB53
:108B50000103FB604FF000024FF00003D7E902ABC6
:108B600059468B01514643EA916351468A01514669
:108B7000541A594663EB01054FF000024FF0000311
:108B8000EB0043EA5473E20014461D464346E318E3
:108B90003B604B4645EB03037B604FF000024FF018
:108BA0000003D7E9004529468B02214643EA915349
:108BB00021468A0210461946D7F8AC300022BB6421
:108BC000FA64D7E91223F8F70FF802460B4613466A
:108BD000C7F8B4300D4B5B681B0F03F00703C7F8F1
:108BE000A430D7F8B420D7F8A430B2FBF3F3C7F819
:108BF000B03003E0064BC7F8B03000BFD7F8B03054
:108C00001846B837BD46BDE8B08F00BF00380240F7
:108C10000024F40080B586B000AF78607B68002B3C
:108C200001D101238DE27B681B6803F00103002B57
:108C300000F08380944B9B6803F00C03042B19D045
:108C4000914B9B6803F00C03082B06D18E4B5B689D
:108C500003F48003B3F5800F0CD08B4B9B6803F0BB
:108C60000C030C2B12D1884B5B6803F48003B3F523
:108C7000800F0BD1844B1B6803F40033002B5BD0B7
:108C80007B685B68002B57D101235AE27B685B68E5
:108C9000B3F5803F06D17C4B1B687B4A43F480339D
:108CA00013601DE07B685B68B3F5A02F0CD1764B99
:108CB0001B68754A43F480231360734B1B68724A28
:108CC00043F4803313600BE06F4B1B686E4A23F450
:108CD000803313606C4B1B686B4A23F48023136052
:108CE0007B685B68002B13D0FBF706FD386108E05A
:108CF000FBF702FD02463B69D31A642B01D903231B
:108D00001FE2614B1B6803F40033002BF0D014E02A
:108D1000FBF7F2FC386108E0FBF7EEFC02463B692A
:108D2000D31A642B01D903230BE2574B1B6803F4BE
:108D30000033002BF0D100E000BF7B681B6803F01C
:108D40000203002B6FD0504B9B6803F00C03002BE9
:108D500017D04D4B9B6803F00C03082B05D14A4BF1
:108D60005B6803F48003002B0BD0474B9B6803F038
:108D70000C030C2B1CD1444B5B6803F48003002BC9
:108D800016D1414B1B6803F00203002B05D07B6812
:108D9000DB68012B01D00123D3E13B4B1B6823F09F
:108DA000F8027B681B69DB00374913430B603AE02C
:108DB0007B68DB68002B20D0344B01221A60FBF764
:108DC0009BFC386108E0FBF797FC02463B69D31A2D
:108DD000022B01D90323B4E12B4B1B6803F00203E0
:108DE000002BF0D0284B1B6823F0F8027B681B692E
:108DF000DB00254913430B6015E0244B00221A6069
:108E0000FBF77AFC386108E0FBF776FC02463B6929
:108E1000D31A022B01D9032393E11B4B1B6803F0E8
:108E20000203002BF0D17B681B6803F00803002BC2
:108E300036D07B685B69002B16D0154B01221A6077
:108E4000FBF75AFC386108E0FBF756FC02463B6929
:108E5000D31A022B01D9032373E10B4B5B6F03F091
:108E60000203002BF0D01BE0094B00221A60FBF735
:108E700043FC38610EE0FBF73FFC02463B69D31A26
:108E8000022B07D903235CE100380240000047426F
:108E9000800E47428A4B5B6F03F00203002BEAD13E
:108EA0007B681B6803F00403002B00F0978000230D
:108EB000FB75834B1B6C03F08053002B0FD10023F9
:108EC000BB607F4B1B6C7E4A43F0805313647C4B2A
:108ED0001B6C03F08053BB60BB680123FB75794BAF
:108EE0001B6803F48073002B18D1764B1B68754AFE
:108EF00043F480731360FBF7FFFB386108E0FBF776
:108F0000FBFB02463B69D31A022B01D9032318E16C
:108F10006C4B1B6803F48073002BF0D07B689B685C
:108F2000012B06D1664B1B6F654A43F001031367A3
:108F30001CE07B689B68052B0CD1614B1B6F604A62
:108F400043F0040313675E4B1B6F5D4A43F001035C
:108F500013670BE05A4B1B6F594A23F00103136749
:108F6000574B1B6F564A23F0040313677B689B68BB
:108F7000002B15D0FBF7C0FB38610AE0FBF7BCFB08
:108F800002463B69D31A41F28832934201D9032346
:108F9000D7E04B4B1B6F03F00203002BEED014E025
:108FA000FBF7AAFB38610AE0FBF7A6FB02463B6928
:108FB000D31A41F28832934201D90323C1E0404BD6
:108FC0001B6F03F00203002BEED1FB7D012B05D1BB
:108FD0003B4B1B6C3A4A23F0805313647B689B69BC
:108FE000002B00F0AD80364B9B6803F00C03082B80
:108FF00060D07B689B69022B45D1334B00221A60FD
:10900000FBF77AFB386108E0FBF776FB02463B6929
:10901000D31A022B01D9032393E0294B1B6803F0D9
:109020000073002BF0D17B68DA697B681B6A1A43F6
:109030007B685B6A9B011A437B689B6A5B08013B08
:109040001B041A437B68DB6A1B061A437B681B6B95
:109050001B071B4913434B601B4B01221A60FBF794
:109060004BFB386108E0FBF747FB02463B69D31A2C
:10907000022B01D9032364E0114B1B6803F000733A
:10908000002BF0D05CE0104B00221A60FBF734FBA1
:10909000386108E0FBF730FB02463B69D31A022B2C
:1090A00001D903234DE0064B1B6803F00073002B2E
:1090B000F0D145E07B689B69012B07D1012340E09B
:1090C0000038024000700040600047421F4B5B6860
:1090D000FB607B689B69012B30D0FB6803F4800246
:1090E0007B68DB699A4229D1FB6803F03F027B6809
:1090F0001B6A9A4222D1FA6847F6C07313407A6815
:10910000526A9201934219D1FB6803F440327B68A2
:109110009B6A5B08013B1B049A420FD1FB6803F07A
:1091200070627B68DB6A1B069A4207D1FB6803F01A
:10913000E0427B681B6B1B079A4201D0012300E0D1
:10914000002318461837BD4680BD00BF00380240D6
:1091500080B582B000AF78607B68002B01D101231D
:1091600041E07B6893F83D30DBB2002B06D17B6891
:10917000002283F83C207868FBF7E0F87B68022245
:1091800083F83D207B681A687B68043319461046D3
:1091900000F0FEFA7B68012283F846207B680122FA
:1091A00083F83E207B68012283F83F207B68012200
:1091B00083F840207B68012283F841207B680122EC
:1091C00083F842207B68012283F843207B680122D8
:1091D00083F844207B68012283F845207B680122C4
:1091E00083F83D20002318460837BD4680BD0000A7
:1091F00080B485B000AF78607B6893F83D30DBB217
:10920000012B01D0012346E07B68022283F83D2038
:109210007B681B68234A934222D07B681B68B3F1AA
:10922000804F1DD07B681B681F4A934218D07B6813
:109230001B681E4A934213D07B681B681C4A9342EA
:109240000ED07B681B681B4A934209D07B681B6861
:10925000194A934204D07B681B68184A934211D183
:109260007B681B689B6803F00703FB60FB68062BA9
:1092700010D07B681B681A687B681B6842F001028B
:109280001A6007E07B681B681A687B681B6842F0FD
:1092900001021A60002318461437BD465DF8047BAE
:1092A000704700BF0000014000040040000800407B
:1092B000000C004000040140004001400018004044
:1092C00080B485B000AF78607B6893F83D30DBB246
:1092D000012B01D001234EE07B68022283F83D2060
:1092E0007B681B68DA687B681B6842F00102DA6001
:1092F0007B681B68234A934222D07B681B68B3F1CA
:10930000804F1DD07B681B681F4A934218D07B6832
:109310001B681E4A934213D07B681B681C4A934209
:109320000ED07B681B681B4A934209D07B681B6880
:10933000194A934204D07B681B68184A934211D1A2
:109340007B681B689B6803F00703FB60FB68062BC8
:1093500010D07B681B681A687B681B6842F00102AA
:109360001A6007E07B681B681A687B681B6842F01C
:1093700001021A60002318461437BD465DF8047BCD
:10938000704700BF0000014000040040000800409A
:10939000000C004000040140004001400018004063
:1093A00080B582B000AF78607B681B681B6903F0F2
:1093B0000203022B22D17B681B68DB6803F00203E7
:1093C000022B1BD17B681B686FF002021A617B685D
:1093D00001221A777B681B689B6903F00303002B4B
:1093E00003D0786800F0B5F905E0786800F0A7F9D7
:1093F000786800F0B8F97B6800221A777B681B68F0
:109400001B6903F00403042B22D17B681B68DB6813
:1094100003F00403042B1BD17B681B686FF004026C
:109420001A617B6802221A777B681B689B6903F4C8
:109430004073002B03D0786800F08BF905E0786862
:1094400000F07DF9786800F08EF97B6800221A77C9
:109450007B681B681B6903F00803082B22D17B681B
:109460001B68DB6803F00803082B1BD17B681B68B3
:109470006FF008021A617B6804221A777B681B6808
:10948000DB6903F00303002B03D0786800F061F977
:1094900005E0786800F053F9786800F064F97B68BB
:1094A00000221A777B681B681B6903F01003102BDE
:1094B00022D17B681B68DB6803F01003102B1BD1E3
:1094C0007B681B686FF010021A617B6808221A77AC
:1094D0007B681B68DB6903F44073002B03D078685A
:1094E00000F037F905E0786800F029F9786800F0B5
:1094F0003AF97B6800221A777B681B681B6903F0C6
:109500000103012B0ED17B681B68DB6803F00103AC
:10951000012B07D17B681B686FF001021A61786824
:10952000FAF700FD7B681B681B6903F08003802B42
:109530000ED17B681B68DB6803F08003802B07D1AA
:109540007B681B686FF080021A61786800F0E0FAAF
:109550007B681B681B6903F04003402B0ED17B68BE
:109560001B68DB6803F04003402B07D17B681B6856
:109570006FF040021A61786800F0FFF87B681B68A2
:109580001B6903F02003202B0ED17B681B68DB686E
:1095900003F02003202B07D17B681B686FF02002AB
:1095A0001A61786800F0AAFA00BF0837BD4680BD8E
:1095B00080B584B000AF786039600023FB737B68AE
:1095C00093F83C30012B01D10223B4E07B680122E7
:1095D00083F83C207B68022283F83D207B681B686F
:1095E0009B68BB60BB6823F07703BB60BB6823F458
:1095F0007F43BB607B681B68BA689A603B681B68E6
:10960000B3F5005F3ED0B3F5005F00F28780B3F59D
:10961000805F00F08680B3F5805F7FD8702B1AD012
:10962000702B7BD8602B50D0602B77D8502B3CD040
:10963000502B73D8402B58D0402B6FD8302B64D090
:10964000302B6BD8202B60D0202B67D8002B5CD020
:10965000102B5AD062E07B6818683B6899683B68B9
:109660005A683B68DB6800F0ADF97B681B689B6853
:10967000BB60BB6843F07703BB607B681B68BA685C
:109680009A604FE07B6818683B6899683B685A6845
:109690003B68DB6800F096F97B681B689A687B681A
:1096A0001B6842F480429A603CE07B6818683B6823
:1096B00059683B68DB681A4600F00AF97B681B684A
:1096C0005021184600F063F92CE07B6818683B686D
:1096D00059683B68DB681A4600F029F97B681B680B
:1096E0006021184600F053F91CE07B6818683B685D
:1096F00059683B68DB681A4600F0EAF87B681B682B
:109700004021184600F043F90CE07B681A683B687A
:109710001B681946104600F03AF903E00123FB7379
:1097200000E000BF7B68012283F83D207B680022B7
:1097300083F83C20FB7B18461037BD4680BD80B4C3
:1097400083B000AF786000BF0C37BD465DF8047B86
:10975000704780B483B000AF786000BF0C37BD465F
:109760005DF8047B704780B483B000AF786000BFC1
:109770000C37BD465DF8047B704780B483B000AF02
:10978000786000BF0C37BD465DF8047B7047000071
:1097900080B485B000AF786039607B681B68FB607F
:1097A0007B68404A934213D07B68B3F1804F0FD05F
:1097B0007B683D4A93420BD07B683C4A934207D07A
:1097C0007B683B4A934203D07B683A4A934208D174
:1097D000FB6823F07003FB603B685B68FA68134327
:1097E000FB607B682F4A93422BD07B68B3F1804F9C
:1097F00027D07B682C4A934223D07B682B4A934224
:109800001FD07B682A4A93421BD07B68294A934227
:1098100017D07B68284A934213D07B68274A93422B
:109820000FD07B68264A93420BD07B68254A93422F
:1098300007D07B68244A934203D07B68234A934233
:1098400008D1FB6823F44073FB603B68DB68FA686F
:109850001343FB60FB6823F080023B685B691343A2
:10986000FB607B68FA681A603B689A687B68DA621A
:109870003B681A687B689A627B680A4A934203D005
:109880007B680C4A934203D13B681A697B681A6370
:109890007B6801225A6100BF1437BD465DF8047B26
:1098A000704700BF00000140000400400008004075
:1098B000000C004000040140004001400044014011
:1098C0000048014000180040001C004000200040FB
:1098D00080B487B000AFF860B9607A60FB681B6A3B
:1098E0007B61FB681B6A23F00102FB681A62FB685C
:1098F0009B693B613B6923F0F0033B617B681B0183
:109900003A6913433B617B6923F00A037B617A69FF
:10991000BB6813437B61FB683A699A61FB687A69AB
:109920001A6200BF1C37BD465DF8047B704780B4E7
:1099300087B000AFF860B9607A60FB681B6A23F0FB
:109940001002FB681A62FB689B697B61FB681B6AFB
:109950003B617B6923F470437B617B681B037A69FD
:1099600013437B613B6923F0A0033B61BB681B0190
:109970003A6913433B61FB687A699A61FB683A690B
:109980001A6200BF1C37BD465DF8047B704780B487
:1099900085B000AF786039607B689B68FB60FB68CE
:1099A00023F07003FB603A68FB68134343F007033E
:1099B000FB607B68FA689A6000BF1437BD465DF8AB
:1099C000047B704780B487B000AFF860B9607A60FC
:1099D0003B60FB689B687B617B6923F47F437B6111
:1099E0003B681A027B681A43BB6813437A691343C6
:1099F0007B61FB687A699A6000BF1C37BD465DF8E1
:109A0000047B704780B485B000AF786039607B68B4
:109A100093F83C30012B01D102235AE07B680122EC
:109A200083F83C207B68022283F83D207B681B681A
:109A30005B68FB607B681B689B68BB60FB6823F00E
:109A40007003FB603B681B68FA681343FB607B682C
:109A50001B68FA685A607B681B68214A934222D0CF
:109A60007B681B68B3F1804F1DD07B681B681D4A63
:109A7000934218D07B681B681B4A934213D07B68C3
:109A80001B681A4A93420ED07B681B68184A93429F
:109A900009D07B681B68174A934204D07B681B6817
:109AA000154A93420CD1BB6823F08003BB603B682E
:109AB0005B68BA681343BB607B681B68BA689A60CE
:109AC0007B68012283F83D207B68002283F83C20DC
:109AD000002318461437BD465DF8047B704700BF6D
:109AE000000001400004004000080040000C00405D
:109AF00000040140004001400018004080B483B0E1
:109B000000AF786000BF0C37BD465DF8047B70473E
:109B100080B483B000AF786000BF0C37BD465DF8FD
:109B2000047B704784B080B584B000AF786007F1E3
:109B30001C0080E80E003B6B012B22D17B689B6BE5
:109B400023F480327B689A637B68DB6823F48403A8
:109B500023F040037A68D3607B68DB6823F440120B
:109B60007B68DA60FB6C012B05D17B68DB6843F412
:109B700080127B68DA60786800F09CFA0346FB7319
:109B80001AE07B68DB6843F040027B68DA60786843
:109B900000F090FA0346FB733B6C002B06D17B6808
:109BA0009B6B43F480327B689A6305E07B689B6B18
:109BB00023F480327B689A63BB6A012B0BD17B68EC
:109BC0009B6843F006027B689A607B689B6843F061
:109BD00020027B689A60FB7B18461037BD46BDE8C3
:109BE000804004B0704780B483B000AF78607B6879
:109BF0009B6823F001027B689A60002318460C37AB
:109C0000BD465DF8047B704780B584B000AF7860D6
:109C10000B46FB700023FB607B68DB6823F0C042CF
:109C20007B68DA60FB78012B15D17B68DB6843F039
:109C300000527B68DA600120FAF76AFDFB680133A5
:109C4000FB60786800F028FA0346012B1ED0FB6801
:109C5000312BF0D91AE0FB78002B15D17B68DB683B
:109C600043F080427B68DA600120FAF751FDFB681F
:109C70000133FB60786800F00FFA0346002B05D033
:109C8000FB68312BF0D901E0012305E0FB68322BA2
:109C900001D1012300E0002318461037BD4680BDE6
:109CA00084B080B586B000AF786007F1240080E80A
:109CB0000E000023FB757B68FB6000233B6109E01D
:109CC0007A683B6940339B00134400225A603B6929
:109CD00001333B613B690E2BF2D9FB6C002B1CD18D
:109CE000FB6803F500635B68FA6802F5006243F005
:109CF000020353607B689B6B23F400127B689A63BA
:109D00007B681B6843F040027B681A607B681B68B5
:109D100043F080027B681A6005E07B689B6B43F42C
:109D200000127B689A63FB6803F560631A460023A0
:109D30001360FB6803F500631946FB6803F50063D5
:109D40001A460B681360BB6B012B0CD1FB6A002B0E
:109D500004D10021786800F065F908E001217868F5
:109D600000F060F903E00321786800F05BF910214E
:109D7000786800F0F3F80346002B01D00123FB754F
:109D8000786800F01FF90346002B01D00123FB7512
:109D9000FB6803F500631A4600231361FB6803F5B3
:109DA00000631A4600235361FB6803F500631A46FB
:109DB0000023D36100233B6143E03B695A01FB6808
:109DC000134403F510631B6803F00043B3F1004F25
:109DD00018D13B69002B0AD13B695A01FB68134437
:109DE00003F510631A464FF00063136013E03B69FC
:109DF0005A01FB68134403F510631A464FF0904371
:109E0000136008E03B695A01FB68134403F51063D3
:109E10001A46002313603B695A01FB68134403F59B
:109E200010631A46002313613B695A01FB6813440F
:109E300003F510631A464FF67F3393603B69013395
:109E40003B617B6A3A699A42B7D300233B6143E0A6
:109E50003B695A01FB68134403F530631B6803F048
:109E60000043B3F1004F18D13B69002B0AD13B6985
:109E70005A01FB68134403F530631A464FF0006340
:109E8000136013E03B695A01FB68134403F5306328
:109E90001A464FF09043136008E03B695A01FB6893
:109EA000134403F530631A46002313603B695A01DB
:109EB000FB68134403F530631A46002313613B69C2
:109EC0005A01FB68134403F530631A464FF67F339B
:109ED00093603B6901333B617B6A3A699A42B7D32D
:109EE000FB6803F500631B69FA6802F5006223F45E
:109EF000807313617B6800229A617B686FF08042F7
:109F00005A613B6B002B05D17B689B6943F01002C3
:109F10007B689A617B689A690F4B13437A689361F7
:109F2000FB6B002B05D07B689B6943F008027B68C4
:109F30009A61FB6C012B07D17B689B6943F08043DE
:109F400043F004037A689361FB7D18461837BD46D9
:109F5000BDE8804004B0704700383C8080B485B0D4
:109F600000AF786039600023FB60FB680133FB6061
:109F7000FB68134A934201D903231BE07B681B69EA
:109F8000002BF2DA0023FB603B689B0143F02002C8
:109F90007B681A61FB680133FB60FB68084A9342E7
:109FA00001D9032306E07B681B6903F02003202B03
:109FB000F0D0002318461437BD465DF8047B704787
:109FC000400D030080B485B000AF78600023FB60D3
:109FD000FB680133FB60FB68114A934201D90323FC
:109FE00018E07B681B69002BF2DA0023FB607B68BA
:109FF00010221A61FB680133FB60FB68084A934238
:10A0000001D9032306E07B681B6903F01003102BC2
:10A01000F0D0002318461437BD465DF8047B704726
:10A02000400D030080B485B000AF78600B46FB7034
:10A030007B68FB60FB6803F500631A68FB78F968CE
:10A0400001F5006113430B60002318461437BD4629
:10A050005DF8047B704780B485B000AF78607B68A2
:10A06000FB60FB6803F560631B68FA6802F56062D9
:10A0700023F003031360FB6803F500635B68FA6871
:10A0800002F5006243F002035360002318461437C0
:10A09000BD465DF8047B704780B483B000AF786044
:10A0A0007B685B6903F0010318460C37BD465DF819
:10A0B000047B704780B485B000AF78600023FB60FC
:10A0C000FB680133FB60FB68134A934201D9032309
:10A0D0001BE07B681B69002BF2DA0023FB607B68C6
:10A0E0001B6943F001027B681A61FB680133FB6066
:10A0F000FB68094A934201D9032306E07B681B6988
:10A1000003F00103012BF0D0002318461437BD469D
:10A110005DF8047B704700BF400D030080B483B03E
:10A1200000AF0346FB7197F90730002B02D097F977
:10A13000073000E0002318460C37BD465DF8047B6D
:10A14000704790B589B002AFF860B9607A603B6043
:10A1500000233B610023FB754BE0FB681B7803F099
:10A160000603022B0FD0FB681B7803F00603042BB9
:10A1700009D0FB681B7803F00603062B03D07B682D
:10A180009B68002B29D07B6800221A607B681A69C3
:10A190007B685B68D0187B68DA687B685B68D11A7B
:10A1A0007B6803F108043B6807F110020093234623
:10A1B00001F02BFC03461A46BB681A70BB6893F982
:10A1C0000030002B03D0BB6893F9003020E07B689F
:10A1D0005A683B691A447B685A603A68796800207B
:10A1E00000F0B8FC03461A46BB681A70FB680022F0
:10A1F0001A70FB681B78002B03D17B689B68002BCF
:10A2000004D0BB6893F90030002BA6D097F9173023
:10A2100018461C37BD4690BD90B58FB002AFF860B0
:10A22000B9607A60002210217B48FAF76BFD0023A9
:10A23000BB627B68002B02D0FB68002B02D14FF081
:10A24000FF33E4E0BB68002B02D16FF00503DEE0D2
:10A25000BA680021F86807F045FC07F110031422E2
:10A260000021184607F03EFCFB683B62BB68FB61BF
:10A270007A6807F12E031146184601F008FB0346E1
:10A2800087F8273097F92730002B02D097F927302D
:10A29000BDE000237B6197F82E3087F82F3007F15F
:10A2A000100207F1270107F12F007B68FFF749FF34
:10A2B000034687F8273097F92730002B02D097F90B
:10A2C0002730A4E000237B6197F82E3087F82F30E9
:10A2D00047E097F82F3003F01803082B0ED097F8BB
:10A2E0002F3003F01803102B08D097F82F3003F00D
:10A2F0001803182B02D0BB69002B20D000233B6130
:10A300003A6A7B69D018FA697B69D11A7B6807F1D0
:10A31000100202F1080407F128020093234601F01D
:10A320008AFB034687F8273097F92730002B02D0A5
:10A3300097F927306BE07A69BB6A13447B6101228D
:10A3400010213548FAF7DEFC07F110037A68194648
:10A35000012000F0FFFB034687F82730002387F831
:10A360002F3097F82F30002B02D1BB69002B03D080
:10A3700097F92730002BACD000237B6197F82E3063
:10A3800087F82F3036E097F82F3003F04003002B8A
:10A3900002D1BB69002B20D000233B613A6A7B6964
:10A3A000D018FA697B69D11A7B6807F1100202F1B3
:10A3B000080407F128020093234601F09DFB0346A1
:10A3C00087F8273097F92730002B02D097F92730EC
:10A3D0001DE07A69BB6A13447B6107F110037A6858
:10A3E0001946022000F0B6FB034687F82730002309
:10A3F00087F82F3097F82F30002B02D1BB69002B44
:10A4000003D097F92730002BBDD097F92730184695
:10A410003437BD4690BD00BF0000024080B586B015
:10A4200000AF034687ED020A79603A60FB730023B0
:10A43000FB753B68002B0AD03A68FB7B796897ED87
:10A44000020A184601F06EFB0346FB7501E0FF238C
:10A45000FB7597F9173018461837BD4680BD80B593
:10A4600084B000AF786039600023FB733B68002B39
:10A4700007D03B681946786801F0B5F90346FB73CD
:10A4800001E0FF23FB7397F90F3018461037BD46E4
:10A4900080BD80B584B000AF786039600023FB7365
:10A4A0003B68002B07D03B681946786801F0ABF990
:10A4B0000346FB7301E0FF23FB7397F90F30184647
:10A4C0001037BD4680BD80B584B000AF786039607C
:10A4D0000023FB733B68002B07D03B681946786864
:10A4E00001F0A1F90346FB7301E0FF23FB7397F929
:10A4F0000F3018461037BD4680BD80B584B000AF20
:10A50000786039600023FB733B68002B07D03B6801
:10A510001946786801F0ABF90346FB7301E0FF23AD
:10A52000FB7397F90F3018461037BD4680BD80B5D4
:10A5300086B002AF78600023BB600023FB737B68AA
:10A54000002B0FD07B6803F53A717B6807F1080296
:10A5500000931346202240F21F1001F0BCF803467E
:10A56000FB7301E0FF23FB7397F90F301846103798
:10A57000BD4680BD80B588B002AFF860B9607A6032
:10A580003B600023FB753B6A002B02D0FB68002B6D
:10A5900002D1FF23FB7509E03B6A00933B687A68B0
:10A5A000B968F86801F0CCF90346FB7597F91730E4
:10A5B00018461837BD4680BD80B584B000AF7860BE
:10A5C0000023FB737B68002B02D1FF23FB7305E0A4
:10A5D0007B68184601F0FEF90346FB7397F90F30CC
:10A5E00018461037BD4680BD80B584B000AF034625
:10A5F0003960FB710023FB733B68002B02D1FF2302
:10A60000FB7307E03B68F91D0122052000F0F4FF11
:10A610000346FB7397F90F3018461037BD4680BDCF
:10A6200080B584B000AF03463960FB710023FB7333
:10A630003B68002B02D1FF23FB7307E03B68F91D49
:10A640000122072000F0D8FF0346FB7397F90F3073
:10A6500018461037BD4680BD80B584B000AF0346B4
:10A660003960FB710023FB733B68002B02D1FF2391
:10A67000FB7307E03B68F91D0122062000F0BCFFD8
:10A680000346FB7397F90F3018461037BD4680BD5F
:10A6900080B584B000AF03463960FB710023FB73C3
:10A6A0003B68002B02D1FF23FB7307E03B68F91DD9
:10A6B0000122162000F0A0FF0346FB7397F90F302C
:10A6C00018461037BD4680BD80B584B000AF034644
:10A6D0003960FB710023FB733B68002B02D1FF2321
:10A6E000FB7307E03A68FB791146184601F04DFA12
:10A6F0000346FB7397F90F3018461037BD4680BDEF
:10A7000080B584B000AF78600023FB737B68002BBA
:10A7100002D1FF23FB7305E07B68184601F0C7F800
:10A720000346FB7397F90F3018461037BD4680BDBE
:10A7300080B588B002AFF860B9607A603B600023F2
:10A74000FB750023BB823B68002B05D0FB68002B08
:10A7500002D07B68002B02D1FF23FB750AE03B6827
:10A7600007F114000093BB68FA68796801F027FAD2
:10A770000346FB7597F9173018461837BD4680BD5C
:10A7800080B58AB004AFB9607A603B600346FB7362
:10A790000023FB75BB6A002B14D04FF442720021DA
:10A7A000B86A07F09FF9BB6AF87B02937B6A019352
:10A7B0003B6A00933B687A68B96800F0A7FE0346DD
:10A7C000FB7501E0FF23FB7597F917301846183722
:10A7D000BD4680BD80B487B000AFB9607A603B6091
:10A7E0000346FB730023FB750023BB753B68002BFE
:10A7F00002D0BB68002B02D1FF23FB7535E000239C
:10A80000BB752AE0BA7D39681346DB0013440B445C
:10A810001C331B78002B1DD1BA7D39681346DB0031
:10A8200013440B441C33FA7B1A70BA7D3968134603
:10A83000DB0013440B441833BA68C3F80520BA7D13
:10A8400039681346DB0013440B4418337A68C3F8A5
:10A85000092005E0BB7D0133BB75BB7D2F2BD1D912
:10A86000BB7D302B01D1F623FB7597F917301846C5
:10A870001C37BD465DF8047B7047000080B58AB088
:10A8800000AF78607B68002B03D1FF2387F8273067
:10A8900070E07868FFF74BFE034687F8273097F99A
:10A8A0002730002B66D17B68012283F8CC2101235D
:10A8B00087F826303CE097F82630DB0887F825300B
:10A8C00097F8263003F00703012202FA03F387F812
:10A8D000243097F825307A68134493F8E82297F8E3
:10A8E00024301340DBB2002B1DD07A6807F1080139
:10A8F00097F82630184601F0CEF9034687F827303E
:10A9000097F92730002B0ED13B7F002B03D1F82382
:10A9100087F8273014E097F82630397F7A68134497
:10A920000A4683F8CC2197F82630013387F8263081
:10A9300097F82630F42B03D897F92730002BBAD09C
:10A94000FF2387F8263011E097F82630A3F1F502AF
:10A9500097F826300A49895C7A6813440A4683F8D6
:10A96000CC2197F82630013B87F8263097F826301F
:10A97000F42BE9D897F9273018462837BD4680BD13
:10A980009C5E030880B487B000AF0346B9607A606C
:10A99000FB730023FB750023BB757B68002B55D030
:10A9A000BB68002B52D000237B7520E07A7D79684C
:10A9B0001346DB0013440B441C331B78FA7B9A428A
:10A9C00012D17A7DB86879681346DB0013440B44D2
:10A9D00018330246043318685968106051601B7AB6
:10A9E00013727B7DBB7505E07B7D01337B757B7DC1
:10A9F0002F2BDBD9BB7D302B02D1F623FB7528E052
:10AA0000FB7BF42B11D9FB7B7A68134493F8CC3190
:10AA1000002B0AD1FB7BA3F1F502FB7B1149895C7A
:10AA20007A6813440A4683F8CC21FB7B002B10D1B3
:10AA3000FB7B7A68134493F8CC31002B09D1FB7B64
:10AA40007A681344012283F8CC2102E0FF23FB75CE
:10AA500000E000BF97F9173018461C37BD465DF877
:10AA6000047B70479C5E030880B485B000AFF8603B
:10AA70000B467A60FB72FB681A68FB7A1A44FB6823
:10AA80005B689A4203D87B6800221A7002E07B68F8
:10AA900001221A70002318461437BD465DF8047B66
:10AAA000704780B487B000AF0346B9607A60FB732B
:10AAB0000023FB75FB7B022B07D8FB7B5A33DB00A3
:10AAC0007A681A44BB681A6001E0F923FB7597F9AC
:10AAD000173018461C37BD465DF8047B704780B4BC
:10AAE00085B000AF78607B685B68002B2BD07B68FB
:10AAF0005A687B681B689A4202D26FF0010323E018
:10AB00007B685A687B681B68D21A7B685A607B68CE
:10AB10005B68002B17D00023FB730FE07B681A697A
:10AB20007B681968FB7B0B441A447B681969FB7BC3
:10AB30000B4412781A70FB7B0133FB73FA7B7B6842
:10AB40005B689A42EAD3002318461437BD465DF885
:10AB5000047B70472DE9F04F97B000AF0346B96210
:10AB60007A6287F82F30002387F85730002387F860
:10AB7000563007F134020023136053601372002330
:10AB800087F833309EE1BB6A1B683B65BB6A1A6974
:10AB90003B6D13441B7887F8573007F1400197F855
:10ABA0002F307A6A1846FFF77CFF034687F8563045
:10ABB00097F956301846FFF7B1FA034687F8563032
:10ABC00097F85730002B27D0002BC0F21981FF2BAC
:10ABD00000F31681F42BC0F21381F43B0B2B00F22F
:10ABE0000F8101A252F823F00FAD000825AC000838
:10ABF0008FAC00084BAD000801AE000801AE0008A4
:10AC000001AE000825AC00088FAC00084BAD000871
:10AC100001AE000819AC0008BB6A1B685A1CBB6A6D
:10AC20001A604FE107F133031A460221B86AFFF7B1
:10AC30001BFF034687F8563097F956301846FFF742
:10AC40006DFA034687F8563097F83330002B00D062
:10AC500038E13B6CD3E90001BB6A1A693B6D0133F3
:10AC600013441B78DBB200229A4693463B6C10EBF0
:10AC70000A02BA6141EB0B02FA61D7E90612C3E995
:10AC80000012BB6A1B689A1CBB6A1A601AE107F1C2
:10AC900033031A460321B86AFFF7E6FE034687F836
:10ACA000563097F956301846FFF738FA034687F8BA
:10ACB000563097F83330002B00D003E13B6CD3E9DA
:10ACC0000001BB6A1A693B6D013313441B781CB247
:10ACD000BB6A1A693B6D023313441B781B021BB21B
:10ACE00023431BB29BB29BB200221D4616463B6C0F
:10ACF00042193A6141EB06027A61D7E90412C3E9CD
:10AD00000012BB6A1B68DA1CBB6A1A60DAE007F142
:10AD100033031A461721B86AFFF7A6FE034687F8E1
:10AD2000563097F956301846FFF7F8F9034687F87A
:10AD3000563097F83330002B00D0C3E0BB6A1B6855
:10AD400003F11702BB6A1A60BCE007F133031A462D
:10AD50000621B86AFFF788FE034687F8563097F950
:10AD600056301846FFF7DAF9034687F8563097F859
:10AD70003330002B00D0A5E0BB6A1A693B6D01336C
:10AD800013441B781946BB6A1A693B6D023313449E
:10AD90001B781B021943BB6A1A693B6D03331344CA
:10ADA0001B781B041943BB6A1A693B6D04331344B7
:10ADB0001B781B060B43002298469146BB6A1A6912
:10ADC0003B6D053313441B78DBB20022BB60FA6095
:10ADD0004FF000024FF00003B9680B000022396CFD
:10ADE00048EA0200386049EA03037B60D7E900348F
:10ADF000C1E90034BB6A1B689A1DBB6A1A6061E036
:10AE000007F1340197F857307A6A1846FFF7BAFD10
:10AE1000034687F8563097F956301846FFF77EF903
:10AE2000034687F8563097F857207B6A134493F807
:10AE3000CC1107F133031A46B86AFFF715FE034633
:10AE400087F8563097F956301846FFF767F90346EA
:10AE500087F8563097F83330002B00D032E0D7F81F
:10AE60003530002B22D0BB6A1A693B6D0133134485
:10AE7000C7F8473097F82F3087F845303B6CC7F854
:10AE80004B3097F8573087F8443097F857207B6A53
:10AE9000134493F8CC3187F84630D7F83540D7F8CB
:10AEA000392007F1440311461846A047BB6A1968C8
:10AEB00097F857207B6A134493F8CC31CA18BB6AC1
:10AEC0001A6000BFBB6A1A68BB6A5B689A4204D208
:10AED00097F83330002B3FF456AEB86AFFF7FFFD0A
:10AEE000034687F8563097F9563018465C37BD460A
:10AEF000BDE8F08F80B586B000AF0346B9607A60D8
:10AF0000FB730023FB757B68002B02D0BB68002B12
:10AF100002D1FF23FB7507E07B68F87B0122B9684B
:10AF200000F032FB0346FB7597F9173018461837C7
:10AF3000BD4680BD80B485B000AFF860B9607A606E
:10AF40003B60FB691A68BB691B681A443B681A605E
:10AF50003B6A1B68002B07D0FB691A683B6A1B68B9
:10AF60001A447B681A6003E03B681A687B681A60C1
:10AF70007B681B6803F00303002B06D07B681B680B
:10AF80009B0801339A007B681A60FB681B88DAB261
:10AF9000BB681A70FB681B881B0A9AB2BB68013336
:10AFA000D2B21A70FB681B88022B0FD17B681B681A
:10AFB0009A08BB680233D2B21A707B681B689B0880
:10AFC0001A0ABB680333D2B21A700CE07B681A68A5
:10AFD000BB680233D2B21A707B681B681A0ABB685E
:10AFE0000333D2B21A7000BF1437BD465DF8047B3C
:10AFF000704790B5D3B004AF044607F59C70A0F538
:10B000009870016007F59C71A1F59A710A6007F5C7
:10B010009C72A2F59C72136007F59C73A3F595735F
:10B0200022461A80002387F83731D7F85031002B99
:10B0300000F0548107F59C73A3F59A731B68002BED
:10B0400007D007F59C73A3F598731B68002B00F0DD
:10B050004581D7F84831002B07D007F59C73A3F53D
:10B060009C731B68002B00F03981D7F850319B6925
:10B07000002B00F02D8107F58C7407F58A7207F11B
:10B08000140107F10E0007F5A673029307F5A473E8
:10B0900001933B1D00932346FFF74CFF0423C7F8A1
:10B0A0002431D7F81831C7F83031D7F83021D7F824
:10B0B00024311344C7F82031FC23C7F81C31D7F8DA
:10B0C00050319B69D7F81C219A4240F2F780D7F89B
:10B0D00050319B69C7F81C31F0E0D7F83021D7F820
:10B0E00024311344D7F81C219A420BD2D7F81C31D3
:10B0F000C7F82C31D7F81C21D7F82431D31AC7F858
:10B1000028311EE0D7F83021D7F824311344C7F88E
:10B110002C31D7F83031C7F82831D7F82C3103F06B
:10B120000303002B06D0D7F82C319B0801339B007A
:10B13000C7F82C31D7F82C31FC2B02D9FC23C7F8E7
:10B140002C31D7F82831002B7ED007F59C73A3F55E
:10B150009A731A68D7F828311344D7F830219A42E5
:10B1600015D307F11402D7F82431D018D7F81821D5
:10B17000D7F83031D31A07F59C72A2F59C72126889
:10B180001344D7F82821194606F02BFD5CE007F59B
:10B190009C73A3F59A731B68D7F830219A423BD968
:10B1A00007F11402D7F82431D018D7F81821D7F8AE
:10B1B0003031D31A07F59C72A2F59C721268D1182F
:10B1C00007F59C73A3F59A731B68D7F83021D31A3F
:10B1D0001A4606F006FDD7F82421D7F830311A4474
:10B1E00007F59C73A3F59A731B68D31A07F1140231
:10B1F000D01807F59C73A3F59A731A68D7F8303105
:10B20000D21AD7F828311A4407F59C73A3F598731E
:10B21000196806F0E6FC17E007F11402D7F82431AC
:10B22000D01807F59C73A3F59A731A68D7F83031D4
:10B23000D31A07F59C72A2F5987212681344D7F8D6
:10B240002821194606F0CDFCD7F82421D7F828315B
:10B250001344D7F82C219A4212D0D7F82421D7F8DA
:10B260002831134407F11402D018D7F82421D7F855
:10B2700028311344C3F580731A46002106F032FCCE
:10B2800007F11401D7F85031D7F82C21002000F035
:10B29000B3F9034687F8373197F93731002B1BD1C3
:10B2A0000023C7F82431D7F83021D7F82831D31A32
:10B2B000C7F83031D7F83031C7F82031D7F820310E
:10B2C000002B0FD097F93731002B3FF406AF09E080
:10B2D000FE2387F8373105E000BF03E0FF2387F83E
:10B2E000373100E000BF97F93731184607F59E77F0
:10B2F000BD4690BD80B584B000AF78600023FB816F
:10B3000027E007F10C037968184600F0C0FA0346FD
:10B310007B7397F90D30002B15D13B7B03F0200395
:10B32000002B02D000237B7317E0796842F2107083
:10B3300000F09AF903467B7397F90D30002B05D086
:10B3400097F90D300BE097F90D3008E0FB890133D8
:10B35000FB81FB89B3F57A7FD3D397F90D3018467B
:10B360001037BD4680BD80B584B000AF7860002343
:10B37000FB812FE079684CF2503000F075F90346FC
:10B380007B7397F90D30002B02DA97F90D302DE021
:10B3900007F10C017B680122252000F0F5F8034637
:10B3A0007B7397F90D30002B02DA97F90D301DE011
:10B3B0003B7B03F01003002B09D03B7B03F0200301
:10B3C000002B04D03B7B03F04003002B06D0FB890D
:10B3D0000133FB81FB89632BCCD900E000BFFB89E3
:10B3E000642B02D16FF0040300E0002318461037ED
:10B3F000BD4680BD80B58AB000AFB9607A603B6061
:10B400000346FB73002387F827307B6B002B72D039
:10B41000BB68002B6FD03B68002B6CD03B6B002BC4
:10B4200069D07B6B9B69BB613B6B1B68002B14D1A4
:10B4300007F11401F87B7B6B022200F0A5F80346AC
:10B4400087F827303B7D1AB27B7D1B021BB213436A
:10B450001BB29BB21A463B6B1A603B6B1B68002BFE
:10B460004DD097F92730002B49D13B6B1B687A6888
:10B470009A4203D23B687A681A6003E03B6B1A6811
:10B480003B681A603B681B683B620023FB6116E067
:10B49000BA68FB69D118F87B7B6BBA6900F074F865
:10B4A000034687F8273097F92730002B0CD13A6AEA
:10B4B000BB69D31A3B62FA69BB691344FB613A6A00
:10B4C000BB699A42E4D800E000BF3B6A002B0AD077
:10B4D000BA68FB69D118F87B7B6B3A6A00F054F8C4
:10B4E000034687F827303B6B1A683B681B68D21A03
:10B4F0003B6B1A6003E0FF2387F8273000E000BFB2
:10B5000097F9273018462837BD4680BD80B487B0EC
:10B5100000AFB9607A603B600346FB730023FB75A4
:10B52000BB6A002B26D0BB68002B23D07B68002B86
:10B5300020D03B68002B1DD0BB6ABA681A60BB6A7A
:10B540007A685A60BB6A3A689A60BB6A7A6A1A611A
:10B55000BB6AFA7B1A733B6A03F00303002B05D026
:10B560003B6A23F00302BB6A9A6105E0BB6A3A6A50
:10B570009A6101E0FF23FB7597F9173018461C37D5
:10B58000BD465DF8047B704790B587B000AFB960E9
:10B590007A603B600346FB730023FB753B68002B1E
:10B5A00022D03B681B68002B1ED0BB68002B1BD031
:10B5B0003B681B7B012B03D1FB7B63F07F03FB7399
:10B5C0003B681C683B681B69F87B7A68B968A047D0
:10B5D00003461A463B681A753B6893F91430002BF2
:10B5E00004D0FD23FB7501E0FF23FB7597F91730AD
:10B5F00018461C37BD4690BD90B587B000AFB96006
:10B600007A603B600346FB730023FB753B68002BAD
:10B6100022D03B685B68002B1ED0BB68002B1BD080
:10B620003B681B7B012B03D1FB7B03F07F03FB7388
:10B630003B685C683B681B69F87B7A68B968A0471F
:10B6400003461A463B681A753B6893F91430002B81
:10B6500004D0FD23FB7501E0FF23FB7597F917303C
:10B6600018461C37BD4690BD80B584B000AF7860E9
:10B6700039600023FB733B68002B0BD03B689B6851
:10B68000002B07D03B689B683A68126911467868BE
:10B69000984701E0FF23FB7397F90F3018461037E6
:10B6A000BD4680BD80B588B004AFB9607A603B60AC
:10B6B0000346FB81F8893B68029300230193002332
:10B6C000009300237A68B968FFF793FC0346184695
:10B6D0001037BD4680BD80B588B002AFB9607A60D2
:10B6E0003B600346FB810023BB820023FB753B6A62
:10B6F000002B6ED0BB68002B6BD03B68002B68D052
:10B700003B6800221A6007F113013B6A0122062000
:10B71000FFF73AFF0346FB7597F91730002B5BD113
:10B72000FB7CBB75FB7C03F07F03DBB2FB74FB7C13
:10B73000BA7D9A4208D007F113013B6A0122062024
:10B74000FFF75AFF0346FB7597F91730002B43D1DB
:10B75000FB8943F4805398B23B6A00220021FFF733
:10B76000A1FF0346FB7597F91730002B34D1386AD7
:10B77000FFF7C0FD0346FB7597F91730002B2BD15F
:10B7800007F114003B6A00933B687A68B96800F0DF
:10B7900068F90346FB7597F91730002B1CD1FB7C29
:10B7A000BA7D9A420AD0BB7DFB7407F113013B6A54
:10B7B00001220620FFF720FF0346FB7597F917309B
:10B7C000002B09D1BB8AFA899A4205D0FB23FB756D
:10B7D00002E0FF23FB7500E000BF97F91730184621
:10B7E0001837BD4680BD80B582B000AF7860396043
:10B7F0003B68012279681C20FFF7C6FE0346184605
:10B800000837BD4680BD80B582B000AF7860396032
:10B810003B68012279682B20FFF7B6FE03461846E5
:10B820000837BD4680BD80B584B000AF7860396010
:10B830007B68002B13D007F10C013B68022220200B
:10B84000FFF7A2FE0346FB733B7B1AB27B7B1B0216
:10B850001BB213431BB29AB27B681A8001E0FF232C
:10B86000FB7397F90F3018461037BD4680BD80B581
:10B8700082B000AF786039603B680122796825208A
:10B88000FFF782FE034618460837BD4680BD80B5E7
:10B8900082B000AF786039603B68012279682D2062
:10B8A000FFF772FE034618460837BD4680BD80B5D7
:10B8B00084B000AF78600123FB720023BB720F23BA
:10B8C000BB8107F10B017B6801221420FFF794FE76
:10B8D0000346FB7397F90F30002B2BD11CE07968DE
:10B8E00042F21070FFF7C0FE0346FB7397F90F306A
:10B8F000002B11D107F10A017B6801222520FFF7F7
:10B9000043FE0346FB7397F90F30002B04D1BB7A3B
:10B9100003F01003002B05D1BB895A1EBA81002BFE
:10B92000DDD100E000BFBB7A03F01003002B01D192
:10B93000FB23FB7397F90F3018461037BD4680BDC7
:10B9400080B58AB004AFF860B9607A603B600023CC
:10B95000FB753B6A002B33D0FB68002B30D07B6833
:10B96000002B24D1FB681B781AB2FB6801331B78CB
:10B970001B021BB213431BB2BB82BB8A46F22B6273
:10B98000934201D0FC23FB7597F91730002B1AD195
:10B990003B6A0293BB6801930023009300233A683B
:10B9A000F9680220FFF725FB0346FB750BE03B6AB5
:10B9B0003A68F9680020FFF71FFE0346FB7502E0B6
:10B9C000FF23FB7500E000BF97F9173018461837C2
:10B9D000BD4680BD80B584B000AF78607B68002232
:10B9E00000210320FFF75EFE0346FB7397F90F303B
:10B9F000002B04D17868FFF7B6FC0346FB7397F978
:10BA00000F3018461037BD4680BD80B586B002AFF6
:10BA1000F860B9607A603B60BB6901933B68009352
:10BA20007B68BA68F9680120FFF7E4FC0346184612
:10BA30001037BD4680BD80B586B002AFF860B960F2
:10BA40007A603B60BB6901933B6800937B68BA688E
:10BA5000F9680220FFF7CEFC034618461037BD46B2
:10BA600080BD80B586B000AFF860B9607A603B6099
:10BA700007F110013B6A04220320FFF785FD03460E
:10BA8000FB7597F91730002B30D13B7C1AB207F1C8
:10BA9000100301331B781B021BB213431BB29AB273
:10BAA000FB681A80BB7C1AB207F110030233013322
:10BAB0001B781B021BB213431BB29BB21A463B6896
:10BAC0001A603B681B68002B10D03B681B687A68C3
:10BAD0009A4202D2FA23FB7508E03B681A683B6A77
:10BAE000B9680320FFF750FD0346FB7597F917303F
:10BAF00018461837BD4680BD80B586B002AFF860E5
:10BB0000B9607A603B60BB6901933B6800937B68D6
:10BB1000BA68F9680320FFF76DFC03461846103732
:10BB2000BD4680BD80B588B000AF034687ED020AF0
:10BB300079603A60FB73BB687B61FB7B3B767B691A
:10BB4000DBB27B767B691B0ADBB2BB767B691B0CA5
:10BB5000DBB2FB767B691B0EDBB23B777B68DBB22B
:10BB60007B777B681B0ADBB2BB777B681B0CDBB285
:10BB7000FB7707F118013B6808220D20FFF792FDC3
:10BB8000034618462037BD4680BD80B584B000AF5F
:10BB900003463960FB71FB793B7300237B73002301
:10BBA000BB730023FB7307F10C013B6804220920DF
:10BBB000FFF778FD034618461037BD4680BD80B5B7
:10BBC00088B002AFF860B9607A603B60FB68002B18
:10BBD00059D007F115013B6A01220620FFF7D4FC7A
:10BBE0000346FB7597F91730002B4ED17B7DBB7553
:10BBF0007B7D03F07F03DBB27B7507F115013B6AA8
:10BC000001220620FFF7F8FC0346FB7597F9173071
:10BC1000002B3AD13B6A002200210120FFF742FDB0
:10BC20000346FB7597F91730002B2ED1386AFFF7C2
:10BC300061FB0346FB7597F91730002B25D13B6A52
:10BC40000093BB683A687968F868FFF70AFF034613
:10BC5000FB7597F91730002B17D1BB7D7B7507F16A
:10BC600015013B6A01220620FFF7C6FC0346FB755F
:10BC700097F91730002B08D1FB681B88032B04D0E1
:10BC8000FB23FB7501E0FF23FB7597F9173018467E
:10BC90001837BD4680BD80B590B002AF0346B9608D
:10BCA0007A60FB73BB68002B00F0DA80FB7BF52B1E
:10BCB00003D9FE2387F83730D5E0FB7B9BB203F531
:10BCC000407398B207F1300207F114017B680093CA
:10BCD00013461C22FFF7FFFC034687F8373097F91D
:10BCE0003730002B40F0BF803B6B1C2B03D0FE2372
:10BCF00087F83730B7E03A7DBB681A707A7DBB6849
:10BD00005A70BA7DBB689A70FA7DBB68DA703A7E69
:10BD1000BB681A717A7EBB685A71BA7EBB689A7129
:10BD2000FA7EBB68DA713A7FBB681A727A7FBB68A9
:10BD30005A72BA7FBB689A72FA7FBB68DA7297F858
:10BD40002020BB681A7397F82120BB685A7397F8B4
:10BD50002220BB689A7397F82320BB68DA7397F8A0
:10BD60002420BB681A7497F82520BB685A7497F88A
:10BD70002620BB689A7497F82720BB68DA7497F876
:10BD80002820BB681A7597F82920BB681A7697F89F
:10BD90002A20BB685A7697F82B20BB689A7697F8CA
:10BDA0002C20BB68DA76BB681B791AB2BB685B795A
:10BDB0001B021BB213431BB29AB2BB689A80BB68CA
:10BDC0009B791AB2BB68DB791B021BB213431BB20F
:10BDD0009AB2BB68DA80BB681B7A1A46BB685B7A8A
:10BDE0001B021A43BB689B7A1B041A43BB68DB7AAD
:10BDF0001B061A43BB689A60BB681B7B1A46BB686C
:10BE00005B7B1B021A43BB689B7B1B041A43BB680A
:10BE1000DB7B1B061A43BB68DA60BB681B7C1A46D7
:10BE2000BB685B7C1B021A43BB689B7C1B041A43E8
:10BE3000BB68DB7C1B061A43BB681A61BB681B7EB0
:10BE40001A46BB685B7E1B021A43BB689B7E1B04C1
:10BE50001A43BB68DB7E1B061A43BB689A6102E08B
:10BE6000FF2387F8373097F9373018463837BD4603
:10BE700080BD80B483B000AF786039607B681B7888
:10BE80001AB27B6801331B781B021BB213431AB230
:10BE90003B681A807B6802331B781AB27B680333D5
:10BEA0001B781B021BB213431AB23B685A807B6893
:10BEB00004331B781AB27B6805331B781B021BB254
:10BEC00013431AB23B689A807B6806331B781AB218
:10BED0007B6807331B781B021BB213431AB23B6803
:10BEE000DA807B6808331B781AB27B6809331B78C9
:10BEF0001B021BB213431BB29AB23B681A8100BFEC
:10BF00000C37BD465DF8047B704780B483B000AF4A
:10BF1000786039607B681B781AB27B6801331B78C4
:10BF20001B021BB213431AB23B681A807B680233B0
:10BF30001B781AB27B6803331B781B021BB21343B6
:10BF40001AB23B685A807B6804331B781AB27B684C
:10BF500005331B781B021BB213431AB23B689A804D
:10BF600000BF0C37BD465DF8047B704780B584B0D8
:10BF700000AF78600023FB737B681033184601F034
:10BF800003FA0346BB81BB89B3F5007F01D20023CE
:10BF90002DE07B68DA78FB7B1146184602F07EFDC7
:10BFA000034683F00103DBB2002B01D000231EE027
:10BFB0007B681033184601F0E7F90346BB81BB8963
:10BFC000B3F5007F0BD37B68D9787B6803F5856276
:10BFD000F87B4FF4007302F0B5FD034607E07B6881
:10BFE000DA78FB7B1146184602F082FD00231846E2
:10BFF0001037BD4680BD000080B586B000AF034657
:10C00000B9607A60FB73FB7B40F6280202FB03F306
:10C010000E4A13447B617B691C337A6892B2B9681B
:10C02000184601F074FA03467B827B691C3318467C
:10C0300001F035F903463F2B03D9FB7B184600F08E
:10C0400007F87B8A18461837BD4680BDDC470020BC
:10C0500080B586B000AF0346FB71FB7940F628023D
:10C0600002FB03F33A4A13447B6101F0CFFA034623
:10C07000002B09D001F0DCFA034683F00103DBB2A8
:10C08000002B01D0012300E0002303F00103DBB209
:10C0900083F00103DBB2002B01D0002353E07B6966
:10C0A0001C33184601F0FBF80346002B01D1002396
:10C0B00049E00023FB747B699A78FB7C11461846A3
:10C0C00002F0ECFC034683F00103DBB2002B01D04D
:10C0D000002338E07B6903F11C007B6903F5C5632D
:10C0E0004FF40072194601F0ABF903463B823B8ADC
:10C0F000002B20D07B6999787B6903F5C5623B8A68
:10C10000F87C02F01FFD034683F00103DBB2002B35
:10C110000FD0C9220F49104805F0FAFB0F4BFB6006
:10C12000FB681B6803F00103002B00D000BE002356
:10C1300009E03B8A07E07B699A78FB7C1146184648
:10C1400002F0D6FC002318461837BD4680BD00BF5C
:10C15000DC470020A85E0308343F0108F0ED00E052
:10C1600080B584B002AF40F628020021254805F0D2
:10C17000B9FC0023FB713DE0FB7940F6280202FB8D
:10C1800003F3204A13443B603B68FF225A713A682C
:10C19000002343F07F4343F47F0343F44243D380BF
:10C1A000002343F0010313813B6800229A723B682D
:10C1B0000022DA723B6808221A733B6803F1100010
:10C1C0003B6803F128010023009301234FF4007220
:10C1D00000F0D3FB3B6803F11C003B6803F50A71D8
:10C1E0000123009301234FF4007200F0C6FBFB799A
:10C1F0000133FB71FB79002BBED000BF00BF0837B5
:10C20000BD4680BDDC47002080B584B000AF03464A
:10C21000FB710023FB731FE0FB7B40F6280202FB4F
:10C2200003F3114A1344BB6005220021B86805F0EE
:10C2300059FCBB681033184601F08DF9BB681C33FC
:10C24000184601F088F9BB681C330121184601F03B
:10C2500093F9FB7B0133FB73FB7B002BDCD000BF2E
:10C2600000BF1037BD4680BDDC47002080B59AB0C6
:10C2700002AF03463960FB711346BB803B685B79B4
:10C28000022B03D13B689B79022B01D00023F3E002
:10C290000023FB65002387F85B301AE097F85B30DA
:10C2A000774A40F6280101FB03F3134402331B785D
:10C2B000002B09D197F85B3040F6280202FB03F30C
:10C2C0006F4A1344FB6508E097F85B30013387F849
:10C2D0005B3097F85B30002BE0D0FB6D002B10D16A
:10C2E00040F21D126749684805F012FB674B7B64FA
:10C2F0007B6C1B6803F00103002B00D000BE002301
:10C30000BAE03B689A78FB6D1A700923A7F8583099
:10C310003B683B643B6CFB63FB6B1B781A46FB6B17
:10C3200013447B6513E07B6D3B633B6B1B789AB2D8
:10C33000B7F858301344A7F858307B6DBB63BB6B1C
:10C340007B637B6B1B781A467B6B13447B657B6D31
:10C35000FB62FB6A01331B78242B04D1B7F8582009
:10C36000BB889A42DFD97B6DBB62BB6A01331B7805
:10C37000052B35D17B6D3B65FB79396D184602F095
:10C3800039FB034683F00103DBB2002B10D040F2EF
:10C3900031123C493C4805F0BBFA3C4BFB64FB6C5A
:10C3A0001B6803F00103002B00D000BE002363E0F4
:10C3B0003B6D9A78FB6D5A707B6DFB61FB691B7856
:10C3C0009AB2B7F858301344A7F858307B6D7B62A7
:10C3D0007B6A3B623B6A1B781A463B6A13447B6567
:10C3E0007B6DBB61BB6901331B78042B3FD17B6D37
:10C3F0005B790A2B3BD17B6DFB60FB681B789AB2A3
:10C40000B7F858301344A7F858307B6D7B617B69CF
:10C410003B613B691B781A463B6913447B65FB6DA6
:10C420000333FA6D0232F87901920093022302225B
:10C43000796D02F067FA034683F00103DBB2002B4B
:10C4400010D040F241120F490F4805F061FA0F4B2E
:10C45000BB64BB6C1B6803F00103002B00D000BE63
:10C46000002309E0B7F858300E33A7F85830F86DBC
:10C47000FFF77CFDB7F8583018466037BD4680BDE1
:10C48000DC470020C05E0308343F0108F0ED00E007
:10C4900080B58AB000AF03463A60FB710B46BB71B2
:10C4A0003B681B7803F06003DBB2202B01D0002334
:10C4B000CCE0002387F82730664B3B6297F82730A3
:10C4C000002B01D00023C1E03B6A1B789AB23B6885
:10C4D0009B889BB29A4209D097F82730013387F89E
:10C4E00027303B6A03F628033B62E7E700BF3B685F
:10C4F0005B78203B032B00F29F8001A252F823F0CF
:10C5000011C5000849C500085FC5000807C6000836
:10C51000BB79012B07D13B6A9A1DF879072339684B
:10C5200002F0E4FC8AE0BB79032B40F087804A4BA1
:10C53000002B00F083803B6A9A1D97F82730114644
:10C540001846AFF3008079E0BB79012B78D13B6AC4
:10C550009A1DF8790723396802F0C8FC70E0BB79AE
:10C56000012B05D1FB793968184602F04DFC69E0D2
:10C57000BB79032B66D13B685B889BB23B61002390
:10C58000FB73FB7B3A6922FA03F303F00103002BF0
:10C5900014BF01230023DBB2FB773B685B889BB2AF
:10C5A000BB610123FB75FB7DBA6922FA03F303F03B
:10C5B0000103002B14BF01230023DBB2BB773B68D0
:10C5C0005B889BB2DAB23B6A1A713B6A03F11C02C8
:10C5D000FB7F002B14BF01230023DBB283F0010398
:10C5E000DBB203F00103DBB21946104600F0C4FFD2
:10C5F0001A4B002B26D0BA7FF97F97F827301846C0
:10C60000AFF300801EE0BB79012B05D1FB793968BF
:10C61000184602F0F9FB17E0BB79032B14D1104B3D
:10C62000002B11D03B685B889AB297F827301146EF
:10C630001846AFF3008007E0002307E000BF04E0E6
:10C6400000BF02E000BF00E000BF0123184628370A
:10C65000BD4680BDDC470020000000000000000057
:10C660000000000080B586B000AF3B600346FB7160
:10C670000B46BB7113467B710023FB7514E0FB7DF9
:10C6800040F6280202FB03F3584A13443B613B691E
:10C69000DB78BA799A420AD03B699B78BA799A4298
:10C6A00005D0FB7D0133FB75FB7D002BE7D0FB7DC7
:10C6B000002B10D04FF4D7724D494E4805F028F9A1
:10C6C0004D4BBB60BB681B6803F00103002B00D01F
:10C6D00000BE002386E03B69DB78BA799A424CD1F0
:10C6E0003B6903F110003B6903F585633A6892B238
:10C6F000194600F00CFF414B002B29D03B695B79B8
:10C70000FF2B25D00023FB601EE03B695A79396975
:10C71000FB680B4403F585631B789A4211D13B6992
:10C720001033184600F0EDFD034683F00103DBB241
:10C73000002B06D03B695A79FB7D11461846AFF3B2
:10C740000080FB680133FB60FA683B689A42DCD3E7
:10C750002B4B002B0ED03B691033184600F0D1FD57
:10C76000034683F00103DBB2002B03D0FB7D1846A8
:10C77000AFF300803869FFF7F9FB3B699B78BA7922
:10C780009A422ED11F4B002B03D0FB7D1846AFF3EE
:10C790000080FB7D1846FFF75BFC0346002B20D191
:10C7A0003B691C33184600F07AFD0346002B18D174
:10C7B0003B68002B15D03B6803F03F03002B10D1E2
:10C7C0003B699A78FB791146184602F067F90346EF
:10C7D000002B06D03B699978F8790023002202F0FB
:10C7E000B1F9012318461837BD4680BDDC4700204B
:10C7F000CC5E0308343F0108F0ED00E000000000CB
:10C80000000000000000000080B400AF00BFBD4683
:10C810005DF8047B704780B483B000AF0346FB71C2
:10C8200000BF0C37BD465DF8047B704780B48BB009
:10C8300000AF03463960FB711346BB803B689B79B0
:10C84000012B03D13B68DB79012B01D0002325E0CC
:10C850003B68BB61BB697B617B691B781A467B695E
:10C8600013443B620923FB843B6AFB61FB69013390
:10C870001B78212B11D13B6ABB60BB681B789AB235
:10C88000FB8C1344FB843B6A3B613B69FB60FB68A8
:10C890001B781A46FB6813443B62FB8C18462C3706
:10C8A000BD465DF8047B704780B588B000AF034695
:10C8B0003A60FB710B46BB71BB79012B01D00123A0
:10C8C00057E03B681B7803F01F03DBB2012B01D05C
:10C8D00000234EE03B681B7803F06003DBB2002BC3
:10C8E0000AD13B685B780B2B06D1FB793968184677
:10C8F00002F08AFA01233CE03B681B7803F06003F6
:10C90000DBB2202B01D0002333E03B685B78002BA7
:10C9100002D0032B08D029E0FB793968184602F0D1
:10C9200073FAF7F74BFE23E007F10803FB610623D8
:10C93000BB6100237B6106233B61BA693B699A4274
:10C9400002D24FF0FF3305E03A697969F86905F0E2
:10C95000C9F80023002B01D000230AE007F10802E8
:10C96000F8790623396802F0C1FA01E0002300E0FB
:10C97000012318462037BD4680BD80B485B000AF86
:10C98000F860B96011461A460B46FB801346BB801F
:10C99000FB88B3F5004F01D900231BE0FB68BA68A0
:10C9A0001A60FB68FA889A80BB88C3F30E0399B2B9
:10C9B000FA68D38861F30E03D380FA68D379397E9D
:10C9C00061F3C713D371FB6800225A81FB68002210
:10C9D0001A81012318461437BD465DF8047B704761
:10C9E00080B58AB000AFF860B9601346FB80BB68C1
:10C9F0003B62FB889B08FB840BE03B6A1B68FA6880
:10CA0000BA617B61BB697A691A6000BFFB68043355
:10CA1000FB60FB8C5A1EFA84002BEED1FB88DBB244
:10CA200003F00303FB77FB7F002B09D03B6A1B68F5
:10CA30003B61FA7F07F110031946F86805F0D1F859
:10CA400000BF2837BD4680BD80B58AB000AFF86012
:10CA5000B9601346FB80FB683B62FB889B08FB8444
:10CA600008E0BB68BB61BB691A683B6A1A60BB68B7
:10CA70000433BB60FB8C5A1EFA84002BF1D1FB8877
:10CA8000DBB203F00303FB77FB7F002B0BD000230B
:10CA90007B61FA7F07F11403B968184605F0A1F825
:10CAA0007A693B6A1A6000BF2837BD4680BD80B5F1
:10CAB00084B000AFF860B9601346FB80FB681B6868
:10CAC000FA88F968C988C1F30E0189B201FB02F244
:10CAD0009818FB68DB88C3F30E039BB21A46B9684B
:10CAE00005F07FF800BF1037BD4680BD80B58EB021
:10CAF00000AFF860B96011461A460B46FB8013463A
:10CB0000BB80FB689A88BB88D31AFB84FA88FB8CAD
:10CB1000D31ABB84FB68DB88C3F30E039BB21A46AF
:10CB2000FB8C13FB02F37B84FB68DB88C3F30E03EF
:10CB30009BB21A46BB8C13FB02F3FB86FB681B6897
:10CB4000BA88F968C988C1F30E0189B201FB02F203
:10CB500013443B6397F84030002B02D0012B22D0C6
:10CB60009EE0FA88FB8C9A420DD8FB88FA68D2883E
:10CB7000C2F30E0292B202FB03F31A46B968386B95
:10CB800005F02FF88CE07B8C1A46B968386B05F0FD
:10CB900028F8FB6818687B8CBA681344FA8E19462B
:10CBA00005F01FF87CE0FA88FB8C9A420FD8FB68EE
:10CBB000DB88C3F30E039BB21A46FB8813FB02F318
:10CBC0009BB21A46B968386BFFF70AFF67E07B8CA7
:10CBD00023F003033B843B8C1A46B968386BFFF79C
:10CBE000FFFE3B8C3A6B13443B637B8CDBB203F060
:10CBF000030387F82F3097F82F30002B43D0BB6802
:10CC0000FB6197F82F309BB2C3F104039AB2FB8EFD
:10CC10007B8313463B837A8B3B8B934228BF13461F
:10CC20009BB287F82E3097F82E309BB2FA8ED31A2B
:10CC3000FB86FB691B687B6107F11403BB6207E09D
:10CC4000BA6A531CBB623B6B591C396312781A7069
:10CC500097F82F305A1E87F82F20002BF0D1FB6851
:10CC60001B683B6307E0BA6A531CBB623B6B591CF1
:10CC7000396312781A7097F82E305A1E87F82E20D2
:10CC8000002BF0D102E0FB681B683B63FB8E002B9E
:10CC900005D0FB8E1A46B968386BFFF7A1FE00BFBE
:10CCA00000BF3837BD4680BD80B584B000AFF860A6
:10CCB000B9601346FB80FB681B68FA88F968C9886D
:10CCC000C1F30E0189B201FB02F29918FB68DB88FF
:10CCD000C3F30E039BB21A46B86804F082FF00BF8C
:10CCE0001037BD4680BD80B58EB000AFF860B9602A
:10CCF00011461A460B46FB801346BB80FB689A8898
:10CD0000BB88D31AFB84FA88FB8CD31ABB84FB68DC
:10CD1000DB88C3F30E039BB21A46FB8C13FB02F3B2
:10CD20007B84FB68DB88C3F30E039BB21A46BB8C83
:10CD300013FB02F3FB86FB681B68BA88F968C98895
:10CD4000C1F30E0189B201FB02F213443B6397F871
:10CD50004030002B02D0012B22D0A0E0FA88FB8CBF
:10CD60009A420DD8FB88FA68D288C2F30E0292B2BA
:10CD700002FB03F31A46396BB86804F032FF8EE009
:10CD80007B8C1A46396BB86804F02BFF7B8CBA6831
:10CD9000D018FB681B68FA8E194604F022FF7EE06B
:10CDA000FA88FB8C9A420FD8FB68DB88C3F30E032A
:10CDB0009BB21A46FB8813FB02F39BB21A46396BEF
:10CDC000B868FFF741FE69E07B8C23F003033B84E6
:10CDD0003B8C1A46396BB868FFF736FE3B8C3A6BD2
:10CDE00013443B637B8CDBB203F0030387F82F30E3
:10CDF00097F82F30002B45D0BB68FB6197F82F3098
:10CE00009BB2C3F104039AB2FB8E7B8313463B8330
:10CE10007A8B3B8B934228BF13469BB287F82E3008
:10CE200097F82E309BB2FA8ED31AFB8600237B61D3
:10CE300007F11403BB6207E03A6B531C3B63BB6A08
:10CE4000591CB96212781A7097F82F305A1E87F859
:10CE50002F20002BF0D1FB681B683B6307E03A6B87
:10CE6000531C3B63BB6A591CB96212781A7097F85D
:10CE70002E305A1E87F82E20002BF0D17A69FB69DC
:10CE80001A6002E0FB681B683B63FB8E002B05D039
:10CE9000FB8E1A46396BB868FFF7D6FD00BF00BF9E
:10CEA0003837BD4680BD80B485B000AF0346FB80F7
:10CEB0000B46BB8013467B80BA887B881344FB817A
:10CEC000BA88FB899A4204D8FA89FB885B009A42A7
:10CED00008DBFB885B009BB25B42BB81FA89BB89A4
:10CEE0001344FB81FB8918461437BD465DF8047B6B
:10CEF000704780B58AB000AFF860B96011461A4635
:10CF00000B46FB801346BB80FB689B887B84FB88B9
:10CF10003B84BB88FB833A8CFB8B9A4204D33A8CCC
:10CF2000FB8BD31A9BB208E07B8C5B009AB2398CE6
:10CF3000FB8BCB1A9BB213449BB2FB84FB8C002B64
:10CF400001D1002337E0FB689B88FA8C9A421BD9F9
:10CF5000FB68BB61FB88FB82BB699B88FA8A9A42AB
:10CF600005D3BB699B88FA8AD31ABB8204E0BB69EC
:10CF70009A88FB8A1344BB82BB69BA8A5A81BB8AEE
:10CF8000BB80FB689B88FB84FB689B887B82BB889B
:10CF90003B8203E03A8A7B8AD31A3B827A8A3B8AB5
:10CFA0009A42F7D93B8ABB84BB8C1A46B968F868A9
:10CFB000FFF77AFE012318462837BD4680BD80B5AD
:10CFC0008CB002AFF860B96011461A460B46FB8080
:10CFD0001346BB80FB689B887B84BB883B843B8E6D
:10CFE000FB833A8CFB8B9A4204D33A8CFB8BD31A8B
:10CFF0009BB208E07B8C5B009AB2398CFB8BCB1A1E
:10D000009BB213449BB2FB84FB8C002B01D1002309
:10D0100041E0FB689B88FA8C9A421BD9FB68BB6194
:10D02000BB88FB82BB699B88FA8A9A4205D3BB699D
:10D030009B88FA8AD31ABB8204E0BB699A88FB8A70
:10D040001344BB82BB69BA8A5A81BB8A3B86FB68A0
:10D050009B88FB84FA8CFB889A4201D2FB8CFB8074
:10D06000FB689B887B823B8E3B8203E03A8A7B8A0B
:10D07000D31A3B827A8A3B8A9A42F7D93B8ABB848D
:10D08000B98CFA8897F8343000930B46B968F86881
:10D09000FFF729FEFB8818462837BD4680BD80B5BE
:10D0A00092B002AFF860B96011461A460B46FB8099
:10D0B00013467B71FB88002B01D10023BCE0FB6889
:10D0C0001B89FB87FB685B89FB86BB68BB63FB68CE
:10D0D000DB79C3F3C013DBB283F00103DBB2002BB7
:10D0E00036D0FB689B887B85FB8F3B85FB8EFB8462
:10D0F0007B8DBB843B8D7B84FB8C3B847A8C3B8C0F
:10D100009A4204D37A8C3B8CD31A9BB208E0BB8C36
:10D110005B009AB2798C3B8CCB1A9BB213449BB2C6
:10D12000FB837A8DFB8B9A4204D97A8DFB8BD31AC1
:10D130009BB200E000237B86FB88FB857B8EBB8552
:10D14000FA8DBB8D934228BF13469BB2FB804BE008
:10D15000FB689B88FA889A4217D37B79002B0ED103
:10D16000FB88FA6892889B1AFA68D288C2F30E028A
:10D1700092B202FB03F31A46BB6B1344BB63FB681A
:10D180009B88FB80FB8EFB872EE0FB689B88BB8324
:10D19000FB8F7B83FB8E3B837A8B3B8B9A4204D342
:10D1A0007A8B3B8BD31A9BB208E0BB8B5B009AB2A5
:10D1B000798B3B8BCB1A9BB213449BB2BB86BA8E46
:10D1C000FB881A44FB689B885B009A420CDBFB6877
:10D1D0009888FB689A88FB88D31A9AB2FB8E194606
:10D1E000FFF761FE0346FB87FB88002B23D0FB681B
:10D1F0009B88FB82FB8FBB8203E0BA8AFB8AD31A2F
:10D20000BB82FA8ABB8A9A42F7D9BB8A3B86398E9F
:10D21000FA887B7900930B46B96BF868FFF766FCD8
:10D22000FB689B88FA88F98F1846FFF73CFE034697
:10D230001A46FB681A81FB8818464037BD4680BDF8
:10D2400080B586B002AFF860B96011461A460B4649
:10D25000FB8013467B71FB681B8998B2FB685B8976
:10D260009BB2F9887A790192009303460A46B9681D
:10D27000F868FFF7A4FE0346FB80FB689888FB680C
:10D280005B899BB2FA881946FFF70DFE03461A46E2
:10D29000FB685A81FB8818461037BD4680BD80B4B4
:10D2A00087B000AF78607B6899887B681B899AB2E9
:10D2B0007B685B899BB279823A82FB813A8AFB89DF
:10D2C0009A4204D33A8AFB89D31A9BB208E07B8A3C
:10D2D0005B009AB2398AFB89CB1A9BB213449BB28A
:10D2E0007A689288FB821346BB82FA8ABB8A934291
:10D2F00028BF13469BB218461C37BD465DF8047B19
:10D30000704780B483B000AF78607B681B899AB2A5
:10D310007B685B899BB29A420CBF01230023DBB27E
:10D3200018460C37BD465DF8047B704780B485B065
:10D3300000AF78607B6899887B681B899AB27B68AC
:10D340005B899BB2F981BA817B81BA897B899A42D8
:10D3500004D3BA897B89D31A9BB208E0FB895B00AE
:10D360009AB2B9897B89CB1A9BB213449BB27A6873
:10D37000928893422CBF01230023DBB21846143756
:10D38000BD465DF8047B704780B487B000AF78601D
:10D390007B6899887B681B899AB27B685B899BB2A2
:10D3A000F982BA827B82FB8A3B82BB8AFB817B8AC1
:10D3B000BB81FA89BB899A4204D3FA89BB89D31A03
:10D3C0009BB208E03B8A5B009AB2F989BB89CB1A11
:10D3D0009BB213449BB27B81FA8A7B899A4204D91F
:10D3E000FA8A7B89D31A9BB200E0002318461C37C7
:10D3F000BD465DF8047B704780B584B000AF7860AF
:10D4000039607B681B899AB27B685B899BB23968FB
:10D410007868FFF76EFD0346FB737B6898887B682E
:10D420005B899BB2FA7B92B21946FFF73CFD03463B
:10D430001A467B685A81FB7B18461037BD4680BD73
:10D4400080B584B000AFF860B9601346FB80FA88FD
:10D450000023B968F868FFF7F3FE03461846103753
:10D46000BD4680BD80B584B000AFF860B96013469A
:10D47000FB80FA880123B968F868FFF7E1FE0346EC
:10D4800018461037BD4680BD80B586B000AF7860C5
:10D4900039607B681B89BB827868FFF747FF0346CA
:10D4A000002B0CD07B68DB79C3F3C013DBB283F0B5
:10D4B0000103DBB2002B02D00023FB7522E07B6866
:10D4C0009B883B82BB8AFB8103E0FA893B8AD31AA3
:10D4D000FB813A8AFB899A42F7D9FB897B827B8A56
:10D4E0001A4639687868FFF7E2FA7B689B88B98A40
:10D4F00001221846FFF7D7FC03461A467B681A81BB
:10D500000123FB75FB7D18461837BD4680BD80B5ED
:10D5100084B000AFF860B9601346FB80FA8800233E
:10D52000B968F868FFF7BBFD034618461037BD46DB
:10D5300080BD80B584B000AFF860B9601346FB8051
:10D54000FA880123B968F868FFF7A9FD0346184671
:10D550001037BD4680BD80B483B000AF78607B6873
:10D5600000225A817B6800221A81012318460C3759
:10D57000BD465DF8047B704780B483B000AF78602F
:10D580000B46FB707A68D379F97861F3C713D371CE
:10D59000012318460C37BD465DF8047B7047000038
:10D5A00080B483B000AF0346FB71144B002B12D044
:10D5B000134B1B78FA799A4208D2124B1968FA7900
:10D5C00013465B001344DB000B4410E00C4B1B784C
:10D5D000FA79D31AFB71FB79012B07D8FA79134634
:10D5E0005B001344DB00084A134400E000231846A4
:10D5F0000C37BD465DF8047B704700BF000000009B
:10D600003450002030500020DC5E030880B400AFAE
:10D61000064B5B78DBB2002B14BF01230023DBB287
:10D620001846BD465DF8047B704700BF04500020DB
:10D6300080B400AF074B1B78C3F38003DBB2002B31
:10D6400014BF01230023DBB21846BD465DF8047BFE
:10D65000704700BF0450002080B400AF054B1B781A
:10D66000FF2B14BF01230023DBB21846BD465DF833
:10D67000047B7047B101002080B588B000AF03463D
:10D68000FB71FFF7E9FF0346002B01D0012360E0A7
:10D690002B220021314804F025FA314BFB60FB6856
:10D6A00004331846FFF757FFFB682E4A13602D4BD3
:10D6B0001B68002B10D14FF4CA722B492B4804F081
:10D6C00027F92B4B3B613B691B6803F00103002BDF
:10D6D00000D000BE00233CE0264B002B05D026489E
:10D6E000AFF300800346254A13600023FB771EE05A
:10D6F000FB7F1846FFF754FFB861BB69002B10D1C0
:10D700004FF4D0721849194804F002F9184B7B61A4
:10D710007B691B6803F00103002B00D000BE0023CF
:10D7200017E0BB691B689847FB7F0133FB77124BFF
:10D730001B785A1CFB7F9A42DADA114AFB79137084
:10D74000FB79184602F03AF9FB79184602F0A8F97D
:10D75000012318462037BD4680BD00BF045000207D
:10D76000B4010020F85000200C5F03084C3F010872
:10D77000F0ED00E0000000003450002030500020A8
:10D78000B101002080B586B000AF0346FB710023D5
:10D79000FB751FE0FB7D1846FFF702FF38613B6910
:10D7A000002B0FD140F2B3121749184804F0B0F81B
:10D7B000174BFB60FB681B6803F00103002B1FD0B5
:10D7C00000BE1DE03B695B68FA7910469847FB7D17
:10D7D0000133FB750F4B1B785A1CFB7D9A42D9DA3B
:10D7E0002B2200210C4804F07DF91022FF210B4868
:10D7F00004F078F90C22FF21094804F073F900E0E5
:10D8000000BF1837BD4680BD185F03084C3F0108B4
:10D81000F0ED00E0345000200450002007500020BC
:10D820001750002080B582B000AF0346FB71FB7932
:10D830001846FFF7A7FF01F0DBFB00BF0837BD4626
:10D8400080BD000090B591B000AF78600B46FB70D2
:10D85000FFF702FF034683F00103DBB2002B40F029
:10D8600030819C4B1B68FB6207F10803BB627B683D
:10D870007B62FB6A3B623B6A1B680020984700BFE3
:10D88000FB6A0433B96A1846FFF7B6FD0346FB7717
:10D89000FB6ABB61BB691B680120984700BFFB7F27
:10D8A00083F00103DBB2002B40F00D817B7A013B5A
:10D8B000072B00F2F08001A252F823F0DDD8000817
:10D8C000EDD8000897DA00083DDA00086DDA0008A4
:10D8D00003D9000871D9000887DA00083B7A184696
:10D8E000FFF7A0FF3A7B7C4B9A70E9E03B7A184641
:10D8F000FFF798FF794B002B00F0D780AFF3008043
:10D90000D3E0754A137843F001031370724AD37F52
:10D910006FF30003D377704AD37F6FF38203D3771B
:10D920006D4A92F820306FF3000382F820306A4A83
:10D9300092F820306FF3820382F820303A7A07F1B0
:10D94000080304331946104600F0ECF8034683F050
:10D950000103DBB2002B00F0AA803B7A00211846BD
:10D9600002F02EFC3B7A8021184602F029FC9EE052
:10D970003B7B87F83F3097F83F30BB75BB7D03F0AA
:10D980007F03DBB287F83E3097F83F30FB75FB7DB5
:10D99000DB09DBB287F83D3097F83E2097F83D3041
:10D9A0004D4952000A44134403F11802D3796FF32E
:10D9B0000003D37197F83E2097F83D304649520056
:10D9C0000A44134403F11802D3796FF38203D3712D
:10D9D00097F83E30002B07D1387A7A7B3B6997F86D
:10D9E0003F1001F03BFB6BE097F83E2097F83D308D
:10D9F000394952000A44134413331B781846FFF781
:10DA0000CFFDB863BB6B002B0FD140F22922344904
:10DA1000344803F07DFF344B7B637B6B1B6803F062
:10DA20000103002B51D000BE4FE0BB6B1C69387A5C
:10DA30007A7B3B6997F83F10A04741E0264B1B7863
:10DA4000C3F30003DBB2002B33D0284B002B30D0C4
:10DA5000214B1B78C3F3C003DBB2002B14BF01239F
:10DA60000023DBB21846AFF3008022E01A4B1B788C
:10DA7000C3F30003DBB2002B1DD01D4B002B1AD0CB
:10DA8000AFF3008017E0FB68002B16D0FB683A6903
:10DA90001046984711E0144B3B633B6B1B6803F047
:10DAA0000103002B0BD000BE09E000BFD9E600BF88
:10DAB000D7E600BFD5E600BFD3E600BFD1E600BF82
:10DAC000CFE600BF02E000BF00E000BF4437BD4624
:10DAD00090BD00BFF850002004500020000000005E
:10DAE0002C5F03084C3F0108F0ED00E0000000004F
:10DAF0000000000080B584B000AF0346B9607A60D2
:10DB0000FB73BB68DB68184601F07EFABB68DB6814
:10DB1000F87B7A6801219847034618461037BD46BE
:10DB200080BD000080B594B000AF03463960FB7142
:10DB3000002001F069FA3B681B7803F06003DBB258
:10DB4000602B10D140F26E22A349A44803F0E0FEFE
:10DB5000A34BBB61BB691B6803F00103002B00D022
:10DB600000BE002359E23B681B7803F06003DBB280
:10DB7000402B0FD19B4B002B01D100234DE2994844
:10DB800001F042FAFB793A6801211846AFF30080B0
:10DB9000034642E23B681B78C3F30403DBB2022B6B
:10DBA00000F08281022B00F32B82002B03D0012B8B
:10DBB00000F0298124E23B681B7803F06003DBB2AC
:10DBC000202B23D13B689B889BB2FB82FB8ADBB274
:10DBD00087F8273097F827300F2B01D900231CE254
:10DBE00097F82730804A1344DB781846FFF7D8FCB3
:10DBF00038623B6A002B01D100230EE2FB793A68C0
:10DC0000396A1846FFF776FF034606E23B681B7841
:10DC100003F06003DBB2002B0AD0714BBB62BB6A1E
:10DC20001B6803F00103002B00D000BE0023F4E1C9
:10DC30003B685B78092B00F2D98001A252F823F0EF
:10DC4000A1DD00087DDD0008EDDD000859DD0008DC
:10DC5000EDDD000869DC00083FDD0008EDDD0008AF
:10DC60008DDC0008A5DC0008386801F0DDF93B68B0
:10DC70005B889BB2DAB2FB791146184601F040FF8F
:10DC8000594A137843F002031370BBE0564B5B789C
:10DC9000DBB2FB7307F10F02F8790123396801F059
:10DCA00025F9AFE03B685B889BB287F837304E4B75
:10DCB0005B78DBB297F837209A4236D04A4B5B78D4
:10DCC000DBB2002B0FD0FB79184602F0D9F8464B97
:10DCD0009B7887F83630FB791846FFF753FD424AA8
:10DCE00097F83630937097F83730002B1DD097F89F
:10DCF0003720FB791146184600F09CF9034683F063
:10DD00000103DBB2002B10D040F2C222324933486B
:10DD100003F0FEFD324B3B633B6B1B6803F00103DA
:10DD2000002B00D000BE002377E12F4A97F8373050
:10DD30005370FB793968184601F066F862E0FB79A8
:10DD40003968184600F0B4FA034683F00103DBB2E9
:10DD5000002B56D0002360E13B685B889BB2012B0F
:10DD600001D0002359E1204A137843F008031370CF
:10DD7000FB793968184601F047F843E03B685B8857
:10DD80009BB2012B01D0002347E1174A13786FF3B0
:10DD9000C3031370FB793968184601F035F831E098
:10DDA000114B1B785B09DBB29BB203F001039AB203
:10DDB0000D4B1B789B08DBB29BB203F002039BB2B6
:10DDC00013439BB2BB8107F10C02F8790223396837
:10DDD00001F08CF816E000BF3C5F03084C3F0108DF
:10DDE000F0ED00E000000000045000208D4BFB62CD
:10DDF000FB6A1B6803F00103002B00D000BE002368
:10DE00000BE100BF08E13B689B889BB2BB82BB8AE9
:10DE1000DBB287F83F3097F83F300F2B01D9002352
:10DE2000FBE097F83F30804A1344DB781846FFF751
:10DE3000B7FBB863BB6B002B01D10023EDE0FB798E
:10DE40003A68B96B1846FFF755FE034683F00103A5
:10DE5000DBB2002B00F0DF803B681B7803F060032F
:10DE6000DBB2002B01D00023D7E03B685B780A3B94
:10DE7000012B16D8002001F0C7F83B685B780A2B0D
:10DE800009D10023FB7207F10B02F87901233968ED
:10DE900001F02CF807E0FB793968184600F0B4FF70
:10DEA00001E00023B9E0B6E03B689B889BB23B826F
:10DEB0003B8ADBB287F84F3097F84F30BB74BB7C9E
:10DEC00003F07F03DBB287F84E3097F84F30FB74D6
:10DED000FB7CDB09DBB287F84D3097F84E30052B21
:10DEE00010D940F222325149514803F011FD4D4BF7
:10DEF0003B643B6C1B6803F00103002B00D000BEA9
:10DF000000238AE097F84E2097F84D30464952009A
:10DF10000A44134413331B781846FFF741FBB864D7
:10DF20003B681B7803F06003DBB2002B0CD0BB6CAA
:10DF3000002B01D1002370E0FB793A68B96C1846D8
:10DF4000FFF7D8FD034668E03B685B78032B18D0E9
:10DF5000032B48DC002B02D0012B12D043E097F8B2
:10DF60004F20FB791146184600F004FF03469BB290
:10DF70003B8107F10802F8790223396800F0B6FF07
:10DF80003DE03B685B889BB2002B12D13B685B781D
:10DF9000012B07D197F84F20FB791146184600F066
:10DFA0009DFE06E097F84F20FB791146184600F0D9
:10DFB00049FEBB6C002B21D0FB793A68B96C18463E
:10DFC000FFF798FD002001F01FF8174B93F8203061
:10DFD000C3F30003DBB2002B10D1FB79396818467C
:10DFE00000F012FF0AE00F4B7B647B6C1B6803F0B0
:10DFF0000103002B00D000BE00230EE000BF0BE0A9
:10E00000084BFB61FB691B6803F00103002B00D088
:10E0100000BE002301E000BF012318465037BD4673
:10E0200080BD00BFF0ED00E0045000203C5F03081D
:10E030004C3F010880B594B000AF03460A46FB711F
:10E040001346BB71BB79013BDBB21846F6F740FAC9
:10E0500078647B6C002B03D07B6C5B78022B10D038
:10E0600040F26A328A498B4803F052FC8A4BBB610A
:10E07000BB691B6803F00103002B00D000BE002326
:10E0800002E17B6CDB795B1103F00103D9B2834AB7
:10E09000137861F3041313707B6CDB799B1103F02D
:10E0A0000103D9B27D4A137861F3451313707B6C79
:10E0B0000933FB647B6C5B889BB21A467B6C134410
:10E0C0003B64D6E0012387F84B30FB6C7B617B69B6
:10E0D00001331B780B2B0FD1FB6CFB63FB6BDB78E5
:10E0E00087F84B30FB6C3B613B69FB60FB681B783E
:10E0F0001A46FB681344FB64FB6CBB60BB680133CE
:10E100001B78042B10D040F285326149614803F03E
:10E11000FFFB614BFB61FB691B6803F00103002BF4
:10E1200000D000BE0023AFE0FB6CBB633A6CFB6C1D
:10E13000D31AFB86002387F84A307AE097F84A30F2
:10E140001846FFF72DFA38633B6B002B10D140F2D5
:10E150008E324F494F4803F0DBFB4F4B7B627B6AAB
:10E160001B6803F00103002B00D000BE00238BE0EE
:10E170003B6B9B68FA8EF879B96B98470346FB8531
:10E18000FB8D082B50D9FA8DFB8E9A424CD897F80C
:10E190004B30012B07D13B6B9B68414A934202D124
:10E1A000022387F84B30002387F849302AE0BB6B05
:10E1B0009A7897F84930134487F82D3097F82D3026
:10E1C000364A1344DB78FF2B10D040F2AD32304991
:10E1D000304803F09DFB304BBB62BB6A1B6803F009
:10E1E0000103002B00D000BE00234DE097F82D3036
:10E1F0002A4A134497F84A20DA7097F849300133D5
:10E2000087F8493097F8492097F84B309A42CED397
:10E2100097F84A30FA8DB96B224802F00BFEFB8D5D
:10E22000FA6C1344FB640CE097F84A30013387F82A
:10E230004A301D4B1B785A1C97F84A309A42BFF659
:10E240007DAF194B1B785A1C97F84A309A4210DA66
:10E250004FF46F720E490F4803F05AFB0E4B3B62AE
:10E260003B6A1B6803F00103002B00D000BE0023B3
:10E270000AE0FA6C3B6C9A42FFF424AF0B4B002B84
:10E2800001D0AFF30080012318465037BD4680BD52
:10E29000545F03084C3F0108F0ED00E004500020FB
:10E2A0006DC200081750002034500020000000000C
:10E2B00080B594B000AF03463960FB713B685B8862
:10E2C0009BB2BB84BB8C1B0A9BB2DBB287F84B3082
:10E2D0003B685B889BB2FB84FB8CDBB287F84A30DF
:10E2E00097F84B30013B0E2B00F2C88001A252F888
:10E2F00023F000BF31E30008A1E3000815E40008A3
:10E300007DE400087DE400084BE40008A1E3000878
:10E310007DE400087DE400087DE400087DE4000859
:10E320007DE400087DE400087DE4000847E3000880
:10E33000F6F7C4F8B862F8791223BA6A396800F0BF
:10E34000D5FD03469BE0504B002B01D1002396E006
:10E35000AFF3008003467B647B6C002B10D140F24E
:10E36000ED324A494A4803F0D3FA4A4BFB63FB6B50
:10E370001B6803F00103002B00D000BE00237EE0E9
:10E380007B6C02333B623B6A1B88A7F842307A6C95
:10E39000B7F84230F879396800F0A8FD03466EE01E
:10E3A00097F84B30022B07D197F84A301846F6F70A
:10E3B0008FF80346FB640BE0374B002B01D10023A1
:10E3C0005DE097F84A301846AFF300800346FB64DF
:10E3D000FB6C002B10D140F207422C492C4803F073
:10E3E00097FA2C4BFB62FB6A1B6803F00103002BBE
:10E3F00000D000BE002342E0FB6C0233FB61FB69EE
:10E400001B887B86FA6C7B8EF879396800F06EFD8C
:10E41000034634E03B689B889AB297F84A3011462D
:10E420001846F6F763F878637B6B002B01D1002365
:10E4300025E07B6BBB61BB691B789BB2F8797A6B7B
:10E44000396800F053FD034619E0144B002B01D14D
:10E45000002314E0AFF30080B863BB6B002B01D145
:10E4600000230CE0BB6B7B617B691B789BB2F87966
:10E47000BA6B396800F03AFD034600E00023184605
:10E480005037BD4680BD00BF00000000685F030834
:10E490004C3F0108F0ED00E000000000000000002B
:10E4A00080B5AAB000AF78600B46FB707B685B78E4
:10E4B000023B032B00F2B18101A252F823F000BF0E
:10E4C000D1E40008F3E600089BE500084BE60008ED
:10E4D0008A4A13786FF300031370884A13786FF336
:10E4E00041031370854B00225A70844A13786FF3EE
:10E4F00082031370824B1B68C7F89C307B68C7F897
:10E500009830FB7887F8973097F8973083F00103BD
:10E51000DBB2002B09D0D7F89C30C7F89030D7F881
:10E5200090301B680020984700BFD7F89C30043318
:10E53000D7F898101846FEF7A7FF034687F88F30E4
:10E5400097F8973083F00103DBB2002B09D0D7F89E
:10E550009C30C7F88830D7F888301B68012098476E
:10E5600000BF97F88F3083F00103DBB2002B10D08F
:10E57000B5226449644803F0CBF9644BC7F8843092
:10E58000D7F884301B6803F00103002B03D000BED2
:10E5900001E000BF8BE100BF89E1584B1B78C3F35A
:10E5A0000003DBB2002B00F07D81544A137843F066
:10E5B00004031370524B1B68C7F880307B68FB67FD
:10E5C000FB7887F87B3097F87B3083F00103DBB270
:10E5D000002B07D0D7F880307B677B6F1B6800204B
:10E5E000984700BFD7F880300433F96F1846FEF71C
:10E5F0004BFF034687F8733097F87B3083F00103B5
:10E60000DBB2002B07D0D7F88030FB66FB6E1B68AF
:10E610000120984700BF97F8733083F00103DBB205
:10E62000002B0ED0B5223749374803F071F9374B2C
:10E63000BB66BB6E1B6803F00103002B03D000BE5A
:10E6400001E000BF2EE100BF2CE12C4B1B78C3F38F
:10E650000003DBB2002B00F02781284A13786FF308
:10E6600082031370264B1B687B667B683B66FB78D6
:10E6700087F85F3097F85F3083F00103DBB2002B3F
:10E6800006D07B6EBB65BB6D1B680020984700BF42
:10E690007B6E0433396E1846FEF7F6FE034687F8A4
:10E6A000573097F85F3083F00103DBB2002B06D0C0
:10E6B0007B6E3B653B6D1B680120984700BF97F858
:10E6C000573083F00103DBB2002B0ED0B5220D4989
:10E6D0000D4803F01DF90D4BFB64FB6C1B6803F048
:10E6E0000103002B03D000BE01E000BFDCE000BF4F
:10E6F000DAE0002387F8A73028E000BF04500020AC
:10E70000F8500020805F03084C3F0108F0ED00E066
:10E7100097F8A7301846FEF743FFC7F8A000D7F8D0
:10E72000A030002B0DD0D7F8A0305B69002B08D0AB
:10E73000D7F8A0305B697A6810787A685268114619
:10E74000984797F8A730013387F8A7305A4B1B78C2
:10E750005A1C97F8A7309A42DADA584B1B78C3F361
:10E760008003DBB2002B00F0A180544A13786FF3D2
:10E770008203137007F1080300221A605A609A603E
:10E780007B681B783B7205237B724D4B1B68BB6417
:10E7900007F108037B64FB7887F8433097F8433030
:10E7A00083F00103DBB2002B06D0BB6CFB63FB6B79
:10E7B0001B680020984700BFBB6C0433796C184677
:10E7C000FEF762FE034687F83B3097F8433083F04C
:10E7D0000103DBB2002B06D0BB6C7B637B6B1B6839
:10E7E0000120984700BF97F83B3083F00103DBB26C
:10E7F000002B0ED0B5223349334803F089F8334B50
:10E800003B633B6B1B6803F00103002B03D000BE8E
:10E8100001E000BF4AE000BF48E0294B1B68FB62F3
:10E820007B68BB62FB7887F8273097F8273083F046
:10E830000103DBB2002B06D0FB6A3B623B6A1B681C
:10E840000020984700BFFB6A0433B96A1846FEF7F8
:10E850001BFE0346FB7797F8273083F00103DBB2FA
:10E86000002B06D0FB6ABB61BB691B68012098477F
:10E8700000BFFB7F83F00103DBB2002B0ED0B5227B
:10E880001049114803F044F8104B7B617B691B6809
:10E8900003F00103002B03D000BE01E000BF06E03F
:10E8A00000BF04E000BF02E000BF00E000BF00BF07
:10E8B000A837BD4680BD00BF345000200450002062
:10E8C000F8500020805F03084C3F0108F0ED00E0A5
:10E8D00080B582B000AF0346FB71FB79002B05D0F9
:10E8E000074B1B78184601F0DBF804E0044B1B785B
:10E8F000184601F0EDF800BF0837BD4680BD00BFE7
:10E90000B101002080B58AB000AF396011461A46C7
:10E910000346FB710B46BB7113467B7100237B6280
:10E9200059E03B683B623B6A5B78052B08D13B6A48
:10E93000DB78C3F30103DBB21A467B79934210D034
:10E9400040F287422849294802F0E2FF284BBB6188
:10E95000BB691B6803F00103002B00D000BE00233D
:10E960003EE0FB79396A184600F044F8034683F02C
:10E970000103DBB2002B10D04FF491621A491B48FF
:10E9800002F0C6FF1A4BFB61FB691B6803F0010331
:10E99000002B00D000BE002322E03B6A9B78FB7571
:10E9A000FB7DDB09DBB2012B04D13B6A9A787B6BE0
:10E9B0001A7003E03B6A9A783B6B1A703B683B61C4
:10E9C0003B69FB60FB681B781A46FB6813443B609D
:10E9D0007B6A01337B62BB797A6A9A42A1DB0123AD
:10E9E00018462837BD4680BD905F03084C3F01089C
:10E9F000F0ED00E080B586B000AF03463960FB71F2
:10EA0000214B1B78FB713B689B78FB73FB7B03F00E
:10EA10007F03DBB2052B10D940F2AF421B491C48E3
:10EA200002F076FF1B4B3B613B691B6803F001035F
:10EA3000002B00D000BE002322E0174B9B78194624
:10EA4000386802F065F9034683F00103DBB2002B5E
:10EA500010D04FF496620D490D4802F059FF0D4B4E
:10EA60007B617B691B6803F00103002B00D000BEB3
:10EA7000002305E0FB793968184601F0ADF803463C
:10EA800018461837BD4680BDB1010020A45F0308B9
:10EA90004C3F0108F0ED00E00450002080B586B046
:10EAA00000AF03460A46FB711346BB71BB79BB73CB
:10EAB000BB7B03F07F03DBB2FB75BB79FB73FB7B96
:10EAC000DB09DBB2BB75FA7DBB7D52001344183302
:10EAD000064A134407333B610021386902F0B4F859
:10EAE000034618461837BD4680BD00BF04500020BD
:10EAF00080B586B000AF03460A46FB711346BB7172
:10EB0000BB79BB73BB7B03F07F03DBB2FB75BB79C7
:10EB1000FB73FB7BDB09DBB2BB75FA7DBB7D52006F
:10EB200013441833064A134407333B610021386904
:10EB300002F0C4F8034618461837BD4680BD00BF32
:10EB40000450002080B586B000AF3A601A460346F4
:10EB5000FB710B46BB711346BB80354B1B78FB71B9
:10EB6000BB79BB72BB7A03F07F03DBB2FB75BB7969
:10EB7000FB72FB7ADB09DBB2BB75FA7DBB7D2D49ED
:10EB800052000A4413441833DB79C3F30003DBB2A9
:10EB9000002B10D040F2DB422749284802F0B8FE93
:10EBA000274BFB60FB681B6803F00103002B00D0C0
:10EBB00000BE002338E0FA7DBB7D1E4952000A44A6
:10EBC000134403F11802D37943F00103D371BB88D6
:10EBD000B979F8793A6801F09FF90346002B01D022
:10EBE000012321E0FA7DBB7D124952000A441344FF
:10EBF00003F11802D3796FF30003D371FA7DBB7D63
:10EC00000C4952000A44134403F11802D3796FF3FC
:10EC10008203D3710A4B3B613B691B6803F001031C
:10EC2000002B00D000BE002318461837BD4680BD1B
:10EC3000B101002004500020B45F03084C3F0108DC
:10EC4000F0ED00E080B584B000AF03460A46FB71EA
:10EC50001346BB711F4B1B78FB71BB793B733B7B2E
:10EC600003F07F03DBB2FB73BB797B737B7BDB0938
:10EC7000DBB2BB73FA7BBB7B174952000A441344D7
:10EC80001833DB79C3F34003DBB2002B1DD1BA7913
:10EC9000FB791146184601F093FAFA7BBB7B0E49CB
:10ECA00052000A44134403F11802D37943F00203DB
:10ECB000D371FA7BBB7B084952000A44134403F129
:10ECC0001802D37943F00103D37100BF1037BD465A
:10ECD00080BD00BFB10100200450002080B584B089
:10ECE00000AF03460A46FB711346BB711F4B1B78EE
:10ECF000FB71BB793B733B7B03F07F03DBB2FB73A0
:10ED0000BB797B737B7BDB09DBB2BB73FA7BBB7BA1
:10ED1000174952000A4413441833DB79C3F3400304
:10ED2000DBB2002B1DD0BA79FB791146184601F0F1
:10ED300059FAFA7BBB7B0E4952000A44134403F193
:10ED40001802D3796FF34103D371FA7BBB7B084977
:10ED500052000A44134403F11802D3796FF30003FD
:10ED6000D37100BF1037BD4680BD00BFB101002088
:10ED70000450002080B485B000AF03460A46FB7102
:10ED80001346BB71BB793B733B7B03F07F03DBB264
:10ED9000FB73BB797B737B7BDB09DBB2BB73FA7BD9
:10EDA000BB7B0A4952000A4413441833DB79C3F38E
:10EDB0004003DBB2002B14BF01230023DBB2184653
:10EDC0001437BD465DF8047B704700BF0450002037
:10EDD00080B584B000AF03463960FB713B681B7897
:10EDE00023F07F03DBB2002B01D0002300E080235F
:10EDF000FB73F97BF87900230022FFF7A3FE03469B
:10EE000018461037BD4680BD80B582B000AF0346BE
:10EE10003960FB710B4B3A681068516803C3094BAA
:10EE200000229A60074B0022DA81064B00229A8169
:10EE3000FB7939681846FFF7CBFF034618460837B9
:10EE4000BD4680BDFC50002080B588B000AF0346B1
:10EE5000FB71244B9A89234BDB89D31A9BB27B83AA
:10EE600040233B837A8B3B8B934228BF13469BB254
:10EE7000BB830023FB771B4B1B7823F07F03DBB2A4
:10EE8000002B1ED08023FB77BB8B002B19D0154B9A
:10EE90009A68BB8B1449796140213961FA60BB6083
:10EEA0003A69BB689A4202D24FF0FF3305E0BA6874
:10EEB000F968786902F095FE0023002B01D0002349
:10EEC0000BE0BB8B002B01D0074A00E00022BB8B7C
:10EED000F97FF879FFF736FE034618462037BD461E
:10EEE00080BD00BFFC5000201051002080B588B0CC
:10EEF00000AFB9607A601A460346FB731346BB81C4
:10EF0000374BBA681068516803C3354A7B68936011
:10EF1000334B0022DA81BB68DB889AB2BB897B82E3
:10EF200013463B827A8A3B8A934228BF13469AB2A1
:10EF30002B4B9A81BB68DB889BB2002B30D0284BCF
:10EF40009B89002B12D07B68002B0FD1752225499D
:10EF5000254802F0DDFC254BBB61BB691B6803F053
:10EF60000103002B00D000BE002335E0FB7B1846D8
:10EF7000FFF76AFF034683F00103DBB2002B2AD0C0
:10EF80007B221849184802F0C3FC184B7B617B694F
:10EF90001B6803F00103002B00D000BE00231BE020
:10EFA000FB7BB9681846FFF713FF034683F00103A4
:10EFB000DBB2002B0FD080220A490B4802F0A8FCDC
:10EFC0000A4BFB61FB691B6803F00103002B00D0B7
:10EFD00000BE002300E0012318462037BD4680BD57
:10EFE000FC500020C45F0308643F0108F0ED00E01E
:10EFF00080B500AF14220021024802F073FD00BF6B
:10F0000080BD00BFFC50002080B483B000AF7860AA
:10F01000044A7B68136100BF0C37BD465DF8047B72
:10F02000704700BFFC50002080B483B000AF786010
:10F03000094B7A681068516803C3074B00229A6035
:10F04000054B0022DA81044B00229A8100BF0C3765
:10F05000BD465DF8047B7047FC50002080B588B049
:10F0600000AF3B600346FB710B46BB7113467B71DF
:10F07000BB79FB73FB7BDB09DBB2584A1278C2F326
:10F08000C012D2B2934226D03B68002B0FD0AD22E3
:10F090005349544802F03CFC534B3B613B691B68AD
:10F0A00003F00103002B00D000BE002391E04F4B82
:10F0B000002B04D0FB7949491846AFF30080474B39
:10F0C0001B69002B05D0454B1B69F879434A032186
:10F0D000984701237DE0414B1B7823F07F03DBB28F
:10F0E000002B0CD13D4B9B68002B01D1002370E01D
:10F0F0003A4B9B683A683E49184602F072FD374B1E
:10F10000DA893B689BB213449AB2344BDA81334BB1
:10F110009A683B681344314A9360304BDA882F4B2E
:10F12000DB899A4202D03B683F2B36D80123FB771C
:10F130002A4B1B69002B07D0284B1B69F879274AFB
:10F14000022198470346FB77FB7F002B1AD0FB79FF
:10F1500022491846FFF73CFE034683F00103DBB269
:10F16000002B34D0DA221E491E4802F0D1FB1E4B80
:10F170007B617B691B6803F00103002B00D000BE9C
:10F18000002326E0FB790021184601F019F8FB79ED
:10F190008021184601F014F819E0FB791846FFF7B2
:10F1A00053FE034683F00103DBB2002B10D0E522AF
:10F1B0000B490C4802F0ACFB0B4BBB61BB691B68F5
:10F1C00003F00103002B00D000BE002301E000BFCC
:10F1D000012318462037BD4680BD00BFFC500020EB
:10F1E000D85F0308643F0108F0ED00E00000000074
:10F1F0001051002080B586B000AF03463960FB7126
:10F200001346BB7107F10C0300221A605A609A6022
:10F21000FB793B7303237B733B683B61BA7907F14E
:10F220000C0311461846FFF73BF900BF1837BD46DF
:10F2300080BD000080B483B000AF0346FB7197F936
:10F240000730002B0BDBFB7903F01F02074997F90E
:10F2500007305B09012000FA02F241F8232000BFC9
:10F260000C37BD465DF8047B704700BF00E100E04D
:10F2700080B483B000AF0346FB7197F90730002BD1
:10F2800012DBFB7903F01F020A4997F907305B098B
:10F29000012000FA02F2203341F82320BFF34F8F00
:10F2A00000BFBFF36F8F00BF00BF0C37BD465DF8D6
:10F2B000047B704700E100E080B483B000AF786069
:10F2C0000B46FB70FB78002B06D17B689B6B43F4ED
:10F2D00080327B689A6305E07B689B6B23F4803205
:10F2E0007B689A6300BF0C37BD465DF8047B7047AE
:10F2F00080B485B000AF78600B46FB70FB78002BC4
:10F3000052D12C4B1B682C4A934202D30623FB603C
:10F3100041E0284B1B68294A934202D90723FB602E
:10F3200039E0244B1B68264A934202D30823FB6032
:10F3300031E0204B1B68234A934202D90923FB602A
:10F3400029E01C4B1B68204A934202D90A23FB6028
:10F3500021E0184B1B681D4A934202D90B23FB6026
:10F3600019E0144B1B681A4A934202D30C23FB602A
:10F3700011E0104B1B68174A934202D30D23FB6028
:10F3800009E00C4B1B68144A934202D30E23FB6026
:10F3900001E00F23FB607B68DB6823F47052FB689D
:10F3A0009B021A437B68DA6000BF1437BD465DF8E4
:10F3B000047B7047900100200048E801DF9DA30115
:10F3C00000366E013FA44C01FF2C31019F491A0108
:10F3D000807306010024F400C0E1E40080B483B02F
:10F3E00000AF03460A46FB8013467B71FB889B08EF
:10F3F0009AB27B799BB213449BB25B009BB20F33F2
:10F400009BB218460C37BD465DF8047B7047000080
:10F4100080B586B000AF0346FB71FB791B4A1B0128
:10F4200013441B683B61FB79184A1B0113440833E2
:10F430001B78FB730023FB8200237B7513E07B7D2D
:10F44000134A5B0113440A331A88FB8ABB811346B3
:10F450007B81BA897B89934238BF13469BB2FB827A
:10F460007B7D01337B757A7DFB7B9A42E7D3FA7B08
:10F47000FB8A11461846FFF7B1FF03461A463B695F
:10F480005A6200BF1837BD4680BD00BFF05F030859
:10F490005851002080B586B000AF0346FB71FB7960
:10F4A0003F4A1B0113441B683B61FB793C4A1B012B
:10F4B000134408331B78FB734FF4907200213948D2
:10F4C00002F010FB384B00221A70384B00221A70E1
:10F4D0003B69D3F8003823F4FE623B69C3F8002887
:10F4E0000023FB7510E0FB7D3A6958335B01134440
:10F4F0001A68FB7D42F00062396958335B010B44A6
:10F500001A60FB7D0133FB75FA7DFB7B9A42EAD3DF
:10F510003B694FF00112C3F81C283B690922C3F86C
:10F5200014283B690922C3F81028FB7B19464020A8
:10F53000FFF754FF03461A463B695A621C4B1022E0
:10F540001A80FB79164A1B0113440C331B689B0875
:10F55000174A12889B1A43F480123B699A623B69EE
:10F56000D3F8003923F003023B69C3F800290D4B9F
:10F5700040225A810B4B40225A833B69D3F8103BFF
:10F5800043F0C0423B69C3F8102B3B699B6943F4CD
:10F5900040223B699A6100BF1837BD4680BD00BF5D
:10F5A000F05F0308585100207E5200207F52002057
:10F5B0007C52002090B48AB000AF04460846114641
:10F5C0001A462346FB710346BB710B467B711346FB
:10F5D0007B80FB79714A1B0113441B687B62BB79FA
:10F5E000002B21D1BA797B79520013441B016C4A5C
:10F5F00013443B627B796B4A32F813203B6A5B8988
:10F60000FA81BB81FA89BB89934228BF13469BB21A
:10F610003B867B79634A32F813107B793A8E8A1ADB
:10F6200091B2604A22F813107B79012B56D17B6A84
:10F6300003F510637B617B88DB0418463A8EBB7947
:10F640005B0179690B4402431A61BB795B017A69FA
:10F6500013441A68BB795B0179690B4442F0044298
:10F660001A60BB795B017A6913441B6803F4402379
:10F67000B3F5802F23D1BA797B79494952001344DD
:10F680001B010B440C331B78012B18D17B6AD3F878
:10F69000083803F480733B61BB795B017A691344DA
:10F6A0001A683B69002B02D04FF0805101E04FF007
:10F6B0000051BB795B01786903440A431A603B8EB1
:10F6C000002B65D07B6AD3F83438BA79012101FA6E
:10F6D00002F21A437B6AC3F8342859E07B6A03F5C7
:10F6E0003063FB61BB795B01FA6913441A69BB792A
:10F6F0005B01F9690B4402F060421A61BB795B015E
:10F70000FA69134419697B88DB041A463B8E1A4355
:10F71000BB795B01F86903440A431A61BB795B0159
:10F72000FA6913441A68BB795B01F9690B4442F02A
:10F7300004421A60BB795B01FA6913441B6803F445
:10F740004023B3F5802F23D1BA797B791449520035
:10F7500013441B010B440C331B78012B18D17B6A1B
:10F76000D3F8083803F48073BB61BB795B01FA6995
:10F7700013441A68BB69002B02D04FF0805101E09E
:10F780004FF00051BB795B01F86903440A431A60EA
:10F7900000BF2837BD4690BC704700BFF05F03082C
:10F7A000585100207852002080B483B000AF7860B8
:10F7B0007B681B6943F001027B681A6100BF7B68AC
:10F7C0001B6903F00103002BF9D100BF7B681B69A3
:10F7D000002BFBDA00BF00BF0C37BD465DF8047B91
:10F7E000704780B483B000AF7860002318460C37B0
:10F7F000BD465DF8047B704780B582B000AF78608D
:10F800007B68DB6843F040027B68DA60002178683F
:10F81000FFF752FD7868FFF7C7FF7B68DB6823F4CA
:10F82000705343F4A0527B68DA6000217868FFF7D8
:10F830005FFD7B68D3F8003843F003027B68C3F8B0
:10F84000002800BF0837BD4680BD80B584B000AF3A
:10F8500078607B68DB68FB60FB6823F04003FB603B
:10F860007B6893F8483023F03F03DBB2802B10D144
:10F87000FB6843F01003FB60FB6823F08803FB6028
:10F88000FB6823F44013FB60FB6823F42023FB6038
:10F890000FE0FB6823F01803FB607B6893F851309E
:10F8A00023F03F03DBB2002B03D0FB6843F00803D7
:10F8B000FB607B68FA68DA607B6893F84830C3F3D2
:10F8C0008113DBB219467868FFF7F6FC7868FFF71A
:10F8D0006BFFFB6823F47053FB607B6893F8513037
:10F8E00023F03F03DBB2002B02D04FF4A05301E022
:10F8F0004FF41053FA681343FB607B68FA68DA60D0
:10F900007B6893F84830C3F38113DBB219467868FB
:10F91000FFF7EEFC7B68D3F80038BB60BB6823F0D0
:10F920000303BB607B6893F8483023F03F03DBB2EE
:10F93000802B03D1BB6843F48043BB607B68BA680B
:10F94000C3F8002800BF1037BD4680BD80B584B025
:10F9500000AF78607B681B6C1B0C1B04FB60FB68B2
:10F96000104A934218D0FB680F4A934214D0FB68A8
:10F970000E4A934210D04FF4EF720D490D4801F03A
:10F98000C7FF0D4BBB60BB681B6803F00103002B76
:10F9900000D000BE002300E0012318461037BD460A
:10F9A00080BD00BF0000544F0000315500003255AB
:10F9B000106003087C3F0108F0ED00E080B584B0E2
:10F9C00000AF0346FB71FB79334A1B0113441B68EC
:10F9D000FB60F868FFF7BAFF034683F00103DBB270
:10F9E000002B55D1FB79184600F0DAF8F868FFF7DC
:10F9F000F8FE0346002B03D0F868FFF726FF02E06D
:10FA0000F868FFF7F9FEFB68D3F8003E23F00F0219
:10FA1000FB68C3F8002EFB68DB6843F00702FB6855
:10FA2000DA60FB68DB6823F0C04343F08042FB6888
:10FA3000DA60FB681B6823F0D00343F0C002FB6868
:10FA40001A60FB68D3F8003843F00402FB68C3F87F
:10FA50000028FB685B69BB60FB685A69BB681A4396
:10FA6000FB685A61FB685B68BB60FB685A68BB68EF
:10FA70001A43FB685A60FB68084A9A61FB689B68F6
:10FA800043F00102FB689A60FB79184600F06CF8BD
:10FA90001037BD4680BD00BFF05F030816380080F8
:10FAA00080B584B000AF0346FB71FB79FB73FB7B31
:10FAB000064A1B01134404331B685BB21846FFF768
:10FAC000B9FB00BF00BF1037BD4680BDF05F030823
:10FAD00080B584B000AF0346FB71FB79FB73FB7B01
:10FAE000064A1B01134404331B685BB21846FFF738
:10FAF000BFFB00BF00BF1037BD4680BDF05F0308ED
:10FB000080B584B000AF03460A46FB711346BB7153
:10FB1000FB79144A1B0113441B68FB60FB68D3F894
:10FB2000003823F4FE63BA7912011A43FB68C3F864
:10FB300000280023FB720123BB72BB7A002B02D08A
:10FB40006FF07F0300E0002397F90B2013435BB2B3
:10FB5000D9B2F8790023002200F0DEF900BF103797
:10FB6000BD4680BDF05F030880B485B000AF03469A
:10FB7000FB71FB79094A1B0113441B68FB60FB689E
:10FB8000D3F8043823F00202FB68C3F8042800BF4E
:10FB90001437BD465DF8047B704700BFF05F030873
:10FBA00080B485B000AF0346FB71FB79094A1B01A5
:10FBB00013441B68FB60FB68D3F8043843F002026F
:10FBC000FB68C3F8042800BF1437BD465DF8047B0A
:10FBD000704700BFF05F030880B58EB000AF0346EA
:10FBE0003960FB71FB79A04A1B0113441B687B63DE
:10FBF000FB799D4A1B01134408331B7887F8333087
:10FC00003B689B78BB75BB7D03F07F03DBB287F855
:10FC100032303B689B78FB75FB7DDB09DBB287F8F4
:10FC2000313097F8322097F833309A4210D340F2AF
:10FC300082228E498E4801F06BFE8E4BBB61BB6900
:10FC40001B6803F00103002B00D000BE002307E176
:10FC500097F8322097F83130520013441B01864A3E
:10FC60001344FB623B68BB60BB689B889BB2C3F3D9
:10FC70000A039AB2FB6A5A813B689A79FB6A1A7343
:10FC8000FB6A5B893B610423FB603A69FB681344B0
:10FC90005A1EFB68B2FBF3F37B8597F83130002BDB
:10FCA00066D17B8D9B009BB297F833201146184696
:10FCB000FFF794FB03467B847B6B5A6A7B8C9A42EA
:10FCC00021D27B8C6D4A128813441946FB79664A0F
:10FCD0001B0113440C331B689B08994210D940F256
:10FCE00092226249624801F013FE624BFB61FB699C
:10FCF0001B6803F00103002B00D000BE0023AFE01F
:10FD00007A8C7B6B5A6297F832307A6B58335B018E
:10FD100013441A683B68DB78C3F30103DBB29B042E
:10FD200019463B68DB7803F00303DBB2012B02D0FA
:10FD30004FF0805300E000230B43F96A49890B43DD
:10FD40001A4397F8323042F40042796B58335B0122
:10FD50000B441A607B6BD3F81C2897F832301033B1
:10FD6000012101FA03F31A437B6BC3F81C2876E0E8
:10FD7000424B1B881A467B8D13441A467B6B5B6A89
:10FD80001A44FB7938491B010B440C331B689B0850
:10FD90009A4210D940F2B7223449354801F0B8FDF3
:10FDA000344B7B627B6A1B6803F00103002B00D09D
:10FDB00000BE002354E0314B1A887B8D13449AB265
:10FDC0002E4B1A807B8D1B041946FB79264A1B019A
:10FDD00013440C331B689B08284A12889A1A97F818
:10FDE0003230013B0A43796B40339B000B445A602D
:10FDF00097F832307A6B48335B011344196897F8EF
:10FE000032309B0543F400423B68DB78C3F30103C7
:10FE1000DBB29B0413431A463B68DB7803F0030311
:10FE2000DBB2012B02D04FF0805300E000231343DC
:10FE3000FA6A52891A4397F832300A43796B483389
:10FE40005B010B441A607B6BD3F81C3897F83220A7
:10FE5000012101FA02F21A437B6BC3F81C2801232B
:10FE600018463837BD4680BDF05F03081C600308A4
:10FE70007C3F0108F0ED00E0585100207C5200204A
:10FE800080B487B000AF0346FB71FB791F4A1B01AA
:10FE900013441B683B61FB791C4A1B011344083364
:10FEA0001B78FB733B694FF00112C3F81C28012338
:10FEB000FB751EE0FB7D3A6958335B011344002259
:10FEC0001A60FB7D124A5B0113440A3300221A8038
:10FED000FB7D3A6948335B01134400221A60FB7DC5
:10FEE0000B4A5B0113441A3300221A80FB7D013355
:10FEF000FB75FA7DFB7B9A42DCD3064B10221A80FD
:10FF000000BF1C37BD465DF8047B7047F05F0308F7
:10FF1000585100207C52002090B589B002AF3A6061
:10FF20001A460346FB710B46BB711346BB80BB7977
:10FF30003B733B7B03F07F03DBB27B75BB797B7349
:10FF40007B7BDB09DBB23B757A7D3B7D5200134442
:10FF50001B01234A13443B613B693A681A603B69C1
:10FF600000225A603B69BA881A817B7D002B10D130
:10FF70003B7D1C49BA8821F813203B7D194A32F891
:10FF800013303A7D797DF87900930123FFF712FB56
:10FF900020E03B695B89BA88B2FBF3F3FB823B69E3
:10FFA0005A89BB88B3FBF2F101FB02F29B1AFB8179
:10FFB000FB89002B02D1BB88002B02D1FB8A0133C5
:10FFC000FB82FC8A3A7D797DF879BB8800932346D1
:10FFD000FFF7F0FA012318461C37BD4690BD00BF5D
:10FFE000585100207852002080B489B000AF0346F9
:10FFF000FB710B46BB7113467B71FB796E4A1B018B
:020000040801F1
:1000000013441B68FB61BB79BB73BB7B03F07F03AD
:10001000DBB2FB76BB79FB73FB7BDB09DBB2BB7628
:10002000BB7E012B67D1FB6903F510633B61FB7E4F
:10003000002B06D0FB7E5B013A6913441B68002B42
:1000400013DBFB7E5B013A6913441A687B79002B52
:1000500002D04FF0026101E04FF00061FB7E5B01D6
:10006000386903440A431A6037E0FB7E5B013A6952
:1000700013441A68FB7E5B0139690B4442F000624D
:100080001A6000BFFB7E5B013A6913449B6803F072
:100090004003002BF6D0FB7E5B013A6913441A68DB
:1000A0007B79002B01D0454901E04FF08041FB7E78
:1000B0005B01386903440A431A6000BFFB7E5B01A1
:1000C0003A6913449B6803F00203002BF6D0FB7ED1
:1000D0005B013A69134402229A60FB7E9B0143F064
:1000E0002002FB691A6100BFFB691B6903F0200352
:1000F000002BF9D159E0FB6903F530637B61FB7E8E
:10010000002B06D0FB7E5B017A6913441B68002B31
:1001100012DBFB7E5B017A6913441A687B79002B42
:1001200002D04FF4001100E00021FB7E5B017869F2
:1001300003440A431A6038E0FB69D3F8043843F4F7
:100140000072FB69C3F8042800BFFB695B6903F018
:100150008003002BF9D0FB7E5B017A6913441A6897
:100160007B79002B01D0154901E04FF08041FB7EE7
:100170005B01786903440A431A6000BFFB7E5B01A0
:100180007A6913449B6803F00203002BF6D0FB7ED0
:100190005B017A69134402229A60FB69D3F8043840
:1001A00043F48062FB69C3F8042800BF2437BD46CE
:1001B0005DF8047B704700BFF05F0308000020403B
:1001C00080B582B000AF03460A46FB711346BB718F
:1001D000B979FB7901221846FFF706FF00BF0837FF
:1001E000BD4680BD80B485B000AF03460A46FB71B2
:1001F0001346BB71FB792A4A1B0113441B68FB6041
:10020000BB793B723B7A03F07F03DBB2FB72BB79B5
:100210007B727B7ADB09DBB2BB72BB7A012B1CD110
:10022000FB7AFA6848335B0113441A68FB7A22F4BC
:100230000012F96848335B010B441A60FB7AFA68D4
:1002400048335B0113441A68FB7A42F08052F96824
:1002500048335B010B441A601BE0FB7AFA685833A1
:100260005B0113441A68FB7A22F40012F9685833D0
:100270005B010B441A60FB7AFA6858335B01134444
:100280001A68FB7A42F08052F96858335B010B44DC
:100290001A6000BF1437BD465DF8047B704700BF8D
:1002A000F05F030880B48DB000AF03463960FB7186
:1002B0001346BB80FB79274A1B0113441B68BB62B2
:1002C000BB6A03F580537B62BB889B08FB850BE010
:1002D0007B6A1B683A68BA617B61BB697A691A609C
:1002E00000BF3B6804333B60FB8D5A1EFA85002B30
:1002F000EED1BB88DBB203F0030387F8233097F815
:100300002330002B20D07B6A1B68FB61FB693B61BB
:100310003B69DAB23B681A7097F82330012B07D992
:100320003B680133FA69FA60FA68120AD2B21A70AD
:1003300097F82330022B07D93B680233FA69BA6079
:10034000BA68120CD2B21A7000BF3437BD465DF8DD
:10035000047B7047F05F030880B489B000AF3A6057
:100360001A460346FB710B46BB711346BB80FB79F3
:10037000234A1B0113441B687B61BB7901331B03B8
:100380007A6913443B61BB889B08FB8308E03B68A8
:10039000BB60BB681A683B691A603B6804333B600A
:1003A000FB8B5A1EFA83002BF1D1BB88DBB203F022
:1003B0000303FB73FB7B002B1BD03B681B78BB61EB
:1003C000FB7B012B07D93B6801331B781B021A46C4
:1003D000BB691343BB61FB7B022B07D93B6802332C
:1003E0001B781B041A46BB691343BB613B69BA699E
:1003F0001A6000BF2437BD465DF8047B704700BF1C
:10040000F05F030880B58CB000AF0346FB71FB7949
:100410005D4A1B0113441B68BB62BB6A03F5805332
:100420007B62BB6A1B6A3B623B6A5B0CDBB203F01C
:100430000F03FB773B6ADBB203F00F03BB773B6A2A
:100440001B099BB2C3F30A03BB83BB7F58335B0119
:10045000BA6A1344BB61FB7F013B052B7ED801A226
:1004600052F823F0710501089D04010817050108E1
:100470008F0401085D0501087D0401087B6A1B6883
:10048000424A13607B6A1B68404A536077E0BB694D
:100490001B6943F0C042BB691A6170E0BB7F5B011E
:1004A0003B4A13443B613B695B68002B07D03B69C7
:1004B0005B68BA8B796A1846FDF73BF80CE03B693C
:1004C0001968BA8BFB791846FFF7ECFE3B691A688E
:1004D000BB8B1A443B691A603B695B89BA8B9A42B1
:1004E00048D2BB691B69C3F312013B691A898BB2FD
:1004F000D31A9AB23B691A81BB7F002B3AD13B6970
:100500001A89244B1B88D31A9AB23B691A81214B52
:1005100000221A802EE0BB7F002B2DD1BB8B002B3D
:100520002AD1BB6A1B6C1C4A934225D9BB699B68C4
:100530007B617A6948F220031340002B1CD0012311
:10054000FB627B6903F02003002B03D0FB6A43F0BE
:100550002003FB62BB69FA6A9A600DE00F4BFB60F7
:10056000FB681B6803F00103002B07D000BE05E009
:1005700000BF04E000BF02E000BF00E000BF00BF1A
:100580003037BD4680BD00BFF05F030850510020EA
:1005900058510020785200200930544FF0ED00E00F
:1005A00080B596B002AF0346FB71FB79604A1B0130
:1005B00013441B687B64FB795D4A1B0113440833B9
:1005C0001B7887F84330002387F84F30A4E07B6C1A
:1005D000D3F8182897F84F30103322FA03F303F0BA
:1005E0000103002B00F0938097F84F3058335B01E4
:1005F0007A6C1344FB63FB6B9B68BB63BB6B03F0C0
:100600000803002B34D00823BB64BB6B03F4004306
:10061000002B08D07B6C1B6C464A934203D9BB6C01
:1006200043F40043BB64FB6BBA6C9A60FB7987F8B8
:100630003330414BFB62012387F82B3007F1140361
:1006400000221A605A609A6097F833303B7506238F
:100650007B75FA6A07F118031068516803C397F8AD
:100660002B2007F1140311461846FDF719FF00BFB0
:10067000FB6B9B6803F00103002B48D0FB6B01224E
:100680009A6097F84F305B012C4A13447B6397F8CC
:100690004F30002B0ED12A4B1B88002B0AD0284B41
:1006A0001B8897F84F10F879009301230022FEF77A
:1006B00081FF2CE07B6B1B891A46FB7987F82A3077
:1006C00097F84F3087F829307A62002387F8233073
:1006D000012387F8223007F1080300221A605A60CC
:1006E0009A6097F82A303B7207237B7297F829307B
:1006F0003B737B6A3B6197F823307B7397F822202A
:1007000007F1080311461846FDF7CAFE00BF97F827
:100710004F30013387F84F3097F84F2097F8433028
:100720009A42FFF454AF00BF00BF5037BD4680BDB2
:10073000F05F03080930544F5051002058510020F9
:100740007852002080B594B002AF0346FB71FB796C
:10075000884A1B0113441B683B64FB79854A1B01D3
:10076000134408331B7887F83F303B6C03F5106364
:10077000BB63002387F84730F0E03B6CD3F81828C0
:1007800097F8473022FA03F303F00103002B00F03F
:10079000E08097F847305B011033774A13447B635E
:1007A00097F847305B01BA6B13449B6803F0010371
:1007B000002B46D097F847305B01BA6B13440122F7
:1007C0009A6097F84730002B0ED16C4B5B88002B5A
:1007D0000AD06A4B5B8897F84710F8790093012399
:1007E0000122FEF7E7FE2CE097F8473063F07F0325
:1007F000D9B27B6B1B891A46FB7987F827300B46E9
:1008000087F826303A620023FB770123BB7707F194
:100810000C0300221A605A609A6097F827303B73E5
:1008200007237B7397F826303B743B6A7B61FB7F21
:100830007B74BA7F07F10C0311461846FDF730FEB2
:1008400000BF97F847305B01BA6B13449B6803F015
:100850008003002B7DD03B6CD3F8343897F84720C9
:10086000012101FA02F21340002B72D097F84730B1
:100870005B01BA6B13441B69DB0C9BB2C3F3090326
:100880007B860023A7F8443045E097F847305B01AA
:10089000BA6B13441B693B867B6B5A893B8EBB83C7
:1008A00013467B83BA8B7B8B934228BF13469BB244
:1008B000FB85FA8D97F847305B01B96B0B449B6958
:1008C00099002F4B0B409A422BD87B6B5B68002B17
:1008D0000ED097F8473001331B033A6C1344BB62C8
:1008E0007B6B5B68FA8DB96A1846FCF7BBFD0DE0BF
:1008F0007B6B1A68FB8D97F84710F879FFF72CFD92
:100900007B6B1A68FB8D1A447B6B1A60B7F8443016
:100910000133A7F84430B7F844207B8E9A42B4D311
:1009200000E000BF97F847305B01BA6B13441B69C6
:10093000C3F31203002B0CD13B6CD3F8343897F877
:100940004720012101FA02F2D2431A403B6CC3F85E
:10095000342897F84730013387F8473097F8472015
:1009600097F83F309A42FFF408AF00BF00BF483706
:10097000BD4680BDF05F030858510020785200202A
:10098000FCFF030080B59CB000AF0346FB71FB7910
:10099000AA4A1B0113441B68BB66BB6E9B697B663E
:1009A000BB6E5B697A6E13403B663B6E03F480530B
:1009B000002B07D0BB6E4FF480525A61FB7918466A
:1009C000FEF768FD3B6E03F40053002B3BD0BB6E7B
:1009D0004FF400525A61BB6ED3F808385B0803F03D
:1009E0000303002B02D0022B04D007E0022387F878
:1009F0006F3007E0012387F86F3003E0002387F8AA
:100A00006F3000BFFB7987F8573097F86F3087F861
:100A10005630012387F8553007F1180300221A6079
:100A20005A609A6097F857303B7601237B7697F8A7
:100A300056303B7797F8552007F1180311461846B2
:100A4000FDF72EFD00BF3B6E03F40063002B23D0A7
:100A5000BB6E4FF400625A61FB7987F8543004236F
:100A600087F85330012387F8523007F1240300221E
:100A70001A605A609A6097F8543087F8243097F8D3
:100A8000533087F8253097F8522007F12403114698
:100A90001846FDF705FD00BF3B6E002B23DABB6E49
:100AA0004FF000425A61FB7987F85130052387F8EF
:100AB0005030012387F84F3007F1300300221A60CD
:100AC0005A609A6097F8513087F8303097F8503074
:100AD00087F8313097F84F2007F130031146184658
:100AE000FDF7DEFC00BF3B6E03F00403002B28D0B3
:100AF000BB6E5B68FB65FB6D03F00403002B1DD030
:100B0000FB7987F84E30022387F84D30012387F8B0
:100B10004C3007F10C0300221A605A609A6097F873
:100B20004E303B7397F84D307B7397F84C2007F1AC
:100B30000C0311461846FDF7B3FC00BFBB6EFA6DFF
:100B40005A603B6E03F00803002B3AD0BB6E0822BC
:100B50005A603B4B1B78002B0DD0BB6ED3F8083886
:100B60001B0AC3F30D03BB65FB790122B96D18465F
:100B7000FEF740FB05E0BB6E9B6923F00802BB6EED
:100B80009A61FB7987F84B30032387F84A300123B9
:100B900087F8493007F13C0300221A605A609A60D6
:100BA00097F84B3087F83C3097F84A3087F83D305B
:100BB00097F8492007F13C0311461846FDF770FCF1
:100BC00000BF3B6E03F01003002B20D0BB6E9B696F
:100BD00023F01002BB6E9A61FB791846FFF712FCF6
:100BE000BB6E5B6803F01003002BF5D1154B1B782F
:100BF000002B06D0FB791846FEF70AFC114B0022A9
:100C00001A70BB6E9B6943F01002BB6E9A613B6E1B
:100C100003F40023002B03D0FB791846FFF7C0FC38
:100C20003B6E03F48023002B03D0FB791846FFF7BB
:100C300089FD00BF7037BD4680BD00BFF05F03086F
:100C40007F5200207E52002080B485B000AF7860D3
:100C500039607B681B78C3F30003DBB2002B06D13D
:100C60007B681B78C3F38003DBB2002B01D0002329
:100C70001EE07B681B78C3F30003DBB2002B08D1B6
:100C80007B681B78C3F38003DBB2002B01D1012307
:100C900000E00023FB73FB7B03F00103FB73FB7B92
:100CA000002B04D07A68137843F004031370FB7BA5
:100CB00018461437BD465DF8047B704780B485B094
:100CC00000AF786039607B681B78C3F38003DBB2C8
:100CD000012B08D17B681B78C3F30003DBB2002B28
:100CE00001D1012300E00023FB73FB7B03F0010330
:100CF000FB73FB7B002B04D07A6813786FF38203BD
:100D00001370FB7B18461437BD465DF8047B7047B3
:100D100080B58AB000AF78600B46FB707B68FB60E3
:100D2000FB689B889BB2C3F30A039BB2FB847B687E
:100D3000DB78C3F30103DBB2032B4DD0032B67DC5D
:100D4000012B02D0022B1DD062E0FB78022B02D1D6
:100D50004FF4806301E040F2FF33FB82FA8CFB8AA0
:100D60009A4257D9A3223049304800F0D1FD304B88
:100D70003B613B691B6803F00103002B00D000BE00
:100D800000234DE0FB78022B13D1FB8CB3F5007FE1
:100D900042D0AB222449254800F0BAFD244BBB6168
:100DA000BB691B6803F00103002B00D000BE0023C9
:100DB00036E0FB8C402B2FD9AF221B491B4800F09B
:100DC000A7FD1B4BFB61FB691B6803F00103002BB4
:100DD00000D000BE002323E0FB78022B02D14FF4A9
:100DE000806300E04023BB84FA8CBB8C9A4215D907
:100DF000B6220D490D4800F08BFD0D4B3B623B6A5E
:100E00001B6803F00103002B00D000BE002307E0A5
:100E1000002305E000BF02E000BF00E000BF0123A7
:100E200018462837BD4680BD2C600308943F010852
:100E3000F0ED00E080B48DB000AFF860B96011460D
:100E40001A460B46FB8013467B71BB68FB62FB882E
:100E5000FA6A1344BB6227E0FB6A3B623B6A0133D8
:100E60001B78052B16D1FB6A9B7887F8273097F8FB
:100E70002730BB77BB7F03F07F03DBB25B00FA68F0
:100E8000134497F82720FA77FA7FD209D2B2114695
:100E90007A795A54FB6ABB61BB697B617B691B78B9
:100EA0001A467B691344FB62FA6ABB6A9A42D3D33F
:100EB00000BF00BF3437BD465DF8047B70472DE9A5
:100EC000FF4755EC104B002D0E4619462B46BBBF75
:100ED00005F100431D4600232D230B700D9BDDF80B
:100EE00030A0914623F02008BCBF22461446B8F13A
:100EF000460F05D0B8F1450F00D10136022100E0C0
:100F0000032103AB019302AB009345EC104B534616
:100F1000324600F0FDFEB8F1470F074602D119F046
:100F2000010F22D0B8F1460F07EB060910D13B782C
:100F3000302B0AD10022002320462946EFF7E4FD9A
:100F400018B9C6F10106CAF80060DAF80030994411
:100F50000022002320462946EFF7D6FD08B1CDF840
:100F60000C903022039B4B4507D3039B0E9ADB1B4F
:100F70003846136004B0BDE8F087591C03911A701D
:100F8000F0E7F7B503460029B8BF494203F8022B42
:100F9000B4BF2D222B22092942702ADD0DF1070250
:100FA00017460A26944691FBF6F506FB15143034D5
:100FB0000CF8014C0C46632C02F1FF322946F1DC9F
:100FC0003031ACF1020402F8011C411C2246BA4245
:100FD0000AD30DF10902A2EB0C02BC4288BF002229
:100FE0001344181A03B0F0BD12F8015B01F8015F59
:100FF000EDE7302330318370C170031DF1E700004D
:101000002DE9F04F2DED028B8DB00C46DDF86080A0
:1010100016461F46054600F06DFDD0F800A050466C
:10102000EFF746F900230A9323680593D8F80030B8
:1010300094F818B0073323F0070303F10802C8F847
:101040000020D3E9008929F000430793CDF81880E8
:1010500008EE100AC4E91289DDE906019E4B4FF043
:10106000FF32EFF783FD88BBDDE906019A4B4FF0B5
:10107000FF32EFF75DFD48BB0022002340464946A2
:10108000EFF74CFD10B12D2384F84330934A944B75
:10109000BBF1470F94BF9046984603232361059BFD
:1010A00023F0040323604FF00009009733460BAA96
:1010B0002146284600F0DAF9013040F090804FF0E8
:1010C000FF300DB0BDEC028BBDE8F08F42464B46C1
:1010D00040464946EFF74AFD40B14B46002BBCBFA6
:1010E0002D2384F843307F4A7F4BD1E763680BF0B0
:1010F000DF0206925A1C3FD106236360059B61689C
:1011000043F48062002303930AABCDE901B309AB3A
:1011100049EC108B009322600DF123032846FFF762
:10112000CEFE069B0999472B804608D1C81C02DBDE
:101130006368994241DDABF102035FFA83FBBBF1C7
:10114000650F20D801395A4604F150000991FFF784
:1011500018FF0A9A1318012A8146236102DC2268CB
:10116000D20701D5013323619DF82330002B9CD099
:101170002D2384F8433098E7069A472ABED1002BE6
:10118000BCD10123B9E7BBF1660F18D10029636810
:101190000BDD216113B92268D00702D501330B445E
:1011A0002361A1654FF00009DEE713B92268D20779
:1011B00001D50233F4E70123F2E74FF0670B0A9BF6
:1011C000994205DB23682161D807EAD54B1CE7E784
:1011D0000029D4BFC1F1020201221344E0E72368D1
:1011E0005A0507D42369424631462846B84701309C
:1011F0002CD164E7BBF1650F40F2E080D4E9120125
:1012000000220023EFF780FC002834D0374A012366
:1012100031462846B84701303FF451AFDDE9092394
:101220009A4202DB2368D80710D518EE103A5246CE
:1012300031462846B84701303FF441AF4FF000082F
:1012400004F11A090A9B013B434509DC23689B070B
:1012500000F10781E0680B9B9842B8BF184630E761
:1012600001234A4631462846B84701303FF427AFAC
:1012700008F10108E6E7099B002B39DC1B4A012332
:1012800031462846B84701303FF419AFDDE909324D
:10129000134302D12368D907D8D518EE103A524625
:1012A00031462846B84701303FF409AF4FF00009F6
:1012B00004F11A0A099B5B424B4501DC0A9B92E749
:1012C0000123524631462846B84701303FF4F7AE75
:1012D00009F10109EEE700BFFFFFEF7F3E61030860
:1012E00042610308466103084A6103084E6103082E
:1012F0000A9AA36D9A42A8BF1A46002A914637DC83
:101300004FF0000B29EAE97904F11A02A36D059365
:10131000A3EB09035B4533DCDDE909239A423BDBA0
:101320002368DA0738D4DDE90932A2EB0309059B0B
:10133000D21A9145A8BF9146B9F1000F35DC4FF0A4
:10134000000829EAE97904F11A0ADDE909239B1A60
:10135000A3EB090343457FF779AF0123524631469A
:101360002846B84701303FF4AAAE08F10108ECE77F
:101370001346314642462846B8470130C0D19EE662
:101380000123314628460592B84701303FF497AE15
:10139000059A0BF1010BB9E718EE103A52463146A7
:1013A0002846B8470130BED189E6059A4B464244EB
:1013B00031462846B8470130C1D180E60A9A012A51
:1013C00001DCDB073AD50123424631462846B847BF
:1013D00001303FF474AE18EE103A524631462846BA
:1013E000B84701303FF46BAED4E91201002200236C
:1013F000DDF828A0EFF788FBD8B90AF1FF3308F130
:10140000010231462846B84701300ED157E6012384
:10141000524631462846B84701303FF450AE08F1F5
:1014200001080A9B013B4345F1DC4B4604F15002A5
:10143000DAE64FF0000804F11A0AF2E70123424607
:10144000DFE701234A4631462846B84701303FF4DA
:1014500036AE08F10108E3680B995B1A4345F0DCEE
:10146000F8E64FF0000804F11909F4E72DE9F04718
:10147000164699468A680B69DDF820809342B8BF0A
:101480001346336091F8432007460C460AB10133F6
:1014900033602368990642BF33680233336025689E
:1014A00015F0060506D104F1190AE36832689B1AA3
:1014B000AB4226DC94F84320131E226818BF012398
:1014C00092062BD404F1430249463846C047013006
:1014D0001ED02368226903F00603042B02BFE568CF
:1014E0003368ED1AA3680CBF25EAE5750025934221
:1014F000C4BF9B1AED1800261A34B5421AD1002039
:1015000008E00123524649463846C047013003D11E
:101510004FF0FF30BDE8F0870135C6E7E1185A1CEF
:10152000302081F84300224494F8451082F843109B
:101530000233C7E70123224649463846C0470130F7
:10154000E6D00136D9E700002DE9FF470F7E0C9D5C
:10155000782F914680460C469A4601F1430207D8FF
:10156000622F0AD8002F00F0D480582F00F0C080DE
:1015700004F1420584F842703AE0A7F16303152BA9
:10158000F6D801A151F823F0E1150108F51501087D
:10159000711501087115010871150108711501080F
:1015A000F51501087115010871150108711501087B
:1015B00071150108F916010821160108B316010872
:1015C00071150108711501081B1701087115010833
:1015D000211601087115010871150108BB160108D3
:1015E0002B681A1D1B682A6004F1420584F84230FA
:1015F00001239FE020682B68070603F1040129609E
:1016000001D51E6803E04606FBD5B3F90060002E45
:1016100003DA2D23764284F843305A480A2312E035
:101620002B682068191D2960050601D51E6802E097
:101630004106FBD51E8853486F2F0CBF08230A2391
:10164000002184F843106568A560002DA2BF2168C1
:1016500021F0040121600EB9002D4BD01546B6FBD8
:10166000F3F103FB1167C75D05F8017D3746BB4207
:101670000E46F4D9082B0BD12368DE0708D5236961
:1016800061689942DEBF302305F8013C05F1FF3562
:10169000521B2261CDF800A04B4603AA21464046CA
:1016A000FFF7E4FE01304AD14FF0FF3004B0BDE84F
:1016B000F087236843F0200323603348782784F8B9
:1016C0004570236829681F0651F8046B02D45F0631
:1016D00048BFB6B2DF0748BF43F02003296048BFC8
:1016E00023601EB9236823F0200323601023A7E79B
:1016F0002448E4E71546BDE72B6826686169181D94
:10170000286035061B6801D5196002E07006FBD51C
:101710001980002323611546BCE72B681A1D2A6037
:101720001D68626800212846EEF772FD08B1401B73
:10173000606063682361002384F84330AAE723696B
:101740002A4649464046D0470130ADD023689B0722
:1017500013D4E068039B9842B8BF1846A6E701235C
:10176000324649464046D04701309DD00135E368B6
:1017700003995B1AAB42F2DCEBE7002504F1190692
:10178000F5E700BF5061030861610308002310B54D
:101790000446C0E90033C0E90433836081814366B5
:1017A000C2818361194608225C3000F09BF90D4B21
:1017B00063620D4BA3620D4BE3620D4B23630D4B34
:1017C00024629C4206D003F16802944202D0D033D6
:1017D0009C4205D104F15800BDE8104000F0FEB96C
:1017E00010BD00BF35190108571901088F190108EC
:1017F000B319010880520020024A0349034800F04F
:1018000069B800BFC401002081350108D001002063
:1018100041680C4B994210B5044601D001F0B0FE6E
:10182000A168094B994202D0204601F0A9FEE16867
:10183000064B994204D02046BDE8104001F0A0BEFE
:1018400010BD00BF80520020E852002050530020FD
:1018500010B50B4B0B4C0C4A1A6020460022042199
:10186000FFF794FF04F1680001220921FFF78EFFC2
:1018700004F1D0000222BDE810401221FFF786BF1C
:10188000B853002080520020F9170108014800F0E9
:10189000A6B900BFC1530020014800F0A1B900BFA4
:1018A000C153002010B50446FFF7F0FF236A1BB1B7
:1018B000BDE81040FFF7F0BF044B2362044B1B68E8
:1018C000002BF5D1FFF7C4FFF2E700BF11180108A4
:1018D000B85300202DE9F8430746884614460026F1
:1018E000D4E90195B9F1010905D52468002CF7D197
:1018F0003046BDE8F883AB89012B07D9B5F90E3026
:10190000013303D029463846C04706436835E9E726
:101910000FB407B5064904AB086853F8042B816877
:10192000019301F08DFC03B05DF804EB04B0704747
:101930001C02002010B50C46B1F90E1000F000F9A1
:101940000028ABBF636DA3891B1823F48053ACBF81
:101950006365A38110BD2DE9F0411F468B89DB052E
:1019600005460C46164605D5B1F90E100223002295
:1019700000F0D4F8A389B4F90E1023F48053A381A6
:1019800032463B462846BDE8F04100F0EBB810B5C2
:101990000C46B1F90E1000F0C1F8431CA38915BF25
:1019A000606523F4805343F48053A38118BFA3815F
:1019B00010BDB1F90E1000F0A1B8F8B50E461446EE
:1019C000054618B1036A0BB9FFF76CFFA369A36062
:1019D000A3891A0725D523691BB323682269981A9E
:1019E0006369F6B28342374604DC2146284601F09B
:1019F000C7FDE0B9A368013BA36023685A1C2260BD
:101A00001E706269431C9A4204D0A389DB0706D585
:101A10000A2E04D12146284601F0B2FD38B93846D5
:101A2000F8BD2146284600F005F80028D5D04FF033
:101A3000FF37F4E738B52A4B054618680C4618B14D
:101A4000036A0BB9FFF72EFFA389B4F90C2018071E
:101A500022D4D90607D409232B6042F04003A38186
:101A60004FF0FF3034E0580712D5616B41B104F1FB
:101A70004403994202D0284600F03CFF00236363F0
:101A8000A38923F02403A3810023636023692360D7
:101A9000A38943F00803A38123694BB9A38903F405
:101AA0002073B3F5007F03D02146284601F0B6FD30
:101AB000A089B4F90C2010F001030AD00023A36020
:101AC00063695B42A361236943B910F08000C4D10C
:101AD00038BD810758BF6369A360F4E70020F7E7CA
:101AE0001C02002002440346934200D1704703F8D1
:101AF000011BF9E7004870471003002038B5064D78
:101B00000023044608462B60F2F7F0FA431C02D18A
:101B10002B6803B1236038BDBC53002038B5074D96
:101B200004460846114600222A601A46F2F705FBD1
:101B3000431C02D12B6803B1236038BDBC53002085
:101B400038B5074D04460846114600222A601A4659
:101B5000F2F7AFFA431C02D12B6803B1236038BD02
:101B6000BC53002038B5074D0446084611460022F4
:101B70002A601A46F2F7BAF9431C02D12B6803B166
:101B8000236038BDBC530020014B1868704700BF6C
:101B90001C02002070B50D4D0D4C641BA4100026D6
:101BA000A64209D10B4D0C4C01F058FE641BA41049
:101BB0000026A64205D170BD55F8043B9847013672
:101BC000EEE755F8043B98470136F2E7B4630308A3
:101BD000B4630308B4630308B8630308704770472D
:101BE00070470A44914200F1FF3300D1704710B5AD
:101BF00011F8014B03F8014F9142F9D110BD2DE9C5
:101C0000F74F03690C69A34207467EDB013C01F1F3
:101C1000140800F1140505EB8403019358F82430EF
:101C200055F8242001339A424FEA840B08EB8409CB
:101C3000B2FBF3F631D34FF0000E4046AC46F2460D
:101C400050F8042B93B206FB03E34FEA124E1A0C32
:101C50009BB2AAEB0303DCF800A013FA8AF306FB9D
:101C60000E220093009B4FEA124E92B2C2EB1A4230
:101C700002EB2342BDF80030814543EA02434CF8B1
:101C8000043B4FEA224ADBD255F80B302BB9019BBB
:101C9000043B9D421A462CD33C61384601F0A6F91C
:101CA000002822DB01362946002058F8042BD1F801
:101CB00000C093B2C31A120C13FA8CF3C2EB1C428D
:101CC00002EB23429BB243EA0243C14541F8043B85
:101CD0004FEA2240E9D255F8242005EB840322B9CB
:101CE000043B9D421A460AD33C61304603B0BDE82E
:101CF000F08F1268043B002ACED1013CC9E712687C
:101D0000043B002AF0D1013CEBE70020EEE70000A5
:101D10002DE9F04F2DED048BC56993B08DED020BCD
:101D200057EC106BDDF88080079104460A920D9302
:101D300075B9102000F02AFE0246E06120B9AE4BD2
:101D4000EF21AE4801F0D8FCC0E901550560C5603F
:101D5000E369196851B15A684A60012393408B6066
:101D6000204600F007FFE36900221A603B1EBBBF5C
:101D700023F00043039300230122ACBFC8F80030D6
:101D8000C8F800209E4BDDF80C8033EA08031BD115
:101D90000D9A42F20F731360C8F31303334300F03C
:101DA0009385219B63B9974B27E0974B00930833AA
:101DB000219A1360009813B0BDEC048BBDE8F08F3E
:101DC000904B00930333F3E79DED027B002251EC2F
:101DD000170BB0EE478AF0EE678A0023EEF794FE09
:101DE000814660B10D9A01231360219B002B00F006
:101DF0006885864B219A1360013B0093DAE710AAAD
:101E000011A92046B0EE480AF0EE680A01F094F9F4
:101E1000C8F30A558246002D7FD018EE903AC3F3DE
:101E2000130343F07F5351EC180B43F44013A5F216
:101E3000FF35CDF8389019460022754BEEF744FA7D
:101E400067A3D3E90023EEF7F7FB67A3D3E90023E9
:101E5000EEF73CFA064628460F46EEF783FB64A3EE
:101E6000D3E90023EEF7E8FB02460B46304639463D
:101E7000EEF72CFA06460F46EEF78EFE002283465A
:101E8000002330463946EEF749FE48B15846EEF792
:101E900069FB32463B46EEF737FE08B90BF1FF3BD4
:101EA000BBF1160F57D85B4B03EBCB03D3E90023F1
:101EB00051EC180BEEF732FE00284ED00BF1FF3B31
:101EC00000230C93109B5B1B5A1E45BFC3F10103FB
:101ED000059300230023069254BF05930693BBF19C
:101EE000000F3CDB069BCDF82CB05B44069300232F
:101EF0000893079B092B68D8052BC4BF043B0793A5
:101F0000079BA3F10203CCBF00250125032B00F2A0
:101F10008580DFE803F02E3B3958DDE910531D447E
:101F200005F23243202BC1BFC3F1400308FA03F886
:101F300005F2124326FA03F3D6BFC3F1200348EAA1
:101F4000030006FA03F0EEF7FDFA0122A1F1F8739F
:101F5000013D0E926FE70123B3E70C90B2E7059BBA
:101F6000A3EB0B030593CBF10003089300230B9322
:101F7000BFE7002309930A9B002B52DC0123019346
:101F800004931A460A920BE00123F3E70023099316
:101F90000A9B5B4401930133012B0493B8BF0123D7
:101FA000E0690021042202F114069E423DD94160FD
:101FB000204600F09FFD0090002839D1164B0246C4
:101FC00040F2AF11BDE60123E1E7012500230793AD
:101FD00009954FF0FF330193049300221223D1E7B8
:101FE00061436F63A787D23FB3C8608B288AC63F1F
:101FF000FB799F501344D33F7F6103089661030828
:102000000000F07F7B610308726103084F610308E1
:102010000000F83F80620308EE6103080123099382
:10202000D7E70A9B01930493BAE701315200BAE75C
:10203000E369009A1A60049B0E2B00F2A880002D21
:1020400000F0A580BBF1000F38DDC04B0BF00F0294
:1020500003EBC2031BF4807FD3E900674FEA2B1820
:1020600019D0BB4B51EC180BD3E90823EEF70EFC4B
:10207000CDE9020108F00F080325DFF8D492B8F18A
:10208000000F0AD1DDE9020132463B46EEF7FEFBC6
:10209000CDE902012BE00225EFE718F0010F08D08F
:1020A00030463946D9E90023EEF7C6FA013506462F
:1020B0000F464FEA680809F10809E0E700F09F8041
:1020C000CBF10006A14BA24F06F00F0203EBC203B7
:1020D000D3E9002351EC180BEEF7AEFACDE902017B
:1020E000361100230225002E7ED1002BD0D10C9B6F
:1020F000DDE90289002B00F08480964B00224046E7
:102100004946EEF70BFD00287BD0049B002B78D0CE
:10211000019B002B39DD904B002240464946EEF7EB
:102120008BFACDE90201019E0BF1FF370135DDE9A4
:1021300002892846EEF716FA42464B46EEF77CFA3D
:10214000864B0022EEF7C2F8A1F15073CDE90201EF
:102150000393002E58D1824B002240464946EEF7A9
:10216000B3F8DDE9022380468946EEF7F5FC002846
:1021700040F09682DDE90221404601F100434946E4
:10218000EEF7CCFC002840F089828DED028B119B8C
:10219000002BC0F24E81BBF10E0F00F34A816B4B56
:1021A00003EBCB03D3E900890A9B002B80F2DC8090
:1021B000049B002B00F3D88040F06F82684B002214
:1021C00040464946EEF738FADDE90223EEF7BAFC5D
:1021D000049E3746002840F04582009D312305F8D3
:1021E000013B0BF1010B41E2F20705D5D7E90023D2
:1021F000EEF722FA013501237610083773E702253E
:1022000075E7049E5F4692E70099504B9DED027B77
:10221000314402910999B0EE479AF0EE679A03EBC8
:10222000C60353E90223002944D04E490020EEF7AB
:102230002DFB53EC192BEEF747F8009D41EC190BE1
:1022400049464046EEF7A8FC0646EEF78BF90246F3
:102250000B4640464946EEF737F8303605F8016B35
:1022600053EC192B80468946EEF758FC002864D1C0
:1022700042464B4637490020EEF726F853EC192B1F
:10228000EEF74CFC002840F0B680029B9D423FF4E4
:102290007CAF314B51EC190B0022EEF7CDF92E4BF0
:1022A00041EC190B002240464946EEF7C5F980463D
:1022B0008946C5E751EC170BEEF7BEF9029B009D6E
:1022C0000F9341EC190B49464046EEF765FC064674
:1022D000EEF748F9303602460B4640464946EDF7E0
:1022E000F3FF05F8016B029B9D42804689464FF043
:1022F000000224D11B4B51EC190BEDF7E7FF02460E
:102300000B4640464946EEF727FC002873D153ECB4
:10231000192B14490020EDF7D7FF02460B46404623
:102320004946EEF7FBFB00283FF42FAF0F9D6B1ED5
:102330000F9315F8013C302BF8D0BB464AE0064B12
:10234000EEF77AF980468946BDE700BF8062030850
:10235000586203080000F03F0000244000001C40C9
:10236000000014400000E03FDDE90267009D4246A6
:102370004B4630463946EEF789FAEEF70DFC0190F0
:10238000EEF7F0F842464B46EEF756F902460B469A
:1023900030463946EDF798FF019E049F303605F828
:1023A000016B009EAE1BB74202460B4634D1EDF7DF
:1023B0008DFF42464B4606460F46EEF7CDFBC8B9A9
:1023C00042464B4630463946EEF79EFB10B1019B24
:1023D000DB070FD45146204600F0CCFB00230D9ABA
:1023E0002B700BF101031360219B002B3FF4E2AC37
:1023F0001D60DFE45F462B461D4613F8012D392A88
:1024000006D1009A9A42F7D10099302201370A701A
:102410001A7801321A7090E7A34B0022EEF70CF9FC
:102420000022002306460F46EEF76EFB00289ED0E2
:10243000D0E7099A002A00F0CA80079A012A00F31F
:10244000AD800E9A002A00F0A58003F23343089E67
:10245000059D059A1A440592069A01211A442046C0
:10246000069200F03DFC074665B1069B002B09DD96
:10247000AB42059AA8BF2B46D21A0592069AED1ACE
:10248000D31A0693089BF3B1099B002B00F0A3809D
:10249000002E10DD39463246204600F0E1FC52465F
:1024A00001460746204600F031FC51468046204652
:1024B00000F060FBC246089B9A1B04D051462046A0
:1024C00000F0CEFC82460121204600F009FC0B9B67
:1024D000002B064640F381801A460146204600F054
:1024E000BFFC079B012B06467ADD4FF000083369DD
:1024F00006EB8303186900F0A5FBC0F12000069BE2
:10250000184410F01F0000F09480C0F12003042B49
:1025100040F38580059BC0F11C0003440593069B96
:10252000034405440693059B002B05DD51461A46DE
:10253000204600F0EFFC8246069B002B05DD31466D
:102540001A46204600F0E6FC06460C9B002B72D093
:102550003146504600F04AFD00286CDA002351460F
:102560000A22204600F028FB099B0BF1FF3B824624
:10257000002B00F0B081002339460A22204600F0EB
:102580001BFB019B002B074600F39680079B022B49
:1025900059DC91E0109BC3F1360358E7049B5E1EA3
:1025A000089BB342BFBF089B0B9A0896F31AB4BFAF
:1025B000D2189E1B049BBCBF0B920026002BB7BFFA
:1025C000DDE90423DDE904359D1A002341E7089E77
:1025D000059D099F48E7089A70E7079B012B19DCC6
:1025E000029BBBB9039BC3F313039BB9039B23F06B
:1025F00000431B0D1B0583B1059B01330593069B0F
:10260000013306934FF001080B9B002B7FF46FAF53
:10261000012074E74FF00008F6E79846F4E782D00F
:10262000059A1C331A440592069A1A441D440692D0
:1026300079E70346F4E7049B002B37DC079B022B6A
:1026400034DD049B0193019B63B93146052220468A
:1026500000F0B2FA01460646504600F0C7FC0028DA
:102660003FF7BBAD0A9B009D6FEA030B4FF00008DC
:102670003146204600F07EFA002F3FF4ABAEB8F1B1
:10268000000F05D0B84503D04146204600F072FA4D
:102690003946204600F06EFA9CE600263746E1E710
:1026A000BB46374699E500BF00002440099B002B3C
:1026B00000F0C880049B0193002D05DD39462A46B1
:1026C000204600F027FC0746B8F1000F5BD0796880
:1026D000204600F00FFA054628B9834B024640F227
:1026E000EF21FFF72EBB3A690232920007F10C018D
:1026F0000C30FFF776FA01222946204600F00AFC4A
:10270000009B01330493DDE9002313440893029BEB
:1027100003F00103B84606930746049B3146013B8C
:1027200050460193FFF76BFA4146029000F13009E1
:10273000504600F05BFC3A4605903146204600F0DA
:1027400071FCC268054602BB0146504600F04EFCD3
:10275000024629462046099200F00CFA079B099A86
:10276000049D43EA0201069B194310D1B9F1390FC8
:1027700029D0059B002B02DD029B03F13109019B4F
:1027800083F8009074E73846BAE70122E1E7059B39
:10279000002B04DB07990B4306990B4320D1002A39
:1027A000EDDD51460122204600F0B4FB3146824661
:1027B00000F01CFC002803DCE1D119F0010FDED091
:1027C000B9F1390FD8D1019A392313702B461D4620
:1027D000013B15F8012C392A6CD001321A7047E7F9
:1027E000002A07DDB9F1390FEDD0019A09F1010393
:1027F00013703DE7049B089A03F8019C934243D071
:10280000514600230A22204600F0D6F9B8458246F8
:102810004FF000034FF00A024146204607D100F076
:10282000CBF980460746049B0133049375E700F01B
:10283000C3F93946804600230A22204600F0BCF93D
:102840000746F0E7049B0193009D31465046FFF791
:10285000D6F900F13009009B05F8019BEA1A019BAB
:10286000934207DD514600230A22204600F0A4F9D6
:102870008246EAE7019B002BC8BF1D46009BD8BFDC
:1028800001251D444FF0000851460122204600F06A
:1028900041FB3146824600F0A9FB002896DC02D1BC
:1028A00019F0010F92D12B461D4613F8012D302A45
:1028B000FAD0DDE6009A9A4289D10BF1010B31235F
:1028C00096E70A4BFFF799BA219B002B7FF46DAA7C
:1028D000074BFFF792BA019B002BB5DC079B022B3D
:1028E0003FF7B1AEB0E700BFEE6103084E610308E9
:1028F0007261030837B5002944D051F8043C0190B7
:10290000002BA1F10404B8BFE41800F0E7F81E4A58
:102910000198136833B96360146003B0BDE83040B8
:1029200000F0E2B8A34208D9256861198B4201BFC3
:1029300019685B6849192160EDE71A465B680BB1BD
:10294000A342FAD911685518A5420BD12468214435
:102950005418A3421160E0D11C685B6853600C44BA
:102960001460DAE702D90C230360D6E72568611901
:102970008B4204BF19685B68636004BF491921601A
:102980005460CAE703B030BDC4530020024B014677
:10299000186800F023B800BF1C02002070B50E4E6E
:1029A0000C463168054611B900F096FE30602146AC
:1029B000284600F091FE431C0AD0C41C24F00304F6
:1029C000A04207D0211A284600F086FE013001D12E
:1029D0004FF0FF34204670BDC85300202DE9F84366
:1029E000CD1C25F0030508350C2D38BF0C25002D16
:1029F000074601DBA94205D90C233B60002630467F
:102A0000BDE8F883DFF8D08000F068F8D8F800302F
:102A10001C465CBB29463846FFF7C0FF431C0446F2
:102A200055D1D8F800402646002E45D1002C48D07C
:102A300023683146384604EB030900F04DFE81451A
:102A40003FD121686D1A29463846FFF7A7FF0130AC
:102A500037D023682B442360D8F80030002B38D0BF
:102A60005A68A2422BD100225A600FE02268521B02
:102A70001FD40B2A17D96119A342256018BF5960CA
:102A8000636808BFC8F8001062514B60384604F113
:102A90000B0600F029F826F00706231DF21AAED027
:102AA0009B1BA350ABE7A3426268DDD1C8F80020AE
:102AB000ECE723466468ACE734467668B4E713462F
:102AC000CCE70C233B60384600F00EF897E7256012
:102AD000DCE75B60FFDE00BFC45300200148FFF766
:102AE0007EB800BFC05300200148FFF779B800BF8F
:102AF000C053002070B5C66904460D4676B9102053
:102B0000FFF744FF0246E06120B9184B18486B21DB
:102B100000F0F2FDC0E901660660C660E669F36890
:102B200083B1E369DB6853F82500B8B9012101FAE4
:102B300005F6721D9200204600F0FCFD60B1C0E970
:102B400001560EE021220421204600F0F3FDE36946
:102B5000F060DB68002BE4D1002070BD026843F810
:102B600025200023C0E90333F7E700BF7F61030896
:102B7000FF61030870B5C66905460C4676B910209A
:102B8000FFF704FF0246E86120B9094B09488F218D
:102B900000F0B2FDC0E901660660C6603CB1EB69B9
:102BA0006268DB6853F82210216043F8224070BD50
:102BB0007F610308FF6103082DE9F0410D690746B5
:102BC0000C461E4601F1140C0020DCF8003099B2CE
:102BD00002FB01611E0C0B0C02FB063389B20130B3
:102BE00001EB034185424CF8041B4FEA1346ECDC31
:102BF0000EB3A368AB4219DC616838460131FFF7B8
:102C000079FF804628B902460C4B0D48BA2100F0E6
:102C100073FD2269023204F10C0192000C30FEF7C0
:102C2000E0FF21463846FFF7A5FF444604EB850345
:102C300001355E6125612046BDE8F081EE61030843
:102C4000FF610308030C1B04D3B90004102310F028
:102C50007F4F04BF0002083310F0704F04BF000123
:102C6000043310F0404F04BF80000233002805DB1E
:102C700010F0804F03F1010308BF2023184670476E
:102C80000023E4E7036813F007020CD0D90722D42D
:102C90009A0749BF5B089B08036001225CBF036081
:102CA00002221046704799B209B91B0C1022D9B202
:102CB00009B908321B0A190704BF1B090432990716
:102CC00004BF9B080232D90703D45B0802F101025A
:102CD00003D00360E5E70022E3E72022E1E70000FC
:102CE00010B50C460121FFF705FF024628B9054B38
:102CF000054840F2451100F0FFFC012344610361E7
:102D000010BD00BFEE610308FF6103082DE9F04F1D
:102D100091460A69D9F810309A42B8BF0B460C4662
:102D2000BCBF4C4699462769D9F810A0A3686168D2
:102D300007EB0A06B34285B0B8BF0131FFF7DAFEF0
:102D400030B90246444B45484FF4B17100F0D4FC11
:102D500000F1140505EB86082B460022434521D3DC
:102D600004F1140303EB870709F1140303EB8A0250
:102D700002923A1B153A22F00302043204F11501C3
:102D80008F4238BF04220192029A03939A420CD8D0
:102D9000002E03DD58F8043D002B5BD0066105B022
:102DA000BDE8F08F43F8042BD8E7B3F800A0BAF1E0
:102DB000000F24D004F1140EA9464FF0000C5EF869
:102DC000042BD9F800101FFA82FB89B20AFB0B1101
:102DD0004FEA124BD9F8002061444FEA124C0AFB2B
:102DE0000BC202EB114289B241EA0241774549F830
:102DF000041B4FEA124CE2D8019A45F802C0039A2C
:102E0000B2F802900433B9F1000F21D0296804F11F
:102E1000140CAE464FF0000ABCF800B0BEF8022019
:102E200009FB0B22524489B241EA02414EF8041BCD
:102E30005CF8041B4FEA114ABEF8001009FB0A11A6
:102E400001EB124167454FEA114AE5D8019AA950B2
:102E5000043599E7013E9BE7EE610308FF61030833
:102E60002DE9F843154612F0030206460F4607D037
:102E7000254C013A002354F82220FFF79DFE074617
:102E8000AD103DD0F4697CB91020FFF77FFD0246FC
:102E9000F06128B91D4B1E4840F2B31100F02CFC24
:102EA000C0E901440460C460D6F81C80D8F808402A
:102EB0004CB940F271213046FFF712FF0023C8F8E9
:102EC0000800044603604FF00009EB070AD53946B5
:102ED00022463046FFF71AFF394680463046FFF754
:102EE00049FE47466D100BD0206838B9224621466E
:102EF0003046FFF70BFF2060C0F800900446E4E77F
:102F00003846BDE8F88300BF486303087F610308C3
:102F1000FF6103082DE9F0470C464968236903EB7C
:102F20006218A368074691464FEA621A08F1010643
:102F3000B3420BDB3846FFF7DDFD054648B90246D4
:102F4000284B29484FF4EF7100F0D6FB01315B00AC
:102F5000EEE7002300F1140100F11002184653457A
:102F600033DB20692AEAEA7A04F1140319F01F0915
:102F700001EB8A0103EB800C2BD0C9F1200E8A46AD
:102F80000022186800FA09F010434AF8040B53F8BD
:102F9000042B9C4522FA0EF2F3D8ACEB0403153B4C
:102FA00023F00303043304F11500844538BF0423E0
:102FB000CA500AB108F10206013E38462E61214688
:102FC000FFF7D8FD2846BDE8F08742F8040F01332B
:102FD000C5E7043953F8042B41F8042F9C45F9D870
:102FE000EAE700BFEE610308FF61030830B502693C
:102FF0000C69121B0ED100F11403143103EB840091
:1030000001EB840150F8045D51F8044DA54203D052
:1030100005D30122104630BD8342F3D3FAE74FF0C7
:10302000FF32F7E72DE9F84F0C46064611462046D9
:103030009046FFF7DBFF051E10D129463046FFF70B
:1030400059FD30B93A4B024640F23721394800F079
:1030500053FB0123C0E90435BDE8F88FA4BF434604
:10306000A0463046D8F80410A6BF1C46002501250E
:10307000FFF740FD20B92E4B024640F24521E5E71F
:10308000D8F810702669C56004F1140908F1140518
:1030900000F1140E05EB870C09EB860608F110020F
:1030A000F246002159F8043B52F804BF11FA8BF89C
:1030B00099B21B0CA8EB0108C3EB1B4303EB28439D
:1030C0001FFA88F819144E4548EA03434AF8043BAE
:1030D000E8D8331B153B23F0030304331534A64211
:1030E00038BF04231D4473449E462E4666450ED3C6
:1030F0000CF10302521B22F00302033DAC4538BF22
:103100000022134453F8042D7AB10761A4E756F85E
:10311000048B11FA88F2141404EB184492B242EAB8
:1031200004424EF8042B2114E0E7013FEAE700BF18
:10313000EE610308FF6103082DE9F7430F46012103
:1031400059EC108B1646FFF7D5FC044630B9024601
:10315000244B254840F20F3100F0CEFAC9F30A554E
:10316000C9F313032DBB0193B8F1000326D06846C1
:103170000093FFF787FDDDE90012E8B1C0F12003FD
:1031800002FA03F30B43C24063610192019BA36106
:10319000002B14BF022201222261BDB1A5F23345EA
:1031A00005443D60C0F135003060204603B0BDE805
:1031B000F08343F48013D6E76161E7E701A8FFF7E6
:1031C00061FD019B636120300122E5E704EB82038E
:1031D000A0F2324038601869FFF734FDC0EB4210AE
:1031E000E2E700BFEE610308FF6103089368013B5B
:1031F000002B10B4936008DA9469A34201DB0A291A
:1032000003D15DF8044BFEF7D8BB1368581C10605F
:10321000197008465DF8044B7047F8B506460F462E
:103220001446D518AC4201D1002007E014F8011B68
:103230003A463046FFF7DAFF431CF3D1F8BD0000F1
:103240002DE9F04F0D469DB014469846064618B13C
:10325000036A0BB9FEF726FB6B6ED90705D4AB8961
:103260009A0502D4A86DFEF7BAFCAB891B0701D5FD
:103270002B699BB929463046FEF7DCFB70B16B6EBB
:10328000DC0704D54FF0FF301DB0BDE8F08FAB89EF
:103290009805F7D4A86DFEF7A3FCF3E70023099384
:1032A00020238DF82930CDF80C803023DFF8B08151
:1032B0008DF82A304FF0010923469A4613F8012B66
:1032C0000AB1252AF9D1BAEB040B0BD05B46224692
:1032D00029463046FFF7A1FF013000F0A980099A86
:1032E0005A4409929AF80030002B00F0A180002384
:1032F0004FF0FF32CDE905230AF1010A0493079349
:103300008DF853301A935446052214F8011B544883
:10331000ECF77EFF049AD8B9D10644BF20238DF87C
:103320005330130744BF2B238DF853309AF80030E5
:103330002A2B15D0079A544600204FF00A0C21463C
:1033400011F8013B303B092B4DD9B0B1079214E085
:10335000A0EB080309FA03F313430493A246D2E750
:10336000039B191D1B680391002BBBBF5B4242F0FE
:10337000020207930793B8BF049223782E2B0CD137
:1033800063782A2B34D1039B1A1D1B680392002BF0
:10339000B8BF4FF0FF3302340593DFF8D4A0217893
:1033A00003225046ECF734FF38B1049BA0EB0A002F
:1033B0004022824013430134049314F8011B29482E
:1033C0008DF828100622ECF723FF00283FD0264B6B
:1033D0001BBB039B073323F0070308330393099BAD
:1033E0003B44099368E70CFB02320C460120A6E738
:1033F00000230134059319464FF00A0C204610F8BB
:10340000012B303A092A03D9002BC6D00591C4E715
:103410000CFB012104460123F0E703AB00932A468D
:10342000124B04A93046FDF7EBFD0746781CD6D1B8
:103430006B6ED90705D4AB899A0502D4A86DFEF747
:10344000CFFBAB895B063FF51DAF09981CE703ABCB
:1034500000932A46054B04A93046FEF775F8E4E7C9
:10346000546303085E630308011001081B3201085E
:103470005A6303088A892DE9F041054610070C4676
:1034800058D44B68002B05DC0B6C002B02DC0020B1
:10349000BDE8F081E66A002EF9D0002312F48052D4
:1034A0002F68216A2B6032D0606DA3895A0705D539
:1034B0006368C01A636B0BB1236CC01A0023024609
:1034C000E66A216A2846B047431CA38906D12968C9
:1034D0001D292BD8294A0A41D60727D40022626029
:1034E000D9042269226004D5421C01D12B6803B99A
:1034F0006065616B2F600029C9D004F144039942D3
:1035000002D02846FFF7F6F900206063C0E70123E8
:103510002846B047411CC8D12B68002BC5D01D2BB5
:1035200001D0162B01D12F60B1E7A38943F04003EE
:10353000A381ADE70F69002FA9D093070E6808BFDC
:103540004B690F6018BF0023A6EB07088B60B8F12A
:10355000000F9CDD216AA66A43463A462846B047DA
:10356000002806DCA38943F04003A3814FF0FF301D
:103570008EE70744A8EB0008E9E700BFFEFFBFDFC6
:1035800038B50B6905460C4613B90025284638BDE9
:1035900018B1036A0BB9FEF785F9B4F90C30002BAA
:1035A000F3D0626ED00704D4990502D4A06DFEF763
:1035B00016FB28462146FFF75DFF636EDA070546D6
:1035C000E4D4A3899B05E1D4A06DFEF709FBDDE7F8
:1035D00070B50C46B1F90E10002996B015461E467E
:1035E0000DDAA38913F0800F4FF000010CBF4FF4E8
:1035F00080634023002031602B6016B070BD6A46A6
:1036000000F048F80028ECDB019901F47041A1F5C5
:103610000053594259414FF48063EBE78B8973B5EE
:103620009D0706460C4607D504F147032360236136
:103630000123636102B070BD01AB6A46FFF7C8FFAA
:10364000009905463046FFF7C9F948B9B4F90C307E
:103650009A05EFD423F0030343F00203A381E3E7C9
:10366000A389206043F08003A381009B6361019BD9
:1036700020615BB1B4F90E10304600F01DF828B19E
:10368000A38923F0030343F00103A381A3891D430E
:10369000A581CFE738B5074D0023044608461146FB
:1036A0002B60F0F72FFD431C02D12B6803B1236080
:1036B00038BD00BFBC53002038B5064D002304467A
:1036C00008462B60F0F72EFD431C02D12B6803B196
:1036D000236038BDBC53002038B5064D0023044696
:1036E00008462B60F0F736FD431C02D12B6803B16E
:1036F000236038BDBC5300201FB514461A46094B41
:103700001B680546D8684CB1074B0091CDE90134E0
:1037100006492B4600F044F800F054F8044B1C46D0
:10372000F3E700BF1C0200206F6303087C630308FB
:10373000AA63030837B5A1FB02244CB911460192D4
:10374000FFF74CF9019A054630B9284603B030BD61
:103750000C2202600025F8E72146FEF7C3F9F4E7E2
:1037600082B001B901A942B14BB113780B60127854
:10377000101E18BF012002B070471046FBE76FF023
:103780000100F8E749B1FF2A85BF8A2303600A7068
:103790004FF0FF3098BF0120704708467047000087
:1037A0000EB403B5014603AB054853F8042B00687B
:1037B0000193FFF745FD02B05DF804EB03B07047DD
:1037C0001C02002008B5062000F02CF80120F0F7BC
:1037D00066FC1F2938B504460D4604D9162303603C
:1037E0004FF0FF3038BDC26B12B152F821304BB9E7
:1037F000204600F031F82A4601462046BDE8384010
:1038000000F018B8012B0AD0591C03D1162303600D
:103810000120E7E7002442F8254028469847002089
:10382000E0E70000024B01461868FFF7D2BF00BF77
:103830001C02002038B5074D0023044608461146F7
:103840002B60F0F71CFC431C02D12B6803B12360F2
:1038500038BD00BFBC530020F0F709BCF8B500BF6D
:10386000F8BC08BC9E467047F8B500BFF8BC08BC61
:043870009E467047B9
:1038780073747265616D2066756C6C00696F206584
:1038880072726F72000000006172726179206D615E
:10389800782073697A652065786365656465640076
:1038A800286E6F6E65290000696E76616C69642008
:1038B8006669656C642074797065000063616C6C7E
:1038C8006261636B206572726F7200006D69737359
:1038D800696E6720726571756972656420666965CD
:1038E8006C640000696E76616C6964206578746543
:1038F8006E73696F6E0000007375626D7367207375
:10390800697A65206368616E67656400696E7661CF
:103918006C696420646174615F73697A6500000092
:1039280062797465732073697A6520657863656563
:10393800646564007A65726F2D6C656E67746820C3
:10394800737472696E670000756E7465726D696E66
:103958006174656420737472696E6700696E76615C
:103968006C6964206669656C642064657363726958
:1039780070746F72000000004E4F5F4745535455F6
:103988005245000057524953545F5348414B455FD5
:103998004A4947474C450000464C49434B5F494E0E
:1039A80000000000464C49434B5F4F55540000004F
:1039B8004E4F524D414C00004C4F5720504F5745E9
:1039C80052000000504552464F524D414E4345006B
:1039D8004E4F5F544150000053494E474C455F5489
:1039E80041500000444F55424C455F54415000003F
:1039F800444F55424C455F53494E474C455F5441EF
:103A080050000000545249504C455F54415000004A
:103A1800545249504C455F53494E474C455F5441B9
:103A280050000000545249504C455F444F55424C99
:103A3800455F544150000000545249504C455F4482
:103A48004F55424C455F53494E474C455F54415092
:103A580000000000626F6F745F66726F6D5F726165
:103A68006D3A2025640D0A005B4D455441204556AA
:103A7800454E545D000000005B4D455441204556BD
:103A8800454E542057414B452055505D00000000DD
:103A9800257320466C75736820636F6D706C657450
:103AA8006520666F722073656E736F72206964207B
:103AB80025750D0A0000000025732053616D706C98
:103AC800652072617465206368616E67656420664D
:103AD8006F722073656E736F722069642025750D8F
:103AE8000A000000257320506F776572206D6F649F
:103AF80065206368616E67656420666F7220736510
:103B08006E736F722069642025750D0A000000002D
:103B1800257320416C676F726974686D20657665DE
:103B28006E740D0A000000002573204163637572EE
:103B380061637920666F722073656E736F72206996
:103B480064202575206368616E67656420746F2042
:103B580025750D0A00000000257320425358206582
:103B680076656E742028646F207374657073206D99
:103B780061696E290D0A000025732042535820659B
:103B880076656E742028646F207374657073206383
:103B9800616C6962290D0A0025732042535820651B
:103BA80076656E742028676574206F7574707574F7
:103BB800207369676E616C290D0A00002573205314
:103BC800656E736F72206964202575207265706F49
:103BD80072746564206572726F7220307825303295
:103BE800580D0A002573204649464F206F766572A6
:103BF800666C6F770D0A000025732044796E616D3D
:103C080069632072616E6765206368616E676564C9
:103C180020666F722073656E736F72206964202549
:103C2800750D0A002573204649464F207761746553
:103C3800726D61726B20726561636865640D0A005C
:103C48002573204669726D7761726520696E6974A3
:103C580069616C697A65642E204669726D77617254
:103C6800652076657273696F6E2025750D0A0000F0
:103C78002573205472616E73666572206361757373
:103C88006520666F722073656E736F722069642099
:103C980025750D0A0000000025732053656E736FAB
:103CA80072206672616D65776F726B206576656EDE
:103CB8007420666F722073656E736F72206964205A
:103CC80025750D0A00000000257320526573657480
:103CD800206576656E742025642C20307825303276
:103CE800582C20203078253031580D0A000000006B
:103CF80052656769737465723A2030782530325896
:103D08002C204572726F7220436F64653A202564D7
:103D18002C203078253032580D0A000073697A65F6
:103D2800206F6620706F73746D6F7274656D207389
:103D380074727563743A202564000000506F7374C0
:103D4800206D6F7274656D20646174613A2025641A
:103D580000000000257320556E6B6E6F776E206D26
:103D6800657461206576656E74207769746820696A
:103D7800643A2025750D0A004E4F5F474553545548
:103D88005245000057524953545F5348414B455FD1
:103D98004A4947474C450000464C49434B5F494E0A
:103DA80000000000464C49434B5F4F55540000004B
:103DB8004E4F524D414C00004C4F5720504F5745E5
:103DC80052000000504552464F524D414E43450067
:103DD8004E4F5F544150000053494E474C455F5485
:103DE80041500000444F55424C455F54415000003B
:103DF800444F55424C455F53494E474C455F5441EB
:103E080050000000545249504C455F544150000046
:103E1800545249504C455F53494E474C455F5441B5
:103E280050000000545249504C455F444F55424C95
:103E3800455F544150000000545249504C455F447E
:103E48004F55424C455F53494E474C455F5441508E
:103E5800000000004368616E6E656C202564206672
:103E68006F756E64206465766963652061743A20B5
:103E78002558200D0A00000050415353000000004F
:103E88004641494C00000000534B495000000000D7
:103E9800747275650000000066616C73650000004F
:103EA8005B25735D2046696E6765723A2025642C30
:103EB800204C696E6B3A2025642C204D75785F4341
:103EC80068616E3A2025642C204465765F616464DD
:103ED800723A2025582C20496E69743A202573209F
:103EE8000D0A00004241442055504C4F41442120C6
:103EF8000000000042414420424F4F54212000005E
:103F08004D65746120414900426F776965476C6F60
:103F180076650000313233343536373839000000E1
:103F28004461746100000000444655002573202553
:103F3800643A20415353455254204641494C454424
:103F48000D0A000025732025643A20415353455239
:103F580054204641494C45440D0A0000257320254C
:103F6800643A20415353455254204641494C4544F4
:103F78000D0A000025732025643A20415353455209
:103F880054204641494C45440D0A0000257320251C
:103F9800643A20415353455254204641494C4544C4
:103FA8000D0A000020207C007C0D00004E554C4C72
:103FB8000D000000253034583A20000025303058D4
:103FC8000000000004110040081104400C140840CF
:103FD80010140C40141410400000000000000000F1
:103FE800CC3F0108E43F0108000000000000000089
:103FF80005000000050000000411004008110440FD
:104008000C14084010140C401414104018141440D8
:104018001C141840000000000000000000400108C7
:104028002040010800000000000000000700000018
:104038000700000004110040081204100C11084089
:1040480010110C40151801401400140019180140F3
:104058002C001C0000000000E83F01082440010873
:10406800000000003C40010860400108000000001A
:104078000000000006000000060000002B6600009B
:1040880000004C0929817C198B700395942A6EECE9
:104098005CE76688EC7DC79E5CCDFE65850BAC3918
:1040A80067996F39000000003548BBA5EF1D90A740
:1040B800E30339B0FD19529510E3890800000000A8
:1040C80017E80309F283C8983F09D4EF38D4903829
:1040D8009F313C7FB0520000E6A1885A8845000015
:1040E8002E14000000000000F00000000000000096
:1040F80000000000C30A6EAD64861200D0291000CB
:10410800D0291000D0291000D0291000D029100083
:10411800D0291000D0291000D0291000DC9A1000F6
:10412800D0291000D0291000D0291000D029100063
:1041380030520000D0291000845F12000CB110002A
:10414800D029100068B3100068B3100068B31000DD
:104158006C4D1200686D1200686D120064B6100094
:10416800ECB6100034B810002C6A1200D0291000E8
:104178002C1A1000C8B5100010151000D029100016
:10418800D0291000B81810006C191000106E120019
:10419800106E1200106E120008711200C102CFF2E8
:1041A8005D074FF6E1040001450600014D06CFF713
:1041B8006906CFF78506CFF7D907CFF7E505CFF919
:1041C8003506CFF91107CFF9A1010FFAA9010FFAA6
:1041D80095020FFA09060FFAED01800119014FFA4D
:1041E800B5044FFAF5044FFA5D054FFA1904C000FB
:1041F80059064FFA71064FFAD1018001B5018FFABD
:10420800D9018FFAE901800141028FFA65038FFA1B
:10421800BD038FFA15048FFA61048FFA79048FFAB7
:1042280005028001F9048FFAC50540014D068FFA91
:1042380081078FFAA501CFFAA502CFFA6D03CFFA4D
:104248007906CFFAA102400135000FFB75000FFB7C
:10425800A9000FFBD9000FFBE1000FFBED000FFBDE
:10426800F5000FFB05010FFB49020FFB4D020FFB89
:1042780055020FFB65020FFB75020FFB81020FFB56
:1042880075030FFBAD040FFBD5040FFBED040FFB0B
:10429800F5040FFB19050FFBB503400121060FFBC1
:1042A800AD038001D9060FFB29014FFB1D05C00096
:1042B80015024FFBF1024FFB99008000510080006E
:1042C800E107400025008000FD07400065008000F0
:1042D800C5008000A1008000F5054FFBB9064FFB23
:1042E800FD064FFB5503400151068FFB2902CFFB0A
:1042F800B5020FFC35040FFC81040FFC8D040FFC84
:1043080061050FFC0D018FFDA1018FFDB1018FFD2E
:10431800C1018FFD1502400191038FFD09058FFD35
:104328005D04C0009900CFFDF103C00051020FEFFA
:10433800BD04CFFD2505CFFD6D06CFFDA506CFFD3C
:104348005D07CFFDF507CFFD29000FFEA501400150
:1043580011020FFEA1020FFE39030FFEC9030FFE63
:10436800B1040FFE71070FFEFD070FFEFD070FFEDC
:104378000D004FFE61004FFEB5004FFEB9004FFE25
:10438800CD004FFEF5004FFE05024FFED9058FFE0A
:1043980065068FFE7D068FFE6100400135078FFEA2
:1043A80049078FFE6D078FFEE5078FFE1500CFFECC
:1043B8009D00CFFEB500CFFEE500CFFE5901CFFE30
:1043C8000502CFFE1D02CFFEE501C001F101C001CB
:1043D800FD01C001C902C0014D02CFFE9D02CFFE02
:1043E800A502CFFE1103C0014D03CFFEB503CFFEDA
:1043F8001904CFFE8104CFFEA904CFFE5D03C001DE
:104408008503C0019D060001D906CFFE9907CFFE9E
:104418002904C0015D04C0018504C0017D000FFFAF
:10442800BD000FFF75050001C905C00181020FFF1E
:1044380085020FFFC102C000CD020FFF19030FFF55
:1044480019030FFF710540006D064FFF35008FFF00
:104458005902CFEF0D03CFEFAD03CFEF0104CFEF3C
:104468008D04CFEF9D04CFEF1105CFEF5905CFEFA6
:104478006905CFEFD505CFEF5506CFEF8107CFEF11
:1044880049000FF021010FF06D010FF085020FF0C8
:1044980089020FF07D030FF0F5030FF0FD040FF014
:1044A80031050FF0FD050FF0AD070FF031004FF0AB
:1044B8005D014FF009028FF051078FF02100CFF016
:1044C8004500CFF0B101CFF0FD06CFF00507CFF0E2
:1044D800DD000FF1E9000FF141010FF179050FF14E
:1044E80031060FF139060FF149060FF12D004FF192
:1044F80081004FF101014FF10D024FF14D024FF1D3
:1045080089024FF18D024FF191024FF1DD024FF117
:1045180025034FF185044FF16D074FF171074FF1F6
:1045280079074FF17D074FF181074FF19D074FF153
:10453800AD074FF1B1074FF1B1074FF149018FF1C5
:10454800A1018FF1DD018FF17D028FF179038FF1E8
:1045580005048FF1DD048FF1C9068FF161078FF132
:10456800F9078FF1D500CFF19902CFF1A102CFF170
:10457800BD03CFF12904CFF18904CFF1ED04CFF1C8
:10458800CD05CFF16D06CFF11507CFF1B107CFF10A
:1045980001020FF205020FF24D020FF2D9020FF2DB
:1045A8003D030FF289030FF2F9030FF219040FF21A
:1045B80091040FF279050FF2DD050FF201070FF2F2
:1045C80011004FF2ED004FF2CD014FF26D074FF29F
:1045D80071074FF2B1074FF25D008FF2C1008FF201
:1045E80009018FF209068FF221068FF2FD07CFF23B
:1045F80049000FF34D010FF371010FF381010FF320
:10460800B5010FF3B9010FF3C5010FF311020FF351
:1046180011020FF33D020FF3CD020FF399030FF3CD
:1046280001040FF359040FF3B1040FF3DD040FF382
:1046380001050FF301050FF3B1050FF399004FF3CF
:104648001D014FF365014FF329024FF331024FF378
:1046580041034FF3DD048FF359058FF309068FF3F8
:104668006D068FF37D068FF3FD068FF311078FF329
:1046780085078FF3D9078FF3CD00CFF3ED02CFF382
:104688006504CFF3FD04CFF32D06CFF38506CFF3F2
:10469800C1010FF495060FF49D060FF4A5070FF45A
:1046A80031014FF469014FF415034FF4E9044FF455
:1046B80049054FF485064FF449074FF481008FF4FC
:1046C80085008FF41D018FF439018FF431028FF4C6
:1046D800CD048FF465058FF419078FF401010FF5E8
:1046E8004D010FF5E5020FF509030FF519030FF555
:1046F800CD030FF5D1030FF5DD030FF5B1040FF569
:1047080005064FF585064FF5D9064FF539074FF5DC
:10471800B9074FF52D008FF535008FF545008FF55A
:10472800B9008FF509028FF5CD00CFF5E100CFF57F
:104738003101CFF5FD01CFF5ED02CFF58103CFF5BE
:10474800E903CFF54504CFF52505CFF5ED010FF6C3
:1047580009020FF685020FF6C1020FF6F9020FF6ED
:1047680025074FF67D074FF6C1074FF655008FF620
:10477800C5018FF639028FF649028FF6E9028FF6E6
:10478800F1028FF6BD038FF671048FF61D058FF6C3
:104798000500CFF68500CFF69500CFF67D01CFF660
:1047A8008501CFF6A902CFF6D902CFF6A503CFF639
:1047B800CD05CFF66106CFF67106CFF62907CFF6FD
:1047C8003107CFF621000FF7E1000FF765010FF76A
:1047D80021030FF74D030FF7B1030FF7C1030FF7CD
:1047E80091040FF7AD040FF7B1050FF721060FF786
:1047F80081060FF791070FF7E5070FF705004FF749
:10480800A1004FF7B1004FF761014FF775014FF75E
:10481800A1014FF7C5014FF719024FF789024FF76A
:10482800C1024FF7F1024FF75D034FF7DD044FF771
:1048380035054FF745054FF709064FF719064FF7A6
:10484800F5064FF78D058FF7A5058FF71D078FF72D
:104858005D078FF7DD00CFF77D01CFF77D02CFF73A
:104868003903CFF71D05CFF7DD05CFF76906CFF779
:104878009507CFF751000FF8A1000FF839010FF88D
:1048880011020FF879020FF845030FF88D050FF89C
:10489800E5050FF86D060FF8DD060FF8FD060FF8B1
:1048A8003D004FF845004FF859004FF871004FF898
:1048B80051014FF8A1014FF865034FF801054FF872
:1048C80089008FF8A1008FF801018FF845018FF852
:1048D800AD018FF821028FF871028FF8C1028FF8AD
:1048E800DD028FF8ED028FF835038FF8E1038FF8BA
:1048F800F1038FF8F5038FF821048FF83D048FF842
:1049080065048FF879048FF815000FF9B1000FF9D5
:10491800FD000FF9B5010FF9D5010FF971050FF970
:1049280071050FF995050FF9BD004FF919048FF9B5
:10493800B9048FF9C9048FF9F9048FF909058FF9BA
:1049480009058FF9AD058FF9D1058FF9ED068FF9B6
:1049580005078FF95503CFF96D03CFF98103CFF917
:10496800ED03CFF92904CFF93904CFF95104CFF970
:104978006904CFF97904CFF9A904CFF9FD04CFF977
:104988001905CFF92D05CFF94105CFF95105CFF913
:104998006505CFF97505CFF98905CFF99D05CFF9DB
:1049A800C105CFF9E105CFF9B906CFF90107CFF96C
:1049B8001907CFF94D07CFF99507CFF9A907CFF90F
:1049C800C107CFF93D060FFA89070FFAE1070FFA79
:1049D800F9070FFA2D004FFA2D004FFA41004FFA50
:1049E80059004FFAFD048FFA15058FFA41058FFA21
:1049F80089058FFAA1058FFAD5058FFA51078FFA25
:104A080069078FFA9D078FFAE9078FFA0D06CFFA23
:104A18002506CFFA5D06CFFA4D018FFB65018FFBA6
:104A28008903CFFB9103CFFBC503CFFB5906CFFB0F
:104A38007106CFFBA906CFFBC106CFFBFD06CFFB56
:104A48001507CFFB4907CFFB6507CFFB05000FFC18
:104A58006D000FFC9D000FFCED000FFCF9000FFC32
:104A68004D010FFCB1010FFCF9010FFC41030FFCD4
:104A780045030FFC81030FFCCD030FFCE9030FFC7A
:104A880029040FFCB1060FFCB9060FFCC9060FFC80
:104A9800E5060FFC29070FFC49070FFC59070FFC17
:104AA80069014FFC71014FFC81014FFC9D014FFCD6
:104AB800D1014FFCD5014FFCD9014FFCE9014FFC56
:104AC80075024FFCF1024FFCC9044FFCE1044FFC96
:104AD8007D054FFC25064FFC19074FFCDD008FFCB8
:104AE800E5008FFCED008FFCF5008FFC49018FFC81
:104AF800F5018FFC29028FFCF1038FFC91048FFCD8
:104B080015058FFC1D058FFC01078FFC11078FFC15
:104B180021078FFCDD078FFCED02CFFC6104CFFC81
:104B28006504CFFCB504CFFCBD04CFFCD904CFFC91
:104B38001505CFFC1D05CFFC8506CFFC5D000FFDDC
:104B48006D000FFD81000FFD19020FFD31020FFDF1
:104B580075020FFD8D020FFDED030FFD05040FFD1E
:104B680031040FFDA9050FFD55004FFD6D004FFDE8
:104B7800E5004FFD95014FFD9D014FFDB1014FFD32
:104B8800C9014FFDAD034FFD49028FFD61028FFD45
:104B980095028FFD01048FFD19048FFDC9058FFD56
:104BA800D504CFFDED04CFFDB5020FFE9D038FFEAA
:104BB800B5038FFE75000FFF8D000FFF59020FFF21
:104BC80071020FFF59028FFFB5028FFF55070001D1
:104BD800F1060FF6B9010001FD004FF61D020001B4
:104BE80051070001ED078000C9068FF911078FF9F9
:104BF8006107CFFAF9040000110200012104400105
:104C080079010001C5010001910100013D04400145
:104C180065044001B5008FFBB5054001C1028FFB5B
:104C2800FD020FFD0D030FFD5905000219034FFD8D
:104C3800350100007101000011048FFD4102CFEE23
:104C480079048FFD09058FFD0D07CFFDAD050FFE1A
:104C580059074FFE89018001A90180010900000060
:104C680085000000E2C20845018068408420030CEA
:104C78001908310448410E8D0015061021421D788F
:104C88005E0E6FFB0143C2C6284D4C700208E0005F
:104C98000843001506100041614021420E0B2FF613
:104CA8000143C2C6E2C20845018068408420030C63
:104CB8001908310448410E8D0015061021421D784F
:104CC800020E6FFB0143C2C6284D4C70C20FA000F4
:104CD800084300150610004161402142E20A2FF600
:104CE8000143C2C6E2C20845018068408420030C23
:104CF8001908310448410E8D0015071021421D780E
:104D0800320E6FFB0143C2C6284D4C70820FA000C3
:104D18000843001507100041614021428A0AE0005B
:104D28000143C2C6E2C20845018068408420030CE2
:104D38001908310448410E8D0015071021421D78CD
:104D4800BA0D6FFB0143C2C6284D4C70420FA0003C
:104D5800084300150710004161402142620AE00043
:104D68000143C2C6E2C20845018068408420030CA2
:104D78001908310448410E8D0015061021421D788E
:104D8800F60A6FFB0143C2C6284D4C71020FA00002
:104D9800084300150610004161402142E2092FF640
:104DA8000143C2C6E2C20845018068408420030C62
:104DB8001908310448410E8D0015071021421D784D
:104DC800D20A6FFB0143C2C6284D4C71C20EA00027
:104DD800084300150710004161402142FA09E0002C
:104DE8000143C2C6F1C081808424031C110C311414
:104DF800001005000E881D78995A04F010E08E5AAC
:104E0800D1C0E07EF1C081808424031C110C3114D0
:104E1800001006000E881D789B5A04F010E08F5A87
:104E2800D1C0E07EF1C081808424031C110C3114B0
:104E3800001006000E881D789A5A04F010E0905A67
:104E4800D1C0E07EF1C081808424031C110C311490
:104E5800001006000E881D78975A04F010E08D5A4D
:104E6800D1C0E07EFC1C88B7E1C0E1C1E1C2E1C36A
:104E7800FC1C08B1FC1C48B1FC1C88B1FC1CC8B166
:104E8800FC1C08B2FC1C48B2FC1C88B2FC1CC8B252
:104E9800E1C4F1C0FC1C08BF6A208000E1C06A20A0
:104EA800C000E1C0C340F0002D000088C1B8F02662
:104EB8000170A000807D03E94079C1C06B20C0006B
:104EC800C1C06B208000C1C00A240070D1C0C1C419
:104ED80004140B3404140A34041409340414083474
:104EE8000414073404140634041405340414043474
:104EF800C1C3C1C2C1C1C1C004141E346F243F0064
:104F0800E4C22F27BF036F233F00CB45A000A24276
:104F1800208D06210000960BAFEE00AD208D147099
:104F2800C340F000340005F27B00200033A8A0B98C
:104F380033A820AD00168070A000A142147033F28F
:104F48000016C070A000B042CB44A000A04214706C
:104F5800C343F000400226002B00408C6D71E5B879
:104F6800002B80102F27BF006F233F0012F42583EA
:104F7800067925A32F26BF0011F02F277F006F2366
:104F88003F0007830F20800007A32F267F000BF028
:104F98002583257805A32F26BF00008C002B001041
:104FA80006A32F26BF03C4C6E6C1A3C12F273F020D
:104FB8006F233F006F263F0437886D7034700CF202
:104FC800358883E93688448005B9422101083A6268
:104FD800688A74708E00210080C4E782C682FFD977
:104FE8005ADD181A800F12002C7287A240C641C7DA
:104FF8004F00200042C1AB25081E00168170F0004A
:105008003500C5B9347210F46F273F006F233F0095
:10501800AA215A004B2180830BF22F21BF0F0000D9
:1050280077000BF02F21BF0F0000B70005F02F21EC
:10503800BF0F0000B7006F263F04688A02C108EB63
:105048008C21C38F04F477887470D7F58C21C38FB3
:105058006D7109F427820F09010301C127A200C15C
:1050680026A22F263F026140C6C5E07814707C0056
:10507800210000432F273F036F233F006F263F0483
:1050880022F029F400168070F0003500C5B81472BB
:105098000FF46F273F006F233F00AA205A004B20D0
:1050A80080830CF22F21BF0F000077000AF02F2118
:1050B800BF0F0000B70006F02F21BF0F0000B70098
:1050C8006F263F044C8B00815470BA07E2FF8C2096
:1050D800C38F2F263F038C20C38F0041CA21E108CC
:1050E8005470E07FCA204100E07F23D8E8C3A3C101
:1050F8002F273F046F233F006F263F042D90AD708C
:1051080034700CF22B9083E92C90247742805A213A
:1051180001053A622C8A34709400210080C3C4824D
:10512800A282FFDC081A800F1200187764A240C51B
:1051380041C65100200042C4AB21080E0016817000
:10514800F0003500C5B934720FF46F273F006F23A4
:105158003F00AA215A004B2180830CF22F21BF0F58
:10516800000077000AF02F21BF0F0000B70006F0FB
:105178002F21BF0F0000B7006F263F042C8A02C4FE
:1051880009E98C24C39F07F42D903470AC07E2FF23
:105198005AD98C24C39FAD710AF404821108C10046
:1051A80001C004A200C002A291D867582F263F046C
:1051B800A140C8C700168070F0003500C5B8147249
:1051C8000FF46F273F006F233F00AA205A004B209F
:1051D80080830CF22F21BF0F00007700E07E2F2183
:1051E800BF0F0000B700E07E2F21BF0F0000B700FF
:1051F800E07EE078F1C002881708BF01F6D80211F6
:10520800C0000D0832000C70D1C0E07EF0D8A609AD
:10521800AFF42C71E4C2C34200000000C343000095
:1052280000002845C20D6FF908464C706C70C140EB
:10523800DA0E6001A141C4C6E4C2C3420000000006
:10524800C3430000000028459E0D6FF908464C71C5
:105258006C70C140B60E6001A141C4C6E4C2C3422D
:1052680000000000C3430000000028457A0D6FF9D4
:1052780008464C726C70C140920E6001A141C4C6D0
:10528800E2C2C34200000000C34300000000520D08
:105298006FF908454C736C76720E6001A140C2C666
:1052A800E4C2C34200000000C343000000002845D8
:1052B800360D6FF908464C746C70C1404E0E600193
:1052C800A141C4C6E4C2C34200000000C3430000B9
:1052D80000002845120D6FF908464C756C70C140E6
:1052E8002A0E6001A141C4C6E4C2C34212008085EF
:1052F800C343120084852845EE0C6FF908464C76A6
:105308006C70C140060E6001A141C4C6E4C2C3422C
:1053180000000000C343000000002845CA0C6FF9D4
:10532800084607DA6C70C140E20D6001A141C4C6AD
:10533800F1C0C34200000000C343000000009A0C03
:105348004FF908DAC60D60016C74D1C0E07EE078D0
:10535800E4C2C34200000000C34300000000284527
:10536800860C6FF9084609DA6C70C1409E0D600121
:10537800A141C4C6E2C2C34200000000C34300000A
:1053880000005E0C6FF908450ADA6C767E0D600144
:10539800A140C2C6E2C3A1C14E0CEFFA084540C005
:1053A80040240530C34200000000C3430000000051
:1053B8008C76860BEFFAA140402404300BDA6C7629
:1053C8003A0D6001A14000C0C2C7E078E4C2AD70E8
:1053D8000A26801F1200E4850086218602790D09BD
:1053E800720122B9AA0BCFFAA571F10D349408E61F
:1053F800C34212008485C34312008885DA0B4FF933
:105408000CDA0A0D60016C74C4C6E078F1C0C342BE
:1054180000000000C34300000000BE0B4FF90DDA86
:10542800EA0C60016C74D1C0E07EE078F1C0C34240
:1054380000000000C343000000009E0B4FF90EDA85
:10544800CA0C60016C74D1C0E07EE078F1C0C34240
:1054580000000000C343000000007E0B4FF90FDA84
:10546800AA0C60016C74D1C0E07EE078E07F0C701B
:10547800E8C2084594E142012500ED700E71CD7037
:10548800E1ADE0ADBE09AFF5CF78618D408D2F213C
:10549800080408BB1470C571657ACF78C52242002C
:1054A8002F20402040AD28BADD08748241AD09DEC6
:1054B8000E71E3AD021DC2138A09AFF5CF78638D73
:1054C800428D2F21080408BB1470C571657ACF7806
:1054D800C52242002F20402042AD28BADD08B484FE
:1054E80043ADCD700E71E5AD041DC2137E08AFF556
:1054F800CF78658D448D2F21080408BB1470C571C1
:10550800657ACF78C52242002F20402044AD28BAC2
:10551800DD08748245ADE7ADE6AD09DF4A264010E7
:105528004A08AFF5EF78878D468D1470402C00122D
:10553800D079E5714578EF7BC52042003B7E06AD0A
:1055480028B8E10BB48407AD0E0F4000060F6000C9
:1055580008ADDE0E600009ADBA0E60000AAD6E0936
:10556800AFF50BADEA09AFF50CAD9A09AFF50DAD86
:105578000EADC341F00000010D8914DFC2B80FADB4
:105588000989C6B810AD0591C6B811AD0C89C1B866
:1055980012AD138D2C8900160270F00090016C205A
:1055A800430024B95B78442142004420810005234C
:1055B8008000257813ADE140C8C6E078E8C2F0263F
:1055C8004D70A000F44D48470846B57066F22F2785
:1055D8003F046F233F00018500AE6085428528B8EF
:1055E80001AE204062AE7A086FF843AE828E04AEF8
:1055F8005527801F22B8C5B840250315984E4C7012
:1056080009240B101FF0608320EBD48B8089447130
:10561800C3BE6C24C010C57800A9888B8420C2033F
:1056280004BC8424011C857800A9158BC57C07B8A7
:10563800857800A90C93968B02A928B881A903A99B
:1056480024744F78C308C4820CE520F0A08521EDAE
:10565800948D60894471C3BC6C23C000857800A90F
:10566800688D8420C20304BB8423010C657800A9DB
:10567800158D857B07B8657800A90C95768D02A9EC
:1056880028B861A903A924744F78C508C4822F26B5
:105698003F0408D9157903F02C703078C8C6E07833
:1056A800E4C2CB44A0009C7D8084607C4845CD70DA
:1056B80009E8008DCD7107E83D582488058821AD9B
:1056C80002ADC140C4C6E078EAC208457CB8704162
:1056D80048461D08F50030405525401E0F79C14049
:1056E8000242B7FF001904200C71CAC60F0D7418C6
:1056F8001E4E2C70AA09EFFC4C75CB47A000907D7C
:105708008287A1400241C142607C224307E8710DB3
:10571800F0100C71310D1011E9F1250D32140C70D7
:10572800870D30140241F9E544F2FEE5DFF5208FDC
:1057380003AE02AE01AE0C7420AE3FF0410DD010A6
:10574800AB0D1191020FC0000845026EC341120053
:1057580095840A0BEFEE4C76184EC341A000C47E28
:10576800FA0AEFEE4C7609ED8025041F1E4E4C76A2
:10577800EA0AEFEEA14100110021B6F10D08352526
:105788000C7000190520CAC61E0FEFF90C724128CB
:105798000306412802044128010210AE14D873AE52
:1057A80052AE31AE09F010D86A0AA000C14205F025
:1057B800C14002412FFF310911A098F1E8C2CB4640
:1057C800A000907D648648453040607B0847B6E875
:1057D800FEE70C7033F40D081020408D40AE03F046
:1057E800408ECB4512009B8405EA8C22C38F23F29E
:1057F80006F0060D6FEEA140408E1AEA2186016977
:1058080001A64E0B6FEE5A4D008E250894003B58AA
:10581800004320441D4DE141360B6FEE0242008EDD
:105828000D08F4005425401A260B4FEE048E0D087F
:105838001E00960C6FEE0AD80C71C8C6E2C2390B6E
:10584800B00028434B0B5000A30B110080905F0C55
:105858001316AB0CD011B70C1012930C91122190A7
:1058680004691109340200A253217E800C7146F2AA
:105878000AD868F08090C341A000F8904B0CD01172
:105888004D0C1012670C9112D608000051F0809050
:10589800CB45A000A47D3F0C9016490C50164F0C28
:1058A8001116828523EC407C43F07B0C1016870C84
:1058B80050163B0C911621900C7164693D0930011A
:1058C80060A21AD83EF0DE0B000033F01E0C000078
:1058D8002FF020850BE943852588607A048829F014
:1058E800808505EC607C048823F0CB44A000A87D6B
:1058F800A0842AED607D6141C2C621900C71646963
:10590800F909308160A207D81CF001902C686468FE
:10591800F8E160A205F753207E800C71EEF308D8F9
:1059280010F00190246820A203E818D80AF00C713E
:10593800C2C621900C716469C109308160A219D86E
:105948002C7170580C70C2C6F1C079200000047127
:1059580004A90C716458D1C0E07EE078F8C208460A
:1059680004880D081F000196A10811020B16941057
:10597800E2086FFA0A16931004E82D10920003F05B
:105988004E71CB47A0001C92CB45A000FC910C7037
:10599800031FC214041F02151CAD181D45112296C1
:1059A800081690104B210086304113F24129CC2073
:1059B800532441105D09D0006B0990007D09510006
:1059C800670A5F20C341A000EC4021D84DF02E5853
:1059D8001045345800410240A242335816E8BC48EA
:1059E80018DA7A08EFEEA1400185F0D90479630945
:1059F800300491E0E5093108A2E0F7F2A1E0C62100
:105A08002126CF21E120F5F000962C767058D8C6D3
:105A1800081D8114041D8114001D801FA0007440FE
:105A28000DF03F0A5120081D4114041D4114001DAA
:105A3800801FA000544003F001A5498E2E8D00AFB1
:105A48005B7AC0B91FAD194E45792EAD44F00A02F4
:105A58002100567192E00F022000C5212126C34182
:105A6800A000084122D8558DC0DB2F240204091656
:105A7800881006160B114424071141290C235320C2
:105A8800862002A501A520A50421C12044240002E6
:105A9800442409126C24CC0026B905208001412930
:105AA80085230521C101857884220200442543000D
:105AB80005214102457873AD34AD15AD0396101D2F
:105AC800C412121D02121FAD28B800AFA60960004B
:105AD800A140194E008802AF41290022442117A194
:105AE800D342A000BC7D1D1D4214011F02141EAD2F
:105AF80012F2C5B8D3464C3DCDCC1108740163B839
:105B0800483080000030960527091F20D340120036
:105B18003C4B08F023093F20CE70D3401200384B8D
:105B28004023C0246C204000001A002410F0D34009
:105B38001200684B04F0D3401200644B9C4E056F72
:105B480062421A0FAFEE001A002410D840275511F0
:105B5800F670D347120050580DB50FF240250516C0
:105B6800A1408241A24262430A24C00523200004C6
:105B78000A268005D8C615097F2040250516A140AC
:105B88008241A24262432CF0422351202F2647F43F
:105B98001FF2402518160A2640248A46CF796C71D0
:105BA8008C70A140A242232000040A25000600129E
:105BB8001020C677A6712F2687F5C571F0F5422308
:105BC8008120066F2F7A00245424002215002F21EB
:105BD8000705402505166C71A140A2422320000448
:105BE8000A24C005D8C6462111264F21112108953F
:105BF800528D958D748D131589108A2301101FAD50
:105C080042AF412802029B78366B402BC800042122
:105C1800862F00001F3FC2BC4421511040AF6C20AA
:105C28000901442002040421C00244200B18457CC9
:105C38000526C2020CBB8421020045780423830F89
:105C48000F0000802578402991236578052450129B
:105C58000521112042F146211126CF212121CF21F2
:105C6800E2200E8D0E70001F02141F1D02141D78F5
:105C780033F1E078C341A000CC7D4081004307EABE
:105C880040404382FEEA63A002F060A10C70E07F0E
:105C98000C1B0100C340A000C07D2180E07F008074
:105CA800E4C2CB45A000C07DC488088D390E001021
:105CB800170E9110AA0A4FFA21A500A53BD8C34197
:105CC80012009C5B07F01F08B1003BD8C3411100CC
:105CD80064A69A0E00000C716B200004E078E0784E
:105CE800E078C8ADC4C6E078EAC22190A468CB4782
:105CF800A000C07D38608A20832840201101008DD3
:105D08008C20038C48002500C16D288FB509B1008F
:105D180000418021FC02A509750241DA770A6F006B
:105D280082DA7F0A6F008A220401910A4E00248ECB
:105D380021A7418E638E208E828E08BA08BB257AF1
:105D48000523010310B9457920A73CF07D083000F0
:105D5800A572A38707000000A385770D1010208582
:105D68002489F9090180088F0B0851003B5821A7A5
:105D780000A7488D0185E60CAFEEC1414085A88D8E
:105D8800B912C00045083300DD65218700877258C5
:105D98001CF0408E208761870022428009F0218E06
:105DA800408E808708B96187457900244290412355
:105DB800018021A740A706F0001E0274F0004800E9
:105DC8000E0D2FFA2C701D65370D4494CAC6E2D803
:105DD800001E0270F0004800CAC6E078F1C0A3C1F6
:105DE800C342A000C87D408A0AEA048841C12C74D5
:105DF80093B940C162C00C7180C16458A3C0D1C0BE
:105E0800E07EE078E6C242233C8015F2CD70AD70AA
:105E1800A8204004976D5C642F27FF026F233F0082
:105E2800F38C06EFD3AC0E1C4310D0A42F26FF0230
:105E3800A57172098FF9C6C600161D70A000044727
:105E480009244C17F0261D73A000207CAB251030C8
:105E5800AA259030350DFE315025DD31AB25903027
:105E680067244033FC1CC8B7AA250938A725093977
:105E7800FC1C48B7AA254938A7254939FC1C48B74E
:105E88000A27803F11003CC86F243F00AA279030A2
:105E98004F27DF31AB27903004141D34AB25493927
:105EA80004141D34AB25093904141F346724403306
:105EB800AB2710306F243F00C342A000D87D39A221
:105EC800E07F18A2F1C00E0A0FFDC340A0000847EA
:105ED8004020020ACC4820E0001A800F1200945D8E
:105EE8000019800F1200405D0018800F12007A61BF
:105EF800D1C0E07E05EB1522CC00FC1CC090E10768
:105F08000FFEE078004206E8108AE7B80C77E07DDB
:105F1800ED01EFFE4040E078EAC2001010000845AD
:105F280058204E0170B87041920DEFFC2847C341CC
:105F380000801E403671D5212208E4A6041D5010A9
:105F48001825021407F42C70041E0110A3A642A6FB
:105F58000AF0C341A000D87D988179814041A1A66B
:105F680083A662A620A6CAC60C705470AB20500245
:105F7800E07CC340A000307EE07F40A0EEC24E70BF
:105F8800CB46A000D87D8A2190285240A46EAB222F
:105F980050220085402153200CE82086E18580B9F5
:105FA8002B214004120F0FFEE5782B20C00406F0C9
:105FB8002B2240242B22C02406710CE62672D70817
:105FC80034A20CE5CEC6E078EEC2D9880845304345
:105FD800C1BE8A086FFBA1404E700E710AE81F0E01
:105FE800B510A1403558130B25200C712E7040F0C8
:105FF8000C7110413CF00D8D03E8E08505F00D1D96
:106008004310A94702F01CEF52086FFBE14011E86A
:10601800E14035581B08C104558705EA3987607A7D
:10602800E140190F6013E140460B0FF906F02E0806
:106038006FFBE14002E80E70E087E7F1167015F299
:106048002E0B2FF9A1400B0E90100D1D0310108D73
:1060580014700BF2101D03109E782C704C71A14027
:106068009158BE784E71792010200C7083E85670D4
:10607800B1F51470CA2042240240CEC6001E00703A
:10608800A000E0476A208002AEB8BFB8292000808F
:10609800AA20C1005120C087BFB8AB20C100E724A7
:1060A8006233C740A000E047641C08B0AA20490931
:1060B800981C0030AA200909941C0030AA2049081D
:1060C800901C0030AA2009088C1C00300A20000F00
:1060D800881C00306A208000841C00306A20C000C0
:1060E800801C00307C1CC037781C8037741C4037FB
:1060F800AA2050005CC06C1CC036681C8036641C2A
:106108004036601C00365C1CC035581C8035541C59
:106118004035501C00354C1CC034481C8034441C8D
:106128004034401C00344FC74EC64DC54CC42C1CCF
:10613800C032281C8032241C4032201C00321C1C17
:10614800C031181C8031141C4031101C003143C36D
:1061580042C241C1AA204800422000841E0001001A
:106168006A2180084421C1006B2180082220800F09
:106178001200D03914702A000100AB204800001624
:106188000A70A000AC46001A00172220800F1200E7
:10619800EC2A00160A70A000AC4600121C109814D5
:1061A8001E30AB26493994141E30AB260939901499
:1061B8001E30AB2649388C141E30AB26093888149B
:1061C8001E300A24807784141E306B268030801499
:1061D8001E306B26C0307C141F3078141E307414A7
:1061E8001D306C141B3068141A3064141930601494
:1061F80018305C14173058141630541415305014D5
:1062080014304C1413304814123044141130401414
:1062180010300FC70EC60DC50CC42C140B30281433
:106228000A3024140930201408301C1407301814BC
:106238000630141405301014043003C302C201C11F
:106248001CC0AB2050009C1400346F233F006F2407
:106258003F00E078FC1C08B0AA2048000B0810009A
:106268000C70AB20480010D8AB2048000414003450
:10627800E07EE208000098141E306B264033981424
:106288001E30AB26493994141E30AB2609399014B8
:106298001E30AB2649388C141E30AB2609388814BA
:1062A8001E300A24807784141E306B2680308014B8
:1062B8001E306B26C0307C141F3078141E307414C6
:1062C8001D306C141B3068141A30641419306014B3
:1062D80018305C14173058141630541415305014F4
:1062E80014304C1413304814123044141130401434
:1062F80010300FC70EC60DC50CC42C140B30281453
:106308000A3024140930201408301C1407301814DB
:106318000630141405301014043003C302C201C13E
:106328001CC0AB2050009C140030AB201000A014FF
:106338000030AB2090005120C087A41400346F2394
:106348003F000A000100672440336F243F00E078D3
:1063580000160A70A000AC4600121C10C340004092
:106368000000AB205002E07EE2C0AA240A14157C8B
:1063780092498A209F0F4478412A430135BA4F2019
:106388000D000423810F0000C0FF5322C0002578B0
:10639800A0B401B4C2C4E078E8C2CB45A000647ED2
:1063A800484628471040C340A00094402ADAAE0E61
:1063B8006FEEA141DC4DC340A000C0409E0E6FEEC1
:1063C8002ADA0240E141020BAFFAC142C8C6E078BE
:1063D800CB44F0000001148C17089F01148C13089B
:1063E8005F010B940B081F00148CE4B8E07C148C3C
:1063F800C341F000340045DA15A9768C70D890B8FE
:1064080076A954A905A445D8A907EFF32C70E0781C
:10641800C340F00000012D880C88C2B924B8C0B868
:106428004720C00109204000E07F0471C340F0000C
:1064380000012D880C88C2B924B8C0B84720C00113
:106448000920410022780471E07F0F7855020FF58A
:106458003D020FF561020FF5F1C072090FF5110841
:1064680074024220410209095402FFD8D1C0E07EDB
:106478005588748878D9447904BAC3BB8422010C3E
:1064880087B9657A35A8E07F54A8E078E2C06488C7
:10649800058824BB0029CC006C714128CD00412817
:1064A800010106234003C2B947783878057C8F7804
:1064B800C2C4E078EEC3A1C1084614882486F568F2
:1064C8003F67288F0386001E0070F0002C011CE92E
:1064D8004087698F01864027111403128B00828A36
:1064E800442312820A20402403F4001110200D7165
:1064F800290B3F00AD711D0A302028451D095401A4
:10650800AD740CF02286001C013000C000A1CEC77B
:1065180009093404284510DD2187428640C100C19D
:106528001108312020A22C7023A022A021A020A095
:106538004423138104F24A8F22864CA900280213AF
:106548002F273F036F233F00C341F0004002130B86
:1065580051106581657A45A12F263F0306F06581B4
:10656800467B65A12F263F030D0830200241EE0C23
:106578006FEEA142110B31205325011142860C7098
:1065880090B806F04286C3400100000140C060C1D7
:1065980000C02B08302001A2088F230D0510210A06
:1065A80010201B0D35114E253C11B24FA820C001FB
:1065B800B8673088B862A57130A8CEC702750019CF
:1065C8004023CEC7EEC3A3C1084614882486F568C5
:1065D8003F67288F0386001E0070F0002C0118E921
:1065E800498F0186402711144422138250420A2001
:1065F800402404F400111020290A3F20AD711D0B1E
:10660800302028451D095401AD740CF02286081C61
:10661800013002C000A1CEC709093404284510DDA5
:106628000D0830200241360C6FEEA142170ABF2038
:10663800532501110C7090B8428641C061C101C058
:1066480008F0C34001000001428640C060C100C09C
:106658002B08302001A2088F230D0510210B1020D4
:106668001B0D35114E253C1102274213A820C001ED
:10667800B8673088B862A57130A8CEC7027500190E
:106688004023CEC7F0C208451488248510DFD5689A
:106698003E66098E20850C161110081690104420AD
:1066A8005480CA2762100F08BE0010425022802072
:1066B80009AE130930200927131422409E0B6FEEF0
:1066C8006242150F25140220C024C34112009466AB
:1066D80008AE27F0148D4086768D04710F7970719D
:1066E800228A8D71638ACA202600002C421014ADBC
:1066F8002F273F036F233F00C340F0004002C341F0
:1067080012009C66110B51006580467B65A02F2600
:106718003F0307F06580657A45A02F263F030D09E2
:1067280030200021C02403A6512240A02E701FF261
:106738003D270214792400200520BE8017F2058623
:106748000430408426002C00A142460C8FFD1470B2
:106758001A002B004A21C0280385001E0070F00093
:106768002C011F0F25142E7010F00D0F2514A140B9
:1067780095FFD0C6A14050FF178D047717AD468608
:1067880004EA2786607A2240D0C6E0783906EFFF0F
:106798002040E078E2C22040284547FF178D047763
:1067A80017ADC2C6F1C0C8444A26C001F81CC8B11A
:1067B8001E0C6FF58147A2C0D1C0E07EF1C0C8446D
:1067C8004A26C003F81CC8B1060C6FF58147A2C061
:1067D800D1C0E07EF1C0C8444A26C001F81CC8B147
:1067E8001E0B6FF58147A2C0D1C0E07EF2C3A1C1E4
:1067F8000010150108470A21C0210A2280210A2316
:1068080040210A20002170442F273F006F233F00BA
:106818000DC6168E778E04771D0B0300758E0486C1
:10682800B56B1D652AAD1909FF20E0A57822030084
:1068380044A50FF06F263F000C70D2C720EA49200C
:106848001021284D4041160A6FEE02426C700CC0B0
:10685800081D02140C1D0015181DC0141C1D8014E1
:10686800091D421405A580C0E1415E086FF5A242EA
:1068780000C001A5C14004F80C71D2C76F263F00C3
:10688800DCF1E078E2C20845178884E8A1400AFFF5
:10689800BA096FF5A1406F263F00C2C6F6C230455F
:1068A80008457758782013008CD81F230F20CB4633
:1068B800A000CC49A1406A0EEFF9DF672F87104787
:1068C800304105E9624020581042EB852A852F2780
:1068D800BF056F233F006F263F046240E1421A0D57
:1068E800EFFC30408E710DE8388D6C70A24262402A
:1068F8000A240004E145A146265883E88E704C71AD
:10690800E241624099582F26BF0541093020624074
:1069180020583908640462409F200203C84E1E664E
:106928001D0A64243A602182088605207E800EF2C2
:1069380007200004E77905207E8008F240234022E2
:10694800201E0014E1A28D588240D6C6EAC2F26920
:10695800504130405CD9E1426846460F2FFC08455B
:106968004A240072A2A6FD650C6D2C70C14203A6D4
:10697800A820C002011180241470CA21610034705B
:10698800C078011A1200C340A000BC7E2080101EEF
:106998000014C0A025A6CAC6EAC200160370A0004B
:1069A800447E48473040CE6BC343A00018B1402313
:1069B8000D061041C34212007885C141A140E4FF91
:1069C8000019802FA000CC7EC0A700184023CAC69B
:1069D800EEC2C8470A2100217042484530401D0DCB
:1069E800300010430AEF40250E0666BD0242A04360
:1069F800C140A141D6FF03F0A84662400241A1422E
:106A080042430A244004C1452A0F6FFEE146CEC620
:106A1800EEC2C340A000BC7EE080504230436A20F2
:106A28008002AEB8292000802E7032F04020110478
:106A3800630B442462874387604170401309A500B3
:106A480028462086D3715C5C5C5C246EF8F30022D7
:106A58000D2008DAA140E14102086FEEC3A7022623
:106A6800001441280204412801020CAD4EAD2DADA1
:106A7800248738B80FAD412983034129820112695F
:106A88006AAD49AD08ADE58736B92BAD2F2048046E
:106A9800CEEF6A2180028EB929204080CEC6E078E8
:106AA800EAC20847CD70AD7037F000160170A0003B
:106AB8004C405A2500161A6100120B01590B7E1022
:106AC800504016400220D1834326019007D83C202D
:106AD80042047F2100003470CA2081009AE80E40E9
:106AE80040204C8041260390002111A30121C18040
:106AF8007C2102227A2100003470CA208100F6E845
:106B08004F2380100D0BFE100018042002407E5801
:106B180008184024A5710016C070A00050408F0DC1
:106B28000290CAC6E4C2E1C4FC1CC8B2FC1C88B20C
:106B3800FC1C48B2FC1C08B2FC1CC8B1FC1C88B187
:106B4800FC1C48B1FC1C08B1E1C3E1C2E1C1E1C0D1
:106B5800FC1C88B76A25C010E1C56A258010E1C50C
:106B6800FC1C08BFCB45F000A0010085A0B800A51B
:106B78000415021022850285E078FD090180CB46C4
:106B8800A000C07E008E596138609A58001EC3115B
:106B9800008581B800A5A15840D9C340F0002C0158
:106BA80020A03E094FFC05E8008580B800A50958DB
:106BB800C1C50A244073C1C56B258010C1C56B25AA
:106BC800C01004141E34C1C0C1C1C1C2C1C3041461
:106BD8000434041405340414063404140734041467
:106BE80008340414093404140A3404140B34C1C4DA
:106BF800C4C26F243F00E078EEC281581470A00030
:106C0800210008452F27FF046F233F006F263F040C
:106C1800008DE1B842F4CB46F000A0010086A0B890
:106C2800001E001022860286E078FD09218030418E
:106C3800AE086FFC04161210D340A000C07ECB47EC
:106C4800F000200114E802854220C081CA206E00AD
:106C580002A524871F09BF014270402180219A584C
:106C68000010802004710018022006F00018C321CB
:106C780004F002A5A1407C58009581B800B540D821
:106C880000A706A7008681B800A604870D089F0103
:106C9800A158008680B800A62F26FF04CEC6E0784B
:106CA80005E80018840F0000EA0706E90019820FBA
:106CB8000000060005EA001A820F0000180006EB23
:106CC800001B820F00000E000D0C1000001C820F2C
:106CD80000003300B470E07C001D820F0000170034
:106CE800E07EE078A81000011470E07FCA206100FF
:106CF800E2C2E6E117F48D7666DD93BCC341A000DD
:106D080018CF001E4273F000480080A105198302C5
:106D180043B1188864B10A19040104A90C716458B4
:106D2800C2C61A0F8FFCC2C6E4C3A7C108463458AE
:106D380008452E580042C140A141335808450FE884
:106D48002F856079A1402508B50010D84E85607A56
:106D5800A141250830046FD909F04C7080C022D9B0
:106D68006C70404466C607F066D94C706C7040443D
:106D7800A1406C58C4C7E078F1C008B80A274001A0
:106D880098B84A2500025358D1C0E07E0A2740012E
:106D9800C9062FF54A250002F1C000358C0F804244
:106DA80000000A2780014834461208B82F248811A9
:106DB8000F0C341198B80024861F0000FCFFAC7239
:106DC8005358D1C0E07EE078F1C000358C0F804286
:106DD80000000A2780014834461208B82F24881179
:106DE8000F0C341198B80024861F0000FCFF4A25B8
:106DF80080025358D1C0E07E0A2780010A2640014C
:106E080059062FF54A25C002F1C000358C0F804283
:106E180000000A2780014834461208B82F24881138
:106E28008FB8110C341198B80024861F0000FCFF9D
:106E3800AC725358D1C0E07EF1C0FC1C88B7BE08C4
:106E48004FFA04141E34D1C0E07EE078F1C0FC1C77
:106E580088B7760A8FED04141E34D1C0E07EE0783E
:106E6800FC1C88B7E1C0E1C1E1C2E1C3FC1C08B168
:106E7800FC1C48B1FC1C88B1FC1CC8B1FC1C08B245
:106E8800FC1C48B2FC1C88B2FC1CC8B2E1C4F1C0AE
:106E9800FC1C08BF6A208000E1C06A20C000E1C075
:106EA800AA20900277B80F780F0850008AE8C340EC
:106EB800A000EC4004F0C340A0000841CA0F8FFFB7
:106EC800C1C06B20C000C1C06B208000C1C00A24B3
:106ED8000070D1C0C1C404140B3404140A3404145F
:106EE800093404140834041407340414063404144C
:106EF800053404140434C1C3C1C2C1C1C1C00414DF
:106F08001E346F243F00E078E8C2E1C4FC1CC8B21C
:106F1800FC1C88B2FC1C48B2FC1C08B2FC1CC8B1A2
:106F2800FC1C88B1FC1C48B1FC1C08B1E1C3E1C2DF
:106F3800E1C1E1C0FC1C88B76A25C010E1C56A251B
:106F48008010E1C5FC1C08BFAA2090024220C1089D
:106F5800422040092F7C4C739140110CB5110F7BD6
:106F6800482082208022830FB36ACD71C340A000DD
:106F7800744984251F1ECB47F0002001787E1D65CB
:106F88002F273F006F233F00C9A741852085041D97
:106F98000110001D01102F263F00024045580A87A6
:106FA800C478D170EEF3C1C50A244073C1C56B25FE
:106FB8008010C1C56B25C01004141E34C1C0C1C1E6
:106FC800C1C2C1C3041404340414053404140634BF
:106FD80004140734041408340414093404140A3457
:106FE80004140B34C1C4C8C26F243F00F0C2084562
:106FF800C343A000D34DD340A000A04DC340A00080
:10700800E04D8A21870D76DA8E70001B4300171831
:1070180003200F188300081840202418402040A09F
:107028005D581D08850F0000F813C340F0003400B8
:1070380028D94C7034A8151803006DF0892501195A
:1070480064D888253E17A278C8D90F7ED749D14180
:10705800D1770C728A210A0CC60F2FF9CA21C523D1
:1070680010435D5808455B581042AA08AFF7164010
:107078000C2200A0C22585141A2551143D278D1312
:107088005F25001785290322027002800421912FB1
:10709800FF01FCFF7E08AFF720E0147820E0327093
:1070A800CA210D20A1407A0F2FF9224110413C2717
:1070B8008F135B5808455C581708350808461FD8D1
:1070C800A0E53C205403CA262510CA2525105F27B1
:1070D80000170421D124002010203A08AFF71640E9
:1070E800150C30204225011809290100092E02102B
:1070F800484909F04226011809290200092D001003
:1071080020E2DD65104D5148160F2FF9E1400421AA
:1071180002204040D0C6E078E4C249684F7D9F25F0
:107128000213CB44A000CC492043BA64D182542432
:10713800821A5965426E40B10F78C34412004876EE
:10714800E20E6FFA4C74C4C6E4C208455F20020F11
:10715800C340A000704CC341F0002C015E600019D0
:10716800410067861CEB0022820FA000A94CC34097
:10717800F0000000001A0300B578CB44A0001442C8
:10718800289013884084C5B8027926A606EA607A52
:10719800A14086E8678626860709C500C4C600168A
:1071A8000270A000E841201E011005EA607AA140A3
:1071B800C4C60F0DF110A140EE0A8FEDC4C6120D22
:1071C8004FEDC4C6E6C208475F270E1FC340F00054
:1071D8002C01CB45A000A04C00184100D8658A08B6
:1071E8002FFE09180300C340A0001442408006EA9D
:1071F800A166607AE14084E80C708B58C6C6E078D6
:10720800E4C2E1C4FC1CC8B2FC1C88B2FC1C48B235
:10721800FC1C08B2FC1CC8B1FC1C88B1FC1C48B1A1
:10722800FC1C08B1E1C3E1C2E1C1E1C0FC1C88B7A4
:107238006A25C010E1C56A258010E1C5FC1C08BF9D
:10724800A1C1C340F0004401001801024E084FFEDE
:10725800147143F2CB45A0004C7DCD70A140001CB9
:1072680001302F260C102F2188830CF2C340A00078
:10727800787D00804C716C706E0F2FFE40240430B6
:107288000426819FFF0000000BF2C340A0005C7D34
:1072980000804C716C70520F2FFE4024043004267D
:1072A800819F000F00000AF2028508E84C716C709B
:1072B800360F2FFE402404306C26C19609F2018552
:1072C80007E84C716C70220F2FFE4024043000C078
:1072D80003E8860F4FFF8774C1C50A244073C1C5F0
:1072E8006B258010C1C56B25C01004141E34C1C0A5
:1072F800C1C1C1C2C1C30414043404140534041444
:107308000634041407340414083404140934041427
:107318000A3404140B34C1C4C4C26F243F00E0789B
:107328006D064FED408102A15470E07C2181007A06
:10733800E4C3A1C180C0C34112008C841E0FEFEDCD
:107348004C743B5808462845FED880C18C70C14211
:10735800A1436B58F8D880C18C70C142A1436B58C7
:10736800C340F0003F00208884B920A8C4C7E07853
:10737800E07F00A14128C100442101073021810F8D
:10738800A000E08E01290000E07FC0B84128C100BC
:10739800442101070021820FA000E08E2082C4B89A
:1073A8000F210000E07F00A2F1C0004114730C77A8
:1073B80007F7F02641701200DC9303E94079D1C049
:1073C800E07EE0783D03CFFEF1C0004101808420DB
:1073D800030C1308300890E00C7008F40081965AEA
:1073E80004F0CA0BEFFE0081D1C0E07EE2C208457E
:1073F80004719209EFF80F7810D9A1400C58C340D6
:10740800A000687D2080C340120020700909200078
:10741800B571C2C660D8CA202106B570CA20A101BC
:107428000F58C2C6E6C2484528469E0A2FF90847A3
:1074380014700C7026F28CD85F270117EA78302177
:10744800820FA000A84D3020800FA000104A507075
:107458000C71D8F780852D0C85105F27011F30210E
:10746800830FA000CC4C99620AE11909E5006C244D
:10747800411040865961001901002085247420A517
:10748800C6C6E078E2C0084414701CD82AF22AE97B
:107498006091E1D84D0B810F00002B667681B68490
:1074A800410B4103A1940D0DDE11390B340470BB5F
:1074B80080233E012D0B84004191290A41036294E7
:1074C8004291210AC10063944391190AC10078844A
:1074D8005881110AC10059843981090981000C7049
:1074E800C2C4E078E2C2084514701CD81AF220958C
:1074F8003109810F00002B665E8578D9D60B6FF1B4
:10750800A14014701DD80EF21B8556850AB810725A
:10751800E1D808F7388580223E09090A44000C7032
:10752800C2C6E078E8C2CB45120000402D0D811F8D
:10753800120000402C70ED71176900208E0FA0001A
:10754800E05E00963508800F00002B660169ED08A3
:10755800B4802C71CD7012F03825811F2000007086
:107568003825801F2000002025780F087100CD7075
:10757800CB461200843FED706E0FEFFFC140C30889
:107588001100C34112003092B249FE0EEFFFC14014
:10759800AF081100B20800004E0FEFFF0845A3081E
:1075A800110001962D085E009708BE0016D81685B2
:1075B8002C774128BC800AF25425801FA82080011E
:1075C800041002040639810017857708610013D872
:1075D8007C150B10002340135420810FA140AA0EE4
:1075E800EFFF6142ADE85425821F5423831FC14039
:1075F800060CEFFEA141104000160070A000D85EF6
:107608002C709E0AEFFB80DAFA0B6000A14099E823
:1076180016EF368516861670C221220438600020BF
:107628008E0F12007C4002260D70EDFF85BF2A0FD9
:107638004FF41A652C706A0AEFFBC140C8C6760D74
:107648006FF32C71C3401200B092E07EE2C2820A4E
:10765800AFF908458C25839F0CF28C25839E12F286
:107668008C25C39E0CF28C25439E0FF40C730BF0F3
:10767800860AEFEF0C73820AEFEF0C720C7103F0BD
:107688000C72760ACFEFC2C642223C80E07C4021D1
:107698004306A8200003071301000D090100208BF1
:1076A80087B920AB55230308E07EE0781470E07CAE
:1076B800398887B939A80080FCE8E07EE8C3A1C111
:1076C800C341A000747D008904E800190300915AA1
:1076D8008A20422CCB47F0004B00CB460000FC7FB1
:1076E8000C70C3410000FFFF80C2BE0C2FFE6C77F8
:1076F80000C078E8AD705AD9001F0214AB21080EFB
:107708000EF00B09500005E916F0605806E8C34072
:10771800A0006C7D0080407800C00EF019086E0350
:10772800AF794A69DF0A5583C478955A00C1D2787F
:10773800247840C0A571AD0D1594F2E8D2F1E07837
:10774800F1C004770F7804E9215803F01D58D1C01F
:10775800E07EE078F1C02F7B8CD86A780020800F1B
:10776800A000254A2F27BF006F233F006F263F0444
:1077780020880018C30F2F26BF008C21C38F07F263
:10778800F026C070120080848C58D1C0E07EE0786A
:10779800E2C24D08D101C340F0005B00A0882088F8
:1077A800E078FD0D4190C340A000B2412088350D1E
:1077B8004010A0A866096FEDA140C60D6FF3A14067
:1077C800CB45F0004700E60A6FED008D0BE8008D11
:1077D80000160170A000707D407907F0D60BCFF934
:1077E800C2C60C700F58C340A000A04220882F27A3
:1077F800FF006F233F00C342F000500200821020B8
:10780800400000A22F26FF00C2C6E078E07F00A15A
:10781800408102A15470E07C2181007AE2C3A3C1B7
:1078280008B88FB897B88845FFDCC34412001477AE
:1078380040240532CC7098B842C4D6082FFA40C507
:107848002E08EFFE82C1C2C7E2C3A3C108B897B829
:107858008845FFDCC3441200147740240532CC70FD
:1078680098B842C4AA082FFA40C50608EFFE82C19C
:10787800C2C7E078E2C2C342A000AE4AFFD8CB44F8
:10788800A000224AC341A0003A4BF5DDFBDB03AA66
:1078980003AC03A9A0AC60AA220B2FFA60A9C341CC
:1078A800A00004420019800F12009876C2C6E07842
:1078B800F1C000160270A000407EC3401200C475DB
:1078C800C341120090846C70C345A00018C3C3461E
:1078D800A000A490FE08AFFF8A248200001E00705A
:1078E800A000787DD1C0E07EE4C2C340F0003E0035
:1078F800208881B920A800168070F0000C011B08B0
:107908003E01AD705A0A4FF1084529680C7097B8C6
:107918001071CA250610420C4FF42A0C6FF4084661
:107928000041A142460E2FFFC140CE098FFD0C70C9
:10793800C4C6E078E4C3A2C1CB45A000008F0C7197
:10794800620BEFFD9C4D00160270A000487ECB46EE
:10795800A000587D00A65425861AC3401200D87B83
:10796800C34112006A846C70C345A00018B9660848
:10797800AFFF8A24C20001A64A260010C3406972DC
:107988004E5640C074D8041C04306A4E60C054D8A7
:10799800CC78F0268273A0004C7EF0268573A00078
:1079A800587E5525811A00204600626E4E26C41165
:1079B800C340120048811E08AFFF80C115258113FE
:1079C800C571BD0EF49000A1C4C7E078F2C2704240
:1079D800504530430846CB47F000340097D8347000
:1079E8000601210017AF2E708A24032032401A2086
:1079F8000D25DD653215C11029093200532100011A
:107A08002108750625B9532142005E0B6FFAA14182
:107A1800321581100C71C342F0006002387800A260
:107A280008858420030CA0E0560022008D712E15D5
:107A380080102F158210002C01102F27FF006F23B4
:107A48003F00C340F0004002110A10004580267A2A
:107A580045A02F26FF0007F04580457925A02F2651
:107A6800FF002E158210587C86A02F27FF006F2359
:107A78003F0024801021810024A02F26FF000671DA
:107A88000C20C0A46A07C5FF6F26FF0598D8AD7003
:107A980017AF5AD90C70AB21080EAA1E0210AD1EE2
:107AA8000210AF1E0210DA0A2FFAC1402508B400EE
:107AB80008430086FA0BEFFF071E4310C140A2419E
:107AC800CA0BEFFF4242188E0A21C02216AF07F0F8
:107AD80032168010B608EFF8C4B8A571B70DE49453
:107AE80055260E1C06F06F26FF0598D82E7017AF86
:107AF80099D8350A302017AFCD70B76EA275A1405E
:107B0800FE0B2FFA3A1D05101708B4000042A140D9
:107B18009E0BEFFF071D4310188D504116AFC5711E
:107B2800DB0E84949AD85AD917AF2F204704AB217B
:107B3800080ED2C6ECC2CB45F000340093DA2C70A4
:107B480094D857AD001E4270A000B44117AD9D5A9D
:107B580034E89E5A95D8DA08EFFE17AD96D817ADD7
:107B6800345810423E5810412E5810402F5808479C
:107B780002412242004342409F5A084603E8C1405E
:107B880067589BD99CD837AD8608EFFE17AD9DD8AE
:107B9800220DEFFF17AD9ED89E0DEFFF17AD9FD8B2
:107BA8004A0DEFFF17ADA0D8D4AD17AD4240024142
:107BB8002242E143AC5A06F0148D84E820D814AD73
:107BC800A2D88E08EFFE17ADA3D817AD4058E078BD
:107BD800C340A0007C7D0118430000168170F000AE
:107BE8000601E07F20A8E078C341A0007C7D618980
:107BF80015EB208953218201002080800E0024008B
:107C08008C20028084F67FD802F00C708421020058
:107C18002578001E0270F0000601E07F792300003D
:107C2800E07EE078E2C3084501808420030C150853
:107C38003104A1C10E8D001504101D78985AC2C7D1
:107C4800FFD840C0C3441200787240240530A140D8
:107C5800A55AA140175800C0C2C7E078EAC2084632
:107C68004830000048473040C34112005C7660420B
:107C78000A21002168458358147712F29F250213C0
:107C8800C341A000CC49B96100258D1FA000254A39
:107C9800E5A110190004CAA100ADCAC6F0264073B8
:107CA80012007484090910208D58CAC68B58CAC698
:107CB800004114700C70E07CAB11800014700C71E2
:107CC800E07DAC1181003470E07DE07F0C70E078DD
:107CD800ECC3A1C1345810403E5808472E580846F6
:107CE8002F58084510D88D588A21822CFFD90C703E
:107CF80010B980C2B20EEFFD6C7700C078E84A2256
:107D08000024001E4274F0004B0003F000C0112054
:107D180080843CF22F2087041D0810044B08B0040F
:107D280091E034F40240C141E142A143945A4C200D
:107D3800C0882CF400160070A000587D2C704C7779
:107D4800B60FAFFD6C7078E80240C141E142A14333
:107D5800935A00160070A000587D2C704C70F608DD
:107D6800EFFD6C7012F02F27FF006F233F00C34018
:107D7800A000744926804780181801001C180100CB
:107D88002F26FF00FFD8455846714C22C0A4800713
:107D9800CEFFAEF1E2C22C7030DA060BAFFB08451D
:107DA8007FD817B8341D01100CA5C2C6F1C02C71BC
:107DB80000290000AE5AD1C0E07EE078F1C02C71F5
:107DC80000290000AF5AD1C0E07EE078F1C02C71E4
:107DD800002900008E58D1C0E07EE0782F27FF00F0
:107DE8006F233F00C342A0004C7D2082257800A26B
:107DF8002F26FF00C340F000400100180102E07E7A
:107E0800E4C3A1C108452F277F006F233F00AA20A4
:107E18009002AB20D002CB46A0004C7DAA2088015E
:107E28000F7814730CF70086A57800A62F267F001C
:107E3800C340F000400100180102C4C72F267F008C
:107E48005A0CCFFD3D0870002F214883001C0130DB
:107E580005F2C340A000787D09F00425819FFF004A
:107E6800000011F2C340A0005C7D00804C716C7072
:107E7800760BEFFD4024043000C004E8DA0B0FFF56
:107E8800C4C70425819F000F000004F20286F0E8B1
:107E98006C25C196F2F30186EAE8F0F1E2C2FE0B26
:107EA800EFFD08452D0870002F21488305F2C340D7
:107EB800A000787D09F00425819FFF0000000BF2E7
:107EC800C340A0005C7D00804C719A0AEFFD6C7085
:107ED800C2C60425819F000F0000C342A0004C7D4C
:107EE80003F20282F2E86C25C196F4F30182EEE80F
:107EF800F0F1E078F1C062B83908F500A1C10F7857
:107F0800F0260070A000008F07E92C714C73560A08
:107F1800EFFD6C700EF02C714C736C7040240430C3
:107F2800C60AEFFD001C013000C004E82A0B0FFF51
:107F38008774D1C0E07EE078F1C09F200203002062
:107F4800810FA000254A008905E80D780019C30FA4
:107F58008558D1C0E07EE078E4C20846125808454A
:107F6800A4160011B570CA256110B1700C700AF220
:107F7800568605EAB078607AC1410C71A41E441394
:107F8800C4C6E078EAC28CDB0A7B0845C340A0007F
:107F9800244A1F63008F2846504035E9B2E8C340A1
:107FA800A0006441218FB6784180E0808C21C38F86
:107FB800CB44A000CC4906F278640A80450E05102F
:107FC800166E412E8B16002711900122CF828C212C
:107FD800C38F10F27864258044803B2740103D21F0
:107FE80082203077CA2081008CE8520FEFFFA14031
:107FF800C1402241E142A143660CEFFF0A2400047C
:10800800CAC692E8360FEFFFA140A1409F200203A5
:10801800C342A000CC492C705860001F431025A013
:1080280024A02AA0F02640731200748409081020A6
:108038008D58CAC68B58CAC6E2C25988C1BA54728A
:1080480017F22F277F036F233F00508004324080B0
:108058000DF24C7004318080C5F730A00E18430033
:1080680003F01318430010D88D582F267F03C2C67B
:10807800E2C25988C1BA547211F22F277F036F23C5
:108088003F004C100201130A40004C1844000F181E
:10809800430010D88D582F267F03C2C6E6C3A4C15B
:1080A800084519882846C1B8147227F24024C133FC
:1080B80083C2402483324024043040240531A14047
:1080C800395800C1C1404C7004318083CA20450032
:1080D80004318080CA2609102F27FF036F233F0031
:1080E80010850430808307F210D8D0A50E1D4310E8
:1080F8008D582F26FF03C6C7CB441200E89380840F
:108108009570E0200203E07ECB441200E493808463
:108118009570E07C007CE078E8C2360B0FFFCB4519
:108128001200B0932A851040320B2FFF09694D08C1
:10813800740208460885260B2FFF0477120E2FF4C9
:108148000847390F7512216F5526831F2F79402054
:10815800C2206F7E082040004F7AD960250A64004B
:108168002C710F780E0E2FF4C141C20E2FF4C140AE
:10817800520960000085C8C62FD83A0A2FF32C711F
:10818800320A2FF32DD8E078C3401200AC9385064D
:10819800EFFB0080EAC2CB451200B493008521852D
:1081A800E485C585027926B91E21810FAAAAABAA42
:1081B800081511100C151010D20EEFFB2F7902853F
:1081C800F24E0220412427B927BA2F791E0FEFFB60
:1081D8004F7ACAC6E4C2CB451200CC937A0B2FF46F
:1081E800C0856385428500416477C140A05AC4C6F2
:1081F800F1C05AD8AB20080E925AD1C0E07EE07880
:10820800E2C208450090D37000002B661CD817F412
:108218005E8578D9BE0EEFF0A14014701DD80FF21C
:108228004A2400710C704C70A82040024F79152523
:1082380041104B11010604E94471C2C61ED8C2C6DA
:10824800E4C3A1C10F7D110DB5110C734825801031
:108258008020830FD368C340A000744984261F1E62
:108268001E662C770C7080C23E09EFFD204300C0CB
:1082780079E89E7841862086041E0110001E0110B0
:10828800BE78A1404558EFF1E2C30845018084203B
:10829800030C15083104A1C10E8D001504101D78BA
:1082A8009C5AC2C7FFD840C0C34412007872402409
:1082B8000530A140B05AA140175800C0C2C70000FD
:1082C800494E4903543B1100808512000500000007
:1082D80001D07DA000000000848512000500000088
:1082E80001B47DA000000000207CA0002A0200004C
:1082F800002000FC231000CC020454221000B4FF1C
:108308001100B8E200001000AC0012004036110065
:1083180018A01100503900001100043A110084A17E
:108328001100F4A31100407F0000120004A4110002
:1083380000A21100801D1200281E00831200581F81
:1083480012002C0A02180204F4091200DC020400CC
:1083580004F86B1200A4011200E80002086712007A
:10836800680400001200B49F1100108011009805E5
:108378001200780200281200908112006C4B120043
:10838800AC0204EC02042C4C806C12003427100060
:10839800EC02080C4D025403047B02240210AC4189
:1083A8000002049C2410004C0214D07212008C139A
:1083B8001100A005010204B8020494AE11003C02A9
:1083C80004F47E11002C1A12941500B00204BC02A9
:1083D80004541B027C020418020C000290FC1812C0
:1083E800405900D819120094021014020CF0170218
:1083F800E802F43802508441A0025CD87A1200F0F6
:108408000204AC3A12000C5E02B43802300006686E
:108418001200A0F311004A000F010D102070120085
:108428009C00F5821100D44A1200010A1BCC0218E4
:10843800500A04031B0B200310C5480F0405021142
:10844800A08A1202060F030000080213E45C021C53
:10845800023468F0000369B0044D090CA001F00073
:10846800200224A007180231800192030C08100092
:1084780000040000E8030C00A002220400053C8F61
:108488000B021802560518033A80004804240223F8
:1084980003030302050200008081000E041893A064
:1084A80000189D0204A7A0000B0B070B0200000692
:1084B800030D0D090D0208051F1F131D06100700E7
:1084C80000252515250614097965695D14620B795F
:1084D800770000777714760D00000E0E090E03085A
:1084E80004111100000B11030A0727271924090892
:1084F800092F2F1A2F000008190C987F84741A7BF3
:108508000E989595951A9403002263027A0000004C
:108518000000012B2B5554C3000000000000000090
:108528000000000000000000000000000000000043
:108538000000000000000000000000000000000033
:108548000000000000000000000000000000000023
:108558000000000000000000000000004E56697294
:10856800740053656E736F72000000000300000012
:1085780004000000050000000600000007000000DD
:108588000800000010671700486F737400A91AA14B
:10859800AB551748656C6C6F20776F726C6421005F
:1085A800506172616D202575206C656E20257520DF
:1085B80074696D6520256C6C752E20200025642E4D
:1085C8002054657374696E67207072696E746620D2
:1085D800627566666572696E6720746573742025B6
:1085E800752E20200054686520717569636B2062C0
:1085F800726F776E20666F78206A756D706564207B
:108608006F76657220746865206C617A7920646F72
:10861800672E20205468697320697320612074656F
:1086280073742C2074686973206973206F6E6C7979
:10863800206120746573742E20204520706C75723B
:108648006962757320756E756D2E2020436F67699A
:10865800746F206572676F2073756D2E20205669C0
:108668006E692C20766964692C20766963692E000E
:1086780049646C6500000000000000000000000074
:1086880042CE0200EB3CEBAE1FA4E4A1AF7B987F87
:108698006BC88E6D7B9DC1980232968948A410CD17
:1086A80017CEB83C4D124F2B3211C03A421529EA69
:1086B80000000000000000000000000000000000B2
:1086C80000000000000000000000000000000000A2
:1086D8000000000000000000000000000000000092
:1086E8000000000000000000000000000000000082
:1086F8000000000000000000000000000000000072
:10870800000000000000000000000000808512004A
:108718008485120000000000000000000000000036
:108728000000000000000000000000000000000041
:108738000000000000000000000000008485120016
:108748008885120000000000000000000000000002
:10875800000000000000000000000000C3401200FC
:1087680000406B2040090A22808F1000842BE220F1
:1087780082000A22808F1200C486E22082005608F6
:108788000000DB44A000205CAB240939DB44A000D6
:10879800207CAB244939920D4FFF6A2080028EB8A5
:1087A80029200080DB42A0001C5C6F702220800F13
:1087B8001200648931060FED48901200C340120080
:1087C8006C4BD37012006C4BE07CAB208A04E07ECB
:1087D800FAC3AEC1CB46F00034000C7014AE16AE2E
:1087E80015AE00160D70A000D85E0AD84C7440254E
:1087F8008F12D208EFF2E141088D278D08B825784D
:1088080010B835B88C208F83CC20828F0000EA0501
:10881800CC20828F0000D507CC20828F0000DD0796
:1088280007F2018E6C2040014520C00001AE66159C
:10883800801006E8001E0270F00006015A0DAFFF16
:1088480080C00017C0101470C2012B005425C01C32
:108858003A08EFF21AD92D8D3820420030706DC1D8
:10886800351C8230D3F4701583107415811073157C
:108878008C10751582106815931072158E10671577
:108888009710771590107615921078158F107B1524
:108898009E10711580107A159F107E1589106E151F
:1088A80084106F159610791591107D1585107C151B
:1088B8008710402B0B0140291403402C1511402A26
:1088C8000D02402B032108BE402F172240280C23FD
:1088D800402A022108BF402E1E32052454250525B2
:1088E80055106F7D4028080340290912C578857AFC
:1088F80005270C140526CE370525CD150520C812E9
:1089080005214B110E7F4E7A8E7CCE78AE7D2F26B8
:10891800C612422A0B015C6C9C681C6D48308000B2
:108928000030800F75378FC2DB41803F0000013077
:108938004006402E162207310030402F13334029BD
:108948001221402D1103402F07010524840505221B
:10895800C124052743042F270601C34600B8000099
:108968002F2606322F2006152F2146152E796E7BCD
:10897800422F07015026D807422E1E3144BF4228F5
:1089880008114229091144B944BB44BE48379F0025
:1089980048369130483790104830881048318F1049
:1089A80048339E104832850048318400483482108C
:1089B800483381004836921000370C360031872141
:1089C800003089210030081600370B1600368F3129
:1089D80000358E0100348D0100328301003102061A
:1089E8000032012642C45224CC17141CC0310C1C7E
:1089F8004032041C0032101CC03248C746C64BC562
:108A080049C347C24AC140C44CC0C340A000FFFF8D
:108A18004A0ACFFE410874020845360ACFFE68BDEF
:108A280008462E0DEFF3AF7D236EB8602F792B0922
:108A380024002DD81A0DCFF33A0DEFF3A141EE0D16
:108A4800EFF3A14080C1C34012002C840E086FEDE3
:108A580038DADAC72FD85E09EFF22C71F1C0CB44AF
:108A6800F00034002294C34000002E1410784F09FF
:108A780021001AD8C340A000CC7EC341A00024CF57
:108A88001249C34300004C090D0A720063B4120E68
:108A98002FFB2C70C3401200C8812A080000C34075
:108AA8000000000003E8420B0FED001E0170F0000B
:108AB8004402920E0000D1C0E07EFA08EFF22C705A
:108AC800E8C3A1C1084507E8DA082FEDA14005E889
:108AD800C8C70C70C8C7038D0D08F40040250F12D5
:108AE800C18512F0E46DCB461000CC2A0CF0046F5F
:108AF800E4680AF04E2002202C70A60D2FFB81405E
:108B080040270F1201878087147010400EF2F4F688
:108B1800184F80C38142607E02414020C0206C20F3
:108B280040001F6708E7F0F1E3ECC343D0BAAD0B90
:108B3800C342AD0BD0BAC34100000B0A0C7060A74A
:108B480041A7021D431320B5C8C7E078E6C20C71DF
:108B5800A15ACB45A000907D02A50C71A25A04A58C
:108B68000C71C3411200D055A95A08460C71C34173
:108B78001200C456AA5A08470C73A15A03A50C73CD
:108B8800C3411200A855A95A00410C7004EE04EF25
:108B980079210000C6C6E078F1C0C34012004457EE
:108BA800A75AC341A000A87DD1C0E07F00A1E0780A
:108BB800E2C242213C80C3430000FFFFAD7015F2C2
:108BC80040200C07A820400400841B0881002E8C3C
:108BD8000694C0B98420CF8F257D05F27070CA2312
:108BE800050055240C1C8382BB782C8CA1B905790F
:108BF8002CAC2382220E6FF96040C2C60844422280
:108C08003C804A200000E07C40210307A820C001E6
:108C1800C0130104382101032578E07EEEC2CB475A
:108C2800F0000001138FCB45F000400280B813AF6D
:108C3800128F80B812AF118FA0B811AF01852185AE
:108C48004420420050210000457801A5001601701B
:108C5800A000487DC340A000207C6E0A8FFEAA2099
:108C680049095A0AAFFEAA210909B20C8FFF3E0F23
:108C78002FFF0C70160D8FFF1E0D8FFF5A0D8FFFE3
:108C8800D20D8FF810401470D8F2BE094FFF039030
:108C9800CB46F000340004B60E108020228522B89E
:108CA800A0B9C0B8257802A502108120088F0F0945
:108CB8007F006C20400080B802F081B808AF960DA4
:108CC800AFF8171E83142F1081002E108200402940
:108CD800000245781108800F0000FFFF8C20538F99
:108CE800C6F708F0001E4370A0009C428A20930F2C
:108CF800A45A147092F2C340A000205CC341A000A3
:108D0800207C9608EFF2171EC314CB45A000207FE5
:108D180028D9C342A00054405625001C171E4315ED
:108D28007A0EAFFE171E8315C340A000C083C3424E
:108D3800A0007440660EAFFE28D9C340A000E086AC
:108D4800C342A000EC40360D2FF420D9C340A00048
:108D5800E08AC342A0000841220D2FF420D9108FC9
:108D680010D980B810AFA140BE0D6FFC171EC315F7
:108D7800D20820000240AB083000AD7034581043D0
:108D88002E5810423E5810412F580044024062416C
:108D98004242DA0A2000224387081000760D4FF37A
:108DA8000EE80B8E19085F00345810402E58004208
:108DB80030D80241335804E8EA0C4FF33E0D000066
:108DC8002FE891D80A0E2FFE17AE148EA9E8820D4F
:108DD800CFFF8A20080EAADA2C70C168AB22080ED1
:108DE8002B218003088FC343FA0280F0C34131016D
:108DF800002DC1B8147255DCCA21C100016EC943E7
:108E0800AB24081E2B210000C340A000E0420088CC
:108E1800AD7109E80C750DF02AD8AD7014AEA140FB
:108E2800CEC6C340A000E14200887BE80C73AB22A9
:108E3800080E2B20C002F5F12ED87A0DAFF22C7057
:108E4800E6C2CB45F0003400171D03162F884D8865
:108E5800CE888C8808B908BA257E857A10BEC343A7
:108E6800F00040025322C102457E3AB32CBE9588D9
:108E780053264B11D7883488568808BC08BE257CF1
:108E8800052681104A24407610B985792D700D7118
:108E9800CD7024A3A8204102717645F20F0E141458
:108EA8005C883D88FF889E8805F058883988FB884B
:108EB8009A8808B908BF45790527021310BA457979
:108EC80001294102C1B934713E00210034720FF208
:108ED80034731FF42F27BF006F233F0025830F2112
:108EE800810325A32F26BF000BF02F27BF006F2378
:108EF8003F0025831021810325A32F26BF002C7155
:108F0800D87926A30FF00028811328A30BF02F2768
:108F1800BF006F233F0027830F21810327A32F263C
:108F2800BF002572C5716140A85AA70830004A24BD
:108F3800407111D84A210000A820C001AB20D002FE
:108F48000471AB2188014A24807116DC6C7123DA24
:108F58000C7224D9AB24D012AB238801AB22D002E7
:108F6800AB208801AB21D002AB20880117D82C7424
:108F7800A820C001AB20D0020471AB2188014A248B
:108F8800C0701DDC1EDB4C731FD8AB24D012AB2184
:108F98008801AB23D002AB228801AB20D00215D8C0
:108FA800AB218801A820C00240200204422001040D
:108FB8000471AB22D002AB21880128DA07D90C71E1
:108FC800AB22D002AB218801171D4316C6C6B0D903
:108FD8000C7034ADC6C6E078EAC230410E7136E98D
:108FE80040200F07AD7045DE01871D08920429084F
:108FF80090042F0850083B089108001F801FA0000C
:1090080008411CF012E82B085104001F801FA00023
:10901800544014F0001F801FA00074400EF0001F81
:10902800801FA000EC400AF0001F011006F00E702F
:10903800001E8273F00049003A0CAFFEE140A571B2
:10904800A90D649455270F1C0240CAC6F1C0A35A43
:1090580014700C7107F429DAC341F00048000C7051
:1090680040A9D1C0E07EE078ECC2504230411040C7
:10907800CB45F0004B002040404160428043D20F76
:10908800EFFF001D831614700C704FF2C342A0004E
:109098005440224042411E0BEFFF001DC316C3423D
:1090A800A000744022400E0BEFFF4241CB46F00077
:1090B8004002C341F0007702E0862D10832000892A
:1090C8006C20420053234000457800A90240224109
:1090D8004242020A2000001D031728BFCABF0DE83C
:1090E80002402241BA092000424205E885270710BC
:1090F80003F08527031022414242F6092000001D93
:10910800431760868A2118001470C5274210462725
:10911800021008BA0423810FF8FFFF000C7145798B
:1091280020A6001D8317CCC6F1C0C3401200B09220
:10913800D2088FFF83E8D1C0E07E7A0AAFF22C71A3
:10914800E2C2C341A000E042CB45F0003400C34076
:10915800A000E14200190300171D4314CE0FEFFFD2
:1091680000184300BA0ACFFF05E892D8CA096FFF72
:1091780017AD148D83E820D814ADAFD817AD40587B
:10918800EEC2704350413042830B30001040AD7046
:10919800D76D2276C14035580B0895003E1E8310C6
:1091A80005F00B0854013E1EC31F198E40260F17E9
:1091B800C1B823087100E140019717E84830000062
:1091C800C3411200504BC142AD5A2308330001AFCE
:1091D8001AF002419E082000424209E8004100803E
:1091E800FEE8C0A103F0011FC31F28860CE9211661
:1091F8008010C1B814720C7005F42F7802414242F5
:10920800335808A6A5718D0DC4940240CE0DEFFF0A
:1092180042415B0B30201042ED70CD7011F0355893
:109228001040A1403A5835580C2000A0E14056F7AC
:10923800A1403A5835583E1D02100C710EF0176EB9
:1092480000210DA009F2A1403A5807E8198DC1B8CC
:10925800CF087180A140E140C57172763C26CF14D9
:10926800CA262610047FADF7EBE84240CEC6E07868
:10927800E2C261880845402B80074228BE870E005D
:109288002400808D81403D5807F0C1BB0B0BB10015
:109298000C708140335800A5C2C6E0788D7017EA7B
:1092A8002D108300270B70000A2480703C49C342AC
:1092B800A0000841A820C00220800F09810034883E
:1092C80007099F008D715520000CE07F8140E078F0
:1092D8002D1080000F085100C340A0005440210108
:1092E800CFFFC340A00008411501CFFFC340A00035
:1092F80074400D01CFFFE078C342F0004B001BD94A
:109308000C70001AC307AB21D002AB208801C34000
:10931800F000200120D926A020A06F26FF0590D9B3
:109328000C71E07F20AA00002B66000000004C09A9
:109338000000000000000000000000000000000025
:109348000000000000000000000000000000000015
:109358000000000000000000000000000000000005
:1093680000000000000000000000000000000000F5
:1093780000000000000000000000000000000000E5
:10938800B052000000000000884500002E140000C4
:1093980000000000F00000000000000000000000D5
:1093A80000000000000000002B66020002000168B7
:1093B80031F685D3E73423BC08DA0A81AA68D87E57
:1093C8000D217C058CB2FEC1CB9744BC77680EE6B4
:1093D80000000000ACCDD4EC2BC6C73580C81E17E2
:1093E800BF756BF2A87C21FB000000001466697D44
:1093F8009C3F2EC23F7E25D2F6ED99554874BA0C93
:10940800E0C9010029D6CEE0000000004C090000A8
:1094180000000000F0000000000000000000000054
:10942800101A403E040000002B660200020001688A
:109438000000000000000000000000000000000024
:109448000000000000000000000000000000000014
:109458000000000000000000000000000000000004
:1094680000000000000000000000000000000000F4
:1094780000000000000000000000000000000000E4
:10948800E0C9010000000000000000004C090000D5
:1094980000000000F00000000000000000000000D4
:1094A800000000009C2F140000301400B033A1000D
:1094B800703AA100703AA100704EA100704EA10050
:1094C800F04EA100CC2F140000801400284FA100FA
:1094D8000080A100CC2F1400F49312001C941200F9
:1094E80004941200012B2B5554C30000C342F00012
:1094F8004C00008221680C70E07F20A26844C343BE
:10950800A100100D567B408361830A2500010107E5
:10951800600781446044C343A100100D567B40831B
:10952800190220066183E0782F230080412BC200B6
:10953800C372007000002F218400412B0C0661BC0F
:109548008C24839FE120C507402B0007C521810F8C
:10955800007F0000E120C1077470E120C107C2212B
:109568004100412A42052F2CC190C2240413C02473
:1095780063108571002B030369BC827A402A0205B7
:109588002F2140802F218400412B0C038579E07F17
:10959800402B00050721810F008000000D0000000E
:1095A8000723830F00800000002144000023C5002A
:1095B8000C244081CC2081801000060008444040E3
:1095C80081422844604181438A24DF1F402C4C1586
:1095D800142444101424C510402C8C100C2400832F
:1095E800CC250583C601060041290405412B050544
:1095F80002244601532686020721C7004029C102DA
:1096080041284C0585794028C002402BC302412AD5
:109618004C05857B402AC2029FBB4E260C881C0045
:109628002D00012A85018C260180012B8501CA2580
:109638002600170020008D70D470002B0C03C52560
:109648000203012B8C01412FC787620022009FB9BA
:109658000025058001244C9010002600C2246600D5
:109668002F2404932F254401412DC082402C4115FD
:109678002578412CC112402C0405E120C6078071D1
:109688004C260088CA238500CA222500132383019B
:1096980005238380D3256182D1202180CA276200D7
:1096A8000020C081E07F412101000E2505800321B3
:1096B8000C83520023000C70412DC082402C4115B0
:1096C8002578412CC11242244400402C0405E12095
:1096D800C60780714C260088CA238500CA22250047
:1096E8001323830105238380CA27220004270780C8
:1096F800D3256182CA2762000020C081E07F412112
:109708000100CC252180E120C1072C702F280103FE
:109718009FE01400250004712F284181CA202408E5
:10972800C02063084E20018818002D00002C0C1062
:10973800C0E0002D0C00CA24261017002000AC70D1
:109748001470012D4100C5244210002D050053243A
:1097580081020E2040800424840F000000081200BB
:109768002200C02061002F2402932F2544014C07BA
:10977800E6FFC52406004E2040004E2001881A004E
:109788002D00012D0500C0E0012C0510CA2526007A
:10979800150020008D701470002C4110C525420062
:1097A800012C0C101507EFFF84712F2240904126E1
:1097B8000470000000008C0201002F23C090412695
:1097C800057000000000A60201000C238092CC2244
:1097D8000180084214000E00404041422842604186
:1097E80041438842A04441452F264000412E4685EA
:1097F8000621810FF0FF0000C521820F1000000034
:109808005A002200004034700C0001001B002000A8
:109818002F2A411014704A22C0170E0004002F2A64
:10982800011040220A1842228A1202268602C471B6
:1098380002268BF2000020000128CB02120009004A
:1098480042220B180028C102130020000C700028C7
:10985800800200298A02052381122F27C000412F88
:1098680047850623880FF0FF0000C520821F1000DF
:1098780000005C002200404215700E0001001D002F
:1098880020002F2A011254704A22C0170C0004002D
:109898002F2A811040220A1842228A1202278702A0
:1098A800E47102268BF200002000012ACB0214008A
:1098B800090042220B18002AC802150020004C702B
:1098C800002A820200288A12052388128C26DF8F3C
:1098D8004A260070A60301008C27DF8F4A260070F5
:1098E800F40321000226CB014C23809D022149125A
:1098F8003A01090042238A904A2600708A00010032
:10990800240009002F2280802F200B1240224A9029
:109918004A260070720001002F2280806B00200010
:109928002F200B124C2200986D7028002B00422229
:109938000A180A2180901200020002268B72000089
:1099480020000028C912012882123F0020000D7053
:1099580002268B7200002000002AC90202268BF220
:10996800000020000028CB121200090040220B182A
:109978000128C212130020000D70012A820201285A
:1099880088120522C2022F2000802F214B002F2091
:1099980000802F214B000C2440814A260070E001F2
:1099A800020000208080012101020421BE8F800076
:1099B80000004A26007014000100C4712F21428063
:1099C8002F200480C52165104420BE804A260070DF
:1099D800340021003570CB2061814A2600702800B0
:1099E800010040208080C02165000421BE8F8000D6
:1099F80000004A260070100001002F2142802F200D
:109A08000400C4712F2142802F2004002F2142809E
:109A18002F200400D4704A26007066000C008C26A3
:109A2800DF8F4A2600703E010A000621810F1000D0
:109A38000000402E020545792F2203014579E07E7A
:109A480014704A2600707605C2FFD37300800000A8
:109A58004A2600707C711200020054704A26007079
:109A68007C71CA2141004040E07E54704A26007053
:109A78005A05C2FF4A260070E07E4A260070022678
:109A88008A710000000042224A904A26007088002D
:109A98000B008C0001004C2200984A2600702A0016
:109AA8000B0042220A18052109906D771000020068
:109AB800002B8B128723FF1F0421C9020129800272
:109AC8005D0020002C7035706D771E0002004C225E
:109AD8000098C223CA120A000A00002B8B1287239F
:109AE800FF1F0420C90202268BF200002000002973
:109AF800CB021400090040220B180129C0021500EE
:109B080020002C7001288002012981020520C00252
:109B18000D0000002F2000802F214B004420BE8024
:109B28004A2600701C00010044204A0105227E924A
:109B38004A2600700C00010040208080412101006D
:109B48002F2142802F2004002F2142802F20040043
:109B5800022686010421BE8F10000000C026620084
:109B680065F18A26DF0FC341100000000C705FF119
:109B7800022686012C70B706EFFF0C700220808049
:109B8800032101020421BE8F400000004A26007014
:109B9800200002002F2000802F214B004226460083
:109BA8000421BE8F400000004A26007052000100C8
:109BB8004420BE804A2600704600210044207E8052
:109BC8004A2600701A00020035704A2600703200DA
:109BD800020044203E814A260070260001004020F1
:109BE8008080412101000421BE8F80000000C02632
:109BF80062000E0001002F2142802F2004002F2137
:109C080042802F2004002F2142802F200400D3718E
:109C1800100000004A260070FC05CAFF34700E00D0
:109C280001002F2A41001B000000147008000C00DE
:109C38002F2A0100C02229089CF3CA22EB076ABA1E
:109C480002268BF0000020000128CB021200090038
:109C580042220B080028C102130020000C700029C2
:109C680081000521C10200288000022686804A263C
:109C780000700E06CCFFB705CFFFD37110000000AF
:109C8800CC2021802F21030102781000010005213A
:109C9800810FF87F0000E07E8C27DF8F4A26007056
:109CA800280002000C20809F10000000CC22218098
:109CB8004A2600700A0001002F214301E9F10C2413
:109CC80040814A260070E5F50521810FF07F0000EC
:109CD8000C70E07E60414040E07EE0782F244090A8
:109CE8000224831F00700000402BC2002F22840032
:109CF8000223830F20000000D373C01F00004028F8
:109D080003011A0026004128408745784420410075
:109D18000521C180E07FC12022002F23C40045789F
:109D2800412C4C1582240D9AE120CB07CA202B0028
:109D380042240C965320810522002C002F200080FD
:109D48000521C1802F20840F80FF0000D020A105AD
:109D58008C24D19FE07FD020A2054E24021097B911
:109D6800012980002F200480E120C6074E22CC075D
:109D7800132101030521C180D1202180E07FC0206B
:109D88006200E078CB44E0FF00001424441014245F
:109D9800C510B6BC0C240083CC250583C200260060
:109DA80096BC412C4405412D450500250501822519
:109DB8008F0F8C25DF8EF40026000721CC804025EC
:109DC800470094B9D4B994BBCF27E402402BC3020F
:109DD800412A4505402AC2821D20840005234301EB
:109DE8001C208C0094701D20C400CF27E2071C2083
:109DF800C50000240C911D218400412500001C2170
:109E0800850000240C911D21C400012040811C21E3
:109E1800C5004126017000000000002000810121DA
:109E280041011B093F0500240C93422747000120EC
:109E380000800121410000240C93402F0405E120FB
:109E4800C60780714029C5070525C581CF25E207CA
:109E5800412DC50700204081E07F412101000224F7
:109E68000483CC202180E120C107CA2121000225DA
:109E78000583CC222180CA202100E120C107CA2104
:109E880021000C240083CC250583200025000C2408
:109E98004081CC208180CA208500CA21C5000723C3
:109EA8004380E07FCF21E4072F25C080412604703E
:109EB80000000000CC222180600321002F21409067
:109EC800C7246500CC2021802C0301004129469538
:109ED8000621810FF0FF0000C521820F100000004D
:109EE8005A002200004034700C0001001B002000C2
:109EF8002F2A411014704A22C0170E0004002F2A7E
:109F0800011040220A1842228A1202268602C471CF
:109F180002268BF2000020000128CB021200090063
:109F280042220B180028C102130020000C700028E0
:109F3800800200298A0205238112412D47850623C4
:109F4800880FF0FF0000C520821F100000005C0091
:109F58002200404215700E0001001D0020002F2A2B
:109F6800011254704A22C0170C0004002F2A8110D5
:109F780040220A1842228A1202278702E471022626
:109F88008BF200002000012ACB02140009004222B3
:109F98000B18002AC802150020004C70002A820203
:109FA80000288A12052388128C26DF8FF20101000F
:109FB8008C27DF8F1C0221001D208A000026C60185
:109FC8001C208B001D2187008226CF0F1C218C00AE
:109FD8000023CB91412402101D2007021C200C02F3
:109FE8000023CB91012202031D2107021C210C0230
:109FF8000022C2814124091040290113412A030586
:10A008006579402A0703402A0003412B0315657828
:10A01800402B0C135570C524A210D47040000C00BE
:10A028000421BE8F2000000012000100C4712F21FE
:10A0380042802F2004802F240413957036000A00D4
:10A048000424BE9FFF7FFFFF0C00020044207E8097
:10A058002200010040204080412101000421BE8FE0
:10A06800200000000E000100C4712F2142802F2023
:10A0780004008C26DF8F0E010A00D4701A000C0031
:10A088000621810F10000000402E020545792F227D
:10A0980003014579E07E8C26FF82FA000B00022638
:10A0A8008A710000000042224A904A260070880007
:10A0B8000B008C0001004C2200984A2600702A00F0
:10A0C8000B0042220A1805240C906D77100002003C
:10A0D800002B8B128723FF1F0421CC020129800249
:10A0E8005D0020002C7095706D771E0002004C22D8
:10A0F8000098C223CA120A000A00002B8B12872379
:10A10800FF1F0420CC0202268BF200002000002949
:10A11800CB021400090040220B180129C0021500C7
:10A1280020002C7001288002012981020520C0022C
:10A138000D0000002F2000802F214B004420BE80FE
:10A148004A2600701C00010044204A0105223E9363
:10A158004A2600700C000100402080804121010047
:10A168002F2142802F2004002F2142802F2004001D
:10A17800022686010421BE8F10000000C02662005E
:10A1880080F18A26DF0FC34110000000F506EFFFBB
:10A198000C70022686012C70E906EFFF0C70D37153
:10A1A80010000000CC2021802F210301C521820F3F
:10A1B800F87F0000C07870F58C27DF8F140001004D
:10A1C8002F2103010521810FF07F00000C7064F13D
:10A1D8000C20809F10000000CC2221802F21030139
:10A1E800C521820FF87F0000C521810FF07F000094
:10A1F8000C7052F10C25808FE0FF00004A26007099
:10A208002A0006004A2600700C702C709470C52134
:10A21800820F0080000040F1C72465000C21809F58
:10A22800E0FF0000B2F74A260070C341F87F000043
:10A238000C7032F12F2340804A24C00214002600FB
:10A248006F220A006F220A002F2282004A2480020D
:10A258002F244090C0226500412C43158C23DF8FAA
:10A2680048002100532101858E23D0841A00240040
:10A2780094B99FE30129C000CA2029005122008017
:10A28800E07FCE2021004E23030090734E230C085C
:10A29800012800030029C1002578CA208900D1229D
:10A2A8002C80E07FCE202100CC2021804040D1208E
:10A2B8002280E07FC02062008D710A210080D424B2
:10A2C800041313002000CE202400E0780A21008027
:10A2D8008D71E120C107402C8C172F2A0180C222E2
:10A2E8008400C0226300002883004E22C207402A4F
:10A2F8000205857A402B4005422BC102E07F596157
:10A30800707104F4507009F27B7B3B7925784578AD
:10A31800E07F0520C080CB44E0FF00007B7B7074A9
:10A3280085F704F7547003F41070E07E5321FE841F
:10A3380044F4147042F42F0000005323FE843EF4CA
:10A3480054703CF429000000E1C0E1C14040604184
:10A35800C1C3C1C2CB44F07F000006247E90D00761
:10A36800E1FF0624FE90D607E1FF28440724FE906B
:10A378002600040003F45070E07C50700321CC00E8
:10A3880010700724C01045204080E020C3070C71DE
:10A398002F200380E07E7B7B3B7925784578107001
:10A3A8000520C080E07C45244C1095700A0003000D
:10A3B8000C712F200380E07E0C712F200300E07FBA
:10A3C8001471E07814708A21BF03CA21AA0C19619C
:10A3D80084290109E07F2D785320410206B80E78C0
:10A3E8004FB86C204002E07F2578E0786C714830E7
:10A3F8008000587B0030820F1C410AE848338000F7
:10A408000030800F003F000000324100E07F07313C
:10A418000000E0786C71587B483382000032820F6C
:10A42800003F000048308000073181000031000003
:10A438000030800F8E3C35FAE07EE078F1C09A0C4F
:10A448006000003040004830C102C3400000FF7F78
:10A458001071CA21090007F60B09830FFFFF00805E
:10A468002168D1C0E07F2E78E4C2284520810131DF
:10A478000E00660C6000C140023602104830C1026E
:10A48800C3400000FF7F107140A5CA21090007F6EC
:10A498000B09830FFFFF008021682E78C4C6E0787F
:10A4A800E6C22845420D60000847FFDE03E8CD7884
:10A4B800C6C65027C0170430808F807F0000FEDE9C
:10A4C80077F716ED0037801FC8420000A60C400041
:10A4D8004FD918B9043040802BF69FB9043040801A
:10A4E800A7F74830C002CD7000A5E3F1FCDEE1F12A
:10A4F800E4C22846F20C60000845FFD903E82D782D
:10A50800C4C65025C0170430808F807F000059F7DB
:10A518000C7004350090FDD9B3F715EE0035801F97
:10A52800C84200004E0C40000430808F804F00006D
:10A53800FED927F6483040022C7000A6E1F1FED97A
:10A54800DFF1FCD9DDF1E0785020C3070042412853
:10A55800C107210B840FB1421872C340A1006833B0
:10A568003D0B840F807F01002C71350260006C70F8
:10A578003D0B840FB13E1972890B850F853F9215EB
:10A58800C340A10078331520430008130B0023486B
:10A59800522100009900200002204C003D0B810F41
:10A5A800807F0000410A1300E07F0C700132800FA9
:10A5B8004971CAF27FD917B90430408014002C00C1
:10A5C8008D70110B850F80310000E07F0132400053
:10A5D8006D70650020006C700432808FB14280710C
:10A5E8000C000C002C71C50060006C700432808F68
:10A5F800CFC2B5F10C0026006C702D0160002C71E3
:10A60800F0264170A10070330032800FB83F3BAA9A
:10A61800013040004830CC024834801000308B0FA5
:10A628001737D1F70030830F313F80710232C300F2
:10A638000233C202003280000030810F31334CBB3C
:10A648000131810FDDB50EEA003041000131810F83
:10A658008A3855B3003041000131810F36BB610B98
:10A66800003041000131810F2A3EABAA0030400082
:10A6780002320000430C3010003201000236007034
:10A688000040000007310000402CC1158C24FE90CA
:10A6980002330010023300000130800F803F0000B9
:10A6A8003860E020CA07C370003200000030800F15
:10A6B800800D0000E07E0130800F00C000000731EF
:10A6C8000000023200000130800F803F0000E07E71
:10A6D800C81C48B341C642C70C1C0034101C403487
:10A6E800141C8034181CC0341C1C0035201C403538
:10A6F800241C8035281CC0352C1C0036301C4036E4
:10A70800341CC0375020CD87180022002846502618
:10A71800FE97400022007FD99D0320004029C105F3
:10A72800DB41807F0000042641164D09610653264F
:10A73800BE95680021002C70C340A10088332C729C
:10A74800A1425E086000C1436D0320000A21800316
:10A758004A210000043640905C030600C340A10073
:10A7680088332C72A1423A086000C1434903200093
:10A778000A2100005026D1977FD93C03210017B940
:10A7880004364090280022008E7004300085D225BF
:10A79800E51725032000A1417FD85D0E321017B8B8
:10A7A80004350090580006000D0300000436809F11
:10A7B800004F000018002A000E700436809F00CF5A
:10A7C80000000C002E000E704836D01204300085B0
:10A7D800600026004E704508302048308020043044
:10A7E800808338002200512000A04E7145002000CF
:10A7F800CA22212004350090BC020900B8022100B9
:10A808000A210000C340A10088332C72A1429E0E89
:10A818002000C1435907CFFF3E0B6000C140043000
:10A8280080833C07E2FFC140CE0A40000A22002094
:10A838007FD917B90435409074022100412DC01505
:10A848000020938FFFFF82FF3C00210080207E00C4
:10A858004830800000308003BFB80430808F004348
:10A86800000024002C00043600950C0026007670A9
:10A87800D4010900443600908C07ECFF7670C801BB
:10A888000C00C2F1043180AFFA43000094F60135A0
:10A89800801F80BF0000BFB80430808F033B6F1259
:10A8A80014002600A1404A0A0000A20CEFFF003065
:10A8B80080035EF148308020043080833400220019
:10A8C8004A2700101D0830202F2009042F2002805D
:10A8D8000800060000314103F407E2FF00354D137C
:10A8E8001670CC010A0007364170803F0000E0F086
:10A8F800D3457F80FFFF042540153FD918B90520AF
:10A908004300043340804AF70133C30004334080D6
:10A91800F807E5FF40274F10D346A100C80C2016C2
:10A9280000204A244022D341A100900C0433008027
:10A93800CA246D2015260025038004330080C02416
:10A948002E2115260025018004330080C024AE2066
:10A95800402440208420020027B8827004710D78BA
:10A968001B79F026002584210F0F3021820FA100CA
:10A97800A00C0233010001330000023181000731CD
:10A9880000004C712241013017000037D025F20E2B
:10A9980020000240003702240223C1230030830034
:10A9A800C342E23EEDA8146900338100013341003F
:10A9B8000220000500378220013241004830800023
:10A9C800D343803D0000D34080410000013741203F
:10A9D8000030D404003600147E096000003197036B
:10A9E8000030D80402360016003000050130D705C3
:10A9F80066096000003700240030C00400300135CB
:10AA080001305800023714204E096000003000342D
:10AA18000030D7040230C035013014053A0960000F
:10AA2800003400240030C004013701200031010443
:10AA38004831CF028C27DF9FCC05E9FF8C27609C2B
:10AA480018000A00C340A10088332C72A142DA0C16
:10AA58002000C1431905CFFF02340D204435009072
:10AA6800C6F601358D1F80BD0000E571402101212A
:10AA78004C730E0E2000A140EE793BB9C3B9F961C1
:10AA88002E79F27A44B93FBA59615469E27AF026CC
:10AA980082200035001017B9003200000132000092
:10AAA8001961042040050421410605794C2200A0C3
:10AAB800D221E207204034141F30301419302C14EE
:10AAC80018302814173024141630201415301C148C
:10AAD80014301814133014141230101411300C14CC
:10AAE800103002C701C6E07F38140D34F81C48B393
:10AAF800041CC0370042AD08830F800000005022BC
:10AB0800FE87C340A1008C33AC0021002C71547027
:10AB18003C012B004A2140000032820F004C00000B
:10AB28008A25FF19890A830F807F00005322800538
:10AB38008D7097BC0020830F4A0020FB412C0B121C
:10AB4800422AC105647C00238B10B96137BB057CA0
:10AB58007FDA17BA04238D1F7F0000C07961477C14
:10AB68009FBA80217E00013482105D0D851F000090
:10AB780000C05022FE87F400220034706C012100CE
:10AB88004A250010483181000031800F1737D1F76E
:10AB98000031810F313F80715101200001310D00DA
:10ABA8004A250010890A828F807F00003D0120001D
:10ABB80001328D00F60A20004A2300002D012000F2
:10ABC8005220CD070132830F004000000732C30036
:10ABD80002260C70350088C2C370CFFF305C8578C0
:10ABE80014700033CC000034001300308D0F783E11
:10ABF800269E01358D1FCC3E13CE00304D0300300C
:10AC0800800F913EEEE90130800F2A3FAAAA003456
:10AC1800001048318B0094002C0001304C030032A6
:10AC2800800F003F000000320D0001350013347022
:10AC3800A8002100003301000033801F1737D1F727
:10AC4800013040008100200002350010520B200026
:10AC58006C706A0F20010845008091085108CB45A7
:10AC680080FF0000850000000032800FAABEABAA5A
:10AC78000130800F003F000000328300610930007E
:10AC880000330000483181000031830F17B7D1F736
:10AC98000130C3000031800F313F807102338100E1
:10ACA8004900200002304D00023200034C21008090
:10ACB80034002100003301000033801F17B7D1F79B
:10ACC80001310000023080000033811F313F807164
:10ACD8001900200002310D00023540100D0020003F
:10ACE80002320D0002324D00A14004141F30E07FF3
:10ACF80008140D34EC1CC8B60A23003741C542C6F7
:10AD080043C7101CC037E846C84542241C386C2489
:10AD18009C308B4740C0E1401C1CC031181C80315E
:10AD2800141C4031101C003143C342C2AA0E20003B
:10AD380041C106E8C78715002000A6877E0E2001BE
:10AD480018130F300018C003A140C1410A24C036AF
:10AD580010141F3003C702C601C5E07F14141B344A
:10AD6800F01CC8B60A23003741C542C60C1CC037C0
:10AD780042241C386C249C308B45CB46F07F000065
:10AD880041C0A140141C4031101C003143C342C2D1
:10AD980047C6181C0130420E2000001CC13006E8CE
:10ADA800C78519002000A685120E20014A2500102B
:10ADB8000018800F00002200A140C1410A24C036BB
:10ADC8000C141F3002C601C5E07F10141B34E07854
:10ADD800F41CC8B60A23003741C5081CC0374224F2
:10ADE8001C386C249C308B4541C0A140141C403158
:10ADF800101C003143C342C21C1C0130181C013016
:10AE0800D60D2000001C013106E827851900200016
:10AE180018150D10A60D2001AD702C700018800FAC
:10AE280000002200A1400A24C03608141F3001C5C2
:10AE3800E07F0C141B34E078F01CC8B60A230037F6
:10AE480041C542C60C1CC03742241C386C249C30B7
:10AE58008B45CB46F87F000041C0A140141C40310F
:10AE6800101C003143C342C247C6181C01306A0D8A
:10AE78002000001C413006E8C78519002000A6857F
:10AE88003A0D20014A2500100018800F000021000B
:10AE9800A140C1410A24C0360C141F3002C601C5A6
:10AEA800E07F10141B34E078EC1CC8B60A23003786
:10AEB80041C542C643C7101CC037084760406E0EE4
:10AEC8002FFF484542241C386C249C3044C0A140C4
:10AED8008B465A0E2FFF45C142C0C14043C11C1CBE
:10AEE800803FF07F0000181C013041C7EA0C2000A9
:10AEF800001CC13006E80686E60D6FFF27860AF0BB
:10AF0800BA0C00010018800F00002200FFD817B803
:10AF18000A24C03610141F3003C702C601C5E07FDB
:10AF280014141B34EC1CC8B60A23003741C542C6AA
:10AF380043C7101CC03708476040F20D2FFF484533
:10AF480042241C386C249C3044C0A1408B46DE0D42
:10AF58002FFF45C142C0C14043C11C1C0130181C11
:10AF6800013041C7720C2000001C013106E806863A
:10AF78006E0D6FFF27860AF0420C00010018800F43
:10AF8800000022004A2000000A24C03610141F3096
:10AF980003C702C601C5E07F14141B34EC1CC8B6F5
:10AFA8000A23003741C542C643C7101CC0370847AB
:10AFB80060407A0D2FFF484542241C386C249C3091
:10AFC80044C0A1408B46660D2FFF45C142C0C14019
:10AFD80043C11C1C803FF87F0000181C013041C78A
:10AFE800F60B2000001C413006E80686F20C6FFFC5
:10AFF80027860CF0C60B00010018800F0000210006
:10B008000A20800FC07F00000A24C03610141F30A9
:10B0180003C702C601C5E07F14141B34E81C48B3FB
:10B0280041C642C70C1C0034101C4034141CC037E5
:10B038006846484761822D0EB21040823040104168
:10B048004A2540102240420D6FFF024108170212A4
:10B058005A0D2FFF6187A5710042ED0DA293204381
:10B068004040604114141F30101411300C1410307B
:10B0780002C701C6E07F18140D34E0784843204227
:10B08800350B701020813109810F803F000021822B
:10B09800410BF2100131010040220C024A238000CA
:10B0A80004140214647100310100F90BE2820131C9
:10B0B800810010F01D0BB2104A23400004120C024C
:10B0C8004023430000310100F50BE2820131010306
:10B0D800E07F2040E4C2084537B80F7880207E0022
:10B0E8004708F305412DC317510832005025FE9734
:10B0F800012E01707F00FFFFAB793AF23D79AB7901
:10B1080007F2012E027010000000267D457DF02612
:10B11800CE70A1009433A141620B2000C140560BB0
:10B128002000C14108F08C20028022F4A1404E0B7F
:10B138002000A14108451CF01AF253258015F0267D
:10B14800CE70A1009433137829B86C25C11404205B
:10B15800800F400000000579220B2000C140160B2B
:10B168002000C141BFB86C258D17057DA140C4C61C
:10B17800E4C2760A2000084604776908B400C94585
:10B188002C70D20E2000C14059F65226CE17EA0E76
:10B198006FF7C140C141D20A200008453FDE18BE02
:10B1A800B20E2000C14188F64F26C115CE0A2000F4
:10B1B800A14008455225CD1714F0BE0E6FF7C140C7
:10B1C800C141A60A200008453FDE18BE860E2000B1
:10B1D800C14188F64F26C115A20A2000A1400845A2
:10B1E800A140C4C6FFDA17BA5320810544787921F3
:10B1F800010038208000E07F2478E078E1C54180B4
:10B208000844C340F07F000004220D0010750C7044
:10B2180015F400A341843FBA001C800041845322E6
:10B22800FE8404F400841AE88021FE0EC340A100C5
:10B238009E330909D4000474C2C45022FE87FEF567
:10B248002084FCE9001B41002184C340A1009C33F9
:10B258003FB9001C4000C2C48021FE0EC340A100BB
:10B26800A633D909D4800474C2C4E078E1C541800A
:10B278000844C340F07F000004220D0010750C70D4
:10B2880015F400A341843FBA001C80004184532276
:10B29800FE8404F400841AE88021FE0EC340A10055
:10B2A8009E330909D4000474C2C45022FE87FEF5F7
:10B2B8002084FCE9001B41002184C340A1009C3389
:10B2C8003FB9001C4000C2C48021FE0EC340A1004B
:10B2D800A633D909D4800474C2C4E078018034B894
:10B2E800CAB8E07F8020B000018034B8CAB8E07FD7
:10B2F8008020B000004137B80F78004280223E001D
:10B30800150AD50580207E02012E007000800000FD
:10B31800E07F2478E07FB820C10FE07841290C0550
:10B32800CABC8143814280233000150B350D802231
:10B33800B000130AB3054024021308F0E07F782216
:10B348004000422402150041012E80700080000058
:10B35800E07F24784128C1052F7A40418021BE0032
:10B368001909720098E1E020C90796D96C774279EB
:10B37800002B4100E07F2478E07F0C70E1C5412973
:10B388000C05CABC81428022B00008451B0A720025
:10B398000C701B0AB3056C778A22D004827A002BC2
:10B3A80082004479C2C42C70C2C4170A730D8A2261
:10B3B800D00C6C77827A587B04234003C2C4A14026
:10B3C800C2C4E078C341A1000C0D408100A1E07F18
:10B3D8004040E078C341A1000C0D208102E90079CA
:10B3E800E07F0C70E2C208455020FE8708F236085C
:10B3F8002000A14014700C7104F2C2C60C75C2C6BC
:10B40800E60DEFFFA14014700C72F9F52208200038
:10B41800A140782000000473C2C6E078E07F0C7079
:10B42800BFB83820800F807F0000E07EE4C2084566
:10B438005020FE87CD7016F2D6B80425811F807F74
:10B44800000079200200782100004B780AF4D60F1A
:10B45800EFFFA14086E8920DEFFFA14078200E0093
:10B46800C140C4C60720800F008000000D00000006
:10B478000721810F008000001A603B617072CA22A8
:10B488000500CA204500CA218500C34400FF00000A
:10B49800402C85001424020014244300B072CC23ED
:10B4A8004E81CA000D004128C2054129C305744ACE
:10B4B800C7BC99E4E120CD0707207E804028000220
:10B4C800402901029FB89FB93800240001290303CD
:10B4D80000230380C2226600C023C6802F23C40035
:10B4E800412B0082402AC205E120C607586051203E
:10B4F8000080D323A181D3210183E07FC020620093
:10B508000E2303802E0023000C70412B008261BAA9
:10B51800402AC205E120C607586013210183C0797B
:10B52800CA21610004210180D323A181E07FC020CA
:10B538006200E120C1075322C5012F28C100047110
:10B54800002B03000E20408184220400C0206100EB
:10B55800C12B6100B607E6FFC52206004E20400059
:10B56800012B0300A707EFFF44712F22009041260B
:10B578000470000000004E0201002F234090412675
:10B5880005700000000008000200E07E0C23809295
:10B59800004210000E00204040418042A044404537
:10B5A8002F260000412E068653208805CF20E2155D
:10B5B800140002002F2A010267BA0028881061BA15
:10B5C800022686002F274000412F07865321890530
:10B5D800CF21E215140002002F2A410267BA002980
:10B5E800891061BA022787008C26C38FE4012100E5
:10B5F8008C27C38F160221000226CB014C234096CC
:10B60800627B08000C00E07E422382902F2000120B
:10B6180028000100140009002F2140124022428016
:10B6280019002000C0214B124A22001802228A1059
:10B6380000298312012989100C2440812F2000122F
:10B64800FA000200002048120420BE9F00040000F7
:10B658000E000100C4712F200292C523650044200A
:10B66800BE90260021007470CB206191C020A210EA
:10B67800160001000420BE9F000400000A0001001B
:10B688002F200212C4712F2002122F200212D47010
:10B6980022000C008C26C38F8E000A000620801F13
:10B6A80080000000402EC20545789470CF20E20744
:10B6B800E07E0226827100000000422242803600AD
:10B6C8000C0074701C0002004D77A0E2C2228A129E
:10B6D80008000A00002A8A108722FF1F042083120C
:10B6E800A0E2C2200A120A000A00012888100B00F2
:10B6F8000000C0200B124420BE901400010044201A
:10B7080042110522FE800800010005722F20021256
:10B718002F200212022686010420809F800000004C
:10B72800C0266200BCF18A26C30FCB40800000000F
:10B73800B6F18107EFFF0220001202204812042010
:10B74800BE9F00020000C02001121600020042261F
:10B7580046000420BE9F000200003E000100442075
:10B76800BE903600210044207E90C020A210180010
:10B77800020074702200020044203E91C020A210F2
:10B78800160001000420BE9F000400000A0001000A
:10B798002F200212C4712F2002122F2002120C2017
:10B7A800809F80000000EA06CAFF1570C3F32F2AA5
:10B7B800010267BA0226868000288810F606CCFFA8
:10B7C8006EF1D371008000003C70CA200100E07E59
:10B7D8000C20809F8000000006000100E07E8C277E
:10B7E800C38F08000100E07E0C21809F80000000CC
:10B7F8003C7008000100E07E0C2440810600020035
:10B80800E07EC340C07F0000E07E2040E07EE0781C
:10B81800307007F23B791B78E07F05207E801B782B
:10B82800C34100FF00003070E07FCC200E80532021
:10B83800BE8517F20C712F200300E07F4220408064
:10B848005321BE8512F2F8F1084420408141E07886
:10B85800CB44807F000006243E90D607E1FF0624F3
:10B868007E90E007E1FF084407207E802000040066
:10B8780002204C80E07C107007244090E120C30730
:10B88800CA2061800C71E07F2F2003801B783B79F0
:10B8980005204080E120C107147040244C90E0202E
:10B8A800C3070C71E07F2F200380E078F1C0C3410B
:10B8B800120018D506086FFA0FD8C34112008CD5AC
:10B8C8008E086FFA0FD8D1C0E07EE078F6C3A4C125
:10B8D80055208F0960870846029F3042216B20A7B8
:10B8E8002C718A0FE004504302B7FE0B200A624015
:10B8F8002F2606F00E00230000B6C3400000FF7F8D
:10B9080000B6A21600110E705F200D0700258D13DA
:10B91800F523012440174611DA164511D2164411B1
:10B928007E9FD6164211162600145A0E600730E084
:10B93800170832048C203F8C14260014CA104001CA
:10B948003108130008F016F614260014CA10400136
:10B958002108520060154011120FE0042C71601D7F
:10B96800041014260014CA1001013379CA184400BF
:10B978000671A108D4A0209E2E70A216171122408D
:10B988008BB8420FE0040BDA1044AE704024163234
:10B99800021E0410F523402508DA7E0FE0048241D8
:10B9A8001426501504180420084514961426412519
:10B9B800A0B184E82A1844234020802AC34100000B
:10B9C800717DFA0E2009A1422A104021A6710C7D32
:10B9D800C50DF4A00021512300218D2F0000004047
:10B9E8000E702FBD281E45100A1E4413142601147C
:10B9F80082C03599F5201104AE781E0FE0040DDAE7
:10BA08000041720FE004224080C114210104067134
:10BA1800DD08F4A000B15F270D2780C0DD65CA0AE4
:10BA2800200A64151010A216011123B80020022064
:10BA38005F2101072E700A24C02459A500264D1045
:10BA48004E0A200A021440253A8526713860F50905
:10BA5800F4A01AA5A2160B114A24C0700E70C34296
:10BA6800A1005E3162430C70A82080020212010519
:10BA780002134C05F5234120897938605F230D179F
:10BA8800802010004BB8DD653B8538606C1D0010C8
:10BA98005A208022209ED860E2104601E410450119
:10BAA800DC104401DE104301E010420116260014A8
:10BAB800D20C6007542000090C78152501145C810C
:10BAC8008020100006712BB85860C908F4A01CA18A
:10BAD8003C9702975F0864002C71920DE004049F64
:10BAE80010792F09B40004B7260EA006C140001231
:10BAF800012100422CB807E95526401AAA0DA007D3
:10BB080042419E1601110B0900009E1E0410A21648
:10BB18000011047110793471CA202D005F200107CB
:10BB2800A21E0410D9619E09A0005421000C041F14
:10BB38000510D6C7E2C21608200028450A082000CA
:10BB4800A140C2C62107C008EAC3A3C110405520BE
:10BB58008D090C702C1800202818002002A502B5A9
:10BB680000A5001804205E09A0005420002C5609E6
:10BB7800A0005420802F2E0920015520402A4A2455
:10BB8800C070FFD9024080DA08B980208302301DD6
:10BB980085125CB59E184420A820000102185500A3
:10BBA800C3410000033FC340FEC00000C342000081
:10BBB800053EC3430008000837A516A5D61844203B
:10BBC80030B88A214502CB400000A567CB4300006E
:10BBD8005CCE8A219C1B2E70CB47D3F8E863CB46FA
:10BBE800F5D64901CB4492024901601D8410DA1848
:10BBF800842042C341C31EB5542000294024063284
:10BC0800402407318A228A042043C3440000E863A1
:10BC1800C345FFFFF5D6EE180422541DC412EA18D6
:10BC28004422501D4414F3A5D2A591A5401D4414E7
:10BC3800DE086001D218442454154511EE10442141
:10BC4800E610432150154211EA1041215420002AE0
:10BC58004024063240240730B6086001001C4034F6
:10BC6800F61045216015441158154311F210422170
:10BC78005C1541115420002B4024063292086001C3
:10BC88004024073040200E2C40154511DA1044217D
:10BC9800D21043215E9DD610412140240632402413
:10BCA80007306E086001C1402671E109F4A008E67A
:10BCB800CAC7E078E4C20845C341344200004A24B8
:10BCC80080717FDB731D5810A142A1410C7017BB16
:10BCD80056258C1D802208038021070D6F1D181022
:10BCE8006E1D18106D1D181001B57A1DD810791D1C
:10BCF800181000AC00B216B2A820000104191100F7
:10BD08004A2400797B1D1810401D1810411D181079
:10BD1800421D18105625801F5425021B0A21800F2A
:10BD2800A1007C2F8F1DD810431DD810901DD8104E
:10BD3800441DD810911DD810451DD8100018430077
:10BD4800A82000020211400548308000041A1000A3
:10BD58004A2480710A20800FA100F42FA8208001B6
:10BD680004100104041A50002C70184D48DA2846B3
:10BD7800561D42102A0BAFF9551D4210951D9813F8
:10BD8800941D9813931D981380254912C0ADC4C6FD
:10BD9800419005E9216AE07F21B000418021080E29
:10BDA80006EA6091FDE304F7296AF7F10218050035
:10BDB800E07F00190500E078E1C5A2918480412D5B
:10BDC800411250746C2182000EF42490170A650009
:10BDD8005449C3BD0F0D0213269044B064A02471CA
:10BDE80026B0C2C4FFEC84901D0A0403279007E91B
:10BDF800412D0112C3B9110C45100818050010187F
:10BE08000100C2C444B064A0C2C4E078ECC2C3401C
:10BE1800A100E80B008003E8CCC60E704A2200207F
:10BE28005A204326C342A100A80A7962038981895E
:10BE38004A63628908B808BC6578857A10B8052015
:10BE4800918022F2F0890C701BEF4C896D890E8964
:10BE58002F8908BB657A08B9257840280D04CD706C
:10BE680005258D1022096FF70115801403E809884C
:10BE780086E8C571F10EC4930C7003F00C714E7115
:10BE88000919022006719D0854A3FE086FF7A1D86E
:10BE980044E8890A10A029888109118009184300FB
:10BEA800CCC6E078E4C3A7C108458020040D83C24E
:10BEB8002E0DE000284683C0EA08A006141C0130B5
:10BEC8008025051180C2A140160DE000C14180C047
:10BED800D208A006081C013003C101C004C300C277
:10BEE800003040000032C1000231000046C0160F89
:10BEF800600786C006C0C3414940DB0F043040805C
:10BF080083F602310000C4C78A21460B296004E980
:10BF1800E07F0E88E07F0C70F4C3B4C188473042DC
:10BF280008450E70081C0004041C0004001C0004D2
:10BF3800ACEB028220826182D341CC3DCDCC003073
:10BF4800400400314104003343044FC0A1404DC1B7
:10BF5800BA0FEFFF4EC3438204320084C4F63FD9C0
:10BF680018B905F0C34100BF000001324100483153
:10BF7800C1022F790025951F000040020F092500F6
:10BF880024158210AD0A1000D4C7BD0A300055250B
:10BF98004E1DB142802205218DC183C24240420C10
:10BFA800E000241D021483C0FA0F6006141C00343C
:10BFB80004C07FD917B9043040804F21C207CA2076
:10BFC800490004308080CA2085004AC0220CE0095C
:10BFD8008AC00AC1C3404940DB0F0431008085F69E
:10BFE800023040004AC003C04CC07A0B60078CC0C6
:10BFF8000AC10CC01C1C0034181C0034003040005E
:10C008000030910F003F0000224026086FF6281CE0
:10C018004034084749C06A0D6FFA22402D8D48C048
:10C0280021E9EDA50CA52C1D0014281D00142CF0E9
:10C038006D1580A02508D1006C1580A00EE8241D80
:10C048004310D4C70D8D35E8A14180210501584D15
:10C058008608E00886C235F0C3404843000016A5AC
:10C06800D4C786C090C27208E008424190C0EA0D69
:10C07800A00A86C106C307C208C109C07CA65DA67E
:10C088003EA61FA68DC183C2560BE000424003C0E6
:10C0980004C205C3C3412041000000304C000032F7
:10C0A80042000033400090A551A512A5D4C77C8654
:10C0B8005D863E861F8646C347C248C149C04E407A
:10C0C8004641564200300300003140009885013057
:10C0D800C100003280009146013113000434C0943D
:10C0E800301CC03408F65415801086E8D816009124
:10C0F800CB0810004C1D021486C08DC1E20AE00076
:10C1080083C283C09E0E6006141C003404C003C1A1
:10C118004C70043080804BC144F74A0A60078BC0DA
:10C12800A140802005011A0FE00490C190C0CE0DF7
:10C13800E00880C100C10BC001C302C20030410049
:10C148000030C3000030800040C141C342C05415D4
:10C15800801006E8178516A5104164F0D8160091DE
:10C1680007E817850030910FCC3ECDCC58F0B20AC5
:10C17800600642400030800F833B6F1222850130F9
:10C18800800FF53C8FC2568502364370803F000011
:10C198000030800F6542E12E00338200003101003B
:10C1A800013242000015812004308080CA208500B9
:10C1B8002EE9D341484300002DF04C1580103D086E
:10C1C80010801085328551850030400400314104CB
:10C1D8000032420440C042C186C090C1620EE004F1
:10C1E80041C290C080C1FA09E00083C2B60D600662
:10C1F8008DC0B20D600683C08DC083C1D20B600AAA
:10C2080080C21E0A600680C04BC0A3F1D3414842D9
:10C21800000004304084CA2109204AC0581D401437
:10C228000C8D27E80CC02C700430808F614400000E
:10C23800C5F60030810FBC3862BE7FD800C217B87F
:10C248000431008001C302C5CA20450000318C209A
:10C25800003000000031C1200031422300340310B7
:10C268004AC0003101000030800060A789F03286A2
:10C2780000C0738601C250160B1002C4B1440130CD
:10C288004000802404270132C1000134C21212A6E2
:10C29800824033A68A09600654A6D342C8420000E9
:10C2A80004308084DCF614865286338645C082408A
:10C2B80043C26E09600644C103C107310C0004C1C2
:10C2C8000731030005C1073102000034811432A68A
:10C2D8000033800413A60032820454A605850BC1DE
:10C2E8004F8502360C70803F000000304B00003450
:10C2F8008010FA1583A00130C0020436C0A40FA52F
:10C3080004F609EB4C700DF007EB2FA54C7020409C
:10C3180007F04C7105F0D81601914C7174E9381585
:10C328008110FA1D82A00BE90436C0A4CCF627853B
:10C33800BFB80430408008F640F00436C0A4480076
:10C348002900BFB85286618501C000C102C440A758
:10C358000031092000314B20338600338000003142
:10C3680008230130CC024AC321A754860033400079
:10C3780080A701304102003380000130000221A76C
:10C3880002A7D4C7288504304080D8F6528601C158
:10C39800618500C040A702C40031492033860031BE
:10C3A8000B2000338000003108234AC30130CC023F
:10C3B80021A7381D4310DBF1381D0214D4C7E078DB
:10C3C800E2C25620420B408A54714C701EF4511040
:10C3D80009065210080653100B0654100C060043A9
:10C3E8005620CD0F8023070156189800551898003D
:10C3F8004C18580040AD40AB4D1858024E18180262
:10C408004F18D80250181803E3189C005B189800BE
:10C418005918580058185800AE189C0095189C00D8
:10C428008020050F2C707A0C6FF918DAC2C6E078F4
:10C43800E4C2084516E956254E1B008E21087100F6
:10C44800A140660AEFFF4041D5150117D41D1D1004
:10C4580048310100073040008D1D1810001E0310E0
:10C46800C4C6E078FAC2FC1CC8B6B9C11041003491
:10C47800800FF53C8FC2284555110126CB468635DD
:10C48800BD3700308003181C40340130410002855C
:10C49800E08550454CC001855519582092C24DC0C1
:10C4A80060110020A1410A2200214BC006C0704043
:10C4B8008020040D2A0FA00046C014C05611012682
:10C4C8000030800F833B6F120030800400308003FF
:10C4D800013100001108302056191820B9C0041481
:10C4E8001B34DAC6BE410A2040240C700431008097
:10C4F80080200820C4F63FD818B805F0C34000BF14
:10C508000000AD1082A001310000690AF100483036
:10C51800CE026E1100260037D61300308F0F193F58
:10C528009A99FE0E2006A2400030800FCC3ECDCC5A
:10C53800013700106E19182045C00185228500308A
:10C54800000001360220003140000132120004329E
:10C5580080AF7448002442000C00E3110027CA1180
:10C5680001270471107A2F098500E3191C2015F0A2
:10C578009A09EFFF2240CF79110925002C7122403A
:10C58800B20EEFFFA242ACF15621402B0018430037
:10C59800A6F1E3195C20CF782308F1001043562157
:10C5A80040290088170891003E10002187E8760E80
:10C5B8002000224005C05C1918205621C02E820A8E
:10C5C800E00495C10A2340348023053195C081C217
:10C5D800060BA00863415621402F660AE00495C166
:10C5E80006C195C0F20AA0088EC204C1C340803FAC
:10C5F8000000104404310080CA20450040C0F20DFC
:10C60800A00980C011C1824000C504310085CA203C
:10C61800450040C0DA0DA00980C05F110126013530
:10C62800581360110726013045300030013600C02C
:10C6380058110C260131C70105C159110B265B1190
:10C648001E2605C3013017006211062604344090E7
:10C65800CA23090304334090013181070037C025FC
:10C6680061110426631108266411092605C25B19A5
:10C678005820013081010030C035CA22C502013777
:10C688000B210430C095EA4401304002CA24091243
:10C69800043280AF614400005F1958216019D82125
:10C6A8005819D820591998206119D82263191823C4
:10C6B800621958206419182005F65621C0280088E8
:10C6C80006E8AE1100270471AE191C200E11802057
:10C6D800C10B24204E715621402B0088B5087100EB
:10C6E8004E703E1001213C10002102338300C342EA
:10C6F800A04100000F08650004338080CA22692029
:10C7080014F00734801FC93FDB0F6C110C2604306E
:10C718000085CA2009050030800001300003043379
:10C728000080CA22692018E94010802014E85111BD
:10C7380003265211022653110126541100264D19C1
:10C74800D8204E1998204F195820350A31205019F1
:10C7580018201FF02240520FAFFFA241701101268E
:10C76800BFB804304080CAF6E311002778200000E3
:10C778000520BE8404F40DF0170A1020FC110021D6
:10C7880087E8001080201470080021004E714E7058
:10C79800224042419E0CEFFFA24295110027CA1188
:10C7A80002270471107950713405E5FF95191C2092
:10C7B8005B11022648310000A241073200005B19D4
:10C7C8001820E60EAFFF224048C095C17208E00469
:10C7D800634006C095C10209A0088EC28EC07A0EB9
:10C7E800600A81C104C056110D2640C06E0DA00517
:10C7F80080C000C0BFBD023040030430808FA0401D
:10C808000000C9F65621C02F0088147008002100C6
:10C818000C710C7047C05B11002656214E2B001678
:10C82800991049C05C1100262C724AC0D20BA0098D
:10C8380095110027110A31201045AE110027B2705A
:10C848000E020E000C70BC191D200E118120130B56
:10C85800652010780C709F022000001E0310E8115C
:10C868000127150861002240BA0B2000001E431062
:10C87800810200000DC00030000001360220562160
:10C88800402E20880CC000300000AF093000013273
:10C898001600951102275F11002648320300003365
:10C8A800810FB23DC2B8043040808E000C00FC11EC
:10C8B8000121870911000730D3006111002660119A
:10C8C8000C268E700730CF00096A0033C1245F1927
:10C8D800D8240031C2001079023480104831010098
:10C8E80007304C00621102266119D8230037C013A3
:10C8F8000030C000023200000730410064110026F9
:10C908000730CD000C700034411004310085CA2076
:10C9180067005021C187C52061006419582340C1B0
:10C928008BE80E0F200680C00033C02300C10235FB
:10C938000010073054000BC004308085DCF67511F8
:10C948000026043400A018F7008E2D08510051115C
:10C958000326521102265311012654110026D344EE
:10C96800803F00004D19D8204E1998204F195820A3
:10C9780050191820FC11022188EAE31100270D0D37
:10C9880004200010802004E8C41843A00230C035F9
:10C99800BFB80430808F0E3E35FA88F7C41080A0E7
:10C9A80014700A0021006E716E706311002659110F
:10C9B8000B26581103260730810FC93FDB0F7FD89C
:10C9C80017B8792202006C11082600188220023359
:10C9D800C202C343A04100007F110C26043100802D
:10C9E800CA2109000031C0007F1958200130001009
:10C9F8000432008072002D0040C15D1100265B11D9
:10CA08000B260431008350110220CA244910003437
:10CA1800C1100233031004324080CA218900BFBB11
:10CA28000433408085F7C20A200A2C701DE8AE1135
:10CA380000273B0D05202C1080A0B51081A00471A3
:10CA48000F7A3072D00106002C1802A00FF0BC112A
:10CA58000027E81101270471107A30729E01060040
:10CA6800BC191C20CEF02C1803A006C0D20DA004BF
:10CA780095C195C08EC2620E600863418EC0DA0B04
:10CA8800600A81C104C055110F2656110D2640C0F9
:10CA9800CA0AA00580C000C0BFBD01374C130130D1
:10CAA8000000B5108BA02C1082A0BFB82C700434E5
:10CAB80000906C70CA2169000434809F20410000F6
:10CAC800CA2369001F0AE4020C7075110C264C7009
:10CAD800043400A3CA2269000622C204090A3F00DE
:10CAE8008D718D700D0A1120BC11022754708CF2C3
:10CAF800008E8D085100B30900300AC109C06C11BD
:10CB0800022602310000BFB80430808076000C0095
:10CB18005621C02F0088BCE8381080205B11012600
:10CB2800391843205C19582034E808C0081C013023
:10CB3800041C013000308D0F003F0000F20CEFF5AF
:10CB4800A14044C03A0A2FFAA140224143C08021A3
:10CB5800080981C0820D600895C295C0FA0A600A6A
:10CB680081C101C302C203C104C08919D8208A192E
:10CB780098208B1958208C19182017F011090130AA
:10CB880013F007C004E8FC11002144E839184320D9
:10CB9800D5110027D4191D204830010008C00730DE
:10CBA80040008D1918205B11002605C15D19182059
:10CBB8001208EFFF2240511109265211082653117D
:10CBC8000B2654110C264D1103264E1102264F1127
:10CBD800012650110026761958227719182278193B
:10CBE800D822791918237A19D8207B1998207C190A
:10CBF8005820ED00EFFF7D191820BC195C2020405B
:10CC08004B04CFFF647905213E8309F20C71001EA5
:10CC1800431071F12C1842A029F100AE6BF1E078B5
:10CC2800E2C2084556181900A143511000065315D1
:10CC380001168023060D4D1D1810541500165215A7
:10CC480002164F1D5810501D1810018B6E15011635
:10CC5800551D1910781B0280A1404E1D9810001B0D
:10CC68004300620FAFFF4C1D58105625411B008929
:10CC78000908500000198300C2C6E078E6C3A1C1C4
:10CC8800BF8040200E0728474024C2302FD96C713E
:10CC9800C1408209600A031CC3318025C51452278C
:10CCA800001000AD031C02304024C2303AD96C7128
:10CCB8006209600AC1401A0A2FF664D8C6C7E0782C
:10CCC8004A24C0702C7023A022A021A0101815009F
:10CCD800A820000104181100E07EE078F1C0C341EB
:10CCE800130004BAD60BAFF90C72C341130088BC09
:10CCF8005E0CAFF90C72D1C0E07EE078FAC2FC1C81
:10CD0800C8B6A4C184101100801012000845304034
:10CD180005227EA405F44A0ACFF6104230416A0A79
:10CD2800EFF60C7140C0620AEFF60C7341C05A0A64
:10CD3800EFF607D842C0520AEFF60C7443C04A0A0D
:10CD4800EFF60C761843420AEFF60DD818413A0A66
:10CD5800EFF60FD81840320AEFF60AD810472A0A19
:10CD6800EFF60CD81046220AEFF610D810451A0A2A
:10CD7800EFF616D81044120AEFF618D810430A0A2C
:10CD8800EFF613D80847020AEFF615D80846FA094D
:10CD9800EFF619D8388D730970010845C309F000FA
:10CDA80048300D20347189F400160070A100EC0899
:10CDB80048300D20043040837FF2360A6009A140D4
:10CDC80000C002414242E20AA008224301C00241D7
:10CDD8004242D60AA008224302C002414242CA0A7D
:10CDE800A008224303C002414242BE0AA0082243CF
:10CDF800634002414242B20AA0082243001E407327
:10CE0800A100EC0859F000160070A1000409483090
:10CE180015200430408551F2E140024142428A0A1D
:10CE2800A0082243C140024142427E0AA008224390
:10CE3800A14002414242720AA008224382400241B4
:10CE48004242660AA00822436240024142425A0A0C
:10CE5800A0082243001E4075A10004092DF0001609
:10CE68000070A100F0080430408327F2820A6009AC
:10CE7800A140E240024142422E0AA0082243C24099
:10CE880002414242220AA0082243A24002414242F1
:10CE9800160AA00822432340024142420A0AA00877
:10CEA8002243034002414242FE09A0082243001ED9
:10CEB8004073A100F008A4C004141B34DAC6E0785B
:10CEC800E2C24A248071204308452468A8208001D2
:10CED80004130004041910003E0FE00940400C70D0
:10CEE800B41D0010B01D0010AC1D0010C2C6E078C3
:10CEF800F4C22846209170440845412983015321F2
:10CF08004B000196C1BB75733042CA23A110CB44B4
:10CF1800A1006431090BB10081419C4C74707268A6
:10CF280002F4B84CF522C202041610114128D501AA
:10CF380004238F0F0000FC0F860B60092C4D87958A
:10CF4800104104956595429D79240110402593125E
:10CF5800402516110471796104B51D0A630425B5CD
:10CF68000195F4780E793A0D600922404C726C7183
:10CF780002B511F0239D91096320412850220195A3
:10CF88001720C0030E79120D6009224003B54C71B9
:10CF98006C72A140260E6FFFC1410E70026DC34135
:10CFA800000071FD22426E0820066C259520419DE7
:10CFB800CB460000C3F5C2405A082006C14121955E
:10CFC800029DF961D20C60092E79419D02B5066D6A
:10CFD80042082006C1412195039DE279C20C6009EF
:10CFE8002E7925950B08312003B517094405412AE8
:10CFF80092203D21420544224020490A0500AD7097
:10D00800B078D4C6107A6C2081200B09850004857D
:10D0180033E8029624B8C3B838608508A5800E7036
:10D0280006952DE8209623B9C2B91309040084ECAB
:10D03800001B0424016C0E7107B5081D051024F0AF
:10D048006795290B15012108A100496B0C715878C7
:10D058000B200085084508F213096505012CFEA080
:10D06800D0F505F09B094485AD702C700ADA3208BA
:10D078002FF96240C6F124B591F10485081D041406
:10D0880002E824B5101D01100C1D051088F1E07888
:10D09800E2C20845009085E8260820002040184D87
:10D0A8002C7014DAFA0FEFF8021D0510C34000F8CF
:10D0B8000008001DC51001A5C2C6E0782DDAC343DB
:10D0C800000064688EBA76D962B041B0E07F20A8CB
:10D0D8006A24801251248093E020820F1000B8E265
:10D0E800CB44000004003E79E6C3A2C1BF80CD70E6
:10D0F8001CE080C274D96C7561C6620E600840C6B7
:10D1080021C20C703B0ABE012C7001148E3003142E
:10D118008F3002148C304422010C44220003402A30
:10D1280083030AB90CB806BE566F06BCC57B4579A1
:10D1380085786E7A2E790E78DE6A46B946B89A1DD9
:10D148005C10991D1C10981D9C13C6C7E2C26E0B7B
:10D158008FF6DE09AFF6084500420C71560BAFF6A4
:10D16800A1410AE804881108D10DC340A100780A3A
:10D1780000184300C2C6E078F0C3A2C108461A9856
:10D1880028472C71EE0F200450411AB61F9EE60F57
:10D1980020042C71AD701FB6F521412316264013CB
:10D1A8000474C3420000B416C344FFFF4DE9C345ED
:10D1B8000000B544C346FFFF69EDCA0DA0066C70B8
:10D1C800409680C1B479150A710000B1F421422358
:10D1D8001426411311B14EB1A571C10DD49040264A
:10D1E8000D174E700A234023001E05100211422518
:10D1F80027976240C60E600810404671F10AF4A0F5
:10D208006672209D039F2E70270863004E70029F50
:10D218001F0923004E70249F0F9E170923004E708C
:10D22800259F001040210B0923004E704E7180C0CD
:10D23800279740986A451040820E6008A1402671E1
:10D248006672F109F4A040208020529E26976E0E47
:10D2580060086240209F129E120E20040215511190
:10D268000041360A60092240409D269701B55A4E72
:10D278004A0E60081044219F009DF20D20042A16D2
:10D2880051110041120A600922400214433115B6B7
:10D298004026021B6240E141BA0C200450410010B4
:10D2A80043214026821D8240AA0C2004E1415A965F
:10D2B80005EA1F966B083100AD70389683E917961A
:10D2C80005E81D968AE81C9688E82C7028DAD20DA5
:10D2D800EFF822402C704C70792202002F208A042B
:10D2E80045782F083F00AD735796586129081501F6
:10D2F8001B9611E80D0A7100169E1D087300AD7487
:10D3080013097100AD7011081300AD7504F0AD700C
:10D3180007F0AD702C7028DA860DEFF82240A14096
:10D32800D0C7E078F1C00840204016082000284304
:10D3380001404E0820006141D1C0E07EE6C03FD9DF
:10D348000AB98A270A1F8A251910CB440000717D63
:10D35800C34300005278C342000012F98A261E1106
:10D3680023B03FE11218050010180504E1B0A0B081
:10D3780087B066B045B0C2B024B0C6C4E2C24A2481
:10D38800C0706C704A220000A820C00216208D00D0
:10D3980014208C00447162A561A56EB471B44091EB
:10D3A80021912818550002189400021854002C7076
:10D3B800EE0CEFF828DAC2C66A2480125124809352
:10D3C800E020820F11004036CB44000006003E7971
:10D3D800F2C3BEC10846A8456045F8866082C340CE
:10D3E8007A3D0000818241C700331400E2827A86C8
:10D3F8000034131000371010998643C37B860381CD
:10D4080042C4808144C348C0618122810382CB43E6
:10D41800833A6F120031D10256C0418622860386B4
:10D428000034D5120033D2020A26000149C24AC18B
:10D438004BC08FC4284E81C185C293C34024043990
:10D448005424873B301C0035341CC034381C00344D
:10D45800141C40354C1C0035181C8034501CC0343A
:10D468001C1C4034541C0034A20BE00940C45C145A
:10D478000B30601408306414063011C112C00FC795
:10D4880010C44D866E860134C9220133082201304A
:10D498008B213AA61BA644C043C181C089C141C79C
:10D4A800241C4032281C00322C1CC032F8A699A635
:10D4B8000A08A00942C403C104C001C302C247C18B
:10D4C80048C085C081C145C38E09200A46C203C130
:10D4D80004C001C302C23AA61BA681C09AC178A69D
:10D4E8005E0B600459A69AC0120A60088CC10DC070
:10D4F8000CC10EC278860232002002354C2002315F
:10D50800812002A681A623A660A599862C7081A5F4
:10D518005A8642A51B86101D01100430408003A5C1
:10D528004FF7218E0DE95220CE075222C20752240E
:10D53800C1175223C007C3A542A521A500A5D2C77C
:10D54800E8C3ADC12846084580C02C70520BEFF8DF
:10D5580034DA0E0A8FF6BFE61040284709F612EEB5
:10D56800370E70104C72290E31144C7315F0C0E64A
:10D578000AF2E0E60AF28C2602900AF44C760DF0E4
:10D588004C710BF04C7409F04C7507F08C26C39F56
:10D598004C72CA22E1012C73AC71A1400243D20A39
:10D5A8006008E14410852C72AC71483040020F7A53
:10D5B8000243E144BA0A6008A140330EB41080C1A6
:10D5C8008C260290CC26829F0000FF000EF4C340F8
:10D5D8004842000042C080C12208A009A140C340BF
:10D5E800A0004CFA660D0FFFC8C7CD70A1400E0809
:10D5F800A00942C6CB47A100400A008F07E8246F64
:10D6080000A9A1400A0A6008C1A9C2AFC8C7E0784A
:10D61800E4C248455308B000CD7069085100650957
:10D628003403001B05032C700CDA760AEFF8A140CE
:10D63800C341A00040FA0091CBADCAAD00AD28B8F7
:10D6480001AD0191CD7102AD28B803AD029104ADD1
:10D6580028B805AD039106AD28B807AD049108AD0B
:10D6680028B809AD0EF01D093401001B0501C3409F
:10D67800A100410A0088C3ADC2ADC1ADCD7100ADF6
:10D68800C140C4C6E6C25908B000CC707708510042
:10D6980073091403218AE38A858AA78A09128800F4
:10D6A800608AC28A048A06128B000812890008B9A7
:10D6B80008BF08BC08BD40280812C342A00040FAB1
:10D6C8006579E57E85780525C31205204C12CC7155
:10D6D80020B2C1B202B263B284B215F0CB45A10048
:10D6E800410A23093401001D8211008A17085100DC
:10D6F800C341A00040FA420C2FFF1C49CC71001D09
:10D708004310C040C6C6E078FAC3A4C1DA0EA0032D
:10D718000846620E2005C140D3410000D009AE7111
:10D7280000264014041E4215B60DA0091044D94124
:10D7380080210A39BE0F20082340C1400E09600726
:10D7480080200E05C94580251C12060FE009A1405E
:10D7580011DFC1401ABF80201D0BC342A1002C312C
:10D76800E141241D42153A0B60045040C14080201D
:10D778001E0FE1412A0B60040242541401A6D34350
:10D78800C8420000D342C84100000031C10404145B
:10D7980016A00731860432D8D340003F0000CB41A1
:10D7A800233D0AD7D347773F6B9ACB40AF36CAB0F1
:10D7B800CB439237A968CB44B738D302C8DBC342FE
:10D7C800663F6666C341B344A00C711C1CA0661C6E
:10D7D8001CA000360024001D4215521C58A2541CDF
:10D7E800C0A54C1C00A2481CC0A2441C00A3741C69
:10D7F800C4A00C1C80A0651C58A07E086FF6531CA2
:10D8080098A148304002AD70081C04A00026801F73
:10D8180000005C0980C2E1410C1C803540C541C54F
:10D8280042C57E0A600440241830C341A33C0AD78D
:10D83800C3401C4600400026961F00009C0DBF1CDC
:10D848005820BE1C182064D819D9F31CD824C51C2C
:10D85800D8257E1C442342C541C540C543C73C1E4C
:10D8680042A5281E42A5081E42A5960B2009741E33
:10D878005CA323865F1E1CA05921402EF21904B018
:10D888008A2008025022D4251066483181000031D0
:10D898000205D341833A6F12483001000032400438
:10D8A800024304304083CA238C0F00BF00000031BC
:10D8B80001050130C000003141044830C002492050
:10D8C800000204314083482000015E1E5CA3A81EAC
:10D8D8005813A71E5813A61E58139D1E1810C5F6D8
:10D8E8003FD818B804F0C34000BF00000131000061
:10D8F8002C704830C0024920400648200001831E91
:10D90800181080C09A0FAFF80CDAC61600167FDD23
:10D9180017BD0235001043C0BE0B600583C003C0AD
:10D92800D14680264B2AAE70001E4320F31E03A06A
:10D938001A0C6FFEBD1E03A102350110C1408020E4
:10D94800CA09C51E58102C70560FAFF80DDA80C0E2
:10D958002C700CDA4A0FAFF843C700268D1F000061
:10D96800F009F4150190A140A20F6007BB1E43A067
:10D97800F2150091483000000030000500304204E4
:10D9880004324085C4F63FD918B905F0C34100BF39
:10D9980000000C70013241008BB800268F1F000078
:10D9A800EC09001804304831C002F41782900420B2
:10D9B800810F0000FEFF8AE1CA20A602483201005A
:10D9C8000031010510784820C00000B700268D1FDF
:10D9D8000000A805BA0E2FF500314004281702965A
:10D9E80043C04830C002FC1F00904832800000301D
:10D9F80080042C7000304204834324B304324080F6
:10DA080025B341C121B3C5F63FD818B804F0C340C7
:10DA180000BF0000E0150310013200004833830006
:10DA2800003383044830C00200334304F01D0090E3
:10DA380004334080C4F63FD818B805F0C34000BF8F
:10DA48000000248501330C00C342233C0AD7483127
:10DA58008100003180046D7000308000F81D8090D6
:10DA6800003043044834C0120433C082EC1D0090D7
:10DA7800C4F63FD918B905F0C34100BF00000585B9
:10DA880048308000003080040030820001334000BC
:10DA9800003241044830C0020431C082F41D0290B3
:10DAA800C4F63FD818B805F0C34000BF0000498548
:10DAB800013101006C70483280000030C004003031
:10DAC8004C044831C0020434C090F51D0290C5F6DC
:10DAD8003FD818B804F0C34000BF0000E815011093
:10DAE800281DC0902C1DC49048318100003182044B
:10DAF80001340110003240044831C1020430C080B2
:10DB08002E1DC290FC1D409004F6D34000BF0000BB
:10DB180001300004C947802711134830C002301D66
:10DB28000090E140260C6006001D8312C140802051
:10DB380012092C7011DA6A0DAFF8101D0190C1405E
:10DB4800C14180201A058021170B120FAFEA18DA9D
:10DB5800C140C14180201A0B80211801FE0EAFEA96
:10DB680018DAC140C14180201B0180211807EE0E40
:10DB7800AFEA18DA8A200F0A0026811F0000D10DAB
:10DB8800361D04900089CB44C800E803C9DB4C71FA
:10DB9800551DD814541D181367B5481F82901508D1
:10DBA800700040A90026801F0000D00D00188200D8
:10DBB8004A24C0760026801F00007F0E0026811FA1
:10DBC8000000E40E00180302A82000010419110047
:10DBD80044AE9626C716001E0510DAC7E8C2C180F3
:10DBE8008280A08003800134091301368713013530
:10DBF80048130130030000304B020030C3000037E7
:10DC0800040000301E100035C0110133860F80BF9C
:10DC180000000130C5020230DF02003500126181C8
:10DC280001308B010036C0110035481201309001D7
:10DC38000081A28101300F110037C3300030C002CB
:10DC48000230081101330300003740130130C300CC
:10DC58000036401260A201308707618102308B07CD
:10DC68000081A2810030C320003500000130C300CC
:10DC7800003340130133000001A2003440126181D7
:10DC880001308B0100810037CC0062810030001028
:10DC9800013001030033C0100131000002A2C8C6E0
:10DCA8002C702418850222B021B006181500F10343
:10DCB800AFF81EDAF6C3A7C10A2600217047304321
:10DCC80008454E702F2685F010002300001C8204A2
:10DCD8000C714678351D02106642EF85D0856E417D
:10DCE8001885764391850232C203023181030233DB
:10DCF800050300308700D345803F00000235062029
:10DD080000304400003043010137C01148150B10A2
:10DD18004C1508105015091042C141C20FA5003218
:10DD2800C001003101010035C2000134CC1046C3E6
:10DD38000130C002013101020132430244C0003601
:10DD4800020045C1003641000036C00001360E1100
:10DD580033A514A584C16240D0A591A5AE0E600577
:10DD680052A57B85101409301414083018140B3090
:10DD78004C700431C0902C70CA2269000430C090E5
:10DD8800F285D38594850C70CA2169000433C0904C
:10DD9800CA206900031C02304024403041C742C6F3
:10DDA80043C4011C8230420B6007021C4230768556
:10DDB800F285D38594854C700437C0902C70CA22A4
:10DDC8006A000436C09010410C70CA216A000434FD
:10DDD800C090CA206A00031C023040244030011C55
:10DDE8008230060B6007021C42305585D285938528
:10DDF80074852C700436809010400C70CA2169001C
:10DE080004348090CA20690004338080021C0230E8
:10DE1800CA22692040244030011C4230CA0A6007E7
:10DE2800031C823405E84E70701D031036F07C4DDB
:10DE3800DA0D600584C17A8504C705C606C44C702E
:10DE48000437C0902C70CA2269000436C0900C7048
:10DE5800CA2169000434C090CA206900031C02303A
:10DE6800402440304E70011C82307E0A6007021C3C
:10DE780042300520400419085000701580107115B3
:10DE8800811041684F780F0865005042701D821458
:10DE980004F03042701D4210711582102F20870443
:10DEA8005C1581105070CF20A5203670CF206220DD
:10DEB8000B0840205C1D02140E71351592103C4D64
:10DEC8004A0D600584C110140B3005C647DB06C433
:10DED80018BB4C700433C0902C70CA2269000436F9
:10DEE800C0900C70CA2169000434C090CA2069002F
:10DEF800031C023040244030ED7078201120792234
:10DF08001020011C8230E2096007021C423007E839
:10DF1800341DC213E9A5E8A5E7A50B2100A4CE0589
:10DF2800210055250E1801C1058602C303C204311C
:10DF380000806F210B0004330080011C42306F21E8
:10DF48000B0004320080FD856F200B00031C02309B
:10DF580040244030D6086009021C42303AE8068660
:10DF680001C102C303C2043100806F210B000433D6
:10DF78000080011C42306F210B0004320080FE85B6
:10DF88006F200B00031C0230402440309E086009BB
:10DF9800021C42301EE8078601C102C303C20431D5
:10DFA80000806F210B0004330080011C42306F2178
:10DFB8000B0004320080FF856F200B00031C023029
:10DFC8004024403066086009021C423002E8E086BE
:10DFD80003865E853D8502370C10C3434C3FCDCC8C
:10DFE80000348C1F213DE5613040013000030032D0
:10DFF800CC000437009003A6CA20C5030430008370
:10E00800D0F69F8550400034CB100430C082CAF649
:10E01800408691400032C3000430C080C2F65040B0
:10E0280004860730420007354120013000200430C3
:10E038004085CA2049050132420504A604324080C1
:10E04800CA2185000735422022A6A2410432008455
:10E05800960C6009CA2089202E738E704E708DE848
:10E0680004862E724E700430808F003F0000CA2153
:10E078006B20CA226B200185664128158310838591
:10E0880002310100647100304120E2960130410004
:10E09800028521A56E42281DC210023202000030FE
:10E0A80082200130820042A5764002300B036F784F
:10E0B8000030C32210770134C31032042D0063A549
:10E0C80004858585E68502310000023201030233AA
:10E0D800C20341C042C181C084C1281D02152E0B54
:10E0E800600543C2008604C305C407300B200C85B5
:10E0F80006C74C702C700030CB020C700433C08201
:10E10800CA226A000434C092CA216A000437C09245
:10E11800CA206A00031C023040244030011C8230AF
:10E12800C60F2007021C42301470700221006D7067
:10E138002986C34020410000EB85013141051014B8
:10E14800093004310080CA20450007351020141416
:10E15800083018140B304C700431C0932C70CA224C
:10E1680069000430C0936C70CB44CC3ECDCCCA213E
:10E1780069000433C09309A6CA236900043000A3C8
:10E1880040244030011C8230021C4230031CC23043
:10E19800560F2007CA20052338E8CA09600681C03F
:10E1A800C209600682C0BE09600683C02B8504C010
:10E1B80001C405C206C308140B300C14093004311D
:10E1C8000080CA20450000300C2304318080E4859B
:10E1D800CA2245000431C080003400100030CC222F
:10E1E800CA234500003041221415081018150610DE
:10E1F80001370010003482100031C1000130821054
:10E2080004A501364C0015F002C101C0458503C4C0
:10E21800E48500304120668500300020013242004C
:10E22800003001230137001001334C0004A52D866E
:10E2380045A586A504304080CAF670860DA68E7165
:10E248000133C100023041002AA619F0EA860430E1
:10E25800C0834BF770860AA68E710133C100013066
:10E2680041002DA60BF070868E700133CB00013172
:10E27800C1020237CF1234A6F1A6EE860133CB00D5
:10E288000432C083C7F60232C1024EA68E712BA695
:10E2980011F02B860432408047F70132C1024BA6A9
:10E2A8008E712EA607F00231C1020133CF1332A6B8
:10E2B800F5A6EF860434C093C7F60234C1128FA6C0
:10E2C8008E712CA611F02C860434409047F7013447
:10E2D800C1128CA68E712FA607F00231C10201333C
:10E2E800CF1333A6F6A634866D7004304080CA2357
:10E2F8006910CBF60033810F80C0000014A60130EE
:10E30800410031A602F03186043040804AF70033DC
:10E31800810F804000006D710130410011A634A6C4
:10E32800358607A504324080CBF60033800F80C0C5
:10E3380000006D710132000055A612A602F0128687
:10E34800043200804AF70033800F804000006D716E
:10E358000132000052A615A6168648A5043400907E
:10E36800CBF60033800F80C000006D7101340010BF
:10E3780096A613A602F01386043400904AF70033D9
:10E38800800F804000006D710134001093A616A61E
:10E3980080D889A5001E02201D0C30203415891054
:10E3A8002B09F1102C705C16801014702968CA2192
:10E3B80021000AF05C168010DE15811004710F7AB6
:10E3C800110985005C1E421007F05C1E031005F061
:10E3D80000415C1E0210190B3010DD158010DE158F
:10E3E800821014700477CA2021000CF0DE15821008
:10E3F80004710F7B0D0AC5004040DD1D821004F03A
:10E40800DD1D02102F79350985000F09D110DF15A0
:10E4180083102909C5000F78950885000D09941007
:10E42800DF15811089084500357342214410CA243C
:10E438006500341D021145F0402140104221412061
:10E448000F78092044047B096102341D02112485D8
:10E4580010861415061018150710013048000231EF
:10E468000B0001308F0102360C000130C301023766
:10E47800020001300000EEA68BA66FA64CA6013163
:10E488000C0002310F000130830102360200013016
:10E49800C10102370000341E0012281EC01294A6C3
:10E4A800F1A675A652A636A613A60BF00D0A3020C3
:10E4B8008C71341D431005F08C72341D83102F208D
:10E4C800070119084502110990101109D1105C1EA5
:10E4D800031004F05C1E05100F09001000168020C0
:10E4E80087B8001E0220281D03100785001F002082
:10E4F8000885041F00200985081F00203415801096
:10E50800483000000C1F0020D6C7E078FAC2FC1C77
:10E51800C8B6A3C10A26C0210A2780210A20403193
:10E528000A21003178431040AE712E704024123118
:10E53800ED70CD70001C8030B670CA4500C0CA2589
:10E54800C1150A240026209D0A234026CA24C12674
:10E55800CA23012081C08C70AC70CC7082426243A7
:10E56800001A40241E0A2006081C4034219D1E66FD
:10E5780081C08C70AC70CC7082420A0A200662435B
:10E588001F67B670AE70DAF50418C0230018802330
:10E59800A3C004141B34DAC6F1C00CE85888C34081
:10E5A800A100D831360DE0030FD9B920FF0F03F0D1
:10E5B8000C70D1C0E07EE078E8C200160070F00070
:10E5C800440235081E00F60ECFF5660DEFF5104033
:10E5D8000847CD714A254010A1400241D60EEFF5FB
:10E5E800E14206E808801308B00431D8A571C0E5F7
:10E5F800C571B4F7C8C6001E8473F0004C00D60A73
:10E608006FFF2C71FAC2FC1CC8B682240237084777
:10E618009620460D1C1C80314EC0808007C05AC20F
:10E628005FC180A02C700EC0341CC03170424FC135
:10E638008180D814003056C150C1801C003007C0FA
:10E6480057C151C181A058C10EC052C159C1931CB4
:10E658004230428007C00A2540210A27002142A0F3
:10E668000EC0438007C024A043A00EC044800DC044
:10E6780040A00EC045800DC041A00EC046800DC010
:10E6880042A00EC047800DC024A043A080140030D3
:10E6980020A81FC0408001800032820F2041000066
:10E6A8000030830F204100001FC049C24AC3A28026
:10E6B80083800EC04CC42C1081000035801F20417F
:10E6C8000000E4B94BC00AF20027801F0000C40E06
:10E6D800841C00300188E4B80E0161000C7000272A
:10E6E800981F0000780E5BC0001080306F70CE70ED
:10E6F800634114705CC11E0622005DC13227821F6F
:10E708000000810E6F700C70CE7063418C22C38F35
:10E718005BC15CC1FE0521005DC13227801F00007E
:10E72800D80EF14080200E25001081204C7123B8AE
:10E73800E946067A6E70802616144040231C823003
:10E7480009E989E84C16809005E889C11A09200969
:10E7580002404C1E43904E4200120C20C3417A3DA9
:10E76800000008120B200032430000344210D3414D
:10E77800003F00000A204014003354100432C084C3
:10E788000A214014CA208C1F00BF00000433C08433
:10E798000A26400401320102CA218C1F00BF000072
:10E7A8000434C0A401334C02CA268C0F00BF0000F9
:10E7B80053C24831C102013482218C1C4430483490
:10E7C800C112E1408E1C44304832C102802011033E
:10E7D800901C44305524C2382C7155204D2E54C3FA
:10E7E8004E0EA003541C0035231480306E70147034
:10E7F80091F45E4213C014C10432C084081C003571
:10E8080040C041C143C2C5F63FD818B804F0C34060
:10E8180000BF0000013200004830C0020F788C2091
:10E82800C38F27F280C0E60B200584C105C204C04F
:10E8380006C15415031604308080CA2085000430B0
:10E848004080CA2045000430C080D7F75215011611
:10E8580004304080D7F75315011604304080240156
:10E868006E006C740D16C010231C03311DF06C75FE
:10E87800231C43312CF044168090451682906C710D
:10E8880006F044168090451682906C722968096AD1
:10E898002D790D7888213E02231CC2308C207E827F
:10E8A800441E429089F61B083200451E02906C7483
:10E8B800231C03310CF088D8451E029003F044163F
:10E8C800C1900D0912006C73231CC33024140B3043
:10E8D800281408302C140630528533851485918508
:10E8E800CB41CC3DCDCC0033471200304812003626
:10E8F8004B0241C242C143C084C180C2024040C4ED
:10E90800101CC031141C00329E0B2005181CC0328C
:10E9180010434B15001625E810168190A1E92785AC
:10E9280009084200E20E800725850B08420047854A
:10E938005961127819615A218001F8608020110408
:10E948004098FE104181FC104081483282004831D5
:10E9580081004830800046C245C144C007F013C159
:10E9680014C0181C003544C145C000108020E24185
:10E97800A24286E8A3150216A215011602274BA08B
:10E98800032583A00523FE9023F44A1500166C7016
:10E998000030800F744900240430C08004F6D3414D
:10E9A80000BF0000013040044830CB020021CC8277
:10E9B800412201803D24C2153D214005B271CA2083
:10E9C800810087E8A21D1813A31D581005F0A21D89
:10E9D800D815A31D58155185338514859285F141A5
:10E9E80040C242C143C080C084C1C3442B3277CCEB
:10E9F80061428021122F6A0D200441C402C103C064
:10EA080000C301C233A514A580C1224071A54A0CD8
:10EA1800600952A501C202C103C000C352A533A5B3
:10EA280014A54024C1380024823F00008B00024016
:10EA3800360AE00471A5BE0B200602402416811098
:10EA48003470280221001042771500160430808F98
:10EA5800993D9A9914020B00D10A11202314803091
:10EA6800C908D100A5100027E108310093C09E090C
:10EA7800200584C14D15081610140B3005C406C3B3
:10EA88004C70043300922C70CA226900043400923E
:10EA98000C70CA21690004330082CA2069007B1CFB
:10EAA80002300024803F00007900791C82303A0E41
:10EAB800E0067A1C423095081000B5165117139ECF
:10EAC80089092320E140E1418020130880210E06B6
:10EAD8008A0F2FEA18DAF144E14080240E2C8020B6
:10EAE800130E90DA760F2FEA8241771500164A2422
:10EAF80000792C700030830F663F66660A20800F0D
:10EB0800A100342F461D5810451D5810441D58109B
:10EB1800A82080020110C20448328200003382001B
:10EB2800041C902033B641F0B5160117B41602172D
:10EB38000C70461D1810451D1810441D1810016949
:10EB4800A5189C2013B692F0A115011613C0A510A4
:10EB5800022707344C20B51611174415031645151E
:10EB68000B16461506160730490014C044774E7A2E
:10EB780048220200073048001396402141202E7990
:10EB880004710E7809204100A5189C2001348011D9
:10EB98000133430233B6441DD810461D1810013303
:10EBA8000212451D98102F2048043079BD09210014
:10EBB800E140802016025608200584C14E15031630
:10EBC80004C005C106C20430C0806F200B000431A8
:10EBD800C080791C02306F200B000432C0807A1C80
:10EBE80002306F200B007B1C02300024803F0000A5
:10EBF80079003A0CC00836E8EB170816E91704162E
:10EC0800D0150B90C8150790EA170616CC15099071
:10EC18005F859D857E8502330B120237080102311C
:10EC28008911EB1F981055C201338B100130021364
:10EC3800E140E141EA1FD81054C30131C3108020DC
:10EC48000E0C8021130EC81D809090DAE91F18134E
:10EC580053C4D01DC092060E2FEACC1DC09006F0FA
:10EC6800B4160017A5181C208B14803079200000DA
:10EC78000523012011091F000010802014700A00CC
:10EC880021000C7080D85DC02416801006E8B516E7
:10EC98004117139E13090300E9170216EA17011614
:10ECA800EB17001604F05D853E851F850010832054
:10ECB80023148C3044C245C146C004EB001803201D
:10ECC80000308B0F20410000C340CC3DCDCC00313B
:10ECD800890F20410000003301100027831F000026
:10ECE800DA0E0032880F204100005BC1FE138180DC
:10ECF8000031021000301B10A71380804834161012
:10ED08005CC25021C200001B8204231C4230FE1B3F
:10ED180082800027901F0000790E0010822004775F
:10ED2800830A3000001802300027801F0000D00D31
:10ED38002088981C0030096A2843170971000018B8
:10ED480002200027801F0000C80D218020A09314F6
:10ED5800803008E812C10027821F0000CC0D20A2D5
:10ED6800CB440000AC0D446C402218014020153102
:10ED7800402514214024132140230121F9612D89C4
:10ED88007F09300058411DC07FDD1CC21BC117BD63
:10ED9800231C02306343CA460A228025B140B14190
:10EDA8003CF000278E1F0000820E208E4C708C21B4
:10EDB800C38FBCF300278D1F0000D80E008D2042A2
:10EDC80069083E81231C02301FC08FC35424043BB2
:10EDD8000024853F0000930020804180028044C1C8
:10EDE80045C246C00027801F00004C0A84C1520952
:10EDF800E00980C2008D408EA4B800AD96F164147D
:10EE0800123012C66014113011C15C14103010C2D7
:10EE180016C50FC3231C0230002717130021D9334E
:10EE28000020D8330025D5230024D4230023D3235E
:10EE380043C642C141C240C336E88D0B30106D71E4
:10EE48000027811F0000C80D40810181EC1101805D
:10EE580004308080941C40306F210B008B1C4230A2
:10EE6800860EE0082C7083081100941400300436D4
:10EE7800009076000A008B148030B7E80EC0E64296
:10EE8800274100100E306080041312200013112057
:10EE98000014102000150D206D7040C341C242C1FE
:10EEA80043C63CF00EC004131220001311200014B6
:10EEB800102000150D2000100E302741E64260801A
:10EEC8006D702CF00EC0001F80200019403060A02B
:10EED80000188033001D4023001C0024001B402420
:10EEE800041B80241AF09814003000C301C202C128
:10EEF80003C600180300001D40230EC0001C002498
:10EF0800001B4024041B80246D7160A0001F80201A
:10EF180000194030001880333227801F0000A50DEB
:10EF2800310890005B0851009314803028E80FC323
:10EF380010C211C112C664141230601411305C146E
:10EF4800103016C56D7140C341C242C143C619F0A5
:10EF58001DC016E81BC07FDD1BC142C01CC01CC2FF
:10EF680017BD6D71CA4663430A228025B140B1417D
:10EF78000C1C803541C0001CC03603F06D7007C002
:10EF880060A00DC0A0A007C041A00DC004180004D7
:10EF980007C022A00DC00818400407C0C3A00DC0B8
:10EFA8000C1880048414003000881108DF00002742
:10EFB800801F00000C0C06F00027801F0000DA0EEE
:10EFC80020888014003020A88414003000900F0896
:10EFD8007E024833021007C144A10F08BE0248331D
:10EFE80001100DC024A007C03227811F0000B508FA
:10EFF8001109B400838080140030008802E88D7005
:10F0080032278D1F0000D40DE4140130E0140230C3
:10F01800350D7F11DC14033009C000A31AC08080AD
:10F028000AC080A201A31AC081800BC081A202A3DA
:10F038001AC0028002A21FC0038003A31AC0038063
:10F0480003A298F03227801F0000C50E71085F01E7
:10F0580007C083A309C6231C423300800030800FF9
:10F06800204100000236001000A307C0C0801AC06B
:10F078000080023080030AC600A207C00180003069
:10F08800800F204100000236001001A307C0C18094
:10F098001AC00180023080030BC601A207C002809B
:10F0A8000030800F204100000236001002A307C084
:10F0B80062801AC002800230C0005AF007C083A3E1
:10F0C80024140B300DDDE0800DC01ABDA940C080AE
:10F0D8000037801F2041000004364093023300109F
:10F0E800CA2089130730000228140B3000A307C078
:10F0F800C0801AC000800230800307300002A94097
:10F1080000A207C0E1800DC0C1800037801F2041E8
:10F1180000000436409302330010CA2089130730D8
:10F1280000022C140B3001A307C0C1801AC0018053
:10F13800023080030730000201A207C0E2800DC040
:10F14800C2800037801F20410000043640930233FC
:10F158000010CA2589130730400302A307C0628044
:10F168001AC002800230C0000730400383A202A206
:10F1780007C0038000A18024023704141B34DAC6B8
:10F18800451680900C16C1106C730477231CC2308E
:10F198000D07AFFF0D78E078E4C23F800845B9104D
:10F1A80080004181C281C6B8B91D021005EAB912B2
:10F1B800C000250812006A0BA000A14007EE0F0846
:10F1C8009100B916C010110812002C744C70BE09B9
:10F1D800E001A1400C70C4C6E4C20845B910C000E3
:10F1E800330812001F852180C28006E9B911C000CA
:10F1F800230812002A0BA000A14008EE0D08910078
:10F20800B916C0100F0812002C744C717E09E00169
:10F21800A140B91581100C7087B9B91D4210C4C638
:10F228001F805620C00BE07F0088E078F81CC8B724
:10F238001CE01F09B000061C05301F09700040249F
:10F2480082314C7095E94024823171D906F040240E
:10F25800823173D902F072D9020D60076C720714FB
:10F26800C0300F7A1470C5228B0F000000FF0814FD
:10F278001F34E07F4040E0781F80E07F6010000688
:10F288001F80E07F5C1000061F80E07F5B10000697
:10F29800EAC3A5C1DF83704150402847A908F2019D
:10F2A800AD70B708F00188E0B1F28DE0AD70E0F420
:10F2B80080C02C70EA0DEFF711DA0010002123DD71
:10F2C8001472AC0125004021002780C27CD96C72E1
:10F2D8008A0C60071041011480303816061040244B
:10F2E8008234131C0230A0B8121C02307CD96C7115
:10F2F8008C70AC702240460B2009AD7040248234DB
:10F308007ED96C7122400E0B2009121C4330C20BAF
:10F31800EFF40C71402482342FD96C712240F60A24
:10F328002009121C033080C23AD96C732E0C600776
:10F338002240011481300214803020AF01AF001840
:10F34800852059F0D3087000147592F4802686122F
:10F35800008EC1B85DF000100021021C4233001C71
:10F36800443314760801250023DD4021002780C29C
:10F378007CD96C72E60B6007104101148030381696
:10F38800061040248234131C0230A0B8121C02302C
:10F398007CD96C718C70AC702240A20A2009AD70C7
:10F3A800402482342FD96C7122406A0A2009121C29
:10F3B800433080C234D96C73A20B60072240011419
:10F3C8008030021481304128830153204C00C0B999
:10F3D80041284B014128C20022B825AF44234110DF
:10F3E800C1BAC0B864AF80AF23AF42AF01AF001855
:10F3F8008521381606104024C2347CD96C718C7073
:10F40800AC703A0A2009224032F0EA16801000AFA8
:10F41800001845202CF0001000215508B40123DD08
:10F428002C704C767A0CEFF7E1402C70020EEFFF4F
:10F43800224041280102C21E1C1000AF21AF2C71CE
:10F44800EE0DEFFF224041280102C31E1C1002AF3F
:10F4580023AF2C72DA0DEFFF224041280102C41EAF
:10F468001C1004AFAD7025AF00188521A140CAC794
:10F47800F8C3A3C17C101300E60AAFF51042304070
:10F48800C813C1201044C7138820CC13C020CA1346
:10F49800CC20CB138920C913832008B9C34212009A
:10F4A8002C8408B80521010208BC05204002483117
:10F4B8008B002582857B4830880002824833830090
:10F4C8000031C60020820030C00284820130C700AB
:10F4D8000031C00023820130C9020034C0126182A9
:10F4E80001308C0100310002CB47A10088080137A8
:10F4F800020000330002C68701310010A7870134DB
:10F5080001125C13112640C0022480A342C10320CB
:10F5180041A3020CEFE941C20730800F7A4700008F
:10F5280007360270803F00000031802F8C3FCDCC21
:10F5380004320080B60026003D2601153D25001442
:10F548000C2040A3CA204100A30811000031802FDD
:10F55800663F66660432008092002C006A4580256A
:10F56800451600159110CE734A2500204024183006
:10F57800152340251520413555208E0F40810086E2
:10F5880001321700E240520BEFFD0019C005483068
:10F59800C0020820800FFFFF00800920800F0000B4
:10F5A800FF7F483081000237412019A60D0931201C
:10F5B80020A62E71001D4310C677B90E31A0A67182
:10F5C800288F0FE90C8F150901005F1301264240AF
:10F5D80060795A1B59200C7004710CAF07F05F1347
:10F5E8000126424060795A1B59204641181F0015D0
:10F5F8001C1F00140D091000088986E82081FEE907
:10F60800081A0320D8C7E078E4C2C342F0003E00DD
:10F61800208A08455321000186B800AADF852C708E
:10F6280014DAC1407A0AEFF78020C20F0C707FD934
:10F6380023DA17B9601E1810AC1E1C10301E0210F9
:10F64800551E1810A140A0A64DA61E08A0012EA662
:10F65800C4C6E078FAC2FC1CC8B6A7C10847AD709A
:10F668005AD87C17121042C5AB20080EFE0F600056
:10F67800E1407FDB40D9A7DA17BBEE0FE001E1409C
:10F68800FFD9E140A60E60004027151780C27DD93A
:10F698006C72CA086007A240011480303812062034
:10F6A8004024423082B8011C02307DD96C718C70C4
:10F6B800AC708A0FE008A2404A26C012C5772F26F0
:10F6C80087F311F2C340B0410000CE0F8FF480C21F
:10F6D8002C736C7286086007A2400114C030E108E0
:10F6E8001380CD700E706E708A24812680C20CD96A
:10F6F80007DBA24066086007AB24082E01149B3084
:10F70800021497300314993004149130051496307C
:10F7180006149830BA0FAFF416D84028183240298A
:10F728001122402F012266710520833505214026CC
:10F738000521C2062F21C7046E7B0E784E7A7D659F
:10F748001E66AD09348200209020442D111280C21B
:10F7580041D96C72A240442E0E12141C4034442825
:10F76800102244C6F60F20070C1C0034468F0114E3
:10F7780081300C7100289E0013693474012E0070CA
:10F7880008100204CA2026000F7DBB78052E1E3003
:10F7980083C082C2AB24082E5E0B60032F2188072A
:10F7A80010441470A8F4468F0B14CC300A1480301F
:10F7B800091483301A258D1F1E00808422C11E2043
:10F7C8000B03597D1E23020389791E2383171E22EA
:10F7D8008207D34300003D0F0F0DE4141E2181075B
:10F7E800452DC01905F0052E4073050070F3022160
:10F7F800D120427ED20B6FFD02204F2013087000EB
:10F808004A2000100D781C78FD087180057172750A
:10F81800CE2026102F234614CE7AEE7B2F21050208
:10F828002F24C912517834707179D5F642204610C8
:10F838002D71107D00298011907C307E10789960A0
:10F848001D651E6601290C02012D0012012E0112F0
:10F858000DF04DF6907C4E20081010783079002C71
:10F868000C120028000200290102130B32002E7D21
:10F878008C25029089F67FD907F08C25429085F671
:10F88800C341000080FF130A32000E7D8C250290D0
:10F8980089F67FD807F08C25429085F6C340000092
:10F8A80080FF130B32108E7D8C25029089F67FDC49
:10F8B80007F08C25429085F6CB44000080FFC41ADF
:10F8C8001C23C31A1C20110B3300C21A5C20337985
:10F8D800C21A5C200B0A13001378C31A1C20757017
:10F8E800CE242A10137A3378C31A9C20C21A1C20FB
:10F8F800C41A1C238240A7C004141B34DAC6E0785B
:10F90800E4C3A1C17F814A24C070CB44A100B80DD3
:10F9180028452C700A220003A820C00108128E0472
:10F928000B0E051024712C7310DE367C2184018C9B
:10F93800381306005623C20BC0AA5B1B5800031CD1
:10F9480002303C4D4024C23041D96C718C70EE0CB1
:10F95800E008AC700C707A0AE007A141C140C4C746
:10F96800E2C3A1C1BF801CE02909B000031C82309A
:10F97800370970004024C2308BE94024C23071D965
:10F98800920CE0086C7103148030AD1D0210C2C7E0
:10F998004024C23073D97E0CE0086C7103148030A7
:10F9A800AF1D0210C2C772D96A0CE0086C7103144B
:10F9B8008030AE1D0210C2C7F8C3A4C1FF8128461B
:10F9C8004F08730408457B0DB5100417111008176C
:10F9D8001010C140560B6000A14125091020B91133
:10F9E800C0201D0812000F081020B910C0201108EF
:10F9F80012002C744C709609A001C140B9168010F1
:10FA0800C6B8B91E0210E5032000601F581391E51F
:10FA1800260221003C4E8C2502900CF28C25C39FB7
:10FA280010F48A20860208671472B4032200FFD9F2
:10FA380080D9FA0A6000C140AD03200080D890E563
:10FA4800A80322000C70834105B1061C023002B1E4
:10FA580040C03C4E402482327DD96C72FE0C200797
:10FA680010420B1480304024C2327DD982B80B1C5E
:10FA780002306C7142409E0BE0084024D8327FDD92
:10FA880017BD160CAFF4A14041D94C73C140DA0B35
:10FA9800E001A1436DD908DAC140CE0BE001A143D2
:10FAA80040D9ACDAC140C20BE001A143C340404099
:10FAB8000000E60B8FF4402482326DD96C729E0CE4
:10FAC800200742400B1480304024C2326DD982B8DE
:10FAD8000B1C02306C713E0BE0084240402482321D
:10FAE8006DD96C72760C200742400B14803040248C
:10FAF800C2326DD980B80B1C02306C71160BE0084D
:10FB08004240CB45704200008E0BAFF4A14080C24A
:10FB18000CD907DB460C2007424003149730041425
:10FB2800943001149630021493300514953006145D
:10FB38009030402482326DD96C72220C20074240EA
:10FB48000B1480304024C2326DD9A2B80B1C02308D
:10FB58006C71C20AE0084240402482326DD96C724E
:10FB6800FA0B200742400B1480304024C2326DD972
:10FB780080B80B1C02306C719A0AE00842401A0BDC
:10FB8800AFF4A14080C20CD907DBD20B200742405A
:10FB980002148C3001148730041486304028012266
:10FBA80003148930402B00220521420508BC402C53
:10FBB8000B22052081052F2486000524C211052368
:10FBC800C0152E79402E0B024E7A061483304279E6
:10FBD8000523421205148D300E784E7A427808BB00
:10FBE8009A210F0A9A200F0AA57BCB400000000833
:10FBF8006E7B04290102042802020224C0009A2014
:10FC08000F0A2F274620042800024E7B2F22C90501
:10FC18007179507A307970463C22900F0000803E0E
:10FC2800E909850F0000983A792001204F205020DB
:10FC3800402155006CF0601711164024823340D9DA
:10FC48006C720D1C03300E1C0530120B200710427D
:10FC58000F148D303786C140C3BD60790D1C423307
:10FC6800130830021040568608D8607AC1410D1436
:10FC78008D30E609EFFFC140C217021710432C7000
:10FC8800E20CEFFFC140C31702172C71D60CEFFF2F
:10FC9800C140C41702172C72CA0CEFFFC1400A0AF0
:10FCA8006000C140C1408608600022410F148030C6
:10FCB80038170610C3BD6C20C000A5780D1C023093
:10FCC8004024423340D96C718C70AC706E09E008E6
:10FCD80042400F08302202405686607AC141F2093C
:10FCE800AFF40AD8C4174417C3174317C2174217EB
:10FCF800C140360B200762418C21C3AF11DD7CF275
:10FD08002240C1412DFF78F00A2500242F23062028
:10FD18002F20C904D34400000F27107D927540247A
:10FD280082326DD96C724240320A2007C0256E209B
:10FD38000B1480304024C2326DD9A0B800180230AC
:10FD48006C71D208E0084240B6D80018023040244E
:10FD5800C2327ED96C718C70AC70C346803F000093
:10FD6800DA08E00842402F2047052508B50060D989
:10FD78009275CF20AE2019083F2061D911087F2045
:10FD880062D9512080A064D9CA21A100C140E242B1
:10FD9800C243C60A20070A24C0042D8623D80DA70B
:10FDA8006079C1405686A4160011607AC1412509C0
:10FDB8003020224034110120407958110220A4112A
:10FDC8000021607A2241381102200C71607A2241A8
:10FDD8000C70E60DA007C14110DD0EF04E0F20009B
:10FDE800C140FFD8601F18100C70CE0DA007C1418C
:10FDF80060170D16A140D8C7FAC2FC1CC8B6A1C12D
:10FE08007C111500304408473C4980C27DD96C728A
:10FE18000E70001C05304609200718407C14162077
:10FE2800011499307A0A60018240CB45A100880804
:10FE3800D347A100D80D2CE82E70EA460016121000
:10FE48007A0E2FF504169310E60C2FF5184300428E
:10FE58006240620E2FF563410EE82F8040798C20B6
:10FE6800C38FCC20828F0000800006F4043080A469
:10FE7800CA2085242671C909F4A108E60430C0A364
:10FE8800CA20C523E085101D001403F0E0A555160F
:10FE980000260C1D0310081D03108C20028015F489
:10FEA8001E0A6001824086E8F609600182400DE87A
:10FEB800048520850431008047F707304100084752
:10FEC8004831400208AD0A08AFF40C72D20960014B
:10FED800824019E8551500268C20C38F13F40114AD
:10FEE8008030402442307DD982B8011C02306C71C8
:10FEF800220FA0080340DA0F6FF432D85C150026F1
:10FF080080F0011480303815062040244230A2B811
:10FF1800011C02307DD96C718C70AC7003401E0FCF
:10FF2800A008AD704A24C0714027002EA820000206
:10FF38000810010404374090C3F7A57107DDAA46ED
:10FF480080268612A1408420810F1F08B101208ECF
:10FF58002309B100FFD88241620AEFFF001E031097
:10FF6800001E831007F00F09B100FFD84E0AEFFFFB
:10FF7800824155150026AF7E8C20028006F4492662
:10FF88004E11ED7010DD07F08C20C38F35F480DF43
:10FF980020DDA2402C7080208D0520A8FE1844800A
:10FFA800FC18448080C240D96C72B20FE00603404E
:10FFB800162780233C108000E57D4024C230C3B85A
:10FFC800A578031C023040D96C718C70AC70C346A4
:10FFD80020410000660EA00803404F2199304024BC
:10FFE80042307DD96C7103402A0EA008011C4236AC
:08FFF800DE0E6FF40C721627F7
:020000040802F0
:1000000080230E805C1D1820877404141B34DAC60C
:10001000E4C2F20DEFFF284508460C70D20BA00792
:10002000A141C140C4C6E078EAC3A6C168455041B9
:100030009908F2012847AF08F0012C7088E0B3F26C
:100040008DE0CD70E7F47C15101080C02C705A083C
:10005000AFF711DA3672BE01250023DE1CE580C23F
:100060007CD96C72FE0EE006A1400114803038107D
:10007000062085C2171C0230A0B865C07CD96C71FF
:100080008C70AC70A140BE0DA008CD7085C22FD978
:100090006C71A140860DA008141CC3312F234704A6
:1000A0003ED9A140760DA008E1422E0E6FF40C71EE
:1000B000381006204024C2357CD96C718C70AC702D
:1000C000820DA008A140A7F0E508700023DED30848
:1000D0007101CD703F85008F80218602C1B800A9D3
:1000E00099F07C151010367623DE834020B026016F
:1000F00025002AB03C4D85C27CD96C72660EE006A4
:100100001041151480303810062080C2171C0230B0
:10011000A0B860C07CD96C718C70AC70260DA00842
:10012000224080C22FD96C712240F20CA008001C22
:100130004330058F418F208F628F838F44204B0087
:10014000126AA48FC1B9536B44200001756C44221C
:100150000206257844230308057A966D0522C0001F
:10016000057C80C234D96C722240011CC232AE0CB4
:10017000A00860C485C221D96C72EA0DE006224055
:10018000151480308F087F014024C23538100620B6
:100190007CD96C718C70AC70AA0CA0082240CD7018
:1001A00039F0F20BA001A140084635F0670994210F
:1001B000DF85601610168C20C3AF06F2FFD8060844
:1001C000EFFFA141418F008F08BA057A5522000840
:1001D00010788C2004805AF7C21E9C10038F228F47
:1001E00008B825785520010830798C2104804EF715
:1001F000C31E1C10058F248F08B8257855200108D0
:1002000030798C21048089F70240BA0FAFFFA141F9
:1002100024DEC140CAC7C41E1C102C704E0FAFFF95
:10022000A140C31602172C71420FAFFFA140C416A4
:1002300002172C72360FAFFFA140760C2000A140B0
:100240008C20C3AFADF302407A0FAFFFA141A9F1FB
:10025000E4C3A1C140200E0708454024823057D98D
:100260006C72020DE006C140031480304024C2309D
:1002700057D98420C20F031C02306C718C70AC7093
:10028000C346803F0000BE0BA008C140B9158110D5
:100290000C70C6B9B91D4210C4C7E078E4C3A1C14F
:1002A00040200E0708454024823057D96C72B60CA6
:1002B000E006C140031480304024C23057D986B8CC
:1002C000031C02306C718C70AC70C346803F000020
:1002D000720BA008C140B91581100C7087B9B91D07
:1002E0004210C4C7E07FA6100001E0781F80E07FC5
:1002F00085100006E6C2BF8128466E0C2FF5084720
:10030000881D1810C140607F891D5810C6C6E0784E
:10031000E07F9C100000E078E8C3A2C15040F108E3
:1003200071002845DF8340230F0780C27CD96C729F
:10033000E140320CE006061C033001148030381610
:1003400006104024423050200100011C4230071C9E
:1003500002307CD96C718C70AC70EA0AA008E14064
:10036000402482312FD96C71E140B20AA008061CEA
:1003700043300E86620B6FF44830C00280C23CD915
:100380006C75E20BE006E1400214823021C40114D6
:1003900081300314833038160610C2BC53220E017C
:1003A00008BE402C0012C5796578CB46A100B00884
:1003B00020B601B6412A8101412A4001412AC301E8
:1003C000C0B9C0B864B623B602B64024C2317CD9E5
:1003D0006C718C70AC706E0AA008E140008E00ADAC
:1003E000068E248E618E5668888E1569C4BB4420A3
:1003F0000008842201006578376C4578257801ADC6
:10040000028E02AD038E03AD001805210C70C8C723
:10041000E4C2DF800845120CA00707A60C70120882
:100420002000A1410C70851E1910C4C6E6C3A1C1ED
:10043000BF812846851501168F0920000847390F0E
:10044000B4102C708C270290CC27829F0000FF00F4
:1004500024F480D9DE082000C140C3404842000097
:10046000B20BEFFFC1412C715A0AE002C140851D59
:10047000D81314F04E0AE002C1402C70B6082000D8
:10048000C140B9168010C141C6B8B91E02100C7027
:10049000820BEFFF851DD8130C70260F6007C1413A
:1004A00080C0C341A100E82EBA0D6FE94C74BA0AAE
:1004B0000FF50042204340244130F8D88A0BE00673
:1004C0008C7185150F16E140C6C7E078E2C20C704A
:1004D0001E0F600728459C150010C2C6E6C24508DD
:1004E000710023D83F0A14010189C389E289A089D8
:1004F000C4B808BE08B8C342A100B008E57EA5781C
:10050000C1B200B2018925B8C0B802B2018926B8CB
:10051000C0B803B2018927B804B20E0BA00760402F
:100520000C70C6C63F808021070BE07F0089E07811
:10053000EAC3A1C1BF800E70284708466A0B20019C
:10054000021C04340DE8601500168C20C38FCC20EB
:10055000828F0000800013F4551D1810CAC7290FA0
:10056000B510C140620B00010EE8C340A10088082D
:100570000E7180DF0018010006F04E0B2001C14013
:1005800002E880DF55150016B308E0038C27C39FEF
:1005900040261117402482300FF28C27029023F45A
:1005A0007CD96C72BE09E0062240031480303815F5
:1005B000061080B80BF07CD96C72AA09E0062240C4
:1005C0000314803038150610A0B8031C02304024F4
:1005D000C2307CD96C718C70AC706A08A008224063
:1005E0003BF07DD96C727E09E00622400314803016
:1005F000381506104024C230A2B8031C02307DD941
:100600006C718C70AC703E08A0082240402482308F
:100610007CD96C724E09E0062240031480303815F4
:1006200006104024C23080B8031C02307CD96C71A3
:100630008C70AC700E08A00822408C270290CC274A
:10064000829F0000FF0009F2C340A100880804183F
:100650000300001801001670551DD81380F3C34025
:10066000A100880800809E0FAFFFC141CAC7E07893
:10067000E2C3A1C140200D074024823070D96C72C2
:10068000A140E208E006021C05300314803040243B
:10069000C23070D9A3B8031C02306C717E0F6008A1
:1006A000A14036086FF40C71C2C7E078E2C3A1C163
:1006B00040200D074024823070D96C72A140A608FA
:1006C000E006021C0530031480304024C23070D98B
:1006D00083B8031C02306C71420F6008A140FA0F0E
:1006E0002FF40C71C2C7E078F81CC8B71CE0402496
:1006F000C23170D96C71260F6008071C4330DA0FC5
:100700002FF40C7108141F34E07EE078C340A10080
:10071000AC08E07F0080E078E07F9C100000E0788B
:10072000C341A100AC08E07F00A1E078E2C20C70F8
:10073000BE0C600728459C150010C2C6E8C23040B8
:1007400002E8C8C67C100E2055268F1D008F210898
:10075000BE0055208D2843860AEAB912C10011094E
:1007600013002185420C60070085008F2D085E0074
:1007700045860AEAB912C0000D08130021852A0C2B
:100780006007008544860AEAB912C0000D0813000C
:100790002185160C60070085008F13085E012185F6
:1007A0000085060C60074986008F1308DE0021854E
:1007B0000085F60B60074A86008F11089E0121858F
:1007C0000085E60B600747864017011660790240F6
:1007D000C8C6E0785F8120453C4980220D044AD993
:1007E000C344130008349507A0066C72E8C3A1C186
:1007F000BF802FD94C700847760E60016E85402768
:100800001017C8DE4024823069D96C72560FA006DA
:100810000240031480301F08BE005AD8AB20080ED7
:10082000C340204100007A0E0FF4C5772F2687F3CE
:10083000EAF56E852FD94C70360E6001E1404024F8
:10084000823038D96C721E0FA006024003148E301D
:10085000A1428022460D78D96C740A0FA00602408E
:10086000C340A04000003A0E0FF4402482307DD9EE
:100870006C72F20EA0060240031482306E857DD9A0
:10088000A2BAE140EA0D6001031C823040248230AC
:100890007CD96C72CE0EA0060240031482306E85A5
:1008A0007CD980BAE140CA0D6001031C82300C7013
:1008B000EE0D2FF49EB823BE53268E9018F24024DE
:1008C000823077D96C729E0EA006024003148030ED
:1008D000381506104024C230C6B8031C023077D940
:1008E0006C718C70AC705E0D60080240C140C8C76E
:1008F000E8C3A1C1BF802FD94C710846720D6001B9
:100900006E853C4E402482303BD96C72560EA00658
:100910001040031480303708FE0014DF5AD8AB2093
:10092000080E402482303BD96C723A0EA006024079
:10093000031480301708DE00C340C8420000620D77
:100940000FF4E5772F26C7F3EAF56E852FD94C70A3
:100950001E0D6001C1404024823038D96C72060EF1
:10096000A006024003148F30402482307DD96C727F
:10097000F20DA0060240031482306E857DD981BA43
:10098000C140EE0C6001031C8230402482307CD9CF
:100990006C72D20DA0060240031482306E857CD9A1
:1009A00080BAC140CA0C6001031C82300C70F20C8A
:1009B0002FF49EB84B27009E60D8CA202100C8C7DC
:1009C000F1C05F80B910810060824282C6B9B91857
:1009D000420006EBB913C1001709120005EAB9126B
:1009E000C1000F0912002C74AA0920014C70D1C05B
:1009F000E07F0C70EAC3A1C1DF8008451CE0402401
:100A000082307CD96C725E0DA006104003148230D7
:100A10006E867CD9A0BAA140560C6001031C8230BE
:100A20000C707E0C2FF49EB84024823077D96C7203
:100A3000320DA0060240031482306E8677D987BA41
:100A4000A1402E0C6001031C8230402482307DD9ED
:100A50006C72120DA0060240031482306E867DD99E
:100A600082BAA1400A0C6001031C8230C340C84214
:100A700000002E0C0FF44024823069D96C72E60C11
:100A8000A0060240031482306E8669D982BAA14062
:100A9000DE0B6001031C82306E862FD94C71D20BA5
:100AA0006001A1406E8633D94C71C60B6001A14034
:100AB0006E867ED94C72A1402E72B60B6001031C6B
:100AC0008330C8DF4024823069D96C72960CA0064E
:100AD0000240031480302508BE00402482305AD8DA
:100AE000AB20080EC34040400000B60B0FF4E57782
:100AF0002F26C7F3E8F512F07DD96C72660CA006BC
:100B00000240031482306E867DD9A2BAA140620BE6
:100B10006001031C82302E702240CAC7E8C3A1C105
:100B2000BF8128472188A9468026861D20AE2288BD
:100B3000402482306C7221AE03885625C11D00A965
:100B40003C4F7CD91E0CA0061040031480302108B5
:100B50003E00502002006E857CD9E140120B6001FE
:100B6000031C82307FD83A0B2FF417B838150610C3
:100B700078D96C738C70AC70C142CA0A60080240AC
:100B80007FD81E0B2FF417B84024823077D96C72AF
:100B9000D20BA00602400314803038150610402402
:100BA000C23087B8031C023077D96C718C70AC707E
:100BB000920A600802400C70C8C7E078EAC3A1C17D
:100BC00048470846ED09B4014A20C028BF873C4F7A
:100BD000402482307CD96C728A0BA0061041031429
:100BE00082306E857CD9A0BAE140860A6001031C80
:100BF00082304024823077D96C726A0BA006224082
:100C000003148030381506104024C23087B8031C06
:100C1000023077D96C718C70AC702240260A600863
:100C20000E70018E208E08B80579E01D5C10038ED1
:100C3000428E08B84578E11D1C10058E448E08B818
:100C40004578E21D1C102E7A2C706E0E6000E1407B
:100C5000E11542172C71620E6000E140E215421767
:100C60002C72560E6000E1406E852FD94C71020A3D
:100C70006001E140458E6E853BD983BAF20960017F
:100C8000E140402482307DD96C72DA0AA00622400D
:100C9000031482306E857DD9A1BAE140D20960018A
:100CA000031C82306E857ED94C73C6096001E14019
:100CB0000240CAC7E2C2B910C300310B3200084576
:100CC0001F854080228006EAB912C0001D0812006C
:100CD00005E9B911C000150812002C744C71B60E4C
:100CE000E000A140B915831087BB0C70B91DC2107C
:100CF000C2C6E078FAC2FC1CC8B6ACC1FF80104185
:100D000063170016CE1718174AC0C60CE00722401A
:100D10001470F60222008A23413940210027402422
:100D2000823042D96C723E0AA0061047031480300C
:100D3000402482307CD949C06C722A0AA006E24065
:100D4000031482306E877CD9A0BA22402209600148
:100D5000031C82300C704A092FF49EB82C70E60FE9
:100D600060002240E1408020060D9F1081800088B5
:100D700003E98AE804F004E82C7103F02C700A0FF0
:100D8000EFFD22402C70720BA000224040248230E4
:100D90007DD96C72CE09A006E2400314803038176A
:100DA00006104024C23081B8031C02307DD96C711A
:100DB0008C70AC708E086008E2400BDDA5775AD8C5
:100DC0002F2647F3AB20080E11F2C340B0410000BC
:100DD000CE080FF4402482302C736C728609A00672
:100DE000E24003148030D9089E81C340A042000035
:100DF000AE080FF47C111020CD7042D9A7DA38105C
:100E00000320224043C642C66608600141C68A21CB
:100E1000063D5620802ACE70AE704E702C1C0030DD
:100E20005AD8AB20080EC340A041000072080FF44E
:100E300084C212D907DB2E09A006E24016148030C6
:100E400025C11214823015148C3013148330111400
:100E50008D3032204B2608B808B908BA0520140393
:100E60000521D3004B0B3010457D0BC222D96C738A
:100E7000F208A006E2402F2006052F21C604AE7A14
:100E800048308000483181004832820048C047C164
:100E900046C286C181C2020D2001224003C202C1A6
:100EA00001C04832D4024831D3024830CD02AE7876
:100EB000C5712F21C6042F22060500221220CF78EB
:100EC000002555205D0834820026962032204026D9
:100ED0001470C42E2122C42D2122C42A21221EF2E4
:100EE0001FDD4832922019BD920A2FFD00324023A7
:100EF000483595200846860A2FFD003540234836A0
:100F000096201040760A2FFD003640234830D60246
:100F10004830D5224836D2124241A240C2428021F6
:100F2000080080200800802208002578057A507883
:100F30008C20CF8FD2002D004E2610204E250E2063
:100F40004E220D2081C02241081C04348342C3B2CA
:100F5000D60D2001A2B22C712240DF1F1C14DE1F0F
:100F60009C13E20D6000DD1F5C13402482307CD9AD
:100F70006C72F20F6006E240031482306E877CD9F7
:100F800080BA2240EA0E2001031C82300C70120F3E
:100F9000EFF39EB80AC08B20838F19F4402482306F
:100FA0007DD96C72BE0F6006E240031480303817A2
:100FB00006104024C230A1B8031C02307DD96C71E8
:100FC0008C70AC707E0E2008E2408C2041BF0EF287
:100FD0008C2083BE0CF28C2007BD0CF28C200FBA43
:100FE0002C7009F42C7107F02C7405F02C7303F0AD
:100FF0002C720609A00022406E8709C242D9720EE7
:10100000200122406F736340ACC004141B34DAC665
:101010001F80E07FCE100007E4C3A1C108451F80F8
:1010200028462FD94C716E80460E2001A1402F0E0C
:10103000B0101CE5410E7010402482300C70AFEEF1
:101040004024823036D96C721A0F6006A140031416
:101050008E304024823037D918F0402482303AD97B
:101060006C72020F6006A14003148E30402482305F
:101070003BD90CF038D96C72EA0E6006A14003141B
:101080008E304024823039D96C72DA0E6006A1406D
:1010900003148030C2B808B8C578C4C7E4C3A1C17E
:1010A0003D09B00040200D075D09700040248230EA
:1010B000810931000C704024823074D96C72A60E04
:1010C0006006A14003148E304024823077D96C72C0
:1010D000920E6006A1400314803027F04024823035
:1010E00076D96C727E0E6006A14003148E304024C7
:1010F000823077D96C726E0E6006A1400314803086
:1011000024B813F075D96C725A0E6006A14003140E
:101110008E304024823077D96C724A0E6006A1402E
:101120000314803022B8C1B808B8BA0AAFFCC57839
:10113000C4C7E0781F80E07F63100006EEC3304133
:10114000B911C10009093200A6C1CEC77C11102017
:101150008A210705CB4512002C8432204120A309A7
:1011600030006418182088110020721002267310B5
:101170000326721818208C11012002208080731819
:1011800058209A0FEFE80321C18008468208E00248
:1011900022402C8500304000073601707A4700005D
:1011A00002318003073040005020C1070431808F96
:1011B0004C3ECDCC4A000600C3428F3D295C043032
:1011C00080800AF6C3418FBD295C04304080004214
:1011D000CA22450074100126C340C84200000032F4
:1011E000030001324100B7B80031000074185820E4
:1011F000013300004830C002DE0EA0050D78D21089
:101200008020CE108320D0108120D1108220CD10DC
:101210008B20CF108C2008B808B908BB4578857999
:101220000523C3020E7A2E796E7848328200483147
:1012300081004830800042C241C140C080C183C2A9
:10124000224056092001402412302B8504C003C2DD
:101250006885EA85C9851C150B10A68500304900F4
:101260000032C10005C401304800003040036E70F8
:10127000013201000032C003ED730130430200343B
:101280008013013002100034C01241C2013101004C
:101290000134C01040C142C01520C0241522C22410
:1012A0005520CD0E0082208501304E00C140320E07
:1012B000EFFCC0A24830C0020820800FFFFF008072
:1012C0000920810F0000FF7F4831800002360010A6
:1012D000E5776671B41D401000A5E0EF6B1859204A
:1012E000264006E8288886E90080FDF108190320D9
:1012F000C340A100A808208804E900180300CEC755
:101300006410012660792240CEC7E0781F80E07F1C
:10131000661000061F80E07F65100006ECC3A1C1C7
:1013200028472968704050418D09750224D87C10E7
:101330000D20252040000AF01FF023F026F03DF09C
:1013400041F03AF043F04AF02C70560DEFFF0240A6
:10135000DD1D1C102C714A0DEFFF0240DE1D1C101C
:101360002C723E0DEFFF0240DE150317DD1502174C
:10137000DF1D1C106BF05625801D208803F0D6154C
:1013800081100C70C0B926F0A9460240620CAFFF74
:101390008026061D792000001B7800AE00AF028E6B
:1013A00001AF238E5625C01D22AF20880C7023AFBD
:1013B00000190521CCC78025861C208D0C70C1B971
:1013C00008F080250715208D03F0EA1581100C70B8
:1013D00020AF00194520CCC702401A0DAFFF4020B6
:1013E0000E2710424024823077D96C72760B60064B
:1013F000C140130A30200314803038150610C6B8D7
:1014000004F03815061087B8031C02304024C2309F
:1014100077D96C718C70AC702A0A2008C1402C708E
:10142000FA0BEFFF0240E01D1C102C71EE0BEFFFDA
:101430000240E11D1C102C72E20BEFFF0240E1158F
:101440000317E0150217E21D1C104128010240AFEE
:1014500062AF28BA28BB04AF0C7025AF41AF63AFB1
:1014600000198521CCC7E078FAC38224023CBF80F2
:101470004AC02C70A1408020C20F2E0CEFF614DA67
:101480000AC0CD7023D901A57FD817B80EA50AC010
:10149000631D98132DA51F80731898037218980365
:1014A0007418980380200705160CA005C0A80AC070
:1014B0000AC54024823D7CD91F801CE56C724FC058
:1014C000A3189C03A140AF1C8330AC1C8433960A44
:1014D0006006361C8433371480307CD94EC00FC070
:1014E0000EC26E800AC0A0BA86092001371C823065
:1014F0000C70AE09EFF39EB80024823F0000AF00ED
:101500007DD96C71160920080A2040038A26BF1D68
:101510000AE68C26C39168032D005524C23A2C7329
:101520006C72420A6006A140AE09EFF30AD8AD140E
:101530008030E1089E81CD700024823F0000AF0022
:101540007DD96C71A140D6082008AF1C82330AC037
:10155000360FAFFD2C710AC02C7025DA1F804CC0ED
:101560005520C00E4BC0420BEFF680C00BC080C2AE
:101570005ED9C2A0C1A0C0A025DBEA096006A140D7
:101580000114803018149F3022149330801C0030D6
:10159000031480300D149230101490305FC0051485
:1015A000803013148F30171494305DC023C00B1497
:1015B00091300E148B3056C01214803011148E30BE
:1015C0001D148C3055C0402F0036A41C0030402B19
:1015D0000026A01C0030402A8026981C003040289D
:1015E0008026941C0030402F8016901C003044242C
:1015F00080208C1C003053234020881C00306C223B
:101600004021841C00304029802157C06C2040219B
:101610009C1C0030402B801158C06C2740110814CE
:10162000853051C0166E2114843059C04427803053
:101630000A14893052C0402C801309148830A81C29
:101640000030402D80011E14813053C0402C800397
:101650001F14833050C04029801128C254C0402834
:1016600080115AC016695BC0166B02149E305CC0B4
:10167000166A5EC080140030402E1E32061496306A
:1016800005261E30A4140030402FCE3374141F30B2
:1016900042289706A014003007149530402E1622D9
:1016A00005279F354228960698140030402DD526F0
:1016B000422DD0264228950694140030402C18263E
:1016C0000F148D3042289406901400302314863075
:1016D00013C24228930611C0402D4B1144260D061B
:1016E00040281902A8140030402D811210C5057A37
:1016F00014C0041487307C141130057D0BC0402FBA
:1017000007020521D12118188407422898360CC0F9
:101710006C244F014424080C83185C0444241203F5
:101720000BC08C140430881405301C18C4078414B2
:1017300003300CC044240913402C440285181C04B7
:10174000402D05020BC008BB9C140C302018040669
:10175000052444010CC008BC842601088718DC0558
:10176000402EC7000BC0481406300526CE122418A0
:101770008405402E46020CC04029091308BF891871
:101780005C0540288B120BC0402A0823AE7D281828
:10179000040526BD0CC08B18DC0417C00520C5004D
:1017A00018C0052643104E7E05201E0319C01BC21B
:1017B00005278C01052119301AC0E57A6E7F0520B6
:1017C00046021CC015C31EC10520C002657C4E7BAD
:1017D0000E7A0BC0052101022F20461126BE41289A
:1017E0008811DCB0BEB02C1804022F2786070CC06D
:1017F000412F87012F2146168D18DC0141298911BF
:101800000BC025BF2F26860130184402FAB0412EA6
:1018100086010CC026BB58140B3093189C019518F8
:10182000DC0026BA0BC005230B112E79401884006A
:10183000402B4B150CC015BC26B9422B4B1555BC83
:1018400097185C008F18DC0291181C03A608EFFDA6
:101850000AC00FC0371482306E800EC04420410091
:101860005022000025780F7A371C02300AC0020E81
:10187000E0007CD90C702A0EAFF39EB80AC16E0D41
:1018800020000C700C70DAC7ECC3A1C1DF801041DE
:1018900060DF601600168C200280CC20828F000052
:1018A000FF00B1F2631600168C200280CC20828FDC
:1018B0000000FF00A7F240210027402482307CD99D
:1018C0006C72A20E20061042031482306E867CD900
:1018D000A0BA22409A0DE000031C82300C70C20DA9
:1018E000AFF39EB8402482307DD96C72760E20060C
:1018F0004240031480306E867DD94620800182B834
:10190000031C02300F7A6A0DE00022406E862FD948
:101910004C715E0DE00022406E8633D94C70520D42
:10192000E00022406E867ED94C72460DE0002240D7
:101930008A2503128A208126402482306ED96C7257
:101940004240220E2006AB20082E031480301908D6
:101950001F00C34020410000460D8FF3A5772F26BE
:1019600047F3ECF56E862FD94C70060DE00022404F
:101970004024823038D96C72EA0D200642400314AC
:10198000803023B853208080031C02303BF4402475
:1019900082306ED96C72CE0D2006424003148D3019
:1019A000402482307DD96C72BA0D20064240031467
:1019B00080306E867DD9462082012240B20CE00044
:1019C000031C8230402482307CD96C72960D200634
:1019D0004240031482306E867CD980BA2240920C39
:1019E000E000031C82300C70B60CAFF39EB8170DEC
:1019F0007E1061DF0F0DBE1062DFE3BD64DFCA271A
:101A0000A210E140CCC7E078E6C3A1C1FF814A241F
:101A100000710043C340A100B82E28452C7000423D
:101A2000A820C00108120E050D0EC51024712C74DB
:101A30008A261F14367841802288A140651F98109D
:101A4000B60E2000CE1F9C133C4D4024823043D95B
:101A50006C72120D2006021C0530031481305627CB
:101A6000401A20A80C707209E006A141C140C6C707
:101A7000E6C3A1C1BF8040200E0728474024823022
:101A80007CD96C72DE0C2006C140031480303815FE
:101A90000610F570A2B8CF20A200031C023040242B
:101AA000C2307CD96C718C70AC709A0BE007C1406D
:101AB000C6C7E078E8C3A1C1DF80484730402FD9CE
:101AC0006E864C71AA0BE00008458308B0201CE527
:101AD000E708702040248230710831204024823091
:101AE00036D96C727E0C2006A1404024423036D993
:101AF0006C71A140260BE007011CC233DA0BAFF377
:101B00000C71011480304024823037D9721E0210CB
:101B10006C72520C2006A1400314823028BF532758
:101B200081106C2280002578011C02304024423054
:101B300037D96C71E60AE007A1409E0BAFF30C7138
:101B400001148030731E0210C8C7402482303AD975
:101B50006C72120C2006A140402442303AD96C71BC
:101B6000A140BA0AE007011CC2336E0BAFF30C713F
:101B700001148030402482303BD9761E02106C72F2
:101B8000E20B2006A1400314803028BFC2BF6C20A6
:101B90008000E578011C0230402442303BD96C7152
:101BA0007A0AE007A140320BAFF30C7101148030C8
:101BB000771E0210C8C738D96C72AA0B2006A14044
:101BC0004024423038D96C71A140520AE007011C10
:101BD000C233060BAFF30C71011480304024823005
:101BE00039D9741E02106C727A0B2006A1400314BE
:101BF000803028BFC2BF6C208000E578011C023015
:101C00004024423039D96C71120AE007A140CA0A57
:101C1000AFF30C7101148030751E0210C8C7E07854
:101C2000E6C3A1C1DF8048476109B00040200D072D
:101C3000A509700040248230347082F44024823040
:101C400074D96C721E0B2006A1404024423074D916
:101C50006C71A140C609E007011CC2337A0AAFF3D8
:101C60000C71011480304024823077D9B01E0210EC
:101C70006C72F20A2006A1400314803028BFC1BF55
:101C80006C204000E5784CF04024823076D96C72AC
:101C9000D20A2006A1404024423076D96C71A1407E
:101CA0007A09E007011CC2332E0AAFF30C7101144C
:101CB00080304024823077D9B21E02106C72A60A9E
:101CC0002006A1400314803024BF4427011C462075
:101CD000000C25F075D96C728A0A2006A1404024B8
:101CE000423075D96C71A1403209E007011CC23342
:101CF000E609AFF30C71011480304024823077D9AB
:101D0000B11E02106C725E0A2006A14003148030DE
:101D100026BF44270113462000032578011C02300A
:101D20004024423077D96C71F208E007A140AA093B
:101D3000AFF30C7101148030B31E0210C6C7E078F7
:101D4000E6C3A1C1DF8040200F0728454024823030
:101D500077D96C72E140021C05300A0A2006011C8A
:101D6000033003148030366DB57084210100842067
:101D7000C20FC5204200011C02304024423077D9F6
:101D80006C719A08E007E1400E864E09AFF34830C7
:101D9000C002C6C7E6C3A1C1BF8040200E072847C6
:101DA000402482306BD96C72BA092006C1400314FA
:101DB000813079270210146AA4B938150610057904
:101DC000A1408020460C40A8031C42304024C23071
:101DD0006BD96C718C70AC706A08E007C140031459
:101DE0008030A71D0210C6C7EAC3A1C1BF81284623
:101DF00008478908730440211107F572380126004D
:101E00005625801D0088147036F4402482307DD918
:101E10006C7252092006224003148030B31502165A
:101E200050204100110AB500031C423046208102B7
:101E3000031C42306E852F7A7DD93608E000C14000
:101E4000402482307CD96C721A0920062240031487
:101E500082306E857CD980BAC1401608E000031C30
:101E600082300C703A08AFF39EB8B9168010C6B82D
:101E7000B91E02106D02000091E79CF28C270290BF
:101E8000CC27829F0000FF00640222008A20860C7B
:101E900009654024823034713040B6F442D96C7206
:101EA000C208200622400314803038150610402452
:101EB000C23085200300031C023042D96C718C7043
:101EC000AC70820FA0072240402482307DD96C7212
:101ED00092082006224003148030921501179315B2
:101EE0000317941502173815061045208002A51D0A
:101EF0005C10A61DDC10A71D9C10031C02304024A2
:101F0000C2307DD96C718C70AC703A0FA007224042
:101F1000402482307CD96C724A0820062240031487
:101F200082306E857CD9A0BAC140460FA000031C48
:101F30008230D8F090E7DCF45209EFFFC140631D16
:101F40005910B91682106C708C70C6BAB91E821006
:101F50004C7000410A092006C140E0850DEF2D8735
:101F60006079E1405687A4170011607AE1414E87FD
:101F70000C71607AE1412D8623D80DA56079C140AE
:101F80005686A4160011607AC141402482307DD962
:101F90006C72D20FE0052240031482306E857DD929
:101FA000A1BAC140CA0EA000031C823010DDA2F00D
:101FB00063150F168C27C39F04F2FFD8C1418BFF16
:101FC000C140360D6FFF8A20062D322501141040C6
:101FD00085E92C71B20C6FFDC1401A09AFFDC140FB
:101FE000DF154417DE154317DD154217C1404208BF
:101FF000200602418C27C39F11DD7CF2E140C141E4
:102000007AFF78F07CD96C725A0FE00522404108C3
:10201000B120031480303815061080B8031C02303C
:102020004024C2307CD96C718C70AC70160EA00745
:1020300022404024823042D96C722A0FE0052240AF
:102040000314803038150610C5B81DF03815061079
:10205000A0B8031C02304024C2307CD96C718C7053
:10206000AC70E20DA00722404024823042D96C724D
:10207000F20EE00522400314803038150610C5B872
:1020800087B8031C02304024C23042D96C718C7076
:10209000AC70B20DA0072240402482307DD96C7212
:1020A000C20EE005224003148030951501179615E5
:1020B0000317971502173815061045208002A51D35
:1020C0005C10A61DDC10A71D9C10031C02304024D0
:1020D000C2307DD96C718C70AC706A0DA007224043
:1020E0000C70C141DA0AA006631DD81363150D16E2
:1020F000A140CAC7F81CC8B75F80C2B9071C4230EC
:102100001CE0381206004024C23143D96C718C7037
:10211000320DA007AC7008141F34E07EECC3A1C1DF
:102120007C1110004A24C071CB46A100982E30418A
:10213000402112072C70C142A8208002041203051E
:10214000483303000433008043F6247107D9357EF9
:102150000B6925087501E28E0A458025861C008DD5
:102160001508B100FFD82241820CEFFF001D0310BB
:10217000001D831000964024823042D94830000070
:10218000661818206C72DE0DE005424003148030A2
:1021900038100620C3BF6C20C000E578031C023055
:1021A0004024C23042D96C71C3441300ECF2424067
:1021B000920CA0070A25400402402C7080208D0557
:1021C00020A8FE184480FC1844804024823043D963
:1021D0006C72920DE00542400314823066100026B6
:1021E0005620412A40A9CCC7E8C204777040284550
:1021F00088E004012D0024DE7C100F202520000043
:1022000009F03CF050F05AF066F03DF074F041F007
:1022100043F0018D608D08B8057BDD1FDC10238D38
:10222000028D6E7C08B90579DE1F5C10058D448D2A
:102230002E7908B84578DF1F1C100E7A620BA006B5
:102240008140B50831002C700240DA09EFFF81426D
:10225000DE1742172C71CE09EFFF0240DF1742173D
:102260002C72C209EFFF02402C71DA0AEFFF024024
:10227000820E6FFD024020F0A14082082000024142
:102280001AF0008D80270715CD70C0B829F0060B15
:10229000A000024006F0A140404126096FFF024223
:1022A00008462AF0008D442041000240C60FAFFFCF
:1022B000D61F4210CD7020F02C70CE096FFD024069
:1022C000008D11E82908710023DE2E0F2FFF024038
:1022D00008460EF0008D8027861CCD70C1B800AF77
:1022E0000AF0A14002413A086FFFCD702C719A09A3
:1022F0006FFD0240C140C8C6E4C20088BF812846C5
:10230000442041805625801D20A819F48A20460CBF
:1023100008651D0871002C707E0AEFFFC140D615BC
:10232000801086E82C704E0FAFFFC1406315001679
:102330001BE83F0871000C7118F02C704A096FFD02
:10234000C1401F868020460C00888AE82C71260F29
:10235000AFFFC1402C71420AEFFFC1402C712A0926
:102360006FFDC14005F00C70820AEFFFC1410C7097
:10237000C4C6E0785F8120456C72761A180080220E
:10238000C3053C49C34413003C06F103E0051CD9D6
:102390005F81204516DB5F1A18008022420F3C49FE
:1023A000C3441300D406D503E0052C73F6C3ACC1B7
:1023B000304203E8D6C77C121120B912C020CD707C
:1023C000AD701308330004111420BE11C0207A2010
:1023D0000D00190C1020B914C02011081300BE11F3
:1023E0008E208426011026BE2C110F20D6082FF433
:1023F00008111320420FEFF3104000420C75BE0885
:102400002FF402411040EE700B0C3020AE7094148B
:1024100015200B08102094101720760B2FF4A1D84C
:10242000104605ED5608AFFE424055228D28D57066
:10243000CB46A1008C0821F2218500856A0F600639
:102440008242008E047100AE17EFB917C0102B083E
:102450001300E811802011E8E911812015086100BE
:10246000E1422185420F600600852C70E9190320A6
:102470000169E9190220210B1020B913C0201908A5
:102480001300BE11802011087E01624221851A0FBF
:1024900060060085043580AFC84100000AF455117C
:1024A00000268C20028006F442407E0CA006C14229
:1024B000038504304085CA25092010430435C0A592
:1024C00092012B00AE7080C02C70DE0B6FF630DAFC
:1024D0005A11002685E86B1100261470BBF20D0C12
:1024E00030200D7094140820ED700D083020CC7051
:1024F000941006207C120B20CD708D70590830206E
:102500006C707810002029884188CB88402904020B
:1025100027888588638840290502402A07022A887F
:10252000448808BE08BC402B09026888257E457C8B
:102530002688408802880524C40005214101052120
:1025400003100522C20110BE10B910BB05260E11E2
:10255000257C457B6B1309166A130416691305164F
:1025600068131E165A13071659131F1658131216FE
:102570000436C0838A002C0057131416043300A2BB
:102580000140CA20C904073097010A26400480266A
:10259000CD040016820022400F0A710080208D04B5
:1025A0002088247120A8ED700433C0A34837C122CD
:1025B000D3F60430C093D7F635095110310F7100AE
:1025C00080230D150013821092EA001E4300001BA9
:1025D000431020A80CF00430C093CAF60B09501029
:1025E00006F00D0F510084EA001E43004088130AD4
:1025F0004200001681000B095100E0A8ED712F2761
:102600003F006F233F002F263F004BC74AC649C4F7
:1026100048C31C1C4032181C0031141C4031101CD3
:1026200080370C1CC031081CC037041C8034270EB6
:102630003020001C0035091680200DE80185541655
:10264000022080C12C1E00200085281E0020607AF8
:10265000C24016706B1958255C05E1FF5A195825C0
:10266000781000200C184005D6C7E078E8C3A1C157
:102670000845B6D8021C043072082FFFA14040253F
:102680000F17402482307ED96C71920F6007E140B1
:1026900046086FF30C7256082FFFA1404024823089
:1026A0002C706C72BE08E005E140E108310022DECA
:1026B00003148030D508B10A21DED6082000A140DD
:1026C000D340803F00004024423053D96C718C705D
:1026D000AC70E1400A260004011C8332660F6007DB
:1026E000CD704024423055D96C718C70AC70E14093
:1026F0000A2600044E0F6007011C8233402442303A
:1027000056D96C718C70AC70E1400A260004360F0B
:102710006007011C82334024423054D96C718C70A4
:10272000AC70E1400A2600041A0F6007011C8332D6
:102730002C70060B6FFEA14010402C71FA0A6FFE40
:10274000A14008472C72F20A6FFEA1400041FFDA57
:1027500080213E0008BA30792909A4008A213E0070
:102760003B67707B1D0BA400027130791509A40032
:1027700005270F1405273E9004F2360FEFFEA14007
:102780004E850C70607AA141C140C8C7EAC3A1C19F
:1027900008461F80CB45A100500E6C7008D940251B
:1027A0000C168DBB24DA8CB9C4185803C31818034F
:1027B00080208D0140260F1760B0A2188280C018BB
:1027C000C381BE184480402482307CD96C72960F3D
:1027D000A005E140031480304024C2307CD9A0B869
:1027E000031C02306C71360E6007E1401040EA0EA7
:1027F0002FF30C71AF0831204024823059D96C720C
:10280000620FA005E140031480304024C23059D942
:10281000A0B8031C02306C71020E6007E14087080B
:10282000310054251019AD708A210220B07A80DB66
:10283000C140BA0FE00602411909852F00000020AF
:10284000552111285520102855250D1870E82BF01A
:10285000A9E84024823059D96C720A0FA005E140E2
:10286000031480304024C23059D980B8031C023090
:102870006C71AA0D6007E1404A25001540248230A2
:1028800021D96C72DE0EA005E140031480301708D8
:1028900070007FD80A0E2FF317B8A5772F2647F3BD
:1028A000EEF5CAC778880C700A21800FA100DC0DF4
:1028B000081182040B0BA00014760471BAF7E07FB4
:1028C00038238000EAC20845CD70CB47A100DC0D5B
:1028D00008179014188D33080004EA0BCFF35A0A36
:1028E000EFF3104100420240D20BEFF322410DE81A
:1028F0002F80407900418C2002800C71CC21828F86
:102900000000FF0005F2C571C90ED4910C70CAC653
:10291000E4C3A1C140200E0708454024823057D9A6
:102920006C72420EA005C140031480304024C230B6
:1029300057D9A5B8031C02306C718C70AC70C346BB
:10294000803F0000FE0C6007C140B91581100C707B
:10295000C6B9B91D4210C4C7E4C3A1C140200E07C7
:1029600008454024823057D96C72FA0DA005C14049
:10297000031480304024C23057D985B8031C02307C
:102980006C718C70AC70C346803F0000B60C600761
:10299000C140B91581100C7087B9B91D4210C4C768
:1029A000E07FA6100001E0781F80E07FA110000604
:1029B000E6C2BF812846B20DEFF30847A31D1810E9
:1029C000C140607FA41D5810C6C6E078E07F9C100F
:1029D0000000E078E6C03F085100C343A100BC08F6
:1029E000008B00A9038B828BC18BB668E48B156CBE
:1029F000C4BE4420000884250110C578976FA578CF
:102A0000857801A9068B02A9078BC2B803A9001A11
:102A100005010C70C6C4E078E2C2BF80004109A580
:102A2000120820000C700C70A11D1910C2C6E078AD
:102A3000EAC3A2C1BF812846A1150116EB092000F7
:102A400010403708B4202C708C2002A0CC2082AF1C
:102A50000000FF0052F480D9DA0AEFFEC1401A0DDF
:102A6000A001C140C34048420000AA0DAFFEC141D1
:102A7000A11D181442F0BE0AEFFEC140FF863C4E75
:102A800080C22FD96C71001CC331920B60071041BA
:102A90000E87460C2FF34830C002C341A100BC088A
:102AA000609103918289438960C3021C023028B877
:102AB000248928BB05BC06BA4420CF09C4BB4424E2
:102AC000001884220100657807B945782578011C33
:102AD000023080C236D96C742240420B6007031C5E
:102AE000C233B9168010C141C6B8B91E02100C70AD
:102AF000220DAFFEA11D18140C70C6086006C1415E
:102B000081C0C341A100EC2E5A0F2FE84C745A0C1F
:102B1000CFF30042204340244131F8D82A0DA005CC
:102B20008C71A11510160240CAC7E078E2C20C7081
:102B3000BE08600628459C150010C2C6E6C24F08B4
:102B4000710023D8490A1401E1890389C089A28947
:102B500008BF08B804278C1F0000001F84201C0039
:102B6000C342A100BC08C57CA57880B203B201892C
:102B700025B8C0B802AA018926B8C0B803AA01893D
:102B800027B804AAF20BA00160400C70C6C6E0781A
:102B9000E4C3A1C147093101484640200D07402444
:102BA000823058D96C72BE0BA005A140031481304D
:102BB000126ED57044200001A2B9C5210200031C89
:102BC00042304024C23058D96C718C70AC70C3460E
:102BD000803F00006E0A6007A140C4C7E4C3A1C1E2
:102BE00040200E0708454024823057D96C72760B7E
:102BF000A005C140031480304024C23057D9A1B889
:102C0000031C02306C718C70AC70C346803F0000B6
:102C1000320A6007C140B91581100C70C6B9B91DE0
:102C20004210C4C7E4C3A1C140200E070845402498
:102C3000823057D96C722E0BA005C140031480302E
:102C40004024C23057D981B8031C02306C718C709B
:102C5000AC70C346803F0000EA096007C140B91567
:102C600081100C7087B9B91D4210C4C7E07FA6104F
:102C70000001E0781F80E07F981000065F8120450A
:102C80006C73971A18008022C3063C49C344130092
:102C90008432E902A0051ED9E07F9C100000E07894
:102CA000E8C3A6C1504028461471031C033080F4C9
:102CB00040230D0781C27CD96C72AA0AA005A140ED
:102CC00005148030402482307CD9031C0230A0B827
:102CD000021C02306C718C70AC70C346803F0000E7
:102CE00062096007A140402482302FD96C71A14055
:102CF0002A096007021C033181C230D911DB660A40
:102D0000A005A1404024413110DA5A0D2FE8C140FE
:102D1000402482302FD96C71A14002096007021C47
:102D2000433181C230D911DB3A0AA005A140284EB7
:102D3000402441312E0D2FE810DA402482302FD963
:102D40006C71A140D6086007021C833181C230D962
:102D500011DB120AA005A140484E40244131060D66
:102D60002FE810DA402482302FD96C71A140AE08D0
:102D70006007021CC33181C230D907DBE609A00518
:102D8000A140684E40244131DA0C2FE84C764024B3
:102D9000C2307CD96C718C70AC70C346803F00002F
:102DA000A2086007A14032D8001804200C70C8C7E0
:102DB000E2C208451F807FD917B998181900A4A04E
:102DC0002EA08020C3062C70DE0A2FF64C760C70E5
:102DD0000E082000A1410C70C2C6E078EAC3A3C16E
:102DE000BF8128461040981501161071E4F2E708DB
:102DF000B4202C708C2002A0CC2082AF0000FF00F9
:102E0000C3F480D92E0FAFFEC140FF863C4E402454
:102E1000C2307CD96C72071C03304A09A0051041EE
:102E200021C03817061040244230071C0230A0B8D9
:102E3000011C02307CD96C718C70AC700608600784
:102E40002240402442302FD96C712240CE0F2007FF
:102E5000011CC3314024C23032D96C730609A0056D
:102E600022400514803021C1532042000521BE803C
:102E7000011C423005F46C204000011C433084B832
:102E8000021C02304024423032D96C728E0F20076F
:102E90002240402442302FD96C7122407E0F2007FF
:102EA000011C033032082FF332D8381706104024A3
:102EB000C2317CD96C718C70AC708A0F20072240B3
:102EC000C340484200004E09AFFEC141981D18148E
:102ED0005BF0620EAFFEC140FF863C4E4024C23024
:102EE0007CD96C72061C03307A08A005104121C001
:102EF0003817061081C25020010061C1061C023043
:102F00007CD96C718C70AC703A0F20072240402441
:102F100042302FD96C712240020F2007011CC331AF
:102F20004024C23032D96C733A08A00522400514FF
:102F3000803021C140244230A4B8011C4230021C20
:102F4000023032D96C72D60E200722404024423023
:102F50002FD96C712240C60E2007011C03307A0F56
:102F6000EFF232D838170610402482317CD96C71C8
:102F70008C70AC70CE0E200722400C70C1419608B8
:102F8000AFFE981D18140C70360C2006C14182C08B
:102F9000C341A100E42ECE0A2FE84C74CA0F8FF370
:102FA0000042204340244132FED89E08A0058C7187
:102FB000981510160240CAC7E2C20C70320C2006E7
:102FC00028459C150010C2C6E8C3A3C1484730403D
:102FD0002C701471021C443041C10B1C423091F41E
:102FE000B2E71E01250023D9BF8340230E0781C20B
:102FF0007CD96C726E0F6005C1400514803040248E
:1030000082307CD90B1C0230A0B8021C02306C71DB
:103010008C70AC70C346803F00002A0E2007C14070
:10302000402482302FD96C71C140F20D2007021C60
:10303000033130D910DBC140E20D200702424024A9
:1030400082302FD96C71C140D20D2007021C433150
:103050004020022430D910DBC20D2007C14040249B
:1030600082302FD96C71C140B20D2007021C833110
:103070004020022830D910DBA20D2007C140402497
:1030800082302FD96C71C140920D2007021CC331D0
:103090004020022C30D96C72820D2007C140490FAC
:1030A000B41D81C232D96C73BA0E6005C1400614DA
:1030B000813033108020321082206C218100C2B810
:1030C0002578021C8230031C02304024823032D921
:1030D0006C724A0D2007C140031480304420000167
:1030E000E01D02104024C2327CD96C718C70AC702F
:1030F000C346803F00004E0D2007C1402C70204089
:10310000C8C7E078E4C3A1C140200E0708454024A9
:10311000823057D96C724E0E6005C1400314803066
:103120004024C23057D9A1B8031C02306C718C7096
:10313000AC70C346803F00000A0D2007C140B9159E
:1031400081100C70C6B9B91D4210C4C7E4C3A1C137
:1031500040200E0708454024823057D96C72060E75
:103160006005C140031480304024C23057D981B873
:10317000031C02306C718C70AC70C346803F000041
:10318000C20C2007C140B91581100C7087B9B91D58
:103190004210C4C7E07FA6100001E0781F80E07FE6
:1031A0008C1000067F810042961B18002040007A98
:1031B000E07F9C100000E078F1C05F8000417FD884
:1031C00017B80EA20C708C1A19001208200025A244
:1031D000D1C0E07F0C70E078EAC3A3C1BF8128466C
:1031E00010408C1501161071C4F2BD08B4202C706B
:1031F0008C2002A0CC2082AF0000FF00A3F480D975
:10320000320BAFFEC140FF863C4E402442307CD999
:103210006C72071C03304E0D6005104102148030A3
:103220003817061081C2071C0230A0B861C07CD9D3
:103230006C718C70AC700E0C2007224081C22FD9AB
:103240006C712240D60B2007041CC331402442304D
:1032500032D96C730E0D60052240031480300214C5
:10326000813081C283B861C1051C023032D96C72D1
:10327000AA0B20072240620CEFF232D83817061052
:103280004024C2317CD96C718C70AC70B60B2007B5
:103290002240C340484200007A0D6FFEC1418C1DA0
:1032A000181451F08E0AAFFEC140FF863C4E4024F8
:1032B00042307CD96C72061C0330AA0C60051041A8
:1032C000021480303817061040248230502001004C
:1032D000021C4230061C02307CD96C718C70AC70C0
:1032E000620B2007224081C22FD96C7122402E0B25
:1032F0002007041CC3314024423032D96C73660C61
:1033000060052240031480300214813081C2A3B8CA
:1033100061C1051C023032D96C72020B20072240B9
:1033200038170610402482317CD96C718C70AC70D7
:10333000120B200722400C70C141DA0C6FFE8C1D6D
:1033400018140C707A082006C14182C0C341A10044
:10335000E02E120FEFE74C740E0C8FF30042204367
:1033600040244132FED8E20C60058C718C15101699
:103370000240CAC7E2C20C707608200628459C1598
:103380000010C2C614702040E07D3F8097110106F6
:103390000079E078E6C1A3C19F80AD7042C581404D
:1033A00080204504618856244E1AE088C08E08BBF0
:1033B000657FC2BE41C540C5DB0F801F0000008095
:1033C000A3140017CF0F2010EE7885144317483050
:1033D0008B00483380000030830F0043000000332F
:1033E000801F003F00004A24C0700130C000A31CB1
:1033F000DC13412803040030880F00380000ED7012
:103400000A27800F003C00009B1C1C109C1CDC1039
:10341000A82041001424C01380C38C104B0715232F
:10342000C603891043074833841086104B0748337E
:1034300085008F1043078210400748338B104833B4
:10344000830048309E000033C01100338B0F0039D9
:103450000000003000100034840F003A00000130FA
:10346000830F803F00000030C0120035C5010134D9
:103470000B00003380071524C9130030C002003050
:103480004311E5719D191C1030B8001EC0009E1933
:103490001C100C714A24C07000288003483087003B
:1034A000A820800C1424401315244B1398104307B4
:1034B0009E130E1740240930A5104007483386009C
:1034C000F0214313402E09149D130E17483080003D
:1034D000F021480301338B0F803F000001300300CF
:1034E000052180130030C001013383010130001039
:1034F0000033C3010030C00215224F030130C00069
:10350000A57100A7C6C5E07820453F81402500078A
:103510006C735621820AC3441300AC225D0260051D
:1035200022D9E078E6C3A1C1DF8140210F07084519
:103530004024823077D96C72E1402A0A6005001C71
:10354000013061958095429503148030381606103D
:10355000412C0E12412B8B01412A0801C1BE44238C
:10356000011344200D1CC579A5796C2040012578F4
:10357000031C0230021C8230011CC23080C274D98C
:103580006C748C70AC70E140BA08200760C4C6C788
:10359000ECC3A1C1DF800845F88840248230EA16D8
:1035A00080107CD96C720F20C003EA1E02103C4DC3
:1035B000B20960051041031480304E7144205080E0
:1035C000031C023409F26E867CD94C70A140A2081B
:1035D0002000031C03306E862FD94C71A140920845
:1035E0002000002ACF236E8635D94C748208200033
:1035F000A140E608EFF228D8402482306AD96C72E4
:10360000620960052240031482306E866AD981BA4D
:10361000A1405E082000031C82306E867ED9A0DAAD
:103620004E0820000A204003AE08EFF20C7540243B
:1036300082302C736C722E09600522400314803096
:1036400024B844204080031C0230F0F311083020DD
:103650007CD96E864C711A082000A140EA168110B0
:103660000C70E679EA1E4210CCC7E078E6C3A1C12F
:10367000DF806847031C82301CE04024C2306C713C
:103680009A0FE00628450137801F803F000012088E
:10369000CFF203148030DD653C1D0210C6C7E07810
:1036A000E4C3A1C140200E0708454024823057D909
:1036B0006C72B2086005C140031480304024C230EF
:1036C00057D9A3B8031C02306C718C70AC70C34620
:1036D000803F00006E0FE006C140B91581100C70EC
:1036E000C6B9B91D4210C4C7E4C3A1C140200E072A
:1036F00008454024823057D96C726A086005C14081
:10370000031480304024C23057D983B8031C0230E0
:103710006C718C70AC70C346803F0000260FE006D1
:10372000C140B91581100C7087B9B91D4210C4C7CA
:10373000E07FA6100001E0781F80E07FAA1000065D
:10374000E6C2BF8128462208AFF30847AD1D5810D6
:10375000AC1D1810B21DD8138025C3183C4E20D9BB
:103760006C72C3441300C038A14212086005C14501
:10377000C6C6E078E07F9C100000E078EEC3A5C1EB
:10378000147150433802220028457C1311003C4B31
:1037900080C27CD96C72121C0330CA0F2005104005
:1037A000011480303811062040244230502001009E
:1037B000011C4230131C02307CD96C718C70AC70CF
:1037C000820EE0060240402482342FD96C71024000
:1037D0004A0EE006121C833038110020FA0EAFF2B8
:1037E0004830C00280C232D911DB7A0F2005024076
:1037F0000214803004148B30091481300114853098
:1038000003149E300714833022C205148F3006142F
:103810008C300A1484300B1487300C1486300D144D
:1038200089300E148830CB46A100C60808B8402B5A
:103830000B1228AE052040010523811766AE47AE66
:1038400000B621B6402482342FD96C710240121C7C
:10385000C330E4AE85AE091E02110A1EC2110B1E52
:1038600082110C1E4212B60DE0060D1E0212381116
:103870000020660EAFF24830C00280C230D911DBA2
:10388000E20E200502400214813021C022C30A1436
:103890008C300C1484300E148730101486300114D0
:1038A000823003148F300614893007148B300914CA
:1038B00088300B149F300D149E300F148530051482
:1038C00092302FAE40280102402B0002402C031200
:1038D000402C0402402F0702402E06024EAE402923
:1038E0000912257F0520CC02052303020524C20707
:1038F0000527810705264001052189146BB64CB6C2
:103900002DB60EB6402482342FD96C710240121CA1
:103910000330E8B6121E4412020DE0068AB63811D2
:103920000020B60DAFF24830C00238110620402406
:10393000C2347CD96C718C70AC700A0DE006024008
:10394000008E00AD018E01AD028E02AD038E03AD7F
:10395000048E04AD058E05AD068E06AD078E07AD4F
:10396000088E08AD098E09AD0A8E0AAD0B8E0BAD1F
:103970000C8E0CAD0D8E0DAD0E8E0EAD0F8E0FADEF
:10398000108E10AD118E11AD128E12AD138E13ADBF
:10399000148E14AD158E15AD168E16AD178E17AD8F
:1039A000188E18AD198E19AD1A8E1AAD1B8E1BAD5F
:1039B0001C8E1CAD1D8E1DAD001B05240C70CEC7CA
:1039C00014702040E07D3F80B21101060079E0785C
:1039D000E4C2DF801ED908459A0FE0050AA60C70E4
:1039E00012082000A1410C70AA1E1910C4C6E0786C
:1039F000EAC3A4C1BF8128461040AA150116107160
:103A0000D1F2C508B42040260F178C2002A0CC208C
:103A100082AF0000FF00B0F480D91A0B6FFEC140E6
:103A2000C34048420000EE0D2FFEC141FF863C4ED0
:103A300081C27CD96C722E0D200510410514803096
:103A4000381706104024423150200100051C423036
:103A50000B1C02307CD96C718C70AC70E60BE006EC
:103A6000224080C22FD96C712240B20BE006001CAC
:103A700083300E87620CAFF24830C00281C230D969
:103A80006C73E20C200522400514803080C230D9CE
:103A90004520000C60C06C71820BE00622400E874E
:103AA000360CAFF24830C002381706104024C2323C
:103AB0007CD96C718C70AC708A0BE0062240AA1D18
:103AC00018145AF0402482307CD96C72960C200570
:103AD000E14003148030381506104024C2305020D5
:103AE0000100031C42300A1C02307CD96C718C70BE
:103AF000AC70520BE006E14080C22FD96C71E140FE
:103B00001A0BE006001C83300E85CE0BAFF2483056
:103B1000C0024024823030D96C724A0C2005E1404A
:103B20000314803080C230D94620000C60C06C7114
:103B3000EA0AE006E1400E859E0BAFF24830C00273
:103B400038150610402482327CD96C718C70AC70B0
:103B5000F20AE006E1402C70DA096FFEC140B916A6
:103B60008010C141C6B8B91E02100C70A60C2FFE01
:103B7000AA1D18140C704A08E005C14183C0C34156
:103B8000A100F02EDE0EAFE74C74DE0B4FF30042C7
:103B9000204340244133F8D8AE0C20058C71AA157F
:103BA00010160240CAC7E078E2C20C704208E00575
:103BB00028459C150010C2C6E2C2A908710023D88E
:103BC000A30A14040189A089CB44A100C40808B841
:103BD000A57801B40389A28908B8A57802B404893C
:103BE00006AC058907AC068908AC078909AC0889C9
:103BF0000AAC09890BAC0A890CAC0B890DAC0C8999
:103C00000EAC0D890FAC0E8910AC0F894D0AB407AC
:103C100011AC1189B08908B8A57809B41389B289A3
:103C200008B8A5780AB41589B48908B8A5780BB482
:103C30001789B68908B8A5780CB41989B88908B865
:103C4000A5780DB41B89BA8908B8A5780EB41D896A
:103C50003C8908B825780FB44F791A0DE00560400B
:103C60000C70C2C6EAC3A1C1684648452847104146
:103C70004024C1302ED84C7180430A2000217A099B
:103C80002000031C033003E8CAC7FB7A0314833007
:103C900044214C20326D136E4422820044210E01D7
:103CA00044200D0205220003C5786C23C100A578CD
:103CB0002578031C02304024C1302ED84C71C20B31
:103CC00060000243CAC7E078F1C048300000073006
:103CD000800F7A440000C20B0FF2C6098FF2D1C0E8
:103CE000E07EE078E2C2084420406E0B600420438E
:103CF000084586E820834483607A8140A140C2C69B
:103D0000E4C3A1C168450043A14048444A0B600494
:103D10002846FFD903E82D78C4C70526C010052022
:103D20003E831CF2DB79C0BB126C4421820044202C
:103D300001010522C0002578031C02304024C13057
:103D40000C754C713A0B6000A1430041E5E8031487
:103D500080302C7015ADE1F1151D0310F1D9DDF1A6
:103D6000E4C3A1C1284508464024C1302ED84C7177
:103D7000A14386082000031C033003E8C4C70314D2
:103D80008030376E4C71C6B82578031C0230402451
:103D9000C1302ED8EA0A6000A143C4C7E2C3A1C162
:103DA0000845204325E84024C13007D84A082000B0
:103DB0004C7108449EE8031480308D704128430103
:103DC00044204200412801014128CB0041288800BD
:103DD0001D7865AD40AD442143004423421044208A
:103DE0004110C0B864AD43AD22AD01AD02F0FFDCBF
:103DF0008D78C2C7E8C3822402300843604068451A
:103E00004847560A600430402D083020FFDE94E811
:103E100060858285026F80C1107A607C6140FEDE21
:103E200014AD8AE8CD7008EF402481300240360C92
:103E3000AFE7E142CD78C8C7F1C0284400413C4B10
:103E40004F7B220920058142D1C0E07F0D78E078C8
:103E5000F1C0284400413C4B4F7BC20FA006814279
:103E6000D1C0E07F0D78E078FAC2FC1CC8B6ABC1C7
:103E7000084680D82A1C0230C140DE096004261C96
:103E800003301470FFDF30F4C3400000B80BC141B1
:103E9000151EC311520EEFFF041E03101470FDDF38
:103EA00022F4B6D8291C02304024413A7ED84C7105
:103EB000CE096000C143147016F4C3400000C05D19
:103EC000260EEFFFC14114700EF4402481390C70AE
:103ED0004C71260FEFFFC143147006F42614803096
:103EE000B3E004AE8403220055261018AD702E7086
:103EF0004A2200204F2140212B1C02304024C13A8D
:103F000050D84C71C143031C42336AC5720960002A
:103F1000271C4233A30831000A2700108A20040B13
:103F2000C60DEFFFC14106E803148130FFDF0FF03B
:103F30004024C13055D84C71BE0EEFFFC14303146D
:103F4000813008476C21028122F444214000E57849
:103F50002F2607F0E4F32F26C7F32FF44024C139AE
:103F600052D84C71920EEFFFC1430847A5E88AC1B1
:103F700053D84C71820EEFFFC143271492302AC1EF
:103F80000847402A12220522522017F04222000838
:103F900025B827087501F2DFF7DF252000000DF0B6
:103FA00004F006F006F008F0F6DF07F0F5DF05F0A4
:103FB000F4DF03F0F3DF142640142671390934A826
:103FC00064188404861603110C10022120100121AC
:103FD0008A1615110810002114101621CB4000007C
:103FE0000008412BD301412B14022F23C730412A53
:103FF000030204100D2140280B1129B947C3412D9C
:10400000032246C34128030204238B15C5B97E163B
:104010001F1144C3842304201726C3224128CB0147
:104020002F2707207C218004412DD21145C0022476
:10403000C0248422042042C0412D0012001005211A
:10404000412FC4310220800482161E1184240400F2
:1040500048C0412F0032022013010FD8412AC60167
:104060002F26872008B8412D02015325D10243C3D2
:104070002418422004261230AF7B2F218707447872
:104080000C2100A2427300210500C340FFFF00F095
:104090002F27C737C021062011738A243C00C02374
:1040A00006008C2702B0C027063148379F300737FB
:1040B000813FA04000008E1609118C2302B0C0235E
:1040C00006310C250082C02506004129C0111010C0
:1040D0000C2184200400CB40484400002F210733EA
:1040E00084260400412DC7212F25472541C14129A0
:1040F000011210494830800007301F02412CC011C6
:1041000028BC84200400104C4830800007301E0278
:1041100007C08C2602A0C02606210E26060006C077
:104120008C2502A0842704002F224702C0250621E7
:104130008C2702A0C02706218C2202800220CC01FD
:1041400004C0C022060148328200842304100732D2
:1041500009020220C20203C0DB40803B00008C2128
:1041600002B048308B0005C048338D00C0210631B5
:10417000AD1E021002C048319930483181204830CC
:10418000940008C0483393204832910048308000A2
:10419000003003065020C2356BA607310332502091
:1041A000C03527A62F26C7F3A9A6003382100033F7
:1041B0000B200031802F8038000048339B3011A63F
:1041C00000330036483696200CA60036802F003D7E
:1041D000000048348710483797200037810F803817
:1041E000000010A60037802F003D000048369200E6
:1041F00032A648358100483595200EA601C001320F
:10420000860FB841000000340C260032822F80381F
:10421000000028A60035812F003D0000501E8011AF
:104220008DA6281EC01253A62FA6581EC017601EAA
:10423000801706A6541E401277A618F44024813A2F
:1042400050D84C713A0E2000C14308478EE82C101C
:10425000802004E82C18032042082000C1400847B1
:1042600084E8ED702C184320ED78ABC004141B34A7
:10427000DAC6E0780FE82C701018800F1300C83BE6
:104280000C18800F1300503D0818800F1300383DA4
:1042900002F0FFD9E07F2D78E8C3A2C1AD700847D6
:1042A000071C4233041C4433AE0D200440C52AE8E9
:1042B00080C0EE0AEFFFE141810831000846031497
:1042C0009030150871200C70F20C2000E141084676
:1042D000AD71B4E84024C1310C764C71E1437820D3
:1042E0004D209E0D2000071CC3310846A6E8C340A0
:1042F0000000B036F209EFFFE1410AE8FFDE1EF0F0
:10430000A817011056E96079E14020F080C0920AB8
:10431000EFFFE141084692E8051480301D08F101E5
:10432000F0DE4024C1310C764C71E143520D200087
:10433000071C43310DE8084609ED2F2687F307F4E3
:104340000C717A0C2000E1410846CD78C8C7C34003
:10435000000050469209EFFFE141D2E880C0420AD6
:10436000EFFFE141E9E805148030D1085181CD70BB
:10437000E4F1E078E2C228454A68C341F03F00001A
:104380006E0DA0020C70C343A3400088020AEFFA2E
:104390004C70AE0ECFFA8A22200C14200100157A40
:1043A0008021300600A542A521A5C2C6E4C3A1C153
:1043B00024118300484508460C70416B250BB00062
:1043C000241982001F0B70004C7199EB4024C130FE
:1043D0000C764C71A143AA0C2000031C033214E894
:1043E000C4C74024C1300C76A143960C2000031CA6
:1043F0004331F8E82086028608F0231902002419C8
:104400000200C4C720860186760EE000A1420C702F
:10441000C4C7E078E4C081806080A28000340213C9
:104420000033C0000130820000354013013200002B
:104430002F3200002011800040A185E8211180006A
:1044400006E82219430004194300C4C4BFBBC3409B
:1044500022450080BFBD04330080BFBCC4340B9034
:10446000C4350B90C4320B8046F6058986E82219C4
:10447000030004F022194300C48906EEC340FA4445
:10448000000005F0C3401645000004320080C4352A
:104490000B90C4330B80C4340B90AE07CAFF058960
:1044A000D5E804EE2319430004190300C4C4E078DE
:1044B000E4C3A2C108469508300028454024C13114
:1044C0000C764C713209EFFFA143004114707EF469
:1044D0000C70061C0230041C043040C040248131A2
:1044E0000C764C719A0B2000A143004197E8C34021
:1044F00000003075F20FAFFFA141FFD98FE80C74B7
:104500002C713A0A2000A142004189E80C712C71FB
:104510004C71F20FAFFFA14300412F2647F0061C5C
:1045200043311CF4402481310C764C71520B200035
:10453000A143004192E8C34000003075AA0FAFFFCD
:10454000A14106E8FFD90AF0FFD940F080C0520827
:10455000EFFFA14100413CE82F2647F036F40DD88B
:10456000C1416A0D6005A1420041B0E80BD8C141CC
:104570005A0D6005A1420041A8E815D8C1414E0D71
:104580006005A1420041A2E813D8C1413E0D60057B
:10459000A14200419AE80C702C704C706C708C70C9
:1045A000160B2000A145004187E88A200F0A3A0F28
:1045B000AFFFA141004107148030110871000C7158
:1045C000FA092000A14100412D78C4C705148030AC
:1045D0002B087101402481310C764C71A143A20A51
:1045E0002000061C03327508318000417DD805B8D3
:1045F000F60EAFFFA1415108118080C0A20FAFFF9E
:10460000A141590831800041051480304D08F181E5
:104610002C70402481310C764C71A143620A200039
:10462000061C03313508318000417DD807B8BA0E29
:10463000AFFFA14125083180FFD980C0620FAFFFD5
:10464000A141190831800041051480300D083181E5
:104650000AD8960EAFFFA141004180F1E8C3A3C183
:10466000084530400C7042C041C0C70D301040C0FA
:1046700080C131D80CDA820FAFFF0243B708310096
:1046800008400A14803007148E3021C309148C307E
:104690000B14813006148B3022C7031486300514A6
:1046A00082301510892008B808BE08BB10B910BFA9
:1046B00010BA98606176C0730D70EC7019610026B5
:1046C000CB132F093E107A620114803020C30214EC
:1046D0008C3008B8786010BC00200703C34600FF88
:1046E00000000C27808F80000000C02786010C701E
:1046F00097B8CB4400FF00001071C02106030C23C3
:1047000000904029431740298917C02306131072CF
:104710005FBB4229C917C02206030423C302042237
:104720004202001DC01123A562A541A503F08A2005
:10473000C31F2F200502C8C7E2C3A1C108444040DF
:104740004845160920042043FFD9B5E8090CB110EB
:104750000C708FEB0B0CF1100C71170B9500110CFA
:10476000311160400B0BD4000C7203F0604004B8B0
:104770005324C1104420000C2578031C023040242F
:10478000C1300C744C71FA082000A143004193E839
:104790004024C1300C764C71A143E6082000031C74
:1047A0008330004187E88A200F0A3E0DAFFFA14108
:1047B00000412D78C2C7E078E4C3A1C1084520407C
:1047C00096082004284604E8FFD958F040244130D8
:1047D0000C764C71220EAFFFC143A108310000419D
:1047E0000114803095087502FCD904772B08B500B8
:1047F00080C10C764C71C14386082000001C033038
:10480000790831000041C34000007017DA0CAFFF97
:10481000C141FFD9B2E8C1403E082004031C423325
:10482000FFD9ACE84024C1300C764C71520820000E
:10483000C1430041A2E8402481300C744C71BA0D90
:10484000AFFFC14300419AE802148130B571C34003
:104850000000709424B9C342A100900DC078110DDE
:104860003011C1B90D0DD110204A04F0357A0482FF
:10487000760CAFFFC14100412D78C4C7E2C20841A8
:10488000604068454843D20FE0032840230B3010B6
:10489000FFD91F0810108DE86085838521400141F4
:1048A000607C614214AD04E8FED903F02C702D78D1
:1048B000C2C6E078ECC3A1C168474846284510420B
:1048C0004024C13060D84C71A0430A2140212A0DF8
:1048D000AFFF0A20002103E8CCC703148030BB7966
:1048E00044224320526E44218C00B36F44220201C3
:1048F000857B40280B2144250D126C200C010523DB
:10490000800044230114A57825788578031C0230A3
:104910004024C13060D84C71660FEFFF2243CCC7F2
:10492000E4C2CB45A100580808460515C010060B87
:10493000A005041D4310C341A00028CF260CAFFFE3
:104940000C70147023D803F2C4C6B91681100C7011
:104950000DADC6B904ADB91E4210C4C6E4C2CB4504
:10496000A100580808460515C010DE0AA005041D60
:104970004310C341A00028CFEA0BAFFF0C711470A5
:1049800023D803F2C4C6B91681100C70041D03109D
:1049900087B9B91E4210C4C6E07F8A201F04E078A0
:1049A000C340A1006008E07F0080E078C342A1001E
:1049B0005808648A2045061A430005EBE07F061A72
:1049C000030008A24025000730D9C342A000D8CF79
:1049D000C3441300F0A6A505A00412DBC340A10048
:1049E0005808E07F0080E078C3401C3F3841E07EFB
:1049F00017089002C343A1005808190850011F0866
:104A000051000C8B08F0C340A00028D0008804F0AF
:104A10000D8BC1B800A9001A8500E07F0C70E0780A
:104A2000E6C2CB46A00028CF08454E08EFFFC140A4
:104A30009708310023DFC140320CAFFFA0A68B08DE
:104A400031000C702C714C716C701E0AAFFFC144A8
:104A5000BBE80C712C714C71AA0AAFFFC143B5E8D9
:104A6000B91580104E85CB46A1005808C6B8B91DAF
:104A700002100C70A141607A0C1E0310058E8C2070
:104A8000C38F0CF40086C341130044AAE209A005B9
:104A9000A142A209A00505AE4E850C70607AA14125
:104AA000B9158110C340E73B47ABC343EB3BF61B53
:104AB000C342803A5B9EED70C6B904A605A666A601
:104AC00047A6B91D4210E140C6C6E078E8C23040B2
:104AD000CB45A1005808CB47A0000CD02B08B40050
:104AE0000846490E30145827411E8C260290CC26C9
:104AF000829F0000FF0007F40C700241C2086005AD
:104B0000C2A50285C8C65827411E0C70AE0CEFFF27
:104B1000041D431086E80C700241A6086005C2A57A
:104B20000285041D0310C8C68A09EFFFE1404487CF
:104B30006587C3419643000004324080C4334680F9
:104B400043F71C1F4310147060D94832C202483327
:104B5000C002CA21A1004E7A0E7B8C70020DA00407
:104B60000240381002200C70607A024110D8C8C68A
:104B7000ECC2CB45A1005808E08530424609EFF26F
:104B80000846B60FAFF2104000420C712E09EFF24A
:104B90000241268D1041041D431006E9E085041DE5
:104BA000031056F0C341A00028CF0C700E0CEFFF8D
:104BB00030409B0811009C120120A0120020C3422B
:104BC000C843000004318083CA2645100436009093
:104BD000CA260510043680904DF6C34048430000B5
:104BE000043600908BF60436809049F700A5CD730B
:104BF0001FF040A5CD7240401BF0C341C8420000E9
:104C00000436409088F60436009046F720A5CD740F
:104C100020400FF0C3404842000004360090B60028
:104C20002B0004364090AE00060000A5CD756D8DBA
:104C3000110BB0002C700430808044F782EB2C7193
:104C4000C140FA0AEFFF024204E8E085E140CCC629
:104C500002858C20C38FCC20828F0000800030F42E
:104C6000190930202C707C11002080208D0520A88F
:104C7000FE184480FC1844805AD8AB20080E0C74EF
:104C80003A0BEFFF02411040D20F60050515C0102E
:104C9000208502310000BFB80430808F833A6F1244
:104CA000CCF6920F60050515C010DA0F60050515EA
:104CB000C010160BE0054240950811A0C341A000AA
:104CC0004CD0B60EAFFFC1400C70260F20054241FC
:104CD00066F1C341C84100000436409087F60436AF
:104CE000009045F720A5CD7694F1C34048410000DF
:104CF0000436009087F60436409045F700A507DE9D
:104D000097F1C341C84000000436409087F604364E
:104D1000009045F720A508DE7CF1C3404840000024
:104D20000436009087F60436409045F700A509DE6A
:104D30007FF1C340C83F00000ADE00A579F1E078AA
:104D4000E4C35908B002A1C1CB45A10058085F08CF
:104D500050019708710023D85B0AB40040230E0766
:104D600000898D700CAD80C22C746C73C140031C23
:104D70000233021C0233EE09A004001C04330C8D24
:104D80003508D0003B08500043089000A6E8021404
:104D900080304620000C20F0C341A00024D05849A8
:104DA0000E0EAFFF5821C20F1FF020890C70C1B941
:104DB0002DADC4C7021480304520000C0CF0021445
:104DC00080304620000C84B806F002148030462063
:104DD000000C85B8031C02304024C2302C746C7166
:104DE0003A086006C1400C70C4C7E078FAC2FC1CE7
:104DF000C8B6A1C108460E704E740C710026821F01
:104E000000004009001A02040DAA581A02042D1AC3
:104E100082048A220A0043A6C342BC3FA549811EE0
:104E20009810C342473E3D6B44A6C3427642383297
:104E3000CB43003F0000CB450A43437C801E9810C3
:104E4000C3422E3F15087F1E5813C94545A64F2360
:104E5000C21540C280251F1DA01E021006A618AD57
:104E6000DC1D021000C0C34648420000D341344359
:104E70000000C341CC3ECDCCD9404F26C2054F23C4
:104E8000DB15891D8294D91D82944F23D215E01D14
:104E90004014D341A1000C30CB444C3FCDCCC34493
:104EA000E1430000CB41CC3DCDCCC347F93B6C097D
:104EB000C34302445535C3459C4600408A254C20D7
:104EC000CB40D63C62A1D344A33B0AD7D347233C73
:104ED0000AD7D343663F6666DB47A04100008A26B7
:104EE0000332CB47614400008A260F205021D905A8
:104EF00080200C3E591ED816BC1D40904F23DB1558
:104F0000A81D809023A5E41D8094F81D8090D342B5
:104F1000033B6F126B1D5810611D1810661D981011
:104F20005626401B5521012990DA981E8112B01D8A
:104F30000093901D00918C1D8091A41DC092B41D02
:104F40000294A01D809F833A6F12AC1D4092981D61
:104F5000C091B81DC090941DC096841D409180A53D
:104F6000E01D0091DC1D8091F41DC092041D02140F
:104F7000F01D809F833A6F12FC1D4092E81DC09186
:104F800062A5D41D4091201D0494221DC390C01D14
:104F90004415C91D4311C41D801F20420000741D0B
:104FA000809F70410000341D809F0E3D4DF3301DE9
:104FB00000922C1D80941C1D0095181DC095E81DA5
:104FC000C014641DC097D41D4012681D1813601DC5
:104FD00018115F1D9811A81D9C174D1D5816EAA5A4
:104FE000651DD812641D981F833A6F12671D5812F1
:104FF000621DD8116A1DD8105D1D5811660A2FE771
:1050000068189CB500C44A248071D343004700004F
:10501000CB47A342D1D6DB47D33E98DD0A26803F5B
:105020003B4AC1BFC345DC44304EC344513F18B76F
:10503000C347983DC2B5C3463D3EB6F3CB41A33C02
:105040005305CB40513917B7CB437B3ED75E95BC58
:10505000C3437A440000C342FA430000C340000047
:10506000409CC34183413D6C00188531ED1803B26B
:105070007E1ED815CB1E98147D1D989F20420000DF
:10508000761D1894C81ED814C71ED813C61ED8176C
:10509000C31E9817C21E5811DD1E1811D51ED81137
:1050A000CD1E9811CC1E5812CA1E1812B91ED81245
:1050B000751D1893741DD890731D9890721D1890CB
:1050C000711D1890B81E5810A82000060021022457
:1050D000152101240C12CC80B8110380D01102805C
:1050E0001526001406718020170B4834811060A02B
:1050F00046A06CA0E41840807DD917B94A2480717D
:10510000C140901D5890911D5890921D589081D982
:10511000C342744900248020190C17B9931D98903C
:10512000941D9890951D9890A82000010418500097
:105130007DDA05BADB47A0400000C9470E7040A0E9
:105140004F27803580271A13A9BA8A240F2AD34300
:1051500096430000BA1D1890281F02945F665822DB
:10516000000FA71D189500261410101FC09458207A
:10517000530800C000C3C341164500008A25012E14
:105180009C1D58909D1D5890A11F18900026C11479
:105190005823402CCB411200804F961DD890CB4312
:1051A000193E9A99CB449C450040C3444C3DCDCC1C
:1051B000C343C8410000C347AF430000CB40384160
:1051C0000000DB408F3C295CC346A33C0AD7C345A3
:1051D00000410000D34740400000D3460243000096
:1051E0000026921F00004D0A0A26803F383DEC51F0
:1051F00012195C85D86090DA22416F1D989F204279
:105200000000BC1DD897A61D5892991D18949A1D90
:105210001894971DD8929E1D18939B1D1894981D45
:1052200018916E1DD890BB1D1892001A4320001FC4
:1052300043100C1FC091341F809F0E3D4DF3301F53
:1052400000962C1F8091011F0214081F809F833A33
:105250006F12A31F5891A21F1891A01FD8959F1FCE
:10526000D8979D1F18949C1F9895FA0FEFE6711F11
:1052700098974A2440724023012DC3408638BD3799
:1052800000218103351F0214051F0214E41C02A42F
:10529000AC1C02A4531A8321AA1D981F7041000060
:1052A000961F1890A8204003002100241C10C080E5
:1052B0000671483080005E1918000419100083DA66
:1052C00000268B1F0000E2090026801F0000E00975
:1052D0004A27000A8C70C346FA3D5E91CB41863E58
:1052E0007221CB40DF3ED37D0026811F0000E00EFF
:1052F000CB47FA44000095264E1C3FDDCB44C04905
:105300000092C3430749002417BA001B8517101EDB
:105310004293FE1BC291FC180185EA1B0491E81818
:105320008081E4184082E0180082DB1B8394E0A1B6
:10533000E419048104184102F8180083F418C080AD
:1053400070190201FC198080877404141B34DAC6BA
:10535000ECC3ABC1284688C14847160DA0030845D9
:10536000AA0CE00188C0D341DB2EFFE60430408464
:1053700043C0D8F63A08C0013D0E13125D0E50101E
:10538000710EB010D5749EF4418520856285003081
:105390008D005221C007041C013040C342C053F0AD
:1053A000408521850285AD700C1C013040C241C191
:1053B00042C04AF0590E1012710E301890E682F475
:1053C00042852185608500308D005221C007081C70
:1053D000013041C340C037F04085228561850030EF
:1053E0008D005221C007001C013042C341C02BF088
:1053F0002085418562855221C10700304D0052222F
:10540000C207001C013041C342C21DF02185428504
:1054100060855221C10700304D005222C207041C92
:10542000013042C340C20FF0228540856185522180
:10543000C10700304D005222C207081C013040C392
:1054400041C243C580C02A0CA00385C17FDE17BEC0
:10545000013581135026C01500311000AE0BE0015C
:1054600085C0104284C0D20BE001101C003404320D
:1054700040A442002C0004358093CA2589130132D0
:105480008124023640130730400043C0AA0BE001DC
:1054900083C004C203C000C101C302C443A70031DA
:1054A00002000030C1000030000340A721A702A77E
:1054B000CCC704C02C7022A721A720A703A7CCC764
:1054C0004085218502857FDD17BD43C570F1E078F9
:1054D000F1C0B60D4005D1C0E07F0C70F1C0588816
:1054E000C343A100640C084423D8DAE2984B09F6C0
:1054F000210A5001170A9003170AD0050EF0DBE2CB
:1055000008F2DDE205F2DCE208F4604102F0A84BAB
:10551000060B600481400C70D1C0E07EEAC2BA8004
:1055200008460B8D73087F0028473E0A8FF2BFE7BD
:105530001041304009F612EF370F70104C72290FEE
:1055400031144C7315F0C0E70AF2E0E70AF28C2739
:1055500002900AF44C760DF04C710BF04C7409F08B
:105560004C7507F08C27C39F4C72CA22E1012C7343
:10557000AC71C1402243020B60040A24000410866F
:105580002C72AC71483040020F7AC1402243EA0AC3
:1055900060040A240004110FB5100C700CAD04B5A2
:1055A0004E1E0210CAC6E078ECC3A9C13470104286
:1055B000A0F254709EF25522CE2D1A86CB441C4187
:1055C0000AE85D86691603160DDD003000031ABD7A
:1055D000A1410432408302330000CA218900073010
:1055E00042001B867E866A160B16A141003000031E
:1055F0000433408302330010CA21C9000730410040
:105600001C867F866B160B164A4700300003043356
:10561000408302330010CA25C91007304003802799
:105620000A1340C241C142C0FE0DA00180C0208FBC
:10563000C309B4005522D129D340A100443101301F
:10564000830F9CC10AE81520412041810030C00031
:105650000130810FC0423D5700328000043100808C
:1056600092002C007FD917B94240AD703DA63EA6EE
:105670003FA6802008032C7060DABAA6BBA6BCA6A1
:10568000260AEFF4A0AFC3407AC40000691E1810C8
:105690006A1E18106B1E1810402200252C707CDA30
:1056A000661E5813651E5813671E5813681E58133C
:1056B0004B1E5813F209EFF4B81E40934A24807130
:1056C0008022042BA82000020110C0244830800052
:1056D000041A10204A248071C341C842000083C0CC
:1056E000A82000010418500083C0360FA0052241F5
:1056F000CCC783C12240B20A200083C50C140030FD
:105700004A244071A8200002041501120430408090
:10571000CA2045000430808F003F0000CBF7008F87
:105720000CE80431808FAD42000008F7001F8310A1
:10573000CCC7001FC310CCC7001F4310CCC7E078F4
:105740006A24801251248093E020820F1100F47E9D
:10575000CB44000033003E79EAC208476040704005
:105760004845360D20053041209F09208E0F00004E
:10577000FF7F33098303C0B710110121009D1A0D6B
:10578000200524B509088503001D04141D083220D6
:105790000395219579204000061D4510386001B51C
:1057A000CAC6061D0510CAC6229579208000061DAE
:1057B0008510386002B5CAC66A24801251248093CD
:1057C000E020820F11001080CB4400001C003E79C5
:1057D000E4C27470A84588462043004117F2008255
:1057E000818220A20E204080032301832E09EFE650
:1057F00061A2073602707A4700000C700036411330
:1058000004324080CA206900C4C60C70C4C6E07867
:10581000004114700C70E07C29893470E07CE07FDA
:105820000C71E078F1C008E8CE0980005020FE87B6
:105830000C7103F40C70D1C0E07EE0783B7962B962
:10584000386034208C0F0000880E6C70216C307929
:105850001B09B4009420DD042090004285E97FDB21
:1058600017BB814180B2247720B2E07F6040E078AE
:1058700007213E80260024001A61072201002F26FE
:1058800046F01A002300BF20FF0FC3410000FF7F36
:10589000C342FFFF008014703C72E07F4E78E078D6
:1058A00007213E801E002400196107213E8016005A
:1058B0002300BF20FF0FC341FF7FFFFF1470C021F3
:1058C0006100E07F2040E078F1C005E91608200083
:1058D0005878C3410000FF7FD60B0005D1C0E07EA1
:1058E000E1C5004317E9317C717A052A00031A20CB
:1058F0000D03A27A5B7A150A24030721FE800A00B1
:105900000300170C851004710721FE800A000400B3
:10591000C2C46040C2C41378C2C4E078E8C2504038
:105920002846760B2005084508476E0B2005C14028
:10593000EC7842204120167001284200C343000049
:10594000FF7F01280104C0BACA2221001109E10029
:10595000C77D090D12104C70604109F0016B0F09F1
:105960002400A4782FB84C7079605961B570CE21AD
:105970002B002E78C8C6E0783248072103000722A2
:10598000010064792F2646F018002300BF20FF0F86
:10599000C3410000FF7FC342FFFF008014703C72D0
:1059A000E07F4E784A248071A82080011C100204F8
:1059B00004199000E07EE078ECC20845D20D6FF249
:1059C0009AD8318D770930001042188D6B0851003C
:1059D000E60D4FF26E096FF210411040AD7124E8F0
:1059E0004A270010176F2270D88888E6CC26829F3D
:1059F00000009A000CF229880AE9FE0F40005020AE
:105A0000FE8706F27A09EFF8C140047DC14080208C
:105A1000BE060D0834018C26029403F4AD70E571C6
:105A2000C50F049409EDD20F600042405020FE875C
:105A300080D803F2CCC6FFD8CCC60C70CCC6E078B8
:105A4000F0C3AFC128467E0A6FF20847EA086FF23A
:105A5000104100420C732241620A6FF25040104222
:105A60000C712241560A6FF2024208450C75224120
:105A70004A0A6FF202423F85104314E980214D0427
:105A8000CB44A10008094089008C1908A00016D950
:105A90002C1704106A87AC70E140DE0D200440AC86
:105AA0003E0F6000A1401040AD70130A30208E7090
:105AB0002E0F6000424048301400483010201B0B6D
:105AC00030202E701A0F6000624048300000003015
:105AD000910F0038000085C02C7014DA4DC5CA0D36
:105AE000AFF443C52086C340A00078D610DA25A0C5
:105AF000218626A0228627A0238628A0248629A0E6
:105B000025862AA026862BA027862CA0288620A0C2
:105B1000298621A02A8622A02B8623A00241DA080A
:105B20006FFA00864AC0018610DACE086FFA024189
:105B30004BC0028610DAC2086FFA0241438644C5A0
:105B400042C541C540C5AD702C70483290004CC074
:105B5000350A3020381C0034048610DAC2086FFA87
:105B6000824140C0058610DAB6086FFA824141C012
:105B7000068610DAAA086FFA8241278642C04831A9
:105B8000810044C16D7049C547C546C5350B3020FD
:105B900045C50B86688689864A8648308B0048331F
:105BA000830048348C10483280000031C32000311B
:105BB000022300310020241CC03245C346C247C026
:105BC00002406142160C2003ABA6CB44A100E408BE
:105BD000248C06E884E9041C431004F093091000A7
:105BE0000A876B87D341A00074D400429C220F0A1D
:105BF0009A230F0A9A200F0A402404307A6241281F
:105C00008101402A8006057926BA8AC340240535D9
:105C10008140E20DA0020A264004F60F2000224037
:105C2000A087081F431023ED320C6FF3A1401DE83D
:105C30000A0B6FF2A1402E0C4FF317E81D953C950F
:105C4000C168250E44101585CD70C8AD10400CE814
:105C50000A8722410AA50B870BA523200004A14037
:105C6000081D4310DDB5A085E0ED081F03100C7082
:105C7000D0C7E078E2C2D60E60010845C340A1005B
:105C8000E8084E1D031000180300C2C6E8C3B9C1DE
:105C9000ED70021CC2332E086FF2001CC4339A0E42
:105CA0002FF2104008450C73024112086FF2A14216
:105CB000CD7006E82A0D400048300E000C710241FC
:105CC000FA0F2FF2A14206E8160D400048300F00EF
:105CD0000C750241E60F2FF2A14207E8020D4000C9
:105CE0004830010002F02C70CB45A100E408A1402F
:105CF000E2A5C3A58209E00228A56609E00280C0EA
:105D0000F60AE0040285F20BE004038581C02C70E2
:105D1000960BAFF460DA81C1960DA002A1408CE829
:105D2000C340FA44000054C081C1A1406E09E002A2
:105D3000541C4330C340A000DCDD2E088000C3416A
:105D4000A00088D60C7000194300C8C7C1E0CBF68C
:105D5000FBE0D4F6FCE01AF2FDE01AF2FEE014F2E9
:105D600018F01108B5012AD91121008044D913F483
:105D7000C1E010F40CD90FF0C2E006F2FBE00AF427
:105D800010D909F02C7407F00AD905F029D903F0CD
:105D90002C70E07F2040E078EAC2059070415040CE
:105DA00041280D020F7EB04EEE0EE004284789E038
:105DB0000C700EF70926401365B800B7104D001897
:105DC000042020970C71314E00194420CAC6E07897
:105DD000EEC248471522020141820A230021704287
:105DE0005022FE8702F4CEC65F2110055F2191028A
:105DF00008468020080EAD7080260F170020102066
:105E0000A04F152041236E0E2FFA0030800400268B
:105E1000421414224103A571E90DE49400B1CB0BA7
:105E200011A104870030800F8046000048304002F6
:105E300004B2CEC6E4C2484608452EE91485328530
:105E40003E21030020420D086300551DC210416829
:105E50001085BE09200454A555158110416850A530
:105E600008E93285AA09200411855085047111A51D
:105E70005A22800120967485BA60FA1A44800196ED
:105E8000FC1A048022967A234000541D0210FE1A48
:105E90004480C4C65415801087E8328572092004F6
:105EA0001185047111A51485551D03101470047714
:105EB000CA202C0014A57A204000541D0210C4C62C
:105EC000E6C3A2C1BF8040200E07284780C27CD90C
:105ED0006C7292082004C1400114803038150610FD
:105EE0004024423050200100011C4230071C023087
:105EF0007CD96C718C70AC704A0FA005C1404024F5
:105F000042312FD96C71C140120FA005051C4330DE
:105F10000E85C60F6FF14830C00280C23ED96C7347
:105F200042082004C1400214803001148230F57010
:105F30008A213E00C6B8C5204200051C8230061CDE
:105F40000230402442313ED96C72D20EA005C140CD
:105F50000E85860F6FF14830C002381506104024B8
:105F6000C2317CD96C718C70AC70DA0EA005C14066
:105F7000C6C7E078E6C3A2C1DF8040200D074024F9
:105F800082317CD96C72DE0FE003A14007148030AF
:105F9000381606104024C231A0B8071C02307CD944
:105FA0006C718C70AC709E0EA005A14080C22FD980
:105FB0006C71A140660EA005001CC3310E861A0F3D
:105FC0006FF14830C002C341A100BC080091E289D2
:105FD0004389639160C0248928B8956F06BA53201D
:105FE0000F0144240018021CC23028BB8422010087
:105FF000E57807B9C2BB45788523020C2578031CD8
:10600000C230011C023080C236D96C740E0EA0055D
:10601000A140402482317CD96C724A0FE003A14038
:1060200007148030381606104024C23180B8071C8F
:1060300002307CD96C718C70AC700A0EA005A14046
:10604000C6C7E07840805222C20740A14180522258
:10605000C20741A142805222C20742A10380E07FD1
:1060600003A1E078FAC2FC1CC8B6AAC11043101BF9
:10607000010080230B2A6847001383201041D3427C
:106080008B3A58A04833000003A7B4110026D34030
:106090006A44FBAE8846003080040021992F00003E
:1060A000D40D00A7008128450A24402100300004B7
:1060B000584000A6B51100260030800401A70181D8
:1060C0000030000401A6B61100260030800402A7AB
:1060D00002810030000402A6038103A60011803073
:1060E000E2B8A2F20021972F0000C40E0017012190
:1060F000E8B99AF20021962F0000770E0016802052
:106100006F7004E84C706DF00021952F0000800E38
:10611000001580204C708C20C38F0C7061F280C001
:1061200014DA4209AFE6A141008521854285BE13FC
:106130008BA0003000040031010400320204171C5F
:10614000033040C041C16D0BB41042C2AA110C26ED
:10615000AB110826AC110926BF1383A00130000340
:106160000131010201324202AA191820AB1958204C
:10617000AC19982005EB096BBF1B02A024F0BC13DF
:1061800083A08AEB483303100732C2000731C100F5
:106190000730C0006C7042234C1042C241C140C065
:1061A000AC19D820AB19D820AA19D820BF1B02A33C
:1061B000224080200A0D80C186C34024C435020BD2
:1061C000EFFB0342BC1380A003E8BC1B03A0171421
:1061D0008230001701210015802079220200047707
:1061E0002F2645F00E002400001E02204C70171CC4
:1061F000C236B41100260030800400A7B511002675
:10620000003081044832000021A7B611012604A7FE
:1062100000138320003180044833010023A702A724
:10622000001180302F08FE002086B4110026418620
:1062300082860231010020A6B5110026023200003C
:106240004833020001A6B611002643A6023400100E
:1062500002A600318004001C00200186003080046A
:10626000041C0020028600308004081C00200386E5
:106270000C1C0020AAC004141B34DAC6E6C228464F
:106280000845210864004847422640101508450388
:10629000C140560AEFFEE14184E8C27DF50D8593C9
:1062A000C6C6E07807364270484700002C700118D7
:1062B000430007368370F44900240432408053A021
:1062C00063A0C5F63FD918B904F0C34100BF000070
:1062D000013241004831C102E07F4A184400E078B1
:1062E00048217C0000430C70A820C00101138104E8
:1062F0005071E07C0471E07F0C77E078E1C561804B
:1063000048310C00483381000731040320800280AB
:106310004831810007310703483080000730060309
:10632000003401010037C001013041000036800116
:10633000013101000431808F10400000B4002600BC
:1063400065D80431808F803E0000A8002C006C705E
:106350000437C080E844D224EC170434C0800A23F8
:106360000011D223EC170434C0922C708941CA2149
:106370006500CA21C5120436C0800A208011D220CF
:10638000EC1704310092CA21A500CB45663F666632
:1063900029097000043340939BE90434409354006E
:1063A00005000434809F8C3FCDCC48002900043781
:1063B000C080001A430019F09CF70433809F8C3F83
:1063C000CDCC18F6011A43000434C0800DF004301F
:1063D000409390F70430809F8C3FCDCC0AF6043672
:1063E000C080021A43002C770C70CA21660023AAD1
:1063F000C2C4E0786A24801251248093E020820F86
:106400001100B49FCB4400001B003E79FAC2FC1C73
:10641000C8B6A7C1AE082FF210401E0FEFF1084614
:1064200008450C71C14196082FF2A14208470C7330
:10643000C1418A082FF2A14210420C75C1417E0869
:106440002FF2A14208450FEF960D2000E1404830A1
:10645000000007360070004700000730910F1C4114
:106460000AE8210A30204240760D00004830000042
:1064700007360070004700000730920F8E3C35FA57
:106480000BED5E0D2000A140483000000736007083
:106490000047000003F07FD817B840C0552080287F
:1064A00046C05520C02945C05520402C44C0552029
:1064B000802D43C0562000280A450A460A47552029
:1064C000142B562055295620D62B40201726542011
:1064D00018295420992B54201B2E42C04020132CE5
:1064E0000C70802504158026041F8027051941C0E3
:1064F00001C00F7892E01C010D002520000014F06F
:1065000019F01FF023F028F02BF032F033F038F0C0
:106510003CF03FF042F05CF05FF064F067F07AF03E
:106520006BF071F08DDB2C7017BB8C740240024253
:106530006EF08DDB2C7117BB8C74E24224F08DDB86
:106540002C7217BB8C7462421EF02C738C73024049
:10655000034251F02C748C73024023424BF02C7593
:10656000C343A24584F98C7463420EF006C22C76B4
:1065700030F005C207D98C73424306F000C308D936
:106580008C738242024044F004C209D922F003C253
:106590000AD98C73024035F0FC10002048304002CC
:1065A0002F2607F036F24A24C07002405520C12E33
:1065B00080209102A820C0020411030400C200320E
:1065C000C2004832C2020218940024F002C20CD960
:1065D0008C7302400FF00DD98C730240A14211F070
:1065E0000ED98C730240A24211F00FD98C73024075
:1065F000C14222430CF011D98C730240E142424364
:1066000006F012D98C730240C24200C3C60F8FFF3E
:1066100001C0047141C00F7895E0D806C5FFA7C03E
:1066200004141B34DAC6E078E4C2284608452C700E
:1066300024DA760A6FF4C140028521850030020019
:10664000003140007FD90130800017B901300000CF
:106650000231000000A643850285818560850030F7
:10666000820000330003023080000130000003A6E6
:1066700043850185828560850030820000330003F8
:10668000013080000130000006A643850285818527
:10669000608500308200003300030130800001304B
:1066A000000001A602854085003003000032800012
:1066B0000130C000013000000231000004A6438513
:1066C000008582856185003082000033000302303E
:1066D00080000130000007A6438501858285608522
:1066E00000308200003300030230800001300000DF
:1066F00002A64285018583856085003082000033D3
:106700000003013080000130000005A641850085AE
:1067100000328200003000000130800001300000B3
:106720000231000008A6C4C6E6C3A1C12846084538
:1067300026EA80C0360C200240C60DD800C2502682
:10674000C1171AB804310080CA2049000030800007
:106750007FDC0735031017BCC3418F3E295C003333
:10676000C2000433008340C3D0F601324100073336
:10677000410002364E70C93FDB0F1CF0A140EE0A0B
:10678000EFEEC141084635F04F24CB170433C082E9
:106790004AF7013241000733410002364E70C9BF4B
:1067A000DB0F08F0003241000131010307334E00D6
:1067B000ED700430C0834AF70435C093D1F601363A
:1067C0008E1F4940DB0F15F0260D20052C7011E8B7
:1067D0000435C093CAF6CB46C93FDB0F09F001363A
:1067E0008E1F49C0DB0F05F0CB46C9BFDB0FC14090
:1067F000C6C7E078E2C2484514710C7036F46D09E2
:106800003405001B05052C7014DA9E086FF4A140B6
:10681000C341A00064FB008900AD018901AD02897C
:1068200002AD038903AD048904AD058905AD068970
:1068300006AD078907AD088908AD098909AD0A8940
:106840000AAD0B890BAD0C890CAD0D890DAD0E8910
:106850000EAD0F890FAD108910AD118911AD1289E0
:1068600012AD33890C7133ADC2C6E078F2C2B908FB
:10687000B0008C70C1085100BD095405628A0A122B
:106880008500C48AA68A08129E000C1295000E127A
:106890009300908A1212880014128600218A09122D
:1068A0009100E38A058A071292000B1290000D12E4
:1068B0009F000F128B00111289001312870008BB72
:1068C000402D1402402E1E3208BD08BE402D052268
:1068D000402B132208BC40280812402E0602C34257
:1068E000A00064FB65790521112505269E34A57855
:1068F000E57E05250D040523C3270524CF120520B9
:106900004C120526C6018C7120B2081A4404061ADE
:10691000840702B2C1B2A5B266B2E7B288B2121A57
:1069200084010AF011091401C340A00064FB1A0A93
:106930004FFB8C718040D2C6E6C28A0BCFF1FA09B8
:10694000EFF1084608450C71C141720BEFF1A1420D
:1069500008470C73C141660BEFF1A14204EF248F8D
:106960000D09D00D09E804880F08910EC340A1005D
:106970006A0C00184300C6C6F1C0C34113009868F2
:10698000420FAFF40C74C3411300AC68CA0FAFF4EC
:106990000C74D1C0E07EE0788C2002870C70E07D22
:1069A000C340A100840C5106EFFF0088F1C04043B2
:1069B0008C2002870C7011F40013C2000F0A320001
:1069C0004F78AE0EEFFF604207F0C3BAC341A1009B
:1069D000840C0C7140A9D1C0E07EE0786A2480125A
:1069E00051248093E020820F110084A1CB44000049
:1069F0000A003E796A24801251248093E020820F9D
:106A00001100F4A3CB4400000B003E796A248012ED
:106A100051248093E020820F110004A4CB44000095
:106A20000D003E79F8C24E702D7004E894100900F4
:106A3000CC7004E9941106004A26003003EA94124F
:106A40001E000F70EE70CE70AE708E706E7013E818
:106A50001F808A214506322052006A1018066910EC
:106A60001706681016065910150658101406571008
:106A700013060D70EC706D70AD70ED7037EA1E820C
:106A8000A188ED882F88402D0712CC88AE8808BFDA
:106A900089884B8840291102278805279F130521E3
:106AA0005123A888CA88402C101208BA40290B022A
:106AB00023888588E48805205023C57AA688C08865
:106AC000028808B908BC0525CD122578E57C052685
:106AD000CE114029012410BA10BD40280F04052111
:106AE000C70705220B04857DC57FC342833A6F1219
:106AF00004318090CB44A100E60BC436868044F775
:106B0000001C041204318091C040CA2049020430A4
:106B10008080E2000C000014810002318011247199
:106B2000001C420000158100BFB80430808001695C
:106B3000001D020055F7073640320014810048302E
:106B40004002107810710C709AF70C700D71001CD7
:106B50000200A50A3020001D02000C714CF0043127
:106B6000809150002C0004364082073640320014D9
:106B7000810048304002107810710C7078002500B8
:106B8000043680800D70792200206C002C00001CDF
:106B900002020731821120942471307E4832420271
:106BA000507A550EA41020B4001C04120D7124F06C
:106BB00042002C000F7907368431483440021078A7
:106BC00010710C7098F720940C70043180900D7146
:106BD0002471001D020020B4CEF607364902307A37
:106BE000483141123079110A4400730A31A000B4CF
:106BF00002F00C702F277F006F233F002F267F00AD
:106C00002C1BC001281BC002A9A3E8A31C1B000267
:106C1000181B0006141BC005101B800503A3081BCE
:106C20004005041B0005001BC004D8C63EAA152061
:106C300043006913030692E1E120CD0761A25520CC
:106C400003082520400014F018F01EF022F028F070
:106C50002CF032F036F03CF040F046F04AF050F0C4
:106C600056F05EF064F07EF06AF072F025804831F4
:106C700041023DAA048073F02B80483141023DAAB5
:106C80000A806DF03180483141023DAA108067F0E2
:106C90003680483141023DAA158061F03B80483181
:106CA00041023DAA1A805BF00183483040021DAAD0
:106CB000008355F00683483040021DAA05834FF03B
:106CC0000B83483040021DAA0A8349F010834830E4
:106CD00040021DAA0F8343F01583483040021DAACD
:106CE00014833DF01A83483040021DAA198337F0FF
:106CF0001F83483040021DAA1E8331F0901300000C
:106D0000483040021DAA8C13000029F0A413000093
:106D1000483040021DAAA013000021F0B813000063
:106D2000483040021DAAB413000019F0CC13000033
:106D3000483040021DAAC813000011F0F4130000EF
:106D4000483040021DAAF013000009F0421300066B
:106D5000483040021DAA41130006483040021CAAD8
:106D6000E07EE078E6C3A1C1CB45A00024D9084667
:106D700040248230C340A100E408A1411E0E20023D
:106D8000021C0530C8DAB94DDA0C2FE6C140552691
:106D9000801C5625011ACE0C2FE68A224502C6C752
:106DA000E1C56C70AD7003E8B0808D7002E9908130
:106DB00002EA70820434C090C4F60AE9908109F0B6
:106DC0000435C09008F60DE990810CF08D70043503
:106DD0000093C8F603E81080C2C40C70C2C48D7062
:106DE00013EA70824C7078210B000434C09060402C
:106DF000CA226C00C2F60C707570CA20C10005234F
:106E0000BE9009F2EAF10C7068E9043400900C704D
:106E1000E4F61081C2C4E078E2C2B8884043284456
:106E200026092000A1404C204081160126006D70EB
:106E30006D712520000006F02EF040F050F056F065
:106E4000096DA0E0EE002D00DBE52520000071F0CB
:106E50006FF020F05DF070F05BF01CF059F01AF06C
:106E60006FF06FF06DF06DF06BF06BF069F069F042
:106E700067F067F065F065F063F063F061F061F072
:106E80005FF05FF047F047F045F047F045F045F020
:106E90000CD953F04225801283087502DCE52520C9
:106EA000000040F03EF008F02FF03AF02DF004F032
:106EB0002BF002F00DD941F04225C014690875028B
:106EC000DDE52520000033F031F008F01FF02DF053
:106ED0001DF004F01BF002F00ED92FF04225C01A6D
:106EE0005F08F5002C7529F04225801853087502BB
:106EF00007D947092F002C7038D90B092E002C71A7
:106F00001BF02C7219F007D917F008D915F02C7660
:106F100013F02C7311F02C740FF013F411D90DF041
:106F20000AD90BF00DF412D907F00BD905F009D9E5
:106F300003F007F40FD98140F60CEFFF6042614087
:106F4000C2C6E0784A24007C0A21800FA100E83103
:106F5000A820800144890D0A000008E1E07F0C753B
:106F6000E07F0081ECC3B3C1284510408CC1A14033
:106F7000884770419E0CE00050420CC60DC40EC301
:106F80004C700436C0932C70CA226A000434C0933B
:106F90000C70CA216A000433C083CA206A002F1C07
:106FA00002304024403B2D1C82304609E0022E1C5A
:106FB0004230E7083000424062092FE62241208536
:106FC000618542850030800F153232EC4A24C07151
:106FD00000304C000030C1000030800080A502A5C8
:106FE00080C021A5A8200001041811003A0CE0007F
:106FF000A1404A24807181C2004140C0A820800184
:1070000000304100041A500007318C0F9DC50080EC
:1070100004C10731830FF042000002C10731820F23
:10702000C0C0000003C10731880FC041000005C186
:1070300007318B0F34C400000130810040850131DD
:10704000C100013103030032C10007310200218574
:107050000033410007310C00228500334100073125
:10706000010001C047C28FC20030800F00BF000086
:107070000130800F803F000048C401300002013021
:10708000C0024AC049C187C15608600302408FC090
:10709000CE0D20050241CCC7EAC2184780271F3811
:1070A000D41702B055210F08CB430000080844A1B3
:1070B000B01702B0D81703B000170C3043A165A178
:1070C00089A128170230381703B064170CB04BA100
:1070D00073A194A130170230084630414CA14417E7
:1070E00002305621470B204050A1681702B04A24B5
:1070F00000760A24400455A134170230D1400A26F4
:1071000080334DA148170230C14580201D0151A197
:107110006C1702B08024130380200A2556A138176B
:10712000023080261130802513054EA14C17023005
:1071300052A1701702B057A1501702B059A15417AD
:1071400002B05AA1581702B05BA15C1702B05CA153
:10715000501702364C1703364B170C3640A77EA14A
:107160009DA14D17023641A74E17023642A74F1771
:10717000023643A751170236581703307C170C30DC
:1071800044A767A790A780170230881703308C1791
:107190000C3051A773A794A79417023098170330A7
:1071A0009C170C3056A777A798A7A4170230A817EA
:1071B0000330AC170C305AA77BA79CA7B01702303E
:1071C000B4170330B8170C305DA77EA79FA7E01750
:1071D0000230E417033084170CB0941F8010981FFE
:1071E000C010C81F001357170236801703B0491785
:1071F0000C36DC1F8010E01FC010E41F00135C176A
:1072000002302A448024041748A76C1702304CA788
:10721000C0170230801F801040170236A41F801054
:1072200044170236B41F801053170336CC1FC0100A
:10723000731702364023031256238808F01F80106C
:1072400060170230796600238B1349A7701702304C
:10725000002088134DA7C4170230841F80104117E7
:107260000236A81F801045170336941702B0B81FC6
:10727000C01054170636E41703B004198020D01F3D
:10728000801174170636901702B01C19C020F41F25
:10729000801164170D308D1783B000198020AAA7C4
:1072A00074170D30E01702B00819C220AEA7C81736
:1072B0000630DD1783B018198020881F801142170F
:1072C00006369C1782B02019C22024170331AC1F48
:1072D000801109198220EC1782B04617063628194A
:1072E000C420601783B02119822026170231BC1FE9
:1072F00080113C19C220741783B0551706362A191D
:107300008420401782306019C220DC178330D41FDC
:107310008011751706363D198220F91182007D19FA
:10732000C22050178330F81F80117C1982204C171F
:1073300082B068170D309519C2205417833054AFAE
:1073400052170231ABA778AF9017833078170D3002
:107350009619842084170231541FC210BC170331C0
:10736000AFA7CC170630481F8410A0170231E619CA
:10737000C420EC1783308C1F8011641F8410D01739
:1073800002314317063660ACF8170331901F8410A2
:10739000EE170231B01F8011A01FC410F813831024
:1073A00047170B368F199C207C1782B0C01FC01264
:1073B000291CC21056170336281C82102210821076
:1073C000D81FC010F8118B004D1C821076170236A2
:1073D000001FC20221108B10FC1F8010B31703374F
:1073E0005C1702364E1CC21228108B10EC1FC41002
:1073F00061170336401F98105D170236521CC212E7
:1074000060170B36441FD8103D108310411F981091
:10741000431FD8124C108B105E170236781CC21016
:10742000E2170337791CC212421F9810E3170C377A
:107430008E1FDC106817023672170336CF191C2313
:107440004A240010461F9810481FD810A820C002D8
:107450001526021385120306152102238571691A68
:10746000D8009F16021601108C209E160B16631F63
:107470009810A21602168416091600108120661FA5
:1074800098105316021622434A2480716B1F9810DD
:10749000A016021680230802201B0203641F981006
:1074A000A3160216AD708D70671F98105416021641
:1074B000611FD812691F58126C1F9810A11602166E
:1074C000001B4200651F9810A4160216681F981032
:1074D000551602166D1F9810A820000315260213DA
:1074E0004D1203061521022340244C108E1AD80099
:1074F000561602164A240079741F98105716021661
:10750000751F981058160216761F9810A820C002F2
:1075100015264213A412030015214223A571971AC0
:10752000D80047869C1603104A2480774A2400100E
:107530009B1F98109C1FD810A820800215260213AC
:107540006882152102238571BD1AD800CF160B164B
:10755000D0160316D1160C16D6160216C91FD8124D
:10756000CA1FD810CB1F1813CF1F9810021002216A
:107570004A248071501C9C80C516021633189880CE
:10758000A6160216BC1F9810B4160216BF1F98103C
:10759000B1160216C21F9810AE160216C51F98101B
:1075A000D2160216CC1F9810D7160216D01F9810AC
:1075B000DA160216D31F9810DE160216D61F981080
:1075C000E1160216D91F9810BC160216DD1F98107E
:1075D000BF1602162F189880AA1602163518988022
:1075E000A7160216BD1F9810B5160216C01F9810D8
:1075F000B2160216C31F9810AF160216C61F9810B7
:10760000D3160216CD1F9810D8160216D11F981047
:10761000DB160216D41F9810DF160216D71F98101B
:10762000E2160216DA1F9810BD160216DE1F981019
:10763000C016021630189880AB16021636189880BD
:10764000A8160216BE1F9810B6160216C11F981073
:10765000B3160216C41F9810B0160216C71F981052
:10766000D4160216CE1F9810D91603162242802275
:107670000D0BD21FD810DC160C1648108320D51F16
:107680001813E0160B16341AC2005410832055103C
:107690008C20D81FD812351AC200E3160316361AEA
:1076A0000203FD108C20FC108220DB1FD810251C4B
:1076B0000283241C8280BE160216FF108C20FE104E
:1076C0008320DF1F9810C1160216271C028390101A
:1076D0008C20261CC2807C10832031189880411C8D
:1076E0000283AC160C16401CC280121082201310AC
:1076F000832037181883ED704A240010481C8280BC
:10770000491CC280A820000315260313E6130306B4
:107710001521022385718022100960A24A24007974
:10772000A82000031526C313EC1303061521C2235A
:10773000E5718022100F60A26B1002264A2480712E
:10774000ED70621898806C10022663189880941669
:107750000231201C84006D100226641898808A1063
:10776000022665189880841002266D1898808B1068
:10777000022666189880851002266E1898808C1054
:1077800003268D1682306718D88086100C261C1CA4
:1077900082008E1682309C1683306F1818838D10ED
:1077A0000C261D1C82001E1CC2008C168230D415B3
:1077B00083006818188387100C261F1C8200221C67
:1077C000C2008F10022696168330701818839E16FA
:1077D0000C316B189880281CC200741682308910F6
:1077E0000326401C04038D70291C82007118D88068
:1077F000A820800315260313802313086083152116
:107800000223857180221404001AC0004A240079E2
:10781000A82040031526C3138023130E608315216F
:10782000C223E5718022140A60A2BD100226002640
:10783000831F0000B40C24170BB09D189880BE1055
:107840000226A818D882201708B09E189880BF106A
:107850000226BB160937181706B19F1898801C1707
:1078600002B01A1707B14A24007AA21898800817A4
:1078700002B0ED70A7181882A31898808083224266
:107880008022160EAA1818830C1704B000268C1F2D
:107890000000480A40185C82A4181881218341180E
:1078A0009C814218DC81AB18588010170BB0208CDB
:1078B000A518D882A283301A4200218CAC185883B4
:1078C00014170CB024138B00311A4200A618188329
:1078D000A38325138C00321AC202AD185883481AAC
:1078E00002038A83308BD4138B006583AE18188310
:1078F0004A240010331A4200501AC202B018D8802D
:10790000A8208003152603133023830F0000E80C02
:107910001521022385718022180360A20026821F90
:1079200000009C0D001203004A2480776818C08074
:10793000F01203806C18C080F41203807018C080AD
:10794000F81203807418C080FC1203807818C0807D
:1079500048120380441202807C18C0808018808006
:10796000A82080031526C3133023830F0000FC0DCD
:107970001521C223E57180221B0260A20026821F0E
:107980000000000C608232268C1F0000740E2C8ACE
:1079900060A06182FC18028358120C0161A062820F
:1079A000FD184280FE18048362A0FC1203814A2461
:1079B000807168B0271203878C8269B06D8246821D
:1079C00085A08D7066A043A0A82080031526031310
:1079D0003023830F0000400C152102238571802283
:1079E0001D0860A20026821F0000380C60824A2415
:1079F0000079ED706DA0141203808D706FA02012BD
:107A0000038072A0748275A01812038070A02412E3
:107A1000038073A0758276A01C12038071A02812C7
:107A2000038074A0648A56823818C2005C188000F3
:107A3000A8208003152603133023830F0000A40A17
:107A400015210223857180221E0960A24A248071BB
:107A50004A240010A8208003152603133023830F27
:107A60000000340B1521022385719522480360A282
:107A70000026821F0000A10A608A818A4A2480743D
:107A80000021822F00004C0860AA81AAA820800350
:107A90001526C3133023830F0000540A1521C22377
:107AA000E5719622840260A20026831F0000980CD4
:107AB00080830021822F00009C0855238F0B80A219
:107AC00081834A244072224181A2828382A29687C6
:107AD00083A29A8787A2978784A29B8788A2988788
:107AE00085A29C8789A21987FD138C800026831F9D
:107AF0000000A80D06A2FE1A028328138B0029138A
:107B00008C007D872C1AC2022D1A02036AA21E87DE
:107B1000341703919F870CA2ED70C140FC1AC480FA
:107B2000341A0003A82000040020830F0000750E03
:107B3000808B0021820F0000D408247180AA698BF9
:107B4000047169AA4A24C073A82040041426C213F1
:107B50000022830F0000880E80931421C2239422F8
:107B6000D10C80B26F93E5716FB20026831F0000C5
:107B7000C80E80830021822F000024094A24C07689
:107B800080A281830C7081A2828382A2889388B2B2
:107B9000928B638392AA63A2A82080031526031008
:107BA0003023830F0000E40E152102200471962279
:107BB000C40960A2CAC6E078E8C3552182082482BD
:107BC0001040483141022F7995097100A2C12082ED
:107BD00061824282C3405043DDD400310C00003347
:107BE0000100003200004831C102834321B3C34188
:107BF000A00040FA4834C2124830C00240210D03B0
:107C000040B302B380C2D20CEFF9A1409E1501111E
:107C1000AD70C2B9096914740C7008F70021800FA7
:107C2000A1005831FF108080CB46A100400A428E4F
:107C30002B0A200000AE09EA246E0240A1A9DA0B4B
:107C4000200340A9008E0AE8246E01A90240CA0B55
:107C50002003A0A9008E03F00C7002AE0C70C8C700
:107C60007100CFFEE8C3A2C110405A086FF1552140
:107C70008E08C60E2FF1084500420C713E086FF1C8
:107C8000A1415E0D4FFF2486483141022F79D10971
:107C90005100CB45A100780A208DCB475043DDD45D
:107CA00079091000238542852C100C202810032010
:107CB00005227E801CF202238B80032448908023BF
:107CC000029041200B90990B3210802214804121A8
:107CD00001800223888003244990BC2054107A211B
:107CE0000B103570CA2301120F0B11108023148062
:107CF00041240190604242A50D08310423A5CB47E1
:107D0000D042DDD40B081101CB47D043DDD40D08A0
:107D10009100CB475043DDD4418600862286003750
:107D2000831000370C10003740104833C10248342C
:107D3000C2124830C002834321B3C341A00064FB98
:107D400040B302B380C23E0CAFFA2C49A84D2F2697
:107D500007F000A904F2C20A200302400C70C8C751
:107D6000E2C2084542092FEE00800030800F6542D4
:107D7000E12E00A5C2C6E078FAC2FC1CC8B60847CE
:107D8000F141F14280211F21C341A33B0AD7802248
:107D9000132755218E2FAD702F71D3460000080890
:107DA0008F1A58205926011ADB43C8420000D345D8
:107DB0006400000010434026142680201D01A0A965
:107DC000C41942862C7011DA0027971580230B2ADC
:107DD00000271815BA1A5823B91A5823A61A582377
:107DE000A51A5823B71AD826B61A5825AD1A5823FB
:107DF000A91942A6CB1AD826CA1A5825C11A58233F
:107E000008194223F91942A65C194226D21A5823AE
:107E1000CD1A5823D31A5823CE1A5823D41A5823CC
:107E2000CF1A5823971A5823961A58237A0AAFF371
:107E3000951A58235926831CC342AF36CAB0C34192
:107E40009237A968C340B738D302001B42065424B6
:107E5000832C55240C2FD340803F0000CB40C347D8
:107E600000508A23011958A637A616A678672C70E9
:107E700018DAE9184236B9A6A0AEB41E8390E31A08
:107E80005823A81E4493E11A5823E01A5823D71AFE
:107E90005823701943216E1944236C194223C41EC0
:107EA0004493E81A5823E71A5823E61A5823F41E75
:107EB000449300271413541E801F4940DB0F501EAB
:107EC000801F4940DB0F981A1824681E801F773FD7
:107ED0006B9AE41A1822D209AFF3E01EC4924F2322
:107EE00002365926001BA0A8C341B345A00CE140AF
:107EF000F91A9820B7BAA21A582080200804A11AAB
:107F000098202C7064DAAEB685195C23C41F422316
:107F1000FA1A5823F81F4223801E4013321C4223B2
:107F2000E8184233B2A6381C4223C1195C23311C25
:107F30004223F01E4013BCA6ADA6A9A6F11A5823F1
:107F4000DC1A5823D81A5823F41E4013BDA6AEA637
:107F5000AAA6F21A5823DD1A5823D91A5823F81E54
:107F60004013BEA6AFA6ABA6F31A5823DE1A5823B9
:107F7000DA1A5823FC1E00147C1E0014401E001444
:107F8000301E0014F41A1824DF1A1824DB1A1824DF
:107F9000A81E4013A41E40139C1E4013981E40139D
:107FA000941E4013EC1EC016E81E4015C41E40135C
:107FB0005C1C42234D1C42269E1F5813EA08AFF357
:107FC000AC1B42A34A248071E141C3407AC4000043
:107FD0008021040D0A21802FA100F42EAD1B42A6A2
:107FE0009F1F5813A01F5813531F5813A11F581336
:107FF000541F5813551F5813A21F1810A31F1810F1
:10800000A41F1810A820C002002140232C10C0007B
:10801000A57148308000041910004A2400795527C2
:10802000421AAD704A200000581F1814571F181428
:10803000561F1814A820C002002101206411C1009D
:10804000047148318100041A50003C4F2C707CDAD6
:108050005608AFF39C1F40134A248071C341CD3EA4
:1080600003CFE140CB4108040000CB40513917B7A2
:108070008A230410CB44D33E98DDC34315427F21AD
:10808000C3426F40F2CED41F581080200E062C70D1
:10809000D61F5813D11F5813CF1F5813F41B42A3D8
:1080A000AE1B84A53C1B4223281B4223BE1B05A1FB
:1080B000B41F5813A61F5813B11F5813E11F5813AC
:1080C000DE1F5813DA1F5813D71F5813AE1F58134B
:1080D000BF1F5813BC1F5813AA1F5813B51F58139E
:1080E000A71F5813B21F5813E21F5813DF1F58134E
:1080F000DB1F5813D81F5813AF1F5813C01F581336
:10810000BD1F5813AB1F5813B61F5813A81F581381
:10811000E31F5813E01F5813DC1F5813D91F5813BF
:10812000B01F5813B31F5813C11F5813BE1F581345
:10813000AC1F5813E41F5812D01F1812001BC42282
:10814000C51F1813D21FD810D31F9810A8200001E4
:10815000041811004A2400790A224004A8200002D1
:108160000112C304483383000418D0004A248071EC
:1081700020A0E1408A220F0A802013084A2600101E
:10818000001A4220F21A42A0581B5820571B5820B0
:10819000CC1A8322F61B5C20F21B5C20FA1A42A048
:1081A0007A1B5820751B5820D81A42A0761B5820DD
:1081B0006F1B5820771B5820701B5820781B1824E1
:1081C000711B5820741B5820721B5820FB1B9C20CD
:1081D000A8200001041811004A2400790A21400453
:1081E000A82000020111C204483282000418900045
:1081F000C3410000D80CCB44C800E803C9DBC0A0D1
:108200008A1A9823891A98230C71881AD826831AF7
:108210009823841A9823851A9823861A9823C34290
:10822000233C0AD73D67871A1823DA1AC420402155
:1082300012040027941F0000480A00ADEC1D0290B4
:10824000F01D809001AD002780142C70A1DAAA1BCC
:108250009823A91B9823001C8423E41D8093E01D10
:108260008093DC1D8093C1A53E0E6FF3E81D009442
:108270005522522A002780142C702E0E6FF314DA28
:108280005422002EF8602C7079DA0C1D801F773F85
:108290006B9A081D801F4940DB0F801D8493281DA9
:1082A00080932C1D8093301D8093FE0D6FF3341D41
:1082B00082934A248071C341344200000027801F0A
:1082C0000000400C401D40904A210000241D849372
:1082D0005C1D0094581D8093061C8423A820000177
:1082E000041811004A2400790027801F00003C0C6C
:1082F0000027821F0000A40A00184300FC184080D9
:108300004C1800041C1800841018408050180004F9
:108310002018008414184080541800042418008485
:108320001818408055218028A8200002021041051D
:1083300048318100041A50004A24807156210028D7
:10834000A820800104100104041A500000278E1F89
:108350000000A20AAD700027801F0000540A2C7094
:1083600048DAA0AEFF1E42933E0D6FF31042002785
:10837000801F0000A00CF11E5C13CB460000750EA0
:10838000F5184283D8672C7009DA0027911F000086
:10839000B80DD91A1824D51A5823931A5823921AAB
:1083A0005823911A5823DA1A1824D61A5823DB1A9C
:1083B0001824D71A5823F20C6FF3D81A582309E659
:1083C000D8672C7109DADC1A5823DD1A5823DE1A13
:1083D0005823D60C6FF3181944234A24C0731A4E3D
:1083E0000020C003A8204001AFB0021855000027AC
:1083F000801F0000E40E2C70AE0C6FF36CDA0027C7
:10840000801F0000C80E2C709E0C6FF313DA04144A
:108410001B34DAC66A24801251248093E020820F34
:1084200011003CAECB44000032003E796A24801239
:1084300051248093E020820F110094AECB440000C1
:1084400031003E79C342F000400280D808A20C827D
:108450002F2605F0E020C4072F277F006F233F0061
:108460000482A7B804A22F267F00E07EE6C3A6C13F
:10847000284508471CE080C12E0DAFFE484604C2C7
:1084800003C005C1B017031604308080CA208500E0
:1084900004304080CA2045000430C08044F7001DED
:1084A000C31011F0AF1701160430408044F7001DCF
:1084B000831009F0AE170116043040806F200B00C6
:1084C00000AD001E03105627C219208A008D0F0828
:1084D0004000001E4310008D00AAC6C7E2C2084536
:1084E000160E2FF9008000A5C2C6E078F0C3A3C124
:1084F00000208D0F0000760E0846008D4C70147021
:10850000CBF40026941F00007F0E001480208C20E6
:10851000C38F80F2608181813FD8228118B80843DF
:10852000043380800840CA238C1F00BF000004343D
:108530008090CA208C1F00BF00000431808001336E
:10854000CB0201340312CA208C0F00BF000001319E
:108550000100D3420000F0094833C00200268F1406
:108560004833C212834301B34831C00240B302B35F
:1085700080C22C71C208EFFEE1403287F8170090EC
:108580000026911F0000300A264310714969CA2253
:1085900009003B6352787860760AE0024024533247
:1085A0005A2080012641AC110BA0D8600020830422
:1085B0005A218001E0934193D8609420530D629337
:1085C000209081900290314F827A104B0E782E7954
:1085D0004E7A11783179517A0E782E794E7A3A2383
:1085E00000103A2341103A2382100B1C0230402421
:1085F00040320026901F0000480A001B4220F20A69
:1086000020020A1C823008E82C70001803200DF0AC
:108610000C7043F00010802021682F78FEE0C3F733
:108620007FD9001842202640C3430000EC097A6637
:108630005A208001D86078606098FE104C810198C3
:10864000697B897C1E200B004833830048348010EE
:108650000130C3004833801001330C00E81203805E
:1086600040922F780434C0903C20820089F6302656
:10867000801F0000D8090434009003F781BA002657
:10868000801F0000490A20880B0A400040A885226C
:108690003E000014802029684F7820ADD0C7E078D4
:1086A000FAC2FC1CC8B61E0EEFF0822402368A0CF9
:1086B000EFF0084608450C71C141020EEFF0A142EF
:1086C00010420C73C141F60DEFF0A14210430C753E
:1086D000C141EA0DEFF0A1421041B6082FF122D8B6
:1086E0001841AE082FF123D81840A6082FF124D83E
:1086F00010459E082FF125D8901C003092082FF1CC
:1087000026D8941C00308A082FF127D818438208F5
:108710002FF128D8841C003076082FF129D8881C26
:1087200000306E082FF12AD88C1C003062082FF11F
:108730002BD858C05A082FF12CD859C052082FF105
:108740002DD85AC04A082FF11FD85BC042082FF11C
:1087500020D85CC03A082FF121D85DC032082FF133
:108760001CD85EC02A082FF11DD85FC022082FF147
:108770001ED8801C00301A082FF10C7455C0120846
:108780002FF10C7656C00A082FF108D857C00208FE
:108790002FF10DD84DC0FA0FEFF00FD84EC0F20FE9
:1087A000EFF011D84FC0EA0FEFF016D845C0E20F36
:1087B000EFF018D846C0DA0FEFF01AD847C0D20F42
:1087C000EFF00C751047CA0FEFF00ED81044C20F2F
:1087D000EFF017D81046BA0FEFF00C7153C0B20F7C
:1087E000EFF00AD84BC0AA0FEFF013D843C0A20F86
:1087F000EFF00C7350C09A0FEFF00CD848C0920FF6
:10880000EFF015D840C08A0FEFF007D851C0820FA3
:10881000EFF010D849C07A0FEFF019D841C0720FAD
:10882000EFF009D852C06A0FEFF012D84AC0620FB9
:10883000EFF01BD842C05A0FEFF00C7254C0520F29
:10884000EFF00BD84CC04A0FEFF014D8AD7144C014
:108850003E0FEFF0A140D20F4FFE0B0D551BA5713F
:1088600078E814700E70CB47A100E40893F2CB4671
:10887000A000C0D32C7054DA2E086FF3C1402340FF
:108880000341220D2FFFA2429A0A000000A6901475
:108890000030941401300E0D2FFF6342860A000051
:1088A00001A68414003088140130FA0C2FFF8C14B8
:1088B0000230720A000002A61EC01FC1E60C2FFF84
:1088C000801402305E0A000003A61BC01CC1D60C37
:1088D0002FFF1DC24E0A000004A618C019C1C60C05
:1088E0002FFF1AC23E0A000005A615C016C1B60C1D
:1088F0002FFF17C22E0A000006A613C014C1A60C33
:108900002FFF4C701E0A000009A610C011C1960C62
:108910002FFF12C20E0A00000CA60DC00EC1860C5D
:108920002FFF0FC2FE09000007A60BC00CC1760C7A
:108930002FFF4C70EE0900000AA608C009C1660CA2
:108940002FFF0AC2DE0900000DA605C006C1560CA5
:108950002FFF07C2CE09000008A603C004C1460CC1
:108960002FFF4C70BE0900000BA600C001C1360CE1
:108970002FFF02C2AE0900000EA6AE702D0F3020F0
:108980000C704017002004304085CFF67FD817B810
:108990000CF02C704C700C70141F0014101F00147D
:1089A000181F001445F00C700FA61B0C30200C7023
:1089B0004014002004304085C4F67FD817B803F077
:1089C0000C7011A6190E30200C70401600200430D7
:1089D0004085C5F67FD817B802F00C70CB45A000D3
:1089E000B8DBD344A00018D612A64C70E140C141B8
:1089F000A1436608A0010A2400052285008541855F
:108A00000431408504A745A726A7D3F67FD817B819
:108A100014A64C70E140C141A1433E08A0010A24C4
:108A2000000500854185228504A745A726A7CB44DC
:108A3000A0006CD61D0A3020041F021404300084EC
:108A40006C70CA202500CA23690000A4091AC2203C
:108A5000190B3020043200840C70CA222500CA2071
:108A6000690041A4091B0220170930200431008449
:108A7000CA212500CA20692022A4091902248024C1
:108A8000023604141B34DAC61888C342A100E40875
:108A9000110850011108F0001471E07D048205F006
:108AA000068203F005824C7004308080E120CC0700
:108AB00000190100E07F00A1E4C3A1C12846248978
:108AC000CB45A1006C0A07E92C7021A524AE20A596
:108AD00002F0218560863909E0003D21CC00408507
:108AE00030739962C5F71909840F01000000D37132
:108AF0000000FFFFCA212D00204220A510BA796294
:108B000040C1160DA00280C1008601A50C70C4C72B
:108B1000F1C0060DA0022C70D1C0E07F0C70E0788F
:108B20004A24C0720042C341A100A831A8204002DB
:108B30000411000404308080E020CA07E078C340BC
:108B4000C8440000E07EE078AD00CFFEE8C20E70C1
:108B50000A26801FA100A00A530855235A204F2639
:108B6000FD662E0CEFF0018D41280306412802041A
:108B7000412801020CAD6FAD4EAD2DAD09E8C341EA
:108B8000A100E80B00810F20000400A10DF0020CF1
:108B9000EFF0C86708AD412802064128010428B853
:108BA0004BAD2AAD09AD0671D8F1C8C6E34300410B
:108BB0000430808F8000997D4CF70C700431008068
:108BC000D0F62F30400007360070803F0000007B59
:108BD0003C780E20800F375F865A12080000007B19
:108BE000C340C07F0000007B4A2400710031820F27
:108BF000003F0000A82000030030010000324100C7
:108C000002364170C03F000000304000E07EE07856
:108C10004080BFBA40A14180BFBA41A10280BFB825
:108C2000E07F02A1E1C5208029DA17BABFB97FDD54
:108C30000431808017BDA944CA22490007F60031DB
:108C4000810F806A000000314C002180BFB90431DF
:108C500080802043CAF60732C200003481100032FF
:108C6000410001314C0309F00733810040430031DA
:108C7000410001344C100280BFB80430C080004273
:108C8000CAF6073381000034401000310000013083
:108C9000400309F00732C000604200300000013498
:108CA00000102F30000000320000C2C4F0C3822444
:108CB00002322846104155208D0CED70104086C1BF
:108CC000C14070425044271CC2334A0FEFFF80203E
:108CD000842E8215011606C083150C1607C30430B6
:108CE000408084150B1608C26F200B0004330083EC
:108CF00069C06F200B000432C082251C02306F2037
:108D00000B00261C02302E0BE00389C0FF1081A04F
:108D10002CE86709D5012520400008F02DF030F03F
:108D20002BF052F060F06CF01D8552150116416871
:108D3000470862005DA5FDA5FF1883A04186028655
:108D4000608622418021080F44C245C09CC018DAC9
:108D500040C741C742C70E0D2FE543C380C19CC227
:108D60006A092FFA224009F009095001001842202F
:108D7000FF1843A1FDA527148030D0C71D855424BA
:108D800084394024C53904711DA5824242432240E2
:108D9000C60EE002C1418AC193C2D60EAFFF224087
:108DA0002AC01308D100FF1080A065B81472AA0170
:108DB00006004F1501161D85BF090380FDA5FF188C
:108DC000C2A3DBF1542484394024C5392240C14177
:108DD0008242860EE002424333C04FE8F7A5FF18F7
:108DE00083A1CBF11D853F8504718F0862801DA58D
:108DF00000108020FDA5FF1802A0BFF11D850471A1
:108E00000D0A71201DA5A215131666F0A0151316E4
:108E100093C182401608EFFE542492394A24C07050
:108E20008D706D70A82080031522C0224080638061
:108E300006808AC165719579857340A161A102A1FF
:108E40004021012180C01E0C2FE518DA4A24C07091
:108E5000CC700C700A21801FA00078F3A820800835
:108E60008AC2C343A100282F157A002308003320AB
:108E7000CB00808261821521011080A161A10110C7
:108E8000C31042820210CC10047348338B10483355
:108E9000830042A1483482102419C0026AA14BA168
:108EA0004A2480711521832180C121424A2000007B
:108EB000AC1BC003A820800204110B040C120C048C
:108EC0000034CC1201300003C4712574D50EF48037
:108ED000AC1B0000E41501900086EC15089062863A
:108EE000E8150B9081860230420002330002023402
:108EF000C11248C086C046C22E0DEFFF47C157853C
:108F000056210E29208E01308B000133892F80BF1E
:108F100000001B0935015C1DC01215214220441AB6
:108F200018002471578520AE0DF05585481508109E
:108F30007485938554A50233021215A573A592A5D5
:108F400057A52F784830000000310010043200800F
:108F500047F7E0AEF7A5FDA5FF1803A10DF14E15EB
:108F600001161D8530701206ECFF22418015021695
:108F7000811500167F1503168021080F44C245C0D5
:108F80009CC018DAE0AEF7A5FDA540C741C742C7AF
:108F9000D20A2FE543C380C19CC2320FEFF92240B1
:108FA000D705EFFFFF1883A0E2C3A3C180C1C208A9
:108FB000E00108455608200080C00430808F2B3225
:108FC00077CCD0F6EA0BCFFF208541856285003053
:108FD0004C00003081000030C00080A521A502A512
:108FE000C2C7E078E2C22C708A220408BA082FF3C4
:108FF00008454A248071C340F03F0000A82040018A
:1090000001A5381D1110C2C64180208002800131A7
:109010008100E07F01310000E1C580986C7090BB59
:10902000354B2C7C4C7D7D7B99653B6330BB60B0C0
:10903000C2C4E07820802F314000E07F20A0E0789B
:10904000F0C3A4C18382E845304083A50EC62381C6
:109050000FC7104223A61E410A2480210A23402163
:1090600023A73220800F0000500F8844704132E85F
:1090700080C34024043340418142A20DE0004240BD
:1090800000C301C202C103C060A541A522A504A579
:1090900080C34024043322416242820DE0004240FA
:1090A00000C301C202C103C060A641A622A604A655
:1090B00080C34024043382424240620DE0000241FA
:1090C00000C301C202C103C060A741A722A722F0CA
:1090D0000082814100A5018201A5028202A5620FE2
:1090E0002FFE424004A52640624100A62E4001A664
:1090F000364002A64A0F2FFE424004A60640824197
:1091000000A70E4001A7164002A7360F2FFE4240CF
:1091100004A7D0C7E6C055200308601001017C10E9
:1091200008019E804583002048103C8000248B105D
:109130009980DD804383A083E4835961BC64FE662B
:10914000552102085524011855260C1828BC552312
:109150000F18907E28BF28BA8C26829C54002D00C0
:1091600028B9A2839B8004130B007A80BC64552429
:109170000C18842C041061732F2008025523030857
:10918000FEE062002D0028BBF07D970D3516BDE096
:109190000E010D003079AAE1C0012D009AE0AA026B
:1091A0002D0034748803260050780CDA8CBA64F0F1
:1091B0002F2008028C20038760002D008C20C282A3
:1091C0009E002D008C26C39CFC002D003078F07989
:1091D000C3400000E731C3420000FC258C21C98454
:1091E00048F030798C21438A90002D008C218280B8
:1091F000F2002D00507A8C225F8498012D008C2083
:10920000C28B5C022D008C229F8138032600D5E1A1
:10921000C34200003B5330F0E8DA8EBA2CF0307CC9
:109220008C24C891F0002D00A5E570012D00E3E02D
:1092300034022D008C24C49D16032D007078D37049
:109240000000C00AF6032D005079C34000006E48AC
:10925000C34200002B28D371000011080AF03079B6
:10926000C34000007F22C342000018328C21D68008
:10927000CA2205005078C6C4707BC10B850F000060
:109280004C0B8C20848324010D00D3730000720AE0
:10929000C34000008555C3420000B247EAF1507A4E
:1092A000D37200000B0818012D00DBE0D0012D0067
:1092B0008E788C20B480A2022A00D573C3420000AD
:1092C0000315DAF18C20908E14012D005079C340E3
:1092D0000000A230C34200009723D3710000111098
:1092E000C8F18C221F8800012D008C20C28DA601A0
:1092F0002D007078D3700000E60C80022D008E786F
:109300008C20498740032A008C22DF81C342000061
:109310007C54B2F15079EF09850F00002A09D3710E
:109320000000AD0876012D00C9E0C34000007B19A4
:10933000C342000050599EF18C208286E8002D0027
:109340008C21448850795EDAC34000007B5A8DBA84
:10935000D3710000A40A8EF1F9E152012D00507A78
:109360008C221F8E1C022D007079D3710000670CB7
:10937000E4022D008E798C22DF82B6032D008C2131
:10938000C586C34000002F12C3420000DD445BF0DD
:10939000C3420000275170F1AAE02A01260050794B
:1093A000C3420000C72A68F1D3730000160B3001D6
:1093B0002600F079C3420000C7515EF130798C215C
:1093C00003812C012D00CBE0C6012D008EE59A0211
:1093D0002600EBE1C3420000F7564EF1C342000005
:1093E0000F304AF194E618012D00D571AE012D0021
:1093F0008C20C385800226008E78C3420000E8548A
:109400003AF18C26429300012D008C24D0949601D1
:109410002D0073DAD3710000A90DC34000000427AA
:109420008DBA28F1F2000D00F07890E07E012D0059
:109430008E79C34000008543C342000035558C211E
:109440008F8E6D0300005078D37000004C086601C9
:1094500026007079C3420000E4570EF1C3420000B9
:1094600063510AF15079C3400000E354C342000045
:109470007322D37100009E08F905CFFFB570D4F2B6
:109480003078E7E0A8012600D574C3420000EB5213
:10949000D8F0C34200002852D4F0DAE6C3400000FE
:1094A0008B2BC34200000735D4F0D5721A012D0072
:1094B0008C210288C34000007F18C3420000A6131D
:1094C000C8F0D37100000A0810012D00E3E0C3408A
:1094D00000004325C3420000FA49BCF0C34000002D
:1094E0002B47C3420000F45598E1B4F0E1E0C340DB
:1094F0000000FD18C34200007558ACF0C3420000E4
:10950000D044A0F08C254699C34000007632C34277
:10951000000012259EF0D70EB5108C20C68378016E
:1095200026008E79C342000048448CF0D3700000BE
:109530004D08760126007079C34200001A1282F0AD
:10954000780126007078C342000081527AF0C3424D
:109550000000D01A76F080012D007078D3700000E2
:10956000950CE8012D008C229F81C3400000B0497A
:10957000C3420000BF176EF0C34200008D5162F07D
:10958000A9E068010600C34200006D145AF0B570EE
:10959000C5F2C3420000C65254F0C3420000A452B8
:1095A00050F0C3420000152C4CF0C3420000F657A7
:1095B00048F0C34000002155C3420000C814D371D5
:1095C0000000B20B46F08C210388C3400000F62552
:1095D000C342000075173EF08C24469320012600FC
:1095E000CAE5C34200005C212CF0D3730000B90B24
:1095F0001A012D005079D37100008B0866012D00EF
:109600008E788C20CF8994012900D6E0D0012900E2
:109610008C207581DE012A008C203A88C34200002C
:10962000044310F0C342000087160CF0C340000052
:10963000D458C342000076560CF0C34200000F23FA
:109640003504CFFFC3400000F652C34200007A1237
:109650002104CFFF8C21B48A12012A008DE0C3427D
:1096600000005312EEF1C34000007B50C3420000E3
:109670000E24F0F18C20CF82000129007079D37183
:109680000000060B1C0126008C203B8AC342000010
:109690002F51D8F1C34000003D45C3420000525451
:1096A0008C213E8884F0E4DAC340000009588CBA6B
:1096B000D3710000CB0BCEF1C908850F0000E00C80
:1096C0008E79C34000003551C342000022128C2124
:1096D000078D6EF0D3700000E40AC34000005D44C3
:1096E000C34200002F5AB6F1D37200001008C340E5
:1096F0000000B114C34200008E58ACF1C34000001A
:10970000282BC34200002023A4F18109850F00000B
:109710000308C3420000675494F1D3720000360876
:10972000C34000000858C34200003B5492F18C2112
:109730003688820029008C213482C340000008163C
:10974000C3420000834534F030788C2002866E00DE
:109750002D00B4E0C3400000F218C34200003149BC
:1097600078F1C34200000A486CF1C34000002314A2
:10977000C34200008D426EF1C3420000DE5162F12F
:10978000C34200007B505EF18E7A8C220284360048
:109790002A0083DA07BA56F1C3420000CD5752F1CE
:1097A000C34000007E56C34200009445CA220B000D
:1097B00048F1C3420000A61444F1C3420000AB18B4
:1097C00040F12509850F000031088C20C581C34078
:1097D0000000A245C342000031513CF1C3420000E9
:1097E0006F4230F18C20458F4CF7C34200001C4281
:1097F00028F1C34000003854C3420000A346D8F10A
:10980000F078D8E00CF7D3730000D70CC340000009
:109810009F44C342000041575902CFFFC34200009A
:10982000BD425502CFFFE078250910025B09900088
:109830006F091001AB095100238020A2228021A2D0
:1098400021805221C10722A2008028F0618020805F
:109850000231C100C343353FF3040031C10020A2EF
:1098600080802180013101030031C10021A2838069
:109870002280023101030031C10022A22280038034
:109880000130400029F022805221C10720A223800C
:1098900021A2208022A201805220C0071FF06180F7
:1098A00020800131C100C343353FF3040031C100C2
:1098B00020A280802180023101030031C10021A259
:1098C00083802280013101030031C10022A2228065
:1098D0000380023040000030C000E07F03A20C7023
:1098E00003A202A201A2E07F00A2E078E8C208473A
:1098F0005021C00728450E700520FE83CD7040F230
:10990000412D01158A20DF0F247858608020B00097
:109910008C20B080CB46A100B00D0FF6A6094FF801
:10992000004420452C72C140E142B20CAFF8A14383
:109930001040284624F08C20508097F686094FF876
:10994000004420452C72C140E142220CAFF8A143F3
:10995000104028464C706C70E140060A6FF8A14137
:10996000D226E5170CF0C3400F80FFFF5961047D3C
:1099700014B912782478F14005204E030240C14109
:10998000C8C6E078FAC2FC1CC8B68224053A08476B
:109990009520CE0DA080C18050419DC014DAB81C26
:1099A000C0319C1C8031D81C4031D41C0031704027
:1099B000881C4033AE08EFE4B41C80330035811FAF
:1099C000443CA69BC340833D6F1204310080CA20F3
:1099D0004500023500100030810F1C410AE89E0945
:1099E00020039DC08BC014DA7A08EFE422410036D0
:1099F000811F753D8FC2C3402042000004310080AA
:109A0000CA204500023600100030810F8E3C35FA26
:109A10006A0920038BC077140236761403369DC181
:109A20005524843F5524C53854240638D209E00310
:109A3000E140801402300C7004320080C4F63FD93B
:109A400018B905F0C34100BF00000132410078148D
:109A50000D3673140336701400366D140736483112
:109A6000C1022F798C21C38F06F4C34180BF00004F
:109A7000981C403041C39DC190C29DC34A24C0017F
:109A80004A2580024A26400340C0BA0DAFFFE1409C
:109A90005524C1385A0A6FFFE140EC1C0030EC1429
:109AA00002308BC15624443854240538A143BA0DE2
:109AB0002FFEE1400EC10C7004310080C4F63FD887
:109AC00018B805F0C34000BF000001310000741455
:109AD000023671140C366E1407364830C0020F7807
:109AE0008C20C38F06F4C34080BF0000451C183093
:109AF00041C28BC190C28BC34A2400024A25C002D6
:109B00004A268003E1403E0DAFFF40C48BC014DA0B
:109B1000520FAFE402413227801F0000D50D6308C9
:109B2000710024DA0027811F0000D80D0024803F37
:109B30000000440100248D3F00004401260F8FE403
:109B400008100B2004100820001009204A24C070BF
:109B50004A210000A8204005152540104380608060
:109B60000680003086100031C21000330010013230
:109B700082018BC401320000357C247100A49DC099
:109B80008BC1E20EAFE414DA0FC10C700431008017
:109B9000C4F63FD818B805F0C34000BF000001313B
:109BA00001006F1400367A140736791406367514DE
:109BB0000D3672141136E81C00304831C0022F26D1
:109BC00007F013F20CC10027801F0000C80E0BC263
:109BD00021A030880DC40EC38521010E40A082A0B3
:109BE00063A030A813F03227801F0000D80E0FE8C2
:109BF0000027801F0000C80E208041805DC12280A8
:109C000003805EC25FC1801C00305624003843C010
:109C100090C042C05524003CD4140430D814053000
:109C200041C00024803F000007019DC18BC2562423
:109C3000433840C0DA096FFAE140E81407308BC1BD
:109C400090C24A2440024A2500034A26C003024328
:109C5000E14041C5EE0BAFFF001C40343427801FAC
:109C60000000580C98E80027811F0000740E00893E
:109C7000C0140230C414033049288002C8140C30C8
:109C8000A1685A200003A0A9F8609520CD0F40A03C
:109C900061A082A07B140036D345A00084EF40254C
:109CA0000D23BC1C00306C1400360027811F0000FF
:109CB000FC0D78DADC1C00306B140036A41C00307C
:109CC0006A140036A01C003069140036F01C003005
:109CD000920DAFE4A1402285018500150B104A24A6
:109CE0004072CC70004408400A27C0020A2140108C
:109CF000A8200004C4715A26020300258020858014
:109D00006480A062013101030134C40001370700FF
:109D1000C340CC3DCDCC00370300003402000031FD
:109D200000004AC10233C110881C0030023100100B
:109D300049C2023082105AC15CC09AC097C148C360
:109D40002E0B60015BC2AD725A25011308C3881443
:109D5000023000254020818002803021410509C663
:109D6000023082000231C00002348C135AC09AC003
:109D70005524813A5BC4FA0A60015CC217C1A81479
:109D8000003018C3AC14023019C6B0140C30A571E1
:109D9000013040000132C2000134811357C058C263
:109DA000A90DF49259C1C343E33D398E0030C00080
:109DB0000031CC000032C10057C04A248071F01439
:109DC000003058C12C7059C4A8200002F41C003087
:109DD000F4140230047420A20027801F00007A0EC1
:109DE000E01C0030008814709C0502000027801FD2
:109DF0000000830EFC1C003000888C20C38F880577
:109E000001008C1403309014023094140C3054C1AF
:109E100055C156C10027811F0000D80EC340833AA8
:109E20006F12D01C403000330300003202000034B7
:109E30000C10D014003000279B1F0000A40C32240B
:109E4000903F0000070120138B3000882C71002701
:109E50008E1F0000B40C25B87920122006211700AF
:109E6000A81CC030AC1C8030A90B3010B01C0033D3
:109E70000027801F0000C40CAD70A0A85524813AB3
:109E800088C2660DEFF9C1402209AFFF88C00AC041
:109E9000D341803F00005021D32502310020003003
:109EA000C004B41C00309209AFFF5524403B0AC0E7
:109EB000013040040030C004881C00307A09AFFF34
:109EC0005524803888C0E608AFFF4AC588140230A0
:109ED00008C3B414003009C147C25223C20700317D
:109EE00001000030800044C145C084C090C2C1411F
:109EF000AE0AE00146C590C0660FA00384C104C34A
:109F000005C206C107C060A641A622A603A622F08C
:109F100084C136092FFEC14084C0EA0FE0015624F7
:109F2000C1395524803A5624C139AE0E600394C21B
:109F3000F816039014C115C216C000334100003357
:109F400082000033000054C155C256C0881C003046
:109F50005524013C5524843A40240538424363404B
:109F60002A0C6000E24220140730501406302414FA
:109F7000083054140B30281405305814043022864D
:109F80000386A08681864586F41603900133091264
:109F90000136C80101344B0146C147C084C09AC193
:109FA000681C00326C1C4032701CC03244C5160D57
:109FB000200345C406C107C004C305C222A603A6E8
:109FC00084C1C14060A69A0EA00341A69814003037
:109FD000CB41803F00001014083014140B3006C42D
:109FE00007C30A27400204304082CC70CA27090008
:109FF00004378081001E0012041EC01282A663A6D0
:10A00000C4F63FD918B905F0C34100BF0000CC1415
:10A010000030214204304082CA220900043280818B
:10A0200078200620C4F63FD818B805F0C34000BF1A
:10A03000000001320000DB400000B80C4830C002D4
:10A040000F78F0260070A1003431402016311F0E29
:10A050003100881C00300027801F0000E00CD34432
:10A060004940DB0F001800053BF001374100483143
:10A07000C1022F79483101000131820F80BF0000F9
:10A08000001381300032820F32BEC2B80132820F1B
:10A09000B23EC2B80130860009E9C3404940DB0F37
:10A0A00004360080CA20850105F03027801F00009B
:10A0B000E00C00278D1F0000E40C4085C34149409F
:10A0C000DB0F0436408002318910CA21850100313E
:10A0D00041020030800001305400FC1D0095322701
:10A0E000801F0000A10D0026D92314701E0221003C
:10A0F0004A2440722D7055254128D3400000E80CB9
:10A10000A820800740210611152793113023002431
:10A11000152752121521420200228D2F0000FC0C3F
:10A1200000A20085152542220A218011881A00000C
:10A1300001858C1A00000285901A00005521000943
:10A140000027111463A082A00418C00200180002A6
:10A15000A0DA1209AFE42240A01180200027911F4D
:10A160000000880D0B08B502047100190220F6707A
:10A17000CDF4C60E6FFF5524803F001180204B08A0
:10A18000B40297C0860E4FFFD3412041000000303B
:10A19000400400304004E41C00309E0E6FFF552444
:10A1A000403EF8140130E41400300431808F8C42BA
:10A1B000000001310000B41C0030CDF60030800FEB
:10A1C000A33C0AD711F00C708D704C7049C048C088
:10A1D00088F00431808FA04100002C71D1F600304E
:10A1E000800F4C3ECDCC9A0ECFEF483041022F204D
:10A1F000478006F20B08140207D903F02C71608522
:10A200002F7D30230224346DF9619621C606302259
:10A21000802F0000000D50C2408152C0018144C215
:10A220004281238130228C2F0000040D45C047C19C
:10A2300090C056244139B14051C353C40A0EEFFDBA
:10A2400046C25624403984C1960EA0015624C23815
:10A250005624C038F20DEFFD90C113C010C22C700F
:10A26000043040800CF711C112C05222C2075221A3
:10A27000C1075220C00750C251C152C03027801FB1
:10A2800000009C0D483001200231412001300000C7
:10A29000E41C803007304000B41C00306E0B6000BE
:10A2A0005524403E11C0881C0030620B60005524CC
:10A2B000803812C0F81C0030520B60005524803FDB
:10A2C000B4140130E414033088140030F814023060
:10A2D00000334C00003100000031820048C449C006
:10A2E000CC140D30C3436A44FBAE4AC20030C000F8
:10A2F0000034CC100032C2000027811F0000900DF6
:10A3000000A1FC190083A2A141A104110C302086F8
:10A310003027021630278315C340B23DC2B86D7096
:10A32000043400A0CA2009050434C0924BC14CC2B9
:10A330004DC34FC04EC453F73227801F0000A00DFD
:10A340000DE85224CC175223C3075222C2075221D0
:10A35000C0074EC44DC34CC24BC0F01400308BC17B
:10A3600014DA020F6FE4001B0330FC140030408845
:10A37000D01400302088E0140030A5B940A8D014D3
:10A38000003020A82C73BA0CAFFDE140F41401306A
:10A390004A24807100A1E014003000882968E0148C
:10A3A000003020A8DC1401309C140030A82080026A
:10A3B0001041304000180100001901000474247499
:10A3C00000278D1F00007B0E008DA708110032278B
:10A3D000801F0000840E8C20C38F4BF200278E1F3D
:10A3E0000000D80E808ED4140430D8140530EC143C
:10A3F0000730E1408424011040240B3B5524C13830
:10A40000562442385524033C80201C027824061030
:10A41000CE0CE001001CC0329C1400308BC1460EF3
:10A420006FE414DA008E84C32C718420C20F00AE56
:10A430009C140030D60EA0014C7104C105C206C3A5
:10A4400007C4DC14003020A041A062A083A09C14AB
:10A45000003024800027801F0000BC092E0C000162
:10A46000DC14013004A1AC168090A31E02902C7164
:10A47000CE0BAFFDE140001900202C76C20BAFFDE2
:10A48000E14000180020008D3227951F0000840E47
:10A4900004778C25C3AF00AD0CF23227801F00007B
:10A4A00070088E7188E83227801F0000BC0884E89D
:10A4B0004A2400204A248071B8140030A82080016A
:10A4C000104000180100047400278D1F00007C0E4E
:10A4D000008DA2E800278E1F0000850E008E8C20C4
:10A4E000C38F1AF2D4140330D81404300027801F0D
:10A4F00000004C095524C13856244238DE0E6FF94D
:10A500004024053BB81400308BC15A0D6FE414DAB7
:10A51000008E00AD2C722A0BAFFDE1400018002028
:10A52000008D4A244071A41401300477001D0210EC
:10A53000A0140030A8204002104028460018010056
:10A5400004191100047400278D1F00007D0E008D7A
:10A550001470A0F40027911F0000860E00118020C7
:10A560008C20C38F96F20027931F0000BC090113B3
:10A5700080201B083F009DC119087F004A244071BC
:10A58000A8200001041911000AF09C14013004F005
:10A59000B81401309DC0CE0C6FE414DA841401307D
:10A5A000EA0A20016240841C00309DC09A0AEFFD37
:10A5B00084C184C04E09E00188C13227801F000099
:10A5C000BD098414123027083F011C1C8034250863
:10A5D0007F01E6B842401AF24A2440719DC0E078FB
:10A5E000A8200001041811000AF09C14013004F0A6
:10A5F000B81401309DC06E0C6FE414DA841401307D
:10A600008A0A2001624007C0A014013008C28C14DD
:10A610000B3003A1A414003009C30AC40C18800431
:10A62000C3407A44000000320100CB40203C12AC11
:10A6300000330300003402100031000202334710DF
:10A64000A01401309014093000330C0200A1A414AE
:10A650000030003701020231C31020A00033030292
:10A66000A01400309414063000320B0281A0023690
:10A670008200A41400300032020261A0A014003055
:10A680000818C002A414003042A00011802000ADC0
:10A690002C74AE09AFFDE140001800202C75A20912
:10A6A000AFFDE14000A6008D2C70047700ADBC1416
:10A6B000003021A820A83227801F0000B508850897
:10A6C000B4008C25C3AF11F21F0C31208A209C05E9
:10A6D000086740140236483000000432008085F6D6
:10A6E000E814003023A03227801F0000C50E550853
:10A6F000FE008C25C3AF3224823F00000701BC144A
:10A70000003040A810F28A209C05086740140336E8
:10A71000483000000433008086F6BC140030522418
:10A72000022040A80027831F0000D90E008B0B0ACF
:10A730000100048F06E8BC1400300118430040AB50
:10A74000048F03E824AF8024053A04141B34DAC6CE
:10A750003C108B002C715418440031A0250B301094
:10A7600030A073808D70004142233C80C6F62042A9
:10A77000A8200001061A15008571F10CE4922472DC
:10A78000E07F50180100E078EEC208461E2240002B
:10A79000AD7030428DBD2186B8604EB80A2180214F
:10A7A0000A2040210A230021FA08AFFD68471E272E
:10A7B000811408470086B961EA08AFFD4EB91A272F
:10A7C0000114B961DE08AFFD4EB91E23812401A634
:10A7D000B8611A2741144EB8B961CA08AFFD4EB925
:10A7E00000A6C3410000FF7FC60CA002E140CEC618
:10A7F000FAC3ADC1CB46A100580828451041C60C8C
:10A80000EFEF061E4310320BEFEF104008470C73BA
:10A810000241AA0CEFEFE14210420C7102419E0C82
:10A82000EFEFE14210406A0FEFEFA1D8298D084702
:10A8300006E9048E84E80F091020DAC7061E03100B
:10A84000DAC7C340A000DACF20887C101120E2B91B
:10A8500060022100EF702B880A1096000C10930004
:10A860006788081098000910940004108B000510E8
:10A8700097000610990001108700428883884029BC
:10A880000002402B1524C270CB407F00FFFFA27056
:10A890001C161E10CB4100FF00001170C0204D029D
:10A8A00048308000181606101416051010160410F3
:10A8B00040281832402F1722402A010200361E304D
:10A8C000402C14244029133410BC0020C23000272F
:10A8D000C322E07100220B050023C0040436C0B778
:10A8E0009961C7F601369E3FCBC185EB06F046F76E
:10A8F00001369E3FCB4185EBC342A00028CF6A8240
:10A900007FDC117117BCC0214D021170C0204D02B7
:10A91000301207000133030348309F0006820036DF
:10A92000C330013713030035DF070130C50008824B
:10A93000501207000037C334483181000130DE0077
:10A940006F8212820235C501003444000033430196
:10A95000003040010136C330013000032E8207333E
:10A9600007000B8254121E00D343FA440000EF701C
:10A970000130030307820034C3000031410101307C
:10A98000C300118201334100003040010036C33161
:10A9900001300003073115003682003640300234A2
:10A9A00014100235C0207882073004050031000100
:10A9B0000031C1000237000007300705178200365A
:10A9C0001E30023100000233810700351E200D8247
:10A9D000013015030031C30133820437C084CA2714
:10A9E00069300C2300920236C33000314001C0238D
:10A9F0004D1248338B1001301E0307330C050982BA
:10AA000030822D700036C3020A23C0110033420584
:10AA10000130820000314001804101320000C34218
:10AA2000FF4600FE07308007013003034F23C02795
:10AA30000433C084CA21691004340080CA2105008F
:10AA4000043700806840CA23051004330080CA2000
:10AA500005100434C084404005F60731800F7A3D6C
:10AA6000F4014830C002C341A000ECCF4844110FAC
:10AA7000313000A107338C1F7A3DF4014834C012F5
:10AA80000F09311001A10730821F7A3DF4014832CD
:10AA9000C20228490C19410042A138E162A0041801
:10AAA000C0017609EFFC0018000128866079A140FA
:10AAB0003C4D4024C2302C766C718C70AC70720BA3
:10AAC0006003031C0331008505E8288885E90080C0
:10AAD000FCF1081D0310941001209412002094151D
:10AAE000021004310080CA204900043200803E0078
:10AAF0002C000A24400480218D2580244D0581C32B
:10AB000002404241A142220FEFFD0A254004060DFA
:10AB10006FFDE1400BE88C150010558781C10BA734
:10AB2000881500100AA7607AE140781000202C7088
:10AB3000C342A000F8CF20A223A026AE78120020A6
:10AB400023A0DAC7E2C2C340A100580844882845C0
:10AB50000618430004EA06180300C2C60A0CCFEF29
:10AB600046086002A142C2C640802C700432408078
:10AB700045F7C34180BF000005F0E020CC077FD936
:10AB800017B9E07F20A0E078EEC3BEC1A8467043AD
:10AB90000845ED70E2A6E1A6E0A603EACEC7608113
:10ABA0004181228134158C10C340CC3DCDCC003383
:10ABB000030000320200003100004025111451C38F
:10ABC00052C2A90C301053C091C180C222401A0851
:10ABD000AFF9341DC21380C0D20B2FFF42C701C092
:10ABE0007FD917B9043040804F21C207CA204900DD
:10ABF00004308080CA20850043C0FE0F600283C0FD
:10AC000003C0C3414940DB0F0430408083F602316A
:10AC1000000000C10030800F003F000043C08FC023
:10AC20004A0FEFFF4FC103C649C748C70A0CEFEEF2
:10AC3000C1404BC052092FF3C1400FC184C2003143
:10AC4000000022414AC09A0C600188C084C0120AE8
:10AC5000600388C108C309C20AC10BC00019C02023
:10AC600045A526A507A5CEC780C280417A0F6FF9FA
:10AC7000224080C0FA0BE0009BC1920B2FFF9BC0CB
:10AC8000D342DB2EFFE60430808443C0CDF6220F92
:10AC9000CFFE02C301C400C20030C0002C70522499
:10ACA000C31743C005F002C101C200C343C74EC170
:10ACB0008CC098C14DC2BA0BE0004CC34E0B2FFFA5
:10ACC00098C003C1D340803F00004FC0013102044F
:10ACD0005020C1250032410090C05E0B2FFF50C1B3
:10ACE0000FC10431808444000C0003C001314100D5
:10ACF00004300084CA2009040230002007304000DC
:10AD000043C0360B2FFF83C010C203C00CC10DC35C
:10AD10000EC447C2003101000030C2000030000301
:10AD200044C145C246C007F010C046C745C744C726
:10AD300047C084C0120BAFFD94C194C084C2A20B63
:10AD40006001224184C091C19E0E6FF98CC25E0ADF
:10AD50002FFF8CC088C1F20AAFFD224088C0A6092F
:10AD6000A00180C12A850CC038150B1000C201C398
:10AD700002C402304820003046000030810000301C
:10AD8000C200003003030030C012351589100136AF
:10AD9000000040C10EA543C0BFB841C22509301014
:10ADA00042C38B85043000833E000C0003850031D4
:10ADB000000000A603850032000001A6038511F003
:10ADC0008C8504300083D1F603850031000000A695
:10ADD00003850032000001A60385351D43100033B2
:10ADE000000002A603F0351DC2137670B005C1FF46
:10ADF000E2A6E1A6E0A6CEC78020440E008865B892
:10AE00000F78E07F7C208000E2C20845CA0BAFECDF
:10AE1000008000A5C2C6E078E8C2AE6A8D702F201F
:10AE20004793001C000382A381A380A356F25B7AA0
:10AE300062BA1A623422850F0000880E40254C0049
:10AE4000907C990CB41077DE5F200F1305BEAC6EBA
:10AE5000422507111F674227880CFE6608110B0068
:10AE600004110600808100279E003420891040864E
:10AE7000FC161F90F8161090FD6535700132C8025F
:10AE80000137823101300B23E077CA2542021DF4DD
:10AE9000048807E880A3018101A342810BF04835B3
:10AEA0000C0007320003073301130730021301A31C
:10AEB00020A37FD842A317B86D704C700D70CE1EC2
:10AEC00044B1001C00004225400040A5001FC012F4
:10AED000001E0012CE1E04B0C8C6E078E2C2C34114
:10AEE0001300A8AEDE09AFF20DD8CB45A100500A81
:10AEF00003A5C34113003CAF5E0AAFF20DD804A511
:10AF0000C2C6E078E8C3ADC12846084580C02C70B1
:10AF100096092FF234DA5208CFEFBFE610402847E7
:10AF200009F612EE370E70104C72290E31144C7364
:10AF300015F0C0E60AF2E0E60AF28C2602900AF466
:10AF40004C760DF04C710BF04C7409F04C7507F019
:10AF50008C26C39F4C72CA22E1012C73AC71A140B4
:10AF600002431609A001E14410852C72AC714830EF
:10AF700040020F7A0243E144FE08A001A1401F0EE7
:10AF8000B4108C260290CC26829F0000FF000DF4A6
:10AF9000C3404843000042C003F0081C013080C198
:10AFA000620EA002A140C8C7E8C2104068474845E9
:10AFB0002908B0002846510871200C701B0E34116E
:10AFC000001F0511C341A100500A268903AD02AD3F
:10AFD00001AD0C7120ADC8C60C70FF0E3492001F7D
:10AFE000051207AD06AD05AD04AD03AD02AD01AD73
:10AFF00000ADC341A100500A4C766A0A2FE4A1407B
:10B000000C71C8C6C340A100500A838009EC0240FD
:10B01000C141A142607CE14314700C71DDF5C34075
:10B02000000000000AE80240C141A142692040003E
:10B03000E14314700C71D1F50C70C8C6E6C2084724
:10B0400048452108B0002846310F71100C70130ECE
:10B050001411408DC341A100500A0C7143B1C6C602
:10B06000FF0E34920C70C340A100500A4C76F609D2
:10B070002FE4A1410C71C6C6C340A100500A6480F0
:10B0800008EBE140C141607BA14214700C71E9F50D
:10B09000C340000000000AE8E140C14169204000CF
:10B0A000A14214700C71DDF50C70C6C6E8C2619146
:10B0B00028475322C10208460F0B6500412A10039E
:10B0C00000961B0801208C210C8D48000600046EA0
:10B0D0002C70D60FEFF10CDA1CF002971308650004
:10B0E0001426011402960E70047102B612F0029139
:10B0F0004A2440710E71047102B1449740268011B8
:10B10000A820C00102100105C709858006710E70D4
:10B11000249702963D0865002F210884A09649F2E5
:10B12000019614260210101A040404714397107B30
:10B130000B0BA40001B6021E051031096103129623
:10B1400004711079090A650012B652B60A4531F049
:10B15000AD70066E2C701EDAA2B6A1B64A0FEFF1E2
:10B16000A0B6039712B625F089685D7990783F08FC
:10B170006500402609146C7042223C800C700DF270
:10B180002F20C81021410C70A820C00102110B050E
:10B1900038230F12F8609079107808204C80CA2567
:10B1A000C91064717078D508948192B6A0B6B07851
:10B1B000C8C6E078E4C0A0804A24C0716D70A0A128
:10B1C000818081A1628062A1A820800465715A23D8
:10B1D00002131A62C08201358D13A0A1C18201340D
:10B1E0008C1381A142820133830062A1C4C4E07840
:10B1F000F1C0B3C148402843AB0E3000FFD9A70CC3
:10B200001000A30810009F0B10009B0D300040267B
:10B2100007065626010D008052C1C0418021060359
:10B2200051C15626C10B50C1C041802105094FC1F3
:10B230005626810A4EC1C0418021040F4DC15626B9
:10B2400041094CC1C041802104054BC1562601086B
:10B250004AC15526C10E49C15526810D48C1552602
:10B26000410C47C15526010B46C15526C10945C1B0
:10B270005526810844C15426010E43C15426810B32
:10B2800042C15426010941C14026010C40C1604120
:10B290008042A0430A24C002EE0E2FFF0A250002BE
:10B2A0002C70B3C0D1C0E07F2D78E078E6C3822453
:10B2B000103D28450041E1083000FFDAD90D30107B
:10B2C00080C70081FA0B200380C168148B301DC633
:10B2D0001CC4B014033089148230691481303224C4
:10B2E000803F0000D60380270F16351DC212CAA565
:10B2F0008BA56CA5371D8210361D4210041D12103F
:10B3000024DAE1415E0FEFE3A1400024813F000019
:10B31000D40338110481BC140036001187000111D8
:10B320008800521101010024823F000028043224C9
:10B330009E3F00002404C4148530901486306C14A1
:10B34000893098140B3094140F30A6140E36818275
:10B35000608208129F0012A5782080102DB94C70D1
:10B36000451D0210442140004D1D8217301D421121
:10B37000461D04114C1DC211351D8211341D42128F
:10B38000381DC012EFA5D0A594A575A5581DC217EC
:10B39000441D02104D78C6C7ECC39424AC3B48450D
:10B3A000304000411470FFDF04F2167002F2B570F5
:10B3B000A60221000A220024008180C180224320AD
:10B3C000DA0CEFFD80C68A204A040A21002480C1DD
:10B3D00000B580214A248021080B0CDA0240ED7070
:10B3E000820EEFE3001903203224803F00000802A0
:10B3F00080C1802109040C18022040204023660EE1
:10B40000EFE30CDA80C18021100940204026560E5F
:10B41000EFE318DA80C18021100F4020402C460E47
:10B42000EFE390DA80C1802113030CDA360EEFE3EC
:10B430004240024080C18020430380211306260E33
:10B44000EFE310DA0024803F0000EC04FF1082805C
:10B45000FC108B80FD108C80FE108380024080C128
:10B460008020430880210D0FE01882200CDADD18BF
:10B47000C222DE180223EE0DEFE3DF18C2200240E5
:10B4800080C18020430B80210E02DA0DEFE30CDA3D
:10B49000024080C18020430E80210E05C60DEFE3DF
:10B4A0000CDA3224823F0000A103024080C18020D8
:10B4B000840180210E0B441A8220AA0DEFE34C7404
:10B4C000024080C18020840280210E0F960DEFE3A0
:10B4D0004C74024080C18020840380210F03860DBC
:10B4E000EFE30CDA024080C18020840680210F0047
:10B4F000720DEFE30CDA024080C1802084098021C4
:10B500000F09620DEFE30CDA024080C18020840C49
:10B5100080210F064E0DEFE30CDA0024803F00007F
:10B52000F4033224823F00005407FC108B80FD108E
:10B530008C805620032A024080C180204500802153
:10B540001D0640AB4C747D1AC2221A0DEFE37E1A21
:10B550000223024080C18020450180211D07060D85
:10B56000EFE34C74024080C18020450280211D0819
:10B57000F20CEFE318DA024080C1802045088021F8
:10B580001D0EE20CEFE34C743224823F00007C0776
:10B59000024080C18020850980211E00A41A8220DB
:10B5A000C20CEFE30CDA024080C18020850C8021C0
:10B5B0001E03B20CEFE30CDA024080C18020850F3D
:10B5C00080211E099E0CEFE390DA34DD02408BBD32
:10B5D00080208803B9668E0CEFE318DA0024803FE0
:10B5E00000005008FC108280FD10818002401CE5A4
:10B5F0008020080A951982A0961942A0B966660CA7
:10B60000EFE348DA024080C18020090C80211E0649
:10B61000520CEFE30CDA3224823F00009A08024019
:10B62000542581198020490FEB1982A0D961360C6D
:10B63000EFE30CDA024080C180204A0280211B0126
:10B64000220CEFE34C7480204A235426011F4C74D3
:10B65000120CEFE30240ED78CCC7E07809E82C70DB
:10B66000021803010118C3000018430002F0FFD9BB
:10B67000E07F2D78E2C208450DE80085C342000056
:10B68000540F260AEFF12C70A60EA00200852C7034
:10B6900002F0FFD92D78C2C6E6C38224103D2845AA
:10B6A0001470FFD98CF2B5708AF2C08080C180C757
:10B6B0000E082003C1402A850B850024833F00002B
:10B6C000D4035DC1041581145CC03315801032159C
:10B6D000821080270F1622AB4920C100792200007A
:10B6E000891C4230691C023024DAE140760BEFE31A
:10B6F000A14100248A3F000026042B8531158210C9
:10B7000000120C1144158F104D1583103015801048
:10B7100045158B10B01C40304DC140C1AE1C82306D
:10B7200079220100532402130DBFFE1AC290C41CDB
:10B73000023072C065C08022BA1C5867001A4210DD
:10B740007AC1170B7110A71A1C100024803F00004B
:10B75000D40301188300461506114C158810548532
:10B76000341580105415071058158110481509100C
:10B7700035158B10EE858F85708500248D3F000078
:10B780000C03001D8411C81D0212481D9810792059
:10B790000000471DD8118025041920AD7BC080C151
:10B7A000C140BC1C5832901CC232981CC033941C3F
:10B7B0000033520D2002A61CD83000412D78C6C798
:10B7C000EAC39424AC3B28461470FFD902F2D5702A
:10B7D0007E022100D141008080C18021852F80C759
:10B7E000BA08EFFD104080C08020080B0CDA760A02
:10B7F000EFE3C1412C8E80C00024823F000008028C
:10B800008020090420AA9D4E5A0AEFE30CDA80C07A
:10B8100080201009B94E4E0AEFE318DA80C080206C
:10B82000100FE94E3E0AEFE390DA80C0C14180205C
:10B830001303802143002E0AEFE30CDA80C0C141DC
:10B8400080201306802143031A0AEFE310DAE01682
:10B850008210DD168B10DE168C10DF16831080C070
:10B86000C14100248D3F0000E80480200D0F80219D
:10B87000430843AD0CDA001DC21281ADE609EFE3C7
:10B8800062AD80C0C14180200E028021430BD609E9
:10B89000EFE30CDA80C0C14180200E058021430E09
:10B8A000C209EFE30CDA871182A080C0C141802574
:10B8B0003A1E80200E0B8021840141ADA609EFE3E2
:10B8C0004C7480C0C14180200E0F802184029609F3
:10B8D000EFE34C7480C0C14180200F0380218403BA
:10B8E0008209EFE30CDA80C0C14180200F00802183
:10B8F00084067209EFE30CDA80C0C14180200F0991
:10B90000802184095E09EFE30CDA80C0C141802008
:10B910000F068021840C4E09EFE30CDAC0118CA0D5
:10B92000C11183A05626021A408A80C0C141501D11
:10B930000213511DC21080250E1D80201D0680217E
:10B94000450040AD1E09EFE34C7480C0C14180202A
:10B950001D07802145010E09EFE34C7480C0C141F1
:10B9600080201D0880214502FA08EFE318DA80C024
:10B97000C14180201D0E80214508EA08EFE34C7488
:10B98000E71182A080C0C14180201E00802185096E
:10B99000281D8210CE08EFE30CDA80C0C141802060
:10B9A0001E038021850CBE08EFE30CDA80C08020E6
:10B9B0001E0990DAAE08EFE3224134DD8BBDC141B0
:10B9C000B867802188039E08EFE318DAA811822067
:10B9D000A91180201CE5C1410024833F00004C08D0
:10B9E00040AB01ABB8678021080A7A08EFE348DA78
:10B9F00080C0C14180201E068021090C6608EFE34B
:10BA00000CDAFE11822054258019C1410024833FA5
:10BA10000000980842ABF8608021490F4608EFE328
:10BA20000CDA80C0C14180201B0180214A02360807
:10BA3000EFE34C7480264A135427001F4C742608E9
:10BA4000EFE3C14180C1F6092003024000412D7897
:10BA5000CAC7E078E4C200804A244075CD7028400F
:10BA60008A25431FA820000904100B1448334212F2
:10BA7000370EF513507C8C24199088000D00130CA0
:10BA800055160033821F8041000048324202507A2E
:10BA90008C22C3810DF60BEA130A50060F0AB00C74
:10BAA000E4E205F22EF05B0C9510C57110F08C22CB
:10BAB0000382CC22828F00009001CC22828F000072
:10BAC0002003F5F38C221980F1F31CF04881CB445C
:10BAD000C8430000FDDD0432008314F64B810432BC
:10BAE000008310F64E81043200830CF6428104324A
:10BAF000008308F6A60E60004C70AD7002F0FDDD0C
:10BB0000AD78C4C6ECC3A2C1CD7070404845304288
:10BB100000423E0A2FFD061C84330D0A252000B387
:10BB2000C140CCC7C1E256002C00FBE2A4002C00AF
:10BB3000C2E2FCE2D341A100E408CB47A00014D448
:10BB40006BF2FDE27AF2FEE2ECF52D0A34210018E8
:10BB500005210E0BEFFF80C0001002212C704A0D52
:10BB6000AFF1A140021482300114813020C042ADF7
:10BB700021AD00AD7D220E21D4F1CB47A100E40818
:10BB8000D341A00024D9E50A70002C70547389F2C7
:10BB90005475D340A000ADDBA6F2C1E2C2F52C7013
:10BBA00044DA060DAFF1A1405AD8AB20080E40246C
:10BBB0008231E140E60FAFFF2241046D08DAA60EA4
:10BBC000AFE30241C3AD021D0312011D031265F074
:10BBD000D340A100E408CB47A00014D49FF2FBE2BD
:10BBE000A0F52C7044DAC20CAFF1A1400240C20EA5
:10BBF000AFFFE141351780100ADA5427011900AD73
:10BC00003717801001AD5E0EAFE3026D5C17801038
:10BC1000CD710CAD86F12C7044DA8E0CAFF1A140E1
:10BC200022408E0EAFFFE1410ADA54270119360E89
:10BC3000AFE3A140CD7176F12C7044DA6A0CAFF11C
:10BC4000A14022406A0EAFFFE141008F246F24DA49
:10BC500004AD120EAFE3056DC3AD25D880D9CD710B
:10BC600002AD01AD20AD5EF144DA3E0CAFF1A14072
:10BC70005AD8AB20080E40248231E1401E0FAFFF9E
:10BC80002241046D19DADE0DAFE32241C3AD021D7E
:10BC90004316011D431680D8CD7100AD42F12C70C2
:10BCA00044DA060CAFF1A1401C8F10408CE85AD842
:10BCB000AB20080E40248231E140E20EAFFF22416A
:10BCC0001C17901040288121C371A00005DA930849
:10BCD0003020046D8E0DAFE31FDA02401FD985209E
:10BCE0003E0044F02C7044DABE0BAFF1A140DD8F72
:10BCF0004020D02688EE5AD8AB20080E6A08AFFD47
:10BD00000240DD8F366E046D2D0E35120271560D18
:10BD1000AFE340DA40D9C14015F00240E141C3AD84
:10BD2000C2ADC1AD8A0DAFFFC0AD37178010CD7168
:10BD300001AD29F02E0DAFE311DAC14011D98520F4
:10BD40003E0000AD016E21AD0F7988E1CA202D00C3
:10BD5000031D8310021D4314CD711DAF13F0060D9A
:10BD6000AFE340DA40D90C7021AD4020412000AD56
:10BD70002F7814715FDACA212D00C3ADCD7142ADA9
:10BD80003CAFA105CFFFE078EAC3A1C10E704845E2
:10BD900020430042BA0FEFFC021C043470703802DA
:10BDA0002D00C1E2DCF6FAE288002C00C2E2FBE2E0
:10BDB000CB46A100E408CB47A00014D463F2FCE218
:10BDC00075F2FDE210022200C140E60CAFFFE14136
:10BDD000048D256D24DA00AF046F71F0E50A700060
:10BDE000547390F25475CB47A000C8DBACF2C1E2AB
:10BDF000F2F45AD8CB46A00024D9AB20080EC34099
:10BE0000A100E40840248230C141920DAFFF1040F0
:10BE10000015C01019083300532081017BBF5669FB
:10BE2000F862246D3E0CAFE34E2202020240B5F0F0
:10BE3000CB46A100E4089DF2FAE2CEF4008D0E712B
:10BE40001471CAF4CB45A00024D940248230C140EB
:10BE50004A0DAFFFA141C341A000DCDDC8DA394D76
:10BE6000020CAFE355218F0CC340A00064DA8A2294
:10BE70004502F20BAFE3E141C1404A09EFFFA141A6
:10BE8000AAF0C1402A0CAFFFE141008D226D0ADA11
:10BE9000351F0210018D371F0210CA0BAFE3542764
:10BEA00000190C8D5C1F02106DF0C140020CAFFF39
:10BEB000E1410ADA54270019A141AA0B8FE363F08C
:10BEC000008DCB47A100E408CB46A00024D9532025
:10BED00090810DF45AD8AB20080E40248230E14006
:10BEE000BA0CAFFFC1410015C01040288221246D5B
:10BEF0002F2605F04C002300D8624E2242064AF05D
:10BF0000008DCB47A100E408CB46A00024D95320E4
:10BF100090810DF45AD8AB20080E40248230E140C5
:10BF20007A0CAFFFC1410015C010402883212F2695
:10BF300005F00023800FA00005DA54002400246DD2
:10BF400040DA28F0008D53208E810AF45AD8AB20B5
:10BF5000080E160E6FFDE1400015C010766E246DC0
:10BF60002F2605F036002400F86340DA1AF0CB479C
:10BF7000A00014D4C1403A0BAFFFE141018D371F3F
:10BF80000210C140160FAFFFE14125F05FDA627A7F
:10BF9000D20A8FE3E140C1411BF08A224804627A51
:10BFA000C20A8FE3CB45A00024D9394DC8DAB60ABE
:10BFB000AFE3E141C340A00064DA8A224502A60A49
:10BFC000AFE35527811CC340A100E408A141F60F4F
:10BFD0008FFF0E710240CAC7EEC250423043E60CDA
:10BFE0002FEF1041520B2FEF104008470C73024106
:10BFF000CA0C2FEFE14208450C710241BE0C2FEF35
:10C00000E14208460C750241B20C2FEFE1420042BA
:10C010000BEE483140220F780F085000098E147043
:10C020000C7003F2CEC60AED043380AF803F0000EF
:10C0300004F2298D0C70F8E90C7176EA043280AFB5
:10C04000803F0000F0F3098A78200000CEC6E07837
:10C05000E2C255208D0B720C6002A140F60E2FFF3C
:10C06000A14008D9AE086000A140C2C6FAC2FC1CBB
:10C07000C8B682240638F81CC0300846F8140030D0
:10C08000D94380238A330018030001138C30001336
:10C0900083302040857774708943611C1831FC1C03
:10C0A000803052072100011B0233A41602162080A3
:10C0B000A5160C16A6160816013181002F26C7F208
:10C0C000A41E5810418001320C03A51E1813428093
:10C0D000013202021E072200A61E981048330300F8
:10C0E0000732CF00FF138BB0038042C20734CD105C
:10C0F00041C440C1E81C00300731C300E41CC03318
:10C10000E01C4033DB0B3010DC1CC0305516001631
:10C110000DDB1ABB0030000060420430C0805416B2
:10C120000116CA22090056160016003146005316A1
:10C130000B160030000007368C000430C080CA2384
:10C14000090051160216FE1389B00736C0005216B8
:10C1500003164B1E98105526C1194A248071FF1BE7
:10C1600003B00034C8104C1E1813003303024D1ED8
:10C1700018124E1E18100030CC02003280004F1EE4
:10C1800018130130C20000330013013200000230E6
:10C1900080012309F010501E18102F09B11093C010
:10C1A0000A22800F9B4233B3A8200001041890009C
:10C1B00014F093C00A22800FE63E6666A8200001B4
:10C1C000041890000AF0C342C842000093C0E0780F
:10C1D000A820000104189000460C600293C09B1632
:10C1E00001162E0EE0009C16001681685A200003EE
:10C1F000DC140130E0140330D860831858009B161B
:10C200001216E41402309C1E18138418D800110A68
:10C21000B32085189800AD709EBD04F048328D2083
:10C22000D143802308230024803F0000240160DAEA
:10C230003208AFE362410024803F000024017A0FFE
:10C240006FFF80C1D345803F000007354B2301C1FC
:10C2500002C000C24A140C364B14033649140D3682
:10C2600000334110003300100033821041C102340A
:10C27000411046C00233000040C202358210F01C5B
:10C280004030F41C00305524C03E83C1E20D200034
:10C29000EC1C80304222402048308000110AB3203C
:10C2A0000735112005C204C103C03CF00E76AD7203
:10C2B0000024803F000024011520000400C101C2B9
:10C2C000F4100C80F810088006C3FC100B800234B8
:10C2D0004010023081100233C210EC1C0030F01C00
:10C2E00040305524C03E5624C138860D2000F41C31
:10C2F000803003C14614003604C34714023605C714
:10C3000048140C36013040000132C1000134C21320
:10C3100006735275A57143C044C19807EBFF45C22F
:10C320000031412000310020003182209E1E581033
:10C330009D1E181044C143C05524C03D5624C13829
:10C340009F1E98102A0D200045C2C20C6FFE562475
:10C35000C0387D160116CE700430408047F77E1637
:10C36000011604304080C3F6CE7122869D16001659
:10C370009E1602169F160316043040806F200B0095
:10C3800056240C380432408000AC6F200B0004337C
:10C39000408001AC6F200B0002AC9A0C20025624A6
:10C3A0000038A30E10209F0830000E718216001670
:10C3B0008116011604710920408090002B00821E16
:10C3C00018109B160D1693C1EE0D6FFF624015C03D
:10C3D00048358110A01603160730510013C0A1166E
:10C3E0000C160730420014C007304000A216011698
:10C3F00002314D2049C50232C10053C247C18DC12F
:10C4000054C00230000348C00A086FFE87C00EC146
:10C410000DC07F1602160FC3013040000032810F9D
:10C42000404000000130C000043100804EF713C1CD
:10C4300014C0A21E58140E70A01E5810A11E181071
:10C4400004F00E71821E19108E70D10831206E70AA
:10C4500052263EA06E7062F40586A0160316A11641
:10C460000216A21601166E7140C341C27D08720009
:10C4700042C11C4E80C10024823F00009401FE0E88
:10C480006002104214161010AD70ED704A210020A9
:10C49000590D0314550931205624423C5A250113E5
:10C4A0004240D961D60E600218E10C702C718D707B
:10C4B0002508D30090EC0024833F0000940156240B
:10C4C000423C034B024A7072C0206100C079CA240A
:10C4D0006210F0F104863F671077C0256B10CA2305
:10C4E0002A20CA216A20D6F1310B30200AD9220B2A
:10C4F000E00094160010258641680F09B302941ECF
:10C500008010016905A65A22000300C401C302C1BC
:10C51000D86083A064A025A0A2160016C3411C41C8
:10C520000AE807304200A116001607304C00A0169A
:10C53000001607304D0042C241C4170B312040C5E0
:10C54000F8140030008891022000792001004A246C
:10C550000079D340A000A8F0A8208003152600157C
:10C56000581003069C10000015200125867101302B
:10C57000C00000A1C34000C00000003281000034B0
:10C580000F130032020000340C10003500106D70E3
:10C590000A2100140D706C70301C40354AC148C728
:10C5A0004BC249C41C1C00304A24807187C787C015
:10C5B0004A210000A820800204110C140410020477
:10C5C0000032020301318100604F647100310000CC
:10C5D000D90BB481013008107C1600160A2400140F
:10C5E000013009104A2480712C7087C00A22000390
:10C5F000A820800204100804181203040033030268
:10C600000131C10007314202562400381520C00212
:10C6100065718574D10BB49140A0D1438023042B64
:10C6200046C18DC018DA62413A0C6FE38DC74A24C7
:10C6300080716C7087C02C70A820800204170C14C5
:10C640000410020400320203013181005225C01798
:10C65000003500104A24807102304B00A82080046D
:10C660005624003860481526C1104B110C060033C3
:10C6700000108DC201341210757A6471001A8004A2
:10C680005620002962096FFE1041ED705424943940
:10C6900056240038E5482F76402417370A204034C6
:10C6A0000A250025041000343E0EAFF62C1001348C
:10C6B0000417012427770035411002304000E909B2
:10C6C00031B0181D10204C700A2000144A230000BD
:10C6D00055200D295A2380014A2480718A44F8602C
:10C6E000152501100C7040A1A82080020410091427
:10C6F00018140B1400334B120130C0026471D90BB3
:10C70000B48100A1E57140211122890FB491867492
:10C7100046C090DA02404E0B6FE3A1418DC118DA9A
:10C72000420B6FE362405526C01990DA360B6FE377
:10C73000A1410EC50DDB1ABB0435C090C4F610C76D
:10C740000437C09086000C000FC011C20DC1073025
:10C750004803511E58100732CB0300300C02003141
:10C760004000521E181201300C030032C002531E4A
:10C77000D81201340010023081040431C080E4F684
:10C7800057160016003000000731000046C0AA0806
:10C790006FFE86C006C000300100541E181007311D
:10C7A000410386C092086FFE46C15416001606C1AA
:10C7B00000300000551E58100730C00346C07A08EC
:10C7C0006FFE86C006C0561E1810F81400302C717B
:10C7D00000184300C140D60D6FFCC24200138130E7
:10C7E0000C70A61E1810A51E1810A41E1810011BF0
:10C7F0004230531601165116031652160216C34044
:10C800001C410AE800310C00003202000033010034
:10C81000FC14003082A041A020A0FE1380B048305C
:10C820000200FC14003043A05416011661140036B7
:10C8300020A05516011621A05616011643A022A0CD
:10C840008024063804141B34DAC6E078E07F001830
:10C850004300E078FFDA09E8228007E9238005E950
:10C86000048003E84C70E07F4D78E078408000322F
:10C87000820040A141800032820041A1028000304C
:10C880000000E07F02A1E078004301800430408096
:10C890000C70E020CE07428304324080C9F7038346
:10C8A00004304080C8F7C34040400000E07E7FD89D
:10C8B000E07F17B80C70E07F9EB8E0786A248012A1
:10C8C00051248093E020820F1200D87ACB440000DC
:10C8D00043003E796A24801251248093E020820F25
:10C8E0001200F07ACB44000044003E7908440C70FA
:10C8F0002C704C703472E020C9075470E07D2B64BA
:10C900007470CA206200C0216100CA226200F4F182
:10C91000F1C05380110A420052800D0A4000360EC9
:10C92000EFFE32A0D1C0E07EEAC29A0BEFEE1041DA
:10C93000060AEFEE084708460C71E1417E0BEFEE68
:10C94000C14210400C73E141720BEFEEC142084549
:10C950000C75E141660BEFEEC1421708102009107B
:10C96000812007E989110126090971004C704C7179
:10C9700007ED298D05E98D1101260909510081BABC
:10C9800007E8098805E8841100260908510082BAE1
:10C990007822C001CAC6E078FAC2FC1CC8B6BDC184
:10C9A000084695204E0C40C6704149C0609000C0BA
:10C9B00043C6081C003180201D0940C003C04A2422
:10C9C000407504238F0F0000002080200E0543C017
:10C9D00002C02043A820800104130C040418100393
:10C9E000A0EA4A2480714021030F3CDAA820800687
:10C9F000041301040C7004310080C5F63FD818B848
:10CA000004F0C34000BF0000013100004830C00204
:10CA10008B20838F05F202C0586000180100447417
:10CA200002C00A26803F00340000C343C841000012
:10CA3000428004328087C6F60432C080684483F79F
:10CA4000484402C002C1DB40C843000004320086F3
:10CA5000058020810A270026CA270C230431008084
:10CA6000CA21050004318087C5F60431C0806841C1
:10CA700082F7284102C0CB45C844000004314083FE
:10CA8000CA2149134480038004308080CA20850075
:10CA900004308087C5F60430C080604282F70042CF
:10CAA00002C147C50430408307C02181CA208C00E1
:10CAB00004310080CA2105000431808747C0C5F6D3
:10CAC0000431C08082F720434A24C070043140837F
:10CAD000B941CA21CC30AC7054249F3854240B3D4A
:10CAE0000D708C704E702C704C70EC704A240010DD
:10CAF000201CC035281C4032A82001052F0FB00093
:10CB00000A20C022150F5000330F11000DD90ADA88
:10CB100007DC0A2040160FF00ED90BDA08DC0A20D9
:10CB200040160A2240228C7009F00FD90CDA09DC79
:10CB30000D700A2240220A24C00502C3043200A25A
:10CB40000A268004957BCA260502FC13038004365E
:10CB50000081CA2605010436C0800C71CA26C500B2
:10CB60000028C0010436408100188021C527091023
:10CB700002F6067F02C0C043E47115208B00FC134F
:10CB800013903578FC1000800436C084CA23C50495
:10CB900004330080CA23050040200B21041FD0303D
:10CBA0003226821F0000A50D12C009C1341C0032BC
:10CBB0001D0AB100E0B1C342C842000004308080C9
:10CBC00046F704368080C5F7C04203F6004211C123
:10CBD000081404304024053D4024063A4024073C14
:10CBE000620A2002C1400DC004308087C7F6D343DB
:10CBF000484100000430C08482F710430AC1043069
:10CC00004083C343C8410000CA23492304318087BD
:10CC1000341CC034C5F60431C080684482F728440F
:10CC200006420CC0043140830E70CA250C13043236
:10CC30000084CA238C0FC83F000004308087C5F6EB
:10CC40000430C08082F70043041CC03404300086E6
:10CC500001C00B47CA27CC10043340A3CA204503A8
:10CC60000430C08341C0CA20C5030430408341C0A2
:10CC7000CA204503043100940C19402304194023B1
:10CC80000019C0240819C02341C0BA012C004CC7A8
:10CC900001C0CB44003F0000914207304202624095
:10CCA000D344484700000A2080140A278004073430
:10CCB0004122181C0434161C043404320084CA2493
:10CCC0008C1F00BF00000431C094CA204502073405
:10CCD0000B20A140013202034832C2020433009407
:10CCE000CA208C1F00BF000004314093CA204502B7
:10CCF00007340620E14001330C1204360084CA27B1
:10CD00008C0F00BF00000431C093CA2045020734D5
:10CD100003200A218014424004330084CA218C1F5E
:10CD200000BF000004310084CA208C0F00BF000047
:10CD3000013100000026811F0000840E4830C0022F
:10CD40002F250820483500200734112040A900C0B5
:10CD50000136C2014834C112101C44304832C102AD
:10CD600001334202C8184380C140121C443048328B
:10CD7000C10280201D0B141C443084C2A241B20C9D
:10CD80006000281C4034C14080201E0F84C2A20CC9
:10CD90006000A2411414003107364274093A1E4261
:10CDA0008D704241D346C84200004830000007342D
:10CDB000152000C00026941F00001C09A418438001
:10CDC00007364374E43A88C3001C802007364B744E
:10CDD0000E3C35FA07364875803F0000FC1CC0A0A9
:10CDE0000135402504300083CA218C0F00BF0000AC
:10CDF00001304000073641244830C002801C04A0A6
:10CE0000961C04A000C0B4180082C340773F6B9A00
:10CE1000CA08EFF6F81CC0A2811401A60026821FE2
:10CE20000000DC08043180A500318105081C0020C9
:10CE300007314105801C58A04CF7C340333F3333C2
:10CE40000BF00026801F0000840E0018C30F2AF08C
:10CE5000C340663F666600C100A2013142244240E1
:10CE60005C1114062C7004324080CA208C0F00BF65
:10CE700000000132020000C00035812F6542E12E22
:10CE800020A04832C102F0185C00F609AFEE003471
:10CE900080244830410200C0201C0035BA185C00D4
:10CEA000043100B474002C000ADA01C007304106D6
:10CEB000C340003F0000104104310084CA208C0FA1
:10CEC00000BF0000013100000026811F0000850E18
:10CED0004830C00200A984C0CE092FF12C7007365B
:10CEE0004076484700002C7084C204304080CA213C
:10CEF0008C2F00BF0000013041040026801F00007D
:10CF00005C094831C1022A0B6000307984C02C7062
:10CF100096092FF10ADA08F00026801F0000850E1E
:10CF20000018C30F8E70FFD8043700A51045BC0051
:10CF30002C00104101C03FD918B90730CC05C340BF
:10CF4000484700002043D342C84200000026901FFB
:10CF50000000D80C0730C205EE710018C225EC188D
:10CF6000C2A504340095CA238C0F00BF0000043210
:10CF70000085CA218C0F00BF0000013241004831FA
:10CF8000C102307948310100073056000134C01029
:10CF90004830D502C340773F6B9A073281253E0F58
:10CFA000AFF6C41880255022D22507368275803FFF
:10CFB0000000043680A4CA2289250C180020281CF1
:10CFC000803507368174004000000032800F7449BC
:10CFD00000240ADAF01800A084C0F41840A0CA089F
:10CFE0002FF12C70CC18C2A507C00026811F0000AD
:10CFF000830E0019420504300085FFD8D8F607C11A
:10D0000001C007305200043200A5C6F6D340003FED
:10D01000000005F0D34000BF000084C02C708A08D7
:10D020002FF10ADA013200244830C0020026811FA5
:10D030000000860E043300A59E012C0000A901C04B
:10D04000D341484100000026921F0000F00907303C
:10D050004104C340003F000010400026821F000032
:10D060007F0E04310085CA208C0F00BF0000013103
:10D070000000F41201A04830C00200AA9608EFFF99
:10D080004240F21200A1D342833A6F12AE70483090
:10D090000000003041040240003181040026941F4A
:10D0A0000000EC0904314085CA208C0F00BF00004D
:10D0B00001310000F41482A04830C0020420810F26
:10D0C0000000FEFF8AE148320200CA20A6020032B8
:10D0D000420410784820C000001C0420BA0F6FEDF5
:10D0E0000032800401C1C342484700000732C30434
:10D0F0000A23001448C00A200014A81E581507313E
:10D10000CC040241A71E5815A61E58154830C0026F
:10D11000FC1C00A004344095CA238C1F00BF0000F3
:10D1200004334085CA218C0F00BF00000133410049
:10D1300002434831C10230794831010007324100D1
:10D14000438648328200003249040731460403C155
:10D150003A11018748310000003041040134C01207
:10D16000003182044830D1020031801404364085F9
:10D17000CA238C0F00BF000004304085CA208C1FDA
:10D1800000BF00000136C1000432408501300302B7
:10D1900003C0CA208C2F00BF00004831C1020132F9
:10D1A000020403184280021842804833C00249201A
:10D1B00001024832C00249204006482101014820AE
:10D1C00000019D1E5810831E181084C02C70DA0EAA
:10D1D000EFF00ADA07F00026801F00007F0E00182B
:10D1E00042044E700026801F00007E0E043580949D
:10D1F000D0002C000018420401C0C6160216D3410C
:10D20000803F000007304103C340003F0000104052
:10D210000026831F0000800E0231822048C20431A4
:10D220008084CA208C0F00BF00000131000048300C
:10D23000C00200ABAA0AAFFD88C01A0BAFF608C047
:10D24000C3424847000007324303024148C0043349
:10D250008084CA218C0F00BF000001334100483197
:10D26000C102307948310100073241000231022009
:10D2700003C0C51E98105518438048188284C140C9
:10D280008020CA090731810FC84100000431808421
:10D29000CA208C2F00BF0000013101044831C202B6
:10D2A00003C1121982802C70FE0DEFF00DDA84C0DC
:10D2B0002C70F60DEFF00ADA03C01018438008F066
:10D2C0000026801F0000800E0018C30FD346C841FF
:10D2D00000000437809549F60026801F0000820E6A
:10D2E0000018C30F4BF001C0CB444847000007347F
:10D2F000C1133FDA18BA6C7048400730C903404088
:10D3000004318094CA208C1F00BF00000431C0800B
:10D31000CA208C0F00BF0000013100000026811FD1
:10D3200000004E0A4830C002107848300000073430
:10D330000B100026801F0000840C60B060B1002636
:10D340008C1F0000820E013100124830C10220AC57
:10D3500019D90433C090CA228C0F00BF00000133DA
:10D3600080104830C002A208600110780026811F9A
:10D3700000005A0C00B1FE190580043500965020BB
:10D380000036CA204533043000B04BC084F60CC1CF
:10D39000043180852C032B00ED7001C0D340003F89
:10D3A0000000073014060A2300240340C345484701
:10D3B00000000A24000407350206D141802113240D
:10D3C0000619C2230026921F0000810ECB45833A26
:10D3D0006F120A2600040A2700040A2100140434EC
:10D3E000C0A3CA238C2F00BF0000043040B0CA2065
:10D3F0004A0000C10735030009C0C943281118803D
:10D400002411018000904830983050C100C14F2055
:10D41000D1000134C024802356179511018648306D
:10D42000C0020433C0834FC100C1CA248C0F00BFA7
:10D4300000000432C083001A0220961117869A1148
:10D4400001860A260034483797204EC100C10A27BA
:10D450000034C940D9412C1115800241CA218C0FDA
:10D4600000BF00000132410048359B204831C10215
:10D4700030794831010007354C00C142802216073F
:10D480008020161A80211133013301010A2400047F
:10D490004831C302707948310100073541008340AB
:10D4A00068B00A250004ECB048C4EBB0EAB0E9B0BB
:10D4B00047C100C107C05B19D8830030120603C101
:10D4C0000030940FCC3ECDCC0030D305A019DC0346
:10D4D00007360173803F000010C0483095000FC030
:10D4E000003252234830970007C00432C0A3CA2636
:10D4F0008C0F00BF0000003055050030C00500351E
:10D500005523003100000435C0A3003057030EC07E
:10D51000CA278C0F00BF00000437C0A3CA218C1F8C
:10D5200000BF00004830800000341810013740224E
:10D530000135CC214830C00200AA09C04834CC12C1
:10D54000003049330018440407C00030C0060030E2
:10D550004303013280214830C20200C08D189880F8
:10D560000031C2048C1818830032400300C204301A
:10D57000C083CA248C0F00BF0000013000010431B9
:10D58000C093CA258C0F00BF00000433C08348300D
:10D59000C0028F1A588001314111CA268C3F00BF4A
:10D5A00000000434C0A3001B021000C00133830735
:10D5B000CA278C3F00BF00004831C1020134C22796
:10D5C000901858804833C1025D1858804832C00214
:10D5D000001802107E09AFFE234000C02C7011DA43
:10D5E00055181980C140C20AEFF08020120907C007
:10D5F00008C7C141073602200BC08021170B073036
:10D60000C00300320D0094C018DA5A0CEFE24AC58C
:10D610004A248071D14180211A2594C0A82000029B
:10D62000041001040035411004195020C14180212B
:10D63000180194C02E0CEFE218DA4A24807194C0CD
:10D64000A8200002041001040035411004195020E4
:10D65000C1418021180794C00A0CEFE218DA4A246D
:10D66000807194C0A820000204100104003541100C
:10D67000041950200BC02C70073700100430408074
:10D6800004F6D34000BF0000013000044830C2025D
:10D6900000C040419E220F0A9818C0839E210302B9
:10D6A00003C00018430000C09418848003C0A5186C
:10D6B0009C0000C096184480247129185C8008F0F2
:10D6C0000026801F0000810E0018C30F09C000262D
:10D6D000811F0000D10D4089009023B8C0B8150803
:10D6E000A00000A90026801F0000D00D00184300F4
:10D6F0004A24C0730414023000268D1F0000880ED7
:10D70000A820C00702C00410010442C00C700431FC
:10D710000080CAF60732410004310080C8F63FD8C5
:10D7200018B809F0C3400000FFFF09F0C34000BF74
:10D730000000013100004830C002021D1410002614
:10D74000801F0000750E2C705E09EFF009DA2C7056
:10D750001EDA5609EFF0A1404A24C0760026801F49
:10D760000000E40EA820000104181100041E43105C
:10D770009626C716001E0510BDC004141B34DAC659
:10D78000F2C3A6C1084655204D0C0018430010E016
:10D79000960CAFFD284761874287208710451416F5
:10D7A000081018160B10C340CC3DCDCC8486003336
:10D7B000110000321000003112000231012202304B
:10D7C000C022E286041613100C1614100232022333
:10D7D00041C142C02C70A240160DA00140C20435C8
:10D7E00080AFA244008072000600B7E80037C11382
:10D7F0000033C024013041000034002501310F0006
:10D8000080C06E08AFFF83C10208EFFD83C0023005
:10D81000C0030137C113BFB8073040000430808F08
:10D820004C3ECDCC59F700C301C202C17FDC0C7065
:10D8300017BCE81D8094EC1D4094F01D0094AB1DB6
:10D840001810AA1D18109CA51BA51AA519A561A63C
:10D8500042A623A6D2C74A2480710C704026031129
:10D86000A8200001041B11004A2400790A21800F1E
:10D87000A100F42E181E0014141E4014101E801453
:10D88000A82000020111C20448328200041B90004B
:10D890007FD900A35626431A562602198026841ED5
:10D8A00017B9AB1D1810AA1D18107C1D0410741D8B
:10D8B00004101EA5F01D0090EC1D009019A51AA5DE
:10D8C00013A51BA514A515A518A516A500AB00AE9C
:10D8D000DA1E831208AE00AA3CA5D2C7E6C080813A
:10D8E00063800C110B00E080C181A28000330C0327
:10D8F0000037C31200358813C281A18001330303AE
:10D9000002330C02003583130134C31060A28081FE
:10D910006280C281A08000330B0383816180003567
:10D920008813C181A380003303030133CC02003587
:10D9300083130134C3100233030261A2808161802A
:10D94000C381A28000330C0300358313C2810233EC
:10D950000B0381816080A380003303030133CC106B
:10D96000003583130134C31062A280816080C381BB
:10D97000A380003308038181618000358B13A2816D
:10D9800022800033030302330012003141030230CE
:10D99000C0000230400003A2C6C4E078E6C0808127
:10D9A0006380C281A18000330B03838160800033D8
:10D9B00003030133CC02003583130134C31060A28A
:10D9C000818163800C110B00E180C281A080003353
:10D9D00008030037C31200358C13013303020233EE
:10D9E000030361A280816180C181A08000330C03A8
:10D9F00000358313C281A38002330C0300358313E7
:10DA00000134C31062A280816080A381C380E18160
:10DA1000218000330303003640130031C10302307C
:10DA2000C0000230400003A2C6C4E07848310100C3
:10DA300007364270484700002C7001184300073633
:10DA40008370F44900240432408053A063A0C5F6DB
:10DA50003FD918B904F0C34100BF000001324100B2
:10DA60004831C102E07F4A184400E078C342000018
:10DA7000660A8A215B080618850200184500081806
:10DA8000850242B0E07F21B0E8C3ADC128464847D7
:10DA900080C2004152092FF8C140120DAFFD80C075
:10DAA00002C07FDD17BD023500105025D0150030B3
:10DAB000000448C0820DAFFD88C002C001304003A1
:10DAC0000030000447C0720DAFFD87C080C0DE0C7F
:10DAD000AFFD081C013007C108C201C000C346C128
:10DAE000003081005223C0070032000043C144C00F
:10DAF00083C089C2C141AA0EEFFF141C013089C046
:10DB00005E0BE001E141C8C7E8C3B0C168454047CA
:10DB10005471618042808380E0803040084600324A
:10DB2000C1000034C81000378B100033C60000322B
:10DB30008900003700130037C4130130410002335D
:10DB4000001202318B11013149000130080002330B
:10DB5000011100340013041C403201304000001C4D
:10DB6000003242C029F27F0F30018BC1F47280F481
:10DB700080C0FE0C6FFF83C105C204C003C1013029
:10DB800080000031830F6B3CFAED0430C080E4016B
:10DB900026004FC0013240004AC09E0CAFFD8AC033
:10DBA00001C302C00AC14C70043080805223C007F8
:10DBB000D221EC07E2F00133C1000134001300323E
:10DBC000410000370010013041000C70043100802A
:10DBD0009E002C007FD817B804310080CA20450071
:10DBE0004EF0160AE001C1404386228681860086F7
:10DBF0000DC70BC300318200003000030233C103A4
:10DC00007FDE023080000131410017BE013000008C
:10DC100002364110160B6FFC024201C14AC08FC090
:10DC200000314100023641100E0CAFFD4FC10AC158
:10DC300001C00FC220A55220C00701328103EE0AA5
:10DC40006FFC02420CC20BC10130030000C4023160
:10DC500080000242013001005224C01702364110F8
:10DC6000CA0A6FFC61A50AC102A523A5C8C7C340A3
:10DC700080BF000004310080CA2049004AC08E09DC
:10DC8000AFFE8AC0218600864286638601300C0082
:10DC900000328900003148000133CB00003006001B
:10DCA00000344C10023041120033C00000338210A7
:10DCB0000130410002320003023181016E0A6FFC23
:10DCC00002420847228600864186638601300C00A6
:10DCD00000328900003148000133CB0000300600DB
:10DCE00000344C10023041120033801002318201A6
:10DCF0000033C1000AC602300003013181002E0A40
:10DD00006FFC02428FC34024043B40240536C141CE
:10DD10000042460B6001E1400FC40C7004340090D7
:10DD200046F701348C1FC940DB0F4FC406C16C702D
:10DD30000431808F4940DB0F2042CA236900C6F6B8
:10DD40000131820FC9C0DB0FCB4649C0DB0F043263
:10DD50008083CA2066006678E5083F00043280832D
:10DD6000DA00260040410132810FC940DB0F67F025
:10DD700001C002C15220C007F20C0FEB4AC0BA0A20
:10DD8000AFFD8FC000C70FC1E20C2FEBE1400AC10D
:10DD900002C28D705221C107043200834FC021A5F9
:10DDA00084F65220C0074FC0043200834CF704C1F0
:10DDB00003C0013040000430808F003F000044F772
:10DDC00001C127F001C1043100834BF705C303C033
:10DDD0000130C0000430808F003F000099F7C3403D
:10DDE00035BFF30404320080D1F6043200834BF7D0
:10DDF00004370090CBF60437809F353FF304C431DD
:10DE00000583480026000431008040000C0045C214
:10DE100044C183C08BC220D93A0DAFFB43C70CC2AB
:10DE20000DC10EC00BC347C248C149C086C08BC2DA
:10DE30002C72FA09EFFD46C310F046C10BC080A555
:10DE400083A522A501A5C8C745C244C183C08BC212
:10DE500010D9020DAFFB43C78BC186C2820AEFFF08
:10DE6000C14009C1060C2FEB08C00030800F00C074
:10DE700000004C700430808083C746F70130800F6B
:10DE8000C940DB0F02C100C401C34AC00431808015
:10DE900083C08BC280A745C144C353F7B60CAFFB08
:10DEA00020D90CC20DC10EC00BC347C248C149C026
:10DEB00086C08BC22C717609EFFD46C304F0960C28
:10DEC000AFFB10D98BC186C2160AEFFFC14009C152
:10DED0009A0B2FEB08C0013001000C700431008058
:10DEE00045F70131810FC940DB0F0FC20AC023A5DE
:10DEF00042A500A5C8C7E078E07F00184300E0789D
:10DF0000E1C561804380A28080800032C30000347C
:10DF100042130132C2000132820040A1608043807E
:10DF2000A28081800032C300003442130232C2005A
:10DF30000132820041A140806380818000328B00E9
:10DF40000033C2000280003403130232C2020030E8
:10DF500000000232C2000132000002A1C2C4E07817
:10DF60006A24801251248093E020820F12002C7BBF
:10DF7000CB44000028003E796A248012512480930B
:10DF8000E020820F12006C4CCB44000029003E7947
:10DF9000E4C3A4C108450C7043C042C041C040C0A6
:10DFA00033EDBE0E2FFB80C00041B0E800C002C2BE
:10DFB00001C103C348308C0048328000CB46E73BA8
:10DFC00047AB483181000030800FEB3BF61B4833F4
:10DFD0008200003483130031810302A50032800FD8
:10DFE000803A5B9E21A54E0DAFF560A5C342D7A335
:10DFF0003D0AC34339C0707DBA0D8FF5EA0CCFF5E9
:10E000002C7003A502F0FFD92D78C4C7E07F082843
:10E010004000E0786A24801251248093E020820F2F
:10E020001200E800CB44000018003E796A248012F8
:10E0300051248093E020820F1200A401CB44000001
:10E0400017003E796A24801251248093E020820FC9
:10E0500012007802CB4400001E003E796A24801230
:10E0600051248093E020820F1200F86BCB44000013
:10E0700016003E796A24801251248093E020820F9A
:10E0800012009805CB4400001D003E79F1C0C34149
:10E09000A100400A408908EA247441A97A0FEFFFE1
:10E0A00000190300D1C0E07F0C70E0781470604468
:10E0B0004043E07C2F7A0DD9BD07EFFFAC71E078CB
:10E0C000E1C580986C708FBB354B2C7C4C7D7D7B83
:10E0D00099653B632FBB60B0C2C4E078FAC2FC1CF8
:10E0E000C8B68224043718410A2240210A2400219C
:10E0F00010476F702F26C5F18021063D981C803196
:10E100005DC3801C80305EC1120023000019C2363E
:10E11000442741005627C02820A81EC0C3417A3D8D
:10E120000000E0808014003080801EC000344C105D
:10E1300061808014003054C441801EC0003242000F
:10E14000C2808014003055C2A280C340833A6F124F
:10E1500000370F1000330300003600100035411067
:10E1600059C056C194C085C157C7AA0A6FFD58C38C
:10E1700005C006C3C341A04000000430408007C270
:10E180006F200B0004334080851C02306F200B0091
:10E1900004324080861C02306F200B00871C023046
:10E1A0000024803F000085008A0E00010FE88A11DC
:10E1B0000031047110791109840F0000FF7FC34002
:10E1C0000000FF7F8A19043003F08A19C43605C69F
:10E1D00006C507C4C343484200004C700436C090D3
:10E1E0002C70CA2269000435C0900C70CA216900E5
:10E1F0000434C090CA206900871C02300024803F8C
:10E2000000008500851C8230E60E2FFF861C423000
:10E2100004E88C1943300AF0881101318A11003169
:10E22000090905008C19C2360017802055274D2D8D
:10E230001AE870150B10FD85DE859F857885598558
:10E240003A851B85411DD812421DD813431D9813D2
:10E25000441D1813451DD810461D9810471D581011
:10E26000481D18101EC05C140B3014C618C743801C
:10E270008014003015C419C316C103800D70881CAA
:10E28000C0320430008241C68C1CC03342C4901C92
:10E29000C03043C1941C803044C0C5F63FD918B982
:10E2A00004F0C34100BF0000013040004830C0020C
:10E2B0000F798C21C38F384004F2541FC22616F008
:10E2C0005627402B00881D087100541F43207C8571
:10E2D0005D853E851F8578A559A53AA51BA506F045
:10E2E0005627C02F001843009E857F854D852E85BB
:10E2F0000F85FC85DD8552C453C348C249C14AC05D
:10E300008CC45427802C90C15524823881C340246A
:10E3100004385524C7390A2500050A26800450C749
:10E3200051C6F20C600140C40D85E4150B900FC17D
:10E33000E81508900CC40DC30EC2601511106415C9
:10E340001010FA85DB85381513105AC00224C0A2BC
:10E350003FA5032201A2E41D0095E81D80949CA521
:10E360007DA55EA5041C4034081C003443C7AE0DD7
:10E370006FE244C6FC150890EC150B9018C117C34A
:10E380000030001019C40430C082CA2305100031C7
:10E3900041000033C000201512100130410000344C
:10E3A00000134F85013100005814163050141530F9
:10E3B0005414143004338094CA22C9225FC09FC011
:10E3C0004EC74FC66C1CC034341C0034301C403463
:10E3D0002C1CC0365CC2620C6FFD041D801400341E
:10E3E0000325003542251FC00132C30000368225B7
:10E3F0002385D34480BF0000013391000130100514
:10E40000043140A05020D02705F60585043000A037
:10E41000D6F61C8DC3414C3FCDCC4BC103E8F01D5B
:10E42000C2968C20C3BF3AF21EC023800C70043108
:10E43000008052002C003FD818B828F01C8D31E81D
:10E440000024813F00000C01FE0BEFFB81C0002483
:10E45000803F00000C01AE0AEFFF5624013855241E
:10E460008038562401387209600188C2F015809006
:10E47000C51781203070820726000471F01D0290BC
:10E480000FF0C34000BF0000013100004830C0025F
:10E490000F788C20C38F05F4FE17002114B51EC120
:10E4A0001AC20BC01BC31CC417C618C764140B3098
:10E4B0002381003088000030C200003003036E70FA
:10E4C00002360012023782100233C3100431C084B6
:10E4D0005AC05BC25CC3C5F63FD818B804F0C3404D
:10E4E00000BF0000013100004830C0020F788C20CE
:10E4F000C38F0CF2B51780200BE89AC081C18E0D36
:10E50000AFFF8CC2B51FC2262E700E704FF09E0A50
:10E510006FFD9AC081C0320BEFFB5524013F55249B
:10E52000003FE209EFFF5524413E9AC05524413E89
:10E53000A608600188C22585043040A044F7048500
:10E54000043100A04E00060007304220F815039069
:10E55000F4150C9014955FC102368270803F000064
:10E560000032C100013441104BC118E8BA0E2FFD32
:10E5700088C054956B8500308C0F6542E12E0BC12D
:10E58000096A0034C21014B504324080CA218900DF
:10E5900003F0F41501904BC10AC009C208C3003151
:10E5A0001300003191000031D000981400300CC4E9
:10E5B0000DC30EC20FC198A579A55AA53BA5B0E819
:10E5C0005627402B0088590871004C1FC2265A0E4E
:10E5D0002FFD1DC00847520E2FFD54270028084666
:10E5E00097C08E0A2FFF5524813D220A6FFD5524C6
:10E5F000803D5315011601300005BFB8043040803E
:10E60000CEF602378013BFB80430808FA0410000DF
:10E6100046F78511803084E84C1F43201DC29814B2
:10E62000033094C140240435FA08EFF6E240E64492
:10E6300018140630501404300030800F7449002440
:10E64000141405300730870415C01C140930581401
:10E650000B303A8501310020F88549C09985DB856A
:10E66000628541850133C82243C1003780010037EC
:10E670004B0246C00130002188C148C00035C001AE
:10E68000281C003245C081C01C1CC03241C742C496
:10E6900044C6320EE0002C1CC03103C104C001C3CB
:10E6A00002C252C153C090C081C150C3B20F6001B9
:10E6B00051C21E8514141130501410301814073034
:10E6C000541406301C140530581404309C141330B4
:10E6D00003C6A0141E30A4141F3043C001304024D0
:10E6E0003D850136C7010134460104140B3002C7D1
:10E6F00004C47C15081070150910B8150390B415E2
:10E7000002900130C004013787070136C60742C1B5
:10E7100048C081C088C1241CC031281C8031601DC4
:10E72000C012F9A5DAA59BA5101C0032960DE000D9
:10E73000041C403203C104C001C302C252C153C011
:10E7400090C081C150C31A0F600151C201C302C2FF
:10E7500003C104C07CA55DA51DC2981403303EA56D
:10E760001FA594C1E2400A0DEFF60A248004562743
:10E77000502B00108020DD085100881101318A11D2
:10E780000031D109050085118030C9083000E2410F
:10E790008021050197C081C2F20AAFFF8519C236F8
:10E7A0001DC181C0420CAFF785C285C0FE0F2FFD91
:10E7B0001C1CC03606C07FD917B9043040804F21D9
:10E7C000C207CA20490004308080CA2085004BC09F
:10E7D000260CA0008BC00BC1C3404940DB0F0431A5
:10E7E000008085F6023040004BC005C05FC07E0B44
:10E7F0002FFE9FC00BC11FC0341CC036301CC0365A
:10E800000030400000308E0F003F0000C1402A0859
:10E810002FED4BC64FC0720D2FF1C1404EC08CC0C2
:10E8200081C1BE08AFFF5524823B5524803B320E88
:10E83000600181C11DC181C0AE0BAFF788C208C2A3
:10E8400009C10AC0401F8020441F4020481F0020EB
:10E850003A851B857885598556140E3643C144C0C8
:10E8600081C05524813C41C3DE0FAFFB42C2552419
:10E87000803C920EAFFF85C105C217C106C418C304
:10E880001C140B3019C7F91188B000108020023118
:10E890008100023302030237C3122DA54EA52108C1
:10E8A000F1106FA5470871000A2300157F855E856A
:10E8B0003D851C85CB43803F000025F01D0850009E
:10E8C000788559853A851B85C41DC010C81D8010E8
:10E8D000CC1D4010D01D00107C855D853E851F85B8
:10E8E00041C342C243C144C057F0188539855A8597
:10E8F0007B85C41D0010C81D4010CC1D8010D01D8C
:10E90000C010D5170F27D4150C1144C343C242C100
:10E91000710CE51341C0F81180B034E858150216A7
:10E92000016C114F30790033821048310100003200
:10E930004100D41D041000318F0F003F0000441C23
:10E94000C036E140401CC036EE0EEFEC4BC753C062
:10E95000360C2FF1E14052C0E2408020080990C1FE
:10E960007E0F6FFF8CC28CC0F60C600190C190C00E
:10E9700081C16E0F6FFF5524823A5524803A0AF008
:10E98000E2408020080981C1560F6FFF8CC28CC005
:10E99000CE0C600181C104C001C302C203C103A641
:10E9A0001EC060A641A622A60380D341803F00007E
:10E9B0002241043040845021CC254E70CA210900E8
:10E9C00081420431808400108320CA228C0F00BF52
:10E9D0000000013180003B0B71004830CF021DC0A8
:10E9E00022416C70038004304084CA210900043144
:10E9F0008084CA23690004304084BE000C000130CA
:10EA0000810F00BF000001300003284457F0562753
:10EA1000C0280088147084F24D118030147080F486
:10EA20005627C02C0A20C02581C32C704C71DE08EB
:10EA3000AFFF8020042D552483382C704C71CE08F4
:10EA4000AFFF024001C188140030023040004BC0CB
:10EA50005FC01A092FFE9FC0801400306D708D704A
:10EA60001FC223800BC06C700431C082BFB8023655
:10EA70000B70C940DB0FCA246C1004314084CA23D8
:10EA800069000430C082CA2305100032C00251154B
:10EA9000081600308B0F233C0AD73FD8043140843E
:10EAA0008C012C0018B80131820F00BF0000013129
:10EAB00001004040BEF0FFD816B874700E178220D7
:10EAC000CA2001034830C0020F7850700477001745
:10EAD0008120CA202500F0260270A10038314C1D8B
:10EAE00098101AE9EF784830000001300005003036
:10EAF000800F32BEC2B80130800FB23EC2B80130C2
:10EB00008100C3404940DB0F04310080CA2045002A
:10EB10004D1D1810511DD8164D19C2364D1180309B
:10EB20001470C3404940DB0F2DF4EF7948310100E8
:10EB3000013101054C1503160031810F32BEC2B8F8
:10EB400052150C160131820FB23EC2B84D1508168F
:10EB50000132C20000410231032304320080CA2185
:10EB60008500003342000034011251150B160131AB
:10EB70008200013381104D1D981004310080CA209D
:10EB80004500C341B23DC2B804304080CA210900EB
:10EB900024A6501180B015E803860430808451F714
:10EBA0004086218662865220C00703A65222C207F1
:10EBB0005221C1075223C00740A621A602A6001772
:10EBC000802004E8001FC2261DC0238004318084F9
:10EBD000C4F63FD818B805F0C34000BF00000131AB
:10EBE0000100562740294831C10220A8802404375B
:10EBF00004141B34DAC609C008C10AC200300C0074
:10EC00000031400060850130010300328000013195
:10EC100000000430C080CAF6B51F4320701CC03607
:10EC20006C1CC036681CC0367700CFFFFFD916B900
:10EC30008B7BCA2041004830C0020F781527002086
:10EC4000821001060130C01201310000861F182019
:10EC500066F1E078F8C38224023708460A20403182
:10EC60000A2200217043504028458E7010418026B2
:10EC70008510001D0205370B7000001C0205730B88
:10EC80005121208561854285C3402041000000312B
:10EC90000C00003301000032000041C142C080C1BD
:10ECA0002240E20A6FFF40C4D8C7B4110B2002858E
:10ECB000AC1103204085B0110C2021850230C00228
:10ECC0000232C2000231010342C080C040C25A0F6A
:10ECD000EFFC41C1D4110126043040805C000C00DF
:10ECE000001A4320008E1470D6050200DEF1008E5B
:10ECF00003E8001E02159EC102403209EFFB9EC7C9
:10ED00004A24C0706D70402408368D70A82080039E
:10ED10001527C0126080438006801520011365719D
:10ED2000857360A141A102A13B0BF02022413D0B64
:10ED3000112180210C061CF0D2168110408E3072F9
:10ED40003E0506000430808F2041000072052C0033
:10ED500044714911012640AE013040004919182084
:10ED6000D8C780210C0C04F080210C0098C0F60C50
:10ED70002FE218DAD340A000E8F256200F2998C0FD
:10ED80009E0820010A21C0034A240079402100275F
:10ED9000A820400240870410010401318100041FB3
:10EDA00050104021012198C0BA0C2FE218DA4A24F1
:10EDB000C0700C7054200929A820000986C1C343E3
:10EDC000A100282F15793320CC0000230B0061818E
:10EDD0001520022048348C10E0819BA273A20113FD
:10EDE000C31022810213CC1015210810047348337C
:10EDF000830034A2483481100018C0137CA23DA2C5
:10EE00004A2100004A24807115214C2098C02143DA
:10EE10004A220000AC1C0015A8208002041008043F
:10EE20000C130B0400330B120132C202AC1C801015
:10EE3000204D4024153015255520247102308000C6
:10EE40002574C509F480001D0020DE0DEFFC80C094
:10EE5000D2110C26D7110226D8110326D61101266D
:10EE600004300083D8191820D719D820D619982033
:10EE7000D5195820D1F6013241000133410001304B
:10EE80004000D31101260030800F803E0000043086
:10EE900040800C7002F60C71110B102186E8F716F9
:10EEA00080901908B1006C71A8110226A9110126E1
:10EEB000AA1100266C7008F0AB110226AC110126D5
:10EEC000AD11002643C244C145C0542001292D7014
:10EED00002420C70001AC2204A2480710A234000AA
:10EEE000A82080010C130C04041A10030471ED080F
:10EEF000F4802474562003294A25001021420A4434
:10EF00004A2100004A2480711520882068430C7033
:10EF1000D8180015A820800204140714181306142A
:10EF20000036C6010130800124714476D909F4808D
:10EF3000D81800102571C909B49164749EC02C7052
:10EF400024DA66092FF09EC654200B298D705620B6
:10EF5000882D2D7083C0A048152601135620062940
:10EF6000A1434C70001900004A2480711520CF1075
:10EF700061410C70001F0015A820800204160404D3
:10EF80000C110704003707010130C001447164739C
:10EF9000D90AB48100A7A5716574BD0DF49085747C
:10EFA0006D7021410A2600044A24807101406C7072
:10EFB000A820800204160C040C1002040032020384
:10EFC000013383009EC0204886C265710133000072
:10EFD000357A2473D50BF49000A22571C509F490FD
:10EFE000057406C307C108C2BFBBBFB90431C080E6
:10EFF00060400D70BFBACA204900CA206C100432AC
:10F0000000802D70C52069100431C080CA216910AC
:10F010000432008040240B36CA21A91015230D129A
:10F020001523401220854080EC70CA27AC000731C0
:10F0300081001523CC114420449020A540802084D9
:10F04000073182000CD9CA2122040023431040A4B6
:10F050004380C0852083003682100231810020A3C6
:10F060004380E084C384792401000037841052690E
:10F070000236011140220E0623A44680A0850023FB
:10F080008113C08100358210AD700236821040A11C
:10F0900046842680003741100232410026A4238492
:10F0A0004083BFB9BFBA043180800A26C001CA2795
:10F0B0000902CA260C02152381111523C21183816E
:10F0C0006382001515200014173007330B03868266
:10F0D000041416305A2787015A2686015F218911A8
:10F0E000001212004A2480710C1AC002668100339B
:10F0F000C3100234C810181A0002E081181113005E
:10F100000C11050018101E000C101F000010040048
:10F11000A820810515204C23D8140010F0140110EC
:10F120001520432207300001152082212571C4716A
:10F1300000370E3000A30231810320A20083421465
:10F14000011600360030023100001520C12100A157
:10F150000082E4710730400100A2C081003300202A
:10F16000023600100730000200A1C08200330010F8
:10F170000236001000A200812083003200200231FC
:10F18000000000A3208298C20037411002304000E6
:10F1900000A30684F0204123003603200C840037AE
:10F1A00041200131C30000350020A14A0133020093
:10F1B0001521402301318100A57121A08FC02C7041
:10F1C00024DAE60EEFEF8FC54A248071A8200001F3
:10F1D000071D53105620C92F4A2300000A2640025B
:10F1E0001520C020F020CB20CC80A6804A2480713E
:10F1F0004A200010A82040085A2000135A208C11E1
:10F200004024043F02703380528014800035471040
:10F21000003381107C640131C101332402030036C4
:10F2200000100571013101004832800002304000B9
:10F230001521011300A156200B291521C4202C7083
:10F240005A2180014A248071C04215240C000C70A0
:10F250001C1C0015A820C00204130714181208046F
:10F260000030C8110130000207A42471D50994812F
:10F270006471710BB481C47400184330D8C718F49A
:10F28000483201000030430001314000491101269D
:10F2900002330C0004310083D3F601330000043143
:10F2A00000804FF7016A5302EFFF00AE3072FC019D
:10F2B000CEFF0430808F803F00003E02C6FF491918
:10F2C0001825001E0215D8C7E4C3A6C14846284524
:10F2D000161C02304024813560D84C71C143171C84
:10F2E0000331141C05309A0DAFFA101C01308D0843
:10F2F000310000418A200F0AEE096FFAC14104E88B
:10F30000FFD93CF04024C1350C764C71720DAFFA38
:10F31000C1430041B2E8C34000007017CA096FFA48
:10F32000C141FFD9AAE884C0760A6FFAC141004101
:10F33000A4E8151480304308310180C0560C6FFFDB
:10F34000C14100419AE8161480306BB837688420B8
:10F35000830F1D7825782F20078012F2290870016D
:10F360002C702B0830012C7011087100F8D900C0E6
:10F370002C7000A502F02C702D78C4C700C02C7032
:10F3800002A5FCF101C001A5F8F101C0628540852C
:10F39000818503A50232C2000234001044A505A5F0
:10F3A000ECF1E0786A24801251248093E020820FEF
:10F3B0001200DC09CB44000015003E796A2480125B
:10F3C00051248093E020820F1200F409CB44000006
:10F3D00014003E796A24801251248093E020820F29
:10F3E0001200040ACB44000013003E796A24801204
:10F3F00051248093E020820F12002C0ACB4400009D
:10F4000012003E79EAC3ABC13041084782C02C707C
:10F41000960CEFEF24DABA87CD7082C2E140224128
:10F42000041C8433F609EFFB40C6147024D8B5F2EF
:10F4300030870E7004318083D6F60D87043100804A
:10F4400043F7004110A7188F8C20C285CC20828FF3
:10F450000000AC0003F40E7106F003C0073040005A
:10F460004830500225148030147198F40B8D2D080B
:10F470005F0011083E0029C24E1781101D0980004F
:10F480001908FF004E1F82102C1704106A872C7673
:10F49000AC71E60B6FFFE140261480301D08750546
:10F4A00083435F208002227080200F0740902190CC
:10F4B000029040B321B302B30B8D0B081F0080B83C
:10F4C0000BADCB46A100640C5908BF00984E0C8DC3
:10F4D0008DE8D208AFF7E14005E8520CAFFE2240BC
:10F4E00005E8081D04140C1D431024952F20080462
:10F4F0009D0904000B8D83087F00A1422B870A879A
:10F5000040170410C345663F6666CA0A2FFB6A8D22
:10F5100083E8068E35E880C1FE0A6FFFE14031F0D6
:10F52000188FDAE008F6230850011908900319082B
:10F53000D00534F0DBE009F2DDE006F2DCE02EF489
:10F54000C14103F0A84E0091834260921908E10086
:10F55000419201911108810082910414023150748A
:10F5600000421CF20414003141B160B102B1AA0A98
:10F570006FFFE14012F0E140EA0E2FFC22410A8DBC
:10F5800083E80A1D43102C70081D05100C8D06E839
:10F5900024710C7024B5CAC70C70CAC700438C20F4
:10F5A000C78F24D8E020C9078C233880E020CB0700
:10F5B0008C21C78FE020C9078C213880E020CB0741
:10F5C0008C22C78FE020C9078C223880E020CB072F
:10F5D000E07F0C70EAC3ACC13041084583C02C7099
:10F5E000C60AEFEF24DAFA85CD7083C2A14022412A
:10F5F000081C843341C62608EFFB40C6147024D88B
:10F600007BF230850E7004318083CFF6C340C83F53
:10F6100000000431008044F7004110A504C0073009
:10F6200040004830500229148030CD0871008B44CE
:10F630002A1480302B8F5F208002227080200F07D9
:10F6400060904190029060B441B42B097F0002B4F5
:10F650000F093E002AC24E1580101B0880002C1591
:10F6600004106A852C76AC71A1400E0A6FFF4E1D06
:10F6700082105621002DCB46A100640C4088168EC6
:10F680000B0881000B8F1B081F002C1504106A85C6
:10F6900015D9AC71A140E2096FFF56AE0B8F0B0874
:10F6A0001F0080B80BAF41087F00E1422B850A851F
:10F6B00040150410C345663F66661A092FFB6A8F22
:10F6C00083E8068E14E804972F220704047110794A
:10F6D0001D09A40004B780C13E096FFFA140081FA7
:10F6E000051006F0A1407E0D2FFC22410A8F84E810
:10F6F0000A1F43100C70CAC7E8C3ACC130400846AB
:10F7000083C02C70A209EFEF24DABA86ED7083C2B1
:10F71000C1400241081CC43341C7020FAFFB40C7C0
:10F72000147024D864F230860431C083ED70CFF6B3
:10F73000C340C83F00000431008044F7004110A6D8
:10F7400004C00730400048304F0229148030A3081D
:10F7500051002A1480306C8D5F208002747002701A
:10F7600080200F0740902190834340B321B3429003
:10F770002390049042B323B304B30DF4260E6FF725
:10F78000C14006E8A609AFFE024005E8E4B50C1D3D
:10F7900043102495F0784F0904000B8D31087F0049
:10F7A000A1422B860A8640160410C345663F666652
:10F7B00022082FFB6A8D87E8C340A1006A0C0088ED
:10F7C0000AE880C152086FFFC14006F0C140960CA4
:10F7D0002FFC02410A8D84E80A1D43102C70081D7D
:10F7E00005100C8D05E824710C7024B5C8C70C7089
:10F7F000C8C7E078E4C3B8C1084680C02C70AA0826
:10F80000EFEF60DAC340A100E408A60AEFFD80C173
:10F8100002E8C4C780C1C340A100E4087E0EEFFD2A
:10F8200055C6C4C7E6C3A3C1BF8040200E0781C22E
:10F830007CD96C722E0F2FFFC14005148030381513
:10F84000061080C20B1C0230A0B860C07CD96C715D
:10F850008C70AC70EE0DE000C14080C22FD96C718D
:10F86000C140BA0DE000001C43300E856A0EAFECBB
:10F870004830C00281C23CD96C75EA0E2FFFC140EE
:10F88000CB44A100B008E09422946194039422C276
:10F8900060C7849428BF05B9021CC23028BB06B8D3
:10F8A000C4BF4421010884220200C2BB842001009D
:10F8B000E57907BC657A25784522020E8578031C18
:10F8C0008230011C023080C23CD96C744E0DE000C5
:10F8D000C1400E85020EAFEC4830C002381506104C
:10F8E0004024C2327CD96C718C70AC70560DE00033
:10F8F000C140C6C7E4C3B8C1084680C02C70AA0F77
:10F90000AFEF60DAC340A100E408A609EFFD80C1B3
:10F9100002E8C4C780C1C340A100E4087E0DEFFD2A
:10F9200056C6C4C7C343A1008808288B3470E07C46
:10F9300060833F80C340C8410000043300800BF463
:10F940006B1100065A1919001471E07DE07F5A19F5
:10F950005900B7B804330080E07D5A191900008AB5
:10F960001472E020C5075A195900E07F001A0300FD
:10F97000EAC3A5C1DF8040200D0730414024423456
:10F980007CD96C72DE0D2FFFA14012148030381626
:10F99000061080C2131C0230A0B860C07CD96C7104
:10F9A0008C70AC709E0CE000A14080C22FD96C71AD
:10F9B000A1400E72660CE000001C83300E861A0D0A
:10F9C000AFEC4830C002CB47A100C408439724974E
:10F9D00001976297041C8430061C44304697279791
:10F9E000859760C0021CC23028B828BB0A1C84302E
:10F9F0000C1C4430011C0230031CC23080C232D9BE
:10FA00000EDBA140160CE000081C04330E86CA0C65
:10FA1000AFEC4830C00280C22FD96C71A140FE0B00
:10FA2000E000001CC3300E86AE0CAFEC4830C002C4
:10FA300008976509B427001C043012170B110A97A8
:10FA40002B974C976D978E971E1708114A2000240C
:10FA5000021CC23261C0061C423062C20A1CC230A3
:10FA600063C4412B0B1228B828B928BA28BB28BC7C
:10FA7000412809120E1C0232031CC232051C02303E
:10FA8000071C4230091C82300B1CC2300D1C023393
:10FA90000F1C423280C230D9A140820BE0000243E9
:10FAA0000E86360CAFEC4830C002381606104024E3
:10FAB000C2347CD96C718C70AC708A0BE000A140B0
:10FAC000CAC7E078E8C3A2C1284650400845402490
:10FAD000813181C240248330C20A2FFBC1409B0880
:10FAE00030000C7004140731629E06144031419EB0
:10FAF000249EE09E06164911AC7142274B001E233E
:10FB00000E0469682F240880002DC0020415061019
:10FB10000E78002DC3001E66CA232100022ECE11CE
:10FB2000021408316E7BC076DB631E220204022BB6
:10FB3000030142205E101E270B146C791A23490220
:10FB40008085002D8F07EE7F1A626170022AC20144
:10FB5000F96121770228C0019A6202290C02022F62
:10FB6000011238609A6200A5C3410000FF7F604027
:10FB70003E09200041A5C8C7E8C3A4C14380084589
:10FB80000C70043200803040C4F63FD818B805F03D
:10FB9000C34000BF0000013200004830C0020F78AF
:10FBA0008C20C38F26F281C16A08AFFCA14001C638
:10FBB00002C403C34C70043600942C70CA2269003E
:10FBC000043400940C70CA21690004330084CA20F4
:10FBD0006900031C023040244030011C8230120DA9
:10FBE0006FFE021C423006E8C34080BF000003A540
:10FBF000C8C7E078E2C20845AE0A2FEA008000A537
:10FC0000C2C6E07811E905284C001E244210427853
:10FC10002F2308800CF2442142003D785860707018
:10FC2000C0246E1004F0782000008968E07F90788E
:10FC30006A24801251248093E020820F1200FC1865
:10FC40003BDC3E796A24801251248093E020820FAD
:10FC50001200006B3ADC3E796A24801251248093B2
:10FC6000E020820F1200181A39DC3E796A248012D3
:10FC700051248093E020820F1200B01A35DC3E79C7
:10FC80006A24801251248093E020820F1200541BBA
:10FC900037DC3E791178E07F1078E078E07F08204B
:10FCA0004000E078E07F09204000E07800421071D9
:10FCB000CA224B0085F632785070CA220900E07FD4
:10FCC0004E78E0782C709EB92042107122B93EF730
:10FCD0002C700CEA5B617070D4218600C220C600D3
:10FCE000412A82803D79F8F5E07F307880986198EC
:10FCF0004298897C697B497A9863CD07EFFF586009
:10FD0000E6C041810846608180261F15B01E8090A4
:10FD10004481AC1EC09082816381C01E8090468168
:10FD2000D01E0093C41EC09094897589CC1E80900B
:10FD30004981D41E0293A91EC29087816881B41E96
:10FD400080904C81B81E0093A41EC0908A816B8164
:10FD5000C81E80904F81D81E0093DC1EC0908D81FC
:10FD60006E8148A65181FC1E009360A670814811E7
:10FD70008C0044A6548165A6241E021349118C00F0
:10FD8000738142A65781F91E029367A695817681F9
:10FD90004AA65981F41E009361A6788168118C00EF
:10FDA00046A66B1182006BA6381E021369118C00E7
:10FDB0006A118300421E82905D81401E0293411EA3
:10FDC000C2906C118C007C8100208D0F00004009D6
:10FDD0003C1E80905F8180AD381EC0907E8189116D
:10FDE0008C00501E8090C51182004C1EC090E11EF8
:10FDF000021391118C00AE11830055210F082D1DA7
:10FE00008210488FFC1E02136DAD80876187E01E53
:10FE100082104587541E0093941EC0908387708F74
:10FE2000F41E80104887E41E0013E91EC210868766
:10FE30006787421E98105697841E0093401ED81064
:10FE400089876A87B81E9C104E8792A6551ED810C7
:10FE50008C876D87701E98105087671E1813681E58
:10FE6000D8106F8744178C106C1E981054876D1E25
:10FE7000D810581D021392877387651E98105787F4
:10FE80006F1E18136A1ED81095877687731E9810F8
:10FE90005A87691E1813721ED8109887798744A054
:10FEA0005D876E1E181363A09B87701703110843AC
:10FEB000802308127F1898008017021081181803F9
:10FEC000001BC4109E877F87562148089818800021
:10FED0008C1702108018180366A084170C100010ED
:10FEE00083104A2400790841802119135918980079
:10FEF0004C7085A0A018C200A820C0021521830064
:10FF00004413030615208C0044715A1CD81048175E
:10FF10000716491706164A1708164B170B164C17E3
:10FF20000C164D1703164F1702167E18D801C2186B
:10FF30009801C3181802C618D802C7181803C818A1
:10FF4000D800B9189800501702165621C30DDD11BC
:10FF50000D07CA18980051170216608B0844CB1879
:10FF600098005217021680240C1EA0B4CC189800DA
:10FF700053170216ED1CC29057170816CD1898009B
:10FF80005417021655170C1656170316D518980055
:10FF900059170216DD1818035A170C1658170B16A6
:10FFA0005C170616B818D8007B1E98905B170316CE
:10FFB000631702164A2480717C1E18934A2400108D
:10FFC000791E18927A1ED8927E1E98917D1ED89026
:10FFD000851E9890A8204005152103037D130D066A
:10FFE0001520020380221704A0A284130D06857138
:10FFF000A7A28A130D06ADA29013030673A276176B
:020000040803EF
:1000000002164A248071981E9890791702169B1E3A
:10001000989077170216991E98907A1702169C1ED0
:100020009890781702169A1E98907B1702169D1EBC
:1000300098904C70A820000315218C009C140C167D
:100040001520830044718023190C80A382170316A6
:100050008317021687170616081EC090101E809080
:10006000841702168F170B16AD1E98919E1E98903E
:1000700089170216AF1ED89200208C0F0000B00C1A
:10008000A11E98908C17021600208D0F00004D0ABB
:100090000020880F0000100CA41E989085170316EE
:1000A000204280220B019F1ED8908A17031600124F
:1000B0008B0088170716A21ED8908D170316681993
:1000C000C29228128B00A51ED89086170316F11C29
:1000D000C2124A240079A01ED8908B170616748A83
:1000E000AE1ED891A31E98918E170916F01CC2104F
:1000F00029128300A61E58924812020160AD95177E
:10010000031620189C909217021690170B1660A4E5
:1001100093170316771E989099170216761ED89299
:1001200094170B160C1EC0909817031647A49D1722
:100130000216FC1CC09269A49A170B169C17031692
:10014000641C8090A0170216F81CC092601CC0901E
:100150009E170B169F170316741C8090A417021687
:1001600097170D166C1CC092701CC090A1170B162F
:10017000A2170316AD1C98904C70A8A4781CC092CE
:100180007C1CC090A820000315218300C5130C0619
:1001900015208D0044719625451B80A5C9170316AF
:1001A000204200208D0F0000F80B80220E0B60A56E
:1001B000618A808ACA170B1600208F0F00009C0AE4
:1001C000641DC2102912830084AF28128C002A12E9
:1001D00082004A24407200208E0F0000A50D60AE00
:1001E0004A230000A91DD8929C1D0213301E8210C4
:1001F000A82000041521C200EC120D061520CC0029
:1002000096240613A0A4F612020664715E1C9810D0
:100210008021100040810020830F0000C0090020D1
:100220008D0F0000E00E40A3418141A3428142A313
:10023000FC1182808681FD1B828085A3469100206F
:100240008C0F0000D40D46B354890B91C481201B40
:100250008200478111B32411800046A3539100AC62
:1002600030118000F01C84104A81701D02100B8137
:100270002881C7A3431C9810421C18100C7029A396
:10028000C6C4E078EAC2304108470E708908952755
:100290005A200E2ECB45A1009C00A8663AE83220D9
:1002A000802FA1008831EA0C0FED34E8558032EA46
:1002B000298830E9DD65218DCB44A100A00A0F0912
:1002C0007503FFDB5F2141068B614A2440732C706C
:1002D000A820C001C08C0F0EC01019E424716C70EE
:1002E00008F0CB46A100E80BC086090E4E10618CC9
:1002F000388F2109C100238D8AE92A87628D2AA0BF
:100300002B8763AD2BA0607A2241238D096903AD51
:100310000671BEF1CAC6E078F0C3ACC1CB45A000FF
:1003200040F8C8470A2140218846304210406D708D
:10033000402409308C705525061900474A248071E5
:10034000E84440414A200000A8208002041105042E
:100350001814081400304811013000020730CC0096
:100360004A24807115210011404180A00A2080019B
:10037000A820000204110804003408121818100202
:10038000152514118D700A2600340D705A20801125
:100390004A2480710A258001152401204A2000008A
:1003A0000019C002A82080020416133418151F0477
:1003B0000037DF340130C0070571D508B49100A1C2
:1003C0008471C474790CB481402707014A240079F0
:1003D00055251419A820C002814DF02000231524B2
:1003E000022385710130400000A280C10A2000056F
:1003F000B60DAFFA402413304A248071A820400380
:1004000066410DD81AB85021C20704320080CA20B4
:100410004600041B10204A240079A140A820800235
:10042000041002040412012401318100041C502034
:100430005525001986C1720DAFFA86C54A24807110
:1004400040240130A8204003008107360270803F1D
:10045000000004150014003200000419100000C14F
:100460004A24407181C581C3204220A6A820800271
:100470000413000404320080C3F6004200A6E078B2
:100480004A24407140240031A82080010410020455
:10049000013181000019402080C10E0DAFFA0240E9
:1004A00000C04A24407100A7A8208002041501144E
:1004B0000430408043F7204020A7E078D0C7E078A0
:1004C000EAC3B3C1284510408CC1A1406847460F1C
:1004D0002FFC50410CC60DC40EC34C700436C093A3
:1004E0002C70CA226A000434C0930C70CA216A00BE
:1004F0000433C083CA206A002F1C02304024403BD2
:100500002D1C8230EA0B2FFE2E1C4230DF083000FB
:100510004A24C0712085618542850031802F1532C3
:1005200032EC00304C000030C1000030800080A56B
:1005300002A580C0041D4010A8200001041811006D
:10054000E60E2FFCA1404A24807181C2004140C0C8
:10055000A820800100304100041A500007318C0FA0
:100560009DC5008004C10731830FF042000002C125
:100570000731820FC0C0000003C10731880FC0419E
:10058000000005C107318B0F34C400000130810029
:1005900040850131C100013103030032C100073140
:1005A000020021850033410007310C002285003311
:1005B00041000731010001C047C28FC20030800FE7
:1005C00000BF00000130800F803F000048C40130B0
:1005D00000020130C0024AC049C187C1020BAFFE10
:1005E00002408FC07A08A0000241CAC76A24801264
:1005F00051248093E020820F1200407F0CDC3E7972
:10060000EAC382240237284608478DC02C709A0A14
:100610006FEF34DA80C034DAC1414A0C6FE180C533
:10062000588FC340A1008831BA0CEFFA1ED9147755
:10063000C6F24A2440734C70A820400204150114ED
:10064000043180807A010900E0785A20000ECB47FF
:10065000A100680080C1F86034188200060C6FE1C8
:1006600034DA2E70E1422C704A2440738DC040432E
:10067000A820800204130C04A08004344093C3F625
:1006800080A004742471E509B48738E2D340D138DE
:1006900017B7E9469AC02C7034DA0E0A6FEF9AC584
:1006A0005A21022E4027031D486333E84A24407331
:1006B0008DC0C944A820C002041401140431008470
:1006C000C3F6208020A5A57404744A2440732C70BE
:1006D0005424063D0C706D70A820000604160C040E
:1006E00004340094D1F6043000842841894085F711
:1006F0000A21C0120840043400920A23401201402B
:10070000C3F6284381402471FA62351AC202267169
:100710008509B4A738E64A248077AD704A230010D3
:10072000A82000075A23011E286317E86D4F286090
:100730008DC215210C00024AE064073202006E4FA0
:100740002C60483242024F780F0C20103867361860
:100750008200371842036571610D75134A24407396
:100760005A254016C342A100A00A49604A2300004E
:10077000A820C001008A0D08400019E264711CF035
:10078000C340A100E80B20800CD81121C080CA20F2
:1007900021021962038961894289808908B808BBEE
:1007A0004578857B10B80520C08006F28DC1420EC9
:1007B000EFFFA149A571D2F13E0CCFFACAC74C7127
:1007C00045F1E078E2C2CB45A10058080042C341A0
:1007D000130044AA9A0CAFFF00856E0CAFFF05AD65
:1007E000F60E2FEC0C71C2C6E6C3A1C128476846BD
:1007F0001CE940200D075D78412A4101C3B8031C64
:100800004230021C0230402482305BD96C720E0EE2
:100810006000A14000418BE8CF7B5ED9A140FE0D76
:100820006000E142004103F02C772F78C6C7E078E2
:1008300008442C700C714C703472E020CD07547059
:10084000E07D2B647470CA2261007961CA202100A6
:10085000F4F1E0785220C00700A35221C007001C29
:1008600000005222C007E07F001D0000F2C3A6C1B5
:10087000084655204D0C0018430010E0AA0B2FFC31
:1008800028476187428720871045141608101816DC
:100890000B10C340CC3DCDCC848600331100003218
:1008A000100000311200023101220230C022E28623
:1008B000041613100C1614100232022341C142C058
:1008C0002C70A2402A0C200040C2043580AFA24404
:1008D000008072000600B7E80037C1130033C0245F
:1008E000013041000034002501310F0080C0820F2B
:1008F000EFFD83C1160F2FFC83C00230C003013708
:10090000C113BFB8073040000430808F4C3ECDCCBF
:1009100059F700C301C202C17FDC0C7017BCE81D8F
:100920008094EC1D4094F01D0094AB1D1810AA1D7E
:1009300018109CA51BA51AA519A561A642A623A659
:10094000D2C74A2480710C7040260311A8200001F0
:10095000041B11004A2400794A210000181E0014CB
:10096000141E4014101E8014A820C0023321820FD0
:10097000A100F42E247148328200041B90007FD91C
:1009800000A35626431A562602198026841E17B93C
:10099000AB1D1810AA1D18107C1D0410741D041026
:1009A0001EA5F01D0090EC1D009019A51AA513A519
:1009B0001BA514A515A518A516A500AB00AEDA1E3B
:1009C000831208AE00AA3CA5D2C7E078EEC3A3C14B
:1009D000FF801CE082C27DD96C728A0DAFFE10428E
:1009E00009148030381706104024423282B8091C9E
:1009F00002307DD96C718C70AC704240460C600046
:100A00002E708A238126CD70AD700E70C340C8420F
:100A100000008E0C2FECAB23082E80C20CD907DB14
:100A2000420DAFFE42400614813021C302148B30C8
:100A30000514823003148C3001148830267108B9F3
:100A400008BB402B0B122F2047044579657C0523FA
:100A5000031214742E788E796E7A002010203D6572
:100A6000AC07E5FF5E664024823241D96C72F60C19
:100A7000AFFE4240442D0111AD70442E00114831AB
:100A800081000031410044280221483080000030BC
:100A900000000130410048328200003280000B1417
:100AA0008230013040002F300000190A71004830B8
:100AB000C1020021800FFFFFA3E08C20C58195F7C4
:100AC000130A91000021800FFFFF51F08C20C28893
:100AD0008BF78021200A65D8D1E165DDCA20250089
:100AE0005473CA250110551700168C200280CC20A3
:100AF000828F0000FF0012F20914803038170610B0
:100B000040244232A2B8091C02307DD96C718C702D
:100B1000AC70320B60004240A140CEC7F1C0C3416F
:100B2000A00040FA1A08AFF51C49C340A100410AD1
:100B30000018030062086FF39AD8D1C0E07F0C70F0
:100B4000E2C2084507800CE82C70CE0CAFFEA14035
:100B50002C709E0AEFFFA1400C70C2C622D8C2C6FC
:100B6000F1C0278006E9B20CAFFE2C700C7003F0C8
:100B700022D8D1C0E07EE078E4C3552182082482E7
:100B80000846483141022F7959097100A2C12082DB
:100B900061824282C3405043DDD4CB45A100500A5C
:100BA00000310C000033010000320000639548342E
:100BB000C2124831C1024830C0028B4440B421B453
:100BC00002B480C2C340A00048FB320B2FF6A14103
:100BD000984D2F2607F000A904F23E0CAFFEC1404D
:100BE0000C70C4C7E2C2CB45A100500AC340A000AC
:100BF00048FBA141A60C2FF6001805000195042022
:100C0000810F000000FC88B90C7021B5C2C6E078E5
:100C1000F1C0C341A100580AFE0B8FFED1C0E07F96
:100C20000C70E078F1C0C341A00064FB020F2FF606
:100C30002C49C341A100780A008906E80C1901007B
:100C400008190100D1C0E07F0C70E078F1C0478046
:100C50000BEA4089C341A100940AC1BABA0BAFFEA6
:100C600040A90C7002F022D8D1C0E07EE07F0C7069
:100C7000F1C0278008E9C341A100940A9A0B8FFEB6
:100C80000C7003F022D8D1C0E07EE078F1C027805C
:100C900006E9860BAFFE2C700C7003F022D8D1C091
:100CA000E07EE078E2C2084507800CE82C706A0B11
:100CB000AFFEA1402C703A09EFFFA1400C70C2C6F4
:100CC00022D8C2C6E2C22C703CDA0845481881021C
:100CD0003C18C300D20B2FEF4C188102760AEFFCB0
:100CE000A140C2C6E107EFFF20E0E078E1C5502057
:100CF000C2075021C3070432C080CA2389000230D2
:100D000042000DDD8D701ABD0433808F803F0000DE
:100D1000BFBA46F70432408387F708F00033410337
:100D20000432408042F78D718140C2C4ECC2002081
:100D30008F0F0000D00908458A2004204E70CD7125
:100D40001041E140041D0414001D8014C0AF9A0F2F
:100D5000EFFF80210B2BA14080200A09001982237C
:100D6000C81982A3B81904A49209AFFEC8ADA14066
:100D700080200E05DE0AAFFDA8190424A141A14080
:100D800080211E0F80201C02C0A9B0198283CA08CE
:100D900060004C1904840025801F0000A40CD21FA1
:100DA00082147C1F82138C1F82937C1F8293EC1F02
:100DB0008293D11F82149A0AEFFD001804040025C3
:100DC000801F0000A40DC0A84A096FF6A140A140F1
:100DD000CCC6E078E4C081816280C281A18000330A
:100DE0000C03003583130233030360A28281608009
:100DF000C081A28000330C03003583130233030348
:100E000061A2A081818061810080003441130030A3
:100E1000C0000230400002A2C4C4E078E4C2284509
:100E200008462C7090DA820A2FEFA1404A24807184
:100E3000A8208001041600141C1D1010C4C6E07800
:100E4000E6C0001D4000001E8000001FC0003C14D2
:100E50000C003FDF18BF0D70E94304340092CA2331
:100E60008C1F00BF00000134CC124834CC122F2656
:100E700007F312F200208D0F0000C40EC095CB4482
:100E80004841000004310083CA24491084BE001D7B
:100E90000003C0B5401401000431008204F6CB47C2
:100EA00000BF00000131C1034831C1022F2647F0C5
:100EB00012F200150D0034208C0F0000C40EC34147
:100EC000484100000435409085BCCA214903001DFB
:100ED000400006F034208C0F0000C40E44140D00B6
:100EE0004424411C50248E118D7079210100043559
:100EF00000939669C4F63FD918B905F0C34100BF05
:100F0000000001354110C57C4831C1022F2647F051
:100F10000BF2C341C84100000432408087BCCA21A3
:100F20008900001E40008B2482908A25041009F459
:100F30003220810F0000A50D07099000AD70481404
:100F400002006D70A8BC0432C082C5F63FD918B942
:100F500004F0C34100BF000001324100A57C4831CC
:100F6000C1022F2647F00CF2C341C84100000433F0
:100F7000408089BCCA21C900001F40004C140200F7
:100F80000432C082C4F63FD918B905F0C34100BF8E
:100F90000000013241004831C1022F2647F00DF216
:100FA000E442C341C84100008ABC04324080CA21E7
:100FB0008900001F4000501402002C700432408051
:100FC000C4F63FD918B905F0C34100BF0000013293
:100FD00041004831C1022F2647F00DF2E442C341DF
:100FE000C84100008BBC04324080CA218900001F28
:100FF00040000424811F0000040E0424821F00000E
:10100000FFEF3470CF22220395204E0C40B0C6C4AF
:10101000F6C3B5C14E70081F8004041F8004001F72
:101020008004304388141730208108460A21C021EB
:10103000001F40206E410A2580210A244021041F00
:10104000402076410A2000216845081F40207E414B
:1010500048470C1F4020018022860E204081BE0898
:101060002FE10326418067864386308600330000E7
:10107000041E001504308080CA220500043240801E
:10108000CA218900081E401529A601872087081556
:1010900015100030020002870031410000151610C3
:1010A00001318100003000000415141001310000EE
:1010B00040C0860FEFFB80C0003403250036822538
:1010C00000C00132C300003542252B860130800F5D
:1010D00080BF000001339400BFB8043440A040C07A
:1010E00006F62D8604304080D0000C003C1680109F
:1010F00003E8101E821403853FD918B9204204303A
:101100008084CA228C0F00BF00000130800048306C
:10111000C0020F788C20C38F14F2038704308084C0
:10112000CA218C0F00BF0000013040004830C002CF
:101130000F788C20C38F06F2CB454C3FCDCC09F005
:101140004A160011CB454C3FCDCC481E041006403A
:1011500004100C20164100170B10041708104287CA
:101160006387003500100035091300354C10CC7032
:101170000233001002304112023202030433808134
:1011800044C045C146C2C5F63FD818B804F0C340B4
:1011900000BF0000013300004830C0020F788C20EF
:1011A000C38F0BF2018E22E884C06241DE086FFE1D
:1011B000E242011E0310D6C73C168010AD7049E80C
:1011C00091C1860E6FFA624091C03A0D6FFE8EC1DA
:1011D0008EC181C2020CEFFFE140108E318EAF084C
:1011E0006500047110AEB5F1C20DEFFB84C08AC179
:1011F000560E6FFA62408AC00A0D6FFE87C184C026
:1012000087C1D60BEFFF81C20D8600C1043100807B
:1012100044F74C86043480A04E00060007310000DD
:10122000268645864816031102360070803F00006E
:10123000003040000132020040C219EBEA09EFFB26
:1012400081C073860030800F6542E12E00C24816CF
:1012500001110030C000247704308080481E441003
:10126000CA22090002F0458640C201C002C103C380
:1012700000320C00003241000032C000001900238F
:101280000419402008190020D6C702C001C103C2BA
:1012900000300C000031400068860130010300324C
:1012A0008000013100000430C080A606CCFFAD7084
:1012B000081840230418402300184023011E43103F
:1012C00047F1E078E8C3ADC12846084580C02C70DE
:1012D000D60DEFEE34DA920C8FECBFE610402847C3
:1012E00009F612EE370E70104C72290E31144C7341
:1012F00015F0C0E60AF2E0E60AF28C2602900AF443
:101300004C760DF04C710BF04C7409F04C7507F0F5
:101310008C26C39F4C72CA22E1012C73AC71A14090
:101320000243560D6FFEE14410852C72AC714830BB
:1013300040020F7A0243E1443E0D6FFEA140210EB0
:10134000B4102C708C260290CC26829F0000FF00E7
:1013500012F4C3404842000042C00AF0C340A1005A
:10136000780A408842C104EA23A022A080C1960ADC
:10137000AFFFA140C8C7E078E6C228476081C080BF
:101380008C10810048450036C01023E93FDA6D70AB
:1013900018BA0430C0824041CF21EC078187013068
:1013A00040004043003601134830C0020431C0827F
:1013B00000A5CF23EC0702870131CF0000360010D3
:1013C0000430C082CF22EC070130800011F0B20C53
:1013D0004FEC21874830C00200A5A60C6FEC003608
:1013E0004010228708479A0C6FEC003640104830B6
:1013F000C1024837C01222A501A5C6C6F6C3A9C1BD
:1014000030412081C845104020A52E4168476C70AE
:1014100021A53641CB441C410AE8484622A53E415D
:101420000020962F0000D40D0A27002123A5561076
:1014300000068A210A0500A25710002601A25810B2
:10144000002664A23220412002A24831000003A2FB
:101450005510082654100B265310012603A7003000
:101460000013003102030033011364A740A721A732
:1014700002A7001CC00000168020F3083E000A24CA
:1014800040210020922F0000C40E00128020DF08AF
:101490009E010020932F0000750E00138020BD08D0
:1014A00011000020952F00007E0E001580208C205A
:1014B000C38F0C7052F24A24407140200022C14276
:1014C0000A21C003A820800104191100041A110088
:1014D00084C24024C33840240430960B6FFD22415F
:1014E000101409300014083014140B3001C406C362
:1014F00002C207C103C0001F4012001E0012041FD9
:10150000C01281A662A742A623A703A6001201214A
:1015100015093E017FDA2314833017BA0C707470FA
:101520005C7004A715097E017FD92314823017B996
:101530000C7054703C7004A68020092FCE0AEFFB7B
:101540000240C341CB4278F10030400000304000FF
:10155000001F00200015802004772F2607F005F2D9
:10156000001B022003F0001B0320001680200D0842
:101570007F000DD980852BF00086608726421AB93E
:101580002844043040800232C200CA2409100732C5
:101590000C03284380A5018661872E4204304080D9
:1015A000CA2309100232C2000732C00201A54286D6
:1015B0000287364304324080CA218900023300008A
:1015C0000730400002A5038703A5C341CB4278F151
:1015D00000344010001C0020018500304000041C35
:1015E0000020028500304000081C002003850C1CF0
:1015F0000020D6C740800032820040A141800032E6
:10160000820041A142800032820042A1038000306A
:101610000000E07F03A1E0786A24801251248093C7
:10162000E020820F120090811FDC3E796A24801234
:1016300051248093E020820F12006C4B20DC3E7915
:101640006A24801251248093E020820F12002C4CD7
:1016500023DC3E79E07F00184300E078E4C3A4C1B6
:10166000284580C1920FEFFF084601C100C002C2A9
:101670000130400003C101308000013040000430DF
:10168000808F2B3277CCD4F6260D8FFB208600304E
:10169000410020A521860030410021A5228600308E
:1016A000410022A523860030400008F07FD82C702E
:1016B00017B822A521A520A503A5C4C7E6C044806C
:1016C000638055210F085AA78010020679A7811060
:1016D0000C067F1003065EA7A01082009BA77DA7C3
:1016E000668098100C0056214B0800208D0F0000DA
:1016F0004009001B8210591002067FA7801F0013AB
:101700006580808D8C1F80102D158210841FC01065
:101710006C1902038D8D581583108A200812084613
:1017200080261F15C519820034200202AE1902035B
:10173000441FC210AC160C90B0160390701F84109A
:10174000C016029080A161A1D0160C90C41603901F
:1017500044A1CC16029082A163A1D4168C90A91644
:10176000839046A1B416029094A975A9B8160C905E
:10177000A416039049A1C816029087A168A1D816A3
:101780000C90DC1603904CA148868AA16BA1FC1634
:101790000C9060864FA1241682108DA16EA18586C3
:1017A000648648198200428690A171A1F9168C9036
:1017B000678654A14A864919020373A1F4160C9056
:1017C000618657A13816821095A176A18B86668610
:1017D000681982004216829098A179A140168C90D7
:1017E000411683906B1982004C160290691902030E
:1017F0006A19C20038160C903C1603905EA194162C
:1018000002909CA17DA150160C905416039041A704
:10181000E41602109FA160A7E0168C10E116831059
:1018200043A7F416021088AF8919C200E9168C107C
:10183000FC16831045A74216021690AF9119C200FC
:1018400084160C904016031648A7B816021786A7F0
:1018500067A792865516031656B77016021689A703
:101860006AA767160C16681603164EA76F1602169F
:101870008CA76DA76D160C166C16031652A7691669
:1018800002168FA770A76A160C166516031655A7C1
:101890006E16021693A774A772160C16731603160B
:1018A0004A24007908418021191358A74C7096A743
:1018B0005C1FC010A820C002152083005A13030625
:1018C00015218C004471441CD8107E100706C210EC
:1018D0000606C3100806C6100B06C7100C06C81073
:1018E0000306B9100206481FD811491F98114A1F54
:1018F00018124B1FD8124C1F18134D1FD8104F1F12
:101900009810CA1002068A230C0E8A244C19501F04
:101910009810CB10020673608C60511F9810CC1089
:1019200002065621CD0DDD19DC00521F9810CD1096
:10193000020680AD79160496531F9810D510020642
:10194000B8100306DD100C06541F98107B16029683
:10195000561FD8107D1603967A1608967E160B969B
:10196000551F1813591F98107C160C968516029651
:101970004A2480715B1FD8104A230000571F18119A
:10198000581F18125C1FD8125A1F1813631F981083
:10199000A82040051520C20080221704A08215212E
:1019A000CC0064717D1C5813A782841C5813AD822F
:1019B0008A1C58135382901C9810981602964A2439
:1019C00080716C70761F98109B160296791F981084
:1019D00099160296771F98109C1602967A1F9810F7
:1019E0009A160296781F98109D1602967B1F9810E3
:1019F000A82000031520C2008022190C4082152166
:101A0000CC0064719C1C981008160390101602906C
:101A10002844821FD810831F98109E1602966811C2
:101A2000839080240B11841F9810A116029660AC3D
:101A300000208D0F0000B00C891F9810A41602968C
:101A40000020880F0000100C32208B0F00004D0A80
:101A50008C1F98109F160296291CC212F1158B102C
:101A6000851F9810A2160296281CC212AD16079662
:101A70008A1F9810A5160296AE160696AF16049603
:101A80008D1F9810A01602964A240079871FD8113E
:101A9000861F9810A3160396F0158210881F9811C0
:101AA0008B1FD810A616039654AC201002978E1FD9
:101AB000D81076160396481C84104085901FD810C5
:101AC000FC150C90951F9810771602960C16039033
:101AD000941F1813921F98104785931FD81088855C
:101AE0006985991F981064150290971F1813981F05
:101AF000D810F8150C90601503909D1F9810741560
:101B000002909A1F18139C1FD8106C150C9070151A
:101B10000390A01F9810AD1502969E1F18139F1FCB
:101B2000D81078150C907C150390A41F98104C7059
:101B30008F1F1811A11F1813A21FD810A82040032F
:101B4000152083003023830F0000680B15218C00C3
:101B50004471C51CD8100020820F0000F80B608271
:101B600000208C0F00009C0A2845C91FD810641261
:101B70008300848C00208E0F0000A50D80250E1B95
:101B800061AD608EA9120B8680AD9C128C00301660
:101B900082104A244072291DC2106C70CA1FD812CC
:101BA000281D02132A1D8210A82000041520C2003F
:101BB00096220603A0821521CC006471EC1C5813F8
:101BC0005E120206F61C981000208C0F0000C0095F
:101BD00040848021100000208D0F0000D40D40A112
:101BE000418400208E0F0000E00E41A1428442A1FA
:101BF000FD1482906584FC19828066A1469446B1EA
:101C0000478420148310068444A1519474A907A129
:101C10004BB16984408DF015001168A12419820030
:101C200013B17016821043150316421500163019B1
:101C300082006AA10BA1C6C4EAC24481184780276A
:101C40001F38D41F80B0438165818981B01F80B067
:101C5000D81FC0B0001F00334B8173819481281FAF
:101C60008030381FC0B0641F00B34C8155210F086D
:101C7000CB4300000808301F8030508108463041B7
:101C8000441F803055815621470B4A240076681F37
:101C900080B04D812044D140341F803051810A26CC
:101CA0008033C145481F8030568180241303802033
:101CB0000A256C1F80B04E818026113080251305C7
:101CC000381F803052814C1F80305781701F80B088
:101CD0005981501F80B05A81541F80B05B81581FBA
:101CE00080B05C815C1F80B040877E819D81501FE9
:101CF00098304C1FD8304B1F1833418780211D016D
:101D00004D1F983042874E1F983043874F1F9830A1
:101D1000448767879087511F9830581FC0307C1FB9
:101D20000033518773879487801F8030881FC030AD
:101D30008C1F0033568777879887941F8030981FB1
:101D4000C0309C1F00335A877B879C87A41F80303C
:101D5000A81FC030AC1F00335D877E879F87B01FF0
:101D60008030B41FC030B81F00339417021098178A
:101D70000310C8170C10E01F8030E41FC030841F10
:101D800000B3DC170210E0170310E4170C10571F04
:101D90009830801FC0B0491F183348872A448024D8
:101DA00004175C1F80304C876C1F80308017021036
:101DB000C01F8030A4170210401F9830B4170210C3
:101DC000441F9830CC170310531FD830F01702105F
:101DD0004023031256238808731F983049877D6675
:101DE00000238B13601F80304D8700208813701FE5
:101DF000803084170210C41F8030A8170210411FC2
:101E00009830B81703102E42451FD830D01706104F
:101E10003E47941F80B0541F9831F4170610264295
:101E2000E41FC0B0741F98310A8708118320901FE7
:101E300080B0641F00300E8736468D1FC2B0741FFD
:101E400000308817061020118320E01F80B0C81FC3
:101E50008031AC17061009118220DD1FC2B0281195
:101E60000321421F98319C1F82B021118220BC1790
:101E70000610241FC4303C118320EC1F82B02A11AD
:101E80000221461F9831D4170610601FC2B060119E
:101E90008320261F84303D118220551F9831741FE6
:101EA000C2B07D118320F8170610401F82307C11CC
:101EB0008220DC1FC23095118320751F9831F91DD7
:101EC0008210548F0B87501FC230788F4C1F82B006
:101ED00096110221681F00300F87541FC23054171B
:101EE0008310521F843048170211781F0030901F52
:101EF000C230E61103218C170610841F843064174A
:101F00000211BC1FC430608CCC1F8031A01F8430F4
:101F100090170211B0170610EC1FC230A017031162
:101F2000D01F84308F110227431F9831C01706102D
:101F3000F81FC43029148310EE1F84302814821037
:101F4000471F9831F81BC210D81703107C1F82B0AE
:101F50004D148210561FD830EC170311221882102E
:101F6000FC17021000178B00B31FDC30761F98306F
:101F70004017021644170316F81DC2125C1F983052
:101F8000411702164E148B10611FD830781483103D
:101F90005D1F98302118C21252148B103D18C210C8
:101FA000791483108E170C17421702162818C212C4
:101FB000E21F1C335E1F9830CF110C2743170B16FE
:101FC0004C18C2104617021648170316E31F1C339D
:101FD0004A240010601FD832681F9830721FD83012
:101FE000A820C00215210223691203061526021338
:101FF0008571851AD8006317021669170C162243DB
:102000009F1E98106617021680230802841E18135C
:10201000A21E98106B17021661170B164A248071C6
:10202000531E981064170216AD709E1ED812A01E83
:10203000981067170216A31E98106C170216541EEC
:10204000981065170216A11E981068170216A41E94
:1020500098106D170C16408B20138300551E181313
:102060004A240010001882200118C220A820000372
:10207000152102238E1203061526021340244C104C
:102080004D1AD800741702164A240079561E98106B
:1020900075170216571E981076170216581E9810BC
:1020A000A820C002152142239712030615264213C9
:1020B000A571A41AC0009B1702169C1703164A2488
:1020C00080778D701C1E80109C1EC010A82080027E
:1020D00015210223BD12030615260213857168A27D
:1020E000C9170B16CA170316CB170C16CF170216F3
:1020F000CF1ED812D01ED810D11E1813D61E98107D
:10210000501402874A2480710218842033110286F9
:10211000C51E9810BC170216A61E9810BF170216EF
:10212000B41E9810C2170216B11E9810C5170216D9
:10213000AE1E9810CC170216D21E9810D017021699
:10214000D71E9810D3170216DA1E9810D61702164B
:10215000DE1E9810D9170216E11E9810DD17021620
:10216000BC1E98102F110286BF1E981035110286D2
:10217000AA1E9810BD170216A71E9810C0170216A7
:10218000B51E9810C3170216B21E9810C617021675
:10219000AF1E9810CD170216D31E9810D117021635
:1021A000D81E9810D4170216DB1E9810D7170216E7
:1021B000DF1E9810DA170216E21E9810DE170216BC
:1021C000BD1E981030110286C01E9810361102866E
:1021D000AB1E9810BE170216A81E9810C117021643
:1021E000B61E9810C4170216B31E9810C717021611
:1021F000B01E9810CE170216D41E9810D2170316D0
:10220000224280220D0BD91ED810D5170C1634127D
:102210008300DC1E1813D8170C164818C22035127C
:10222000830036128200E01E18135418C220DB17F8
:102230000316551882202414828025148C80E31EF6
:10224000D810FC188220DF170216FD18022327146D
:102250008C8026148380BE1E981031110286FF18D0
:10226000022341148C80FE18C22040148380C11EBA
:1022700098109018022337110C867C18C22048143D
:10228000828049148380AC1E1813ED704A2400101C
:10229000121882201318C220A8200003152102233F
:1022A000802210096082152602138571E61AD80073
:1022B0004A240079A82000031521C2238022100F90
:1022C00060821526C213E571EC1AD80062110286ED
:1022D0004A248071ED706B189820631102866C1887
:1022E000982020140201941E8430641102866D1817
:1022F0009820651102868A1898206D11028684182C
:102300009820661102868B1898206E110286851817
:102310009820671103861C1482008C18D8206F1136
:102320000C868D1E82301D1482001E1483008618B8
:10233000182368110C868E1E82309C1EC2301F141A
:102340008200221483008D18182370110C868C1EB5
:102350008230D41DC2006B110286281483008718B6
:10236000182340140C018F189820961EC23029148F
:102370008200711103869E1E04338D70741E82309C
:102380008918D820A8208003152103238023140452
:10239000608315260213857180221308001AC0007D
:1023A0004A240079A82040031521C3238023140A5E
:1023B00060831526C213E5718022130E60A29D1161
:1023C00002860026831F0000B40CA8110B86BD18DE
:1023D00098209E110286241FC0B2A7110886BE183D
:1023E00098209F1102864011098741110687BF1866
:1023F0009820A2110286421107874A24007A1C1FE6
:1024000080B0A3110286201F00B2BB1E5C32081FE1
:1024100080B0AA110C8622428022160E80A3A4113D
:10242000048631128D0000268C1F0000480A0C1F04
:1024300000B1AB110086A1AC181F84B101A3A51196
:102440000B86301280001A1FC4B1101FC0B2AC112D
:102450000F8600AC32128B00E2A3A6110C86241B5F
:10246000C20233128000141F00B3AD110D86481252
:102470008C0050128B00A3A3251B0203B0110C8605
:10248000AE110286ED7085A38D7010ABD41BC20215
:10249000281B8000A8204003152103238023180354
:1024A00060831526021385719622460760A2681183
:1024B00003800026821F00009C0D4A24807760A2C2
:1024C0006C110380F01AC08070110380F41AC08070
:1024D00074110380F81AC08078110380FC1AC08040
:1024E0007C11038080110C80481AC080441A00833C
:1024F000A82040031521C32380231B0260831526D7
:10250000C213E5719522CD0F60A260810026821F63
:102510000000000CFC11808060A26181FD118D80A3
:10252000FE11098161A2628100268C1F0000740ED9
:1025300000ACACAA581A440262A268914A24807185
:10254000FC1AC480699185810681271ADC80638129
:102550008CA28D700DA266A2A82040031521032332
:1025600080231D08608315260213857196220602BA
:1025700060A26D810026821F0000380C38118C008B
:1025800060A26F814A24007984AA141AC0807281E3
:10259000ED708D70201AC080758174A27081181A38
:1025A000C0807381241AC080768175A271811C1A43
:1025B000C0807481281AC080778176A2A820800309
:1025C0001521032380231E096083152602138571BC
:1025D00095224A0A001AC0004A248071A82080036C
:1025E0001521C3233023830F000034081526C2139E
:1025F000E57195224B0360A20021822F00004C0858
:10260000818A608A4A2480740026821F0000A10A01
:1026100081AA8D70001AC200A8208003152103230F
:102620003023830F00005008152602138571952270
:102630004A0560A20021832F00009C0880830026A9
:10264000821F0000980C5522810B80A28183FE130B
:102650008880FC130B8181A28283FD1A02823419C7
:10266000C48282A283832C1382002D138B0096A137
:1026700087834A244072ED709AA1848397A188834E
:102680009BA1858398A189839CA1068300268C1F2A
:102690000000A80D281C821019A10A83291CC2124F
:1026A0001DA14D836C83C1405FA17EA10A2140041E
:1026B000A82000040021830F0000D408808B002094
:1026C000820F0000750E047180AA698B247169AABB
:1026D0004A24C073A82040041421C2230022830F7F
:1026E0000000E60880931426C2139622470480B2A5
:1026F0006F93E5716FB20021832F0000240980835E
:102700000026821F0000C80E4A24C07680A2818362
:102710000C7081A2828382A2889388B2928B638399
:1027200092AA63A2A8208003152103203023830FDF
:102730000000380915260210047195224E0E60A281
:102740000C70CAC6FAC2FC1CC8B6822403341843F3
:1027500008458023083400138C305625001E5DC0C8
:10276000008828464EC0701C4031781C00315FC381
:1027700056C22FEC0016111004161010E286A1416B
:10278000802108055524C03A24DA001C4034041C7A
:10279000003442C7CE0A6FE05524D23A4A24C070B2
:1027A0004A240010A82040051522002323804080E1
:1027B000068000304B2000318120003700100131AD
:1027C000C1021526031301310000857100A3FC131B
:1027D00000B114703A0722000E70018D1470A4F23B
:1027E00000864286218600300300003280000031DE
:1027F000410046C084C044C312086FFB45C143C0BA
:1028000036086FFB83C04015001693150116D3419F
:102810007A44000000304004408601304B004115EE
:102820000116431508160232C00294150216003133
:10283000410407300602018644150F166286541CB7
:10284000003201318C0042150216023000035BC7D2
:102850000730C9039515001642C2001CC03241C49E
:102860000032410400368201013100004515011695
:102870000233030047C0073343005AC144C200314A
:10288000411245C10033C00046C0820F2FFB84C0F7
:1028900047C0A60F2FFB87C07715001607C1731519
:1028A000081646150C160030490002360070803FAD
:1028B000000071150B1603C3003000104C714EC29E
:1028C000003442140433C08201304B0255C254001C
:1028D0002600731DD81272150016043300804400C0
:1028E0002C005625801D00881473B2F474150C1644
:1028F0000231800002338310BFB80430008343C329
:1029000008F675150216BFBB0433808040010C0029
:10291000761502160231C002BFB804308080C4F6BA
:102920000C7003F00C710EC126E91470281B0434DE
:1029300020F40EC1660CAFF4A140029521955F20F2
:1029400040061078107116F45625801D0E70001880
:1029500002046E0BAFF4A1404A248074402500129B
:10296000551D0214561D0214A82000010418110060
:1029700099050000281300312C700471281B0430C5
:102980001A0CAFF4A1405615821055D954D8547082
:10299000CA204100322511106E71ED704A220020CC
:1029A0005F0F45145B0A11205A27001300160B1005
:1029B0006286B860248083800280418602334100B1
:1029C000023300100232020340C00030000042C156
:1029D0000031410041C20032820044C084C046C17F
:1029E0002A0E2FFB45C2348500314100043040805F
:1029F000CA226520CA232520C0276610D2F176702E
:102A0000B8F355158010808621682F7B5F23000363
:102A1000BA60FC1A0083018600A2551D42105415AD
:102A2000801022860F0B210021A2551D0310561D78
:102A300043103813803010E83913803010E89515B2
:102A40000016941501169315021615F02C700C71D2
:102A50004EC16BF182866186208616F04086931DFA
:102A600098102186391B4330941D58100286951DFD
:102A7000181082866186E08602340C10023343000F
:102A800002378110C340833A6F124A240079003420
:102A900002100033030000310F00D340A00090F675
:102AA0000D708D705920092942C241C3001CC033EA
:102AB000A82040031525001347100B06168015218A
:102AC000011385710130C00200A17FD9C34000C04D
:102AD000000017B900328B000033CC0054C1003223
:102AE00001000033020000370010CC70481CC032D7
:102AF00050C453C151C24FC04A2480718FC48FC08B
:102B00004A210000A82080020411031404100204CA
:102B10000032C20001318100F02400120571003141
:102B20000000D908B491013606006B151216592021
:102B300008296C7001368C041C1C00334A248071F7
:102B40008FC001424A210000A8208002041009041D
:102B500018120B0400334B120131C102073102037A
:102B600055244039757864710574D50BB48140A043
:102B70005525801E59C043C119C188C018DAE60E18
:102B80002FE0402411384A2480714C708D700C70F5
:102B9000A820C0028FC1F021032001490471003137
:102BA000C10001344C105227C017003700104A24CE
:102BB00080710230010355C1A8208004552440399A
:102BC000404815258C10E8140C100031000088C313
:102BD00001341310557B4471001BC004A1418021B6
:102BE0000407592000298FC25424843D5424053DF4
:102BF0005424863A4243260FAFFE1044EA0B2FFBC3
:102C0000024056201529ED700A2100245524403930
:102C1000F020D2034A2180310A2040340A26402580
:102C20004024173F04100034BE08AFF32C100134C9
:102C30000417012427770032412002304000E909BF
:102C400031B0181E10206C700A2100154A240010A3
:102C5000582001295A2480114A2480710A234015E2
:102C6000F860152102000C70001AC000A820800234
:102C700004110614181308140030881101300002E2
:102C80008571D50CB49100A2E57140211122810F0C
:102C9000B491A67459200F2943C090DAC60D2FE0D5
:102CA000E14019C088C1BE0D2FE018DA4A2400792E
:102CB0005425001BA820800104170114041850009B
:102CC00009C70DDB1ABB0437C090C6F62C141030B0
:102CD0000430C0A088000C000AC00CC208C1073034
:102CE000C803401D581007320B0400300C0200319D
:102CF0004000411D181201300C030032C002421D79
:102D0000D812013400100230C1040431C080E4F64E
:102D100046150016003000000731010047C083C08F
:102D2000160B2FFB43C103C000300100431D1810D8
:102D30000731C10383C0020B2FFB43C143150016AB
:102D400003C100300000441D58100730000443C088
:102D5000E60A2FFB83C003C0451D18105625911DA0
:102D600000118F2084EFED71001943201BC17A15EB
:102D70000B16791508161AC35625801F40880018AF
:102D8000030002364070803F000015C40030CB02C3
:102D900000300110003300004832090001304200C9
:102DA0000033801F2136B10F0032010300300003D1
:102DB0007B15061601305300791D98100033402210
:102DC0005625C11F013614005524003814DA7A1D27
:102DD000D8127B1D18158E0C2FE03040B145802590
:102DE000072D14DA0241360A2FEEA240F5730E7158
:102DF000821DD81485F2870FB01040241239F57166
:102E000084F401340025043300A00001260088C0AA
:102E100018DA520C2FE0A241201400304A244071ED
:102E200055240B3855240138A820400200420412D2
:102E30000024023083000419D0004A2440716C70D1
:102E40000C7047C2A82000030413021497C1196133
:102E50000432C08004716F240B1080A937C15D1447
:102E600080305E1482305F148330386058601B639A
:102E70007C648F789108150148F00C70043300A031
:102E80006A002C00043300A56200260088C018DA0E
:102E9000D20B2FE0A24108C74A24407189C147C71D
:102EA000A8208002041100040437009043F708476B
:102EB00047C0E07888C018DAAA0B2FE0A24108C00A
:102EC0004A244071A82000020412012404304080EA
:102ED000CA204900781502160237001043C1BFB856
:102EE0000430808043F70019C3200034802F404015
:102EF0000000043300A0CAF60019022406F00433CF
:102F000000A5C4F6001983200EC11DC020A88F158E
:102F10000116431500169015031644150216911557
:102F2000081645150B1602304C000232C100023360
:102F3000001245C146C084C080C1DA0CEFFA44C417
:102F400001C200C102C004318080CA218500043161
:102F5000008044F7004147C0711500160730820F0A
:102F60003442000043C00132820F80BF00000431B0
:102F70008080C5F64A0D6FF4A14040150216421537
:102F800009169315031641150C16C3407A44000028
:102F900000320200951508160132C20000340310F9
:102FA0000031001094150B16013008021FC0562581
:102FB000811D0133CC0240A0E08981A008180002E5
:102FC0004837031063A0431501161EC0C3470034E1
:102FD000000055C220A044150116E146681C40328D
:102FE00021A04515011663A05BC422A043150B1652
:102FF0000086E0410433C09102308000CA21C9023A
:103000000730410016C04515051644150416001C6E
:10301000C0320434C08120A0E0410186CA210901E8
:103020000435C08102300003CA274901073041003E
:1030300016C021A016C1028663A10230000207302B
:10304000C00102A1451500164415021643150116CC
:10305000911D1810A11380B0901D98100D0F201015
:103060008F1D5810A11B82B1392600007920012044
:1030700005791CC08025881320A84095FC1300B159
:10308000047110790D09A100FC1B04B0FC1B05B0F4
:103090008024033404141B34DAC600009BC90000EA
:1030A000092900004C09050000080000000000008C
:1030B00002004E0500AAAA0A00000000000000005D
:1030C000000000000000000000010000F1C00E0838
:1030D0000000D1C0E07F0C70E4C2AD700A26801FF2
:1030E000A100100D0086218602790D09720122B916
:1030F0003E0B8FFAA571F10D349408E6C4C60000AA
:10310000494E4903543B11005808A1005D020000DC
:1031100000806F0000C84200FF000F010F100F1069
:103120000F10081001020A030405104000AA000154
:103130000402000005000101010090021AC900000C
:10314000062106808016F10101EDED96FA3200D3DA
:10315000000007B404C008C008000080D10000F0DF
:10316000DFA00F4202240F030F1003500000E4CB36
:10317000120258000004CC0508A004FF85130410B7
:10318000888913000F0D33025E0C110F100F100F02
:10319000100F100F107FAF0F100F100F100F100F28
:1031A000100F100F10040CCE12030F100E10020B94
:1031B0001005020DD8F1B4B7120206030307030588
:1031C0000804031CDCAD1308100F09071003280CBA
:1031D0000C54D00544030C4483130002BD13F607BE
:1031E000220000F8060082A100140CA1000309BC13
:1031F0000D191007A1000E0219A8A80108BE0D198B
:103200002802194C0219100BBA0D194002191002AC
:1032100019A8A80212B90D195802190F02190111A3
:10322000BB0D19700219400219684A0B14B70D1929
:1032300088021904A41BB60D19A007191AB80D1994
:10324000B84951071924B51C4800D0021918026466
:103250000527B40D19EC02192011440219082DB3E9
:103260000D190808A1000D02190121B20D64243DB9
:103270000A02190C0319049B0F050F100000A40388
:1032800001A60208A5A6006F10207A7C6B6A0223B3
:10329000A4786E797B7D7674231D14BD880012009E
:1032A0000A0214B85813328200004C8A1300A47228
:1032B00080007870757D697674022EA49A999B724D
:1032C000A078700079666768697075909C13C4C0B7
:1032D000E415D002370F03345838160068054C0344
:1032E0002C78020C5CB7AA3DFEA85E3D15F3752054
:1032F000003E1172313F0335748F05252C8308245D
:1033000036E20000E32310D557256092B12449D05E
:103310005624F683C000CD247231C524032432EA3A
:103320003F7D25753FC7C06A00003FDFCC603FFD91
:1033300044573F8C244E3F2A674500003FA4083D78
:103340003FF304353F3F582D3FD7FE2500003F3265
:10335000F51E3FF037183FD3C3113FC2950B000055
:103360003FC3AA053F0000003F24B3120000000045
:10337000100DA100E02000000030D8284FA1000F60
:10338000040B10F04EA100F40F040610F80208031D
:10339000046E0F0002440F040310040218030424F7
:1033A000020803040B58070C983A0000000068421A
:1033B0000000204E0000606D0000A00F0000000023
:1033C0008813000028230000803E00006C646578AC
:1033D00020007000000002020414057A3D04010080
:1033E00000D6FF088CF93D080211D6FF793E100384
:1033F0000410022A48423402243056000048420297
:103400003B020A484237020603102006082106083C
:10341000382522060839050841050408C841060474
:10342000084842070408C842222208040848430901
:103430000408C8430A040848440B0408C8440600AA
:103440000C0208022C0800041300060900082800DA
:103450000C262000000E27000E021823010229016D
:10346000032A010325000001042101052B010509A0
:10347000010604010C05020000000302041C030005
:103480000606020706020806020040130606140795
:1034900000C82E002E802EFFB10508EA0001008032
:1034A0002EAF02802E6B061012025030212E5904CE
:1034B00001F51002066AF5802EE60262000001C1E5
:1034C0000100220080007200001000107900F53326
:1034D000802E00C10F04FF610F100F100F100F108E
:1034E0000F100F100F100F100B10FD2DB95D04B948
:1034F00006050328C3002001060B0002090104078A
:103500000D0608010010010218060EFF8F05070FB7
:103510001005160F060F100F100F100F100F100FC1
:10352000100F100D101A242212C0000000B02050FD
:10353000E77FF67F06320F2E61F5FE090008C0B363
:10354000042F17302F2E9E002D0210F66FE76FF814
:1035500001E05FC812F415B40D4213DC3208061501
:1035600005E0AA380400C90000062106808016F193
:103570000101EDED96FA3200D3800007B404C008D3
:10358000C0083228D100002D01D47B3B000001DBB4
:103590007A04003F7BCD6CC3048509C304EC0010A2
:1035A000E60C460100270019009600A012620C00EC
:1035B000F034303C00125203020C23A4320005E028
:1035C00090301F520575FDF5000080009A00FF0045
:1035D000000CFF0F0004C000FDF700005BF598F140
:1035E000B800B7001EF219F466F564F50000960005
:1035F000FF7FAEF198009F00E000B3007A0000006A
:10360000A2007C007E00FF3FFFFB39010038003044
:103610000200BB02745FFFB60000408C0FEB007F1E
:10362000FFC2F5000068F7860F7A0F800F9F0F58D2
:10363000F75BF7A20F000000808600910FA40FB384
:10364000F19E0F6CF7B9F10400C6F1024BFFD1F502
:10365000A60FA90FFF0300FCF03F00000B010E01B5
:103660003B018100B9002DF5B90020F20000F00007
:103670004CF70302120200026FF7BB008E0000003D
:103680009500FF1F1D6CAD00590131D10008E40CFD
:1036900000001202B3006203C0021FF8E107707D50
:1036A00091520000323C8A004040844021300108A1
:1036B0009354E208000001B80090052EFCF311308D
:1036C000F5302509B7B9000091080030052F819029
:1036D000032F06A74822C0B200020822B82E012EEE
:1036E000C0F503022412304A0893560000C3084173
:1036F00090F2300208B7B8262F4090222F00000623
:10370000A21E2F06900030212F032E10019BBC20FB
:10371000009FB840B213020C3901052E0F01072E8D
:103720003C01000093BE2FB9BFB914BE930ADFBAA3
:10373000CFB992BC0000950A9FB8930A510A40B2D3
:10374000072F1030B82EED0103040002080304B85F
:103750002F00157D0F0606109050F77FE67FD500ED
:10376000007FC47FB37FA17F907F827F7B7F982E75
:10377000EC00140200B2692F052E390101027E030C
:1037800002868FB9230002BE9FB8CB0A24BC4FBA71
:1037900003A60FB822BDDC0A20002FB99BBC18027B
:1037A0008C820A910A252E1800052E0000C1F52EE4
:1037B000BC052E820084A20EB83130880428000790
:1037C0002F01021800120E012E750000B2192FAD44
:1037D0005000209552982EF502052E7400252E9D3E
:1037E0000234740080118090022F123025021205DD
:1037F000261030050236012F218D040206250238DD
:10380000030E80B220024CC0F5133A07AA733003AE
:1038100000112E76001822411A05122A66F59F1310
:1038200036900C2F0020AF52033053422B309004BF
:103830005B4221022224BD00007E8081844342023B
:10384000420232252E62F5052E0002840081820597
:103850002E0A0123020A9D50900801310000232EF8
:1038600060F580B20B2FF23E012ECAF582088A0065
:1038700025020605521AE03F90020C59F5906FB3ED
:103880006FC46F0020D56FE66FF76F7B6F826FA1FB
:103890006F703266A0508888807FE7163AA27F91C9
:1038A00032967B7F0012EA60F560144200A0626FDE
:1038B0000132910880B20D2F00B203124C1802E6BB
:1038C0000040052FB1560230C142C286002EC242CE
:1038D000037800050012F80602E874009750212EC4
:1038E0005AF2982E9103F640056F806F916FA206F1
:1038F00076E7027460027000310204C000002E48B6
:103900001408109152002E604041400DBC980000F8
:10391000BCC02E010A0FB8438625400440D8BE2CF7
:1039200000000B2211544203804B0EF62FB82EBF1D
:103930005010000150D352052E8100FB029A134013
:103940009342410EFB00002F982E3F03982E87CF05
:10395000012E870000B2FB04406F0B125669F7B1CD
:103960003F01080130F05F2302162100282E69F77D
:10397000802E2203F05FB82E22B6F522BEF89340C7
:103980000054D55682080B021ACB0AD7588090DD16
:10399000BE4C0000085FB959228090072F0334C342
:1039A00008F23A0A8010080235C0904A0A22F42E22
:1039B000232EFC22F08100160024B802344A0C2188
:1039C0002E2DF5C0021481006570C02E40FC212E02
:1039D0004AF144474B269A0134727626950F070F19
:1039E000100F100F1047000F100F1008101050FB91
:1039F00012AC56C7982E49C3D952120054303030F9
:103A000003306342252E8C229A1902AE7A02088076
:103A1000000000FB6FC02E4042F05F03BC212E83EC
:103A200000038908020440B2733619000132EA0526
:103A30002E8612DA012F232E02006F02E6212E8736
:103A40000011308108012E6AF7713F801023BD01FB
:103A500008020AC002F06AF7302532E22E5AF52A2F
:103A6000681012E877025C781296982EBC034072B8
:103A7000808202640260250000802EA80340500A64
:103A8000253C80FB7F0142D27F000CE37F32301067
:103A900025982E7AC10284128E29532B510000439F
:103AA00040052E25F3B8BD9A0A124242822D5500D8
:103AB000006440434048BEE30A13424382420EF78B
:103AC0002F1000802EC7B37322FD2D2050982EEFAB
:103AD0000EA150970002522142D1370142503202CA
:103AE000E8030030F07F0021D0821AD02E0030226F
:103AF000B08008A2FB2F01328800326033181154C5
:103B0000339EC7C1F01218DEB7009016021C1822AF
:103B100028122238AA941001E0023A9502564DC3A9
:103B200003065AC7E16F0308E6B398A42A2E82174A
:103B3000122E9E022E04022E22026A21020E014241
:103B40000E04AE251023669D021A072F0360790E1E
:103B500000B2022F134479000100302E790000904A
:103B6000902E21B1012E850222033C150E41151322
:103B70002C7700012E7702121202848202240202A4
:103B800056050E09E0222D982E5D0D04564236078B
:103B9000D421022A012E78022E902E022439024AC4
:103BA00078000131010800B2034E47CB036A1900C7
:103BB000AC008130032203166142340942DC8200EA
:103BC00098BC98B805B20000A358232F07909B54C7
:103BD0000030372F154104410000DCBE44BEDCBA82
:103BE0002C016100A3564A0F0C2F0082D14294B8D9
:103BF000C14211300512D62CBD2FB98052D6C10159
:103C000013BC212D61302302E0030C03B25AF518D6
:103C10002DE17F500200301368A35299505042703A
:103C2000309F5442427E82000AE26F80B2424205D7
:103C30002F21022E100220BC03032D8A806014FA6B
:103C400001021206901802E473009D549952E0128A
:103C50007A004A7AC1E16F081A4030080430200225
:103C600030A80305EA05450502FE1E141E82004128
:103C700008D026023E8802FC0D2F01901D0520422F
:103C80006C3F62368900A132A758982E45B3039A3B
:103C900088000000122DA558A3321041114118B917
:103CA000044198BC000A410A940A982EDB031102D1
:103CB00086892290B800232E0C018800152A033231
:103CC0007800182D039C03AA012F982E2C02880E31
:103CD000030C3F8003A2012F002E020286460E3005
:103CE00002981225C714E67900059E012E19028656
:103CF000240230F5CB3328A9540000BC86010A21E8
:103D00002EB700C384C140A040AB5C0000834018C4
:103D1000B99143B2BD9243030A9043F031800481CC
:103D200041F26F25BD083226173003FAC501070896
:103D3000060266BC02FE0A8043982E0003038A3303
:103D40008A9D00521A22D80D1010B0F050D552782A
:103D500047300B2EA4F1EF9202C47FB0D4047FA3AE
:103D600052808254820602FE627EAE026450770068
:103D70001230AA00050880B26A2FB7520B629C620B
:103D8000322C438228BC6700004042404382030A31
:103D90006340F8BF107F7C88BA00000ADEBE414055
:103DA000B8BD227F5EB8990A01B23240407F647F7D
:103DB0000D2F0062140230527F427F03625AB90510
:103DC000545276525276427F072C517FB3060E51E1
:103DD000021E0052E0010000B2012F0390212F11BA
:103DE0006F0A18F2BCEEB95900000A7EB5B55698B4
:103DF0002E0CC1107F002E226F4114096F110E1876
:103E0000200218326F510F18C1300218136F9754E7
:103E10000000616F1A08B8B6246F50426A09C8B52D
:103E20002208000055425042DA08346F22085342FB
:103E3000C8B65042204AAA08424282723460F5D580
:103E400062949162A27B6FA302A3502A6FB06F109D
:103E50006230C0A52A340FA21A2F321A0F0204BEF4
:103E6000093039807F80B375EE63B47B7F13DCD279
:103E7000B782CC021E331A112F0020BB501A251214
:103E800040427F7482124052028C0040811163D004
:103E90006AD6012E61F7325412CE61F780727E78B5
:103EA000000810000800B240344A17BC96BC0FB896
:103EB0009FB84090214100520E103001302A021864
:103EC000820044B2052F47B2001050302D2F21023E
:103ED000602B2D032EFDF59E74AA140220FC14C045
:103EE000F599040C0E020C49F1BD544A08409008A3
:103EF000223C837E10051030032FC3A082001022C5
:103F00006CA8240878000A2D05A96062822DBD33B3
:103F1000820102547922B47800E0352102E403FCE6
:103F20008082006F77367B6F916F401206CD50F024
:103F3000501240064080001A256CBE768A74525892
:103F400068BFCF560B30D30800004CBA6CBB5B7F08
:103F50004B430B42C0B2C67FB47F0810D07FE5222E
:103F600048902E31B3012E800013FCC3520110047F
:103F70002E7B00923290BBCC0130230216926FA3AD
:103F80006F1A40002526BC86BA2502F054B100B253
:103F9000967F0C2FC5100050C7540B22903901CBCF
:103FA000581B429B426C090B0000422B2E39018B9F
:103FB000427184D1505809C95295900050827F7542
:103FC0000248C2C00352E56FD46F736F826F000066
:103FD000C352C15C982E06CD656FA06FC55240B329
:103FE000000004BD5340AFBA4440E17F0230062FC9
:103FF00040B30200021204C75C12309343844303AF
:10400000BF6FBB80B30000202F466FDE00566F26C7
:104010000344424091272E00007C00C752142FC752
:104020005C002E954186415D050040A60780AB04EB
:104030002F80910A2F966F750F526C6F01E0025618
:104040002F534244421230042C1130020204020663
:1040500002BC8082D27F0090062F3102D6B5124476
:104060007A000B2C01424E82007A928EB500101A13
:1040700002125CB500012D0130C06F6004982E95CE
:10408000CFD122540308E26FBF12147C008240504B
:10409000008D42112C4242103031423E80024205D6
:1040A00046C06F014214880895CFB00608002EFB69
:1040B000228CB82E7062D43980F37F00000342A1B5
:1040C0007FC27FD17F03300343E47FBB7F20002288
:1040D0003010259862DED26F02170408C16F0C09F8
:1040E0000000041A10300430202201B2142F275986
:1040F00014090000F330930824BD44BA940A02174F
:10410000F36F4C0800009A088A0A0953510897581F
:10411000940828BD98B80000E46F510A0143002EAE
:10412000BB6F905FB82EF5560000054069180D175B
:10413000E1181905162537254A1700005418EC1800
:1041400004306407EA188E005F02DB56001093000B
:104150004C022FB991BC910A0242B3983D010F0065
:1041600004BC8FB81050012E8A004132F001900E2D
:104170002F7029A002D468F7831AB362DAC7B30696
:104180002CFB6F0092A8011216100468F7012E0391
:10419000340FB8F05F210234B82E31552F20005172
:1041A000A140838A42DABE62414141438B230B28FE
:1041B0000000BD6341510A1442B8BD424111425A48
:1041C0000A010100026CA350013F02405108114254
:1041D000013201423E080080213192BC42002E3162
:1041E0002520503353052E8B83A88210530267B4C9
:1041F000102540424E232EB68216E0D2D280128283
:104200000008A0504A25368DFB7F053105C2240BDE
:1042100030550904008B43131C7B7F40B38B7FE236
:104220007FD67F622F0510502E8C008172B2B07F36
:104230000430335129020EC12274C40000B7355B2B
:10424000B06FC16F04303755544342874400404338
:10425000FF8A5A0EF92F292E8D00D66F4A026C0A5A
:1042600000002F124014400540627F747F857F1646
:1042700025E0011012F4D3B3442D1140617F1130B9
:104280001582708D00390050890040757F512835A6
:1042900057C47F80C22C23023E94000441D240A325
:1042A0007F4C17C34096026821C1A36FB201104230
:1042B00086966FD142B37F740E8042EE32D88D0065
:1042C000420000A21E2FD16F3551C46F023051251C
:1042D000034012000042B1B906406FBFDE0A5343EB
:1042E00012426C0EF546A32F057033628D00092231
:1042F000742302FA031495CF1122A08C1206000039
:10430000605FB82E605147888E8A3F513D5D3028EE
:1043100000A0E17FD27FC57FC38A8B845682BBC257
:10432000B89202940000747F657F1E8D404000901B
:10433000592F3955C1402000537F467F340298D908
:10434000C0C16F7D884340DB52800002309304146B
:104350007F200214FEC9126F102590400008824091
:104360008228982EFEC9226FE3248A0FCA436F0069
:1043700001126FDB528240C0420D18416F41823BF7
:1043800055404003427980DB521004428202420DC4
:1043900024136F3D55DB521810D0420304200954FA
:1043A000036F415FC042F7524C226F1100006F3D16
:1043B0005B3F593B5D3D57982E67CC346F650000DD
:1043C0006FA16F466F536F0043C1860189828D5D77
:1043D00000000E9D2FAB83FD840A252A80A27F1B3F
:1043E000306A0000844B42807FC07F4132A06F84DE
:1043F000400340230000019442CB168440E3028333
:1044000042D100114039100155537FA00270D9C02C
:10441000911260534054405540560000404740962A
:104420000597047C8EF27F977F202551410012D0A2
:1044300067CC816F52624C817FD33D606FA46F93D4
:10444000400000600E4132D4928481400828716F90
:10445000904243000086827F737F02A0E26F0330A8
:10446000242F9440800000408817153075092501DD
:10447000C30241B89E885400C17FBFBD3955617FDA
:10448000438236D9C04155F2045A0BCE0008526F10
:104490000330616FA184746F9362AC93424C0EA899
:1044A00081DB2F8322E2810280B312866348B3C08E
:1044B000A16F7D8203B20080B3C000A0B552082274
:1044C000A26F616F507FB3423820800FCAA26FA0E5
:1044D000020A4353982E5ACAC16F8402D20A11C2EB
:1044E00012DA4102144240114113CE0FCAC2724C7B
:1044F000102841104040826FC00218982E0FCA4108
:104500006F346F7202DC6200010EE92F626F516F2F
:10451000841210FEC91025B330210140425E0FCA3B
:10452000816F20254780002E214080021A790400E7
:10453000B383027245559104C280E66F9383C340F2
:104540001A00000F058A817F928500401130072FE5
:104550003F80000000A880420030092F9042082CC4
:1045600080420180024001A080422030010210817F
:1045700002CEC06E4755820F32002030032FB06E3E
:104580004957030F152FA16E53DC74C00028D16F5B
:104590004A82756F4140C10FE602BA1192BEB06EF9
:1045A00020004B55820E12022CC06E00A4002F2258
:1045B000304341000094898B81768BC090727F04D8
:1045C0002F3787CC8E0000C242C14302438D8F43F8
:1045D00041C0B2478B677F000098877525152F056E
:1045E0004042B3012F4391102F0000998B80B2C13C
:1045F00042022F02304243092D424124029128B247
:10460000E9A40302EA0530850290726FC541151ACC
:1046100000409A8B958DB625F78D7B25032F12438D
:1046200052CC430000242DC4412129C443F8890001
:104630002E044100B30020022F01304143042D44D9
:10464000416128415232C141801053AC072FC34011
:10465000C0E2A246A00B2F42BBA4082F00000A888C
:104660000387C28A013002420143C1424143020032
:10467000013290906F39868241C04008BC08B8086A
:1046800004000083BE80B284895151C582D26F90EC
:104690007F557F0001447F092F836F002E024A90CF
:1046A000042F4F5981840000347F132C834083846E
:1046B00003308440C8BED8BA1000DD049040020A1E
:1046C000BA33BE347FBE844D5908B80000D3BE83D0
:1046D0004003BC957F778A137F257F007F8000F49D
:1046E0007EB3304140A222280FCAE46FD16F0A8501
:1046F00000004582C36F0C89980EE17ED27E042FA4
:10470000D06E0920C2B24000C2340030102C0043E9
:1047100000411202300228800498B80043010E06BE
:1047200002201130525830726F124240800142B361
:1047300030116F054CE26FC16F8E84080F08421173
:1047400081C23200301112D6E16E8092CC98BC0149
:104750008098B812E401400244606F028202306225
:1047600042133042420312584010046F3E8401420B
:10477000228A28B16E02420E74C0A16EC001C0220E
:104780004074C093540200C26F900EB16EC162CAF1
:1047900073A60400C06F13DE1230C06EF46EA16EFB
:1047A000A17F840E1400002FC36F916F990F033007
:1047B0000F2F516FC36F99C0180E03300A2F01825B
:1047C000400314052F31030A0214002F1304003094
:1047D0002422D204414ABE4FBBE56F7C8E5C8980A7
:1047E0000014B3C741947FE77F1430160234C1220E
:1047F00008C29106010072D2002E864180B31630A5
:10480000002F0630C3B35D00008F0B30477F5B8BFA
:104810005B7F2C2F0B30776FC00000B35B7F272F9F
:1048200080B30630232F876F0630C7004441C09104
:10483000072FE66F8291062280766F8302081600AA
:10484000412F9A0A80B2063012223E063082408002
:1048500012FCD700006ED2870230E442C28CC24301
:10486000BB8F8243C200008D7B6F8243CB42C24329
:104870001630567F002E4240104082AC4D84637249
:10488000D2022F566F802248C28CC10C0242812274
:10489000420340902EC0B7D212FE82402ABD2FB9EB
:1048A000048080B2031043417285C290072F746F59
:1048B00001B302C405890208000208122FC1901436
:1048C000028A746F030E0B2FC3020E000A072F73A8
:1048D0006FC1B21430040208C20208002F04300075
:1048E0000100B3272FD36FC68E225241D541C64156
:1048F000D4410000C741B8BD68BFF8BFB8B968BBB4
:10490000F8BBCB040000D8BA8E0548BAF3BFB3BDDC
:10491000D3BE63BF43BE0000870E092FC06F840F54
:10492000062F860E042FA06F0000850F012F030FA6
:10493000042F936F2030D142507F0000C142002EDF
:104940008040908400B28240012F80B202182B0276
:1049500004272F0090252F406F122238235C0290ED
:1049600005B1600284C1B2100206331201222A731B
:104970006FC0B208B2D6051A031114021AC2B200EF
:1049800032888090926F02020E43922881420D007D
:10499000012C20300B2C506F0902041330416FE2C0
:1049A0006F53100042424202020E506FBB6FA05E76
:1049B000B82EB13281000000033011301342420E94
:1049C000FC2F2680535502880742398075FE10500F
:1049D000FB2254A2F20270D37C9400FB6FF00145DD
:1049E00062EE012E950000A602428E21020A012EDF
:1049F00094A4920100082EC0F50CBC0CB8713008CC
:104A00000432E41E113008CA101403200082B2944C
:104A1000000252022C802E00C10304FD2D01000073
:104A20002E5DF708BC80AC0EBB022F003041048223
:104A3000080006C0A422FE2F40A9032F40910D2F8D
:104A400000A70B01202230DB58022F90A126132053
:104A5000238090B2BA2FCC04000E00022EB82EE3B1
:104A600056DD54D040C4400B2EFD0000F3E35290BD
:104A700042944295420530E5500F880600104004EC
:104A8000419642C54248BE73300DB2F04FBA84051C
:104A900001323281221A2B2E6FF506B2A477F7E18C
:104AA0005693082500042E77F7DF54252EC2F5070C
:104AB00002444230B433DA10100A4C0027020C438F
:104AC00040D43FDC08431298002E43004440243079
:104AD000DC0A4342048003021A4A0A2302066126C2
:104AE000023402CC021ED051131ECF0D5A52C8F60A
:104AF0000D6B87ED540200E1B2A4B37FB288E75298
:104B0000C27F658BE956847F822061B25AD07F953F
:104B10007F533230EB54816F4222B4534000004542
:104B20008C42409041BB838641D804160600AC04F9
:104B300000817F5342D3041006C1840130C1020BAF
:104B4000160400000914019902C1B9AFBC590A64E6
:104B50006F5143A10009B412411341414335D2FCC6
:104B60002631B3A4982E37CA0000326F756F834088
:104B70004241237F127FF630402504005125031661
:104B8000146F2005706F256F6907A26F3110006FD9
:104B90000B3004B2F68B425542327F40A9C36F718D
:104BA000A100B2C0D040C37F1366151266132F0058
:104BB000A4112F84BD0000982E79CA556FF5545466
:104BC000418200F33F45418800CB02F662F637CAC6
:104BD000337290C142032C0043A46F020033324C65
:104BE000426F556F9140428B00414100014302806A
:104BF0005502D8C14095404D02C56FF350680E75FF
:104C000092602000A37F8A2F09127A01B3222FED30
:104C100058906F173020801341B66FE402FA91412B
:104C200014409241154017128A0A20B6C2D4CB22F2
:104C30005E000C0715C26F140B290214C3A30018E1
:104C4000C18FE46FD06FE62F1430050210051644B3
:104C50002DEF0000540132F558053097508340D8AD
:104C6000089101B80000BD38B5E67F0A16B16F2A79
:104C7000BBA6BD1C01060014BC5240060A534045A9
:104C800003B1120898121A1ABD160000B686BA00AF
:104C9000A9AA0AB5520F2F0091B5520300002FB5F3
:104CA0005A550FB552082F3FA1042F3F9103000022
:104CB0002FF558D40F002FF5541225F233982ED922
:104CC0000000C0E46FF5374509218505430530F143
:104CD000525182820E0374C52F935409222A220254
:104CE000A077F7FB6F3032320500B3908222F2FBDF
:104CF0007F5D2F01B2542F02B24E2F03000090634C
:104D00002FFB50398202408188FD5441400340000E
:104D1000570442002E94121AD8BE2C0B45406C0149
:104D2000550000420C1745402C035442530EF22FFD
:104D300005573E000082E240C34028BD930A43402D
:104D4000DA0053428A40001643409A02520236412A
:104D50004093544A0E3B2F3A040082006248212EB1
:104D6000A40F40B20A2F982E610C9800012E2C0E31
:104D7000982E460EFB32860030802EC7030100209D
:104D800055F75683428F867430FF54C442A39282F3
:104D9000000000A1422330272E8500212E8400BA76
:104DA00082182C082881423032828200132D213053
:104DB00000A2B482021A7BF708000C2D7712E01FC4
:104DC0000CF9500C8212304042252EE04082002F18
:104DD0002E7B02E433E2D41486FB7FE132620226AA
:104DE000C20000C49756A56FAB08916F4B080757D8
:104DF000C46F230000094DBA93BC8C0BD16F0B0913
:104E0000ED52095F56040042AF021223BD940AE539
:104E10006F68BBEB08BDB9630000BEFB6F5242E395
:104E20000AC02E4342905FF3500300002E25F31278
:104E300040004028BA9BBC88BD93B4E300880A892F
:104E40001608B6C02E1900620245665D0D01028289
:104E5000028A31423CFB6F0130F05F2302BE210227
:104E6000C6B82E010206120003020E480E52202E72
:104E7000050EB82E0B51013E024000C051082234ED
:104E80004A0A0142C132010021300210020C011015
:104E9000021C53F03B424010084042003E030812FF
:104EA000308200020A4242C2320D594A0072A043C7
:104EB0001043D23F4300084000439A083D894242D4
:104EC000C02E72B02E015300012412027C86DD52E6
:104ED000092E8F0FE3124AD386A3AC944244008577
:104EE00042038442402532F8C0427E82052E79007A
:104EF000808102D2FE052E090127BD625490E38E07
:104F00006FF50C2D072E8000900F14301C09052220
:104F10002EE15647BE9308940A820025020C0F55D5
:104F200050424A525AB82E505002304386800A0DE1
:104F300051FB7FE37FD2B236B132124112144804E2
:104F4000982E000074C01EAAD36F1430B16FE322F4
:104F5000C06F52400000E46F4C0E1242D37FEB2F23
:104F6000032EA50F40900A0011629C23020A022C16
:104F70000030D06FFB6FB05FB82E00204050F17F43
:104F80000A253C86EB7F41332214A6D36F0000F440
:104F900030DC091359C26F940915596ABBDC08004B
:104FA00000B4B9B1BD115B950821BDF6BF770B51B7
:104FB000BE4800F16FEB129854421398C05FB05096
:104FC0001A257986F310007FEB7FA10642936F9735
:104FD00052190938B9D108A500506F58B96909515B
:104FE00008B354547F6342C68132B03A000025F5BD
:104FF00080B27F82301140C07F982EE7028300008C
:10500000BCDB504800B26FC06FF36F430E9142F0AB
:1050100000002FEB6FC02ED06F505F5050215151C8
:105020003011400042FB7F7B300B229802802333FB
:10503000014203000700102E8003052E8100BB52A1
:10504000E27FD31204982EA140010ED16F080AD03E
:105050000250C2040A1A257B86D07F012C0233122B
:1050600004D2031C008208E36F01023A5130C78664
:10507000232E900021F208BCD3023F03721C2ED0D5
:105080002EB06F0BB803000D2E1B00081AB07F70F6
:1050900072AE210222051A982E6DC00088982E5DEE
:1050A000C01751982E44CB19020646C31B020600B6
:1050B0000053C780302026C16F053161250B57553D
:1050C000420020E2374242F9821D59C4428043E146
:1050D000028AE9030000E16F00314340180A4042B0
:1050E000F237092E5EF700002357A2082551C2426D
:1050F000C530154222334A000020FC860B40323076
:10510000C2420B42E07FD1023200030804D16F801B
:1051100022440330E06F1F5582282E002E01892083
:1051200000620EFA2F4302FEFB6FC02E0142B05FF9
:10513000B44800000000A25500007D6F0000A8FFE9
:10514000FFFF4E0100000000280000006EE7FFFF97
:1051500076F3FFFF7CF47CFEFFFF020F0F030F10BE
:105160000F100610802E755C0F080F100F100F1017
:105170000F100F101F000F100F100F100F10031043
:10518000FD2D190006003200070064000000080031
:10519000C800090090010A0020030B00400004062B
:1051A0000C00800C0D007D000402D8803DFA000345
:1051B00041080208003EF401020208803EE80312A2
:1051C0003500003FD0024207020F00803FFE01FC85
:1051D000000304F801FD00070406FD20031B000284
:1051E000610408060E034F021007070606060404B2
:1051F000030D0100FCC30100127603560B04022BC1
:10520000030F0F07022D021300000164040702BF01
:10521000F71F04080F0E0515900642040E02E20562
:105220000805060F1C051605060D1CD0070A08E127
:10523000D7A33C0704BD37863507040024F449088A
:1052400004053B0A060C30803F050D0508DDB5045A
:10525000BB7D1D902705140F060000F83F9595E6CD
:105260000F1C08250F38081902090F38021308030C
:105270000F3808190209CCBCC0F18C2C6F12833B8B
:10528000020B0F03041017B7D10F1C041803050FEE
:1052900038FF15031407040F38071803080F3803E5
:1052A00014070402383A040C08040600DB0F000C53
:1052B0004940F366DF3EC2B8B23D12F5242488644B
:1052C000D53F0060DC0C7B3FBAFCEB3E01020408DA
:1052D0001002192396520000205DBF522095EEDC8B
:1052E0002F0E0EBF1283DABF00201206F500000E4B
:1052F0000E00400180004003500E0E0000999A9B62
:10530000789E71A0727075A4A57DA6666700C068BE
:1053100069909C6E6F797A7B7C76746B6A03240348
:10532000042AC8C812B4480232C802044841000026
:10533000C802044842020802044C00484302080222
:105340000448440208440208090B1112141A807F11
:105350001B1E2124272A2D033D3432030926F23255
:105360005A030E22AD050700BF6D03AC030B345288
:105370000209344302080902040303050305020479
:105380005B020403031FDBB60305020420020403CF
:105390000321030502041C020403031D0305020488
:1053A0001E0204555523EB0D06080F0608110608CA
:1053B0000A06080B06080C060810060812B5AA060D
:1053C000080E06085C020803AC1606081806081A40
:1053D0000608130608140608AABA150608190608CE
:1053E0001B06081706085D0208040204536C030834
:1053F00029020C557503082A060822060823060808
:105400002406082506082606083321133C2B1B0E0C
:10541000021003082C0608137E65787066020F03DD
:105420000312C400BF80710401313F0204BFD1F7F1
:1054300017370204B7706F77006C6F0A0067072494
:105440004B0229CB30004E414E006E616E00490088
:10545000004E4600696E6600B033A1003A030000BA
:1054600000622A0002010A060F02060D03050A0562
:1054700010110207F00204E8030080280010270042
:10548000000300A00020491300CC020400AAA04899
:105490001300704A1300DC02085C0204200204E8D6
:1054A00002042638AC0204023300980208404C1370
:1054B00000F0020803100B04ECCF2600A00B0F0A2B
:1054C0000C803E090D48430000C83F0000D007D5BE
:1054D000900714010209FF030403020506031A01E1
:1054E00010000F01010A0512160021020705C00075
:1054F00002C019000378020010F51200C00010F875
:10550000120080F1120010FF1200880208E0F01271
:10551000145400A0020490020C90221300080220F0
:1055200028020C280220980782020802470C03C4B4
:10553000D1A00068D00FC40000B81E050BC020CF5A
:105540004400004841027A0008063E03C004040AF1
:10555000C019010FC0126813000FC00230102703DA
:10556000C0800068131300E81C13003400001013FF
:10557000001C2013000C121300B40B1300C0506069
:1055800008130014020C3C021808191300100F0233
:105590002802201C65BC0214000E0108D20FC005B1
:1055A000216666661270050C02BC02C0C802C0DC2F
:1055B00089D007178204BC021F010290020704036E
:1055C00024010FC00000250FC09375023005C023D1
:1055D000000301200602B802042C0204180204038E
:1055E000140704743F2C1280070C0F080B101F8047
:1055F000031C8FC2753D03080504C822404842FCC5
:1056000088000003B60512030A040403050513000D
:105610002E010FC00000210FC0010508C08000B896
:10562000301300D802049C020474321300B055FDFC
:1056300002084C0204040204000201A406089406B5
:105640000802130F0304100FC003155D620DC08024
:10565000128C0FC005CE010AC02F010FC000002020
:105660000FC00AC0B006502C32B40204742B1300D1
:10567000B82E1300980208240204DC68752A13006F
:1056800003017C020C03086C0208C80220A0020877
:1056900003100B04447F623F00061D0FC022441F0D
:1056A00080148E0BC02B010FC00000230FC00AC056
:1056B0001090410313002C0204EC014288020810F0
:1056C0000213009C020C5055FD0204000201F40676
:1056D00008E40208DC022018022002170F033FC072
:1056E00004200FC01F620FC01377040403050432A7
:1056F00000002C010FC00000370FC008C0A04056AA
:105700000018291300300204A82802C81274CC0221
:10571000085802041055FD0204000201B00608A05A
:1057200002083C0220D4020802170F030FC0042015
:105730000FC01F620FC003B704040305043200004A
:1057400031010FC00000390FC008C080184000D0E0
:105750003852D4020438361300A83A1300740208F1
:10576000E85053351300A002040002014002100269
:105770000700300208B802207CF701020803100B72
:10578000044C2F40061D0FC00FC003B701000000DE
:10579000010100000000000000000000703AA100BC
:1057A00097050000003203000201090102050E0303
:1057B000A1800E11080FC8430000C83F0DE8050F77
:1057C0000205070A068C5B13004059130412740289
:1057D0000C04090205B8F574D4A002060F030510E5
:1057E000FC0F800217250204A102040F03027C0BA8
:1057F0008026730A0F200310F8F505801C54050855
:10580000031460F90F8003160504FBFBB30F80023D
:10581000172202040F80021302031C000F800220D3
:1058200000000F800315700F801BFE03150604C8CF
:105830000F800218260400000F80021702030F8059
:1058400002130E030F80DDFE031F800F8003150679
:1058500004C70F800218230F80021405030F800570
:10586000160B060F80DD56031C900F8003150604EF
:10587000CB0F8002180302041300012F63000C8079
:1058800006636E02270F030004F315F82B0030099E
:10589000034E0F2B0510CC0F80021707DFEE16000A
:1058A0000F802E800F80023A000F800414400F807A
:1058B00004160505F10F800217027FDFDD24000FBB
:1058C000800F80022B0A03FF040C1F000315A01F8A
:1058D0008003150604C00F800218FEBB0602811368
:1058E000320F800F80022B0A030F8015880321B02E
:1058F0000F8003150604CD0F80FFBB021803130FA2
:1059000080021702032F0002130E031F00031F5013
:105910001F8003150604F7036DFBEF060C07071C39
:1059200002090F80021302030F8002130E030F807F
:10593000031F600F8003150604F6EFC60F800218E0
:105940001D1F80021405030F8005160B060F800330
:105950001C700F8003150604B6DFF40F8002180CCC
:1059600002041300033F803F8002280F030F8003CF
:1059700020800F800315EDEF0604C30F800218107E
:1059800016000F802F80022B0F033F800420900F02
:105990008004160505F6DDF30F8002170D02041FC3
:1059A00000021302031B80034E003F003900C03F7A
:1059B00000024AFD7D0703CF0F80021963590F8053
:1059C000021702030B80020E80021F02031F8002D7
:1059D00013006EFFA01F0003150604C20F800218FB
:1059E0000F1F80021405030F80051605061F0019FE
:1059F000006ECBD01F0005310406F50F800216158E
:105A000002041300052F8000488A001F80BBED0FA1
:105A1000800980B01F0002600703C40F80021919BB
:105A200016000F80000F80022C0F03BBFD1F8003A8
:105A300020C00F8003150604F20F8002181602041E
:105A40001F00021302031B002F00BBFF1F001900E1
:105A5000E01F80024A0703CE0F800219033A0F802D
:105A6000021702030F800213080377FB0F8003461F
:105A7000051DD01F0005170406C10F800216181F50
:105A800080021405030F80051677FB05060F8009B9
:105A900080F01F0005310406FE0F8002162B020461
:105AA000130002070E033F0033B70E1F020FD4F49A
:105AB00005788B8000FAAF8002290603CA0F8002A6
:105AC000182C16007F6E020B0E030F800E1F020FA4
:105AD0000F80021300100F8003150604F60F8002DA
:105AE000181FFF6E020413008F005F8002270F0350
:105AF0005F800420E02F0004160505C50F80021703
:105B0000207FB716000F800F80022B0F030F800439
:105B100020F00F8004160505FD0F800217280204EF
:105B2000FF6E130002070E032C8053A70E20CF0038
:105B3000051F201F8005170406C90F80021629FFC4
:105B4000DC1600020B0E030F800E1F020FBF800237
:105B50001300300F8003150604D10F800218DC8675
:105B60000520C5801F8012803F021F0603066E803D
:105B70003980DC5313003C006EFF0A1F4E064302BF
:105B800007D00F8002140E06808F000F80022B0AB0
:105B9000030F80358803216E7F100F8003150604E4
:105BA000D20F8002181706806F000F80022B0A03A5
:105BB0000F80098020DBF70F800A36830F80021CDC
:105BC00008F28013321F8002807B00000F01031057
:105BD0006F8003146E7E300F8003150604ED0F8076
:105BE00002189A3402050F030410F3FC0304030D9A
:105BF0000201007F9E001C0A1400B87A13008CDF9B
:105C0000130048D4CEFE1203250F040F1000B60F68
:105C100080022299128002070F030210037C030402
:105C2000020BA4C000040F3A00E4028078020410C2
:105C30000B140004AE1980032E1BFC0F040710F890
:105C40000F460219893000002102DE0304020F0F03
:105C5000030610022173AC060A0B07108A0F780B9B
:105C60001E0F0C0000F90F80022388028020025FC3
:105C7000EFBC0304020F0F030610024226060B0AB4
:105C800007B8890F800A1D0F0B0210E40F80DD2575
:105C900002149C2F00021405038042000304030E2B
:105CA000020F3A00241278647B71D60580C4111467
:105CB00003250F040F1000BF0F4602228F0280231E
:105CC000120003045FCF020F0F0306104E7F06166B
:105CD000402200600204060F0F070F1000B20F8071
:105CE0000222FA529E02803902800304020F0F033F
:105CF0000610060F3A006C12004C020470CFFA0234
:105D00000406250F070F1000B50F4602229F0280E0
:105D10003702800304020F0F030610EB001F00057B
:105D200017A4027C8C0204050E0F06000000000080
:105D3000000000000000000000000000704EA10004
:105D4000360000000032DD000201E00102050E0312
:105D5000D04103111903050F040A10030A0C090BA3
:105D60001800B85613090D0F0A00000000000000CB
:105D7000000000000000000000000000F04EA10044
:105D800005000000012409A100000000F44EA1005C
:105D900005000000011409A100000000F84EA10058
:105DA00009000000011C09A100280CA1000000004E
:105DB000004FA1000500000001300CA10000000010
:105DC000044FA10021000000010C09A100480AA114
:105DD00000640AA1008C0AA100980AA1005C0CA131
:105DE000007C0CA100880CA100000000244FA10041
:105DF0000500000001380CA10000000028CFA00021
:105E0000D4C6FFFF000000000000000000000000FA
:105E1000000000000102030406070809000000005A
:105E20000102030412010001EF020140332815B002
:105E3000000101020301000009025D00030100806E
:105E400032080B00020202000009040000010202F5
:105E5000000405240020010524010001042402029D
:105E6000052406000107058103080010090401004C
:105E7000020A000000070502024000000705820236
:105E80004000000904020000FE01010509210DE89F
:105E900003001001010000000904000002030604D1
:105EA00000120203060401007475645F6364635F9B
:105EB0006E5F77726974655F666C75736800000069
:105EC000636463645F6F70656E00000063646364A5
:105ED0005F786665725F63620000000061C1000860
:105EE00009C200086DC2000891C4000865C6000818
:105EF0000000000009C8000817C800082DC80008E5
:105F0000A9C8000800000000000000007475645F6C
:105F1000696E697400000000636F6E666967757270
:105F20006174696F6E5F7265736574007475645F28
:105F30007461736B5F6578740000000070726F634A
:105F40006573735F636F6E74726F6C5F726571758A
:105F50006573740070726F636573735F7365745FEC
:105F6000636F6E666967000070726F636573735F5D
:105F70006765745F64657363726970746F72000043
:105F80006F73616C5F71756575655F73656E6400D5
:105F9000757362645F6F70656E5F656470745F7067
:105FA00061697200757362645F656470745F6F70BD
:105FB000656E0000757362645F656470745F786617
:105FC000657200007475645F636F6E74726F6C5FEE
:105FD0007866657200000000757362645F636F6EBF
:105FE00074726F6C5F786665725F636200000000B8
:105FF0000000005043000000060000000005000003
:10600000000004404D0000000900000000100000E6
:10601000636865636B5F6477633200006463645F29
:10602000656470745F6F70656E00000074755F6505
:106030006470745F76616C6964617465000020202F
:106040002020202020202028282828282020202028
:1060500020202020202020202020202020208810E8
:106060001010101010101010101010101010040448
:10607000040404040404040410101010101010414F
:1060800041414141410101010101010101010101C0
:106090000101010101010101011010101010104255
:1060A0004242424242020202020202020202020290
:1060B000020202020202020202101010102000006E
:1060C00000000000000000000000000000000000D0
:1060D00000000000000000000000000000000000C0
:1060E00000000000000000000000000000000000B0
:1060F00000000000000000000000000000000000A0
:10610000000000000000000000000000000000008F
:10611000000000000000000000000000000000007F
:10612000000000000000000000000000000000006F
:106130000000000000000000000000000000494EC8
:106140004600696E66004E414E006E616E00300082
:10615000303132333435363738394142434445469D
:106160000030313233343536373839616263646533
:106170006600496E66696E697479004E614E005220
:1061800045454E54206D616C6C6F6320737563637D
:106190006565646564002F6275696C642F676E7550
:1061A0002D746F6F6C732D666F722D73746D333237
:1061B0005F31312E332E72656C312E3230323330F6
:1061C0003931322D313630302F7372632F6E65774F
:1061D0006C69622F6E65776C69622F6C6962632FE0
:1061E0007374646C69622F64746F612E6300426122
:1061F0006C6C6F6320737563636565646564002F01
:106200006275696C642F676E752D746F6F6C732D7A
:10621000666F722D73746D33325F31312E332E728F
:10622000656C312E32303233303931322D313630E7
:10623000302F7372632F6E65776C69622F6E65778E
:106240006C69622F6C6962632F7374646C69622F6E
:106250006D707265632E63000080E03779C341433F
:10626000176E05B5B5B89346F5F93FE9034F384DBC
:10627000321D30F94877825A3CBF737FDD4F157568
:10628000000000000000F03F00000000000024407B
:1062900000000000000059400000000000408F4056
:1062A000000000000088C34000000000006AF840C1
:1062B0000000000080842E4100000000D0126341E5
:1062C0000000000084D797410000000065CDCD415B
:1062D000000000205FA00242000000E8764837423C
:1062E000000000A2941A6D42000040E59C30A242DA
:1062F0000000901EC4BCD64200003426F56B0C434F
:106300000080E03779C3414300A0D88557347643F5
:1063100000C84E676DC1AB43003D9160E458E14356
:10632000408CB5781DAF154450EFE2D6E41A4B44CB
:1063300092D54D06CFF08044F64AE1C7022DB54410
:10634000B49DD9794378EA440500000019000000A3
:106350007D000000232D302B2000686C4C0065660A
:1063600067454647004300504F534958002E002CC4
:106370002066756E6374696F6E3A20006173736591
:106380007274696F6E2022257322206661696C65C4
:10639000643A2066696C6520222573222C206C6982
:0C63A0006E65202564257325730A00003B
:0863AC006CA8FC7F0100000059
:0463B400F5010008E7
:0463B800D101000807
:1063BC00010101001B0000000000000000000000B3
:1063CC0000000000010202001C00000000000000A0
:1063DC000000000000000000010303001D0000008D
:1063EC000000000000000000000000000104040098
:1063FC001E00000000000000000000000000000073
:10640C00020105021B00000000000000000000005B
:10641C0000000000020206021C0000000000000048
:10642C000000000000000000020307021D00000035
:10643C000000000000000000000000000204080240
:10644C001E00000000000000000000000000000022
:10645C00030109031B000000000000000000000005
:10646C000000000003020A031C00000000000000F2
:10647C00000000000000000003030B031D000000DF
:10648C0000000000000000000000000003040C03EA
:10649C001E000000000000000000000000000000D2
:1064AC0004010D051B0000000000000000000000AE
:1064BC000000000004020E051C000000000000009B
:1064CC00000000000000000004030F051D00000088
:1064DC000000000000000000000000000404100593
:1064EC001E00000000000000000000000000000082
:1064FC00050111071B000000000000000000000057
:10650C0000000000050212071C0000000000000043
:10651C000000000000000000050313071D00000030
:10652C00000000000000000000000000050414073B
:10653C001E00000000000000000000000000000031
:10654C000024F400985E0308083F0108103F01087E
:10655C001C3F0108283F0108303F010810000000D3
:10656C0001FF0000D1E800083850002010000C009A
:10657C00000000000000000003000000805200201A
:10658C000000000080520020E852002050530020F0
:10659C0000000000000000000000000000000000EF
:1065AC0000000000000000000000000000000000DF
:1065BC0000000000000000000000000000000000CF
:1065CC00000000000000000000000000D0010020CE
:1065DC00430000000000000000000000000000006C
:1065EC00000000000000000000000000000000009F
:1065FC00430000000000000000000000000000004C
:10660C00000000000000000000000000000000007E
:10661C00430000000000000000000000000000002B
:10662C00000000000000000000000000000000005E
:10663C00430000000000000000000000000000000B
:10664C00000000000000000000000000000000003E
:10665C0043000000000000000000000000000000EB
:10666C00000000000000000000000000000000001E
:10667C0043000000000000000000000000000000CB
:10668C0000000000000000000000000000000000FE
:10669C0043000000000000000000000000000000AB
:1066AC0000000000000000000000000000000000DE
:1066BC008537010861370108000000003D600308C0
:1066CC006D630308AA630308AA630308AA6303089B
:1066DC00AA630308AA630308AA630308AA6303084E
:1066EC00AA630308AA630308FFFFFFFFFFFFFFFF76
:1066FC00FFFFFFFFFFFF000001004153434949002A
:10670C00000000000000000000000000000000007D
:10671C000000000000000000000041534349490004
:10672C00000000000000000000000000000000005D
:0C673C0000000000000000000000000051
:04000005080045DDCD
:00000001FF
