:020000040800F2
:100000000000022049530108294D01082F4D010825
:10001000354D01083B4D0108414D0108000000002D
:10002000000000000000000000000000474D010833
:10003000554D010800000000634D0108714D010895
:1000400099530108995301089953010899530108DC
:1000500099530108995301089953010899530108CC
:1000600099530108995301089953010899530108BC
:1000700099530108995301089953010899530108AC
:10008000995301089953010899530108995301089C
:10009000995301089953010899530108995301088C
:1000A000995301089953010899530108995301087C
:1000B0009953010899530108995301087D4D01088E
:1000C00099530108914D0108A54D01089953010864
:1000D000995301089953010899530108995301084C
:1000E000995301089953010899530108995301083C
:1000F000B94D010899530108995301089953010812
:10010000995301089953010899530108995301081B
:10011000995301089953010899530108995301080B
:1001200099530108995301089953010899530108FB
:1001300099530108000000000000000099530108D5
:1001400099530108995301089953010899530108DB
:1001500099530108995301089953010899530108CB
:1001600099530108995301089953010899530108BB
:1001700099530108CD4D0108995301080000000072
:10018000000000009953010800000000000000007A
:100190009953010800000000000000009953010875
:1001A000000000000000000000000000995301085A
:1001B000995301089953010899530108995301086B
:0401C0009953010846
:1001D00010B5054C237833B9044B13B10448AFF381
:1001E00000800123237010BDB8D40020000000005F
:1001F0002464020808B5034B1BB103490348AFF35D
:10020000008008BD00000000BCD400202464020867
:1002100001F0FF01102A2BDB10F0070F08D010F8B7
:10022000013B013A8B422DD010F0070F42B3F6D1BB
:10023000F0B441EA012141EA014122F007047FF0D4
:1002400000070023F0E80256083C85EA010586EA2B
:10025000010685FA47F5A3FA87F586FA47F6A5FA67
:1002600087F68EB9EED1F0BC01F0FF0102F0070273
:1002700032B110F8013B013A83EA010313B1F8D11E
:100280000020704701387047002D06BF35460338FF
:10029000073815F0010F07D1013015F4807F02BF38
:1002A000013015F4C03F0130F0BC0138704700BF89
:1002B000034613F8012B002AFBD1181A01387047A6
:1002C00081F0004102E000BF83F0004330B54FEA07
:1002D00041044FEA430594EA050F08BF90EA020F74
:1002E0001FBF54EA000C55EA020C7FEA645C7FEA07
:1002F000655C00F0E2804FEA5454D4EB5555B8BF2A
:100300006D420CDD2C4480EA020281EA030382EA9A
:10031000000083EA010180EA020281EA0303362D2C
:1003200088BF30BD11F0004F4FEA01314FF4801CFF
:100330004CEA113102D0404261EB410113F0004F11
:100340004FEA03334CEA133302D0524263EB4303C8
:1003500094EA050F00F0A780A4F10104D5F1200E66
:100360000DDB02FA0EFC22FA05F2801841F10001C1
:1003700003FA0EF2801843FA05F359410EE0A5F195
:1003800020050EF1200E012A03FA0EFC28BF4CF0C6
:10039000020C43FA05F3C01851EBE37101F000457C
:1003A00007D54FF0000EDCF1000C7EEB00006EEB89
:1003B0000101B1F5801F1BD3B1F5001F0CD3490813
:1003C0005FEA30004FEA3C0C04F101044FEA44526A
:1003D00012F5800F80F09A80BCF1004F08BF5FEAF1
:1003E000500C50F1000041EB045141EA050130BDD1
:1003F0005FEA4C0C404141EB0101013C28BFB1F5E3
:10040000801FE9D291F0000F04BF01460020B1FA2D
:1004100081F308BF2033A3F10B03B3F120020CDA00
:100420000C3208DD02F1140CC2F10C0201FA0CF0DE
:1004300021FA02F10CE002F11402D8BFC2F1200C43
:1004400001FA02F120FA0CFCDCBF41EA0C019040F9
:10045000E41AA2BF01EB0451294330BD6FEA040442
:100460001F3C1CDA0C340EDC04F11404C4F120022D
:1004700020FA04F001FA02F340EA030021FA04F33F
:1004800045EA030130BDC4F10C04C4F1200220FA96
:1004900002F001FA04F340EA0300294630BD21FAD4
:1004A00004F0294630BD94F0000F83F4801306BF9A
:1004B00081F480110134013D4EE77FEA645C18BF8E
:1004C0007FEA655C29D094EA050F08BF90EA020F25
:1004D00005D054EA000C04BF1946104630BD91EA1D
:1004E000030F1EBF0021002030BD5FEA545C05D120
:1004F0004000494128BF41F0004130BD14F580045F
:100500003CBF01F5801130BD01F0004545F0FE41D2
:1005100041F470014FF0000030BD7FEA645C1ABF07
:10052000194610467FEA655C1CBF0B46024650EA3E
:10053000013406BF52EA033591EA030F41F400216A
:1005400030BD00BF90F0000F04BF0021704730B5F0
:100550004FF4806404F132044FF000054FF00001C5
:1005600050E700BF90F0000F04BF0021704730B586
:100570004FF4806404F1320410F0004548BF40425B
:100580004FF000013EE700BF42004FEAE2014FEAB0
:1005900031014FEA02701FBF12F07F4393F07F4F8B
:1005A00081F06051704732F07F4208BF704793F08E
:1005B0007F4F04BF41F40021704730B54FF46074A1
:1005C00001F0004521F000411CE700BF50EA0102A4
:1005D00008BF704730B54FF000050AE050EA01024D
:1005E00008BF704730B511F0004502D5404261EBBD
:1005F00041014FF4806404F132045FEA915C3FF4FE
:10060000D8AE4FF003025FEADC0C18BF03325FEA9A
:10061000DC0C18BF033202EBDC02C2F1200300FA4B
:1006200003FC20FA02F001FA03FE40EA0E0021FA70
:1006300002F11444BDE600BF70B54FF0FF0C4CF45E
:10064000E06C1CEA11541DBF1CEA135594EA0C0F10
:1006500095EA0C0F00F0DEF82C4481EA030621EA4B
:100660004C5123EA4C5350EA013518BF52EA033586
:1006700041F4801143F4801338D0A0FB02CE4FF038
:100680000005E1FB02E506F00042E0FB03E54FF068
:100690000006E1FB03569CF0000F18BF4EF0010E60
:1006A000A4F1FF04B6F5007F64F5407404D25FEA5C
:1006B0004E0E6D4146EB060642EAC62141EA55510F
:1006C0004FEAC52040EA5E504FEACE2EB4F1FD0C51
:1006D00088BFBCF5E06F1ED8BEF1004F08BF5FEACF
:1006E000500E50F1000041EB045170BD06F0004681
:1006F00046EA010140EA020081EA0301B4EB5C042E
:10070000C2BFD4EB0C0541EA045170BD41F4801125
:100710004FF0000E013C00F3AB8014F1360FDEBF4A
:10072000002001F0004170BDC4F10004203C35DA26
:100730000C341BDC04F11404C4F1200500FA05F3A9
:1007400020FA04F001FA05F240EA020001F000424A
:1007500021F0004110EBD37021FA04F642EB0601C0
:100760005EEA430E08BF20EAD37070BDC4F10C04EA
:10077000C4F1200500FA04F320FA05F001FA04F2AE
:1007800040EA020001F0004110EBD37041F100019A
:100790005EEA430E08BF20EAD37070BDC4F12005A5
:1007A00000FA05F24EEA020E20FA04F301FA05F20D
:1007B00043EA020321FA04F001F0004121FA04F2B5
:1007C00020EA020000EBD3705EEA430E08BF20EA85
:1007D000D37070BD94F0000F0FD101F000464000BF
:1007E00041EB010111F4801F08BF013CF7D041EA41
:1007F000060195F0000F18BF704703F00046520045
:1008000043EB030313F4801F08BF013DF7D043EA15
:100810000603704794EA0C0F0CEA135518BF95EACB
:100820000C0F0CD050EA410618BF52EA4306D1D152
:1008300081EA030101F000414FF0000070BD50EA71
:10084000410606BF1046194652EA430619D094EAFB
:100850000C0F02D150EA013613D195EA0C0F05D1E5
:1008600052EA03361CBF104619460AD181EA030139
:1008700001F0004141F0FE4141F470014FF00000F1
:1008800070BD41F0FE4141F4780170BD70B54FF08C
:10089000FF0C4CF4E06C1CEA11541DBF1CEA13550C
:1008A00094EA0C0F95EA0C0F00F0A7F8A4EB0504EE
:1008B00081EA030E52EA03354FEA013100F08880E5
:1008C0004FEA03334FF0805545EA131343EA1263AE
:1008D0004FEA022245EA111545EA10654FEA002663
:1008E0000EF000419D4208BF964244F1FD0404F51C
:1008F000407402D25B084FEA3202B61A65EB030578
:100900005B084FEA32024FF480104FF4002CB6EB34
:10091000020E75EB030E22BFB61A754640EA0C00B4
:100920005B084FEA3202B6EB020E75EB030E22BFF4
:10093000B61A754640EA5C005B084FEA3202B6EB35
:10094000020E75EB030E22BFB61A754640EA9C00F4
:100950005B084FEA3202B6EB020E75EB030E22BFC4
:10096000B61A754640EADC0055EA060E18D04FEA82
:10097000051545EA16754FEA06164FEAC30343EA22
:1009800052734FEAC2025FEA1C1CC0D111F4801FEF
:100990000BD141EA00014FF000004FF0004CB6E7E8
:1009A00011F4801F04BF01430020B4F1FD0C88BF87
:1009B000BCF5E06F3FF6AFAEB5EB030C04BFB6EB92
:1009C000020C5FEA500C50F1000041EB045170BD85
:1009D0000EF0004E4EEA113114EB5C04C2BFD4EBB2
:1009E0000C0541EA045170BD41F480114FF0000E36
:1009F000013C90E645EA060E8DE60CEA135594EAB2
:100A00000C0F08BF95EA0C0F3FF43BAF94EA0C0FB4
:100A10000AD150EA01347FF434AF95EA0C0F7FF429
:100A200025AF104619462CE795EA0C0F06D152EA7D
:100A300003353FF4FDAE1046194622E750EA410661
:100A400018BF52EA43067FF4C5AE50EA41047FF472
:100A50000DAF52EA43057FF4EBAE12E74FF0FF3CD7
:100A600006E000BF4FF0010C02E000BF4FF0010CA8
:100A70004DF804CD4FEA410C7FEA6C5C4FEA430C21
:100A800018BF7FEA6C5C1BD001B050EA410C0CBF70
:100A900052EA430C91EA030F02BF90EA020F0020D2
:100AA000704710F1000F91EA030F58BF994208BF39
:100AB00090422CBFD8176FEAE37040F001007047F6
:100AC0004FEA410C7FEA6C5C02D150EA013C07D14D
:100AD0004FEA430C7FEA6C5CD6D152EA033CD3D098
:100AE0005DF8040B704700BF8446104662468C4692
:100AF0001946634600E000BF01B5FFF7B7FF0028C5
:100B000048BF10F1000F01BD4DF808EDFFF7F4FFED
:100B10000CBF012000205DF808FB00BF4DF808ED78
:100B2000FFF7EAFF34BF012000205DF808FB00BF9B
:100B30004DF808EDFFF7E0FF94BF012000205DF8BD
:100B400008FB00BF4DF808EDFFF7CEFF94BF012072
:100B500000205DF808FB00BF4DF808EDFFF7C4FF6B
:100B600034BF012000205DF808FB00BF4FEA410CB4
:100B70007FEA6C5C02D150EA013C0AD14FEA430C97
:100B80007FEA6C5C02D152EA033C02D14FF00000D4
:100B900070474FF0010070474FEA410212F5001212
:100BA00015D211D56FF47873B3EB625212D94FEAB4
:100BB000C12343F0004343EA505311F0004F23FA9E
:100BC00002F018BF404270474FF00000704750EAF3
:100BD000013005D111F0004008BF6FF000407047B0
:100BE0004FF00000704700BF80F0004002E000BFFF
:100BF00081F0004142001FBF5FEA410392EA030F08
:100C00007FEA226C7FEA236C6AD04FEA1262D2EB51
:100C10001363C1BFD218414048404140B8BF5B4256
:100C2000192B88BF704710F0004F40F4000020F0EF
:100C30007F4018BF404211F0004F41F4000121F005
:100C40007F4118BF494292EA030F3FD0A2F101024F
:100C500041FA03FC10EB0C00C3F1200301FA03F18D
:100C600000F0004302D5494260EB4000B0F5000FB0
:100C700013D3B0F1807F06D340084FEA310102F16F
:100C80000102FE2A51D2B1F1004F40EBC25008BF21
:100C900020F0010040EA03007047490040EB0000EB
:100CA000013A28BFB0F5000FEDD2B0FA80FCACF1EC
:100CB000080CB2EB0C0200FA0CF0AABF00EBC25019
:100CC00052421843BCBFD0401843704792F0000F07
:100CD00081F4000106BF80F400000132013BB5E75A
:100CE0004FEA41037FEA226C18BF7FEA236C21D0D0
:100CF00092EA030F04D092F0000F08BF0846704735
:100D000090EA010F1CBF0020704712F07F4F04D102
:100D1000400028BF40F00040704712F100723CBF15
:100D200000F50000704700F0004343F0FE4040F43F
:100D3000000070477FEA226216BF08467FEA2363FD
:100D40000146420206BF5FEA412390EA010F40F4E8
:100D5000800070474FF0000304E000BF10F0004334
:100D600048BF40425FEA000C08BF704743F096431B
:100D700001464FF000001CE050EA010208BF704736
:100D80004FF000030AE000BF50EA010208BF7047BD
:100D900011F0004302D5404261EB41015FEA010CD2
:100DA00002BF84460146002043F0B64308BFA3F1CA
:100DB0008053A3F50003BCFA8CF2083AA3EBC253AC
:100DC00010DB01FA02FC634400FA02FCC2F12002CB
:100DD000BCF1004F20FA02F243EB020008BF20F002
:100DE0000100704702F1200201FA02FCC2F1200268
:100DF00050EA4C0021FA02F243EB020008BF20EA5D
:100E0000DC70704753B94AB9002908BF00281CBFDD
:100E10004FF0FF314FF0FF3000F070B9ADF1080C2A
:100E20006DE904CE00F006F8DDF804E0DDE9022308
:100E300004B070472DE9F047089E0D4604460F4662
:100E4000002B4AD18A42944665D9B2FA82F343B163
:100E500002FA03FCC3F120029F4020FA02F217437A
:100E60009C404FEA1C4E1FFA8CF5B7FBFEF1220C9A
:100E70000EFB117742EA074201FB05F090420AD9C6
:100E80001CEB020201F1FF3780F01C81904240F21E
:100E9000198102396244121AA4B2B2FBFEF00EFBB1
:100EA000102244EA024400FB05F5A5420AD91CEBD6
:100EB000040400F1FF3280F00781A54240F2048172
:100EC0006444023840EA0140641B00211EB1DC404A
:100ED0000023C6E90043BDE8F0878B4208D9002E05
:100EE00000F0ED800021C6E900050846BDE8F08766
:100EF000B3FA83F1002949D1AB4202D3824200F216
:100F0000F880841A65EB030201201746002EE2D018
:100F1000C6E90047DFE702B9FFDEB2FA82F3002B31
:100F200040F090808A1A4FEA1C471FFA8CFE01217C
:100F3000B2FBF7F507FB1520220C42EA00420EFB3C
:100F400005F0904208D91CEB020205F1FF3802D2ED
:100F5000904200F2CB804546121AA4B2B2FBF7F0E1
:100F600007FB102244EA02440EFB00FEA64508D906
:100F70001CEB040400F1FF3202D2A64500F2BB8054
:100F80001046A4EB0E0440EA05409FE7C1F120079C
:100F90008B4022FA07FC4CEA030C05FA01F420FA14
:100FA00007F3FD404FEA1C492343B5FBF9F81FFA4C
:100FB0008CFE09FB18551C0C44EA054408FB0EF591
:100FC000A54202FA01F200FA01F00BD91CEB04046D
:100FD00008F1FF3A80F08880A54240F28580A8F1B0
:100FE00002086444641B9DB2B4FBF9F309FB13448B
:100FF00045EA044403FB0EFEA64508D91CEB040495
:1010000003F1FF356CD2A6456AD9023B644443EA3A
:101010000843A3FB0295A4EB0E04AC42C846AE46BF
:1010200056D353D056B1B0EB080264EB0E0404FA69
:1010300007F7CA40CC401743C6E9007418460021A0
:10104000BDE8F087C3F1200102FA03FC20FA01F2A7
:1010500025FA01F19D402A434FEA1C471FFA8CFEF6
:10106000B1FBF7F007FB1015110C41EA054100FB3D
:101070000EF58D4204FA03F408D91CEB010100F1CE
:10108000FF382FD28D422DD902386144491B92B2CC
:10109000B1FBF7F507FB151142EA014205FB0EF122
:1010A000914208D91CEB020205F1FF3816D2914299
:1010B00014D9023D6244521A45EA004138E73146EC
:1010C000304608E73946E6E61046FBE64845A9D231
:1010D000B9EB020865EB0C0E013BA3E74546EAE7D6
:1010E0002B4694E74046D1E7D0467BE7023D624479
:1010F00032E708460AE76444023842E7704700BF17
:1011000080B48FB000AFF860B9607A603B600023B4
:101110003B6100233B753B687B637A6B3B6C1344FC
:101120007B62BB683B623A6A7B681344FB61BB68C5
:101130003B633B6B0133FB620023FB76012387F8A3
:101140002B30BB68002B02D03B68002B0AD1012357
:101150003B75FB681A4607F1100393E8030082E829
:10116000030066E03B6C002B40D0FA6AFB699A42B0
:1011700005D33B7D43F00203DBB23B7536E07B6B6E
:101180005A1C7A631B78FB76FB7E002B0FD13B6BDE
:1011900097F82B201A70FB6A5A1CFA623B630123F2
:1011A00087F82B307A6B7B6A9A42DED31EE0FB6AAB
:1011B0005A1CFA62FA7E1A7097F82B30013387F8BE
:1011C0002B307A6B7B6A9A420FD297F82B30FF2B29
:1011D000CBD13B6B97F82B201A70FB6A5A1CFA6232
:1011E0003B63012387F82B30BFE700BF3A6BFB69F5
:1011F0009A4207D33B7D43F00203DBB23B75FB69A8
:10120000FB620AE03B6B97F82B201A70FB6A5A1CB2
:10121000FA623B633B6B00221A70FA6A3B6AD31A8C
:101220003B61FB681A4607F1100393E8030082E86C
:101230000300F8683C37BD465DF8047B704780B416
:101240008FB000AF78607B681A897B681B681B8A47
:101250009A4201D3002356E17B681B681A687B68B9
:101260005B899B0013441B68FB62FB6A1B0ADAB2B2
:101270007B689A75FB6A03F00303022B5AD0022B9A
:1012800000F29480002B02D0012B1FD08EE07B68EF
:1012900001229A82FB6A9B089BB203F03F039AB239
:1012A0007B681A82FB6A1B0E5BB203F00F0387F8A0
:1012B0003330FB6A1B0CDBB27B63FB6A1B0F9BB2F8
:1012C00003F00F039AB27B685A82B4E07B681B6814
:1012D0001A687B685B8901339B0013441B68FB61C0
:1012E000FB6A1B0C9BB2C3F30B039AB27B689A8216
:1012F000FB6A9B089BB203F03F039AB2FB691B0F8A
:101300009BB29B019BB213439AB27B681A82FB6A21
:101310001B0F5BB203F00F0387F83330FB699BB2FE
:101320007B63FB691B0C9BB2C3F30B039AB27B6814
:101330005A8280E07B681B681A687B685B8901338E
:101340009B0013441B68BB627B681B681A687B6840
:101350005B8902339B0013441B687B627B681B68BC
:101360001A687B685B8903339B0013441B683B62EC
:10137000FB6A1B0C9AB27B689A82FB6A9B089BB241
:1013800003F03F039AB2BB6A1B0A9BB29B019BB25C
:1013900013439AB27B681A82BB6A87F833307B6A40
:1013A0007B633B6A9AB27B685A8244E07B681B6825
:1013B0001A687B685B8901339B0013441B68BB611F
:1013C0007B681B681A687B685B8902339B00134447
:1013D0001B687B617B681B681A687B685B890333C9
:1013E0009B0013441B683B617B681B681A687B6821
:1013F0005B8904339B0013441B68FB60FB689AB253
:101400007B689A82FB6A9B089BB203F03F039AB207
:10141000BB691B0A9BB29B019BB213439AB27B68C8
:101420001A82BB6987F833307B697B633B699AB268
:101430007B685A8200BF7B685B68002B06D17B68A3
:1014400000229A617B6800221A6241E07B685A6838
:101450007B6B1A447B689A6197F93330002B08D074
:101460007B689A6997F933305B421A447B681A6249
:101470001AE07B689B7D03F03003202B11D17B6841
:101480009B7D03F0C003002B05D07B689B7D03F0A0
:10149000C003802B05D17B6803F114027B681A62BC
:1014A00002E07B6800221A627B689B7D03F0C00328
:1014B000802B09D17B689B69002B05D07B689B69D9
:1014C0001A687B68DA6103E07B689A697B68DA6195
:1014D0007B689B7D03F00F03082B05D07B689B7D09
:1014E00003F00F03092B0AD17B681B685A687B68DD
:1014F000DB899B0013441A687B685A6202E07B68B0
:1015000000225A62012318463C37BD465DF8047B31
:10151000704780B485B000AF78607B681B89013369
:101520009AB27B681A817B681A897B681B681B8A60
:101530009A420CD37B6800221A817B6800225A8170
:101540007B680022DA817B6800229A813CE07B681C
:101550001B681A687B685B899B0013441B68FB60EF
:10156000FB681B0AFB72FB6803F00303012202FA0B
:1015700003F33B817B685A893B8913449AB27B68A9
:101580005A817B689A89FB7A03F03003002B0CBFE9
:1015900001230023DBB29BB213449AB27B689A8189
:1015A0007B68DA89FB7A03F00F03082B04D0FB7AFF
:1015B00003F00F03092B01D1012300E000239BB2AC
:1015C00013449AB27B68DA8100BF1437BD465DF8D8
:1015D000047B704780B584B000AFF860B9607A6072
:1015E00028220021F86821F0D7FCFB68BA681A604D
:1015F000FB687A685A60F868FFF721FE03461846D0
:101600001037BD4680BD80B586B000AF78603960C8
:101610003B681B689B683B613B691B681B68FB6000
:10162000FB681B0A03F0C003802B09D13B6804331D
:101630001A4639697868FFF7CDFF0346FB7508E065
:101640003B685B681A4639697868FFF7C3FF034651
:10165000FB753B6803F10C027B681A62FB7D184640
:101660001837BD4680BD80B582B000AF786078681D
:10167000FFF74FFF7868FFF7E2FD7B681B89002BBF
:1016800014BF01230023DBB218460837BD4680BDD6
:1016900080B485B000AF78607B68FB60FB6818465B
:1016A0001437BD465DF8047B704780B584B000AF49
:1016B000F860B9607A607868FFF7EAFF03461A4677
:1016C000B968F868FFF786FF034618461037BD462D
:1016D00080BD80B582B000AF786039603868FFF7B0
:1016E000D7FF034619467868FFF78DFF0346184673
:1016F0000837BD4680BD80B586B000AFF860B960E0
:101700007A607B685B8A082B25D17B68DB697B610B
:101710007B69002B1FD0FB68002B0CD07B691B68FA
:10172000002B08D07B691B687A6904327968F868F5
:101730009847034610E0BB68002B0CD07B691B6800
:10174000002B08D07B691B687A6904327968B86815
:101750009847034600E0012318461837BD4680BD70
:1017600080B586B000AFF860B9607A60FB685B68EE
:101770007B617A697B681A44FB685A607A68B96849
:10178000786921F088FC012318461837BD4680BDD2
:10179000B0B48BB000AFF860B9607A600B4B7B617E
:1017A000BB68BB617B68FB6100233B6200237B62FB
:1017B000FB681D4607F114040FCC0FC523682B608E
:1017C000F8682C37BD46B0BC704700BF61170008F1
:1017D00080B584B000AFF860B9607A607B68002B98
:1017E00037D0FB681B68002B33D0FB68DA687B6856
:1017F0001A44FB68DB689A4207D3FB68DA687B68A7
:101800001A44FB689B689A420BD9FB681B69002B42
:1018100002D0FB681B6900E0134BFA6813610023D8
:101820001EE0FB681B687A68B968F8689847034649
:1018300083F00103DBB2002B0BD0FB681B69002B8C
:1018400002D0FB681B6900E0084BFA6813610023B3
:1018500006E0FB68DA687B681A44FB68DA600123FB
:1018600018461037BD4680BD406402084C6402082B
:1018700080B485B000AF78607B68BB600023FB60FC
:101880000AE0BA68FB6813441B78002B01D00123DF
:1018900006E0FB680133FB60FB68002BF1D00023FE
:1018A00018461437BD465DF8047B7047B0B58CB060
:1018B00000AF786039603B681B6A1B88BB84BB8CB7
:1018C000002B01D101233DE13B689B7D03F0C00368
:1018D000802B10D03B689B8ABA8C9A420BD97B68CC
:1018E0001B69002B02D07B681B6900E0974B7A686C
:1018F0001361002326E13B689B7D03F00F03052B5A
:1019000000F2B3803B681B8A1A460221786800F017
:10191000DDFC034683F00103DBB2002B01D0002382
:1019200010E13B689B7D03F00F03042B03D1BB8CBC
:101930009B00BB6247E03B689B7D03F00F03052BD8
:1019400003D1BB8CDB00BB623DE007F10803002242
:101950001A605A609A60DA601A613B68DB69FB6161
:101960000023FB8526E007F108033968184600F0DC
:10197000EFFD034683F00103DBB2002B10D07B6840
:101980001B69002B02D07B681B6905E0BB69002B3B
:1019900001D0BB6900E06E4B7A6813610023D1E08F
:1019A0003B68DB693A68528A1A443B68DA61FB8D0E
:1019B0000133FB85FA8DBB8C9A42D4D33B68FA691C
:1019C000DA617B69BB62BB6A00221C46154622466F
:1019D0002B46786800F0F7FB034683F00103DBB287
:1019E000002B01D00023ADE07B681B68002B06D1E3
:1019F000BA6A00217868FFF7EBFE0346A2E00023F5
:101A0000FB852DE03B689B7D03F00F03042B05D085
:101A10003B689B7D03F00F03052B0BD13968786879
:101A200000F058FE034683F00103DBB2002B0DD01B
:101A3000002387E03968786800F08AFD034683F068
:101A40000103DBB2002B01D000237BE03B68DB69A4
:101A50003A68528A1A443B68DA61FB8D0133FB8590
:101A6000FA8DBB8C9A42CDD36BE00023FB8564E0FA
:101A70003B689B7D03F0C003802B47D13B689B7D77
:101A800003F00F03072B05D03B689B7D03F00F038A
:101A9000062B3BD13B68DB693B623B68DB691A681C
:101AA0003B68DA613B68DB69002B1CD139687868D8
:101AB00000F036FC0346002B0BD04FF000024FF035
:101AC0000003786800F07FFB0346002B01D0012360
:101AD00000E0002387F8273097F8273003F0010350
:101AE00087F8273006E03968786800F051F9034636
:101AF00087F827303B683A6ADA6197F8273083F035
:101B00000103DBB2002B0DD000231BE0396878689D
:101B100000F03EF9034683F00103DBB2002B02D054
:101B200000230FE000BF3B68DB693A68528A1A4421
:101B30003B68DA61FB8D0133FB85FA8DBB8C9A42E1
:101B400096D3012318463037BD46B0BD586402080D
:101B50007064020880B592B000AF78607B689B7DAE
:101B600087F8453097F8453003F0C003002B40F06C
:101B7000C98097F8453003F03003002B01D10023D2
:101B800000E197F8453003F03003202B08D17B6843
:101B90001B6A1B88002B0CBF01230023DBB2F1E082
:101BA00097F8453003F03003302B08D17B681B6A6F
:101BB0001B88002B0CBF01230023DBB2E2E097F867
:101BC000453003F03003102B15D17B681B6A002BC6
:101BD00011D07B681B6A1846FFF74AFE0346002BAC
:101BE00014BF01230023DBB283F00103DBB203F057
:101BF0000103DBB2C6E07B681B689B68002B01D049
:101C00000023BFE097F8453003F00F03052B1CD8E5
:101C10007B68DB697B630023A7F846300DE0B7F8EB
:101C200046307A6B13441B78002B01D00023A9E0C7
:101C3000B7F846300133A7F846307B685B8AB7F8BF
:101C400046209A42EBD301239CE097F8453003F0FD
:101C50000F03062B0AD17B68DB69BB63BB6B1B8858
:101C6000002B0CBF01230023DBB28BE097F845303B
:101C700003F00F03072B08D17B68DB691B78002B6F
:101C80000CBF01230023DBB27CE097F8453003F062
:101C90000F030B2B07D17B685B8A002B0CBF012342
:101CA0000023DBB26EE097F8453003F00F03082BFA
:101CB00005D097F8453003F00F03092B61D17B68FD
:101CC000596A7B68DA6907F10C031846FFF782FC52
:101CD0000346002B14D007F10C031846FFF73AFF18
:101CE000034683F00103DBB2002B01D0002349E05F
:101CF00007F10C031846FFF7B6FC0346002BEAD1A8
:101D000001233FE097F8453003F0C003802B07D153
:101D10007B68DB69002B0CBF01230023DBB231E0C1
:101D200097F8453003F0C003402B2AD197F845308F
:101D300003F00F030A2B0AD17B68DB691B68FB6386
:101D4000FB6B002B0CBF01230023DBB21AE07B6886
:101D50001B68DB680D4A93420AD17B68DB693B64F0
:101D60003B6C1B68002B0CBF01230023DBB209E096
:101D70007B681B68DB68002B0CBF01230023DBB2F0
:101D800000E0002318464837BD4680BDF71600081E
:101D900080B582B000AF786039603B68DB69002BAA
:101DA00001D1012361E03968786800F0B9FA03468F
:101DB00083F00103DBB2002B01D0002355E03B6828
:101DC0009B7D03F00F030B2B44D801A252F823F0A4
:101DD000011E00080D1E00080D1E00080D1E000843
:101DE000191E0008191E0008251E0008311E0008D3
:101DF0003D1E00083D1E0008551E0008491E000833
:101E00003968786800F08AFB03462EE03968786804
:101E100000F09EFB034628E03968786800F05AFC21
:101E2000034622E03968786800F082FC03461CE033
:101E30003968786800F0BAFC034616E039687868BB
:101E400000F012FD034610E03968786800F052FD9A
:101E500003460AE07B681B69002B02D07B681B6984
:101E600000E0044B7A681361002318460837BD462A
:101E700080BD00BF7864020880B582B000AF786092
:101E800039603B681B68DB68002B18D03B681B6817
:101E9000DB683A68796800209847034683F00103BD
:101EA000DBB2002B0BD07B681B69002B02D07B6858
:101EB0001B6900E0044B7A681361002300E00123F2
:101EC00018460837BD4680BD8C64020880B582B0D4
:101ED00000AF786039603B689B7D03F03003302BA6
:101EE00008D13B681B6A1A883B681B8A9A4226D035
:101EF000012359E03B689B7D03F03003102B1ED17A
:101F00003B681B6A002B0CD03B681B6A1846FFF726
:101F1000AFFC034683F00103DBB2002B0FD001239B
:101F200042E03B689B7D03F0C003002B07D138687B
:101F3000FFF710FE0346002B01D0012334E03B687D
:101F4000DB69002B13D13B689B7D03F03003002B32
:101F50000BD17B681B69002B02D07B681B6900E0FA
:101F6000134B7A68136100231EE001231CE03B68D9
:101F70009B7D03F0C003402B05D139687868FFF7DB
:101F80007BFF034610E03B689B7D03F03003202B72
:101F900005D139687868FFF789FC034604E03968A1
:101FA0007868FFF7F5FE034618460837BD4680BD42
:101FB0009C64020880B58CB000AF7860396007F18E
:101FC000080339681846FFF784FB034683F00103D2
:101FD000DBB2002B0BD07B681B69002B02D07B6827
:101FE0001B6900E0074B7A681361002306E007F1E4
:101FF000080319467868FFF769FF0346184630372B
:10200000BD4680BDB464020880B584B000AF78607E
:1020100039603B68DB691B68FB601EE0FB681B687E
:102020005B68002B08D0FB681B685B68F968786800
:1020300098470346FB7205E0F9687868FFF7BAFF36
:102040000346FB72FB7A83F00103DBB2002B01D065
:10205000002306E0FB689B68FB60FB68002BDDD17A
:10206000012318461037BD4680BD80B58EB000AF45
:10207000F860B9607A6007F110037A68B9681846A9
:10208000FFF713FB034683F00103DBB2002B01D003
:1020900001232AE097F8263003F00F030A2B0DD115
:1020A00007F110031946F868FFF7AEFF034683F007
:1020B0000103DBB2002B0FD0002316E007F1100361
:1020C0001946F868FFF702FF034683F00103DBB20D
:1020D000002B01D0002308E007F110031846FFF79A
:1020E000C2FA0346002BD5D1012318463837BD4626
:1020F00080BD80B588B000AFF860B9607A60002319
:10210000FB61BB68DBB203F07F03FB76BB68DB09D6
:10211000BB6013E0FB7E63F07F03FB76FB695A1C18
:10212000FA6120333B44FA7E03F8102CBB68DBB223
:1021300003F07F03FB76BB68DB09BB60FB69032B05
:1021400005D8BB68002BE5D17B68002BE2D17B680A
:10215000002B24D07B68DBB21B01DBB203F07003E1
:10216000DAB2FB7E1343FB767B68DB087B6013E00F
:10217000FB7E63F07F03FB76FB695A1CFA61203318
:102180003B44FA7E03F8102C7B68DBB203F07F033C
:10219000FB767B68DB097B607B68002BE8D1FB6901
:1021A0005A1CFA6120333B44FA7E03F8102C07F1E5
:1021B0001003FA691946F868FFF70AFB0346184648
:1021C0002037BD4680BD90B587B000AFF860C7E945
:1021D0000023D7E90023802A73F100030AD23B7859
:1021E000FB7507F1170301221946F868FFF7F0FAAB
:1021F00003460FE03C68D7E900014FF000024FF0C2
:1022000000030A00002313461A462146F868FFF728
:1022100070FF034618461C37BD4690BD2DE9B04FF0
:102220008AB000AF7861C7E902234FF0FF326FF048
:102230000043C7E90623D7E90223002B15DAD7E9C3
:102240000201D7E9062300EA020401EA0305231983
:102250003B6045EB05037B60D7E900236FEA020A88
:102260006FEA030BC7E908AB07E0D7E9022312EBDB
:10227000020843EB0309C7E90889D7E9082378690D
:10228000FFF7A1FF034618462837BD46BDE8B08FCB
:1022900080B582B000AF7860396004223968786810
:1022A000FFF796FA034618460837BD4680BD80B54D
:1022B00082B000AF78603960082239687868FFF72B
:1022C00087FA034618460837BD4680BD2DE9B04F52
:1022D00088B000AF78610B46FA60FB74FB6800229F
:1022E0009A4693464FEA5A754FEACA04FB7C00228D
:1022F0009846914644EA08033B6045EA09037B603F
:10230000D7E90034C7E90634D7E906237869FFF72F
:102310005AFF034618462037BD46BDE8B08F00007F
:1023200080B584B000AF786039603B689B7D03F076
:102330000F030B2B26D801A252F823F06D230008BF
:102340006D2300086D2300086D2300087323000827
:10235000792300087F2300087F2300087F230008DB
:102360007F230008852300087F2300080023FB73D8
:1023700014E00523FB7311E00123FB730EE002233D
:10238000FB730BE07B681B69002B02D07B681B6929
:1023900000E0094B7A681361002308E03B681B8A60
:1023A0001A46FB7B19467868FFF790FF03461846EC
:1023B0001037BD4680BD00BF78640208B0B584B058
:1023C00000AFF860B9607A607B6800221C46154651
:1023D00022462B46F868FFF7F6FE034683F001031A
:1023E000DBB2002B01D0002305E07A68B968F868F9
:1023F000FFF7EEF9034618461037BD46B0BD0000A2
:10240000B0B58CB000AFF860B9607A6007F1140322
:1024100000221A605A609A60DA601A6107F11403A8
:102420007A68B9681846FFF720FE034683F0010377
:10243000DBB2002B04D07A6AFB681A61002365E0E6
:102440003B6AFB62FB6A00221C46154622462B466D
:10245000F868FFF7B8FE034683F00103DBB2002BF8
:1024600001D0002352E0FB681B68002B06D1FA6AFA
:102470000021F868FFF7ACF9034647E0FB68DA682B
:10248000FB6A1A44FB689B689A420BD9FB681B697C
:10249000002B02D0FB681B6900E01E4BFA68136139
:1024A000002333E0FB681B687B61FB685B68BB61F2
:1024B000FB6AFB6100233B6200237B6207F114038C
:1024C0007A68B9681846FFF7D0FD034687F82B30C5
:1024D000FB68DA683B6A1A44FB68DA60BA69FB6831
:1024E0005A607A6AFB681A613B6AFA6A9A420BD0B0
:1024F000FB681B69002B02D0FB681B6900E0064BE0
:10250000FA681361002301E097F82B301846303742
:10251000BD46B0BD40640208C8640208B0B584B0CE
:1025200000AF786039603B68DB691846FFF7A0F9B7
:102530000346FB60FB6800221C46154622462B46DC
:102540007868FFF740FE034618461037BD46B0BD19
:102550002DE9B04F8CB000AFF861B961BB699B7DCC
:1025600003F00F03022B52D14FF000024FF0000393
:10257000C7E90A23BB695B8A012B0BD1BB69DB6905
:102580001B78DBB200223B617A61D7E90434C7E9EA
:102590000A3435E0BB695B8A022B0BD1BB69DB696E
:1025A0001B889BB20022BB60FA60D7E90234C7E9FE
:1025B0000A3425E0BB695B8A042B0AD1BB69DB695D
:1025C0001B6800223B607A60D7E90034C7E90A340F
:1025D00016E0BB695B8A082B06D1BB69DB69D3E9CE
:1025E0000023C7E90A230BE0FB691B69002B02D01B
:1025F000FB691B6900E0364BFA691361002361E057
:10260000D7E90A23F869FFF7DEFD03465AE04FF0E9
:1026100000024FF00003C7E90823BB695B8A012B66
:102620000AD1BB69DB6993F900305BB2DA179A46CD
:102630009346C7E908AB32E0BB695B8A022B0AD13B
:10264000BB69DB69B3F900301BB2DA1798469146D3
:10265000C7E9088923E0BB695B8A042B08D1BB6901
:10266000DB691B68DA171C461546C7E9084516E002
:10267000BB695B8A082B06D1BB69DB69D3E9002300
:10268000C7E908230BE0FB691B69002B02D0FB693B
:102690001B6900E00E4BFA691361002312E0BB696D
:1026A0009B7D03F00F03032B06D1D7E90823F869BC
:1026B000FFF7B4FD034605E0D7E90823F869FFF703
:1026C00082FD034618463037BD46BDE8B08F00BFD7
:1026D000DC64020880B582B000AF786039603B6886
:1026E0005B8A042B07D13B68DB6919467868FFF7E2
:1026F000CFFD034616E03B685B8A082B07D13B6899
:10270000DB6919467868FFF7D2FD03460AE07B686B
:102710001B69002B02D07B681B6900E0034B7A68C1
:102720001361002318460837BD4680BDDC640208EB
:1027300080B584B000AF786039600023FB603B68EF
:10274000DB69FB60FB68002B06D100220021786862
:10275000FFF734FE034622E03B689B7D03F0C00395
:10276000002B13D1FB681B881A463B685B8A023B2F
:102770009A420BD97B681B69002B02D07B681B69CE
:1027800000E0094B7A681361002308E0FB68991C9C
:10279000FB681B881A467868FFF710FE0346184648
:1027A0001037BD4680BD00BFF064020880B586B01A
:1027B00000AF7860396000237B613B685B8A3B61D6
:1027C0003B68DB69BB603B689B7D03F0C003802BEB
:1027D00003D14FF0FF333B6111E03B69002B0BD17C
:1027E0007B681B69002B02D07B681B6900E01C4BD7
:1027F0007A68136100232FE03B69013B3B61BB68B2
:10280000002B02D100237B6120E0BB68FB6005E068
:102810007B6901337B61FB680133FB607A693B694B
:102820009A4203D2FB681B78002BF1D1FB681B781E
:10283000002B0BD07B681B69002B02D07B681B69C7
:1028400000E0084B7A681361002305E07A69B968F3
:102850007868FFF7B3FD034618461837BD4680BDBC
:10286000046502081865020880B584B000AF78607E
:1028700039603B685B6A002B0BD17B681B69002BBE
:1028800002D07B681B6900E0194B7A681361002352
:1028900029E03B689B7D03F00F03092B1AD13B68AD
:1028A0001B6A002B16D03B681B6A083BFB60FB6869
:1028B0001B68002B0ED0FB681B68FA68043239686D
:1028C00078689847034683F00103DBB2002B01D000
:1028D000002308E03B68596A3B68DB691A46786860
:1028E000FFF78EFD034618461037BD4680BD00BF7A
:1028F0002C65020880B582B000AF786039603B6813
:10290000D9693B685B8A1A467868FFF757FD03462A
:1029100018460837BD4680BD80B588B004AF7860E2
:1029200039600023FB733B68183318460AF058FCE3
:102930007B6802933B6801934FF480730093074BCD
:10294000074A0849022019F0B9F80346FB7397F9C2
:102950000F3018461037BD4680BD00BFA93A0008A9
:102960004D3A0008013A000880B588B002AF78609F
:102970004FF480737B61214BBB600023FB747B6948
:1029800003F00303002B04D07B699B0801339B00F9
:102990007B610023FB6023E0BA68FB68D31A7A6985
:1029A0009A420DD9BA68FB68D31A7B617B6903F040
:1029B0000303002B04D07B699B0801339B007B61E0
:1029C000FB680F4A98187B6800937B69FA68B968BE
:1029D00018F06EFF0346FB74FA687B691344FB60D2
:1029E000FA68BB689A4203D297F91330002BD3D010
:1029F00097F9133018461837BD4680BD302B0200BA
:102A000058760208000000002DE9F04F2DED048BF0
:102A10009DB002AF786239623B6A7B667B6A9B78C5
:102A20000B2B40F043817B6AD3F8032007F13C0372
:102A3000194610461AF0DFFB7B6AD3F80730D3E95A
:102A40000023C7E916237B6E03F527631946D7E9F0
:102A5000162341E90223B7F9423007EE903AB8EE67
:102A6000E77ADFED996AC7EE267AC7ED0B7AB7F9F8
:102A70003C3007EE903AB8EEE77ADFED936AC7EEA6
:102A8000267AC7ED0C7AB7F93E3007EE903AB8EEE9
:102A9000E77ADFED8D6AC7EE267AC7ED0D7AB7F9D2
:102AA000403007EE903AB8EEE77ADFED876AC7EE7E
:102AB000267AC7ED0E7AD7E9168942464B464FF083
:102AC00000004FF00001590141EAD2615001024675
:102AD0000B46B2EB080463EB09054FF000024FF020
:102AE0000003AB0143EA9463A201111BB96163EBDC
:102AF0000503FB614FF000024FF00003D7E90645E4
:102B00002946CB00214643EA51732146CA001146AB
:102B10001A460B4613EB08033B61134643EB0903CC
:102B20007B61D7E90434C7E91434D7E9140164A3FD
:102B3000D3E90023FEF766F902460B461346FB6411
:102B40003A6DFB6C614901FB03F3D31ABB647B6EE6
:102B500098687B6E1A787B6E5B78D7ED0C7A97ED70
:102B60000D7AD7ED0E6A97ED0B6AB7F8441005EEB3
:102B7000901AF8EE655AF02101910093B0EE652AA3
:102B8000F0EE461AB0EE661AF0EE470AB0EE670AAB
:102B90001346BA6CF96C04F0E5FA7B6E03F1180188
:102BA00007F12C030093D7E9162308460CF054FDD7
:102BB000D7E9160102460B464FF000044FF000051E
:102BC0005D0145EAD265540122462B46141ABC60C9
:102BD00063EB0103FB604FF000024FF00003D7E905
:102BE00002563446A3012C4643EA94632C46A201C4
:102BF0002C46B2EB040A344663EB040B4FF00002A0
:102C00004FF000034FEACB0343EA5A734FEACA027C
:102C100092469B461AEB00033B604BEB01037B6043
:102C2000D7E90034C7E91434D7E9140124A3D3E960
:102C30000023FEF7E7F802460B461346FB643A6DA5
:102C4000FB6C224901FB03F3D31ABB647B6E9E68C5
:102C50007B6E93F800807B6E5C787B6E9D7897ED41
:102C60000C8AD7ED0D8A97ED0E9AD7ED0B9A7B6EF5
:102C70001833184611F0F2F8F0EE407A01950094FE
:102C8000B0EE672AF0EE691AB0EE491AF0EE680A63
:102C9000B0EE480A4346BA6CF96C304604F062FA6A
:102CA0007B6E9B685A1C7B6E9A6000E000BF6C379D
:102CB000BD46BDEC048BBDE8F08F00BFAFF30080D4
:102CC00000CA9A3B000000000000804600CA9A3B00
:102CD0002DE9B04F9CB002AF786239623B6A7B66E7
:102CE0007B6A9B78072B40F036817B6AD3F8032000
:102CF00007F14003194610461AF0C9FAB7F94030F7
:102D000007EE903AF8EEE77AC7ED0D7AB7F9423060
:102D100007EE903AF8EEE77AC7ED0E7AB7F944304D
:102D200007EE903AF8EEE77AC7ED0F7A7B6AD3F8B0
:102D30000730D3E90023C7E916237B6E93F8783A6E
:102D4000002B12D07B6E03F52763D3E90001D7E98E
:102D500016238B4208BF824207D17B6ED3F87C3AA0
:102D60005A1C7B6EC3F87C2AF6E07B6E03F5276362
:102D70001946D7E91623C1E900237A6E012382F8A8
:102D8000783A7B6E03F527631946D7E9162341E9A4
:102D900002237B6ED3F8543A5A1C7B6EC3F8542A34
:102DA000D7E9164522462B464FF000004FF00001B0
:102DB000590141EAD261500102460B46B2EB0408C8
:102DC00063EB05094FF000024FF000034FEA89134F
:102DD00043EA98634FEA8812B2EB0801B96163EBEA
:102DE0000903FB614FF000024FF00003D7E90689A9
:102DF0004946CB00414643EA51734146CA00114659
:102E00001A460B461B193B61134645EB03037B61D6
:102E1000D7E90434C7E91434D7E9140150A3D3E93E
:102E20000023FDF7EFFF02460B461346FB643A6DA5
:102E3000FB6C4D4901FB03F3D31ABB647B6E9868AE
:102E40007B6E1A787B6E5B78D7ED0D7A97ED0E7AF4
:102E5000D7ED0F6AF12101910093B0EE661AF0EE02
:102E6000470AB0EE670A1346BA6CF96C04F0B7F97A
:102E70007B6E183307F1280207F1340118460BF076
:102E800023F8D7E9160102460B464FF000044FF035
:102E900000055D0145EAD265540122462B46141A0D
:102EA000BC6063EB0103FB604FF000024FF00003D6
:102EB000D7E902894C46A301444643EA9463444659
:102EC000A2014446B2EB040A4C4663EB040B4FF0FC
:102ED00000024FF000034FEACB0343EA5A734FEA74
:102EE000CA0292469B461AEB00033B604BEB010380
:102EF0007B60D7E90034C7E91434D7E9140118A37B
:102F0000D3E90023FDF77EFF02460B461346FB6420
:102F10003A6DFB6C144901FB03F3D31ABB647B6E5F
:102F200098687B6E19787B6E5B787A6E9278D7EDB5
:102F30000A7A97ED0B7AD7ED0C6A01920093B0EE06
:102F4000661AF0EE470AB0EE670A0B46BA6CF96CE7
:102F500004F045F900E000BF6837BD46BDE8B08F1A
:102F600000CA9A3B0000000000CA9A3B0000000023
:102F70002DE9B04F94B002AFF860B960BB687B64D4
:102F8000FB689B78072B40F0A180FB68D3F80330E7
:102F900007F12002114618461AF079F9B7F92030E6
:102FA00007EE903AF8EEE77AC7ED057AB7F92230E6
:102FB00007EE903AF8EEE77AC7ED067AB7F92430D3
:102FC00007EE903AF8EEE77AC7ED077AFB68D3F898
:102FD0000730D3E90023C7E90E237B6C03F5276391
:102FE0001946D7E90E2341E902237B6CD3F8583AFE
:102FF0005A1C7B6CC3F8582AD7E90E0102460B46CF
:103000004FF0000A4FF0000B4FEA431B4BEAD26B24
:103010004FEA421A52465B46B2EB000863EB0109E5
:103020004FF000024FF000034FEA891343EA986320
:103030004FEA8812B2EB080463EB09054FF0000277
:103040004FF00003EB0043EA5473E20014461D46C0
:1030500023183B6045EB01037B60D7E90034C7E9E7
:103060000C34D7E90C011DA3D3E90023FDF7CAFEF8
:1030700002460B461346FB623A6BFB6A164901FB9C
:1030800003F3D31ABB627B6C98687B6C1A787B6CF9
:103090005B78D7ED057A97ED067AD7ED076AF221CE
:1030A00001910093B0EE661AF0EE470AB0EE670A9F
:1030B0001346BA6AF96A04F092F87B6C183307F188
:1030C0001402114618460BF0C9F800E000BF48375B
:1030D000BD46BDE8B08F00BF00CA9A3B00CA9A3B0C
:1030E00000000000000000002DE9B04F94B002AFD6
:1030F000F860B960BB687B64FB689B78072B40F085
:10310000A180FB68D3F8033007F12002114618466E
:103110001AF0BDF8B7F9203007EE903AF8EEE77AEA
:10312000C7ED057AB7F9223007EE903AF8EEE77A64
:10313000C7ED067AB7F9243007EE903AF8EEE77A51
:10314000C7ED077AFB68D3F80730D3E90023C7E956
:103150000E237B6C03F527631946D7E90E2341E95B
:1031600002237B6CD3F8603A5A1C7B6CC3F8602A4C
:10317000D7E90E0102460B464FF0000A4FF0000B54
:103180004FEA431B4BEAD26B4FEA421A52465B4668
:10319000B2EB000863EB01094FF000024FF00003AF
:1031A0004FEA891343EA98634FEA8812B2EB0804A6
:1031B00063EB09054FF000024FF00003EB0043EA18
:1031C0005473E20014461D4623183B6045EB01038F
:1031D0007B60D7E90034C7E90C34D7E90C011DA3A3
:1031E000D3E90023FDF70EFE02460B461346FB62B1
:1031F0003A6BFB6A164901FB03F3D31ABB627B6C83
:1032000098687B6C1A787B6C5B78D7ED057A97EDC4
:10321000067AD7ED076AF42101910093B0EE661AA1
:10322000F0EE470AB0EE670A1346BA6AF96A03F08D
:10323000D6FF7B6C183307F11401002218460AF000
:103240005DFF00E000BF4837BD46BDE8B08F00BF5E
:1032500000CA9A3B00CA9A3B000000000000000030
:103260002DE9B04F94B002AFF860B960BB687B64E1
:10327000FB689B78072B40F09980FB68D3F80330FC
:1032800007F12002114618461AF001F8B7F920306C
:1032900007EE903AF8EEE77AC7ED057AB7F92230F3
:1032A00007EE903AF8EEE77AC7ED067AB7F92430E0
:1032B00007EE903AF8EEE77AC7ED077AFB68D3F8A5
:1032C0000730D3E90023C7E90E237B6C03F527639E
:1032D0001946D7E90E2341E902237B6CD3F85C3A07
:1032E0005A1C7B6CC3F85C2AD7E90E0102460B46D8
:1032F0004FF0000A4FF0000B4FEA431B4BEAD26B32
:103300004FEA421A52465B46B2EB000863EB0109F2
:103310004FF000024FF000034FEA891343EA98632D
:103320004FEA8812B2EB080463EB09054FF0000284
:103330004FF00003EB0043EA5473E20014461D46CD
:1033400023183B6045EB01037B60D7E90034C7E9F4
:103350000C34D7E90C0119A3D3E90023FDF752FD82
:1033600002460B461346FB623A6BFB6A124901FBAD
:1033700003F3D31ABB627B6C98687B6C1A787B6C06
:103380005B78D7ED057A97ED067AD7ED076AF321DA
:1033900001910093B0EE661AF0EE470AB0EE670AAC
:1033A0001346BA6AF96A03F01AFF00E000BF483713
:1033B000BD46BDE8B08F00BF00CA9A3B00CA9A3B29
:1033C0000000000080B5ADF5875D86B002AF07F163
:1033D000F00343F8EC0C07F1F00343F8F01C07F19D
:1033E000F00353F8F03C07F5875202F1080213602E
:1033F00007F5875303F108031B68002B06D007F578
:10340000875303F108031B685B7800E0002307F58E
:10341000875202F10702137007F1F00353F8EC3CF6
:10342000D3F803301B7807F5875202F106021370B8
:1034300007F1F00353F8EC3CD3F803305B7807F561
:10344000875202F10502137007F1F00353F8EC3CC8
:10345000D3F803309B7807F5875202F1040213700A
:1034600007F1F00353F8EC3C1B78FE2B06D1B74B69
:1034700007F5875202F10C0213600DE007F1F0032B
:1034800053F8EC3C1B78F82B40F08E82B04B07F5DC
:10349000875202F10C02136007F5875303F106030C
:1034A0001B78013B132B00F2678201A252F823F034
:1034B000013500081F350008593500087939000822
:1034C0007735000889350008D3350008E535000850
:1034D000F735000879390008093600084136000838
:1034E00065360008833600087939000895360008EB
:1034F000EB3600080937000891370008AD3900089D
:1035000007F5875303F105031B781A4607F5875320
:1035100003F10C0319688F481FF0F8FB47E207F529
:10352000875303F105031B781A4607F5875303F108
:103530000C03196888481FF0E9FB07F5875303F16E
:1035400005031A7807F5875303F10703187800235A
:10355000212101F035FC2AE207F5875303F1050329
:103560001B781A4607F5875303F10C0319687B484B
:103570001FF0CCFB1BE207F5875303F10C0319681E
:1035800077481FF0C3FB12E207F5875303F10503E9
:103590001A7807F5875303F104031B7807F5875161
:1035A00001F10C0109686F481FF0B0FB07F5875364
:1035B00003F105031A7807F5875303F104031B7819
:1035C00007F5875101F107010878202101F0F8FB88
:1035D000EDE107F5875303F10C03196862481FF00A
:1035E00095FBE4E107F5875303F10C0319685F4885
:1035F0001FF08CFBDBE107F5875303F10C0319681F
:103600005B481FF083FBD2E107F5875303F1050305
:103610001A7807F5875303F104031B7807F58751E0
:1036200001F10C01096853481FF070FB07F587533F
:1036300003F107031B781946012001F00BFCB6E1EA
:1036400007F5875303F10C0319684B481FF05EFB25
:1036500007F5875303F107031B781946002001F093
:10366000F9FBA4E107F5875303F105031B781A461C
:1036700007F5875303F10C03196840481FF046FB18
:1036800095E107F5875303F10C0319683C481FF0D7
:103690003DFB8CE107F5875303F104031B781A0205
:1036A00007F5875303F105031B7813431A4607F503
:1036B000875303F10C03196832481FF027FB07F505
:1036C000875303F104031B781A0207F5875303F1AC
:1036D00005031B781A4307F5875303F1070318788E
:1036E00000231E2101F06CFB61E107F5875303F114
:1036F00005031B781A4607F5875303F10C03196875
:1037000021481FF003FB52E107F5875303F105033E
:103710001B781A4607F5875303F10C0319681B48F9
:103720001FF0F4FA07F5875303F105031A7807F53C
:10373000875303F104031B7807F5875101F1070153
:103740000878222101F03CFB31E100BF3866020815
:10375000486602086066020888660208B4660208C5
:10376000E0660208F866020828670208486702084F
:10377000686702088C670208B4670208C867020815
:10378000F4670208106802084068020868680208C6
:1037900007F5875303F106031A7807F5875303F1FA
:1037A0000503197807F5875303F104031B78009389
:1037B0000B4607F5875101F10C0109687E481FF09F
:1037C000A5FA07F5875303F105031A7807F5875320
:1037D00003F104031B7807F5875101F1070108780D
:1037E0001F2101F0EDFA002307F5865202F11B02BA
:1037F0001370724B1A6907F5865303F11B031946C0
:103800002D2018F039FD034607F5875202F1030217
:10381000137007F5875303F103031A7807F58653EE
:1038200003F11B031B782D2165481FF06FFA634BD2
:103830001A6907F5865303F11B0319462E2018F069
:103840001BFD034607F5875202F10302137007F5CB
:10385000875303F103031A7807F5865303F11B031B
:103860001B782E2156481FF051FA544B1A6907F560
:10387000865303F11B0319462F2018F0FDFC034665
:1038800007F5875202F10302137007F5875303F11E
:1038900003031A7807F5865303F11B031B782F21C6
:1038A00047481FF033FA454B1A6907F5865303F171
:1038B0001B031946302018F0DFFC034607F587523A
:1038C00002F10302137007F5875303F103031A781B
:1038D00007F5865303F11B031B78302138481FF08E
:1038E00015FA364B1A6907F5865303F11B0319467F
:1038F000312018F0C1FC034607F5875202F103029C
:10390000137007F5875303F103031A7807F58653FD
:1039100003F11B031B78312129481FF0F7F907F148
:10392000F003E43B41F2CC02002118461FF034FBC7
:10393000002307F5865202F11C02136041F2CC010C
:1039400020481FF0E3F91D4B1A6907F11003043BEF
:103950001146184600F03CF8034607F5875202F17D
:103960000302137007F5875303F103031B7819460D
:1039700015481FF0CBF91AE007F5875303F106034A
:103980001B781A4607F5875303F10C0319680F4893
:103990001FF0BCF907F5875303F107031B7819469D
:1039A000022001F057FA02E000BF00E000BF07F577
:1039B00087571037BD4680BD986802080000002078
:1039C000C0680208EC6802080C6902082469020851
:1039D00080B584B000AF786039600023BB6007F128
:1039E00008023B6841F2CC01786818F03FF80346C2
:1039F000FB7397F90F3018461037BD4680BD0000A5
:103A000080B58AB004AFB9607A603B600346FB734F
:103A10003B687B617B691B797B827B8A5B0099B207
:103A2000FB7B9AB27B689BB2192002900193BB6822
:103A300000930123044812F073FE03465BB218465C
:103A40001837BD4680BD00BFA024012080B58EB0D0
:103A500004AFB9607A603B600346FB733B687B62EE
:103A60007B6A1B797B84FB7B3B840223FB837B6823
:103A7000BB833223BB617B8C5B0099B23A8CBB6900
:103A80000293BB8B0193BB6800930123054812F09E
:103A90004DFD0346FB7597F9173018462837BD468C
:103AA00080BD00BFA024012080B483B000AF786047
:103AB0003960094B1B6800225A6200BF064B1B6825
:103AC0005B6A7A689A42F9D800BF00BF0C37BD46DE
:103AD0005DF8047B704700BF6825012080B582B087
:103AE00000AF786039603A687968002019F082FC8C
:103AF000034618460837BD4680BD000080B485B037
:103B000000AF786039607B68FB600E4BBB600CE0F7
:103B1000FB685A1CFA601B781A46BB685340BB60AE
:103B2000BB68094A02FB03F3BB603B685A1E3A605C
:103B3000002BEDD1BB6818461437BD465DF8047BF9
:103B4000704700BFC59D1C819301000190B583B0F3
:103B500000AF78607B681B68114A934219D17B687B
:103B60009B88012B15D17B68DB88142B11D17B68D6
:103B70009B68C82B0DD17B68DC687B6814334FF4DD
:103B80007A611846FFF7BAFF03469C4201D1012330
:103B900000E00023DBB218460C37BD4690BD00BFE5
:103BA00042474D4380B483B000AF78607B6893EDAB
:103BB000007A7B681033D3ED006A7B682033D3ED45
:103BC000007A66EEA76A7B68143393ED006A7B681F
:103BD0001C33D3ED007A66EE277A76EEE77A27EE8D
:103BE000277A7B680433D3ED006A7B680C3393ED4E
:103BF000006A7B682033D3ED007A26EE276A7B6863
:103C00001433D3ED005A7B681833D3ED007A65EE98
:103C1000A77A76EE677A66EEA77A37EE677A7B68E0
:103C20000833D3ED006A7B680C3393ED006A7B6840
:103C30001C33D3ED007A26EE276A7B681033D3ED70
:103C4000005A7B681833D3ED007A65EEA77A76EEDA
:103C5000677A66EEA77A77EE277AB0EE670A0C37B6
:103C6000BD465DF8047B704780B586B000AF7860D4
:103C70007B68D3F8C43003F00103002B01D100238B
:103C8000F7E07B68D3ED197AB7EE007AF4EEC77AE5
:103C9000F1EE10FACCBF01230023DBB283F0010365
:103CA000DBB2002B1DD17B68D3ED197A9FED737ABF
:103CB000F4EEC77AF1EE10FA4CBF01230023DBB219
:103CC00083F00103DBB2002B0BD17B68D3ED197AB3
:103CD000F0EEE77A9FED6A7AF4EE477AF1EE10FAA9
:103CE00001D90023C5E00023FB7514E0FB7D7A6851
:103CF0009B0013440433D3ED007AF0EEE77A9FED96
:103D0000607AF4EE477AF1EE10FA01D90023B0E0C0
:103D1000FB7D0133FB75FB7D022BE7D90023FB758F
:103D200015E0FB7D7A6806339B0013440433D3ED22
:103D3000007AF0EEE77A9FED527AF4EE477AF1EEF0
:103D400010FA01D9002394E0FB7D0133FB75FB7D64
:103D5000082BE6D97B681C331846FFF723FF87ED55
:103D6000040AD7ED047AB5EE007AF4EEC77AF1EEE4
:103D700010FACCBF01230023DBB283F00103DBB2D6
:103D8000002B10D1D7ED047AB1EE007AF4EEC77AA9
:103D9000F1EE10FA4CBF01230023DBB283F00103E4
:103DA000DBB2002B01D0002363E07B68D3F8C43082
:103DB00003F01003002B46D00023FB7515E0FB7DBC
:103DC0007A6826339B0013440433D3ED007AF0EE77
:103DD000E77A9FED2B7AF4EE477AF1EE10FA01D9EB
:103DE000002346E0FB7D0133FB75FB7D082BE6D904
:103DF0007B689C331846FFF7D5FE87ED030AD7EDA5
:103E0000037AB5EE007AF4EEC77AF1EE10FACCBF81
:103E100001230023DBB283F00103DBB2002B10D1BE
:103E2000D7ED037AB1EE007AF4EEC77AF1EE10FA2C
:103E30004CBF01230023DBB283F00103DBB2002B74
:103E400001D0002315E07B68D3F8C43003F00803E9
:103E5000002B0DD07B68D3ED307AF0EEE77A9FED42
:103E6000087AF4EE477AF1EE10FA01D9002300E067
:103E7000012318461837BD4680BD00BF00007A44B4
:103E8000FFFF7F7F80B483B000AF78607B6893F8DA
:103E90003C30002B09D07B6893F8D035002B04D040
:103EA0007B6893F86439002B01D1002344E07B68E0
:103EB000D3ED0E7AF0EEE77A9FED227AF4EE477AB0
:103EC000F1EE10FA09D87B68D3ED0E7AB5EE007AE0
:103ED000F4EEC77AF1EE10FA01DD00232CE07B68E6
:103EE00003F5B863D3ED007AF0EEE77A9FED157A2B
:103EF000F4EE477AF1EE10FA0BD87B6803F5B8635D
:103F0000D3ED007AB5EE007AF4EEC77AF1EE10FA4E
:103F100001DD002310E07B6803F65413D3ED007A33
:103F2000F0EEE77A9FED077AF4EE477AF1EE10FAB9
:103F300001D9002300E0012318460C37BD465DF887
:103F4000047B7047FFFF7F7F80B582B000AF786051
:103F500039603868FFF788FE0346002B07D0786881
:103F6000FFF790FF0346002B01D0012300E0002360
:103F7000DBB218460837BD4680BD000080B584B06E
:103F800000AF0346FB71224BFB60F868FFF7DEFDD4
:103F90000346002B01D1002336E0FB79132B01D916
:103FA000002331E0FB79C82202FB03F31033FA68E7
:103FB000134404331846FFF757FE0346002B01D184
:103FC000002321E0FB79FA68C82101FB03F31344C5
:103FD000D8331B6803F02003002B01D1002313E02A
:103FE000FB7940F6882202FB03F31833094A98183C
:103FF000FB79C82202FB03F31033FA68134404333D
:10400000194610F0D3F8034618461037BD4680BD58
:10401000000006080000002080B586B000AF3B1D00
:1040200000221A605A609A60DA601A6100233B60CD
:1040300011F0DEFB00237B6002237B610723FB6022
:1040400001233B613A463B1D1146184611F042FDE3
:104050000346002B05D03B68194607481EF056FE64
:1040600004E000220021072000F0E2FE11F0E2FB54
:1040700000BF1837BD4680BD246A020880B582B0F3
:1040800000AF0346FB71FB791846FFF777FF034645
:10409000002B1AD0FB790F4A40F6882101FB03F36D
:1040A000134402331B7819460B481EF02FFEFB7990
:1040B000084A40F6882101FB03F3134401331878C2
:1040C00000230022052100F07BFE00BF0837BD461B
:1040D00080BD00BF000000204C6A0208B0B58AB065
:1040E00000AF002387F82630B54BFB61F869FFF776
:1040F0002DFD0346002B06D040F6B472F969B14895
:104100001EF0C9FF05E040F6B472FF21AD481EF075
:1041100043FFAC4BAC4A1A60AA4B01229A80A94BD0
:104120001422DA80A74BC8229A60A64B00221A619B
:10413000002387F82730CEE097F8273040F6882212
:1041400002FB03F31833A14A1344BB6197F82730ED
:104150009E4A40F6882101FB03F313440C331B787D
:1041600083F00103DBB2002B40F0A980BB6993F818
:104170003C30002B00F0A580BB6993F8D035002BB4
:1041800000F09F80BB69D3ED0E7AF0EEE77A9FEDE9
:10419000907AF4EE477AF1EE10FA00F29480BB695F
:1041A000D3ED0E7AB5EE007AF4EEC77AF1EE10FA9E
:1041B00000F38980BB6903F5B863D3ED007AF0EEB4
:1041C000E77A9FED837AF4EE477AF1EE10FA7CD825
:1041D000BB6903F5B863D3ED007AB5EE007AF4EE6F
:1041E000C77AF1EE10FA70DC97F82730C82202FB8C
:1041F00003F31033734A134404331946B8690FF0BC
:1042000011FF0346002B61D097F82730C82202FB2C
:1042100003F310336B4A134404331946B869FFF7AC
:1042200093FE0346002B51D097F82730654AC821EA
:1042300001FB03F31344D8331A6897F8273042F090
:1042400020026049C82000FB03F30B44D8331A60F6
:10425000BB6993F83E30022B14D197F82730594AA6
:10426000C82101FB03F31344D8331A6897F82730A9
:1042700042F040025349C82000FB03F30B44D833FB
:104280001A6018E0BB6993F83E30012B13D197F800
:1042900027304C4AC82101FB03F31344D8331A6872
:1042A00097F8273042F080024649C82000FB03F30C
:1042B0000B44D8331A60012387F8263006E000BF8C
:1042C00004E000BF02E000BF00E000BF97F8273025
:1042D000013387F8273097F82730132B7FF62CAF60
:1042E00097F82630002B03D13A481EF075FD63E0A5
:1042F0004FF47A613848FFF701FC0346314AD36036
:1043000011F076FA3B1D00221A605A609A60DA605A
:104310001A6100233B6000237B6002237B6107233B
:10432000FB6001233B613A463B1D1146184611F0E4
:10433000D1FB0346002B07D03B68194627481EF0E7
:10434000E5FC11F077FA37E000233B621BE03B6AA3
:1043500003F1006101F5C0213B6A1A4A13441B684E
:1043600000221C46154622462B46022011F0ECF98D
:104370000346002B04D0396A19481EF0C7FC07E039
:104380003B6A04333B623B6A40F6B3729342DED928
:1043900011F050FA3B6A40F6B37293420CD997F889
:1043A000263019460F481EF0B1FC97F8263000223F
:1043B0001946062000F03CFD2837BD46B0BD00BFC1
:1043C000000006087C11012042474D4300000020F8
:1043D000FFFF7F7F746A020890110120A86A02081B
:1043E000D86A0208086B020880B400AF054B0122AE
:1043F0001A70054B00221A6000BFBD465DF8047BB1
:10440000704700BF302101203421012080B582B0E7
:1044100000AF234B1B78002B3AD011F023F8024653
:10442000204B1B68D31AB3F57A7F33D311F01AF8F7
:1044300003461C4A13600023FB7120E0FB791A4AF3
:1044400040F6882101FB03F313440C331B7883F0FF
:104450000103DBB2002B0ED1FB7940F6882202FB70
:1044600003F31833104A13441846FFF70BFD0346B5
:10447000002B11D000E000BFFB790133FB71FB7909
:10448000132BDBD9FFF72AFE054B00221A7004E03C
:1044900000BF02E000BF00E000BF0837BD4680BD9E
:1044A00030210120342101200000002080B584B09B
:1044B00002AF00237B711C4B1B7B83F00103DBB23B
:1044C000002B03D019481EF087FC29E018481EF085
:1044D0001DFC0123FB8015E0FB88DBB2124A126948
:1044E0001146184617F0ECFB0346002B07D0FB885B
:1044F000194610481EF00AFC7B7901337B71FB885A
:104500000133FB80FB88C72BE6D979790A4B1B78EE
:1045100001930D2300931323252208481EF0F6FB78
:104520000837BD4680BD00BF00000020306B020888
:10453000486B0208686B0208781101206C6B020856
:1045400080B500AF02481EF047FC00BF80BD00BF31
:104550009C6B020880B586B002AF0346FB71FB7905
:10456000072B14D8E023FB81FB79012202FA03F325
:10457000DBB23B7307F10C02F9896423009301233A
:10458000054811F0D5FE03467B737B7B00E00123D9
:1045900018461037BD4680BDA024012080B485B0E8
:1045A00000AF786039600E4BFB600CE07B685A1CF2
:1045B0007A601B781A46FB685340FB60FB68094A27
:1045C00002FB03F3FB603B685A1E3A60002BEDD1FF
:1045D000FB6818461437BD465DF8047B704700BF82
:1045E000C59D1C819301000180B594B000AF3B6074
:1045F0000346FB710B46BB7113467B7107F1080341
:104600004822002118461EF0C7FC3B68BB60BB79FE
:104610003B737B793B61FB797B6101233B76012313
:1046200087F83030BB6D1B68FB61BB6D04331B68C2
:104630003B62BB6D08331B687B63BB6D0C331B682F
:10464000BB6307F10803184602F0FEFD00BF5037B8
:10465000BD4680BD90B591B002AF3B600346FB7193
:104660000B46BB7113467B7100237B6300233B63C6
:10467000BB6CFB61B96C3868FFF790FF03463B6287
:10468000FB6C7B623B6DBB627A79B979F87907F193
:104690001C0300934FF0FF33FFF7A6FF28E007F15C
:1046A0000C0300221A605A609A60DA60BA6C7B6B65
:1046B000D31AFB62FB6A102B01D91023FB623A6804
:1046C0007B6BD11807F10C03FA6A18461EF0E3FC65
:1046D0003B6B5A1C3A637C79B979F87907F10C0283
:1046E00000922246FFF780FF7A6BFB6A13447B63DC
:1046F0007A6BBB6C9A42D2D300BF00BF3C37BD4639
:1047000090BD80B59CB000AF3B600346FB710B468B
:10471000BB7113467B7107F1240348220021184620
:104720001EF03AFC07F10C0300221A605A609A60EE
:10473000DA601A615A6197F88030062B02D9062395
:1047400087F88030002387F86F3011E097F86F30DA
:104750009B00FA6F1A4497F86F3012689B00703311
:104760003B44643B1A6097F86F30013387F86F3031
:1047700097F86F2097F880309A42E7D33B681A0188
:10478000BB6F03F00F0313437B62BB7987F82830BC
:104790007B79FB62FB793B63012387F8343001238B
:1047A00087F84C30FB68BB653B69FB657B693B6602
:1047B000BB697B66FB69BB663B6A3B6407F124030C
:1047C000184602F041FD00BF7037BD4680BD0000B5
:1047D00080B582B000AF78607B684FF4FA621A60EF
:1047E0007B6804335A221A607B680833C8221A6037
:1047F0007B680C3328221A607B68103301221A6010
:104800007B68143303221A607B68183300221A6015
:104810007B681C33C8221A607B68203305221A602B
:104820007B6824330F221A607B68283396221A6033
:104830007B682C3314221A607B68303364221A6040
:104840007B68343332221A607B68383396221A60D0
:104850007B683C3332221A607B68403309221A603D
:1048600003F0EAFBF0EE407A9FED467A67EE877A36
:104870007B684433FDEEE77A17EE902A1A607B6876
:1048800048334FF4FA721A607B684C3309221A607D
:104890007B6850330F221A607B6854335A221A60A7
:1048A0007B68583340F2D5721A607B685C335A22B9
:1048B0001A607B6860335F221A607B686433282249
:1048C0001A607B68683364221A607B686C335A22F2
:1048D0001A607B68703340F279421A607B687433E7
:1048E00032221A607B68783302221A607B687C333C
:1048F0004FF496721A607B688033FA221A607B68E4
:104900008433C8221A607B68883396221A607B68D9
:104910008C335A221A607B6890334FF496721A6077
:104920007B6894334FF496721A607B689833102238
:104930001A607B689C3328221A607B68A0330422AB
:104940001A607B68A4330C221A607B68A833142297
:104950001A607B68AC3328221A607B68B03350221F
:104960001A607B68B43319221A607B68B833192245
:104970001A607B68BC3301221A6000BF0837BD464D
:1049800080BD00BF0000C84280B52DED028B84B011
:1049900000AF78607B68002B01DA00237B607B68C6
:1049A000642B01DD64237B607B6807EE903AB8EEF0
:1049B000E77ADFED1D6AC7EE267AC7ED037A97ED39
:1049C000030A03F01DFBD7ED037A9FED177A67EE1C
:1049D000877ABDEEE78A03F02FFBF0EE407A9FED79
:1049E000127A67EE877AFDEEE76AD7ED037AB0EECA
:1049F000087A67EE877AB7EE007A77EE877A9FEDCE
:104A00000A7A67EE877AFDEEE77A17EE903A16EEAD
:104A1000902A18EE101A05481EF078F900BF1037DA
:104A2000BD46BDEC028B80BD0000C842EC6B0208A5
:104A300080B586B000AF78607B687B614FF0FF3354
:104A40003B610023FB607B69002B6FD07B691B7887
:104A5000542B03D07B691B78742B06D17B690133FF
:104A60007B6102E07B6901337B617B691B78202BD2
:104A7000F8D07B691B78092BF4D07B691B78442B19
:104A800003D07B691B78642B17D17B6901331B78BA
:104A9000492B04D07B6901331B78692B0DD17B69CD
:104AA00002331B78522B04D07B6902331B78722BA4
:104AB00003D17B6903337B6106E01E481EF08CF94D
:104AC00035E07B6901337B617B691B78202BF8D053
:104AD0007B691B78092BF4D000233B6110E03A6915
:104AE00013469B0013445B001A467B691B78303BDE
:104AF00013443B61FB680133FB607B6901337B61DD
:104B00007B691B782F2B06D97B691B78392B02D840
:104B1000FB68032BE3DDFB68002B03D105481EF087
:104B20005BF904E03869FFF72FFF00E000BF18379A
:104B3000BD4680BD246C020880B5ADF5067D04AF8E
:104B400007F582734FF48072002118461EF024FA94
:104B500007F50273A3F58273954A1A6007F502738D
:104B6000A3F5827302225A6007F50273A3F58273DC
:104B7000904A9A6014219048FFF710FD024607F50D
:104B80000273A3F58273DA6007F50273A3F58273EB
:104B900040F638221A6107F50273A3F58273C82222
:104BA0005A6107F50273A3F582730022DA6107F5F3
:104BB0000273A3F582734FF49A621A6207F50273C7
:104BC000A3F5827340F2F4425A6207F50273A3F52B
:104BD000827340F2D4529A6207F50273A3F582738E
:104BE0004FF4EB62DA6207F50273A3F582734FF4B8
:104BF0000B621A6307F50273A3F5827340F6BC02D9
:104C00005A6307F50273A3F5827340F6CC029A63E8
:104C100007F50273A3F5827340F6CC12DA633B1DED
:104C20001846FFF7D5FD391D07F582734033C022C2
:104C300018461EF030FA07F50273A3F582731A695D
:104C400007F50273A3F5A2731A6007F50273A3F5C3
:104C500082735A6907F50273A3F5A2735A6007F5C8
:104C60000273A3F58273DA6907F50273A3F5A273E1
:104C70009A6007F50273A3F582731A6A07F5027347
:104C8000A3F5A273DA6007F50273A3F582735A6A7B
:104C900007F50273A3F5A2731A6107F50273A3F572
:104CA00082739A6A07F50273A3F5A2735A6107F536
:104CB0000273A3F58273DA6A07F50273A3F5A27390
:104CC0009A6107F50273A3F582731A6B07F50273F5
:104CD000A3F5A273DA6107F50273A3F582735A6B29
:104CE00007F50273A3F5A2731A6207F50273A3F521
:104CF00082739A6B07F50273A3F5A2735A6207F5E4
:104D00000273A3F58273DA6B07F50273A3F5A2733E
:104D10009A6207F1C40340211846FFF73FFC0246A0
:104D200007F50273A3F582739A61002387F80732AF
:104D300034E097F80732214A40F6882101FB03F35B
:104D400013440C331B7883F00103DBB2002B1FD11B
:104D500097F80732194A40F6882101FB03F3134400
:104D6000197897F80732154A40F6882000FB03F3BC
:104D7000134401331A7807F582730320029002204E
:104D800001904FF480700090FA20FFF763FC00E080
:104D900000BF97F80732013387F8073297F80732D8
:104DA000132BC6D900BF00BF07F50277BD4680BDF3
:104DB000594C50522109262088A1040800000020E7
:104DC00080B596B000AFBA607B600346FB730B46BC
:104DD000BB8107F110034822002118461EF0DCF8C1
:104DE000124B1B685A1C11490A603B6100233B753A
:104DF000FB7BBB61FB23FB61012387F82030012390
:104E000087F83830BB897B6210F02CFB0346BB620D
:104E1000BB68FB637B683B6407F11003184602F034
:104E200013FA00BF5837BD4680BD00BF9C2101204A
:104E300080B584B000AF0346B9607A60FB81F98920
:104E40007B68BA680020FFF7BBFF00BF1037BD4684
:104E500080BD000080B582B000AF03460A46FB71FA
:104E60001346BB71FB79002B0BD1154B1B6801332B
:104E7000134A1360B879002300221821FFF7A0FF1E
:104E800019E0FB79012B0BD10E4B1B6801330D4A46
:104E90001360B879002300221921FFF791FF0AE07F
:104EA000094B1B680133084A1360B87900230022BC
:104EB0001A21FFF785FF00BF0837BD4680BD00BF40
:104EC000A4210120AC210120A8210120B0B5A6B069
:104ED00004AF10F0C7FAC7F88000084B1B68D7F87A
:104EE0008020D31AB3F57A7FC0F01882034AD7F82E
:104EF00080301360002387F8873009E20C220120FC
:104F000097F8873040F6882202FB03F31833D84A1B
:104F10001344FB6797F88730D54A40F6882101FB98
:104F200003F313440C331B7883F00103DBB2002B33
:104F300040F0E881D7F8803007EE903AF8EE677AD3
:104F4000C7ED017A97F88730C94A40F6882101FBFE
:104F500003F3134408331B6807EE903AF8EE677AC0
:104F6000C7ED027A97F88730C14A40F6882101FBE5
:104F700003F3134403F654231B6807EE903AF8EE4C
:104F8000677AC7ED037A97F88730B94A40F68821E7
:104F900001FB03F3134403F658231B6807EE903A12
:104FA000F8EE677AC7ED047A97F88730B04A40F692
:104FB000882101FB03F3134403F65C231B6807EE0F
:104FC000903AF8EE677AC7ED057A97F88730A84AE5
:104FD00040F6882101FB03F3134403F526631B68A5
:104FE00007EE903AF8EE677AC7ED067AA14B1B6898
:104FF00007EE903AF8EE677AC7ED077A9E4B1B688A
:1050000007EE903AF8EE677AC7ED087A9B4B1B687B
:1050100007EE903AF8EE677AC7ED097A984B1B686D
:1050200007EE903AF8EE677AC7ED0A7A954B1B685F
:1050300007EE903AF8EE677AC7ED0B7A924B1B6851
:1050400007EE903AF8EE677AC7ED0C7A8F4B1B6843
:1050500007EE903AF8EE677AC7ED0D7A8C4B1B6835
:1050600007EE903AF8EE677AC7ED0E7AFB6FD3F849
:10507000583207EE903AF8EE677AC7ED0F7AFB6F79
:1050800093F83C3007EE903AF8EE677AC7ED107A65
:10509000FB6F93F8613207EE903AF8EE677AC7ED4E
:1050A000117AF86F08F0C8FE034607EE903AF8EE62
:1050B000677AC7ED127AF86F08F0F8FE034607EE3C
:1050C000903AF8EE677AC7ED137AFB6F93F81E39C2
:1050D00007EE903AF8EE677AC7ED147AFB6F93F813
:1050E000CA3807EE903AF8EE677AC7ED157AFB6F8B
:1050F00093F8643907EE903AF8EE677AC7ED167ABE
:10510000FB6F93F8D03507EE903AF8EE677AC7ED6B
:10511000177A97F88730564A40F6882101FB03F347
:10512000134403F66823D3E90023144600252046E0
:105130002946FBF721FE03463B6697F887304C4A29
:1051400040F6882101FB03F3134403F66823D3E9F7
:1051500000014FF000024FF000030A000023104648
:105160001946FBF709FE03467B664A4BBB664FF0C8
:105170008043FB664FF07E533B6797F887303C4A8D
:1051800040F6882101FB03F3134403F67C231B68DC
:1051900007EE903AF8EE677AC7ED1D7A4FF00003FC
:1051A000BB6797F88730324A40F6882101FB03F34A
:1051B0001344197897F887302D4A40F6882000FB71
:1051C00003F3134401331A78062302933B1D019322
:1051D00000230093D7F88030FC20FFF792FA97F86D
:1051E0008730234A40F6882101FB03F313441978E2
:1051F00097F887301E4A40F6882000FB03F31344DB
:1052000001331A783B1D18330620029001930123C5
:105210000093D7F88030FC20FFF773FA97F88730B7
:10522000134A40F6882101FB03F31344197897F8D9
:1052300087300F4A40F6882000FB03F31344013304
:105240001A783B1D3033062002900193022300930D
:10525000D7F88030FC20FFF754FA97F88730044ADB
:1052600040F6882101FB03F31344197814E000BFD2
:1052700000000020A02101209C210120A421012068
:10528000A8210120AC210120B0210120B42101205E
:10529000B82101202598004E97F88730214A40F622
:1052A000882000FB03F3134401331A783B1D483375
:1052B00006200290019303230093D7F88030FC204E
:1052C000FFF71FFA97F88730164A40F6882101FB4E
:1052D00003F31344197897F88730124A40F6882070
:1052E00000FB03F3134401331A783B1D603306209F
:1052F0000290019304230093D7F88030FC20FFF73D
:1053000000FA00E000BF97F88730013387F8873054
:1053100097F88730132B7FF6F3AD00E000BF883796
:10532000BD46B0BD0000002080B586B000AF03468A
:10533000FB71FB7940F6882202FB03F318336F4AB6
:1053400013447B617B69D3F858323B617B6993F8E6
:105350001E39FB737B6993F8CA38BB73786908F010
:105360006BFD03467B73FB79644A40F6882101FBA1
:1053700003F3134403F528631B683A699A4222D069
:10538000FB795E4A40F6882101FB03F313440133A5
:105390001878FB79594A40F6882101FB03F313443E
:1053A00003F528631B681A463B691121FFF708FDC6
:1053B000FB79524A40F6882101FB03F3134403F5BD
:1053C00028633A691A60FB794C4A40F6882101FB50
:1053D00003F3134403F684231B78FA7B9A4225D007
:1053E000FB7B002B04D0464B1B680133444A1360FF
:1053F000FB79424A40F6882101FB03F31344013351
:105400001878FB7B002B01D0122100E01321002330
:105410000022FFF7D5FCFB79384A40F6882101FBD2
:1054200003F3134403F68423FA7B1A70FB79334A9F
:1054300040F6882101FB03F3134403F685231B7810
:10544000BA7B9A4225D0BB7B002B04D02D4B1B6826
:1054500001332C4A1360FB79284A40F6882101FB6E
:1054600003F3134401331878BB7B002B01D01421C4
:1054700000E0152100230022FFF7A2FCFB791F4A60
:1054800040F6882101FB03F3134403F68523BA7B1E
:105490001A70FB79194A40F6882101FB03F3134483
:1054A00003F686231B787A7B9A4222D0FB79134A33
:1054B00040F6882101FB03F3134401331878FB798C
:1054C0000E4A40F6882101FB03F3134403F68623BA
:1054D0001B781A467B7B1621FFF772FCFB79074A83
:1054E00040F6882101FB03F3134403F686237A7BFD
:1054F0001A7000BF1837BD4680BD00BF00000020F5
:10550000B0210120B4210120B0B5BAB004AFFFF73B
:1055100013FB002200210120FFF78AFC002387F8FB
:10552000D73091E097F8D7304E4A40F6882101FBFA
:1055300003F313440C331B7883F00103DBB2002B1D
:105540007CD197F8D73040F6882202FB03F318335A
:10555000444A13443A46114618460EF063FD03468A
:10556000002B1CD097F8D7303E4A40F6882101FB2B
:1055700003F31344197897F8D7303A4A40F6882055
:1055800000FB03F3134401331A783B4601200290D9
:1055900004200190C8200090F520FFF75BF897F8F1
:1055A000D730304A40F6882101FB03F313441978C1
:1055B00097F8D7302B4A40F6882000FB03F31344BA
:1055C00001331A7897F8D73040F6882000FB03F3B0
:1055D000183324480344022002900220019040F630
:1055E00038200090F620FFF735F897F8D7301D4A9D
:1055F00040F6882101FB03F3134403F66823D3E943
:105600000023C7E9322397F8D730164A40F688219D
:1056100001FB03F3134401331C78D7F8C850D7E9D2
:1056200032014FF000024FF000030A00002313463E
:105630002A461B212046FFF7C3FB00E000BF97F876
:10564000D730013387F8D73097F8D730132B7FF650
:1056500069AF002200210220FFF7EAFB00BFD83724
:10566000BD46B0BD00000020F0B587B004AF0023F8
:10567000FB71AEE0FB795C4A40F6882101FB03F345
:10568000134403331B787B71FA79FB794FF4427131
:1056900001FB02F255490A44534940F6882000FBB9
:1056A00003F30B4410331A60FB794F4A40F688210C
:1056B00001FB03F313440C3300221A700123BB7166
:1056C0007B791846FEF746FF03463B713B79002B7A
:1056D00015D102200FF0D2FEFB79434A40F6882113
:1056E00001FB03F3134404331B789BB25B0099B2B4
:1056F000142302223E4811F039FA0346BB71BB79EC
:10570000002B13D1FB79184600F080F80346FB709C
:1057100097F90330002B09D1FB79334A40F68821F1
:1057200001FB03F313440C3301221A70FB792E4A58
:1057300040F6882101FB03F313440C331B78002B44
:1057400001D02C4905E0BB79002B01D12A4900E0AA
:105750002A49FB79244A40F6882000FB03F31344CE
:105760001B781E46FB79204A40F6882000FB03F395
:10577000134401331B789C46FB791B4A40F6882072
:1057800000FB03F3134403331B781C46FB79164AD2
:1057900040F6882000FB03F3134404331B781D46B6
:1057A000FB79114A40F6882000FB03F313440C33C5
:1057B0001B78002B01D0124B00E0124B0293019595
:1057C00000946346324610481DF0A0FAFB7901337D
:1057D000FB71FB79132B7FF64DAFFFF795FE00BFF2
:1057E0000C37BD46F0BD00BF00000020D8D400201B
:1057F000A0240120486C0208506C0208586C020872
:10580000606C0208686C0208706C02082DE9F043B5
:105810008BB000AF0346FB716B461E46002387F832
:105820002730172387F8243097F824100B46013BC4
:105830003B62CBB20022984691464FF000024FF0F7
:1058400000034FEAC90343EA58734FEAC802CBB2D8
:1058500000221C4615464FF000024FF00003EB00FB
:1058600043EA5473E2000B460733DB08DB00ADEB81
:10587000030D6B460033FB610023FB8100237B7328
:1058800000233B730023FB72FB797C4A40F688219E
:1058900001FB03F3134410331A68FB7940F68821A7
:1058A00001FB03F375490B4419461046FDF734F824
:1058B00003461A46FB691A70FB791846FEF7DEFBB1
:1058C000FB796E4A40F6882101FB03F31344103341
:1058D0001B68184616F0B2F803461A46FB695A7060
:1058E000FB79664A40F6882101FB03F31344103329
:1058F0001A6807F10D031146184615F04EFF0346CE
:105900001A46FB699A70FB795C4A40F6882101FBD4
:1059100003F3134410331A6807F10C0311461846B9
:1059200015F055FF03461A46FB69DA707B7B892B1D
:1059300002D0FB690122DA700123FB76FB794F4A22
:1059400040F6882101FB03F3134410331A68FB7EF1
:105950001146184615F0E6FF03461A46FB691A7110
:105960002023BB76FB79454A40F6882101FB03F3EF
:10597000134410331A68BB7E1146184615F0EEFF2B
:1059800003461A46FB695A7100237B76FB793B4A32
:1059900040F6882101FB03F3134410331A687B7E21
:1059A0001146184615F0F6FF03461A46FB699A7130
:1059B00000233B76FB79314A40F6882101FB03F353
:1059C000134410331A683B7E1146184615F0FEFF4B
:1059D00003461A46FB69DA71FB79284A40F68821AA
:1059E00001FB03F3134410331A6807F10B0311464C
:1059F000184615F020FF03461A46FB691A72FB7A17
:105A000003F01003002B00F05981FB791B4A40F68C
:105A1000882101FB03F3134410331B681846FCF77D
:105A2000A3FF03461A46FB691A72FB6993F9083013
:105A3000002B06D012481DF069F9FB6993F9083074
:105A400001E2FB790D4A40F6882101FB03F3134480
:105A500010331B68184615F04DFF03461A46FB69C4
:105A60001A72FB6993F90830002B0DD005481DF020
:105A70004DF9FB6993F90830E5E100BF0000002013
:105A8000B46C0208C46C0208FB798D4A40F6882188
:105A900001FB03F3134410331A6807F10E03114698
:105AA000184615F0AEFE03461A46FB695A72FB799A
:105AB00040F6882202FB03F3814A1A44FB798049AD
:105AC00040F6882000FB03F30B4410331B687D492C
:105AD000FE2016F01DF803461A46FB699A72FB7900
:105AE00040F6882202FB03F3754A1A44FB79744995
:105AF00040F6882000FB03F30B4410331B68714908
:105B0000F82016F005F803461A46FB69DA72FB79AD
:105B100040F6882202FB03F3694A1A44FB7968497C
:105B200040F6882000FB03F30B4410331B686649E2
:105B3000252015F0EDFF03461A46FB691A73FB7921
:105B400040F6882202FB03F35D4A1A44FB795C4964
:105B500040F6882000FB03F30B4410331B685B49BD
:105B6000132015F0D5FF03461A46FB695A73FB79DB
:105B700040F6882202FB03F3514A1A44FB7950494C
:105B800040F6882000FB03F30B4410331B68504998
:105B90000D2015F0BDFF03461A46FB699A73FB6999
:105BA0000022DA73FB6900225A75FB79444A40F6F9
:105BB000882101FB03F3134410331B6819460420AA
:105BC00016F07EF80346002B17D0FB7940F68822AA
:105BD00002FB03F33A4A1A44FB79394940F688201C
:105BE00000FB03F30B4410331B683A49042015F003
:105BF0008FFF03461A46FB695A75FB6900229A75A6
:105C0000354B1B78002B3BD1002387F8263026E04C
:105C100097F82630314AD35C132B1AD097F82630E8
:105C20002E4AD25CFB79264940F6882000FB03F31C
:105C30000B4410331B681946104616F041F8034612
:105C4000002B07D097F82630244AD25C224B1A70DA
:105C500009E000BF97F82630013387F8263097F81F
:105C60002630062BD4D91C4B1B78002B01D01C4BA3
:105C700000E01C4B184A127819461B481DF046F8E4
:105C8000154B1B78002B33D0134B1878FB7940F65B
:105C9000882202FB03F30A4A1A44FB79084940F6BA
:105CA000882404FB03F30B4410331B680F4915F0E1
:105CB0002FFF03461A46FB69DA7319E00123C2E09D
:105CC00000000020C5330008092A0008D12C000874
:105CD000712F00086132000878110120A0A104088A
:105CE000D06C0208D86C0208F86C0208E930000891
:105CF000FB79584A40F6882101FB03F31344103323
:105D00001B68184615F058FF03461A46FB691A74BB
:105D1000514B7B6100233B61FB794E4A40F6882161
:105D200001FB03F3134410331B681A46396997EDDE
:105D3000050A252015F010FD03461A46FB695A7422
:105D4000FB79444A40F6882101FB03F313441033E6
:105D50001B681A46396997ED050A132015F0FCFCFB
:105D600003461A46FB699A74FB793A4A40F6882141
:105D700001FB03F3134410331B681A46396997ED8E
:105D8000050A0D2015F0E8FC03461A46FB69DA7493
:105D9000FB79304A40F6882101FB03F313441033AA
:105DA0001B681946042015F08BFF0346002B13D007
:105DB000FB79284A40F6882101FB03F31344103392
:105DC0001B681A46396997ED050A042015F0C4FCD2
:105DD00003461A46FB699A75FB6900221A751F4B28
:105DE0001B78002B14D01D4B1878FB79194A40F60C
:105DF000882101FB03F3134410331B681A463969E9
:105E000097ED050A15F0A8FC03461A46FB691A75BA
:105E1000002387F825300EE097F82530FA69D2562E
:105E200097F9273013435BB287F8273097F825306E
:105E3000013387F8253097F8252097F824309A42C7
:105E4000EAD397F92730B54618462C37BD46BDE84A
:105E5000F08300BF000000200000C842781101203C
:105E600080B582B000AF0023BB710023FB7128E036
:105E7000FB791D4A40F6882101FB03F313440C33E0
:105E80001B7883F00103DBB2002B16D1FB79184697
:105E9000FEF774F80346002B10D0FB79124A40F647
:105EA000882101FB03F3134403F628134FF000028B
:105EB0001A60BB790133BB7100E000BFFB7901338D
:105EC000FB71FB79132BD3D9BB79194607481CF01A
:105ED0001DFFBB79002219461720FEF7A9FFBB79E9
:105EE00018460837BD4680BD00000020206D02081E
:105EF00080B586B000AF0346FB71FB7940F688227F
:105F000002FB03F318334F4A13443B610FF0AAFA24
:105F1000F8600023FB753B6993F83C30002B00F0E0
:105F20008A80FB79484AD35C002B40F086803B692D
:105F3000D3ED0E7AF0EEE77A9FED447AF4EE477AED
:105F4000F1EE10FA02D90123FB7515E03B69D3EDA0
:105F50000E7A9FED3F7AF4EEC77AF1EE10FA0BD588
:105F60003B69D3ED0E7AB5EE007AF4EEC77AF1EE26
:105F700010FA01DD0123FB753B6993F8D035002B46
:105F80001BD03B6903F5B863D3ED007AF0EEE77AF6
:105F90009FED2E7AF4EE477AF1EE10FA0BD83B69BA
:105FA00003F5B863D3ED007AB6EE007AF4EEC77A63
:105FB000F1EE10FA01DD0123FB753B6993F81E3900
:105FC000002B3BD1FB7D002B38D03B6903F51163DF
:105FD000D3ED007AB0EE087AF4EEC77AF1EE10FA5B
:105FE0002CDDFB791B4A52F82330FA68D31A43F6AA
:105FF0009822934222D9FB791649FA6841F8232066
:10600000FB791846FDF7BAFF0346002B16D03B6913
:1060100003F511634FF000021A60FB79094A40F65C
:10602000882101FB03F3134402331B7819460A4805
:106030001CF06CFE02E000BF00E000BF1837BD4658
:1060400080BD00BF0000002038210120FFFF7F7FBE
:1060500020BCBE4CBC210120586D020880B586B022
:1060600000AF0346FB71FB7940F6882202FB03F385
:1060700018339A4A13447B610FF0F4F93861FB79C5
:10608000964A40F6882101FB03F313440C331B7836
:1060900083F00103DBB2002B40F01881FB79904ABA
:1060A000D35C012B71D17B6993F83C30002B27D056
:1060B0007869FDF7E7FE0346002B21D0FB79884A7B
:1060C0000021D154FEF790F9FB79844A40F68821EB
:1060D00001FB03F3134402331B78194681481CF07B
:1060E00015FEFB797D4A40F6882101FB03F313443A
:1060F00001331878002300220F21FEF761FEE7E04C
:10610000FB79794A52F823303A69D31A47F2305270
:10611000934240F2DD80FB791846FDF72FFF0346DE
:10612000002B0DD0FB796D4A40F6882101FB03F36B
:10613000134402331B7819466C481CF0E7FD0CE051
:10614000FB79664A40F6882101FB03F313440233CE
:106150001B78194666481CF0D9FDFB795F4A40F66A
:10616000882101FB03F31344013318780023002234
:106170001021FEF725FEFB79594A0221D154FB7903
:1061800059493A6941F82320A2E0FB79544AD35C8B
:10619000022B0FD1FB79544A52F823303A69D31AB3
:1061A0004EF66022934240F29580FB794C4A0021E2
:1061B000D1548FE07B6993F81E39002B3CD07B696A
:1061C00093F83C30002B37D07B69D3ED0E7AF0EE9C
:1061D000E77A9FED487AF4EE477AF1EE10FA29D883
:1061E0007B69D3ED0E7A9FED447AF4EEC77AF1EE37
:1061F00010FA09D57B69D3ED0E7AB6EE007AF4EE8B
:10620000C77AF1EE10FA15DC7B6993F8D035002BD4
:1062100010D07B6993F8D035002B0DD07B6903F546
:10622000B863D3ED007AB5EE007AF4EEC77AF1EEFA
:1062300010FA01DD012300E00023FB73FB7B002B40
:1062400049D07B6903F2F443D3ED007A9FED2B7ABA
:10625000F4EEC77AF1EE10FA3DDB7B6903F2C4532A
:10626000D3ED007A9FED267AF4EEC77AF1EE10FABC
:1062700031D8786907F01AF9FB79194A0121D1540C
:10628000FB7919493A6941F823201E4B1B680133F9
:106290001C4A1360FB79114A40F6882101FB03F385
:1062A000134401331878002300220E21FEF788FDE5
:1062B000FB790A4A40F6882101FB03F313440233B9
:1062C0001B78194610481CF021FD04E000BF02E0D5
:1062D00000BF00E000BF1837BD4680BD00000020B1
:1062E00038210120906D02084C210120C06D020868
:1062F000046E0208FFFF7F7F20BCBE4C00002042DE
:10630000CDCC4C3FB8210120346E020880B5ADF6EB
:10631000C80D04AF002387F8B7384DE097F8B738B9
:106320002C4A40F6882101FB03F313440C331B78FD
:10633000002B3CD097F8B738264A40F6882101FB5D
:1063400003F3134403331B7887F8A93897F8A93867
:106350001846FEF7FFF8034687F8A83897F8A838DC
:10636000002B24D197F8B7381A4A40F6882101FB50
:1063700003F3134410331A6807F1A8034FF40061C4
:10638000184615F0E7F8034687F8A83897F8B738A5
:106390001846FFF7ADFD97F8B7381846FFF75EFED1
:1063A000FEF734F897F8B7381846FEF7BDFF97F8B0
:1063B000B738013387F8B73897F8B738132BADD90A
:1063C0000FF050F8C7F8B008002387F8B63800F08F
:1063D000A3BE00BF0000002097F8B63840F6882220
:1063E00002FB03F31833DF4A1344C7F8AC3897F8BD
:1063F000B638DC4A40F6882101FB03F313440C3322
:106400001B7883F00103DBB2002B40F07F8697F806
:10641000B638D44A40F6882101FB03F313441B78B5
:1064200087F8AB3897F8B638CE4A40F6882101FB9A
:1064300003F3134401331B7887F8AA38CA4B1B684F
:10644000D7F8B028D31A092B40F2B781D7F8AC3867
:1064500003F6CC131A6807F6B803A3F6B4031A6060
:10646000D7F8AC3803F6F4131A6807F6B803A3F6A6
:10647000B4035A60D7F8AC3803F51F631A6807F6FF
:10648000B803A3F6B4039A60D7F8AC3803F6242314
:106490001A6807F6B803A3F6B403DA60D7F8AC3885
:1064A00003F6DC131A6807F6B803A3F6B4031A61FF
:1064B000D7F8AC3803F51D631A6807F6B803A3F6DE
:1064C000B4035A61D7F8AC3803F6D4131A6807F648
:1064D000B803A3F6B4039A61D7F8AC3803F6D8131F
:1064E0001A6807F6B803A3F6B403DA61D7F8AC3834
:1064F00003F51E631A6807F6B803A3F6B4031A621D
:10650000D7F8AC3803F50C631A6807F6B803A3F69E
:10651000B4035A62D7F8AC3803F51C63D3ED007AA4
:106520009FED927A67EE877A07F6B803A3F6B40375
:10653000C3ED0A7AD7F8AC3893F8E43907EE903A0D
:10654000F8EE677A07F6B803A3F6B403C3ED0B7A47
:10655000D7F8AC3893F8E53907EE903AF8EE677A59
:1065600007F6B803A3F6B403C3ED0C7AD7F8AC383A
:1065700093F8E63907EE903AF8EE677A07F6B80333
:10658000A3F6B403C3ED0D7AD7F8AC3893F8203AEC
:1065900007EE903AF8EE677A07F6B803A3F6B4036D
:1065A000C3ED0E7AD7F8AC3803F6E8131A6807F68D
:1065B000B803A3F6B403DA63D7F8AC3803F6EC13E8
:1065C0001A6807F6B803A3F6B4031A64D7F8AC0840
:1065D00007F056FCF0EE407A07F6B803A3F6B403D2
:1065E000C3ED117AD7F8AC0807F034FCF0EE407A2E
:1065F00007F6B803A3F6B403C3ED127AD7F8AC38A4
:1066000003F614231A6807F6B803A3F6B403DA6492
:10661000D7F8AC3893F81E3907EE903AF8EE677A5F
:1066200007F6B803A3F6B403C3ED147AD7F8AC3871
:1066300093F8CA3807EE903AF8EE677A07F6B8038F
:10664000A3F6B403C3ED157AD7F8AC3803F50A63A3
:106650001A6807F6B803A3F6B4039A65D7F8AC38FE
:1066600003F6A4031A6807F6B803A3F6B403DA65C1
:10667000D7F8AC3803F509631A6807F6B803A3F630
:10668000B4031A66D7F8AC3803F688031A6807F61D
:10669000B803A3F6B4035A66D7F8AC3803F68C03F4
:1066A0001A6807F6B803A3F6B4039A66D7F8AC38AD
:1066B00003F634131A6807F6B803A3F6B403DA66D0
:1066C000D7F8AC3803F6F803D3ED007A9FED277ABC
:1066D00067EE877A07F6B803A3F6B403C3ED1C7A16
:1066E00007F6B803A3F6B4034FF000025A6797F811
:1066F000AA2897F8AB18062302933B1D01930023A9
:106700000093D7F8B038F720FDF7FBFF3B1D183397
:1067100097F8AA2897F8AB18062002900193012356
:106720000093D7F8B038F720FDF7EBFF3B1D30336F
:1067300097F8AA2897F8AB18032002900193022338
:106740000093D7F8B038F720FDF7DBFF3B1D3C3353
:1067500097F8AA2897F8AB18062002900193032314
:10676000009305E00000002010220120E12E654288
:10677000D7F8B038F720FDF7C4FF3B1D543397F826
:10678000AA2897F8AB1806200290019304230093DF
:10679000D7F8B038F720FDF7B4FF3B1D6C3397F8FE
:1067A000AA2897F8AB1803200290019305230093C1
:1067B000D7F8B038F720FDF7A4FFDF4B1B68D7F8F8
:1067C000B028D31A632B40F2A28497F8B638DB4A7C
:1067D00040F6882101FB03F3134403F66823D3E951
:1067E000002310461946FAF7C7FA07EE100ADFED44
:1067F000D47A67EE277A9FEDD37A67EE877A07F629
:10680000B803A3F6B403C3ED007AD7F8AC3803F6A7
:10681000CC131A6807F6B803A3F6B4035A60D7F886
:10682000AC3803F6E8131A6807F6B803A3F6B40306
:106830009A60D7F8AC3803F6EC131A6807F6B80379
:10684000A3F6B403DA60D7F8AC3803F51F631A680F
:1068500007F6B803A3F6B4031A61D7F8AC3803F609
:10686000F4131A6807F6B803A3F6B4035A61D7F80D
:10687000AC3803F51D631A6807F6B803A3F6B40332
:106880009A61D7F8AC3803F6D4131A6807F6B80340
:10689000A3F6B403DA61D7F8AC3803F6D8131A6854
:1068A00007F6B803A3F6B4031A62D7F8AC3803F5B9
:1068B0001E631A6807F6B803A3F6B4035A62D7F842
:1068C000AC3893F8E43907EE903AF8EE677A07F6B9
:1068D000B803A3F6B403C3ED0A7AD7F8AC3893F83B
:1068E000E53907EE903AF8EE677A07F6B803A3F6B3
:1068F000B403C3ED0B7AD7F8AC3893F8E63907EE5A
:10690000903AF8EE677A07F6B803A3F6B403C3ED3E
:106910000C7AD7F8AC3893F8E73907EE903AF8EEEE
:10692000677A07F6B803A3F6B403C3ED0D7AD7F878
:10693000AC3893F8203A07EE903AF8EE677A07F60B
:10694000B803A3F6B403C3ED0E7AD7F8AC3803F658
:10695000DC131A6807F6B803A3F6B403DA63D7F8B2
:10696000AC0807F08DFAF0EE407A07F6B803A3F60C
:10697000B403C3ED107AD7F8AC0807F06BFAF0EE69
:10698000407A07F6B803A3F6B403C3ED117AD7F83B
:10699000AC3803F614231A6807F6B803A3F6B40359
:1069A0009A64D7F8AC3803F50C631A6807F6B80395
:1069B000A3F6B403DA64D7F8AC3893F8213A07EEBB
:1069C000903AF8EE677A07F6B803A3F6B403C3ED7E
:1069D000147AD7F8AC3803F6F8131A6807F6B80338
:1069E000A3F6B4035A65D7F8AC3803F6FC131A685B
:1069F00007F6B803A3F6B4039A65D7F8AC3803F5E5
:106A000020631A6807F6B803A3F6B403DA65D7F86B
:106A1000AC3803F604231A6807F6B803A3F6B403E8
:106A20001A66D7F8AC3803F608231A6807F6B803D5
:106A3000A3F6B4035A66D7F8AC3803F60C231A68E9
:106A400007F6B803A3F6B4039A66D7F8AC3803F692
:106A50001C231A6807F6B803A3F6B403DA66D7F85E
:106A6000AC3803F521631A6807F6B803A3F6B4033C
:106A70001A67D7F8AC3803F618231A6807F6B80374
:106A8000A3F6B4035A6797F8AA2897F8AB18062319
:106A900002933B1D019300230093D7F8B038F820F0
:106AA000FDF72FFE3B1D183397F8AA2897F8AB186F
:106AB00006200290019301230093D7F8B038F82004
:106AC000FDF71FFE3B1D303397F8AA2897F8AB1847
:106AD00006200290019302230093D7F8B038F820E3
:106AE000FDF70FFE3B1D483397F8AA2897F8AB181F
:106AF00006200290019303230093D7F8B038F820C2
:106B0000FDF7FFFD3B1D603397F8AA2897F8AB18F7
:106B100006200290019304230093D7F8B038F820A0
:106B2000FDF7EFFD97F8B638044A40F6882101FBDF
:106B300003F313440CE000BF1422012000000020E6
:106B40006F12833700007A44E12E6542C8CF5F4759
:106B500003F66823D3E9002310461946FAF70CF927
:106B600007EE100A5FED0A7A67EE277A1FED0B7ABF
:106B700067EE877A07F6B803A3F6B403C3ED007A8D
:106B8000D7F8AC3803F51C63D3ED007A1FED127A09
:106B900067EE877A07F6B803A3F6B403C3ED017A6C
:106BA000D7F8AC3803F50A631A6807F6B803A3F6FA
:106BB000B4039A60D7F8AC3803F6A4031A6807F652
:106BC000B803A3F6B403DA60D7F8AC3803F69C1325
:106BD0001A6807F6B803A3F6B4031A61D7F8AC38FD
:106BE00003F69813D3ED007A1FED297A67EE877AC2
:106BF00007F6B803A3F6B403C3ED057AD7F8AC38AB
:106C000003F65413D3ED007A1FED317A67EE877ADD
:106C100007F6B803A3F6B403C3ED067AD7F8AC3889
:106C200003F64C131A6807F6B803A3F6B403DA6147
:106C3000D7F8AC3803F66C031A6807F6B803A3F666
:106C4000B4031A62D7F8AC3803F50E631A6807F676
:106C5000B803A3F6B4035A62D7F8AC3803F511634E
:106C60001A6807F6B803A3F6B4039A62D7F8AC38EB
:106C700003F50D63D3ED007A1FED4C7A67EE877A4A
:106C800007F6B803A3F6B403C3ED0B7AD7F8AC3814
:106C900003F508631A6807F6B803A3F6B4031A638A
:106CA000D7F8AC3803F67C031A6807F6B803A3F6E6
:106CB000B4035A63D7F8AC3803F2F4431A6807F602
:106CC000B803A3F6B4039A63D7F8AC3803F2C453FD
:106CD0001A6807F6B803A3F6B403DA63D7F8AC383A
:106CE00003F5B8631A6807F6B803A3F6B4031A6489
:106CF000D7F8AC3803F2B45393ED007AD7F8AC3838
:106D000003F2B453D3ED007A27EE277AD7F8AC38E4
:106D100003F5B763D3ED006AD7F8AC3803F5B76372
:106D2000D3ED007A66EEA77A37EE277AD7F8AC383B
:106D300003F2BC53D3ED006AD7F8AC3803F2BC536E
:106D4000D3ED007A66EEA77A77EE277AB0EE670A7F
:106D50001EF090F8F0EE407A07F6B803A3F6B403FD
:106D6000C3ED117AD7F8AC3803F5B56393ED007A2B
:106D7000D7F8AC3803F5B563D3ED007A27EE277A60
:106D8000D7F8AC3803F2AC53D3ED006AD7F8AC387F
:106D900003F2AC53D3ED007A66EEA77A37EE277A8A
:106DA000D7F8AC3803F5B663D3ED006AD7F8AC3842
:106DB00003F5B663D3ED007A66EEA77A77EE277A0D
:106DC000B0EE670A1EF056F8F0EE407A07F6B80308
:106DD000A3F6B403C3ED127AD7F8AC3803F6041364
:106DE0001A6807F6B803A3F6B403DA64D7F8AC3828
:106DF000B3F8AC3807EE903AF8EE677A07F6B803C6
:106E0000A3F6B403C3ED147AD7F8AC3893F8CA38B4
:106E100007EE903AF8EE677A07F6B803A3F6B403E4
:106E2000C3ED157AD7F8AC3893F81E3907EE903ACF
:106E3000F8EE677A07F6B803A3F6B403C3ED167A43
:106E4000D7F8AC3893F81F3907EE903AF8EE677A26
:106E500007F6B803A3F6B403C3ED177AD7F8AC3836
:106E600093F8C83807EE903AF8EE677A07F6B80359
:106E7000A3F6B403C3ED187AD7F8AC3893F8C93841
:106E800007EE903AF8EE677A07F6B803A3F6B40374
:106E9000C3ED197AD7F8AC0806F0CEFF034607EE2B
:106EA000903AF8EE677A07F6B803A3F6B403C3ED99
:106EB0001A7AD7F8AC0806F0F9FF034607EE903AC5
:106EC000F8EE677A07F6B803A3F6B403C3ED1B7AAE
:106ED000D7F8AC3893F83C3007EE903AF8EE677A82
:106EE00007F6B803A3F6B403C3ED1C7AD7F8AC38A1
:106EF00093F8613207EE903AF8EE677A07F6B80336
:106F0000A3F6B403C3ED1D7AD7F8AC3893F83E303E
:106F100007EE903AF8EE677A07F6B803A3F6B403E3
:106F2000C3ED1E7AD7F8AC38D3F8583207EE903A52
:106F3000F8EE677A07F6B803A3F6B403C3ED1F7A39
:106F4000D7F8AC385A6B07F6B803A3F6B403C3F806
:106F50008020D7F8AC080CF081FFF0EE407A07F6FD
:106F6000B803A3F6B403C3ED217AD7F8AC3893F88D
:106F7000283707EE903AF8EE677A07F6B803A3F6DB
:106F8000B403C3ED227AD7F8AC3893F8D13507EEC5
:106F9000903AF8EE677A07F6B803A3F6B403C3EDA8
:106FA000237AD7F8AC3893F8643907EE903AF8EEC4
:106FB000677A07F6B803A3F6B403C3ED247AD7F8CB
:106FC000AC3803F624231A6807F6B803A3F6B40313
:106FD000C3F89420D7F8AC3803F628231A6807F6CC
:106FE000B803A3F6B403C3F89820D7F8AC3803F677
:106FF0002C231A6807F6B803A3F6B403C3F89C2041
:10700000D7F8AC3803F523631A6807F6B803A3F67C
:10701000B403C3F8A020D7F8AC3803F634231A68B9
:1070200007F6B803A3F6B403C3F8A42097F8AA2878
:1070300097F8AB18062302933B1D0193002300939E
:10704000D7F8B038F920FDF75CFB3B1D183397F8F3
:10705000AA2897F8AB180620029001930123009309
:10706000D7F8B038F920FDF74CFB3B1D303397F8CB
:10707000AA2897F8AB1806200290019302230093E8
:10708000D7F8B038F920FDF73CFB3B1D483397F8A3
:10709000AA2897F8AB1806200290019303230093C7
:1070A000D7F8B038F920FDF72CFB3B1D603397F87B
:1070B000AA2897F8AB1806200290019304230093A6
:1070C000D7F8B038F920FDF71CFB3B1D783397F853
:1070D000AA2897F8AB180620029001930523009385
:1070E000D7F8B038F920FDF70CFB3B1D903397F82B
:1070F000AA2897F8AB180620029001930623009364
:10710000D7F8B038F920FDF7FCFA00E000BF97F897
:10711000B638013387F8B63897F8B638132B7FF6B0
:107120005BA90E4B1B68D7F8B028D31A092B03D9DB
:107130000A4AD7F8B0381360094B1B68D7F8B02853
:10714000D31A632B03D9064AD7F8B0381360FDF77A
:10715000BDFE00BF07F6B807BD4680BD1022012066
:107160001422012080B59CB000AF78623962FA61C8
:1071700087ED050AC7ED040A87ED031AC7ED021A69
:1071800087ED012AFB7607F12803482200211846E3
:107190001BF002FF7B6ABB62FB7E87F82C3097F8FE
:1071A00078303B6397F87C307B63012387F850305D
:1071B0003B6A7B65FB69BB657B69FB653B693B663D
:1071C000FB687B66BB68BB667B68FB6607F12803D0
:1071D000184600F039F800BF7037BD4680BD80B555
:1071E0009AB000AFF861B9617A6187ED030AC7ED23
:1071F000020A87ED011AFB7407F1200348220021DF
:1072000018461BF0C9FEFB693B62FB7C87F8243003
:1072100097F87030BB6297F87430FB62012387F8EF
:107220003030BB697B637B69BB63FB68FB63BB6816
:107230003B647B687B6407F12003184600F004F888
:1072400000BF6837BD4680BD80B58CB002AF7860A6
:1072500007F10C03802221491846FAF799FA07F141
:107260000C037A681E491846FAF7FFFE034683F0BE
:107270000103DBB2002B06D01A4B1B680133194AFD
:107280001360022326E0BB6907F120000093134B33
:1072900080221549F9F734FF97F82430002B06D0E7
:1072A000104B1B6801330F4A1360032312E03B6A43
:1072B00019460D48FCF712FC02463B6A9A4204D07C
:1072C000084B1B680133074A1360082107480EF07A
:1072D000D0FE002318462837BD4680BD1822012065
:1072E00040760208A02101209822012000000240DF
:1072F00080B582B000AF0023FB712BE0FB79194A07
:1073000040F6882101FB03F3134403331B78BB7160
:10731000BB791846FDF71EF903467B717B79002B7C
:1073200015D1FB79184600F03DF803463B713B79D7
:10733000002B01D0012311E0FB79184600F014F86E
:107340000346FB70FB78002B01D0012306E0FB799C
:107350000133FB71FB79132BD0D900231846083772
:10736000BD4680BD0000002080B584B000AF03465C
:10737000FB710023FB73FB79094A40F6882101FB6E
:1073800003F3134410331B681946FE2014F03AFB34
:107390000346FB73FB7B18461037BD4680BD00BF1C
:1073A0000000002080B584B000AF0346FB710023CD
:1073B000FB73FB79094A40F6882101FB03F3134470
:1073C00010331B681946FE2014F01CFB0346FB73A8
:1073D000FB7B18461037BD4680BD00BF0000002073
:1073E00080B582B000AF0023FB712BE0FB791A4A15
:1073F00040F6882101FB03F313440C331B7883F020
:107400000103DBB2002B19D1FB7940F6882202FB85
:1074100003F31833104A1344184606F033F8FB7987
:107420000D4A40F6882101FB03F313440133187819
:10743000002300220D21FDF7C3FC00E000BFFB7913
:107440000133FB71FB79132BD0D904481BF0C4FC2A
:1074500000BF0837BD4680BD00000020646E0208F2
:1074600080B582B000AF0023FB712FE0FB791E4A8C
:1074700040F6882101FB03F313440C331B7883F09F
:107480000103DBB2002B1DD1FB79184A0021D15436
:10749000FB7940F6882202FB03F31833124A1344A7
:1074A000184606F003F8FB790F4A40F6882101FBE5
:1074B00003F3134401331878002300220821FDF759
:1074C0007FFC00E000BFFB790133FB71FB79132BDC
:1074D000CCD907481BF080FC06481BF07DFC00BFA0
:1074E0000837BD4680BD00BF0000002038210120C4
:1074F000946E0208D86E020880B582B000AF0023F7
:10750000FB710023BB7100237B7126E07B79214A4C
:1075100040F6882101FB03F313440C331B7883F0FE
:107520000103DBB2002B14D1BB790133BB717B7932
:1075300040F6882202FB03F31833164A1344184618
:1075400006F0D0F80346012B04D1FB790133FB711F
:1075500000E000BF7B7901337B717B79132BD5D998
:10756000FB79BA7919460C481BF0D0FBFB79BA7944
:1075700019460920FDF75CFCFB79002B03D0FCF7D2
:1075800033FFFCF743FF00F0DFF800BF0837BD46CC
:1075900080BD00BF00000020186F020880B582B0D7
:1075A00000AF0023FB712BE0FB791A4A40F68821DB
:1075B00001FB03F313440C331B7883F00103DBB2AC
:1075C000002B19D1FB7940F6882202FB03F3183314
:1075D000104A1344184606F0DBFBFB790D4A40F6CF
:1075E000882101FB03F313440133187800230022A0
:1075F0000B21FDF7E5FB00E000BFFB790133FB71D8
:10760000FB79132BD0D904481BF0E6FB00BF0837E9
:10761000BD4680BD00000020486F020880B582B0E2
:1076200000AF0023FB712BE0FB791A4A40F688215A
:1076300001FB03F313440C331B7883F00103DBB22B
:10764000002B19D1FB7940F6882202FB03F3183393
:10765000104A1344184606F0CFFBFB790D4A40F65A
:10766000882101FB03F3134401331878002300221F
:107670000C21FDF7A5FB00E000BFFB790133FB7196
:10768000FB79132BD0D904481BF0A6FB00BF0837A9
:10769000BD4680BD00000020746F020880B582B036
:1076A00000AF0023FB712BE0FB79234A40F68821D1
:1076B00001FB03F313440C331B7883F00103DBB2AB
:1076C000002B19D1FB7940F6882202FB03F3183313
:1076D000194A1344184605F04FFFFB79164A40F645
:1076E000882101FB03F3134401331878002300229F
:1076F0000A21FDF765FB00E000BFFB790133FB7158
:10770000FB79132BD0D90D4B00221A700023BB71CB
:1077100006E0BB790A4A0021D154BB790133BB7121
:10772000BB79132BF5D9FCF777FC06481BF054FB0B
:1077300000BF0837BD4680BD000000203021012079
:1077400038210120986F02082DE9F0412DED028BC0
:10775000CEB026AF9F481BF03FFB002387F89F3039
:107760006AE397F89F3040F6882202FB03F3183350
:10777000994A1344C7F8983097F89F30964A40F6D4
:10778000882101FB03F313440C331B7883F00103BE
:10779000DBB2002B40F04A83D7F8983003F2B453A1
:1077A00093ED007AD7F8983003F2B453D3ED007A12
:1077B00027EE277AD7F8983003F5B763D3ED006A40
:1077C000D7F8983003F5B763D3ED007A66EEA77A61
:1077D00037EE277AD7F8983003F2BC53D3ED006A1E
:1077E000D7F8983003F2BC53D3ED007A66EEA77A4F
:1077F00077EE277AB0EE670A1DF03CFB87ED250A8D
:10780000D7F8983003F5B56393ED007AD7F8983040
:1078100003F5B563D3ED007A27EE277AD7F89830D1
:1078200003F2AC53D3ED006AD7F8983003F2AC53AF
:10783000D3ED007A66EEA77A37EE277AD7F898303C
:1078400003F5B663D3ED006AD7F8983003F5B66355
:10785000D3ED007A66EEA77A77EE277AB0EE670A64
:107860001DF008FB87ED240A97F89F305A4A40F62E
:10787000882101FB03F3134402331B789846D7F8A1
:10788000983093F8CC38052B04D8D7F8983093F873
:10789000CC3800E00023514A52F82330C7F880303A
:1078A000D7F8983003F50C63D3ED007A9FED4C7A4E
:1078B00067EE877ABDEEE78AD7F89830D3ED0C7A79
:1078C000FDEEE77AC7ED1F7AD7F89830D3EDA67AA8
:1078D000FDEEE77AC7ED1E7AD7F8983093F83E3080
:1078E000022B0DD0D7F8983093F83E30012B03D1FE
:1078F0003C4BC7F88C3006E03B4BC7F88C3002E0BD
:107900003A4BC7F88C30D7F89830D3ED0D7A9FED0D
:10791000347A67EE877AFDEEE77AC7ED1D7AD7F8FD
:10792000980005F086FF0346002B0DD1D7F898305C
:1079300093F82937002B03D02D4BC7F8883006E089
:107940002C4BC7F8883002E02B4BC7F88830D7F8AB
:10795000983003F50863D3ED007A9FED287A67EE3F
:10796000877AFDEEE77AC7ED1C7AD7F8983003F6F0
:107970007C03D3ED007A9FED217A67EE877AFDEEE6
:10798000E77AC7ED1B7AD7F8983003F50D63D3ED8E
:10799000007A9FED1B7A67EE877AFDEEE77AC7EDF6
:1079A0001A7AD7F8983003F65413D3ED007A9FED86
:1079B000157A67EE877AFDEEE77AC7ED197AD7F880
:1079C000983093F86439002B20D00F4BC7F88430DF
:1079D0001FE000BFC06F020800000020A0D20020FE
:1079E0000000C8429C700208A4700208A870020837
:1079F000B0700208B8700208C070020800007A4433
:107A0000CDCF5F47E12E6542C4700208D84BC7F85E
:107A10008430D7F8983003F51163D3ED007AFDEE8A
:107A2000E77AC7ED187AD7F898000CF0F1F9034619
:107A3000FB65D7F8983003F2F443D3ED007AFDEEFE
:107A4000E77AC7ED167AD7F8983003F2C453D3ED2E
:107A5000007A9FEDC87A67EE877AFDEEE77AC7ED88
:107A6000157AD7F8983003F5B863D3ED007A9FED17
:107A7000C17A67EE877AFDEEE77AC7ED147AD7ED23
:107A8000257A9FEDBC7A67EE877AFDEEE77AC7ED3F
:107A9000137AD7ED247A9FEDB77A67EE877AFDEEF9
:107AA000E77AC7ED127AD7F898000CF0BFF9F0EE3C
:107AB000407AFDEEE77AC7ED117AD7F89830D3ED2A
:107AC0000E7A9FEDAC7A67EE877AFDEEE77AC7ED26
:107AD000107AD7F8983003F50963D3ED007A9FED5B
:107AE000A57A67EE877AFDEEE77AC7ED0F7AD7F8C9
:107AF000983003F69403D3ED007A9FED9E7A67EEFB
:107B0000877AFDEEE77AC7ED0E7AD7F8983003F65C
:107B1000A403D3ED007A9FED977A67EE877AFDEEA6
:107B2000E77AC7ED0D7AD7F8983003F68803D3EDDE
:107B3000007A9FED907A67EE877AFDEEE77AC7EDDF
:107B40000C7AD7F8983003F68C03D3ED007A9FEDCA
:107B5000897A67EE877AFDEEE77AC7ED0B7AD7F878
:107B6000983003F69803D3ED007A9FED827A67EEA2
:107B7000877AFDEEE77AC7ED0A7AD7F8983003F6F0
:107B80009C03D3ED007A9FED7B7A67EE877AFDEE5A
:107B9000E77AC7ED097AD7F8983003F50C63D3ED8F
:107BA000007A9FED767A67EE877AFDEEE77AC7ED89
:107BB000087AD7F8983093F8CA38FB61D7F898302C
:107BC00093F81E39BB61D7F8983093F81F397B6161
:107BD000D7F8983003F60413D3ED007A9FED677A57
:107BE00067EE877AFDEEE77AC7ED047AD7F898302A
:107BF00003F6C403D3ED007A9FED607A67EE877ACF
:107C0000FDEEE77AC7ED037AD7F8983003F50A63FB
:107C1000D3ED007A9FED577A67EE877AFDEEE77A2B
:107C2000C7ED027AD7F8980006F014F9F0EE407A22
:107C3000FDEEE77AC7ED017AD7F8980006F020F953
:107C4000F0EE407AFDEEE77A17EE906AD7F89830BA
:107C5000D3F85852D7F8980006F0EEF803461C46C1
:107C6000D7F8980006F022F903462593249423952B
:107C700022967A682192BA682092FA681F923A692D
:107C80001E927A691D92BA691C92FA691B923A6A2D
:107C90001A927A6A1992BA6A1892FA6A17923A6B29
:107CA00016927A6B1592BA6B1492FA6B13923A6C25
:107CB00012927A6C1192BA6C1092FA6C0F923A6D21
:107CC0000E927A6D0D92BA6D0C92FB6D0B933B6E1A
:107CD0000A93D7F8843009937B6E0893BB6E0793A1
:107CE000FB6E06933B6F0593D7F8883004937B6F48
:107CF0000393D7F88C300293BB6F0193FB6F009313
:107D000018EE103AD7F8802041461B481AF0FEFFC3
:107D1000D7F8983003F6CC13D3ED007AB2EE047A9C
:107D200067EE877AFDEEE76AD7F8983003F51D63B2
:107D3000D3ED007A9FED117A67EE877ABDEEE76AA0
:107D4000D7F8983003F6D413D3ED007A9FED097A73
:107D500067EE877AFDEEE75AD7F8983003F6D81326
:107D6000D3ED007AB2EE047A67EE877A08E000BFBE
:107D7000C870020800007A44D07002080000C842AF
:107D8000FDEEE77A17EE905AD7F8983003F51E63A8
:107D9000D3ED007A1FED077A67EE877AFDEEE77A7A
:107DA00017EE906AD7F8983093F8E4391A46D7F866
:107DB000983093F8E5391946D7F8983093F8E639B2
:107DC0001846D7F8983093F8E7391C46D7F898301A
:107DD00003F6DC13D3ED007A1FED187A67EE877A8D
:107DE000FDEEE77AC7ED237AD7F8983003F634230F
:107DF000D3ED007A1FED1F7A67EE877AFDEEE77A02
:107E000017EE903A0793D7F88C30069305940490B8
:107E1000039102920196009515EE903A16EE102A03
:107E200016EE901A18481AF071FF00E000BF97F89C
:107E30009F30013387F89F3097F89F30132B7FF6E0
:107E400090AC12481AF0C8FF11481AF0C5FF11484B
:107E50001AF0C2FF10481AF0BFFF10481AF056FF80
:107E60000F481AF0B9FF0F481AF0B6FF0E481AF083
:107E7000B3FF0E481AF0B0FF00BFA037BD46BDECFF
:107E8000028BBDE8F08100BF8C7102081C720208F1
:107E900060720208A4720208F472020844730208B5
:107EA00094730208DC7302082874020868740208DC
:107EB00080B582B000AF87ED010AD7ED017AF0EE10
:107EC000E77A9FED247AF4EE477AF1EE10FA02D9C0
:107ED0004FF0000337E0D7ED017A9FED1F7AF4EE03
:107EE000C77AF1EE10FA08DCD7ED017A9FED1B7A24
:107EF000F4EEC77AF1EE10FA24D5D7ED017A9FEDB2
:107F0000167A77EE877ADFED160AB0EE670A1CF074
:107F100091FF87ED010AD7ED017AF5EEC07AF1EE17
:107F200010FA07D5D7ED017A9FED0D7A77EE877AB3
:107F3000C7ED017AD7ED017A9FED077A77EEC77A20
:107F4000C7ED017A7B6807EE903AB0EE670A083712
:107F5000BD4680BDFFFF7F7FDB0F4940DB0F49C07F
:107F6000DB0FC94080B485B000AF87ED030AC7EDD1
:107F7000020A87ED011A97ED037AD7ED027AB4EE83
:107F8000E77AF1EE10FACCBF01230023DBB283F0D5
:107F90000103DBB2002B01D0BB680BE097ED037A45
:107FA000D7ED017AB4EEE77AF1EE10FA01DD7B68E5
:107FB00000E0FB6807EE903AB0EE670A1437BD4662
:107FC0005DF8047B704780B483B000AF87ED010A91
:107FD000C7ED000A97ED017AD7ED007AB4EEE77AA3
:107FE000F1EE10FA01DD7B6800E03B6807EE903AA5
:107FF000B0EE670A0C37BD465DF8047B70470000A1
:1080000080B582B000AF87ED010A9FED081ADFED61
:10801000080A97ED010AFFF7A5FFF0EE407A054B3D
:10802000C3ED007A00BF0837BD4680BD3333733FD0
:1080300000000000B8D2002080B582B000AF134B22
:108040007B60134B3B60134BD3ED007AB7EE001A05
:10805000DFED110AB0EE670AFFF784FFF0EE407A19
:10806000B7EE007A37EE677AD7ED006AD7ED017A7E
:1080700076EEE77A27EE277AD7ED017A77EE277A40
:10808000B0EE670A0837BD4680BD00BF0000404023
:108090000000A041B8D200200000000080B584B0EC
:1080A00000AF78607B6893ED007A7B68D3ED007A4F
:1080B00027EE277A7B680433D3ED006A7B680433AC
:1080C000D3ED007A66EEA77A37EE277A7B6808331D
:1080D000D3ED006A7B680833D3ED007A66EEA77AA9
:1080E00037EE277A7B680C33D3ED006A7B680C335C
:1080F000D3ED007A66EEA77A77EE277AB0EE670ABC
:108100001CF0B8FE87ED030AD7ED037A9FED257AC0
:10811000F4EEC77AF1EE10FA2EDD7B68D3ED006A3B
:1081200097ED037AC6EE877A7B68C3ED007A7B68A9
:108130000433D3ED006A7B68043397ED037AC6EE0F
:10814000877AC3ED007A7B680833D3ED006A7B68D9
:10815000083397ED037AC6EE877AC3ED007A7B6821
:108160000C33D3ED006A7B680C3397ED037AC6EECF
:10817000877AC3ED007A11E07B684FF07E521A6077
:108180007B6803F10C024FF0000313607B68083337
:1081900012681A607A6804321B68136000BF1037D7
:1081A000BD4680BDBD37863580B485B000AFF86070
:1081B000B9607A60FB6893ED007ABB68D3ED007A12
:1081C00027EE277AFB680433D3ED006ABB680433DB
:1081D000D3ED007A66EEA77A37EE677AFB6808334C
:1081E000D3ED006ABB680833D3ED007A66EEA77A58
:1081F00037EE677AFB680C33D3ED006ABB680C334B
:10820000D3ED007A66EEA77A77EE677A7B68C3EDE6
:10821000007AFB6893ED007ABB680433D3ED007AF3
:1082200027EE277AFB680433D3ED006ABB68D3EDF1
:10823000007A66EEA77A37EE277AFB680833D3ED2B
:10824000006ABB680C33D3ED007A66EEA77A37EE8E
:10825000277AFB680C33D3ED006ABB680833D3ED93
:10826000007A66EEA77A7B68043377EE677AC3ED0F
:10827000007AFB6893ED007ABB680833D3ED007A8F
:1082800027EE277AFB680433D3ED006ABB680C3312
:10829000D3ED007A66EEA77A37EE677AFB6808338B
:1082A000D3ED006ABB68D3ED007A66EEA77A37EEAD
:1082B000277AFB680C33D3ED006ABB680433D3ED37
:1082C000007A66EEA77A7B68083377EE277AC3EDEB
:1082D000007AFB6893ED007ABB680C33D3ED007A2B
:1082E00027EE277AFB680433D3ED006ABB680833B6
:1082F000D3ED007A66EEA77A37EE277AFB6808336B
:10830000D3ED006ABB680433D3ED007A66EEA77A3A
:1083100037EE677AFB680C33D3ED006ABB68D3EDA8
:10832000007A66EEA77A7B680C3377EE277AC3ED86
:10833000007A00BF1437BD465DF8047B704780B4F7
:1083400089B000AFF860B9607A60FB68083393EDDC
:10835000007ABB680833D3ED007A27EE277AFB68F2
:108360000C33D3ED006ABB680433D3ED007A66EEBC
:10837000A77A77EE677A77EEA77AC7ED077AFB6878
:108380000C3393ED007ABB68D3ED007A27EE277AA1
:10839000FB680433D3ED006ABB680833D3ED007A81
:1083A00066EEA77A77EE677A77EEA77AC7ED067A58
:1083B000FB68043393ED007ABB680433D3ED007A95
:1083C00027EE277AFB680833D3ED006ABB68D3ED4C
:1083D000007A66EEA77A77EE677A77EEA77AC7ED2E
:1083E000057ABB6893ED007AFB68D3ED006AD7EDA0
:1083F000077A66EEA77A37EE277AFB680833D3ED63
:10840000006AD7ED057A66EEA76AFB680C3393ED38
:10841000006AD7ED067A66EE277A76EEE77A77EE8F
:10842000277A7B68C3ED007ABB68043393ED007A4A
:10843000FB68D3ED006AD7ED067A66EEA77A37EED1
:10844000277AFB680C33D3ED006AD7ED077A66EE26
:10845000A76AFB68043393ED006AD7ED057A66EEF0
:10846000277A76EEE77A7B68043377EE277AC3EDD6
:10847000007ABB68083393ED007AFB68D3ED006A9D
:10848000D7ED057A66EEA77A37EE277AFB680433D4
:10849000D3ED006AD7ED067A66EEA76AFB6808336B
:1084A00093ED006AD7ED077A66EE277A76EEE77AE3
:1084B0007B68083377EE277AC3ED007A00BF243754
:1084C000BD465DF8047B704780B58AB000AF786028
:1084D00039607B6893ED007A3B68D3ED007A27EE34
:1084E000277A7B680433D3ED006A3B680433D3ED0D
:1084F000007A66EEA77A37EE277A7B680833D3EDE9
:10850000006A3B680833D3ED007A66EEA77A37EE4F
:10851000277A7B680C33D3ED006A3B680C33D3EDCC
:10852000007A66EEA77A77EE277AC7ED087AD7ED5C
:10853000087AF5EEC07AF1EE10FA01D53E4B01E073
:108540004FF07E53FB613B68043393ED007AD7ED27
:10855000077A27EE277A7B680433D3ED007A77EE2B
:10856000677AC7ED067A3B68083393ED007AD7ED5A
:10857000077A27EE277A7B680833D3ED007A77EE07
:10858000677AC7ED057A3B680C3393ED007AD7ED37
:10859000077A27EE277A7B680C33D3ED007A77EEE3
:1085A000677AC7ED047A3B6893ED007AD7ED077AD6
:1085B00027EE277A7B68D3ED007A77EE677AC7EDEE
:1085C000037AD7ED067A27EEA77AD7ED057A67EE1C
:1085D000A77A37EE277AD7ED047A67EEA77A37EED7
:1085E000277AD7ED037A67EEA77A77EE277AB0EE8F
:1085F000670A1CF03FFC87ED090AD7ED097AB0EE57
:10860000007AF4EEC77AF1EE10FA02DD4FF0804303
:108610007B62D7ED097AB6EE007A67EE877AB0EE24
:10862000670A1CF0A3FBF0EE407A77EEA77AB0EE73
:10863000670A2837BD4680BD000080BF80B58CB07A
:1086400000AF786039607B6893F8C838002B4CD055
:108650007B6803F50B6393ED007A7B6893F8C93868
:10866000002B05D07B6803F6B803D3ED007A01E058
:10867000DFED207A77EE877AC7ED0B7AD7ED0B7AAC
:10868000B6EE007A67EE877AB0EE670A1CF010FC4F
:10869000F0EE407AC7ED077A4FF000033B624FF0EF
:1086A00000037B62D7ED0B7AB6EE007A67EE877A2D
:1086B000B0EE670A1CF048FCF0EE407AC7ED0A7A8B
:1086C00007F10C0207F11C0339681846FFF76CFD2F
:1086D00007F10C031846FFF7E1FC07F10C03102229
:1086E000194638681AF0D7FC00E000BF3037BD46A5
:1086F00080BD00BF0000000080B485B000AFF8600E
:10870000B9607A60FB6893ED007ABB68D3ED007ABC
:1087100027EE277AFB680433D3ED006ABB68043385
:10872000D3ED007A66EEA77A37EE277AFB68083336
:10873000D3ED006ABB680833D3ED007A66EEA77A02
:1087400077EE277A7B68C3ED007AFB680C3393EDF4
:10875000007ABB68D3ED007A27EE277AFB681033E6
:10876000D3ED006ABB680433D3ED007A66EEA77AD6
:1087700037EE277AFB681433D3ED006ABB68083301
:10878000D3ED007A66EEA77A7B68043377EE277A1A
:10879000C3ED007AFB68183393ED007ABB68D3ED24
:1087A000007A27EE277AFB681C33D3ED006ABB689A
:1087B0000433D3ED007A66EEA77A37EE277AFB68AA
:1087C0002033D3ED006ABB680833D3ED007A66EE40
:1087D000A77A7B68083377EE277AC3ED007A00BF6B
:1087E0001437BD465DF8047B704780B485B000AF98
:1087F000F860B9607A60FB6893ED007ABB68D3EDEE
:10880000007A27EE277AFB680C33D3ED006ABB6849
:108810000433D3ED007A66EEA77A37EE277AFB6849
:108820001833D3ED006ABB680833D3ED007A66EEE7
:10883000A77A77EE277A7B68C3ED007AFB6804336A
:1088400093ED007ABB68D3ED007A27EE277AFB68B8
:108850001033D3ED006ABB680433D3ED007A66EEC3
:10886000A77A37EE277AFB681C33D3ED006ABB6822
:108870000833D3ED007A66EEA77A7B68043377EE8F
:10888000277AC3ED007AFB68083393ED007ABB6862
:10889000D3ED007A27EE277AFB681433D3ED006A14
:1088A000BB680433D3ED007A66EEA77A37EE277AF9
:1088B000FB682033D3ED006ABB680833D3ED007A40
:1088C00066EEA77A7B68083377EE277AC3ED007AE5
:1088D00000BF1437BD465DF8047B704780B483B099
:1088E00000AF78607B6893ED007A7B681033D3ED3E
:1088F000006A7B682033D3ED007A66EEA76A7B6856
:10890000143393ED006A7B681C33D3ED007A66EE76
:10891000277A76EEE77A27EE277A7B680433D3ED61
:10892000006A7B680C3393ED006A7B682033D3EDDB
:10893000007A26EE276A7B681433D3ED005A7B68F1
:108940001833D3ED007A65EEA77A76EE677A66EE95
:10895000A77A37EE677A7B680833D3ED006A7B68C5
:108960000C3393ED006A7B681C33D3ED007A26EE5E
:10897000276A7B681033D3ED005A7B681833D3ED38
:10898000007A65EEA77A76EE677A66EEA77A77EEDA
:10899000277AB0EE670A0C37BD465DF8047B704756
:1089A00080B584B000AF786039607868FFF796FFD3
:1089B00087ED030AD7ED037AF0EEE77A9FED947A1C
:1089C000F4EE477AF1EE10FA0AD8D7ED037AF0EE1A
:1089D000E77A9FED907AF4EEC77AF1EE10FA01D5BE
:1089E000002311E1F7EE006A97ED037AC6EE877A6D
:1089F000C7ED027A7B68103393ED007A7B682033F1
:108A0000D3ED007A27EE277A7B681433D3ED006A22
:108A10007B681C33D3ED007A66EEA77A37EE677A6F
:108A2000D7ED027A67EE277A3B68C3ED007A7B6860
:108A3000083393ED007A7B681C33D3ED007A27EE80
:108A4000277A7B680433D3ED006A7B682033D3ED4B
:108A5000007A66EEA77A37EE677A3B680433D7ED83
:108A6000027A67EE277AC3ED007A7B68043393EDD0
:108A7000007A7B681433D3ED007A27EE277A7B687F
:108A80000833D3ED006A7B681033D3ED007A66EECD
:108A9000A77A37EE677A3B680833D7ED027A67EE3C
:108AA000277AC3ED007A7B68143393ED007A7B68F4
:108AB0001833D3ED007A27EE277A7B680C33D3ED99
:108AC000006A7B682033D3ED007A66EEA77A37EE32
:108AD000677A3B680C33D7ED027A67EE277AC3EDED
:108AE000007A7B6893ED007A7B682033D3ED007ABF
:108AF00027EE277A7B680833D3ED006A7B6818334A
:108B0000D3ED007A66EEA77A37EE677A3B681033CA
:108B1000D7ED027A67EE277AC3ED007A7B680833D7
:108B200093ED007A7B680C33D3ED007A27EE277A39
:108B30007B68D3ED006A7B681433D3ED007A66EE70
:108B4000A77A37EE677A3B681433D7ED027A67EE7F
:108B5000277AC3ED007A7B680C3393ED007A7B684B
:108B60001C33D3ED007A27EE277A7B681033D3EDE0
:108B7000006A7B681833D3ED007A66EEA77A37EE89
:108B8000677A3B681833D7ED027A67EE277AC3ED30
:108B9000007A7B68043393ED007A7B681833D3ED59
:108BA000007A27EE277A7B68D3ED006A7B681C3356
:108BB000D3ED007A66EEA77A37EE677A3B681C330E
:108BC000D7ED027A67EE277AC3ED007A7B6893EDE2
:108BD000007A7B681033D3ED007A27EE277A7B6822
:108BE0000433D3ED006A7B680C33D3ED007A66EE74
:108BF000A77A37EE677A3B682033D7ED027A67EEC3
:108C0000277AC3ED007A012318461037BD4680BD90
:108C1000FFFF7F7F5F70893080B487B000AFF8605E
:108C2000B9607A600023FB7552E00023BB7549E010
:108C3000FA7D13465B0013449B001A46FB681344FD
:108C400093ED007ABB7D9B00BA681344D3ED007AA4
:108C500027EE277AFA7D13465B0013449B0004330A
:108C6000FA681344D3ED006ABB7D03339B00BA68F6
:108C70001344D3ED007A66EEA77A37EE277AFA7DB1
:108C800013465B0013449B000833FA681344D3ED8A
:108C9000006ABB7D06339B00BA681344D3ED007AAB
:108CA00066EEA77AFA7D13465B001A44BB7D134437
:108CB0009B007A68134477EE277AC3ED007ABB7D78
:108CC0000133BB75BB7D022BB2D9FB7D0133FB7534
:108CD000FB7D022BA9D900BF00BF1C37BD465DF844
:108CE000047B704780B582B000AF786024220021F9
:108CF00078681AF051F97B6803F120024FF07E5337
:108D000013607B68103312681A601A687B681A60F7
:108D100000BF0837BD4680BD80B5A2B000AF786007
:108D200039604FF00003C7F88430002387F87F30A4
:108D30002CE097F87F309B007A681344D3ED007ADB
:108D4000F0EEE77A9FEDE07AF4EE477AF1EE10FA72
:108D500001D90023DEE197F87F309B007A68134445
:108D600093ED007A97F87F309B007A681344D3ED37
:108D7000007A67EE277A97ED217A77EE277AC7EDAA
:108D8000217A97F87F30013387F87F3097F87F306A
:108D9000082BCED9D7ED217AF0EE086A87EEA67AB5
:108DA000B0EE470A1CF066F887ED210AD7ED217A6C
:108DB0009FEDC67AF4EEC77AF1EE10FACCBF01232C
:108DC0000023DBB283F00103DBB2002B01D00023D0
:108DD000A0E1002387F87F3017E097F87F309B00F1
:108DE0007A681344D3ED006A97F87F3097ED217AC3
:108DF000C6EE877A9B0088333B44383BC3ED007A4C
:108E000097F87F30013387F87F3097F87F30082B51
:108E1000E3D9002387F87E30BFE007F12C0207F189
:108E2000500311461846FFF7BBFD0346002B01D146
:108E300000236FE197ED147AD7ED0B7A77EE277A5E
:108E4000B6EE007A67EE877AC7ED027A97ED157A6B
:108E5000D7ED0E7A77EE277AB6EE007A67EE877A4C
:108E6000C7ED037A97ED167AD7ED117A77EE277A68
:108E7000B6EE007A67EE877AC7ED047A97ED177A37
:108E8000D7ED0C7A77EE277AB6EE007A67EE877A1E
:108E9000C7ED057A97ED187AD7ED0F7A77EE277A36
:108EA000B6EE007A67EE877AC7ED067A97ED197A03
:108EB000D7ED127A77EE277AB6EE007A67EE877AE8
:108EC000C7ED077A97ED1A7AD7ED0D7A77EE277A04
:108ED000B6EE007A67EE877AC7ED087A97ED1B7ACF
:108EE000D7ED107A77EE277AB6EE007A67EE877ABA
:108EF000C7ED097A97ED1C7AD7ED137A77EE277ACA
:108F0000B6EE007A67EE877AC7ED0A7A4FF0000373
:108F1000C7F88030002387F87F302CE097F87F3047
:108F20009B0088333B44803B93ED007A97F87F3079
:108F30009B0088333B44383BD3ED007A77EE677A69
:108F4000F0EEE77A97ED207A77EE277AC7ED207A70
:108F500097F87F2097F87F30920088323A44803A21
:108F600012689B0088333B44383B1A6097F87F3087
:108F7000013387F87F3097F87F30082BCED9D7EDB3
:108F8000207A9FED537AF4EEC77AF1EE10FA0AD404
:108F900097F87E30013387F87E3097F87E301F2BAC
:108FA0007FF63BAF00E000BF07F150031846FFF724
:108FB00095FCF0EE407A9FED477AF4EEC77AF1EE39
:108FC00010FACCBF01230023DBB283F00103DBB234
:108FD000002B01D000239DE0002387F87F308CE038
:108FE000002387F87D307EE097F87F2013465B00F2
:108FF00013449B0088333B44383B93ED007A97F849
:109000007D2013465B0013449B0088333B44383B70
:10901000D3ED007A27EE277A97F87F2013465B007E
:10902000134401339B0088333B44383BD3ED006A43
:1090300097F87D2013465B00134401339B0088336F
:109040003B44383BD3ED007A66EEA77A37EE277AB9
:1090500097F87F2013465B00134402339B0088334C
:109060003B44383BD3ED006A97F87D2013465B0004
:10907000134402339B0088333B44383BD3ED007AE2
:1090800066EEA77A77EE277AC7ED1E7A97F87F20EB
:1090900097F87D309A4202D14FF07E5301E04FF0B5
:1090A00000037B6797ED1E7AD7ED1D7A77EE677A1E
:1090B000F0EEE77A9FED087AF4EEC77AF1EE10FA57
:1090C0000CDD002326E000BFFFFF7F7FCCBC8C2B94
:1090D00095BFD6336666663F0AD7233C97F87D3046
:1090E000013387F87D3097F87D30022B7FF67CAF17
:1090F00097F87F30013387F87F3097F87F30022B65
:109100007FF66EAF07F1500324221946386819F034
:10911000C2FF012318468837BD4680BD80B5AAB07E
:1091200000AF7860396007F174032422796818462B
:1091300019F0B1FF07F150031846FFF7D3FD0023E4
:1091400087F8A6308EE04FF00003C7F8A03007F193
:109150002C0207F1740311461846FFF721FC034661
:10916000002B01D10023ACE007F1080207F1500306
:1091700011461846FFF714FC0346002B01D10023CB
:109180009FE0002387F8A7305AE097F8A7309B00AC
:10919000A8333B44343B93ED007A97F8A7309B000B
:1091A000A8333B44A03BD3ED007A77EE277AB6EEA6
:1091B000007A67EE877AC7ED277A97F8A7309B0089
:1091C000A8333B44583B93ED007A97F8A7309B00B7
:1091D000A8333B447C3BD3ED007A77EE277AB6EE9A
:1091E000007A67EE877AC7ED267A97F8A7309B005A
:1091F000A8333B44343BD3ED007A97ED277A77EEE2
:10920000677AF0EEE77A97ED287A77EE277AC7ED5E
:10921000287A97F8A7309B00A8333B44343BD7F813
:109220009C201A6097F8A7309B00A8333B44583B1A
:10923000D7F898201A6097F8A730013387F8A7303D
:1092400097F8A730082BA0D9D7ED287A9FED1F7A81
:10925000F4EEC77AF1EE10FA0AD497F8A63001338B
:1092600087F8A63097F8A6301F2B7FF66CAF00E08A
:1092700000BF002387F8A73017E097F8A7309B00BE
:10928000A8333B44343BD3ED007AF0EEE77A9FED10
:10929000107AF4EE477AF1EE10FA01D9002310E0CB
:1092A00097F8A730013387F8A73097F8A730082B35
:1092B000E3D907F1740324221946386819F0EBFE4C
:1092C00001231846A837BD4680BD00BF95BFD633E1
:1092D000FFFF7F7F80B48DB000AF786039607B681E
:1092E000043393ED007A7B680433D3ED007A67EEA4
:1092F000277AC7ED0B7A7B68083393ED007A7B6899
:109300000833D3ED007A67EE277AC7ED0A7A7B68D7
:109310000C3393ED007A7B680C33D3ED007A67EE63
:10932000277AC7ED097A7B68043393ED007A7B686E
:109330000833D3ED007A67EE277AC7ED087A7B68A9
:10934000043393ED007A7B680C33D3ED007A67EE3B
:10935000277AC7ED077A7B68083393ED007A7B683C
:109360000C33D3ED007A67EE277AC7ED067A7B6877
:1093700093ED007A7B680433D3ED007A67EE277AA9
:10938000C7ED057A7B6893ED007A7B680833D3EDEF
:10939000007A67EE277AC7ED047A7B6893ED007A4E
:1093A0007B680C33D3ED007A67EE277AC7ED037A3A
:1093B00097ED0A7AD7ED097A77EE277A77EEA77AD2
:1093C000B7EE007A77EE677A3B68C3ED007A97EDE7
:1093D000087AD7ED037A77EE677A3B68043377EE45
:1093E000A77AC3ED007A97ED077AD7ED047A77EE86
:1093F000277A3B68083377EEA77AC3ED007A97EDBA
:10940000087AD7ED037A77EE277A3B680C3377EE4C
:10941000A77AC3ED007A97ED0B7AD7ED097A77EE4C
:10942000277A77EEA77A3B681033B7EE007A77EEAB
:10943000677AC3ED007A97ED067AD7ED057A77EE75
:10944000677A3B68143377EEA77AC3ED007A97ED1D
:10945000077AD7ED047A77EE677A3B68183377EEB0
:10946000A77AC3ED007A97ED067AD7ED057A77EE05
:10947000277A3B681C3377EEA77AC3ED007A97ED25
:109480000B7AD7ED0A7A77EE277A77EEA77A3B68E0
:109490002033B7EE007A77EE677AC3ED007A00BF2B
:1094A0003437BD465DF8047B704780B584B000AFAB
:1094B00078607B6893ED007A7B681033D3ED007A97
:1094C00037EE277A7B682033D3ED007A77EE277A60
:1094D000C7ED037AD7ED037AB7EE007A77EEC77A55
:1094E000B6EE007A67EE877AB7EE001AFFEE000A52
:1094F000B0EE670AFEF736FDF0EE407AB0EE670A8E
:109500001BF008FCF0EE407AB0EE670A1037BD465B
:1095100080BD80B485B000AF03460A46FB71134698
:10952000BB71FA79BB799A4205D9FB79FB73BB7998
:10953000FB71FB7BBB71FB791A46920013445B0005
:10954000DAB2FB79F979013901FB03F35B08DBB28D
:10955000D31ADAB2B979FB79CB1ADBB21344DBB296
:1095600018461437BD465DF8047B704780B48BB055
:1095700000AFF860B9607A60FB704FF000033B62A7
:10958000002387F8273019E097F82730FA7803FB93
:1095900002F297F8273013449B00FA681344D3ED86
:1095A000007AF0EEE77A97ED087A77EE277AC7ED42
:1095B000087A97F82730013387F8273097F8272063
:1095C000FB789A42E0D3D7ED087AF5EEC07AF1EE57
:1095D00010FACCBF01230023DBB283F00103DBB21E
:1095E000002B0AD1D7ED087AF0EEE77A9FEDB87A32
:1095F000F4EE477AF1EE10FA01D9002303E20023DA
:1096000087F827302DE097F82730FA7803FB02F22D
:1096100097F8273013449B00FA68134493ED007ABF
:10962000D7ED087ADFEDA86A27EEA66AFB7807EE89
:10963000903AF8EE676AC6EE267A97F82730FA78FD
:1096400003FB02F297F8273013449B00FA68134497
:1096500077EE277AC3ED007A97F82730013387F841
:10966000273097F82720FB789A42CCD3002387F83D
:10967000253095E197F8253087F8243097F8253084
:10968000013387F827302BE097F82730FA7803FB6F
:1096900002F297F8253013449B00FA681344D3ED87
:1096A000007AB0EEE77A97F82430FA7803FB02F2FA
:1096B00097F8253013449B00FA681344D3ED007AE1
:1096C000F0EEE77AB4EEE77AF1EE10FA03DD97F800
:1096D000273087F8243097F82730013387F8273070
:1096E00097F82720FB789A42CED397F82430FA785F
:1096F00003FB02F297F8253013449B00FA681344E9
:10970000D3ED007AB0EEE77AD7ED087ADFED6F6A35
:1097100067EEA67AB4EEE77AF1EE10FA01D50023EF
:1097200071E197F8242097F825309A4259D0002308
:1097300087F8263036E097F82530FA7803FB02F2F6
:1097400097F8263013449B00FA6813441B68BB61EA
:1097500097F82430FA7803FB02F297F82630134486
:109760009B00FA681A4497F82530F97803FB01F159
:1097700097F826300B449B00F9680B4412681A6076
:1097800097F82430FA7803FB02F297F82630134456
:109790009B00FA681344BA691A6097F826300133BF
:1097A00087F8263097F82620FB789A42C3D397F89B
:1097B00025309B00BA6813441B68FB6197F824307E
:1097C0009B00BA681A4497F825309B00B9680B448F
:1097D00012681A6097F824309B00BA681344FA693B
:1097E0001A6097F82530FA7803FB02F297F82530D3
:1097F00013449B00FA68134493ED007AF7EE006A75
:10980000C6EE877AC7ED057A002387F8263022E076
:1098100097F82530FA7803FB02F297F826301344C4
:109820009B00FA68134493ED007A97F82530FA7894
:1098300003FB02F297F8263013449B00FA681344A6
:10984000D7ED057A67EE277AC3ED007A97F82630D0
:10985000013387F8263097F82620FB789A42D7D331
:1098600097F825309B00BA68134493ED007A97F877
:1098700025309B00BA681344D7ED057A67EE277A46
:10988000C3ED007A002387F827307EE097F8272081
:1098900097F825309A4270D097F82730FA7803FB72
:1098A00002F297F8253013449B00FA6813441B68B2
:1098B0003B61D7ED047AF5EE407AF1EE10FA5ED016
:1098C000002387F8263037E0BD378635CCBC8C2B9B
:1098D000FFFF7F7F97F82730FA7803FB02F297F8B3
:1098E000263013449B00FA68134493ED007A97F8EE
:1098F0002530FA7803FB02F297F8263013449B00D8
:10990000FA681344D3ED006AD7ED047A66EEA77ABD
:1099100097F82730FA7803FB02F297F826301344C1
:109920009B00FA68134477EE677AC3ED007A97F8E4
:109930002630013387F8263097F82620FB789A42A4
:10994000C8D397F827309B00BA68134493ED007A88
:1099500097F825309B00BA681344D3ED006AD7ED21
:10996000047A66EEA77A97F827309B00BA6813440A
:1099700077EE677AC3ED007A02E000BF00E000BF37
:1099800097F82730013387F8273097F82720FB789E
:109990009A42FFF47BAF97F82530013387F82530E2
:1099A00097F82520FB789A42FFF464AE002387F8ED
:1099B000273022E097F827309B00BA681344D3ED94
:1099C000007AF0EEE77A1FED3E7AF4EE477AF1EE98
:1099D00010FA01D9002316E097F827309B00BA68E7
:1099E0001A4497F827309B0079680B4412681A6074
:1099F00097F82730013387F8273097F82720FB782E
:109A00009A42D7D3012318462C37BD465DF8047B14
:109A1000704700BF80B485B000AF78600023FB734F
:109A200007E07B68013B7A6813407B60FB7B013376
:109A3000FB737B68002BF4D1FB7B18461437BD46C3
:109A40005DF8047B7047000080B584B000AF78609B
:109A50007B6840334FF4DC720021184619F09CFA01
:109A60007B680022C3F84C227B680022C3F8502296
:109A70007B680022C3F844227B68002283F86222BC
:109A80007B68002283F863227B68002283F86022CF
:109A90007B684FF00002C3F85C227B683C22C3F86D
:109AA00054227B684FF00002C3F804220023FB73AA
:109AB00021E0FB7B7A687E339B0013444FF0000269
:109AC0001A60FB7B7A6888339B0013444FF00002D6
:109AD0001A60FB7B7A6882339B0013440A4A1A603F
:109AE000FB7B7A6884339B0013440433074A1A6073
:109AF000FB7B0133FB73FB7B022BDAD900BF00BF7A
:109B00001037BD4680BD00BFCAF24971CAF249F1A3
:109B100080B582B000AF78604FF41A720021786887
:109B200019F03AFA7B680C331846FFF7DBF87B68CC
:109B3000074A5A637B68064A9A637868FFF784FF8E
:109B40007B68022283F8612200BF0837BD4680BDD2
:109B5000286B6E4E80B586B000AFF860B9607A6051
:109B6000FB6893F86432012B44D80223FB751CE098
:109B7000FB7D5A1E13465B0013449B0003F50A73DA
:109B8000FA681344181DFB7D9A1E13465B001344AC
:109B90009B0003F50A73FA68134404330C22194638
:109BA00019F079FAFB7D013BFB75FB7D012BDFD8BA
:109BB000FB6803F50B730C22B968184619F06BFAB1
:109BC000FB6893F864320133DAB2FB6883F86422ED
:109BD000BB681A687B681A60BB681A1D7B6804330F
:109BE00012681A60BB6803F108027B6808331268C8
:109BF0001A6059E00023FB7528E0FB7D9B00BA68E2
:109C0000134493ED007AFB7DFA688A339B0013447A
:109C10000433D3ED007A77EEA77A37EE277AFB7D0F
:109C2000FA688D339B0013440433D3ED007A77EE4A
:109C3000277AFB7D9B007A681344B5EE007A67EEC5
:109C4000877AC3ED007AFB7D0133FB75FB7D022B28
:109C5000D3D90223FB751CE0FB7D5A1E13465B0023
:109C600013449B0003F50A73FA681344181DFB7D27
:109C70009A1E13465B0013449B0003F50A73FA68AF
:109C8000134404330C22194619F005FAFB7D013BFD
:109C9000FB75FB7D012BDFD8FB6803F50B730C22F2
:109CA000B968184619F0F7F91837BD4680BD0000AD
:109CB00080B487B000AF78600023FB757B68D3ED7C
:109CC000007AF0EEE77AC7ED047A7B680433D3EDCF
:109CD000007AF0EEE77A97ED047AB4EEE77AF1EEE7
:109CE00010FA09D57B680433D3ED007AF0EEE77AF9
:109CF000C7ED047A0123FB757B680833D3ED007A46
:109D0000F0EEE77A97ED047AB4EEE77AF1EE10FA26
:109D100001D50223FB75FB7D591C254BA3FB0123B9
:109D20005A0813465B001344CA1A1346FB73FB7DA3
:109D3000991C1F4BA3FB01235A0813465B001344D5
:109D4000CA1A1346BB73FB7DDB00BB75FB7D9B0012
:109D50007A681344D3ED007AF5EEC07AF1EE10FA8A
:109D600002DDBB7D0433BB75FB7B9B007A6813442B
:109D7000D3ED007AF5EEC07AF1EE10FA02DDBB7D8C
:109D80000233BB75BB7B9B007A681344D3ED007A2A
:109D9000F5EEC07AF1EE10FA02DDBB7D0133BB7542
:109DA000BB7D18461C37BD465DF8047B704700BF7D
:109DB000ABAAAAAA80B59CB000AFF860B96087EDE5
:109DC000010A002387F86F3048E097F86F309B0056
:109DD000BA68134493ED007A97F86F30FA688233CB
:109DE0009B001344D3ED007AB4EEE77AF1EE10FA5B
:109DF0000CD597F86F309B00BA681A4497F86F300B
:109E00001268F96882339B000B441A6097F86F3030
:109E10009B00BA68134493ED007A97F86F30FA68A4
:109E200084339B0013440433D3ED007AB4EEE77A15
:109E3000F1EE10FA0DDD97F86F309B00BA681A4406
:109E400097F86F301268F96884339B000B44043331
:109E50001A6097F86F30013387F86F3097F86F30DA
:109E6000022BB2D9FB68D3F850325A1CFB68C3F8F6
:109E70005022FB6893ED977AD7ED017A77EE277A37
:109E8000FB68C3ED977AFB6893F86232002B40F0D1
:109E9000BE80FB6893ED7E7ABB68D3ED007A77EEE7
:109EA000277AFB68C3ED7E7AFB6893ED7F7ABB6807
:109EB0000433D3ED007A77EE277AFB68C3ED7F7A1F
:109EC000FB6893ED807ABB680833D3ED007A77EEB8
:109ED000277AFB68C3ED807ABB6893ED007ABB6894
:109EE000D3ED007A27EE277ABB680433D3ED006AFE
:109EF000BB680433D3ED007A66EEA77A37EE277A93
:109F0000BB680833D3ED006ABB680833D3ED007A31
:109F100066EEA77A77EE277AB0EE670A1AF0AAFF04
:109F2000B0EE407AFB68D3ED817A77EE277AFB6852
:109F3000C3ED817AFB68D3F850323B2B40F2D381DA
:109F4000FB68D3F8503207EE903AB8EE677AF7EE36
:109F5000006AC6EE877AC7ED127AFB6893ED7E7AC7
:109F6000D7ED127A67EE277AFB68C3ED7E7AFB683D
:109F700093ED7F7AD7ED127A67EE277AFB68C3ED0F
:109F80007F7AFB6893ED807AD7ED127A67EE277AB5
:109F9000FB68C3ED807AFB6893ED817AD7ED127A86
:109FA00067EE277AFB68C3ED817AFB68D3ED817A8F
:109FB0009FEDCE7AF4EEC77AF1EE10FACCBF012312
:109FC0000023DBB283F00103DBB2002B1AD0FB6865
:109FD0004FF00002C3F80022FB68D3F80022FB68B0
:109FE000C3F8FC21FB68D3F8FC21FB68C3F8F82117
:109FF000FB684FF00002C3F80422FB680022C3F89C
:10A00000502278E1FB68012283F8622273E1BB6889
:10A0100093ED007AFB68D3ED7E7A77EE676AFB6892
:10A0200093ED817AC6EE877AC7ED1A7ABB6804335E
:10A0300093ED007AFB68D3ED7F7A77EE676AFB6871
:10A0400093ED817AC6EE877AC7ED197ABB6808333B
:10A0500093ED007AFB68D3ED807A77EE676AFB6850
:10A0600093ED817AC6EE877AC7ED187AD7ED1A7A22
:10A07000F0EEE77AB1EE007AF4EEC77AF1EE10FA7C
:10A0800015DCD7ED197AF0EEE77AB1EE007AF4EE4E
:10A09000C77AF1EE10FA0ADCD7ED187AF0EEE77A1B
:10A0A000B1EE007AF4EEC77AF1EE10FA13DDFB6838
:10A0B00093F86332072B0ED8FB6893F863320133B1
:10A0C00087F85F30F868FFF7BFFCFB6897F85F2000
:10A0D00083F863220FE1FB68D3F84C32002B46D0A3
:10A0E000BB6893ED007AFB68D3ED887A77EE676AF8
:10A0F000FB6893ED817AC6EE877AC7ED167ABB6866
:10A10000043393ED007AFB68D3ED897A77EE676AC2
:10A11000FB6893ED817AC6EE877AC7ED157ABB6846
:10A12000083393ED007AFB68D3ED8A7A77EE676A9D
:10A13000FB6893ED817AC6EE877AC7ED147AD7ED86
:10A14000167A27EEA77AD7ED157A67EEA77A37EE5B
:10A15000277AD7ED147A67EEA77A77EE277A9FED04
:10A16000647AF4EEC77AF1EE10FA00F1C380BB6EA8
:10A170007B617B6EBB613B6EFB6107F1140318468C
:10A18000FFF796FD03461A46012303FA02F2FB6825
:10A19000D3F844321A43FB68C3F84422D7ED1A7A45
:10A1A00067EEA77AC7ED087AD7ED197A67EEA77A36
:10A1B000C7ED097AD7ED187A67EEA77AC7ED0A7A64
:10A1C00097ED1A7AD7ED197A67EE277AC7ED0B7AF1
:10A1D00097ED1A7AD7ED187A67EE277AC7ED0C7AE1
:10A1E00097ED197AD7ED187A67EE277AC7ED0D7AD1
:10A1F000BB6EBB637B6EFB633B6E3B644FF07E5379
:10A200007B64FB6893F860321A46DC2302FB03F39D
:10A210004033FA681344FB64002387F86F303CE056
:10A2200097F86F3087F86E302EE097F86E2097F829
:10A230006F3011461846FFF76CF9034619460B4676
:10A240009B00FA6C134493ED007A97F86F309B00F3
:10A2500070333B44503BD3ED006A97F86E309B005F
:10A2600070333B44503BD3ED007A66EEA77A0B4641
:10A270009B00FA6C134477EE277AC3ED007A97F8C7
:10A280006E30013387F86E3097F86E30092BCCD9D9
:10A2900097F86F30013387F86F3097F86F30092BDC
:10A2A000BED9FB6893F8603283F00103DAB2FB6831
:10A2B00083F86022BB681A68FB68C3F82022BB6879
:10A2C00004331A68FB68C3F82422BB6808331A6891
:10A2D000FB68C3F82822FB68D3F84C325A1CFB6891
:10A2E000C3F84C2207E000BF05E000BF6F12833ABD
:10A2F00017B7D13A00BF7037BD4680BD80B584B076
:10A3000000AF786039604FF00003FB600023FB7200
:10A3100052E0FA7AFB7A11461846FFF7FAF803463C
:10A320009B007A68134493ED007AFB7A9B003A68AD
:10A330001344D3ED007A27EE277AFB7A9B003A6824
:10A340001344D3ED007A67EE277A97ED037A77EE20
:10A35000277AC7ED037AFB7A0133BB7226E0BA7A1B
:10A36000FB7A11461846FFF7D4F803469B007A683B
:10A370001344D3ED007A37EEA77AFB7A9B003A6854
:10A380001344D3ED007A27EE277ABB7A9B003A6814
:10A390001344D3ED007A67EE277A97ED037A77EED0
:10A3A000277AC7ED037ABB7A0133BB72BB7A092BDC
:10A3B000D5D9FB7A0133FB72FB7A092BA9D9FB684B
:10A3C00007EE903AB0EE670A1037BD4680BD80B404
:10A3D00085B000AF786039603B684FF07E521A60FC
:10A3E0000023FB730DE0FB7B9B007A681A44FB7B28
:10A3F00001339B0039680B4412681A60FB7B013300
:10A40000FB73FB7B082BEED900BF00BF1437BD46A2
:10A410005DF8047B704780B582B000AF7860092199
:10A420000920FFF776F803469B007A6813441B68FF
:10A4300007EE903AB0EE670A0837BD4680BD0000CF
:10A4400080B5B4B000AFF8607A603B600B46FB7239
:10A450004FF07E53C7F89430FB680833D3ED007A91
:10A46000B6EE007A67EE877AC7ED267AFB680C3382
:10A47000D3ED007AB6EE007A67EE877AC7ED277AD9
:10A48000FB680833D3ED007AB6EE007A67EE877A80
:10A49000C7ED287AFB681B68C7F8A430FB68103347
:10A4A000D3ED007AB6EE007A67EE877AC7ED2A7AA6
:10A4B000FB680C33D3ED007AB6EE007A67EE877A4C
:10A4C000C7ED2B7AFB681033D3ED007AB6EE007A35
:10A4D00067EE877AC7ED2C7AFB6804331B68C7F8F0
:10A4E000B430D7ED257AF5EEC07AF1EE10FACCBF94
:10A4F00001230023DBB283F00103DBB2002B01D088
:10A500000023CCE197ED257AD7ED297A27EE277A3B
:10A51000D7ED266AD7ED287A66EEA77A77EE677AC6
:10A52000F5EEC07AF1EE10FACCBF01230023DBB2C6
:10A5300083F00103DBB2002B01D00023AFE107F170
:10A5400094031846FEF7CAF987ED320AD7ED327A3E
:10A55000F5EEC07AF1EE10FACCBF01230023DBB296
:10A5600083F00103DBB2002B01D0002397E107F158
:10A57000700207F1940311461846FEF711FA0346DC
:10A58000002B01D100238AE1002387F8CF3049E076
:10A5900097F8CF2013465B0013449B00D0333B4415
:10A5A000603B93ED007AFB681433D3ED007A27EE1D
:10A5B000277A97F8CF2013465B00134401339B00A2
:10A5C000D0333B44603BD3ED006AFB681833D3EDD6
:10A5D000007A66EEA77A37EE277A97F8CF201346EF
:10A5E0005B00134402339B00D0333B44603BD3ED0C
:10A5F000006AFB681C33D3ED007A66EEA77A77EE2B
:10A60000277A97F8CF30BEEE007A67EE877A9B0004
:10A61000D0333B446C3BC3ED007A97F8CF30013325
:10A6200087F8CF3097F8CF30022BB1D907F1580215
:10A6300007F1640107F194031846FEF75DF897ED02
:10A64000197AD7ED167A27EE277AD7ED1A6AD7ED61
:10A65000177A66EEA77A37EE277AD7ED1B6AD7ED21
:10A66000187A66EEA77A37EE277AFB682033D3EDA7
:10A67000007A77EE677AC7ED317AD7ED317AF5EE69
:10A68000C07AF1EE10FACCBF01230023DBB283F0D5
:10A690000103DBB2002B0AD1D7ED317AF0EEE77A75
:10A6A0009FED817AF4EE477AF1EE10FA01D900239A
:10A6B000F5E0FB7A022B49D1FB68083393ED007A71
:10A6C000FB680833D3ED007A27EE277AFB680C335A
:10A6D000D3ED006AFB680C33D3ED007A66EEA77AFF
:10A6E00037EE277AFB681033D3ED006AFB6810332E
:10A6F000D3ED007A66EEA77A77EE277AB0EE670A96
:10A700001AF0B8FB87ED300AFB68D3ED007AF0EE63
:10A71000E77AB7EE007A37EE877AFB680433D3ED39
:10A72000007AF0EEE77A77EE277AC7ED2F7AD7ED49
:10A730002F7A9FED5E7A67EE877A97ED307AB4EEE6
:10A74000E77AF1EE10FA01DD0023A8E0002387F894
:10A75000CF3018E097F8CF309B00D0333B443C3BE0
:10A76000D3ED006A97F8CF3097ED317AC6EE877A4D
:10A770009B00D0333B44C03BC3ED007A97F8CF3009
:10A78000013387F8CF3097F8CF30082BE2D907F1A3
:10A79000340207F1100311461846FEF7BFFC0346CA
:10A7A000002B01D100237AE007F134031846FEF7AD
:10A7B00095F887ED2E0AD7ED2E7AF5EEC07AF1EEF8
:10A7C00010FACCBF01230023DBB283F00103DBB21C
:10A7D000002B0AD1D7ED2E7AF0EEE77A9FED327A90
:10A7E000F4EE477AF1EE10FA01D9002357E097ED25
:10A7F0002E0A1AF0FDFB87ED2E0AD7ED2E7A9FED7B
:10A800002C7AF4EEC77AF1EE10FACCBF01230023C4
:10A81000DBB283F00103DBB2002B01D000233EE06A
:10A82000002387F8CF3017E097F8CF309B00D03364
:10A830003B449C3BD3ED006A97F8CF309B007A688D
:10A84000134497ED2E7AC6EE877AC3ED007A97F817
:10A85000CF30013387F8CF3097F8CF30082BE3D9CA
:10A86000F7EE006A97ED2E7AC6EE877AD7F8D830E1
:10A87000C3ED007A7A6E3B681A603B680433BA6EA7
:10A880001A603B680833FA6E1A60D7F8DC30002B88
:10A8900004D0D7F8DC30D7F8C4201A60012318465A
:10A8A000D037BD4680BD00BFFFFF7F7FCDCCCC3E03
:10A8B0005F70893080B590B000AFF860B96087ED07
:10A8C000010AF868FFF7A7FD87ED0E0AD7ED0E7AAB
:10A8D000B6EE007AF4EEC77AF1EE10FACCBF01239F
:10A8E0000023DBB283F00103DBB2002B0ED1D7EDE6
:10A8F000017AF5EEC07AF1EE10FACCBF0123002305
:10A90000DBB283F00103DBB2002B02D0DFED196A6A
:10A9100029E007F110031946B868FFF758FD07F161
:10A9200010031946F868FFF7E9FC87ED0F0AD7ED29
:10A930000F7AF5EEC07AF1EE10FA02D54FF000036F
:10A94000FB6397ED0F7AD7ED0E7AC7EE276AB0EE6C
:10A95000660A1AF08FFAB0EE407AD7ED017A77EEF8
:10A96000A77AC7EE276AF0EE667AB0EE670A40373C
:10A97000BD4680BD286B6E4E80B52DED028BEAB0D2
:10A9800000AF07F5D473A3F5CE73186007F5D47341
:10A99000A3F5D2731A6007F5D473A3F29D130A4688
:10A9A0001A7007F5D473A3F29D131B78022B06D1FE
:10A9B000CB4BC7F8A431092387F8A33113E007F57F
:10A9C000D473A3F29D131B78012B06D1C54BC7F896
:10A9D000A431062387F8A33105E0C34BC7F8A4319F
:10A9E000042387F8A331002387F8A231AFE00023C6
:10A9F00087F8A1312CE097F8A231D7F8A4211344AD
:10AA0000187897F8A131D7F8A42113441B78194678
:10AA1000FEF77FFD03469B0007F5D472A2F5CE72C8
:10AA200012681A4497F8A23197F8A31103FB01F1B9
:10AA300097F8A1310B44126807F5D471A1F5A871FC
:10AA40009B000B441A6097F8A131013387F8A131BC
:10AA500097F8A12197F8A3319A42CCD307F5D47384
:10AA6000A3F29D131B78002B4CD197F8A231D7F895
:10AA7000A42113441B7800211846FEF74AFD034623
:10AA80009B0007F5D472A2F5CE721268134493EDC1
:10AA9000008A97F8A231D7F8A42113441B7801212A
:10AAA0001846FEF736FD03469B0007F5D472A2F563
:10AAB000CE7212681344D3ED007A38EE278A97F8E5
:10AAC000A231D7F8A42113441B7802211846FEF7BF
:10AAD00020FD03469B0007F5D472A2F5CE721268E2
:10AAE0001344D3ED007A78EE277A97F8A231F1EE8D
:10AAF000677A07F5D472A2F5BA729B001344C3EDCE
:10AB0000007A1FE097F8A231D7F8A42113441B78EC
:10AB100000211846FEF7FDFC03469B0007F5D472A2
:10AB2000A2F5CE7212681344D3ED007A97F8A231E1
:10AB3000F1EE677A07F5D472A2F5BA729B0013445E
:10AB4000C3ED007A97F8A231013387F8A23197F864
:10AB5000A22197F8A3319A42FFF449AF07F5D473C5
:10AB6000A3F29D131B78022B69D14FF00003C7F8A5
:10AB70009C31002387F8A2311DE097F8A23197F8A5
:10AB8000A32103FB02F297F8A231134407F5D47214
:10AB9000A2F5A8729B001344D3ED007AF0EEE77A99
:10ABA00097ED677A77EE277AC7ED677A97F8A23143
:10ABB000013387F8A23197F8A22197F8A3319A427E
:10ABC000DBD3D7ED677AF5EEC07AF1EE10FA36DD19
:10ABD000022387F8A2312EE097F8A23197F8A3213B
:10ABE00003FB02F297F8A231134407F5D472A2F5E1
:10ABF000A8729B00134493ED007AD7ED677ADFEDDE
:10AC00003B6A67EEA67A97F8A23197F8A32103FB77
:10AC100002F297F8A231134477EE277A07F5D4723F
:10AC2000A2F5A8729B001344C3ED007A97F8A231F5
:10AC3000013387F8A23197F8A231042BCCD997F8C9
:10AC4000A33107F1100207F1340107F15800FEF7B4
:10AC50008DFC0346002B01D10023DAE0002387F8A6
:10AC6000A23110E097F8A2319B0007F5D472A2F54B
:10AC7000D272126813444FF000021A6097F8A231A2
:10AC8000013387F8A23197F8A231082BEAD907F5EA
:10AC9000D473A3F29D131B78022B29D1002387F8CC
:10ACA000A23117E097F8A22197F8A2319B0007F58F
:10ACB000D471A1F5D27109680B4407F5D471A1F5DF
:10ACC000CC7192000A4412681A6097F8A2310133DD
:10ACD00087F8A23197F8A231082BE3D998E000BF9A
:10ACE000A8A10408B4A10408BCA104080AD7233C05
:10ACF00007F5D473A3F29D131B78012B47D107F5F9
:10AD0000D473A3F5CC731A6807F5D473A3F5D27383
:10AD10001B681A6007F5D473A3F5D2731B6804335C
:10AD200007F5D472A2F5CC7252681A6007F5D47395
:10AD3000A3F5D2731B68143307F5D472A2F5CC7255
:10AD400092681A6007F5D473A3F5D2731B681833A1
:10AD500007F5D472A2F5CC72D2681A6007F5D473E5
:10AD6000A3F5D2731B681C3307F5D472A2F5CC721D
:10AD700012691A6007F5D473A3F5D2731B682033E8
:10AD800007F5D472A2F5CC7252691A6040E007F55B
:10AD9000D473A3F5D2731B684FF07E521A6007F587
:10ADA000D473A3F5D2731B6804334FF07E521A603C
:10ADB00007F5D473A3F5D2731B68143307F5D47267
:10ADC000A2F5CC7212681A6007F5D473A3F5D2739A
:10ADD0001B68183307F5D472A2F5CC7252681A605A
:10ADE00007F5D473A3F5D2731B681C3307F5D4722F
:10ADF000A2F5CC7292681A6007F5D473A3F5D273EA
:10AE00001B68203307F5D472A2F5CC72D2681A60A1
:10AE10000123184607F5D477BD46BDEC028B80BDF3
:10AE200080B5A0B000AFF860B9607A60FB6893F8B5
:10AE30003C30002B23D0FB68D3ED817A9FEDB87AAC
:10AE4000F4EEC77AF1EE10FACCBF01230023DBB297
:10AE500083F00103DBB2002B11D1FB68D3ED0C7A38
:10AE60009FEDAF7AF4EEC77AF1EE10FACCBF012372
:10AE70000023DBB283F00103DBB2002B01D00023FF
:10AE80004AE1002387F87F302CE0002387F87E30EA
:10AE90001FE097F87E2013465B001A4497F87F3036
:10AEA000D01897F87F2013465B001A4497F87E303D
:10AEB0001344F968821C92000A44043212689B0011
:10AEC00080333B44543B1A6097F87E30013387F857
:10AED0007E3097F87E30022BDBD997F87F30013334
:10AEE00087F87F3097F87F30022BCED9FB6803F1CB
:10AEF0000C0107F1500207F12C031846FDF78CFEF8
:10AF00003B6DBB67D7ED1E7A9FED867AF4EEC77A6C
:10AF1000F1EE10FACCBF01230023DBB283F0010372
:10AF2000DBB2002B01D00023F6E0002387F87F304E
:10AF300022E097F87F30FA689B00134493ED007A83
:10AF400097F87F30FA687E339B001344D3ED007A84
:10AF500077EE676AFB6893ED817A97F87F30C6EEEB
:10AF6000877A9B0080333B44603BC3ED007A97F8BF
:10AF70007F30013387F87F3097F87F30022BD8D9A4
:10AF800007F1140207F1200107F150031846FDF7FD
:10AF9000B3FBFB68D3ED0C6AFB68D3ED817A86EED8
:10AFA000A77AFB6893ED0C6AFB68D3ED816AC6EE65
:10AFB000267A67EE277AC7ED1D7AD7ED186A97EDE6
:10AFC0001E7AC6EE877ABB68C3ED007AD7ED1C6A9D
:10AFD000BB68043397ED1E7AC6EE877AC3ED007A1C
:10AFE000D7ED157A77EEA76ABB68083397ED1E7A1E
:10AFF000C6EE877AC3ED007AD7ED167A77EEA76AA8
:10B00000BB680C3397ED1E7AC6EE877AC3ED007AE3
:10B01000D7ED197A77EEA76ABB68103397ED1E7AE1
:10B02000C6EE877AC3ED007AD7ED057AB8EE007ADE
:10B0300067EE876ABB68143397ED1E7AC6EE877A8F
:10B04000C3ED007AD7ED067AB8EE007A67EE876A2C
:10B05000BB68183397ED1E7AC6EE877AC3ED007A87
:10B06000D7ED077AB8EE007A67EE876ABB681C33C3
:10B0700097ED1E7AC6EE877AC3ED007A97ED087ACF
:10B08000D7ED057A27EE277AD7ED096AD7ED067A4C
:10B0900066EEA77A37EE277AD7ED0A6AD7ED077AF8
:10B0A00066EEA77A37EE277AD7ED1D7A77EE676AD4
:10B0B000BB68203397ED1E7AC6EE877AC3ED007A1F
:10B0C000002387F87F3016E097F87F309B00BA683E
:10B0D0001344D3ED007AF0EEE77A9FED137AF4EEA5
:10B0E000477AF1EE10FA01D9002315E097F87F3086
:10B0F000013387F87F3097F87F30082BE4D97B68DD
:10B10000002B08D0D7ED1D6A97ED1E7AC6EE877A20
:10B110007B68C3ED007A012318468037BD4680BDA9
:10B12000BD378635CCBC8C2BFFFF7F7F80B485B0CC
:10B1300000AF786039600023FB7318E0FB7B7A680E
:10B1400010339B00134493ED007AFB7B7A684733FE
:10B150009B001344D3ED007AFB7B9B003A681344B9
:10B1600077EE277AC3ED007AFB7B0133FB73FB7B21
:10B17000362BE3D900BF00BF1437BD465DF8047B12
:10B180007047000090B5A9B002AFF860B9607A606E
:10B190003B60FB68D3F844321846FEF73BFC03469D
:10B1A00087F88530002387F8973013E097F89730B9
:10B1B0009B0098333B44203BAB4A1A6097F897308A
:10B1C00098333B44002203F8242C97F8973001333E
:10B1D00087F8973097F89730022BE7D9002387F844
:10B1E0009730ABE097F89730022B07D14FF4967366
:10B1F000C7F89030102387F88F3010E097F8973019
:10B20000012B06D19623C7F890300B2387F88F3097
:10B2100005E03C23C7F89030062387F88F30FB68A1
:10B22000D3F84C32D7F890209A427FD897F88520EF
:10B2300097F88F309A4279D34FF00003C7F88830DF
:10B24000012387F88630002387F8873050E097F88D
:10B250008730DC2202FB03F34033FA68134407F122
:10B26000140297F897101846FFF786FB0346002B49
:10B2700003D1002387F886303EE007F1680407F128
:10B28000380297F8971007F1140007F16003019353
:10B2900007F1640300932346FFF7D2F80346002B1F
:10B2A00003D1002387F8863026E097F8873083F0B3
:10B2B0000103DBB21A46DC2302FB03F34033FA68D6
:10B2C0001344D7ED187A07F11402B0EE670A11465D
:10B2D0001846FFF7EFFAB0EE407AD7ED227A77EE14
:10B2E000877AC7ED227A97F88730013387F887305D
:10B2F00097F88730012BAAD997F88630002B17D002
:10B3000097F89730D7ED227AB6EE007A67EE877A13
:10B310009B0098333B44203BC3ED007A97F897306D
:10B3200098333B44012203F8242C02E000BF00E0E4
:10B3300000BF97F89730013387F8973097F8973028
:10B34000022B7FF64FAF97F87630002B1DD0D7ED4C
:10B35000207A9FED467AF4EEC77AF1EE10FA14D512
:10B3600097F87530002B0CD097ED207AD7ED1F7A27
:10B37000DFED3F6A67EEA67AB4EEE77AF1EE10FAF7
:10B3800003D5022387F8963034E097F87530002B08
:10B390001DD0D7ED1F7A9FED357AF4EEC77AF1EE26
:10B3A00010FA14D597F87430002B0CD097ED1F7A53
:10B3B000D7ED1E7ADFED2F6A67EEA67AB4EEE77A54
:10B3C000F1EE10FA03D5012387F8963012E097F8D2
:10B3D0007430002B0CD0D7ED1E7A9FED247AF4EE5A
:10B3E000C77AF1EE10FA03D5002387F8963001E012
:10B3F000002335E007F1380297F896301946B8680F
:10B40000FFF7BAFA0346002B01D1002328E097F892
:10B41000961007F1380007F15C030193D7F8A830C4
:10B4200000933B687A68FFF70BF80346002B01D1C5
:10B43000002315E0D7ED177A07F13803B0EE670A5D
:10B440001946B868FFF736FAF0EE407AD7F8AC3014
:10B45000C3ED007AD7F8B03097F896201A70012320
:10B4600018469C37BD4690BD286B6E4E0AD7A33D4B
:10B470006666663F1F856B3F90B5DFB004AF07F58A
:10B48000B473A3F5B273186007F5B473A3F5B27380
:10B490001B6893F84832002B07D007F5B473A3F567
:10B4A000B2731B6893F8483200E0062387F86631D0
:10B4B00007F5B473A3F5B2731B68D3F84C323B2B7A
:10B4C00001D80223F4E107F5B473A3F5B2731B6846
:10B4D000D3F844321846FEF79DFA03461A4697F809
:10B4E0006631934201D90323E2E107F17C0207F5BB
:10B4F000B473A3F5B27311461868FFF717FE07F18E
:10B500004C0407F1580207F17C0107F5B473A3F569
:10B51000B27007F14303029307F14403019307F16B
:10B520004803009323460068FFF72CFE0346002BD8
:10B5300001D10423BCE107F5B473A3F5B2731B6812
:10B5400093ED817A07F5B473A3F59073D3ED007A88
:10B5500067EE277AC7ED587A002387F867312FE026
:10B5600097F8673107F5B472A2F5B27212687E33AC
:10B570009B00134493ED007A07F5B473A3F5B273FF
:10B580001B68D3ED816A97F8673107F5B472A2F5AD
:10B590008E729B001344D3ED007A66EEA77A97F87B
:10B5A000673177EE277A07F5B472A2F59A729B009D
:10B5B0001344C3ED007A97F86731013387F8673198
:10B5C00097F86731022BCBD9D7ED587AF5EEC07AD0
:10B5D000F1EE10FACCBF01230023DBB283F00103AC
:10B5E000DBB2002B0AD1D7ED587AF0EEE77A9FED67
:10B5F000B37AF4EE477AF1EE10FA01D9042357E159
:10B60000002387F867318EE097F8672113465B00C7
:10B61000134407F5B472A2F588729B00134493EDAE
:10B62000007A97F8672113465B00134407F5B4725C
:10B63000A2F588729B001344D3ED007A27EE277A97
:10B6400097F8672113465B001344013307F5B47282
:10B65000A2F588729B001344D3ED006A97F8672126
:10B6600013465B001344013307F5B472A2F58872E8
:10B670009B001344D3ED007A66EEA77A37EE277A63
:10B6800097F8672113465B001344023307F5B47241
:10B69000A2F588729B001344D3ED006A97F86721E6
:10B6A00013465B001344023307F5B472A2F58872A7
:10B6B0009B001344D3ED007A66EEA77A77EE277AE3
:10B6C000B0EE670A19F0D6FB87ED560A97F8673196
:10B6D00007F5B472A2F5B272126884339B0013446A
:10B6E000043393ED007A97F8673107F5B472A2F549
:10B6F000B272126882339B001344D3ED007A37EEA6
:10B70000677AD7ED567A67EE277A97ED587AB4EED6
:10B71000E77AF1EE10FA01DD0323C9E097F867310B
:10B72000013387F8673197F86731022B7FF66CAFEA
:10B7300007F5B473A3F5B2731B6893F83C30002B84
:10B740003AD007F1300207F10C0107F5B473A3F505
:10B75000B2731868FFF764FB0346002B2CD007F583
:10B76000B473A3F59C73D3ED007A07F10C0207F1D3
:10B770007C03B0EE670A11461846FFF79BF887ED89
:10B78000570AD7ED577A9FED4E7A27EE877A07F55D
:10B79000B473A3F59273D3ED007AB4EEE77AF1EEC9
:10B7A00010FACCBF01230023DBB283F00103DBB22C
:10B7B000002B01D005237BE007F5B473A3F5B2732A
:10B7C0001B680C3307F158012422184617F063FC5C
:10B7D000002387F8673117E097F8672197F86731FA
:10B7E00007F5B471A1F59A7192000A44126807F541
:10B7F000B471A1F5B27109689B000B441A6097F807
:10B800006731013387F8673197F86731022BE3D945
:10B8100007F5B473A3F5B2731B68D7F860211A63F8
:10B8200007F5B473A3F592731A6807F5B473A3F51B
:10B83000B2731B685A6307F5B473A3F225131A7821
:10B8400007F5B473A3F5B2731B6883F83E2007F5C0
:10B85000B473A3F5B2731B68012283F83C2007F58B
:10B86000B473A3F5B2731B68164A9A6307F5B473F1
:10B87000A3F5B2731B68D3F85832B3F1FF3F0ED073
:10B8800007F5B473A3F5B2731B68D3F858325A1C8A
:10B8900007F5B473A3F5B2731B68C3F8582207F514
:10B8A000B473A3F5B2731B68022283F861220123EB
:10B8B000184607F5B677BD4690BD00BFFFFF7F7FF6
:10B8C000EC51783F286B6E4E80B58CB000AFF860BD
:10B8D000B9607A60FB68D3ED0C7A9FED337AF4EEB1
:10B8E000C77AF1EE10FA07DDFB6893ED0C7AF7EEFC
:10B8F000006AC6EE877A01E0DFED2C7AC7ED0A7A9E
:10B90000002387F82F301CE097F82F309B00BA688F
:10B91000134493ED007A97F82F30FA689B00134494
:10B92000D3ED007A97F82F3077EE677A9B003033AB
:10B930003B44143BC3ED007A97F82F30013387F86E
:10B940002F3097F82F30022BDED9FB680C3307F12C
:10B95000100207F11C011846FCF7CEFE002387F801
:10B960002F3017E097F82F309B0030333B44203BBB
:10B9700093ED007A97F82F309B007A681344D7ED47
:10B980000A7A67EE277AC3ED007A97F82F300133F1
:10B9900087F82F3097F82F30022BE3D900BF00BF74
:10B9A0003037BD4680BD00BFBD3786350000000082
:10B9B00080B485B000AFF86087ED020AC7ED010AD8
:10B9C000FB6893F8CA39002B2AD0184B1B68013347
:10B9D000164A1360FB6893F8C939154A1B011344D2
:10B9E000BA681A60FB6893F8C939114A1B011344FD
:10B9F00004337A681A60FB6893F8C93918460B4B10
:10BA00001A680B4903010B4408331A60FB6893F86A
:10BA1000C939074A1B0113440C3301221A7000E094
:10BA200000BF1437BD465DF8047B704798240120A1
:10BA30001823012080B485B000AF78600B46FB70FE
:10BA40000123FB7334E0FB7B9B007A6813441B6883
:10BA5000BB60FB7BBB730FE0BB7B03F18043013B0F
:10BA60009B007A681A44BB7B9B0079680B44126880
:10BA70001A60BB7B013BBB73BB7B002B0FD0BB7B36
:10BA800003F18043013B9B007A681344D3ED007AB5
:10BA900097ED027AB4EEE77AF1EE10FADCD4BB7BD4
:10BAA0009B007A681344BA681A60FB7B0133FB730E
:10BAB000FA7BFB789A42C6D3FB7803F00103002B94
:10BAC00008D0FB785B08DBB29B007A681344D3EDA7
:10BAD000007A18E0FB785B08DBB203F18043013B9E
:10BAE0009B007A68134493ED007AFB785B08DBB225
:10BAF0009B007A681344D3ED007A77EE277AB6EE8E
:10BB0000007A67EE877AB0EE670A1437BD465DF8B3
:10BB1000047B704780B5B6B000AFF860B9607A605A
:10BB2000002387F8D630FB6893F8CA39002B01D17F
:10BB300000236FE0002387F8D73046E0FB6893F8D6
:10BB4000C93997F8D7209A4235D097F8D730334A79
:10BB50001B0113440C331B78002B2ED0304B1A687A
:10BB600097F8D7302D491B010B4408331B68D31AB3
:10BB7000602B24D897F8D72097F8D63027491201A0
:10BB80000A4412689B00D8333B44643B1A6097F820
:10BB9000D72097F8D630214912010A44043212689E
:10BBA0009B00D8333B44C43B1A6097F8D63001332E
:10BBB00087F8D63004E000BF02E000BF00E000BF1D
:10BBC00097F8D730013387F8D73097F8D730172B4D
:10BBD000B4D997F8D630032B01D800231AE097F890
:10BBE000D62007F1740311461846FFF723FFF0EE45
:10BBF000407ABB68C3ED007A97F8D62007F11403AA
:10BC000011461846FFF716FFF0EE407A7B68C3ED49
:10BC1000007A01231846D837BD4680BD182301207D
:10BC20009824012080B582B000AF78607B6803F56E
:10BC3000D76328220021184617F0AEF97B6803F578
:10BC4000DC6330220021184617F0A6F97B6803F563
:10BC5000E2634FF000021A607B680022C3F82427D9
:10BC60007B6803F21C734FF000021A607B6803F2DA
:10BC70001C731A687B6803F5E3631A607B6803F53D
:10BC8000E3631A687B6803F214731A6000BF083715
:10BC9000BD4680BD80B485B000AF03460A46FB7147
:10BCA0001346BB71FA79BB799A4205D9FB79FB73CC
:10BCB000BB79FB71FB7BBB71FB799B00DAB2FB7933
:10BCC000F979013901FB03F35B08DBB2D31ADAB26D
:10BCD000B979FB79CB1ADBB21344DBB218461437BF
:10BCE000BD465DF8047B704780B5B2B000AF7860A8
:10BCF00087ED000A7B6893F83C30002B00F0D2827D
:10BD00007B6893F8A432002B00F0CC827B6893F818
:10BD10005437002B00F0C8827B6893F85537002B0E
:10BD200000F0C2827B6803F5E263D3ED007AF5EEA2
:10BD3000C07AF1EE10FA41DD7B6803F22C7393EDCB
:10BD4000007A7B6803F21473D3ED007A77EE677A9A
:10BD5000C7ED2D7A7B6803F5E66393ED007A7B6887
:10BD600003F5E363D3ED007A77EE677AC7ED2C7ABB
:10BD70007B6803F2347393ED007A7B6803F21C73E3
:10BD8000D3ED007A77EE677AC7ED2B7AD7ED2D7A6F
:10BD900027EEA77AD7ED2C7A67EEA77A37EE277AC7
:10BDA000D7ED2B7A67EEA77A77EE277A9FEDBB7AED
:10BDB000F4EEC77AF1EE10FA00F17882D7ED007A4E
:10BDC000F1EE677ADFEDB66A87EEA67AB0EE470A43
:10BDD00018F0FAFF87ED310AD7ED317AF5EEC07A27
:10BDE000F1EE10FACCBF01230023DBB283F0010394
:10BDF000DBB2002B08D1D7ED317AB7EE007AF4EE42
:10BE0000C77AF1EE10FA03DD4FF07E53C7F8C43065
:10BE1000002387F8C3301AE097F8C3307A6803F537
:10BE2000D7739B00134493ED007A97F8C330D7ED96
:10BE3000317A67EE277A7A6803F5D7739B0013444B
:10BE4000C3ED007A97F8C330013387F8C33097F811
:10BE5000C330092BE0D9002387F8C3301AE097F8E4
:10BE6000C3307A6803F5DC739B00134493ED007ACA
:10BE700097F8C330D7ED317A67EE277A7A6803F501
:10BE8000DC739B001344C3ED007A97F8C330013391
:10BE900087F8C33097F8C3300B2BE0D97B6803F5E4
:10BEA000E26393ED007AD7ED317A67EE277A7B680B
:10BEB00003F5E263C3ED007A7B6803F5E7631B6873
:10BEC000C7F898307B6803F23C731B68C7F89C3056
:10BED0007B6803F5E8631B68C7F8A0304FF07E531A
:10BEE000C7F8A430002387F8C33040E097F8C33088
:10BEF00087F8C23032E097F8C22097F8C330114675
:10BF00001846FFF7C7FE034619460B467A6803F545
:10BF1000D7739B00134493ED007A97F8C3309B00CE
:10BF2000C8333B44303BD3ED006A97F8C2309B00E6
:10BF3000C8333B44303BD3ED007A66EEA77A0B461C
:10BF400077EE277A7A6803F5D7739B001344C3ED25
:10BF5000007A97F8C230013387F8C23097F8C230C0
:10BF6000032BC8D997F8C330013387F8C33097F84B
:10BF7000C330032BBAD9002387F8C33041E0002334
:10BF800087F8C23034E097F8C3309A0097F8C2308F
:10BF900013447A6803F5DC739B00134493ED007A35
:10BFA00097F8C3307A6803F5E5739B0013440433B4
:10BFB000D3ED006A97F8C2309B00C8333B44303B56
:10BFC000D3ED007A66EEA77A97F8C3309A0097F817
:10BFD000C230134477EE277A7A6803F5DC739B004E
:10BFE0001344C3ED007A97F8C230013387F8C230AA
:10BFF00097F8C230032BC6D997F8C330013387F8BE
:10C00000C33097F8C330022BB9D97B6803F5E263DC
:10C01000D3ED007AB7EE007A77EE877A7B6803F586
:10C02000E263C3ED007A7B6803F214707B6803F26D
:10C030002C730C22194617F02EF87B68D3F824379E
:10C040005A1C7B68C3F824277B68D3F824373F2B1E
:10C0500040F22E817B680022C3F824277B6803F519
:10C06000E263D3ED007A9FED0E7AF4EEC77AF1EE3B
:10C0700010FA00F11F814FF00003C7F8BC30012314
:10C0800087F8BB30002387F8C330B7E0002387F878
:10C09000BA3045E0002387F8B93025E0FAED6B3B74
:10C0A0000000F0420AD7A33D97F8B92097F8BA30BC
:10C0B00011461846FFF7EEFD0346184697F8BA30CA
:10C0C0009A0097F8B9301344796800F5D772920056
:10C0D0000A4412689B00C8333B449C3B1A6097F8A3
:10C0E000B930013387F8B93097F8B930032BDBD971
:10C0F00097F8C3309A0097F8BA301A4497F8BA30D4
:10C10000796802F5DC7292000A4412689B00C83319
:10C110003B444C3B1A6097F8BA30013387F8BA3089
:10C1200097F8BA30032BB5D907F16C0207F17C01FF
:10C1300007F12C000423FDF719FA0346002B03D165
:10C14000002387F8BB305EE097F8C32013465B00FE
:10C150001344FA6E9B00C8333B44C03B1A6097F807
:10C16000C32013465B00134401333A6F9B00C8336E
:10C170003B44C03B1A6097F8C32013465B0013444E
:10C1800002337A6F9B00C8333B44C03B1A6097F878
:10C19000C330BA6F9B00C8333B443C3B1A6000235A
:10C1A00087F8BA3021E097F8BA309B00C8333B4497
:10C1B0005C3B93ED007A97F8C3309A0097F8BA3059
:10C1C00013447A6803F5DC739B001344D3ED007AC3
:10C1D00067EE277A97ED2F7A77EE677AC7ED2F7A99
:10C1E00097F8BA30013387F8BA3097F8BA30032B92
:10C1F000D9D997F8C330013387F8C33097F8C330E3
:10C20000022B7FF643AF97F8BB30002B54D07B68EE
:10C2100003F5E263D3ED007A97ED2F7A77EE277A74
:10C22000C7ED2F7AD7ED2F7AF5EEC07AF1EE10FA3E
:10C2300003D54FF00003C7F8BC307B6803F5E26319
:10C24000D3ED007A97ED2F7AC7EE276AB0EE660A33
:10C2500018F010FE87ED2A0AD7ED2A7A1FED6F7AC3
:10C26000F4EEC77AF1EE10FA27D57B6803F5D163B7
:10C2700007F108012422184616F00DFF7B6803F22F
:10C28000AC6307F18C010C22184616F004FF7B68A2
:10C2900003F5E463D7F8A8201A607B68012283F8CD
:10C2A00028270AE000BF08E000BF06E000BF04E066
:10C2B00000BF02E000BF00E000BFC837BD4680BD40
:10C2C00080B582B000AF78607B684FF000021A60E2
:10C2D0007B68043324220021184616F05DFE7B683B
:10C2E00028336C220021184616F056FE7B689433E2
:10C2F0000C220021184616F04FFE7B684FF000021A
:10C30000C3F8A0207B68002283F8DB207B68002232
:10C31000C3F8D4207B68002283F8DA2000BF0837F6
:10C32000BD4680BD80B582B000AF7860E0220021BC
:10C33000786816F031FE7868FFF7C2FF00BF083753
:10C34000BD4680BD80B590B000AFF860B9607A603E
:10C3500087ED000AFB6893F8DB30002B0FD0FB68F9
:10C36000A433B9681846FCF7AFF8F0EE407A9FEDB9
:10C37000D87AF4EEC77AF1EE10FA00F1A481FB68E6
:10C38000A4331022B968184616F085FEFB68012216
:10C3900083F8DB20D7ED007AF1EE677ADFEDCD6A26
:10C3A00087EEA67AB0EE470A18F00EFD87ED0F0A69
:10C3B000D7ED0F7AF5EEC07AF1EE10FACCBF01237B
:10C3C0000023DBB283F00103DBB2002B08D1D7EDF1
:10C3D0000F7AB7EE007AF4EEC77AF1EE10FA02DDCA
:10C3E0004FF07E53FB63FB6893ED007AD7ED0F7A35
:10C3F00067EE277AFB68C3ED007AFB6893ED287A35
:10C40000D7ED0F7A67EE277AFB68C3ED287A002311
:10C4100087F83B3018E097F83B30FA689B001344EC
:10C42000043393ED007A97F83B30D7ED0F7A67EE3F
:10C43000277AFA689B0013440433C3ED007A97F817
:10C440003B30013387F83B3097F83B30082BE2D97B
:10C45000002387F83B3018E097F83B30FA680A333E
:10C460009B00134493ED007A97F83B30D7ED0F7A99
:10C4700067EE277AFA680A339B001344C3ED007A0B
:10C4800097F83B30013387F83B3097F83B301A2B55
:10C49000E2D9002387F83B301AE097F83B30FA687E
:10C4A00024339B001344043393ED007A97F83B3018
:10C4B000D7ED0F7A67EE277AFA6824339B0013448E
:10C4C0000433C3ED007A97F83B30013387F83B30F3
:10C4D00097F83B30022BE0D907F114031946B868EE
:10C4E000FCF7F8FE002387F83B301EE097F83B305E
:10C4F000FA689B001344043393ED007A97F83B30BD
:10C500009B0040333B442C3BD3ED007A97F83B3003
:10C5100077EE277AFA689B0013440433C3ED007A60
:10C5200097F83B30013387F83B3097F83B30082BC6
:10C53000DCD9002387F83A305FE0002387F83B30EE
:10C5400052E0002387F8393045E097F83A20134647
:10C55000DB00991897F83B2013465B001344CA1878
:10C5600097F839301344FA680A339B00134493ED6B
:10C57000007A97F83A2013465B001A4497F83B304C
:10C5800013449B0040333B442C3BD3ED006A97F8A7
:10C5900039309B007A681344D3ED007A66EEA77AAF
:10C5A00097F83A201346DB00991897F83B2013467A
:10C5B0005B001344CA1897F83930134477EE277A92
:10C5C000FA680A339B001344C3ED007A97F83930B8
:10C5D000013387F8393097F83930022BB5D997F8FD
:10C5E0003B30013387F83B3097F83B30022BA8D91A
:10C5F00097F83A30013387F83A3097F83A30022BFF
:10C600009BD9002387F83B301FE097F83B30FA684E
:10C6100024339B001344043393ED007A97F83B30A6
:10C620009B007A681344D3ED007A97F83B3077EE9D
:10C63000277AFA6824339B0013440433C3ED007A4D
:10C6400097F83B30013387F83B3097F83B30022BAB
:10C65000DBD9FB6893ED287A7B68D3ED006A7B68B1
:10C66000D3ED007A66EEA76A7B68043393ED006A27
:10C670007B680433D3ED007A66EE277A76EEA76AFC
:10C680007B68083393ED006A7B680833D3ED007A4A
:10C6900066EE277A76EEA77A77EE277AFB68C3ED07
:10C6A000287AFB68D3ED007AB7EE007A77EE877AC6
:10C6B000FB68C3ED007AFB68D3F8D4305A1CFB68E2
:10C6C000C3F8D42000E000BF4037BD4680BD00BFA6
:10C6D000CDCC4C3D0000344290B5C5B000AF07F55D
:10C6E0008874A4F58274206007F58870A0F58470C2
:10C6F000016007F58871A1F586710A6007F58872F7
:10C70000A2F58872136007F58873A3F582731B681E
:10C710001B68C7F8FC30D7ED3F7A9FEDA77AF4EE9F
:10C72000C77AF1EE10FAACBF01230023DBB283F02D
:10C730000103DBB2002B01D00023E4E2F7EE006A34
:10C7400097ED3F7AC6EE877AC7ED3E7A002387F8E9
:10C750000A315DE04FF00003C7F80431002387F889
:10C760000B3142E0002387F8093135E097F80B21BF
:10C7700013465B001A4497F8093113449B0007F5F0
:10C780008872A2F584721268134493ED007A97F8C8
:10C790000A211346DB00991897F80B2113465B001A
:10C7A0001344CA1897F80931134407F58872A2F5A3
:10C7B000827212680A339B001344D3ED007A67EE4D
:10C7C000277A97ED417A77EE277AC7ED417A97F885
:10C7D0000931013387F8093197F80931022BC5D99E
:10C7E00097F80B31013387F80B3197F80B31022B97
:10C7F000B8D997F80A319B0003F588733B44343B62
:10C80000D7F804211A6097F80A31013387F80A3102
:10C8100097F80A31022B9DD907F58873A3F5827327
:10C820001B6803F1940107F1D00207F58873A3F5A3
:10C8300084731868FBF760FF002387F80B310EE064
:10C8400097F80B319B0003F588733B44D03B4FF0C6
:10C8500000021A6097F80B31013387F80B3197F813
:10C860000B31232BECD9002387F80B3191E097F89B
:10C870000B211346DB009B1A9B0003F588733B4496
:10C88000D03BD7F8FC201A6097F80B211346DB0049
:10C890009B1A15339B0003F588733B44D03BD7F8B4
:10C8A000FC201A60002387F80A3148E097F80B2132
:10C8B00013465B001A4497F80A31D01897F80B21F9
:10C8C00013465B0013445B001A4697F80A31134481
:10C8D000033307F58872A2F58272116882000A4458
:10C8E000043212689B0003F588733B44D03B1A6006
:10C8F00097F80B2113465B001A4497F80A31D018B9
:10C9000097F80A2113465B0013445B001A4697F818
:10C910000B311344123307F58872A2F58272116845
:10C9200082000A44043212689B0003F588733B447A
:10C93000D03B1A6097F80A31013387F80A3197F82B
:10C940000A31022BB2D997F80B2197F80B319200DC
:10C9500002F588723A44343A12689B0003F58873F2
:10C960003B44E83B1A6097F80B2197F80B310333EF
:10C97000920002F588723A44403A12689B0003F52F
:10C9800088733B44E83B1A6097F80B31013387F812
:10C990000B3197F80B31022B7FF669AF07F11002CC
:10C9A00007F1280107F140000623FCF7DFFD0346ED
:10C9B000002B05D10023A6E100002042FFFF7F7F6E
:10C9C00007F58873A3F5807393ED007A07F58873F4
:10C9D000A3F58073D3ED007A27EE277A07F58873E5
:10C9E000A3F58073D3ED016A07F58873A3F580730F
:10C9F000D3ED017A66EEA77A37EE277A07F58873CA
:10CA0000A3F58073D3ED026A07F58873A3F58073ED
:10CA1000D3ED027A66EEA77A77EE277AB0EE670A50
:10CA200018F028FA87ED3D0A07F58873A3F580739F
:10CA300093ED037A07F58873A3F58073D3ED037A3A
:10CA400027EE277A07F58873A3F58073D3ED046A80
:10CA500007F58873A3F58073D3ED047A66EEA77AA1
:10CA600037EE277A07F58873A3F58073D3ED056A4F
:10CA700007F58873A3F58073D3ED057A66EEA77A80
:10CA800077EE277AB0EE670A18F0F4F987ED3C0AE2
:10CA9000D7ED3D7AF0EEE77A1FED387AF4EE477A7B
:10CAA000F1EE10FA0AD8D7ED3C7AF0EEE77A1FEDF6
:10CAB0003D7AF4EE477AF1EE10FA01D9002322E133
:10CAC00007F58873A3F5807393ED007AD7ED377A75
:10CAD00027EE277A07F58873A3F58073D3ED016AF3
:10CAE000D7ED387A66EEA77A37EE277A07F588739E
:10CAF000A3F58073D3ED026AD7ED397A66EEA77A93
:10CB000077EE277AC7ED3B7A07F58873A3F5807334
:10CB100093ED037AD7ED347A27EE277A07F58873F9
:10CB2000A3F58073D3ED046AD7ED357A66EEA77A64
:10CB300037EE277A07F58873A3F58073D3ED056A7E
:10CB4000D7ED367A66EEA77A77EE277AC7ED3A7A8E
:10CB50004FF00003C7F80031002387F80B3142E0A3
:10CB6000002387F80A3135E097F80B3107F5887212
:10CB7000A2F580729B00134493ED007A97F80B2185
:10CB800013465B001A4497F80A31134407F588727C
:10CB9000A2F5827212689B0013440433D3ED007A2D
:10CBA00027EE277A97F80A31033307F58872A2F542
:10CBB00080729B001344D3ED007A67EE277A97EDDD
:10CBC000407A77EE277AC7ED407A97F80A31013339
:10CBD00087F80A3197F80A31022BC5D997F80B313B
:10CBE000013387F80B3197F80B31022BB8D907F5D1
:10CBF0008873A3F582731B6893ED287AD7ED3B6A9F
:10CC0000D7ED3A7A76EEA77A77EEA77A37EE677A9B
:10CC1000D7ED3D7A67EEA76AD7ED3C7A67EEA77A43
:10CC200076EEA76AD7ED3F7A66EEA77A37EE277AD7
:10CC3000D7ED407A77EEA77A77EE277AC7ED437A79
:10CC4000D7ED437AF5EEC07AF1EE10FA03D54FF046
:10CC50000003C7F80C3197ED437AD7ED3E7A67EEC3
:10CC6000277AB0EE670A18F005F987ED430A07F551
:10CC70008873A3F580731A6807F58873A3F5867324
:10CC80001B681A6007F58873A3F586731B68043365
:10CC900007F58872A2F5807252681A6007F58873EA
:10CCA000A3F586731B68083307F58872A2F58072B6
:10CCB00092681A6007F58873A3F58073DA6807F540
:10CCC0008873A3F588731B681A6007F58873A3F54A
:10CCD00088731B68043307F58872A2F580721269A5
:10CCE0001A6007F58873A3F588731B68083307F586
:10CCF0008872A2F5807252691A60D7F82031D7F88D
:10CD00000C211A600123184607F58A77BD4690BDAD
:10CD100080B590B000AFF860B9607A603B600023E6
:10CD200087F83F3063E0002387F83D3056E097F8FE
:10CD30003F309B007A68134493ED007A97F83D30BA
:10CD4000FA6824339B0013440433D3ED007A67EE72
:10CD5000277AC7ED0E7A002387F83E3027E097F850
:10CD60003E309B00BA68134493ED007A97F83E205A
:10CD70001346DB00991897F83F2013465B001344D5
:10CD8000CA1897F83D301344FA680A339B001344DD
:10CD9000D3ED007A67EE277A97ED0E7A77EE277A51
:10CDA000C7ED0E7A97F83E30013387F83E3097F89A
:10CDB0003E30022BD3D997F83F2013465B001A442C
:10CDC00097F83D3013449B0040333B442C3BBA6BF7
:10CDD0001A6097F83D30013387F83D3097F83D30C1
:10CDE000022BA4D997F83F30013387F83F3097F8EA
:10CDF0003F30022B97D907F1140339681846FBF727
:10CE00008BFF034618464037BD4680BD80B487B0CF
:10CE100000AF78604FF000037B617B68D3ED007A50
:10CE2000B6EE007AF4EEC77AF1EE10FACCBF012329
:10CE30000023DBB283F00103DBB2002B02D0B7EE9C
:10CE4000007A2EE07B6893ED007AF7EE006AC6EE7A
:10CE5000877AC7ED037A0023FB7419E0FB7C7A68BC
:10CE60009B0013440433D3ED007A97ED037A67EE09
:10CE7000277AC7ED027AD7ED027A67EEA77A97EDA7
:10CE8000057A77EE277AC7ED057AFB7C0133FB74D0
:10CE9000FB7C082BE2D9D7ED057AF0EE086A87EE25
:10CEA000A67AF0EE477AB0EE670A1C37BD465DF809
:10CEB000047B704780B594B000AFF860B9607A60C9
:10CEC000FB680C3307F1280211461846FBF768FD92
:10CED0000346002B57D007F11C031A467968B8683F
:10CEE000FBF783FC002387F84F3019E097F84F30A9
:10CEF0009B0050333B44343B93ED007AFB68D3ED09
:10CF00000C7A97F84F3067EE277A9B0050333B44FA
:10CF1000343BC3ED007A97F84F30013387F84F3038
:10CF200097F84F30022BE1D907F1100207F11C01ED
:10CF300007F128031846FBF7DFFB002387F84F3083
:10CF40001CE097F84F30FA689B00134493ED007A89
:10CF500097F84F309B0050333B44403BD3ED007A71
:10CF600097F84F3077EE277AFA689B001344C3EDA9
:10CF7000007A97F84F30013387F84F3097F84F30E9
:10CF8000022BDED900E000BF5037BD4680BD000057
:10CF9000B0B5B0B002AFF860B9607A603B606D4B7D
:10CFA0003B676C4BC7F8B430002387F8B13007F10A
:10CFB0004C031846FBF796FE4FF00003BB64BB6CB6
:10CFC0007B647B6C3B644FF00003FB63FB6BBB63D8
:10CFD000BB6B7B63002387F8B3308EE0002387F8B8
:10CFE000B03097F8B330002B07D107F18C0324221F
:10CFF000B968184616F04FF804E007F18C0318469C
:10D00000FBF770FE002387F8B2302EE007F17400C2
:10D0100007F1800207F18C0107F1700300930346CA
:10D02000F868FFF759FB0346002B03D1012387F86B
:10D03000B03020E007F1100307F1740207F180011E
:10D04000F868FFF765FE0346002B13D007F18C0448
:10D0500007F110050FCD0FC40FCD0FC42B6823604F
:10D0600097F8B230013387F8B23097F8B230052B19
:10D07000CCD900E000BF97F8B030002B43D107F1C6
:10D08000740007F1800207F18C0107F1700300932F
:10D090000346F868FFF720FB0346002B27D0D7EDA7
:10D0A0001C7A97ED2D7AB4EEE77AF1EE10FA1FDDD7
:10D0B0003B6FC7F8B43007F14C0407F18C050FCD76
:10D0C0000FC40FCD0FC42B68236007F1400307F195
:10D0D000800207CA83E8070007F1340307F17402EE
:10D0E00007CA83E80700012387F8B13000E000BFDA
:10D0F00097F8B330013387F8B33097F8B330012B8A
:10D100007FF66CAF00E000BF97F8B130002B01D183
:10D1100000231BE007F14C0324221946786815F020
:10D12000BAFF07F140030C221946386815F0B3FF27
:10D1300007F134030C221946D7F8C80015F0ABFFED
:10D14000D7F8CC30D7F8B4201A6001231846B83786
:10D15000BD46B0BD286B6E4E80B582B000AF786022
:10D160007B6803F5EB63C0220021184615F014FF1D
:10D170007B6803F502634FF000021A607B6803F5D9
:10D1800002631A687B6803F61C031A607B6803F667
:10D190001C031A687B6803F618031A607B68002278
:10D1A000C3F864287B68002283F868287B68002223
:10D1B00083F869287B68002283F86A287B6800224C
:10D1C00083F86B287B6803F506634FF000021A6052
:10D1D0007B680022C3F8A82800BF0837BD4680BD81
:10D1E00080B582B000AF786040F6382200217868C0
:10D1F00015F0D2FE7B681846FCF78AFC7B6803F5C5
:10D200001A731846FCF784FC7B6803F2F443184653
:10D21000FFF788F87B6803F59A631846FBF762FD11
:10D220007B6803F5D1631846FBF75CFD7868FEF771
:10D23000F9FC7868FFF790FF7B6803F67C03124ADD
:10D240001A607B6803F66C034FF07A521A607B68B1
:10D2500003F515634FF07E521A607B6803F5156382
:10D260001A687B6803F64C131A607B6803F6B403F4
:10D270004FF07E521A607B68002283F8CC2800BFF2
:10D280000837BD4680BD00BF9A99193E80B582B06F
:10D2900000AF78607B6803F515634FF07E521A602B
:10D2A0007B6803F515631A687B6803F64C131A60F4
:10D2B0007B68002283F864297B680022C3F8602918
:10D2C0007B6803F65C134FF000021A607B68002253
:10D2D00083F81E297B68002283F81F297B6803F6E8
:10D2E00004134FF000021A607B6803F608134FF036
:10D2F00000021A607B68002283F81C297B680022E8
:10D3000083F81D297B6803F6F8034FF000021A60CA
:10D310007B6803F6C4034FF000021A607B680022AA
:10D3200083F8CA287B6803F50C634FF000021A608B
:10D330007B6803F50E634FF000021A607B680022E1
:10D3400083F8E9287B68002283F86B287B68002239
:10D35000C3F8A8287B6803F618134FF000021A6080
:10D360007B6803F60C134FF000021A607B6803F62B
:10D3700014134FF000021A607B68002283F8202902
:10D380007B68002283F8C8297B6803F51C634FF093
:10D3900000021A607B6803F6C4134FF000021A60A3
:10D3A0007B6803F63423344A1A607B6803F6A403CF
:10D3B0004FF000021A607B6803F6A4031A687B68CA
:10D3C00003F50A631A607B6803F69C034FF00002C2
:10D3D0001A607B6803F69C031A687B6803F698035F
:10D3E0001A607B6803F698031A687B6803F6940357
:10D3F0001A607B6803F694031A687B6803F5096377
:10D400001A607B6803F509631A687B6803F68C036E
:10D410001A607B6803F68C031A687B6803F688033E
:10D420001A607B680022A3F8AC287B6803F6B4037B
:10D43000D3ED007A9FED117AF4EEC77AF1EE10FA8F
:10D4400001DD0F4B03E07B6803F6B4031B687A68C9
:10D4500002F6B40213607B6803F6B8034FF00002D3
:10D460001A607B68002283F8C9287868FFF774FE89
:10D4700000BF0837BD4680BD3333733FCDCC4C3D34
:10D48000CDCC4C3D80B582B000AF78607868FFF7B6
:10D49000FDFE7B6893F8C838002B03D07B6801221F
:10D4A00083F8CB2800BF0837BD4680BD80B584B067
:10D4B00000AF78600023FB732BE0FB7B4FF41A7204
:10D4C00002FB03F37A6813441846FCF7BDFAFB7BB2
:10D4D0007A684FF41A7101FB03F3134403F26123DA
:10D4E00001221A70FB7B7A684FF41A7101FB03F377
:10D4F00013443D3300221A70FB7B7A684FF41A7193
:10D5000001FB03F313443C3300221A70FB7B01330D
:10D51000FB73FB7B012BD0D97868FEF783FB7B681C
:10D52000002283F828277B6803F2F4431846FEF7AD
:10D53000C7FE7868FFF7AAFE7B68012283F8CB2834
:10D540007B68002283F872297B6803F668134FF02A
:10D5500000021A607B6803F66C134FF000021A6039
:10D560007B68002283F873297B68012283F8CC282A
:10D5700000BF1037BD4680BD80B584B000AF786075
:10D580000023FB7375E0FB7B7A684FF41A7101FB93
:10D5900003F313443C3300221A70FB7B7A684FF488
:10D5A0001A7101FB03F3134430334FF000021A6089
:10D5B0000023BB730EE0F97BBB7B7A689A2000FBEB
:10D5C00001F10B449B0013444FF000021A60BB7B37
:10D5D0000133BB73BB7B022BEDD9FB7B4FF41A727B
:10D5E00002FB03F308337A68134404331846FBF74D
:10D5F00079FBFB7B7A684FF41A7101FB03F3134448
:10D600003433374A1A60FB7B7A684FF41A7101FB96
:10D6100003F313443833324A1A60FB7B7A684FF4C1
:10D620001A7101FB03F313443E3300221A70FB7B93
:10D630004FF41A7202FB03F37A6813441846FCF79E
:10D6400003FAFB7B7A684FF41A7101FB03F313446E
:10D650003D3307221A70FB7B7A684FF41A7101FB85
:10D6600003F3134403F2612302221A70FB7B01339C
:10D67000FB73FB7B012B86D97868FEF7D3FA7B68B6
:10D68000002283F828277B6803F5D1631846FBF74F
:10D6900029FB7B6803F2B4634FF000021A607B68D9
:10D6A00003F2B4631A687B6803F5D6631A607B687B
:10D6B00003F5D6631A687B6803F2AC631A607B6873
:10D6C00003F2F4431846FEF7FBFD7868FFF7DEFD32
:10D6D0007B68012283F8CB2800BF1037BD4680BD90
:10D6E000286B6E4E90B585B000AF786000233B810B
:10D6F0000023FB736FE0FB7B7A684FF41A7101FB28
:10D7000003F3134403F261231B78012B13D0FB7B3B
:10D710007A684FF41A7101FB03F313443C331B780E
:10D72000002B01D0012200E00222FB7B10333B449E
:10D7300003F8042C4CE0FB7B10333B44012203F83C
:10D74000082CFB7B7A684FF41A7101FB03F3134436
:10D750003C331B78BB73FB7B4FF41A7202FB03F361
:10D760007A681344FC7B1846FDF786FE03461A468A
:10D7700004F110033B4403F8042CBB7B002B06D0C0
:10D78000FB7B10333B4413F8043C012B0ED1FA7B96
:10D79000FB7B10323A4412F8040C7A684FF41A7189
:10D7A00001FB03F313443D3302461A70FB7B103335
:10D7B0003B4413F8043C012B0AD0FB7B7A684FF4FE
:10D7C0001A7101FB03F3134403F2612302221A705E
:10D7D000FB7B0133FB73FB7B012B8CD93B7B012B48
:10D7E00017D13B7A002B01D101231EE07B68002278
:10D7F00083F861227B7B012B03D17B68002283F8B5
:10D80000C9247868FFF742FD7B68012283F8CB28A2
:10D810000AE07B6893F83C30002B01D0022200E044
:10D8200000227B6883F8CC283B7B18461437BD4622
:10D8300090BD80B483B000AF78607B6893F82937DF
:10D84000002B10D07B6893F83C30002B0BD07B680A
:10D8500093F8A432002B06D07B6893F82837002B6E
:10D8600001D0012300E00023DBB218460C37BD468F
:10D870005DF8047B7047000080B596B000AFF8609B
:10D88000B96087ED010AFB6893F86132002B00F064
:10D89000A38097ED010AB968F868FCF78BFAFB687A
:10D8A000D3F84C22FB68D3F854329A423CD34D4B08
:10D8B0001B78002B40F092804A4B01221A70FB68C3
:10D8C000D3F84C32FA6892F83C20002A01D0962214
:10D8D00000E080221A44FB68C3F85422F868FDF780
:10D8E000CBFD034687F85730FB6893F83C30002B9C
:10D8F00003D097F85730012B04D1FB6897F85720D5
:10D9000083F83D20FB6893F83C30002B0CD197F84E
:10D910005730012B08D0FB6893F86132002B03D1FC
:10D92000FB68022283F86122FB6893F83C30002BED
:10D9300055D0FB68D3F84C32B3F57A6F09D8FB6841
:10D94000D3ED977A9FED287AF4EEC77AF1EE10FACC
:10D9500045DDFB6803F10C0107F11403242218468E
:10D9600015F099FBF96807F138030C22184615F0F9
:10D9700092FBFB681B6B3B65FB685B6BFB64FB68A6
:10D9800093F83E3087F84B30FB689B6B7B64F868FC
:10D99000FCF75AF8FB680C3307F1140124221846EF
:10D9A00015F079FBFB6807F138010C22184615F0D9
:10D9B00072FBFB683A6D1A63FB68FA6C5A63FB688A
:10D9C00097F84B2083F83E20FB687A6C9A63FB68DB
:10D9D000022283F8612202E000BF00E000BF583756
:10D9E000BD4680BD9C2401200000964380B584B0D4
:10D9F00000AF786039603B6893ED007A3B68D3ED07
:10DA0000007A27EE277A3B680433D3ED006A3B683F
:10DA10000433D3ED007A66EEA77A37EE277A3B68B7
:10DA20000833D3ED006A3B680833D3ED007A66EE25
:10DA3000A77A77EE277AB0EE670A17F01BFAF0EEB6
:10DA4000407AB7EE007A77EEC77AF0EEE77AC7ED64
:10DA5000037A7B68D3ED0E7A9FED147AF4EEC77AE1
:10DA6000F1EE10FA4CBF01230023DBB283F0010377
:10DA7000DBB2002B03D07B68FA689A6312E07B6804
:10DA800093ED0E7A7B68D3ED0E7AD7ED036A76EECE
:10DA9000E77ADFED076A67EEA67A77EE277A7B688A
:10DAA000C3ED0E7A00BF1037BD4680BD20BCBE4C12
:10DAB0006F12033B80B483B000AF78607B6893F84B
:10DAC0007239002B04D07B6893F87239032B01D193
:10DAD000012300E00023DBB218460C37BD465DF899
:10DAE000047B704780B485B000AF78607B6803F634
:10DAF00088031B68FB607B6803F68C03D3ED007A18
:10DB000097ED037AB4EEE77AF1EE10FA04D57B686C
:10DB100003F68C031B68FB607B6803F69803D3ED68
:10DB2000007A97ED037AB4EEE77AF1EE10FA04D5B5
:10DB30007B6803F698031B68FB607B6803F69C0315
:10DB4000D3ED007A97ED037AB4EEE77AF1EE10FAAE
:10DB500004D57B6803F69C031B68FB60FB6807EE3B
:10DB6000903AB0EE670A1437BD465DF8047B704703
:10DB700080B584B000AF786087ED000A7B6893F8C9
:10DB80003C30002B04D07B6893F86132012B14D118
:10DB90007B68002283F872297B6803F668134FF0D4
:10DBA00000021A607B6803F66C134FF000021A60E3
:10DBB0007B68002283F87329E5E07B6893F872396B
:10DBC000002B0DD17B68012283F872297B6803F654
:10DBD00068134FF000021A607B68002283F87329F3
:10DBE0007868FFF77FFF87ED030A7B6893F8723947
:10DBF000032B00F08380032B00F3B980012B02D0AC
:10DC0000022B2ED0B3E07B6803F66C13D3ED007AC1
:10DC1000F5EEC07AF1EE10FA0EDD7B6803F66C13B8
:10DC200093ED007AD7ED007A77EE677A7B6803F69A
:10DC30006C13C3ED007AA6E0D7ED037AB0EE007A5C
:10DC4000F4EEC77AF1EE10FA00DA9CE07B6802226B
:10DC500083F872297B6803F668134FF000021A609C
:10DC600091E0D7ED037AB7EE007AF4EEC77AF1EEE1
:10DC700010FA0AD57B68012283F872297B6803F6C3
:10DC800068134FF000021A607DE07B6803F66813AA
:10DC900093ED007AD7ED007A77EE277A7B6803F66A
:10DCA0006813C3ED007A7B6803F66813D3ED007A3E
:10DCB000B2EE007AF4EEC77AF1EE10FA00DA61E023
:10DCC0007B68032283F872297B6803F668134FF0A0
:10DCD00000021A607B68002283F873297B68B3F81E
:10DCE00070394FF6FF7293424CD07B68B3F87039AD
:10DCF00001339AB27B68A3F8702943E07B6803F68E
:10DD0000681393ED007AD7ED007A77EE277A7B6877
:10DD100003F66813C3ED007A7B6893F87339002B20
:10DD200015D17B6803F66813D3ED007AB3EE0E7A53
:10DD3000F4EEC77AF1EE10FA09DAD7ED037AB7EE0E
:10DD4000007AF4EEC77AF1EE10FA00D41BE07B689B
:10DD5000012283F872297B6803F668134FF00002F2
:10DD60001A607B6803F66C13084A1A600BE07B6844
:10DD7000012283F872297B6803F668134FF00002D2
:10DD80001A6000E000BF1037BD4680BD0000F042C1
:10DD900080B483B000AF78607B6893F83C30002B90
:10DDA00023D07B68032283F872297B6803F668130B
:10DDB0004FF000021A607B6803F66C134FF000020C
:10DDC0001A607B68002283F873297B68B3F8703986
:10DDD0004FF6FF72934209D07B68B3F87039013374
:10DDE0009AB27B68A3F8702900E000BF0C37BD46EB
:10DDF0005DF8047B7047000080B483B000AF7860AA
:10DE00007B68012283F872297B6803F668134FF060
:10DE100000021A607B6803F66C13064A1A607B687E
:10DE2000012283F8732900BF0C37BD465DF8047BDF
:10DE3000704700BF0000F04280B483B000AF78604C
:10DE40007B6893F8723918460C37BD465DF8047B41
:10DE50007047000080B483B000AF78607B6803F641
:10DE6000BC03D3ED007A9FED057A67EE877AB0EEBA
:10DE7000670A0C37BD465DF8047B7047E02E6542AB
:10DE800080B483B000AF78607B6803F50B63D3ED9B
:10DE9000007A9FED057A67EE877AB0EE670A0C3755
:10DEA000BD465DF8047B7047E02E654280B483B0C8
:10DEB00000AF78607B68B3F8703918460C37BD4600
:10DEC0005DF8047B7047000080B590B000AFF8604B
:10DED000B9607A60BB681A68FB6803F628231A6089
:10DEE000BB6804331A68FB6803F62C231A60BB680E
:10DEF00008331A68FB6803F523631A60FB6893F81C
:10DF00003C3087F83F30FB68D3F85832BB63FB687E
:10DF100007F12002B9681846FBF71CFEFB6893F86E
:10DF20006132012B20D0FB6893F86132022B2FD194
:10DF3000F868FFF7BFFD0346002B29D0FB6893F874
:10DF40003C30002B10D0FB6893F81E39002B1FD1FA
:10DF5000FB6803F6A403D3ED007AB7EE007AF4EE83
:10DF6000C77AF1EE10FA13D5FB6893F83C30002B1A
:10DF700001D00E2200E00022FB6883F84822FB68F3
:10DF800007F120029FED5C0A11461846FFF774FC6A
:10DF900097F83F30002B04D1FB6893F83C30002BFE
:10DFA00005D1FB68D3F85832BA6B9A423BD0FB6874
:10DFB00003F654131B687B63FB6803F64C131B6862
:10DFC0003B63FB6893F8643987F82F30F868FFF7F4
:10DFD0005DF997F82F30002B1DD0FB6803F658131E
:10DFE0007A6B1A60FB6803F658131A68FB6803F62D
:10DFF00054131A60FB6803F515633A6B1A60FB68EB
:10E0000003F515631A68FB6803F64C131A60FB6886
:10E01000012283F86429FB68012283F8CB28FB687E
:10E02000012283F87329FB6893F83C30002B4BD016
:10E03000F868FB6803F22C7207F120031946FDF71C
:10E0400043FCFA68FB6803F22C7319461046FFF78D
:10E05000CDFCFB68012283F85427FB68D3F84437D2
:10E060005A1CFB68C3F844277B68002B2AD0FB6846
:10E0700003F59A60FB6803F22C7307F1140219464A
:10E08000FAF73AFB97ED057AFB68D3ED0C7A67EE69
:10E09000277A7B68C3ED007A97ED067AFB68D3EDAB
:10E0A0000C7A7B68043367EE277AC3ED007A97ED2C
:10E0B000077AFB68D3ED0C7A7B68083367EE277A22
:10E0C000C3ED007A012312E0FB68002283F8542795
:10E0D0007B68002B0AD03A6A7B681A607B6804333D
:10E0E0007A6A1A607B680833BA6A1A600023184695
:10E0F0004037BD4680BD00BF0AD7233C80B588B0FD
:10E1000000AFF860B9607A60FB68012283F82927C4
:10E11000FB6803F51A7307F11402B9681846FBF798
:10E1200019FDFB6893F8C934012B1AD0FB6893F8EA
:10E13000C934022B20D1FB6893F8A432002B10D0F5
:10E14000FB6893F81E39002B16D1FB6803F6A40375
:10E15000D3ED007AB7EE007AF4EEC77AF1EE10FA5A
:10E160000AD5FB6803F51A7307F114029FED3A0A0A
:10E1700011461846FFF780FBFB6893F8A432002B8A
:10E1800053D0FB6803F51A70FB6803F5E76207F1EB
:10E1900014031946FDF798FBFB6803F51A72FB6838
:10E1A00003F5E76319461046FFF720FCFB680122E0
:10E1B00083F85527FB68D3F848375A1CFB68C3F827
:10E1C0004827FB6803F5EA634FF000021A607B689A
:10E1D000002B28D0FB6803F5E76393ED007AFB681A
:10E1E000D3EDA67A67EE277A7B68C3ED007AFB68E9
:10E1F00003F23C7393ED007AFB68D3EDA67A7B685B
:10E20000043367EE277AC3ED007AFB6803F5E86311
:10E2100093ED007AFB68D3EDA67A7B68083367EE4E
:10E22000277AC3ED007A012312E0FB68002283F80D
:10E2300055277B68002B0AD07A697B681A607B6857
:10E240000433BA691A607B680833FA691A600023DC
:10E2500018462037BD4680BD0AD7233C80B586B01E
:10E2600000AF786039607B6893F84939002B1CD186
:10E270007B6803F638134FF000021A607B6803F6E0
:10E280003C134FF000021A607B6803F514634FF0F3
:10E2900000021A607B6803F634134FF000021A6024
:10E2A0007B68012283F849297EE04FF000033B613F
:10E2B0000023FB751EE0FB7D9B003A68134493ED41
:10E2C000007AFB7D7A6803F24E239B001344D3ED62
:10E2D000007A77EE677AC7ED037AD7ED037A67EEB7
:10E2E000A77A97ED047A77EE277AC7ED047AFB7D5B
:10E2F0000133FB75FB7D022BDDD997ED040A16F087
:10E30000B9FD87ED040A7B6803F6341393ED007AB8
:10E310007B6803F63413D3ED007AD7ED046A76EE0A
:10E32000E77AF5EE006A67EEA67A77EE277A7B68E1
:10E3300003F63413C3ED007AD7ED047AB3EE047A12
:10E34000F4EEC77AF1EE10FA2ED50023FB7528E023
:10E35000FB7D7A6803F24E239B00134493ED007A11
:10E36000FB7D9B003A681344D3ED006AFB7D7A681D
:10E3700003F24E239B001344D3ED007A76EEE77A46
:10E38000DFED146A67EEA67AFB7D77EE277A7A686E
:10E3900003F24E239B001344C3ED007AFB7D01334F
:10E3A000FB75FB7D022BD3D97B6803F63413D3EDC9
:10E3B000007AB3EE047AF4EEC77AF1EE10FA00DCDC
:10E3C00003E07B680C22C3F8442900BF1837BD4620
:10E3D00080BD00BF0AD7A33B80B58CB000AFF8600A
:10E3E000B96087ED010A002387F82F3007F1100389
:10E3F0001022B968184614F04EFEFB68D3F8443971
:10E40000002B09D0FB68D3F844395A1EFB68C3F8C7
:10E410004429012387F82F30FB6893F84839002BF3
:10E4200018D0FB6803F6241307F1100211461846B2
:10E43000FAF74AF8F0EE407A9FED727AF4EEC77A76
:10E44000F1EE10FA06DDFB680C22C3F84429012323
:10E4500087F82F30FB6893F84839002B0DD1FB6803
:10E4600003F6241307F110011022184614F013FECE
:10E47000FB68012283F84829B7E0FB6803F6241300
:10E4800093ED007AD7ED047A27EE277AFB6803F63E
:10E490002813D3ED006AD7ED057A66EEA77A37EE3A
:10E4A000277AFB6803F62C13D3ED006AD7ED067AC2
:10E4B00066EEA77A37EE277AFB6803F51363D3ED90
:10E4C000006AD7ED077A66EEA77A77EE277AC7ED6E
:10E4D0000A7A97F82F30002B01D04B4B01E04FF018
:10E4E00081437B62D7ED017AB1EE677AD7ED097A85
:10E4F000C7EE276AB0EE660A16F066FCF0EE407AC8
:10E50000B7EE007A77EE677AB7EE001ADFED3F0AD2
:10E51000B0EE670AF9F726FD87ED080AD7ED0A7A0B
:10E52000F5EEC07AF1EE10FA1ED5002387F82E30F2
:10E5300016E097F82E309B0030333B44203BD3ED60
:10E54000007A97F82E30F1EE677A9B0030333B4427
:10E55000203BC3ED007A97F82E30013387F82E3038
:10E5600097F82E30032BE4D9002387F82E3032E0C1
:10E5700097F82E30FA6803F512739B0013440433A6
:10E5800093ED007A97F82E309B0030333B44203BCC
:10E59000D3ED006A97F82E30FA6803F512739B00EA
:10E5A00013440433D3ED007A76EEE76AD7ED087AA8
:10E5B00066EEA77A97F82E3077EE277AFA6803F599
:10E5C00012739B0013440433C3ED007A97F82E3086
:10E5D000013387F82E3097F82E30032BC8D9FB680B
:10E5E00003F624131846F9F759FDFB6803F62413C4
:10E5F00010221946B86814F04EFD00BF3037BD46F2
:10E6000080BD00BF0AD7A33C6F12833B000000000F
:10E6100080B58AB000AF786187ED040AC7ED030AC0
:10E6200087ED021AC7ED011A7B6993F81E39002B9A
:10E6300040F04981D7ED017AB7EE007AF4EEC77A5F
:10E64000F1EE10FA00F33F817B6993F86439002BF7
:10E6500006D07869FFF72EFA0346002B00F03581CB
:10E660007B6993F86439002B67D17B6903F65C13EF
:10E6700093ED007AD7ED037A77EE277A7B6903F67C
:10E680005C13C3ED007A7B69D3F860395A1C7B694F
:10E69000C3F860297B69D3F86039B3F5C87F40F2CD
:10E6A00016817B6903F65C13D3ED006A7B69D3F8AE
:10E6B000603907EE903AB8EE677AC6EE877A7B69E2
:10E6C00003F65413C3ED007A7B6903F654131A68FA
:10E6D0007B6903F658131A607B6903F65C134FF0ED
:10E6E00000021A607B690022C3F860297B6901225D
:10E6F00083F864297B6903F64C13D3ED007A9FED10
:10E70000767AF4EEC77AF1EE10FACCBF012300233B
:10E71000DBB283F00103DBB2002B00F0D8807B6911
:10E7200003F515633A691A607B6903F515631A6886
:10E730007B6903F64C131A60C9E097ED027ADFEDAE
:10E74000676AC7EE267AC7ED097AD7ED097A9FED99
:10E75000647AF4EEC77AF1EE10FA01DD614B7B6268
:10E760007B6903F64C1393ED007A7B6903F64C1337
:10E77000D3ED007AD7ED046A76EEE76AD7ED097A31
:10E7800066EEA77A77EE277A7B6903F64C13C3ED22
:10E79000007A7B6903F65413D3ED007A97ED037A80
:10E7A00077EE677AB0EE670AF9F782FBB0EE407A4F
:10E7B000D7ED097A27EE277A7B6903F65413D3ED58
:10E7C000007A77EE277A7B6903F65413C3ED007A5B
:10E7D0007B6903F64C1393ED007A7B6903F51563AF
:10E7E000D3ED007ADFED406A67EEA66A7B6903F538
:10E7F0001563D3ED007A9FED3D6A67EE867AB0EE41
:10E80000671AF0EE660AB0EE470AF9F7ABFBF0EED6
:10E81000407A7B6903F64C13C3ED007A7B6903F6FB
:10E82000541393ED007A7B6903F65813D3ED007A05
:10E8300077EE677AB0EE670AF9F73AFB87ED080AD8
:10E840002B4BFB6197ED087AD7ED077AB4EEE77AA8
:10E85000F1EE10FA0DDD7B6903F6581393ED007AA3
:10E86000D7ED077A77EE277A7B6903F65413C3ED69
:10E87000007AD7ED077AF1EE677A97ED087AB4EE71
:10E88000E77AF1EE10FA0DD57B6903F6581393ED94
:10E89000007AD7ED077A77EE677A7B6903F654132F
:10E8A000C3ED007A7B6903F65413D3ED007AB0EE22
:10E8B000670AF9F7FDFAF0EE407A7B6903F6541324
:10E8C000C3ED007A04E000BF02E000BF00E000BF3B
:10E8D0002837BD4680BD00BF6F12833A00007042EA
:10E8E000CDCC4C3DCDCC4C3DCDCC4C3F9A99993FB5
:10E8F0003333333E80B584B000AF78607B68D3EDAE
:10E900000E7AB0EE087A67EE877AC7ED037A7B68F5
:10E9100093F83E30012B07D8D7ED037A9FED0A7AA2
:10E9200077EE877AC7ED037A9FED081ADFED080AC4
:10E9300097ED030AF9F716FBF0EE407AB0EE670A9E
:10E940001037BD4680BD00BF8FC2753DEC51383ECB
:10E950000000000080B58EB000AF78607B681B6857
:10E960007B627B680433D3ED007AF1EE677AC7ED02
:10E970000A7A7B680833D3ED007AF1EE677AC7ED47
:10E980000B7A7B680C33D3ED007AF1EE677AC7ED32
:10E990000C7A002387F837304FF00003FB604FF00C
:10E9A00000033B614FF07E537B6107F1180207F1D2
:10E9B0000C0107F124031846F9F7C1FCD7ED067ADC
:10E9C000F5EEC07AF1EE10FA05DB97F8373043F038
:10E9D000010387F83730D7ED077AF5EEC07AF1EE0C
:10E9E00010FA05DB97F8373043F0020387F8373029
:10E9F000D7ED087AF5EEC07AF1EE10FA05DB97F85C
:10EA0000373043F0040387F8373097F8373018462B
:10EA10003837BD4680BD80B483B000AF78607B6876
:10EA2000012283F881267B6803F284634FF00002A1
:10EA30001A607B68002283F81E297B68002283F815
:10EA4000CA287B68002283F81F297B68012283F88B
:10EA5000CB2800BF0C37BD465DF8047B7047000033
:10EA600080B52DED028B88B000AF786039607B688F
:10EA700003F2D45107F10C030C22184614F00BFBDF
:10EA800097ED037AD7ED037A27EE277AD7ED046A5C
:10EA9000D7ED047A66EEA77A37EE277AD7ED056AC6
:10EAA000D7ED057A66EEA77A77EE277AB0EE670A99
:10EAB00016F0E0F987ED070AD7ED077A9FED4F7A58
:10EAC000F4EEC77AF1EE10FACCBF01230023DBB2DB
:10EAD00083F00103DBB2002B40F08A8097ED058ABA
:10EAE00097ED037AD7ED037A27EE277AD7ED046AFC
:10EAF000D7ED047A66EEA77A77EE277AB0EE670A4A
:10EB000016F0B8F9F0EE407AF0EE670AB0EE480A77
:10EB100016F058F987ED060A78687B6803F59A6362
:10EB20003A681946FEF7C6F97B68012283F8732913
:10EB30007B68B3F8CC354FF6FF72934207D07B6801
:10EB4000B3F8CC3501339AB27B68A3F8CC257B6847
:10EB500003F2F4431846FDF7B3FB7B6803F5B56396
:10EB600007F10C010C22184614F095FA7B6801227B
:10EB700083F8D0257B6803F5B8634FF000021A6074
:10EB80007B6803F2C4534FF000021A607868FEF706
:10EB90007DFB7B6803F51563FA691A607B6803F5F2
:10EBA00015631A687B6803F64C131A607B6803F6DA
:10EBB0005813BA691A607B6803F658131A687B68A1
:10EBC00003F654131A607B68012283F864297B687A
:10EBD000002283F81E297B68002283F8CA287B68FC
:10EBE000002283F81F297B68012283F8CB2800E0EC
:10EBF00000BF2037BD46BDEC028B80BD6F12833A4B
:10EC000080B592B000AFF860B9607A60BB681B68ED
:10EC1000BB62BB680433D3ED007AF1EE677AC7EDCF
:10EC20000B7ABB680833D3ED007AF1EE677AC7ED53
:10EC30000C7ABB680C33D3ED007AF1EE677AC7ED3E
:10EC40000D7AFB6893F81E39002B00F07081FB6889
:10EC500093F88136002B40F06A81FB6893F8803688
:10EC6000002B00F06481FB6893F83C30002B00F02F
:10EC70005E81B868FFF76EFE034687F8433097F869
:10EC8000432013469B0013449B0003F5BC63FA68C2
:10EC90001344FB63FB6803F2D45107F11C0207F134
:10ECA00028031846F9F74BFB7B6893ED007AD7ED04
:10ECB000077A77EE677AC7ED047A7B68043393EDC1
:10ECC000007AD7ED087A77EE677AC7ED057A7B6828
:10ECD000083393ED007AD7ED097A77EE677AC7EDBE
:10ECE000067AFB6B1B7C002B5CD097ED047AFB6BE8
:10ECF000D3ED007A37EE677AD7ED046AFB6BD3ED7C
:10ED0000007A76EEE77A27EE277AD7ED056AFB6B75
:10ED1000D3ED017A76EEE76A97ED056AFB6BD3EDEA
:10ED2000017A76EE677A66EEA77A37EE277AD7ED24
:10ED3000066AFB6BD3ED027A76EEE76A97ED066A18
:10ED4000FB6BD3ED027A76EE677A66EEA77A77EE02
:10ED5000277AB0EE670A16F08DF887ED0E0AD7ED28
:10ED60000E7A9FED757AF4EEC77AF1EE10FA10D5AF
:10ED7000FB6B5B7C002B03D0F868FFF74CFED7E001
:10ED8000FB6B01225A74FB6B1946F868FFF768FEAB
:10ED9000CEE0FB6B00221A74FB6B00225A74FB6BF3
:10EDA00000229A74FB6B9B7C002B0ED1FB6B07F14E
:10EDB00010010C22184614F06EF9FB6B4FF00002A4
:10EDC000DA60FB6B01229A74B2E097ED047AFB6B78
:10EDD000D3ED007A37EE677AD7ED046AFB6BD3ED9B
:10EDE000007A76EEE77A27EE277AD7ED056AFB6B95
:10EDF000D3ED017A76EEE76A97ED056AFB6BD3ED0A
:10EE0000017A76EE677A66EEA77A37EE277AD7ED43
:10EE1000066AFB6BD3ED027A76EEE76A97ED066A37
:10EE2000FB6BD3ED027A76EE677A66EEA77A77EE21
:10EE3000277AB0EE670A16F01DF887ED0E0AD7EDB7
:10EE40000E7A9FED3E7AF4EEC77AF1EE10FA0EDDFF
:10EE5000FB6B07F110010C22184614F01CF9FB6B38
:10EE60004FF00002DA60FB6B01229A7460E000232D
:10EE70007B6428E0FA6B7B6C9B00134493ED007A73
:10EE80007B6C9B0048333B44383BD3ED006AFA6B04
:10EE90007B6C9B001344D3ED007A36EEE76AFB6B84
:10EEA0009B7C013307EE903AF8EE676AC6EE267A4D
:10EEB00077EE277AFA6B7B6C9B001344C3ED007AE4
:10EEC0007B6C01337B647B6C022BD3DDFB6BD3ED5E
:10EED000037A97ED0E7AB4EEE77AF1EE10FA02DDDE
:10EEE000FB6BBA6BDA60FB6B9B7CFF2B05D0FB6B7B
:10EEF0009B7C0133DAB2FB6B9A74FB6B9B7C022B1D
:10EF000016D9FB6BD3ED037A9FED0D7AF4EEC77A39
:10EF1000F1EE10FA0CD5FB6B01221A74FB6B012287
:10EF20005A74FB6B1946F868FFF79AFD00E000BFC2
:10EF30004837BD4680BD00BFCDCCCC3D8FC2F53D2E
:10EF40000AD7A33DB0B52DED028BC4B002AFF86077
:10EF500007F58473A3F58073196007F58473A3F52F
:10EF6000827383ED000AFB6803F2F443C7F80031B3
:10EF7000FB6803F22C7107F58473A3F5827207F521
:10EF80008473A3F5807392ED000A0A461968D7F8D6
:10EF90000001FDF7D7F9D7F80031D3F8D430182B9A
:10EFA00040F24483D7F800310022C3F8D420D7F8C8
:10EFB0000001FDF72BFF87ED3F0AD7F80031D7F8A6
:10EFC000FC20C3F8D020D7ED3F7A9FEDA77AF4EE6E
:10EFD000C77AF1EE10FA00F32B83FB6803F59A6110
:10EFE00007F1B00007F1BC0207F1A003019307F19C
:10EFF000A40300930346D7F80001FDF7C9FF0346B9
:10F00000002B00F0178397ED2C7AD7ED2C7A27EEA2
:10F01000277AD7ED2D6AD7ED2D7A66EEA77A37EEEF
:10F02000277AD7ED2E6AD7ED2E7A66EEA77A77EE9D
:10F03000277AB0EE670A15F01DFF87ED3E0A97EDBF
:10F04000297AD7ED297A27EE277AD7ED2A6AD7EDE4
:10F050002A7A66EEA77A37EE277AD7ED2B6AD7EDB4
:10F060002B7A66EEA77A77EE277AB0EE670A15F06C
:10F0700001FF87ED3D0AD7F8A020D7F80031C3F88B
:10F08000CC20D7ED3E7A9FED797AF4EEC77AF1EE97
:10F0900010FACCBF01230023DBB283F00103DBB203
:10F0A000002B40F0C982D7ED3E7AB7EE007A77EEBA
:10F0B000C77AF0EEE77AB5EE007AF4EEC77AF1EEB1
:10F0C00010FA00F3BB82D7ED3D7AB0EE047AF4EE8D
:10F0D000C77AF1EE10FA00F3B382D7ED287AB5EED5
:10F0E000007AF4EEC77AF1EE10FA00F3AB82D7F8AB
:10F0F0000031B43307F1B0010C22184613F0CBFFF6
:10F10000D7F80031C03307F1A4010C22184613F0E0
:10F11000C2FF97ED2C7AD7ED2C7A27EE277AD7ED20
:10F120002D6AD7ED2D7A66EEA77A77EE277AB0EEC4
:10F13000670A15F09FFE87ED3C0AD7ED2E7AD7EDD2
:10F140003C0AB0EE670A15F03DFE87ED3B0AD7F8A2
:10F15000003193F8DC30002B20D1D7F800310122A8
:10F1600083F8DC20FB6803F65413D7F8EC201A6010
:10F17000FB6803F65813D7F8EC201A60FB680122ED
:10F1800083F86429FB6803F64C13D7F8F8201A605B
:10F19000FB6803F51563D7F8F8201A60FB6893F84D
:10F1A0001E39002B0ED1FB6803F2D450D7F8003182
:10F1B000B4330C22194613F06EFFFB68012283F86A
:10F1C00080263FE0FB6803F65813D3ED007A97EDF5
:10F1D0003B7A77EE677AB0EE670AF8F769FEF0EEF1
:10F1E000407A9FED257A27EE877AFB6803F658135D
:10F1F000D3ED007A77EE277AFB6803F65813C3ED58
:10F20000007AFB6803F65813D3ED007AB0EE670A74
:10F21000F8F74EFEF0EE407AFB6803F65813C3EDA4
:10F22000007AFB6893F86439002B0BD1FB6803F676
:10F2300058131A68FB6803F654131A60FB6801221E
:10F2400083F86429D7ED287A9FED0B7AF4EEC77A1C
:10F25000F1EE10FA40F11D81002387F807313FE0FD
:10F26000002387F8063132E0CDCC4C3F6F12833A51
:10F27000FFFF7F7F17B7D138CDCC4C3D6666E63FA8
:10F280000AD7233DCDCC4C3E0000204297F8062102
:10F2900013465B001A4497F80731D01897F80721F6
:10F2A00013465B001A4497F806311344F96800F5D9
:10F2B0009A7292000A4412689B0003F584733B44DF
:10F2C000D43B1A6097F80631013387F8063197F876
:10F2D0000631022BDAD997F80731013387F8073165
:10F2E00097F80731022BBBD907F1100207F134015F
:10F2F00007F1BC031846F9F78FFC07F11003184615
:10F30000FAF7D3F887ED3A0AD7ED3A7AF0EEE77AD2
:10F310001FED297AF4EE477AF1EE10FA8CBF012343
:10F320000023DBB283F00103DBB2002B00F0AA80E4
:10F33000D7ED3A7A1FED317AF4EEC77AF1EE10FA92
:10F3400040F3A080012387F80531D7ED3A7A1FED0D
:10F35000367AF4EEC77AF1EE10FA4FDD5FED3A6AD5
:10F3600097ED3A7AC6EE877AC7ED397A002387F8A7
:10F37000073130E097F80731FA6803F59A739B007C
:10F38000134493ED007A97F807319B0003F58473DB
:10F390003B444C3BD3ED006A97F80731FA6803F51C
:10F3A0009A739B001344D3ED007A76EEE76AD7EDAB
:10F3B000397A66EEA77A97F8073177EE277A9B00BD
:10F3C00003F584733B448C3BC3ED007A97F8073117
:10F3D000013387F8073197F80731082BCAD907F1AD
:10F3E000580207F17C0311461846F9F795FC0346CD
:10F3F000002B0DD1002387F8053109E007F15804EF
:10F4000007F1BC050FCD0FC40FCD0FC42B682360CF
:10F4100097F80531002B08D0F868FEF74BFB034640
:10F42000002B02D1002387F8053197F80531002B16
:10F430002ED007F158031846FAF737F8F0EE407A65
:10F440001FED727AF4EEC77AF1EE10FA00D91FE0E0
:10F45000FB6803F59A6307F158012422184613F05C
:10F460001AFEFB68012283F87329D7F800310122C4
:10F4700083F8DD20FB68012283F8CB28F868FDF7CC
:10F480006BFE05E0D7F80031012283F8DD2000E0B3
:10F4900000BFD7ED3D7A1FED867AF4EEC77AF1EE24
:10F4A00010FA30DBD7ED287A1FED8A7AF4EEC77AAE
:10F4B000F1EE10FA27D5D7F8003193F8DD30002BA4
:10F4C00021D0D7F8003193F8DC30002B1BD0D7F8CF
:10F4D0000031D3ED007A1FED947AF4EEC77AF1EEA5
:10F4E00010FA10DBF868FEF7E5FA0346002B0AD0A5
:10F4F000D7F8003193F8DA300133DAB2D7F80031B7
:10F5000083F8DA2004E0D7F80031002283F8DA200B
:10F51000D7F8003193F8DA30022B40F29480FB6880
:10F52000012283F8732997ED2E8A97ED2C7AD7ED77
:10F530002C7A27EE277AD7ED2D6AD7ED2D7A66EE55
:10F54000A77A77EE277AB0EE670A15F093FCF0EE13
:10F55000407AF0EE670AB0EE480A15F033FC87ED0A
:10F56000380AF868FB6803F59A6307F1A4021946A4
:10F57000FDF7A0FCD7F80031B3F8D8304FF6FF7292
:10F58000934209D0D7F80031B3F8D83001339AB29A
:10F59000D7F80031A3F8D820D7F80001FCF790FE87
:10F5A000FB6803F674034FF000021A60FB6803F671
:10F5B00078034FF000021A60FB680022C3F8842829
:10F5C000FB6803F67C03234A1A60F868FCF72AFB01
:10F5D000FB6803F511634FF000021A60F868FDF74D
:10F5E00055FEFB6803F51563D7F8F8201A60FB6831
:10F5F00003F515631A68FB6803F64C131A60FB6881
:10F6000003F65813D7F8E0201A60FB6803F6581386
:10F610001A68FB6803F654131A60FB68012283F82A
:10F620006429FB68012283F8CB280CE000BF0AE0C4
:10F6300000BF08E000BF06E000BF04E000BF02E03A
:10F6400000BF00E000BF07F58477BD46BDEC028B2C
:10F65000B0BD00BF9A99193E90B52DED028BFDB05B
:10F6600000AF07F5F871A1F5F2710860C7E9002352
:10F670004FF00003C7F8C0314FF07E53C7F8BC31DC
:10F680004FF07E53C7F8B8314FF00003C7F8B431DC
:10F69000002387F8B331002387F8DF31C64B0022FF
:10F6A0001A70D7F80802F8F7F9FC07F5F873A3F514
:10F6B000F2731B6893F8A039002B47D007F5F87355
:10F6C000A3F5F2731B6803F5196353E90201D7E947
:10F6D0000023904271EB030338D207F5F873A3F5CA
:10F6E000F873196807F5F873A3F5F2731B6803F54F
:10F6F000196353E902231346CB1A07EE903AF8EE4A
:10F70000677A9FEDAE7A67EE877AC7ED7B7A9FEDD9
:10F71000AC1ADFEDAC0A97ED7B0AF8F723FC87ED16
:10F720007B0A07F5F873A3F5F2731B6803F67413ED
:10F73000D7F808121846F8F7C7FEF0EE406A97EDC2
:10F740007B7AC6EE877AC7ED7A7A06E09E4BC7F8D9
:10F75000EC314FF00003C7F8E83107F5F873A3F573
:10F76000F2731B6803F69413D7F8E8211A6007F5C3
:10F77000F873A3F5F2731B6803F6C413D3ED007A94
:10F78000F5EEC07AF1EE10FA15DD07F5F873A3F582
:10F79000F2731B6803F6C41393ED007AD7ED7B7AFE
:10F7A00077EE677A07F5F873A3F5F2731B6803F633
:10F7B000C413C3ED007A07F5F873A3F5F2731B6861
:10F7C00093F8C938002B43D0D7ED7B7AF1EE677AF6
:10F7D000B0EE670A15F0F8FA87ED6B0A07F5F873D3
:10F7E000A3F5F2731B6803F6B80393ED007AD7ED27
:10F7F0006B7A67EE277A07F5F873A3F5F2731B6847
:10F8000003F6B803C3ED007A07F5F873A3F5F273B6
:10F810001B6803F6B803D3ED007AF0EEE77A9FEDAC
:10F820006B7AF4EEC77AF1EE10FA11D507F5F8739A
:10F83000A3F5F2731B6803F6B8034FF000021A60D9
:10F8400007F5F873A3F5F2731B68002283F8C92843
:10F8500007F5F873A3F5F2731B6893F81E39002BB4
:10F860002ED107F5F873A3F5F2731B6803F28463D6
:10F8700093ED007AD7ED7B7A77EE277A07F5F87368
:10F88000A3F5F2731B6803F28463C3ED007A07F5F6
:10F89000F873A3F5F2731B6803F28463D3ED007A67
:10F8A000B3EE0E7AF4EEC77AF1EE10FA12DD07F538
:10F8B000F873A3F5F2731B68002283F8812609E030
:10F8C00007F5F873A3F5F2731B6803F284634FF036
:10F8D00000021A6007F5F873A3F5F27397ED7B0A3F
:10F8E0001868FEF745F907F5F873A3F5F2731B687E
:10F8F00003F674131022D7F80812184613F0CBFB46
:10F9000007F5F873A3F5F2731B6803F5196319463D
:10F91000D7E9002341E9022307F5F873A3F5F27351
:10F920001B68012283F8A02907F5F873A3F5F27389
:10F930001B6893F85437002B11D007F5F873A3F523
:10F94000F2731B68D3F8442707F5F873A3F5F27335
:10F950001B68D3F84C379A4201D0012300E0002302
:10F9600087F8AB3107F5F873A3F5F2731B6803F55D
:10F97000EA6393ED007AD7ED7B7A77EE277A07F585
:10F98000F873A3F5F2731B6803F5EA63C3ED007A1D
:10F9900007F5F873A3F5F2731B6893F83C30002B5E
:10F9A0004FD107F5F873A3F5F2731B6893F8613232
:10F9B000002B17D0012216E09C2401206F12833700
:10F9C000CDCC4C3E6F12833A0AD7233C17B7D138BF
:10F9D000E4CB1641BD378635E12E65420000DC429E
:10F9E00000000000002207F5F873A3F5F2731B680E
:10F9F00083F8CC2807F5F873A3F5F2731B6803F5B9
:10FA00000C634FF000021A6007F5F873A3F5F27368
:10FA100097ED7B0AD7F808121868FEF7DDFC07F5AA
:10FA2000F873A3F5F273D7F808121868F8F706FE12
:10FA300007F5F873A3F5F2731B6893F8CC3804F05C
:10FA4000D9B997F8AB31002B03F0C08507F5F873EF
:10FA5000A3F5F2731B6893F8C839002B00F00C82F1
:10FA6000D7ED7A7A1FED267AF4EEC77AF1EE10FA26
:10FA700000F20282D7F808321A6807F5F873A3F586
:10FA8000D4731A60D7F808320433D3ED007AF1EE5C
:10FA9000677A07F5F873A3F5D473C3ED017AD7F845
:10FAA00008320833D3ED007AF1EE677A07F5F87380
:10FAB000A3F5D473C3ED027AD7F808320C33D3ED33
:10FAC000007AF1EE677A07F5F873A3F5D473C3ED06
:10FAD000037A07F5F873A3F5F2731B6803F51B604F
:10FAE00007F5F873A3F5F2731B6803F6A41307F187
:10FAF0003C021946F8F723FC07F1300207F13C01FC
:10FB000007F148031846F8F71AFC07F5F873A3F550
:10FB1000F2731B6803F6A41393ED007A07F5F873EC
:10FB2000A3F5F2731B6803F6A413D3ED007A27EE56
:10FB3000277A07F5F873A3F5F2731B6803F6A81389
:10FB4000D3ED006A07F5F873A3F5F2731B6803F6AB
:10FB5000A813D3ED007A66EEA77A37EE277A07F579
:10FB6000F873A3F5F2731B6803F6AC13D3ED006AC8
:10FB700007F5F873A3F5F2731B6803F6AC13D3ED26
:10FB8000007A66EEA77A77EE277AB0EE670A15F06C
:10FB900071F987ED690A07F5F873A3F5E07393ED42
:10FBA000007A07F5F873A3F5E073D3ED007A27EE3A
:10FBB000277A07F5F873A3F5E073D3ED016A07F52B
:10FBC000F873A3F5E073D3ED017A66EEA77A37EE0A
:10FBD000277A07F5F873A3F5E073D3ED026A07F50A
:10FBE000F873A3F5E073D3ED027A66EEA77A77EEA9
:10FBF000277AB0EE670A15F03DF987ED680AD7ED70
:10FC0000697A1FED8C7AF4EEC77AF1EE10FA40F3C0
:10FC10003381D7ED687A1FED917AF4EEC77AF1EE71
:10FC200010FA40F3298107F5F873A3F5F2731B6806
:10FC300003F22C7393ED007A07F5F873A3F5E073E4
:10FC4000D3ED007A27EE277A07F5F873A3F5F27360
:10FC50001B6803F5E663D3ED006A07F5F873A3F5B7
:10FC6000E073D3ED017A66EEA77A37EE277A07F5CF
:10FC7000F873A3F5F2731B6803F23473D3ED006AD3
:10FC800007F5F873A3F5E073D3ED027A66EEA77A71
:10FC900077EE276A97ED697AD7ED687A27EE277AAB
:10FCA000C6EE877AC7ED677AB7EE001AFFEE000A54
:10FCB00097ED670AF8F756F987ED670A97ED670A37
:10FCC00015F028F8F0EE407A07F5F873A3F5F27313
:10FCD0001B6803F51C63C3ED007AD7ED7A7A1FED3C
:10FCE000C27A67EE877AC7ED667AD7ED667AB2EEAA
:10FCF000047A77EEC77A5FEDC76A87EEA67AB7EE29
:10FD0000001A5FEDC90AB0EE470AF8F72BF987ED44
:10FD1000650AA54BD3ED007A9FEDA41ADFEDA90A81
:10FD2000B0EE670AF8F71EF9B0EE407AF7EE006A17
:10FD3000D7ED657A76EEE77A27EE277AD7ED657A02
:10FD4000DFED9B6A67EEA67A77EE277AC7ED647AD5
:10FD500007F5F873A3F5F2731B6803F63423D3EDAC
:10FD6000007A97ED647AB4EEE77AF1EE10FA01D5F5
:10FD7000904B00E0904BC7F88C3197ED7B7AD7ED34
:10FD8000637AC7EE276AB7EE001ADFED8E0AB0EE8F
:10FD9000660AF8F7E7F887ED620A07F5F873A3F546
:10FDA000F2731B6803F6342393ED007A07F5F873BA
:10FDB000A3F5F2731B6803F63423D3ED007AD7ED75
:10FDC000646A76EEE76AD7ED627A66EEA77A77EE36
:10FDD000277A07F5F873A3F5F2731B6803F634234B
:10FDE000C3ED007A07F5F873A3F5F2731B6803F609
:10FDF0003423D3ED007AF5EEC07AF1EE10FA3BDD54
:10FE00006E4BC7F8843107F5F873A3F5F2731B68DE
:10FE100003F63423D3ED007AB7EE007A37EE677A33
:10FE2000F3EE046AD7ED617A76EEE77A67EE277A29
:10FE300097ED617A77EE277AC7ED607A07F5F87368
:10FE4000A3F5F2731B6803F51C6393ED007AD7EDFD
:10FE5000607ADFED5B6A67EEA67AB4EEE77AF1EEE0
:10FE600010FA09DD07F5F873A3F5F2731B6803F6C2
:10FE7000C4134FF07C521A6007F5F873A3F5F273C0
:10FE80001B6803F6A41007F5F873A3F5F2731B685B
:10FE900003F22C730C22194613F0FDF807F5F873E2
:10FEA000A3F5F2731B6803F51B631022D7F8081241
:10FEB000184613F0F0F807F5F873A3F5F2731B6812
:10FEC000012283F8C82907F5F873A3F5F2731B68BC
:10FED000D3F8442707F5F873A3F5F2731B68C3F84A
:10FEE0004C2707F5F873A3F5F2731B6803F5196344
:10FEF0004FF000021A6007F5F873A3F5F2731B6860
:10FF000093F85537002B26D007F5F873A3F5F27355
:10FF10001B6803F5EA6393ED007AD7ED7B7AF0EE88
:10FF2000086A67EEA67AB4EEE77AF1EE10FA12D517
:10FF300007F5F873A3F5F2731868FDF7BBFD0346E8
:10FF4000002B08D007F5F873A3F5F27397ED7B0A41
:10FF50001868FBF7C9FE07F5F873A3F5F273186884
:10FF6000FDF767FC0346002B2ED007F5F873A3F5C9
:10FF7000F2731B6893F85537002B25D007F5F873FB
:10FF8000A3F5F2731B6803F5EA6393ED007AD7EDEE
:10FF90007B7AF0EE086A67EEA67AB4EEE77AF1EEC5
:10FFA00010FA11D5012310E0B8D200203333733F8B
:10FFB000CDCC4C3E8FC2F53C9A99993E0000404012
:10FFC00035FA8E3C00000000002387F8B33107F5B6
:10FFD000F873A3F5F2731B6803F698034FF0000261
:10FFE0001A6007F5F873A3F5F2731B6803F22C711E
:10FFF00007F170030C22184613F04DF897F8B3314F
:020000040801F1
:10000000002B00F0908107F5F873A3F5F2731B68DD
:1000100003F5D16007F5F873A3F5F2731B6803F5D8
:10002000E76307F124021946F8F766FB07F5F87352
:10003000A3F5E67393ED007A07F5F873A3F5F27371
:100040001B6803F2AC63D3ED007A77EE277A07F5ED
:10005000F873A3F5E673C3ED007A07F5F873A3F51B
:10006000E67393ED017A07F5F873A3F5F2731B6855
:1000700003F5D663D3ED007A77EE277A07F5F873A8
:10008000A3F5E673C3ED017A07F5F873A3F5E673FC
:1000900093ED027A07F5F873A3F5F2731B6803F288
:1000A000B463D3ED007A77EE277A07F5F873A3F5FA
:1000B000E673C3ED027A07F5F873A3F5F2731B68D4
:1000C00003F22C7393ED007A07F5F873A3F5E6734A
:1000D000D3ED007A77EE677A07F5F873A3F5EC7342
:1000E000C3ED007A07F5F873A3F5F2731B6803F507
:1000F000E66393ED007A07F5F873A3F5E673D3EDA5
:10010000017A77EE677A07F5F873A3F5EC73C3ED20
:10011000017A07F5F873A3F5F2731B6803F23473E1
:1001200093ED007A07F5F873A3F5E673D3ED027A41
:1001300077EE677A07F5F873A3F5EC73C3ED027AEF
:1001400007F5F873A3F5EC7393ED007A07F5F873F0
:10015000A3F5EC73D3ED007A27EE277A07F5F87351
:10016000A3F5EC73D3ED016A07F5F873A3F5EC730F
:10017000D3ED017A66EEA77A37EE277A07F5F873A2
:10018000A3F5EC73D3ED026A07F5F873A3F5EC73EE
:10019000D3ED027A66EEA77A77EE277AB0EE670A99
:1001A00014F068FE87ED5F0A07F5F873A3F5F273A4
:1001B0001B6803F50863D7F87C211A6007F5F8730C
:1001C000A3F5F2731B68D3F88438C72B15D907F54C
:1001D000F873A3F5F2731B6803F67C0393ED007AC2
:1001E000D7ED5F6AC6EE877A07F5F873A3F5F27369
:1001F0001B6803F69803C3ED007A07F5F873A3F5BF
:10020000F2731B6803F69803D3ED007AB7EE007A19
:1002100077EE677AB7EE001A5FED960AB0EE670ADE
:10022000F7F7A0FE87ED5E0A07F5F873A3F5F27302
:100230001B6803F22C7393ED007AD7ED5E7AF6EE2D
:10024000006A67EEA66A07F5F873A3F5E67393ED07
:10025000006A07F5F873A3F5F2731B6803F22C73B9
:10026000D3ED007A76EE677A66EEA77A77EE277A94
:1002700007F5F873A3F5C073C3ED007A07F5F873BB
:10028000A3F5F2731B6803F5E66393ED007AD7EDEF
:100290005E7AF6EE006A67EEA66A07F5F873A3F5D4
:1002A000E67393ED016A07F5F873A3F5F2731B6823
:1002B00003F5E663D3ED007A76EE677A66EEA77A09
:1002C00077EE277A07F5F873A3F5C073C3ED017ACB
:1002D00007F5F873A3F5F2731B6803F2347393ED1B
:1002E000007AD7ED5E7AF6EE006A67EEA66A07F549
:1002F000F873A3F5E67393ED026A07F5F873A3F5B7
:10030000F2731B6803F23473D3ED007A76EE677AEA
:1003100066EEA77A77EE277A07F5F873A3F5C07330
:10032000C3ED027A09E007F5F873A3F5F2731B68D1
:1003300003F508634FF000021A6007F5F873A3F5A0
:10034000F2731B6803F59A6307F1640207F1700109
:100350001846F8F7D1F907F5F873A3F5F2731868A2
:10036000FDF7A8FB0346002B0AD007F1640207F54E
:10037000F873A3F5F273D7F808121868FEF740FC7B
:1003800007F1580207F164031946D7F80802F7F796
:10039000D6FF07F5F873A3F5F2731B6803F6240381
:1003A00007F158010C22184612F075FE07F5F87394
:1003B000A3F5F2731B6893F86938012B40F2E980CA
:1003C00007F5F873A3F5CC7393ED007A07F5F8738E
:1003D000A3F5F2731B6803F63C03D3ED007A77EEC6
:1003E000A77A37EE677A07F5F873A3F5F2731B68FF
:1003F00003F64803D3ED007A77EE277AC7ED5D7AEE
:1004000007F5F873A3F5CC7393ED017A07F5F8734C
:10041000A3F5F2731B6803F50463D3ED007A77EE5E
:10042000A77A37EE677A07F5F873A3F5F2731B68BE
:1004300003F64C03D3ED007A77EE277AC7ED5C7AAA
:1004400007F5F873A3F5CC7393ED027A07F5F8730B
:10045000A3F5F2731B6803F64403D3ED007A77EE3D
:10046000A77A37EE677A07F5F873A3F5F2731B687E
:1004700003F50563D3ED007A77EE277AC7ED5B7A53
:10048000D7ED5D7A27EEA77AD7ED5C7A67EEA77A8B
:1004900037EE277AD7ED5B7A67EEA77A77EE277A81
:1004A000F1EE086A87EEA67AB0EE470A14F0E2FC95
:1004B00087ED5A0A07F5F873A3F5F2731B6803F684
:1004C0006C03D3ED007A97ED5A7AB4EEE77AF1EE49
:1004D00010FA01D5B14B00E0B14BC7F8643107F514
:1004E000F873A3F5F2731B6803F66C0393ED007ABF
:1004F00007F5F873A3F5F2731B6803F66C03D3EDED
:10050000007AD7ED5A6A76EEE76AD7ED597A66EE49
:10051000A77A77EE277A07F5F873A3F5F2731B68CD
:1005200003F66C03C3ED007A07F5F873A3F5F273D5
:100530001B6803F66C03D3ED007AB5EE001ADFED0D
:10054000990AB0EE670AF7F70DFDF0EE407A07F56D
:10055000F873A3F5F2731B6803F66C03C3ED007A1E
:1005600007F5F873A3F5F2731B68D3F87038B3F18D
:10057000FF3F0ED007F5F873A3F5F2731B68D3F8AD
:1005800070385A1C07F5F873A3F5F2731B68C3F8AB
:10059000702807F5F873A3F5F2731B6803F648009B
:1005A00007F5F873A3F5F2731B6803F63C030C22FE
:1005B000194612F070FD07F5F873A3F5F2731B6886
:1005C00003F63C0307F158010C22184612F063FDB4
:1005D00007F5F873A3F5F2731B6893F86938012BDC
:1005E0000FD807F5F873A3F5F2731B6893F8693811
:1005F0000133DAB207F5F873A3F5F2731B6883F8D9
:10060000692807F5F873A3F5F2731B68D3F864380B
:10061000092B42D9002387F8DE3139E097F8DE3123
:1006200007F5F872A2F5F272126803F206239B0036
:10063000134493ED007A07F5F873A3F5F2731B6882
:1006400093F86838184697F8DE1107F5F873A3F5A4
:10065000F2731A6803465B0003440B4403F5EB7323
:100660009B001344D3ED007A97F8DE3177EE677A7A
:1006700007F5F872A2F5F272126803F206239B00E6
:100680001344C3ED007A97F8DE31013387F8DE3189
:1006900097F8DE31022BC1D90EE007F5F873A3F508
:1006A000F2731B68D3F864385A1C07F5F873A3F586
:1006B000F2731B68C3F86428002387F8DE314BE02F
:1006C00097F8DE3107F5F872A2F5F272126892F827
:1006D0006828144697F8DE0107F5F872A2F5CC7287
:1006E0009B0013441A6807F5F873A3F5F2731968B1
:1006F00023465B002344034403F5EB739B000B4448
:100700001A6097F8DE3107F5F872A2F5F2721268F6
:1007100003F206239B00134493ED007A97F8DE3131
:1007200007F5F872A2F5CC729B001344D3ED007A62
:1007300097F8DE3177EE277A07F5F872A2F5F272B4
:10074000126803F206239B001344C3ED007A97F866
:10075000DE31013387F8DE3197F8DE31022BAFD975
:1007600007F5F873A3F5F2731B6893F86838591C02
:100770000D4BA3FB0123DA0813469B0013445B00D7
:10078000CA1AD2B207F5F873A3F5F2731B6883F89F
:100790006828002387F8DE313CE000BF0AD7A33C7D
:1007A0006F12033BA69BC43ACDCCCCCC6F12833ADC
:1007B000E02E65429A99193E3333B33E97F8DE3105
:1007C00007F5F872A2F5F272126803F206239B0095
:1007D0001344D3ED006A07F5F873A3F5F2731B68B1
:1007E000D3F8643807EE903AB8EE677A97F8DE31BE
:1007F000C6EE877A07F5F872A2F5F272126803F571
:1008000003739B001344C3ED007A97F8DE31013384
:1008100087F8DE3197F8DE31022BCFD907F5F87370
:10082000A3F5F2731B68012283F86A2807F5F873B1
:10083000A3F5F2731B6803F5036393ED007A07F5E4
:10084000F873A3F5F2731B6803F50363D3ED007A25
:1008500027EE277A07F5F873A3F5F2731B6803F602
:100860003403D3ED006A07F5F873A3F5F2731B6840
:1008700003F63403D3ED007A66EEA77A37EE277AD3
:1008800007F5F873A3F5F2731B6803F63803D3ED8D
:10089000006A07F5F873A3F5F2731B6803F63803D3
:1008A000D3ED007A66EEA77A77EE277AB0EE670A84
:1008B00014F0E0FA87ED6F0A07F5F873A3F5F27309
:1008C0001B6803F5036393ED007A07F5F873A3F54E
:1008D000F2731B6803F50363D3ED007A27EE277AE2
:1008E00007F5F873A3F5F2731B6803F63403D3ED31
:1008F000006A07F5F873A3F5F2731B6803F6340377
:10090000D3ED007A66EEA77A77EE277AB0EE670A23
:1009100014F0B0FA87ED6E0A07F5F873A3F5F273D9
:100920001B6803F69C13D7F8BC211A60D7ED6F7AC9
:100930001FED627AF4EEC77AF1EE10FA42F33B86CD
:1009400007F5F873A3F5F2731B6803F64C13D3EDA8
:10095000007A1FED6A7AF4EEC77AF1EE10FA42F3EC
:100960002A8607F5F873A3F5F2731B6803F66C0388
:1009700093ED008A07F5F873A3F5F2731B68D3F8BB
:10098000643807EE903AF8EE677AB0EE670A14F032
:1009900071FAB0EE407AC8EE077AC7ED587A07F5DB
:1009A000F873A3F5F2731B6803F60823D7F86021E8
:1009B0001A6007F5F873A3F5F2731B6803F60C23AE
:1009C000D7F8B8211A60D7ED7A7A1FED877A67EEEB
:1009D000877A07F5F873A3F5F2731B6803F52163B3
:1009E000C3ED007A07F5F873A3F5F2731B6803F6FD
:1009F0003803D3ED007AD7ED6E0AB0EE670A14F033
:100A0000E1F987ED6D0A07F5F873A3F5F2731B683A
:100A100003F63403D3ED007A07F5F873A3F5F27308
:100A20001B6803F5036393ED007AF0EE470AB0EE1E
:100A3000670A14F0C7F987ED700A07F5F873A3F594
:100A4000F2731B6803F69813D7F8B4211A6007F500
:100A5000F873A3F5F27397ED7B0AD7F808121868BC
:100A6000FEF770FA07F5F873A3F5F2731B6803F647
:100A70004C13D3ED007A1FEDB17A27EE877AD7EDCC
:100A8000587AF2EE026A67EEA67AF0EE670AB0EEE6
:100A9000470AF7F798FAB0EE408A07F5F873A3F51E
:100AA000F2731868FDF726FFB0EE407A07F5F87389
:100AB000A3F5F2731B6803F64C13D3ED007A67EECF
:100AC000277A78EE277AC7ED577A07F5F873A3F5FA
:100AD000F2731B6803F64C13D3ED007A97ED6F7A2F
:100AE00077EE677AF0EEE76A97ED577AC6EE877A87
:100AF00007F5F873A3F5F2731B6803F68803C3EDDB
:100B0000007A07F5F873A3F5F2731B6893F864395C
:100B1000002B3DD0D7ED587AB2EE027A67EE877A95
:100B2000F0EE670A1FEDDC0AF7F74DFAB0EE408AE7
:100B300007F5F873A3F5F2731868FDF7DBFEF0EE26
:100B4000407A78EE277AC7ED567A07F5F873A3F561
:100B5000F2731B6803F65413D3ED007A97ED6D7AA8
:100B600077EE677AB0EE670AF7F7A2F9F0EE407A0F
:100B7000F0EEE76A97ED567AC6EE877A07F5F873D6
:100B8000A3F5F2731B6803F68C03C3ED007A09E04A
:100B900007F5F873A3F5F2731B6803F68C034FF0A7
:100BA00000021A6007F5F873A3F5F2731B6803F6E9
:100BB000240393ED007A07F5F873A3F5F2731B682D
:100BC00003F50363D3ED007A77EE677AC7ED557AC4
:100BD00007F5F873A3F5F2731B6803F6280393ED8A
:100BE000007A07F5F873A3F5F2731B6803F6340374
:100BF000D3ED007A77EE677AC7ED547A07F5F8738C
:100C0000A3F5F2731B6803F62C0393ED007A07F546
:100C1000F873A3F5F2731B6803F63803D3ED007A7B
:100C200077EE677AC7ED537A07F5F873A3F5F27399
:100C30001B6803F66C03D3ED007AB2EE037A67EE1D
:100C4000877AF0EE670A9FED400AF7F7BCF9B0EE3D
:100C5000407AD7ED7A7ADFED3D6A67EEA67A37EE15
:100C6000278A07F5F873A3F5F2731868FDF742FEBB
:100C7000F0EE407A78EE277AC7ED527AD7ED557AC2
:100C800027EEA77AD7ED547A67EEA77A37EE277A60
:100C9000D7ED537A67EEA77A77EE277AB0EE670A38
:100CA00014F0E8F8F0EE406A97ED527AC6EE877AD3
:100CB00007F5F873A3F5F2731B6803F50963C3ED39
:100CC000007A07F5F873A3F5F2731B6893F86B3895
:100CD000002B41D107F5F873A3F5F2731B6803F6F7
:100CE000540007F5F873A3F5F2731B6803F503636B
:100CF0000C22194612F0CFF907F5F873A3F5F27339
:100D00001B68012283F86B2807F5F873A3F5F273CB
:100D10001B6803F506634FF000021A6007F5F873CD
:100D2000A3F5F2731B6803F618134FF000021A6064
:100D300007F5F873A3F5F2731B6803F694034FF0FD
:100D400000021A60B0E100BF0AD7233DCDCCCC3DF4
:100D50000AD7A33CCDCC4C3D07F5F873A3F5F2734D
:100D60001B6803F5066393ED007AD7ED7B7A77EE87
:100D7000277A07F5F873A3F5F2731B6803F506638A
:100D8000C3ED007A07F5F873A3F5F2731B6803F55A
:100D90000663D3ED007AB6EE007AF4EEC77AF1EE90
:100DA00010FAC0F2818107F5F873A3F5F2731B689E
:100DB00003F6540393ED007A07F5F873A3F5F27385
:100DC0001B6803F65403D3ED007A27EE277A07F564
:100DD000F873A3F5F2731B6803F65803D3ED006AAA
:100DE00007F5F873A3F5F2731B6803F65803D3ED08
:100DF000007A66EEA77A77EE277AB0EE670A14F0EB
:100E000039F887ED510A07F5F873A3F5F2731B68FB
:100E100003F5036393ED007A07F5F873A3F5F27316
:100E20001B6803F50363D3ED007A27EE277A07F5F5
:100E3000F873A3F5F2731B6803F63403D3ED006A6D
:100E400007F5F873A3F5F2731B6803F63403D3EDCB
:100E5000007A66EEA77A77EE277AB0EE670A14F08A
:100E600009F887ED500A07F5F873A3F5F2731B68CC
:100E700003F506634FF000021A6007F5F873A3F557
:100E8000F2731B6803F63803D3ED007AD7ED500AEE
:100E9000B0EE670A13F096FFB0EE408A07F5F873DC
:100EA000A3F5F2731B6803F65C03D3ED007AD7ED6C
:100EB000510AB0EE670A13F085FFF0EE407A78EE43
:100EC000677AB0EE670AF6F7F3FFF0EE407AF0EEDD
:100ED000E77AC7ED4F7AD7ED587AB2EE027A67EE2D
:100EE000877AF0EE670A1FED660AF7F76CF8B0EE46
:100EF000407AD7ED7A7A5FED696A67EEA67A37EEC7
:100F0000278A07F5F873A3F5F2731868FDF7F2FC6A
:100F1000F0EE407A78EE277AC7ED4E7A97ED4F7A69
:100F2000D7ED4E7AB4EEE77AF1EE10FA40F38E8008
:100F300007F5F873A3F5F2731B68D3F8A838B3F17B
:100F4000FF3F0ED007F5F873A3F5F2731B68D3F8D3
:100F5000A8385A1C07F5F873A3F5F2731B68C3F899
:100F6000A82807F5F873A3F5F2731B68D3F8A8381F
:100F7000012B16D9D7ED4F6A97ED4E7AC6EE877AD8
:100F800007F5F873A3F5F2731B6803F69403C3ED3A
:100F9000007A07F5F873A3F5F2731B686422A3F8CF
:100FA000AC2807F5F873A3F5F2731B6803F6181362
:100FB000D3ED007AB6EE007A77EE877A07F5F8730C
:100FC000A3F5F2731B6803F61813C3ED007A07F557
:100FD000F873A3F5F2731B6803F61813D3ED007AC8
:100FE000B1EE087AF4EEC77AF1EE10FA5CDB07F5A1
:100FF000F873A3F5F2731B6803F618134FF00002A1
:101000001A6007F5F873A3F5F2731B680022C3F8A2
:10101000A82807F5F873A3F5F2731B6803F6940389
:101020004FF000021A6007F5F873A3F5F2731B681E
:1010300003F6540007F5F873A3F5F2731B6803F584
:1010400003630C22194612F026F82DE007F5F87319
:10105000A3F5F2731B680022C3F8A82807F5F873FC
:10106000A3F5F2731B6803F694034FF000021A60B5
:1010700007F5F873A3F5F2731B6803F618134FF026
:1010800000021A6007F5F873A3F5F2731B6803F604
:10109000540007F5F873A3F5F2731B6803F50363B7
:1010A0000C22194611F0F7FF07F5F873A3F5F27358
:1010B0001B6803F69C034FF000021A6007F5F873F3
:1010C000A3F5F273D7ED6D0A97ED6F0A1868FAF77A
:1010D0006FFC07F1100207F1140107F5F873A3F58F
:1010E000F2731868FAF716FD0346002B00F096809D
:1010F00007F5F873A3F5F073D3ED007A97ED6D7AE9
:1011000077EE677AB0EE670AF6F7D2FEF0EE407A35
:10111000B0EEE77ADFEDD66AC7EE267AC7ED4D7AF4
:1011200007F5F873A3F5EE73D3ED007A97ED6F7AB8
:1011300077EE677AB0EEE78A07F5F873A3F5EE73FA
:10114000D3ED007A9FEDCA7A67EE877ADFEDC90AA0
:10115000B0EE670AF6F737FFB0EE407AC8EE077ACE
:10116000C7ED4C7AD7ED4C0A97ED4D0AF6F72BFFF9
:10117000F0EE407A07F5F873A3F5F2731B6803F6F7
:101180009C03C3ED007A07F5F873A3F5F2731B68AF
:1011900093F86439002B41D107F5F873A3F5F07388
:1011A0001A6807F5F873A3F5F2731B6803F6581372
:1011B0001A6007F5F873A3F5F2731B6803F658136A
:1011C0001A6807F5F873A3F5F2731B6803F6541356
:1011D0001A6007F5F873A3F5EE731A6807F5F8734C
:1011E000A3F5F2731B6803F515631A6007F5F8732E
:1011F000A3F5F2731B6803F515631A6807F5F87316
:10120000A3F5F2731B6803F64C131A6007F5F87325
:10121000A3F5F2731B68012283F8642907F5F873BC
:10122000A3F5F2731B6803F688031B68C7F8E03167
:1012300007F5F873A3F5F2731B6803F68C03D3ED7F
:10124000007A97ED787AB4EEE77AF1EE10FA09D5E4
:1012500007F5F873A3F5F2731B6803F68C031B689C
:10126000C7F8E03107F5F873A3F5F2731B6803F5CF
:101270000963D3ED007A97ED787AB4EEE77AF1EE70
:1012800010FA09D507F5F873A3F5F2731B6803F597
:1012900009631B68C7F8E03107F5F873A3F5F2732B
:1012A0001B6803F69403D3ED007A97ED787AB4EED9
:1012B000E77AF1EE10FA09D507F5F873A3F5F273A2
:1012C0001B6803F694031B68C7F8E03107F5F87351
:1012D000A3F5F2731B6803F69803D3ED007A97ED3C
:1012E000787AB4EEE77AF1EE10FA09D507F5F873DB
:1012F000A3F5F2731B6803F698031B68C7F8E03187
:1013000007F5F873A3F5F2731B6803F69C03D3ED9E
:10131000007A97ED787AB4EEE77AF1EE10FA09D513
:1013200007F5F873A3F5F2731B6803F69C031B68BB
:10133000C7F8E03107F5F873A3F5F2731B6803F6FD
:101340004C13D3ED007A9FED4C7A67EE877A97EDD8
:101350006E7AB4EEE77AF1EE10FA03D54FF08143DE
:10136000C7F8E03107F5F873A3F5F2731B6803F6CD
:10137000C413D3ED007AF5EEC07AF1EE10FA1FDD5A
:1013800007F5F873A3F5F2731B6803F63423D3ED66
:10139000007AB0EE087A67EE877AB7EE007A77EED9
:1013A000877AC7ED4B7A97ED4B7AD7ED787AB4EE22
:1013B000E77AF1EE10FA03DDD7F82C31C7F8E03107
:1013C00007F5F873A3F5F2731B6803F50A63D7F802
:1013D000E0211A60D7ED7B7ADFED286A87EEA67AE6
:1013E000B7EE001ADFED260AB0EE470AF6F7BAFDAF
:1013F00087ED4A0A07F5F873A3F5F2731B6803F645
:10140000A40393ED007A07F5F873A3F5F2731B6854
:1014100003F6A403D3ED007AD7ED786A76EEE76A97
:10142000D7ED4A7A66EEA77A77EE277A07F5F87352
:10143000A3F5F2731B6803F6A403C3ED007A07F566
:10144000F873A3F5F2731B6803F50A63D3ED007A12
:10145000B1EE087AF4EEC77AF1EE10FA14DB07F574
:10146000F873A3F5F2731B6803F50A631B6813E0B6
:101470008FC2F53D6F12833ACDCCCC3D9A99193E7F
:1014800000000000CDCC4C3E07F5F873A3F5F273D5
:101490001B6803F6A4031B68C7F8E03107F5F8736F
:1014A000A3F5F273D7ED781A97ED7B1AD7ED6D0A95
:1014B00097ED6F0A1868FDF7ABF8D7ED787AB0EEC4
:1014C000087AF4EEC77AF1EE10FAC0F21E8107F541
:1014D000F873A3F5F2731B6893F81E39002B40F0E4
:1014E000148107F5F873A3F5F2731B68012283F8E2
:1014F0001E2907F5F873A3F5F2731B6893F8D0352E
:10150000002B19D007F5F873A3F5F2731B6803F2EB
:10151000D45007F5F873A3F5F2731B6803F5B563B0
:101520000C22194611F0B7FD07F5F873A3F5F27315
:101530001B68012283F8802607F5F873A3F5F27380
:101540001B6803F2F4431846FAF7BAFE07F5F8737E
:10155000A3F5F2731B68002283F8D02507F5F87312
:10156000A3F5F2731B6803F5B5630C22002118463E
:1015700011F012FD07F5F873A3F5F2731B6803F27F
:10158000B4530C220021184611F006FD07F5F8733C
:10159000A3F5F2731B6893F81C39002B27D107F5CC
:1015A000F873A3F5F2731B6803F64C131A6807F57A
:1015B000F873A3F5F2731B6803F6EC031A6007F5E2
:1015C000F873A3F5F2731B6803F654131A6807F552
:1015D000F873A3F5F2731B6803F50F631A6007F540
:1015E000F873A3F5F2731B68012283F81C2907F531
:1015F000F873A3F5F2731B6893F81D39002B2DD1F6
:1016000007F5F873A3F5F2731B6803F50B631A680B
:1016100007F5F873A3F5F2731B6803F6F4031A6079
:1016200007F5F873A3F5F2731B6893F8C82807F55C
:10163000F873A3F5F2731B6883F81D2907F5F87397
:10164000A3F5F2731B6803F6BC031A6807F5F87379
:10165000A3F5F2731B6803F6F8031A6007F5F87335
:10166000A3F5F2731B6893F81D39002B27D007F5FB
:10167000F873A3F5F2731B6803F6F4031A6807F511
:10168000F873A3F5F2731B6803F50B631A6007F593
:10169000F873A3F5F2731B6803F6F8031A6807F5ED
:1016A000F873A3F5F2731B6803F6BC031A6007F521
:1016B000F873A3F5F2731B68012283F8C82807F5B5
:1016C000F873A3F5F2731B6803F50E634FF0000285
:1016D0001A6007F5F873A3F5F2731B68002283F80C
:1016E0001F2907F5F873A3F5F2731B6803F60413BB
:1016F0004FF000021A6007F5F873A3F5F2731B6848
:1017000003F6C4034FF000021A60D7ED787AB7EE03
:10171000007AF4EEC77AF1EE10FA1AD84FF07E5341
:10172000C7F8E43107F5F873A3F5F2731B6803F605
:10173000C40393ED007AD7ED7B7A77EE277A07F52D
:10174000F873A3F5F2731B6803F6C403C3ED007AC4
:1017500029E007F5F873A3F5F2731B6803F6C403D9
:101760004FF000021A60D7ED787AB0EE047AF4EE0A
:10177000C77AF1EE10FA12D5B0EE047AD7ED787A86
:1017800037EE677AF7EE086AC7EE267AC7ED497A30
:10179000D7ED497A67EEA77AC7ED797A03E04FF083
:1017A0000003C7F8E43107F5F873A3F5F2731B687B
:1017B00093F81E39002B00F0D983D7ED787AB7EE75
:1017C000007AF4EEC77AF1EE10FA00F2BE8007F567
:1017D000F873A3F5F2731B6803F6C403D3ED007A24
:1017E0001FEDD87AF4EEC77AF1EE10FAC0F2AD80B0
:1017F00007F5F873A3F5F2731B6893F81C39002BF7
:1018000027D007F5F873A3F5F2731B6803F6EC0312
:101810001A6807F5F873A3F5F2731B6803F64C1307
:101820001A6007F5F873A3F5F2731B6803F50F63ED
:101830001A6807F5F873A3F5F2731B6803F65413DF
:101840001A6007F5F873A3F5F2731B68012283F899
:10185000642907F5F873A3F5F2731B6893F81D3933
:10186000002B27D007F5F873A3F5F2731B6803F676
:10187000F4031A6807F5F873A3F5F2731B6803F510
:101880000B631A6007F5F873A3F5F2731B68012266
:1018900083F8C82807F5F873A3F5F2731B6803F6FD
:1018A000F8031A6807F5F873A3F5F2731B6803F6DB
:1018B000BC031A6007F5F873A3F5F2731B680022E6
:1018C00083F81E2907F5F873A3F5F2731B6800224D
:1018D00083F8CA2807F5F873A3F5F2731B68002292
:1018E00083F81F2907F5F873A3F5F2731B6803F655
:1018F00004134FF000021A6007F5F873A3F5F273B2
:101900001B68002283F86B2807F5F873A3F5F273C0
:101910001B680022C3F8A82807F5F873A3F5F27333
:101920001B6803F694034FF000021A6007F5F87382
:10193000A3F5F2731B6803F618134FF000021A6048
:101940004FF07E53C7F8E43161E3D7ED787AB1EE1A
:10195000087AF4EEC77AF1EE10FA43D907F5F87376
:10196000A3F5F2731B6803F68803D3ED007AB7EE94
:10197000007AF4EEC77AF1EE10FA00F2D88207F599
:10198000F873A3F5F2731B6803F68C03D3ED007AAA
:10199000B7EE007AF4EEC77AF1EE10FA00F2C782E1
:1019A00007F5F873A3F5F2731B6803F69803D3EDFC
:1019B000007AB7EE007AF4EEC77AF1EE10FA00F290
:1019C000B68207F5F873A3F5F2731B6803F5096394
:1019D000D3ED007AB7EE007AF4EEC77AF1EE10FAA2
:1019E00000F2A58297F8B331002B3CD107F5F873CC
:1019F000A3F5F2731B6893F8D035002B00F09782A3
:101A000007F5F873A3F5F2731B6803F2F443D3ED03
:101A1000007A9FED717AF4EEC77AF1EE10FAC0F217
:101A2000868207F5F873A3F5F2731B6803F2C453BB
:101A3000D3ED007A9FED697AF4EEC77AF1EE10FAF1
:101A400000F2758207F5F873A3F5F2731B6803F5CE
:101A5000B863D3ED007AB5EE007AF4EEC77AF1EE12
:101A600010FA00F2648297F8B331002B1BD007F50F
:101A7000F873A3F5F2731B68D3F88438C72B12D917
:101A800007F5F873A3F5F2731B6803F69803D3ED1B
:101A9000007AB7EE007AF4EEC77AF1EE10FA02D8C7
:101AA0004FF07E5301E04FF08143C7F8203107F536
:101AB000F873A3F5F2731B6893F81F39002B26D136
:101AC00007F5F873A3F5F2731B6803F6FC03D7F868
:101AD000BC211A6007F5F873A3F5F2731B6803F5D0
:101AE0001063D7F8B4211A6007F5F873A3F5F27301
:101AF0001B6803F604134FF000021A6007F5F87331
:101B0000A3F5F2731B68012283F81F2990E007F503
:101B1000F873A3F5F2731B6803F6FC03D3ED007AA8
:101B200097ED6F7A77EE677AF0EEE76A07F5F8736C
:101B3000A3F5F2731B6803F6FC03D3ED007A9FED67
:101B4000297A27EE877AC6EE877AC7ED477A07F5B6
:101B5000F873A3F5F2731B6803F51063D3ED007AF5
:101B600097ED6D7A77EE677AB0EE670AF6F7A0F92F
:101B7000F0EE407AB0EEE77ADFED1C6AC7EE267A27
:101B8000C7ED467AD7ED477A9FED197AF4EEC77A1A
:101B9000F1EE10FA2ED8D7ED467A9FED157AF4EED5
:101BA000C77AF1EE10FA25D807F5F873A3F5F273AA
:101BB0001B6803F6041393ED007AD7ED7B7A77EE7A
:101BC000277A07F5F873A3F5F2731B6803F604137D
:101BD000C3ED007A2CE000BF00002042CDCC4C3F8A
:101BE000000000009A99193EBD3786353333B33E65
:101BF0003333333F07F5F873A3F5F2731B6803F62D
:101C0000FC03D7F8BC211A6007F5F873A3F5F2734B
:101C10001B6803F51063D7F8B4211A6007F5F87351
:101C2000A3F5F2731B6803F604134FF000021A6069
:101C300007F5F873A3F5F2731B6803F60413D3EDED
:101C4000007A97ED487AB4EEE77AF1EE10FA00F2F6
:101C5000618107F5F873A3F5F2731B6803F6FC03C3
:101C60001A6807F5F873A3F5F2731B6803F515639B
:101C70001A6007F5F873A3F5F2731B6803F5156393
:101C80001A6807F5F873A3F5F2731B6803F64C1393
:101C90001A6007F5F873A3F5F2731B6803F5106378
:101CA0001A6807F5F873A3F5F2731B6803F6581367
:101CB0001A6007F5F873A3F5F2731B6803F658135F
:101CC0001A6807F5F873A3F5F2731B6803F654134B
:101CD0001A6007F5F873A3F5F2731B68012283F805
:101CE000642907F5F873A3F5F2731B68002283F8E3
:101CF0001E2907F5F873A3F5F2731B68002283F819
:101D0000CA2807F5F873A3F5F2731B68002283F85D
:101D10001F2907F5F873A3F5F2731B6803F6041384
:101D20004FF000021A6007F5F873A3F5F2731B6811
:101D300003F608134FF000021A6007F5F873A3F5D5
:101D4000F2731B68002283F86B2807F5F873A3F57C
:101D5000F2731B680022C3F8A82807F5F873A3F5EF
:101D6000F2731B6803F694034FF000021A6007F544
:101D7000F873A3F5F2731B6803F618134FF0000213
:101D80001A6007F5F873A3F5F2731B6803F6C40332
:101D90004FF000021A601FED6E7AD7ED707A77EE81
:101DA000677AB0EE670AF6F783F887ED450A07F51C
:101DB000F873A3F5F2731B6803F6FC0393ED007A46
:101DC00007F5F873A3F5F2731B6803F51563D3EDFC
:101DD000007A77EE677AB0EEE78A07F5F873A3F535
:101DE000F2731B6803F51563D3ED007A1FED837A58
:101DF00067EE877A5FED840AB0EE670AF6F7E3F8DC
:101E0000B0EE407AC8EE077AC7ED447A07F5F8736A
:101E1000A3F5F2731B6803F5106393ED007A07F5E1
:101E2000F873A3F5F2731B6803F65813D3ED007A29
:101E300077EE677AB0EE670AF6F73AF8F0EE407A96
:101E4000B0EEE77A5FED976AC7EE267AC7ED437A80
:101E5000D7ED447A1FED9A7AF4EEC77AF1EE10FAD4
:101E600008DCD7ED437A1FED9E7AF4EEC77AF1EEE7
:101E700010FA01DD012300E0002387F80B3107F59C
:101E8000F873A3F5F2731B6893F8C838002B14D1CC
:101E900007F5F873A3F5F2731B6803F50B63D7F826
:101EA00014211A6007F5F873A3F5F2731B6803F6A3
:101EB000BC034FF000021A601FE097F80B31002BB3
:101EC0001BD007F5F873A3F5F2731B6803F50B63DA
:101ED000D3ED007A97ED457A77EE677AB0EE670A30
:101EE000F5F7E6FFF0EE407A07F5F873A3F5F27325
:101EF0001B6803F6BC03C3ED007A07F5F873A3F57E
:101F0000F2731B68012283F8C8284FF07E53C7F88C
:101F1000E4317CE04FF00003C7F8E43107F5F873D3
:101F2000A3F5F2731B68012283F8CA286FE007F556
:101F3000F873A3F5F2731B68002283F81F2907F5D5
:101F4000F873A3F5F2731B6803F604134FF0000255
:101F50001A6007F5F873A3F5F2731B68012283F882
:101F6000CA284FF00003C7F8E43150E0D7ED797A82
:101F7000F5EEC07AF1EE10FA08D807F5F873A3F57C
:101F8000F2731B68012283F8CA2840E007F5F87352
:101F9000A3F5F2731B6893F8CA38002B2AD0D7ED4B
:101FA000787AB7EE007AF4EEC77AF1EE10FA21D81B
:101FB00007F5F873A3F5F2731B6803F6C403D3EDBA
:101FC000007A9FED087AF4EEC77AF1EE10FA11DB91
:101FD00007F5F873A3F5F2731B68002283F8CA288B
:101FE00015E000BFCDCC4C3E9A99193FA4707D3FBF
:101FF0009A99193E07F5F873A3F5F2731B6893F8E5
:10200000CA38002B03D04FF00003C7F8E43107F5BE
:10201000F873A3F5F2731B6803F6C403D3ED007ADB
:102020001FED107AF4EEC77AF1EE10FAC0F2868056
:1020300007F5F873A3F5F2731B6803F68803D3ED75
:10204000007AB7EE007AF4EEC77AF1EE10FA75D89E
:1020500007F5F873A3F5F2731B6803F68C03D3ED51
:10206000007AB7EE007AF4EEC77AF1EE10FA65D88E
:1020700007F5F873A3F5F2731B6803F50963D3ED55
:10208000007AB7EE007AF4EEC77AF1EE10FA55D87E
:1020900007F5F873A3F5F2731B6803F69403D3ED09
:1020A000007AB7EE007AF4EEC77AF1EE10FA45D86E
:1020B00007F5F873A3F5F2731B6803F69803D3EDE5
:1020C000007AB7EE007AF4EEC77AF1EE10FA35D85E
:1020D00007F5F873A3F5F2731B6803F69C03D3EDC1
:1020E000007AB7EE007AF4EEC77AF1EE10FA25D84E
:1020F00007F5F873A3F5F2731B68002283F81E2915
:1021000007F5F873A3F5F2731B68002283F8CA2859
:1021100007F5F873A3F5F2731B68002283F81F29F3
:1021200007F5F873A3F5F2731B6803F604134FF079
:1021300000021A604FF07E53C7F8E43107F5F873D8
:10214000A3F5F2731B6803F60813D3ED007AF5EEDE
:10215000C07AF1EE10FA34DD07F5F873A3F5F273E7
:102160001B6803F6081393ED007AD7ED7B7A77EEC0
:10217000677A07F5F873A3F5F2731B6803F6081383
:10218000C3ED007A07F5F873A3F5F2731B6803F645
:102190000813D3ED007AF5EEC07AF1EE10FA09D506
:1021A00007F5F873A3F5F2731B6803F608134FF0F5
:1021B00000021A60012387F8DF314FF00003C7F8EF
:1021C000E43107F5F873A3F5F2731B6803F50C63AC
:1021D000D7F8E4211A6097F8DF31002B73D107F5A7
:1021E000F873A3F5F2731B6893F81E39002B6AD1BC
:1021F000D7ED787A1FED847AF4EEC77AF1EE10FA13
:1022000061D807F5F873A3F5F2731B6893F8C83823
:10221000002B58D0D7ED797A1FED8C7AF4EEC77A7F
:10222000F1EE10FA4FDB07F5F873A3F5F2731B68B4
:10223000012283F81C2907F5F873A3F5F2731B68D4
:1022400003F64C131A6807F5F873A3F5F2731B68CD
:1022500003F6EC031A6007F5F873A3F5F2731B6835
:1022600003F654131A6807F5F873A3F5F2731B68A5
:1022700003F50F631A6007F5F873A3F5F2731B6893
:1022800003F50B631A6807F5F873A3F5F2731B687F
:1022900003F6F4031A6007F5F873A3F5F2731B68ED
:1022A000012283F81D2907F5F873A3F5F2731B6863
:1022B00003F6BC031A6807F5F873A3F5F2731B68FD
:1022C00003F6F8031A6097F8B331002B00F074811D
:1022D00007F5F873A3F5F2731B6893F81E39002B0A
:1022E00040F06A8107F5F873A3F5F2731B6803F5F4
:1022F0000863D3ED007A1FEDC27AF4EEC77AF1EEEF
:1023000010FA40F1598107F5F873A3F5F2731B68D1
:1023100003F68803D3ED007AB7EE007AF4EEC77ABD
:10232000F1EE10FA00F2488107F5F873A3F5F273A5
:102330001B6803F68C03D3ED007AB7EE007AF4EE57
:10234000C77AF1EE10FA00F2378107F5F873A3F5BA
:10235000F2731B6803F50963D3ED007AB7EE007AD8
:10236000F4EEC77AF1EE10FA00F2268107F5F87361
:10237000A3F5F2731B6803F69403D3ED007AB7EE6E
:10238000007AF4EEC77AF1EE10FA00F2158107F543
:10239000F873A3F5F2731B6803F69C03D3ED007A80
:1023A000B7EE007AF4EEC77AF1EE10FA00F204818B
:1023B00007F5F873A3F5F2731B6803F5086393ED53
:1023C000007A07F5F873A3F5F2731B6803F674033C
:1023D000D3ED007AB4EEE77AF1EE10FA01D5C34BF3
:1023E00000E0C34BC7F8043107F5F873A3F5F273A7
:1023F0001B6803F6740393ED007A07F5F873A3F5F1
:10240000F2731B6803F50863D3ED006A07F5F873F0
:10241000A3F5F2731B6803F67403D3ED007A76EE2E
:10242000E76AD7ED417A66EEA77A77EE277A07F565
:10243000F873A3F5F2731B6803F67403C3ED007A17
:1024400007F5F873A3F5F2731B6803F5086393EDC2
:10245000007A07F5F873A3F5F2731B6803F67403AB
:10246000D3ED007A77EE677AC7ED767AD7ED767A94
:10247000F5EEC07AF1EE10FA03D54FF00003C7F87D
:10248000D83107F5F873A3F5F2731B6803F67803E8
:1024900093ED007AD7ED767A67EEA76A07F5F873C1
:1024A000A3F5F2731B6803F67803D3ED007A76EE9A
:1024B000E76AD7ED417A66EEA77A77EE277A07F5D5
:1024C000F873A3F5F2731B6803F67803C3ED007A83
:1024D00007F5F873A3F5F2731B6803F5E463D3ED16
:1024E000007AB0EE087A27EE877A07F5F873A3F53D
:1024F000F2731B6803F66C03D3ED007ADFED7D6A9F
:1025000067EEA67AF0EE670AB0EE470AF5F75BFDD4
:10251000F0EE407AF0EE670A9FED770AF5F753FD8B
:1025200087ED400A07F5F873A3F5F2731B6803F60D
:10253000740393ED008A07F5F873A3F5F2731B6833
:1025400003F67803D3ED007AB0EE670A12F092FC3E
:10255000F0EE407AB1EE087A67EE877A78EE277A65
:102560009FED661AD7ED400AB0EE670AF5F7FAFC60
:10257000F0EE407A07F5F873A3F5F2731B6803F6E3
:102580007C03C3ED007A07F5F873A3F5F2731B68BB
:10259000D3F88438B3F1FF3F0ED007F5F873A3F5F5
:1025A000F2731B68D3F884385A1C07F5F873A3F547
:1025B000F2731B68C3F8842807F5F873A3F5F27368
:1025C0001B6893F8C838002B00F07C81D7ED7A7A2D
:1025D000B0EE007AF4EEC77AF1EE10FA40F17281B3
:1025E00007F5F873A3F5F2731B6893F81E39002BF7
:1025F00040F0688107F5F873A3F5F2731B6893F850
:10260000E938002B2CD107F5F873A3F5F2731B689A
:1026100003F50B631A6807F5F873A3F5F2731B68EB
:1026200003F6D4031A6007F5F873A3F5F2731B6879
:1026300003F6D8034FF000021A6007F5F873A3F50C
:10264000F2731B6803F6DC034FF000021A6007F513
:10265000F873A3F5F2731B68012283F8E92839E1C6
:1026600007F5F873A3F5F2731B6803F6D80393ED2F
:10267000007AD7ED7B7A77EE277A07F5F873A3F522
:10268000F2731B6803F6D803C3ED007AD7ED797AAD
:10269000B6EE007AF4EEC77AF1EE10FA15D507F52A
:1026A000F873A3F5F2731B6803F6DC0393ED007A6D
:1026B000D7ED7B7A77EE277A07F5F873A3F5F273F7
:1026C0001B6803F6DC03C3ED007A07F5F873A3F586
:1026D000F2731B6803F6D803D3ED007AB1EE047AE7
:1026E000F4EEC77AF1EE10FA18DAF3E00AD7A33C59
:1026F0006F12033A77BE0741A69BC43B9A99193ED5
:10270000CDCCCC3D728A0E3C728A0EBCE02E654266
:102710009C534936CDCC4C3D0000000007F5F873C2
:10272000A3F5F2731B6803F6DC0393ED007A07F55B
:10273000F873A3F5F2731B6803F6D803D3ED007AA0
:102740005FED116A67EEA67AB4EEE77AF1EE10FA61
:1027500000F2938007F5F873A3F5F2731B6803F595
:102760000B6393ED007A07F5F873A3F5F2731B681A
:1027700003F6D403D3ED007A77EE677AB0EE670AFA
:10278000F5F796FBF0EE406A07F5F873A3F5F273E0
:102790001B6803F6D80393ED007AC6EE877AC7ED7F
:1027A0003F7A07F5F873A3F5F2731B6803F6D803B5
:1027B00093ED007AF3EE046AC7EE267AC7ED757AD8
:1027C000D7ED757AB6EE007AF4EEC77AF1EE10FA2C
:1027D00003DD4FF07C53C7F8D4311FED361A5FED9F
:1027E000360A97ED3F0AF5F7BDFB87ED3F0A07F57F
:1027F000F873A3F5F2731B6803F50D6393ED007A8C
:1028000007F5F873A3F5F2731B6803F50D63D3EDB9
:10281000007AD7ED3F6A76EEE76AD7ED757A66EE15
:10282000A77A77EE277A07F5F873A3F5F2731B689A
:1028300003F50D63C3ED007A07F5F873A3F5F273A2
:102840001B68D3F8E438022B0FD807F5F873A3F50B
:10285000F2731B68D3F8E4385A1C07F5F873A3F534
:10286000F2731B68C3F8E42807E007F5F873A3F5D3
:10287000F2731B68012283F8E82807F5F873A3F5C3
:10288000F2731B6803F50B631A6807F5F873A3F579
:10289000F2731B6803F6D4031A6007F5F873A3F507
:1028A000F2731B6803F6D8034FF000021A6007F5B5
:1028B000F873A3F5F2731B6803F6DC034FF0000214
:1028C0001A6007E007F5F873A3F5F2731B6800229E
:1028D00083F8E9281FED707AD7ED707A77EE677A82
:1028E000B0EE670AF5F7E4FA87ED3E0AD7ED3E7AD7
:1028F0001FED7A7A67EE877A07F5F873A3F5F2731E
:102900001B6803F6E813C3ED007A07F5F873A3F527
:10291000F2731B6893F8CB38002B37D007F5F873A8
:10292000A3F5F2731B6893F8C838002B1CD007F589
:10293000F873A3F5F2731B6803F50B63D3ED007A0C
:1029400097ED3E7A77EE677AB0EE670AF5F7B0FA60
:10295000F0EE407A07F5F873A3F5F2731B6803F6FF
:10296000BC03C3ED007A09E007F5F873A3F5F27331
:102970001B6803F6BC034FF000021A6007F5F873FA
:10298000A3F5F2731B68002283F8CB2807F5F873D0
:10299000A3F5F2731B6803F6BC03D3ED007A97ED41
:1029A0003E7A77EE677AB0EE670AF5F781FA87ED3F
:1029B0003D0AD7ED3D7A1FEDAB7A67EE877A07F5D2
:1029C000F873A3F5F2731B6803F6EC13C3ED007AFA
:1029D00007F5F873A3F5F2731B6803F6B40393EDE0
:1029E000007AD7ED7B7A5FEDB66A67EEA67A77EE6E
:1029F000277A1FEDB81A5FEDB80AB0EE670AF5F74F
:102A0000B1FAF0EE407A07F5F873A3F5F2731B689C
:102A100003F6B403C3ED007AD7ED797AF5EEC07A08
:102A2000F1EE10FA01DC00F002BE07F5F873A3F531
:102A3000F2731B6893F8C938002B40F0F88507F54E
:102A4000F873A3F5F2731B6893F8C838002B27D1ED
:102A500007F5F873A3F5F2731B6803F50B63D7F85A
:102A6000F4201A6007F5F873A3F5F2731B6803F6F8
:102A7000BC034FF000021A6007F5F873A3F5F27378
:102A80001B68012283F8C82807F5F873A3F5F273D1
:102A90001B6803F6B4034FF07E521A6000F0C7BD06
:102AA00007F5F873A3F5F2731B6803F50B63D3ED19
:102AB000007A97ED3D7A77EE677A07F5F873A3F51C
:102AC0008074B0EE670AF5F7F3F984ED000A07F5B4
:102AD000F873A3F58073D3ED007AF0EEE77A9FEDFB
:102AE000AA7A67EE877A07F5F873A3F5F2731B6885
:102AF00003F6CC13C3ED007A07F5F873A3F5F27370
:102B00001B6803F51D634FF07E521A6007F5F873DA
:102B1000A3F5F2731B6803F6D4134FF000021A609A
:102B200007F5F873A3F5F2731B6803F6D8134FF09B
:102B300000021A6007F5F873A3F5F2731B6803F639
:102B4000DC134FF000021A6007F5F873A3F5F27377
:102B50001B68002283F8E42907F5F873A3F5F273E4
:102B60001B68002283F8E52907F5F873A3F5F273D3
:102B70001B68002283F8E62907F5F873A3F5F273C2
:102B80001B68002283F8E72907F5F873A3F5827420
:102B9000DFED770A97ED6E0AF5F715FA84ED000A76
:102BA00007F5F873A3F5847307F5F872A2F582723E
:102BB000D7ED586A92ED007AC6EE877AC3ED007AB7
:102BC00007F5F873A3F58473D3ED007A67EEA77A5F
:102BD00007F5F873A3F58674F0EE670A9FED650AB2
:102BE000F5F7F1F984ED000AB7EE001ADFED620A9D
:102BF00097ED790AF5F7B6F9F0EE406A07F5F87344
:102C0000A3F5867307F5F872A2F5867292ED007A45
:102C1000C7EE267AC3ED007A07F5F873A3F5F273D1
:102C20001B6803F6B403D3ED007A07F5F873A3F538
:102C3000887307F5F872A2F5867292ED007A77EE46
:102C4000277AC3ED007A07F5F873A3F58873D3EDFF
:102C5000007A9FED4A7AF4EEC77AF1EE10FA10DDB1
:102C600007F5F873A3F58073D3ED007A67EEA76AD2
:102C700007F5F873A3F5887393ED007AC6EE877AAB
:102C800001E0DFED437A07F5F873A3F58A73C3ED2E
:102C9000007A07F5F873A3F5F2731B6803F6F813CF
:102CA00007F5F872A2F58A7212681A6007F5F873D0
:102CB000A3F5F2731B6803F5206307F5F872A2F51C
:102CC000867212681A6007F5F873A3F5F2731B6831
:102CD00093F8203987F8D33197F8D331002B59D1A5
:102CE00007F5F873A3F58A73D3ED007AB2EE027A92
:102CF000F4EEC77AF1EE10FA0EDC07F5F873A3F5DF
:102D00008073D3ED007AF0EEE77A9FED1D7AF4EE52
:102D1000C77AF1EE10FA64DD07F5F873A3F58A734C
:102D2000D3ED007AB2EE027AF4EEC77AF1EE10FA41
:102D300007DD07F5F873A3F5F2731B68012283F82A
:102D4000E729012387F8D33107F5F873A3F5F27368
:102D50001B68012283F8202907F5F873A3F5F273A5
:102D60001B6803F60C134FF000021A6039E000BF35
:102D7000CDCC4C3DBD3786366F12833ACCBC8C2B04
:102D8000C2B8B23E295C0F3DE02E6542E4CB16414D
:102D90000000000007F5F873A3F58A73D3ED007AFD
:102DA000B1EE007AF4EEC77AF1EE10FA19D807F511
:102DB000F873A3F58073D3ED007AF0EEE77A1FED98
:102DC0000F7AF4EEC77AF1EE10FA0AD8002387F8EA
:102DD000D33107F5F873A3F5F2731B68002283F86B
:102DE000202997F8D331002B00F0508307F5F873B2
:102DF000A3F58073D3ED007AF0EEE77A07F5F87368
:102E0000A3F58E731FED207A67EE877AC3ED007A03
:102E10004FF07E53C7F8CC3107F5F873A3F58E73E6
:102E2000D3ED007AB1EE047AF4EEC77AF1EE10FA3F
:102E300017DD07F5F873A3F58E73D3ED007AB1EEC5
:102E4000047A37EEC77AF2EE046AC7EE267AB6EE57
:102E5000007A67EE877AB7EE007A77EE877AC7ED69
:102E6000737AB7EE081AF7EE000A97ED730AF5F7D2
:102E700079F887ED730A07F5F873A3F5F2731B6809
:102E8000012283F8E42907F5F873A3F5F2731B68B0
:102E900003F51D63D7F8CC211A6007F5F873A3F585
:102EA000F2731B6893F81E39002B5AD107F5F8739B
:102EB000A3F5F2731B6803F68803D3ED007AB7EE2F
:102EC000007AF4EEC77AF1EE10FA4AD807F5F873F3
:102ED000A3F5F2731B6803F68C03D3ED007AB7EE0B
:102EE000007AF4EEC77AF1EE10FA3AD807F5F873E3
:102EF000A3F5F2731B6803F69803D3ED007AB7EEDF
:102F0000007AF4EEC77AF1EE10FA2AD807F5F873D2
:102F1000A3F5F2731B6803F69C03D3ED007AB7EEBA
:102F2000007AF4EEC77AF1EE10FA1AD807F5F873C2
:102F3000A3F5F2731B6803F50963D3ED007A97EDEF
:102F4000737AB4EEE77AF1EE10FA0ADBD7ED7A7A0B
:102F50001FED727AF4EEC77AF1EE10FA01D8012271
:102F600000E0002207F5F873A3F21D131A7007F5AD
:102F7000F873A3F5F2731B6807F5F872A2F21D123D
:102F8000127883F8E62907F5F873A3F21D131B786E
:102F9000002B00F0018207F5F873A3F5F2731B68AC
:102FA00003F50A63D3ED006A97ED737AC6EE877A6C
:102FB00007F5F873A3F59473B7EE007A77EE677AA6
:102FC000C3ED007A07F5F873A3F5F2731B6803F6F7
:102FD000A403D3ED006AD7ED737AB6EE007A27EE3C
:102FE000877AC6EE877A07F5F873A3F59673B7EE7E
:102FF000007A77EE677AC3ED007A07F5F873A3F5E8
:10300000947207F5F873A3F5967392ED007AD3EDF9
:10301000007AB4EEE77AF1EE10FA05D507F5F87309
:10302000A3F594731B6804E007F5F873A3F5967392
:103030001B6807F5F872A2F59872136007F5F8732C
:10304000A3F5987407F5F873A3F59873B7EE001A13
:103050005FEDB10A93ED000AF4F784FF84ED000AF6
:1030600007F5F873A3F5F2731B6803F6C413D3EDE9
:10307000007AF5EEC07AF1EE10FA0ADD07F5F87382
:10308000A3F5F2731B6803F614134FF000021A60E5
:1030900060E007F5F873A3F5F2731B6803F61413E9
:1030A000D3ED007A07F5F873A3F5987393ED007AE2
:1030B000B4EEE77AF1EE10FA01DBCD4A00E0CD4A3A
:1030C00007F5F873A3F59A731A6007F5F873A3F57B
:1030D0009A7397ED7B7AD3ED007AC7EE276A07F5EE
:1030E000F873A3F59C74B7EE001ADFEDC70AB0EED3
:1030F000660AF4F737FF84ED000A07F5F873A3F5C5
:10310000F2731B6803F6141393ED007A07F5F87356
:10311000A3F5F2731B6803F61413D3ED007A07F5D9
:10312000F873A3F59873D3ED006A76EEE76A07F5B6
:10313000F873A3F59C73D3ED007A66EEA77A77EE69
:10314000277A07F5F873A3F5F2731B6803F61413D7
:10315000C3ED007A07F5F873A3F58E73D3ED007A0B
:10316000B3EE047AF4EEC77AF1EE10FA27DB07F536
:10317000F873A3F5F2731B6803F6C413D3ED007A5A
:10318000F5EEC07AF1EE10FA19D89B4BC7F8C831AA
:103190004FF00003C7F8C43107F5F873A3F5F273D5
:1031A0001B68012283F8E52907F5F873A3F5F2738C
:1031B0001B6803F60C134FF000021A603EE007F59F
:1031C000F873A3F5F2731B6803F61413D3ED007ABA
:1031D0009FED8A7A67EE877A9FED887A77EE877A15
:1031E000C7ED727A07F5F873A3F58E73D3ED007A05
:1031F000B1EE047A77EEC77AF2EE0E6A87EEA67A1F
:1032000007F5F873A3F59E74B7EE001ADFED7E0A9A
:10321000B0EE470AF4F7A6FE84ED000A07F5F8734E
:10322000A3F59E73B7EE007AD3ED007A77EE677A56
:103230009FED757A67EE877AC7ED717AD7ED727A6E
:103240009FED6F7A67EE877A07F5F873A3F5F2734F
:103250001B6803F6D813C3ED007A07F5F873A3F5DE
:10326000F2731B6803F6D413D7F8C4211A6007F56C
:10327000F873A3F5F2731B6803F614131A6807F5C5
:10328000F873A3F5F2731B6803F51E631A6007F564
:10329000F873A3F5F2731B6803F60C1393ED007A31
:1032A000D7ED7B7A77EE277A07F5F873A3F5F273FB
:1032B0001B6803F60C13C3ED007A07F5F873A3F54A
:1032C000F2731B6803F60C13D3ED007A97ED717A55
:1032D000B4EEE77AF1EE10FA00D9A8E107F5F87339
:1032E000A3F5A07397ED727AD7ED7B7A67EE277A14
:1032F000C3ED007A07F5F873A3F5A073D3ED007A58
:10330000F1EE677A07F5F873A3F5A27407F5F87381
:10331000A3F5A07207F5F873A3F5807392ED001A78
:10332000F0EE670A93ED000AF4F71CFE84ED000A44
:1033300007F5F873A3F5F2731B6803F50B6393EDC0
:10334000007A07F5F873A3F5A273D3ED007A77EE50
:10335000277AB0EE670AF4F7ABFDF0EE407A07F596
:10336000F873A3F5F2731B6803F50B63C3ED007AE2
:1033700007F5F873A3F5A273D3ED007A9FED207AD9
:1033800067EE877A07F5F873A3F5F2731B6803F607
:10339000DC13C3ED007A4AE107F5F873A3F5F27385
:1033A0001B6803F60C134FF000021A6007F5F87360
:1033B000A3F5F2731B6893F81E39002B0DD107F5A6
:1033C000F873A3F5F2731B6803F6C413D3ED007A08
:1033D000F5EEC07AF1EE10FA1ADD07F5F873A3F5F1
:1033E000F2731B6803F614134FF000021A601EE11B
:1033F0009A99193ECDCC4C3DCDCC4C40CDCCCC3F58
:10340000E02E6542CDCC4C3D000000000000B442EF
:10341000D7ED7B7A5FED056A87EEA67A07F5F8733C
:10342000A3F59274B7EE001A5FED090AB0EE470AF1
:10343000F4F798FD84ED000A07F5F873A3F5F2732D
:103440001B6803F6141393ED007A07F5F873A3F5E0
:10345000F2731B6803F61413D3ED007A5FED166A5E
:1034600076EEE76A07F5F873A3F59273D3ED007A69
:1034700066EEA77A77EE277A07F5F873A3F5F2736D
:103480001B6803F61413C3ED007AD0E007F5F87358
:10349000A3F5F2731B6803F6B403D3ED006A07F5D6
:1034A000F873A3F58C7307F5F872A2F5887292EDA4
:1034B000007AC6EE877AC3ED007A07F5F873A3F5B4
:1034C000F2731B6803F6042307F5F872A2F58C72F9
:1034D00012681A6007F5F873A3F5F2731B6803F618
:1034E000B4031A6807F5F873A3F5F2731B6803F6C3
:1034F000FC131A6007F5F873A3F5F2731B68012239
:1035000083F8202A07F5F873A3F5F2731B680022ED
:1035100083F8202907F5F873A3F5F2731B6803F607
:103520000C134FF000021A6007F5F873A3F5F2735D
:103530001B6803F50B6393ED007A07F5F873A3F5A9
:103540008C7207F5F873A3F58073D2ED006AD3EDA2
:10355000007A66EEA77A77EE277AB0EE670AF4F77C
:10356000A7FCF0EE407A07F5F873A3F5F2731B6839
:1035700003F50B63C3ED007A07F5F873A3F58C73BD
:10358000B7EE007AD3ED007A37EE677A07F5F87375
:10359000A3F5F2731B6803F6B403D3ED007A67EE6C
:1035A000277A07F5F873A3F5F2731B6803F6B403E3
:1035B000C3ED007A3BE007F5F873A3F5F2731B68DF
:1035C00003F50C634FF000021A6031E007F5F87361
:1035D000A3F5F2731B6803F5196393ED007AD7ED39
:1035E0007B7A77EE277A07F5F873A3F5F2731B68F9
:1035F00003F51963C3ED007A07F5F873A3F5F273C9
:103600001B6803F51963D3ED007AB6EE007AF4EE89
:10361000C77AF1EE10FA0BDD07F5F873A3F5F27334
:103620001B6803F50C634FF000021A6000E000BF56
:1036300007F5F873A3F5F2731B68B3F8AC38002BE9
:103640000FD007F5F873A3F5F2731B68B3F8AC3825
:10365000013B9AB207F5F873A3F5F2731B68A3F860
:10366000AC2807F5F873A3F5F2731B6803F50C6338
:10367000D3ED007AF5EEC07AF1EE10FA0ADD07F527
:10368000F873A3F5F2731B6803F511634FF00002A2
:103690001A6036E007F5F873A3F5F2731B6803F5BB
:1036A000116393ED007AD7ED7B7A77EE277A07F5F1
:1036B000F873A3F5F2731B6803F51163C3ED007A89
:1036C00007F5F873A3F5F2731B6803F51163D3EDE7
:1036D000007A1FEDB27AF4EEC77AF1EE10FA10DD3F
:1036E00007F5F873A3F5F2731868F9F7CBFE07F541
:1036F000F873A3F5F2731B6803F511634FF0000232
:103700001A6007F5F873A3F5F2731B6803F50C63F1
:10371000D3ED007AF5EEC07AF1EE10FA0ADD07F586
:10372000F873A3F5F2731B6803F50E634FF0000204
:103730001A6095E007F5F873A3F5F2731B6893F828
:10374000C838002B00F08C8007F5F873A3F5F273EE
:103750001B6893F8E838002B00F0828007F5F873B7
:10376000A3F5F2731B6893F81E39002B78D107F587
:10377000F873A3F5F2731B6893F8CA38002B6FD166
:1037800007F5F873A3F5F2731B68B3F8AC38002B98
:1037900066D107F5F873A3F5F2731B6803F50D63A3
:1037A000D3ED007A07F5F873A3F5A47397ED7B7A50
:1037B00067EE277AC3ED007A07F5F873A3F5F27385
:1037C0001B6803F50E6393ED007A07F5F873A3F514
:1037D000A473D3ED007A77EE277AF0EEE77A9FEDC7
:1037E000827AF4EEC77AF1EE10FA39D807F5F87359
:1037F000A3F5F2731B6803F50B6393ED007A07F5ED
:10380000F873A3F5A473D3ED007A77EE277AB0EEC0
:10381000670AF4F74DFBF0EE407A07F5F873A3F56D
:10382000F2731B6803F50B63C3ED007A07F5F873B9
:10383000A3F5F2731B6803F50E6393ED007A07F5A9
:10384000F873A3F5A473D3ED007A77EE277A07F522
:10385000F873A3F5F2731B6803F50E63C3ED007AEA
:1038600007F5F873A3F5F27397ED7B0AD7F8081202
:103870001868FAF7B1FD07F5F873A3F5F2731B6842
:1038800093F8C838002B00F0B78007F5F873A3F55C
:10389000A673D7F8082212681A6007F5F873A3F523
:1038A000A873D7F8082252681A6007F5F873A3F5D1
:1038B000AA73D7F8082292681A6007F5F873A3F57F
:1038C000AC73D7F80822D2681A6007F5F873A3F52D
:1038D000A67207F5F873A3F5AC7392ED007AD3EDF9
:1038E000007A27EE277A07F5F873A3F5A87207F593
:1038F000F873A3F5AA73D2ED006AD3ED007A66EEF1
:10390000A77A77EE277A77EEA76A07F5F873A3F51B
:10391000AA73D3ED007A27EEA77A07F5F873A3F51B
:10392000AC73D3ED007A67EEA77A77EE277A77EE5D
:10393000A77AB7EE007A77EE677AF0EE670AB0EE14
:10394000660A11F03FFAF0EE407A9FED2A7A67EEB0
:10395000877A07F5F873A3F5F2731B6803F624233F
:10396000C3ED007A07F5F873A3F5F273D7F80812E0
:103970001868F4F763FE07F5F873A3F5F2731B6894
:1039800003F50C63D3ED007AF5EEC07AF1EE10FA90
:1039900008D807F5F873A3F5F2731B68052283F8BE
:1039A000CC2831E007F5F873A3F5F2731B6803F533
:1039B0000C63D3ED007A9FED0D7AF4EEC77AF1EE49
:1039C00010FA08DB07F5F873A3F5F2731B680322FE
:1039D00083F8CC2818E007F5F873A3F5F2731B6899
:1039E000042283F8CC280FE0B81E853E3333733FA2
:1039F00035FA8E3CE02E654207F5F873A3F5F273B5
:103A00001B68022283F8CC2897F8DF31002B40F0A6
:103A1000E38007F5F873A3F5F2731B6893F83C3065
:103A2000002B00F0D98007F5F873A3F5F2731B683B
:103A300093F86439002B00F0CF8007F5F873A3F5F5
:103A4000F2731B6803F68803D3ED007AB7EE007AB1
:103A5000F4EEC77AF1EE10FACCBF01230023DBB2FB
:103A600083F00103DBB2002B00F0B68007F5F8739A
:103A7000A3F5F2731B6803F68C03D3ED007AB7EE5F
:103A8000007AF4EEC77AF1EE10FACCBF01230023DE
:103A9000DBB283F00103DBB2002B00F09D8007F561
:103AA000F873A3F5F2731B6803F50963D3ED007A8D
:103AB000B7EE007AF4EEC77AF1EE10FACCBF01232C
:103AC0000023DBB283F00103DBB2002B00F0848023
:103AD00007F5F873A3F5F2731B6803F69403D3EDAF
:103AE000007AB7EE007AF4EEC77AF1EE10FACCBFA6
:103AF00001230023DBB283F00103DBB2002B6BD088
:103B000007F5F873A3F5F2731B6803F69803D3ED7A
:103B1000007AB7EE007AF4EEC77AF1EE10FACCBF75
:103B200001230023DBB283F00103DBB2002B53D06F
:103B300007F5F873A3F5F2731B6803F69C03D3ED46
:103B4000007AB7EE007AF4EEC77AF1EE10FACCBF45
:103B500001230023DBB283F00103DBB2002B3BD057
:103B600007F5F873A3F5F2731B68002283F81E298A
:103B700007F5F873A3F5F2731B68002283F8CA28CF
:103B800007F5F873A3F5F2731B68002283F81F2969
:103B900007F5F873A3F5F2731B6803F604134FF0EF
:103BA00000021A6007F5F873A3F5F2731B68002290
:103BB000A3F8AC2807F5F873A3F5F2731B6803F5B7
:103BC0000C634FF07E521A6007F5F873A3F5F27399
:103BD0001B68032283F8CC2807F5F873A3F5AE73AE
:103BE000D7F8082212681A6007F5F873A3F5B073C6
:103BF000D7F8082252681A6007F5F873A3F5B27374
:103C0000D7F8082292681A6007F5F873A3F5B47321
:103C1000D7F80822D2681A6007F5F873A3F5AE72D8
:103C200007F5F873A3F5B47392ED007AD3ED007A3B
:103C300027EE277A07F5F873A3F5B07207F5F87346
:103C4000A3F5B273D2ED006AD3ED007A66EEA77ADF
:103C500077EE277A07F5F873A3F5B67377EEA77AB0
:103C6000C3ED007A07F5F873A3F5B273D3ED007ACC
:103C700027EEA77A07F5F873A3F5B473D3ED007AAE
:103C800067EEA77A77EE277A77EEA77A07F5F873CB
:103C9000A3F5B873B7EE007A77EE677AC3ED007AD2
:103CA00007F5F873A3F5B87207F5F873A3F5B673C3
:103CB000D2ED000A93ED000A11F084F8F0EE407A9C
:103CC00007F5F873A3F5BA731FEDB67A67EE877A36
:103CD000C3ED007A07F5F873A3F5F2731B6803F5DB
:103CE0001F6307F5F872A2F5BA7212681A6007F539
:103CF000F873A3F5F2731B6803F6E81393ED007AEB
:103D000007F5F873A3F5BA73D3ED007A77EE677A07
:103D10001FEDC97A67EE877AB0EE670AF4F7C8F844
:103D2000F0EE407A1FEDCD7A67EE877A07F5F873EB
:103D3000A3F5F2731B6803F6F413C3ED007A07F5DD
:103D4000F873A3F5F2731B6893F8C938002B09D0F8
:103D500007F5F873A3F5F2731B6803F6B803D3ED08
:103D6000007A01E0DFED277A9FED277A67EE877A08
:103D700007F5F873A3F5F2731B6803F61423C3ED7C
:103D8000007A07F5F873A3F5F2731B6803F6C41302
:103D9000D3ED007A9FED1D7A67EE877A07F5F87309
:103DA000A3F5F2731B6803F61823C3ED007A07F539
:103DB000F873A3F5F2731B689A6B07F5F873A3F514
:103DC000F2731B6803F61C231A6007F5F873A3F55A
:103DD000F2731B6893F8CC2807F5F873A3F5F27318
:103DE0001B6883F8212A07F5F873A3F5F2731B68A3
:103DF00093F8CC38184607F5FA77BD46BDEC028B30
:103E000090BD00BF00000000E02E654200007A4433
:103E100080B483B000AF78607B68B3F8CC351846C7
:103E20000C37BD465DF8047B7047000080B582B05A
:103E300000AF78607B6803F59A631846F5F735FBA9
:103E4000F0EE407A9FED047A67EE877AB0EE670A6B
:103E50000837BD4680BD00BFE02E654280B584B006
:103E600000AF78607B6803F50C63D3ED007AB7EEA2
:103E7000001ADFED680AB0EE670AF4F773F887ED11
:103E8000020A7B6893F83D20634BA3FB0213D90819
:103E90000B469B000B445B00D31AFB730023BB73E0
:103EA0007B6893F83C30002B01D00123FB737B68C7
:103EB00093F83C30002B03D1BB7B43F00103BB7371
:103EC0007B6893F86439002B03D1BB7B43F002037A
:103ED000BB737B6803F68803D3ED007AB7EE007AF4
:103EE000F4EEC77AF1EE10FA03DBBB7B43F0040378
:103EF000BB737B6803F68C03D3ED007AB7EE007AD0
:103F0000F4EEC77AF1EE10FA03DBBB7B43F0080353
:103F1000BB737B6803F50963D3ED007AB7EE007AD3
:103F2000F4EEC77AF1EE10FA03DBBB7B43F010032B
:103F3000BB737B6803F69803D3ED007AB7EE007A83
:103F4000F4EEC77AF1EE10FA03DBBB7B43F02003FB
:103F5000BB737B6803F69403D3ED007AB7EE007A67
:103F6000F4EEC77AF1EE10FA04DA7B68B3F8AC38F5
:103F7000002B03D0BB7B43F04003BB737B6893F8FB
:103F80001E39002B04D17B6893F81F39002B03D016
:103F9000BB7B63F07F03BB737B6893F8CA38002B4D
:103FA00009D17B6803F50C63D3ED007AF5EEC07A96
:103FB000F1EE10FA04D8BB7B002B01D14023BB7378
:103FC0007B6893F8CC3807EE903AB8EE677AFB7BC3
:103FD00007EE903AF8EE677AF2EE046A67EEA67A98
:103FE00037EE277ABB7B07EE903AF8EE677ADFED83
:103FF0000B6A67EEA67A37EE277AD7ED027ADFED05
:10400000086A67EEA67A77EE277AB0EE670A10376D
:10401000BD4680BD00000000CDCCCCCC0000C84225
:10402000A4707D3FB0B584B000AF786039607B6824
:1040300093F83C30002B01D10023B2E0C8220021CC
:1040400038680EF0A9FF3B6804221A603B68012221
:10405000C3F8C4200023FB7346E00023BB7317E0C2
:10406000F87BBB7BFA7BBC7B79689A2505FB00F06B
:1040700003449B000B441968386813465B001344E3
:1040800023449B00034404331960BB7B0133BB739F
:10409000BB7B022BE4D9FA7B1346DB0013449B0065
:1040A00018333A681344181DFB7B4FF41A7202FB55
:1040B00003F308337A6813440433242219460EF0BC
:1040C000EAFFFA7BFB7B79684FF41A7000FB02F27F
:1040D0000A4430321268396818339B000B440433A9
:1040E0001A60FB7B0133FB73FB7B012BB5D97B682B
:1040F00093F8A432002B07D03B68D3F8C43043F0C8
:1041000002023B68C3F8C4207B6893F82837002B71
:1041100007D03B68D3F8C43043F004023B68C3F8CF
:10412000C4207B6893F86439002B07D03B68D3F830
:10413000C43043F008023B68C3F8C4207B6893F89E
:10414000D135002B07D03B68D3F8C43043F01002C0
:104150003B68C3F8C4203B6803F16C007B6803F53F
:10416000D163242219460EF096FF3B6803F19000BC
:104170007B6803F2AC630C2219460EF08CFF3B689F
:1041800003F19C007B6803F59A63242219460EF024
:1041900082FF7B6803F654131A683B68C3F8C0209B
:1041A000012318461037BD46B0BD0000B0B52DED57
:1041B000028B86B000AF786039607B6893F8C838AE
:1041C0007B757B6893F81D393B757B6803F50B6342
:1041D0001B683B617B6803F6F4031B68FB603B686C
:1041E0001B68042B01D00023E3E13B68D3F8C43003
:1041F00003F00103002B01D10023DAE13B68D3ED8A
:10420000197AF5EEC07AF1EE10FACCBF0123002343
:10421000DBB283F00103DBB2002B0BD13B68D3EDA3
:10422000197AF0EEE77A9FED9E7AF4EE477AF1EE96
:1042300010FA01D90023BCE10023FB75A9E000239B
:10424000BB7517E0FA7DBD7DFC7DB87D39681346EE
:104250005B0013442B449B000B4404331A687968B9
:104260009A2304FB03F303449B000B441A60BB7DB9
:104270000133BB75BB7D022BE4D9FB7D4FF41A7271
:1042800002FB03F308337A681344181DFA7D1346C2
:10429000DB0013449B0018333A6813440433242290
:1042A00019460EF0F8FEFA7DFB7D3968183292004F
:1042B0000A440432126879684FF41A7000FB03F361
:1042C0000B4430331A60FB7D7A684FF41A7101FB9E
:1042D00003F313443433734A1A60FB7D7A684FF456
:1042E0001A7101FB03F3134438336E4A1A60FB7DE5
:1042F0004FF41A7202FB03F37A6813441846F5F779
:10430000A3FB3B68D3F8C43003F04003002B08D173
:104310003B68D3F8C430DB09DBB203F00103D9B248
:1043200000E00221FB7D7A684FF41A7000FB03F372
:1043300013443E330A461A70FB7D7A684FF41A71B3
:1043400001FB03F3134403F2612300221A70FB7D87
:104350007A684FF41A7101FB03F313443C330022D3
:104360001A70FB7D7A684FF41A7101FB03F3134452
:104370003D3301221A70FB7D7A684FF41A7101FBFC
:1043800003F3134403F5167301221A60FB7D013316
:10439000FB75FB7D012B7FF652AF7B68012283F812
:1043A0003C203B68D3F8C43003F00203002B0CD050
:1043B0003B68D3ED1A7AF5EEC07AF1EE10FA04DD1F
:1043C0007B68012283F8A42203E07B68022283F841
:1043D000C9247B68002283F861227B6893F8A432A9
:1043E000002B03D07B68002283F8C9247B6801225C
:1043F00083F872297B6803F668134FF000021A6095
:104400007B6803F66C134FF000021A607B68002291
:1044100083F873293B68D3F8C43003F00403002BFE
:104420001BD07B6803F5D1603B686C3324221946AE
:104430000EF031FE7B6803F2AC603B6890330C22D7
:1044400019460EF028FE7B68012283F828277B6836
:1044500003F5E463144A1A600CE07868F7F7E2FBAE
:104460007B6803F5D1631846F4F73CFC7B680022B7
:1044700083F828273B68D3F8C43003F01003002BDF
:1044800016D07B6803F59A603B689C33242219465A
:104490000EF001FE7B68012283F8D12512E000BFF7
:1044A000FFFF7F7F286B6E4EA69BC43B17B7D138AA
:1044B0007B6803F59A631846F4F714FC7B680122C5
:1044C00083F8D1257B6803F2F4431846F7F7F8FE2A
:1044D0007868F8F7DBFE7B68012283F8CB283B681D
:1044E000D3F8C43003F00803002B11D03B68D3F895
:1044F000C0207B6803F654131A603B68D3F8C020D1
:104500007B6803F658131A607B68012283F86429DC
:104510003B7D002B4CD07B6803F50B63FA681A6077
:104520007B68012283F8C8287B7D002B36D097ED6D
:10453000047AD7ED037A77EE677AC7ED027A97EDC2
:10454000020A10F001FDB0EE408A97ED020A10F069
:10455000AFFCF0EE407AF0EE670AB0EE480A10F0D9
:1045600031FCF0EE407A7B6803F6B803C3ED007AC5
:104570007B6803F6B803D3ED007AF0EEE77A1FED1F
:10458000357AF4EEC77AF1EE10FACCBF012300239E
:10459000DBB21A467B6883F8C92809E07B6803F61A
:1045A000B8034FF000021A607B68002283F8C92824
:1045B000012318461837BD46BDEC028BB0BD00BFC5
:1045C00080B58AB000AF07F1140300221A605A6068
:1045D0009A60DA601A6100233B61464B1B6B454AC7
:1045E00043F004031363434B1B6B03F004033B6171
:1045F0003B690023FB603F4B1B6B3E4A43F080034B
:1046000013633C4B1B6B03F08003FB60FB680023D0
:10461000BB60384B1B6B374A43F001031363354BC8
:104620001B6B03F00103BB60BB6800237B60314B55
:104630001B6B304A43F0020313632E4B1B6B03F0DA
:1046400002037B607B6800233B602A4B1B6B294A7B
:1046500043F008031363274B1B6B03F008033B6015
:104660003B6800221C21244801F0EAFC1C237B61EA
:104670000123BB610023FB6100233B6207F11403AC
:1046800019461D4801F048FB4FF480537B614FF4FD
:104690008813BB610023FB6100233B6207F1140315
:1046A0001946164801F038FB20237B610123BB61CA
:1046B0000023FB6100233B6207F1140319460F48F6
:1046C00001F02AFB012220210C4801F0B9FC4FF433
:1046D000C0537B610023BB610023FB6100233B626D
:1046E00007F114031946044801F016FB00BF2837F0
:1046F000BD4680BD00380240000002400004024078
:1047000080B500AF174B184A1A60164B174A5A600B
:10471000144B00229A60134B0022DA60114B4FF4C5
:1047200080421A610F4B00225A610E4B00229A619F
:104730000C4B0022DA610B4B00221A62094801F08F
:10474000B3FC0346002B01D000F0C0FA002105485D
:1047500004F0CAFB0346002B01D000F0B7FA00BFFB
:1047600080BD00BFA024012000540040801A060034
:1047700080B500AF124B134A1A60114B124A5A60AF
:104780000F4B00229A600E4B0022DA600C4B4FF464
:1047900080421A610A4B00225A61094B00229A6139
:1047A000074B0022DA61064B00221A62044801F02E
:1047B0007BFC0346002B01D000F088FA00BF80BDCF
:1047C000F424012000580040801A060080B58CB007
:1047D00000AF786007F11C0300221A605A609A60EB
:1047E000DA601A617B681B684E4A934234D1002319
:1047F000BB614D4B1B6B4C4A43F0020313634A4BA6
:104800001B6B03F00203BB61BB69C023FB61122376
:104810003B6200237B620123BB620423FB6207F13E
:104820001C031946414801F077FA00237B613E4B97
:104830001B6C3D4A43F4001313643B4B1B6C03F4A5
:1048400000137B617B69002200211F2000F015FF0F
:104850001F2000F02EFF60E07B681B68344A934203
:104860005BD100233B61304B1B6B2F4A43F00203AB
:1048700013632D4B1B6B03F002033B613B69002369
:10488000FB60294B1B6B284A43F004031363264B40
:104890001B6B03F00403FB60FB684FF48063FB6158
:1048A00012233B6200237B620123BB620423FB6271
:1048B00007F11C0319461D4801F02EFA4FF48053EE
:1048C000FB6112233B6200237B620123BB62042352
:1048D000FB6207F11C031946164801F01DFA00237C
:1048E000BB60114B1B6C104A43F4800313640E4BE6
:1048F0001B6C03F48003BB60BB68002200212120F5
:1049000000F0BBFE212000F0D4FE00220021222076
:1049100000F0B3FE222000F0CCFE00BF3037BD46D1
:1049200080BD00BF00540040003802400004024037
:10493000005800400008024080B500AF002008F099
:104940001DFD0346184680BD80B582B000AF78607B
:1049500039603A687968002008F028FD0346184657
:104960000837BD4680BD80B582B000AF7860396041
:104970003A687968002008F03DFD0346184608377C
:10498000BD4680BD80B500AF002008F05FFD034646
:10499000184680BD80B582B000AF00F0FDFC00F08D
:1049A000ADF800F01FF9FFF70BFEFFF7A9FEFFF7C8
:1049B000DFFE00F0B7FB00F0CBFA00F025FB4B4820
:1049C00005F0B4FD4A4805F019FE01200AF052F83E
:1049D000642000F053FD4FF47A7000F04FFDF0F7C3
:1049E00043FEF2F785FCF1F791FCFFF7A5FF0346C4
:1049F000002BF8D0FB1D01211846FFF7A5FF034649
:104A0000012BF0D13B4B1B78002B05D1FB79542BAC
:104A100002D0FB79742B24D1364B1B78162B09D886
:104A2000344B1B785A1CD1B2324A11701A46F979AC
:104A3000314B9954FB790A2B06D0FB790D2B03D00F
:104A40002C4B1B78162B4ED92A4B1B781A462A4B17
:104A5000002199542848EFF7EBFF264B00221A70EB
:104A600041E0FB79482B02D1F2F7FAFCBBE7FB7976
:104A70004A2B02D1F2F740FDB5E7FB794B2B02D16F
:104A8000F2F70CFEAFE7FB79522B02D1F2F7A8FC4C
:104A9000A9E7FB79472B02D1F1F7E2F9A3E7FB790C
:104AA000502B02D1F2F750FE9DE7FB794C2B02D13F
:104AB000EFF7FCFC97E7FB79532B02D1EFF740FDB2
:104AC00091E7FB79572B02D1F2F768FD8BE7FB7971
:104AD000582B02D1F2F7A2FD85E7FB79442B82D156
:104AE000F0F712FD7FE700BF7DE700BF68250120DA
:104AF000B0250120482501204C25012080B594B027
:104B000000AF07F11C033422002118460EF044FACE
:104B100007F1080300221A605A609A60DA601A618D
:104B200000237B602D4B1B6C2C4A43F08053136495
:104B30002A4B1B6C03F080537B607B6800233B6037
:104B4000274B1B68264A43F440431360244B1B68E1
:104B500003F440433B603B680123FB614FF4803327
:104B60003B6202237B634FF48003BB630823FB6338
:104B70004FF4B4733B6402237B640823BB640223B9
:104B8000FB6407F11C03184605F0E2F90346002B0D
:104B900001D000F09BF804F02BFB0346002B01D062
:104BA00000F094F80F23BB600223FB6000233B61FD
:104BB0004FF4A0537B614FF48053BB6107F10803AE
:104BC0000521184604F064FB0346002B01D000F0D9
:104BD0007DF800BF5037BD4680BD00BF00380240A1
:104BE0000070004080B598B000AF3B1D5C220021F2
:104BF00018460EF0D1F94FF440737B600423FB613B
:104C000060233B620223BB6204237B6201233B637C
:104C10004FF00063BB650023BB643B1D184604F0E6
:104C20003DFC0346002B01D000F050F800BF603778
:104C3000BD4680BD80B584B000AF78607B68DBB2D4
:104C40003B7307F10C0301211846FFF78CFE7B68CC
:104C500018461037BD4680BD80B586B000AFF860FD
:104C6000B9607A6000237B6109E0BB685A1CBA60B6
:104C70001B781846FFF7DEFF7B6901337B617A6999
:104C80007B689A42F1DB7B6818461837BD4680BDC9
:104C900080B582B000AF78607B681B68094A934298
:104CA0000BD10421084801F0E4F900214FF0FF3056
:104CB00009F0C6FF00BFFFF765FE00BF0837BD461D
:104CC00080BD00BF000401400000024080B400AF7E
:104CD00072B600BFFEE7000080B483B000AF0023CF
:104CE0007B60104B5B6C0F4A43F4804353640D4B65
:104CF0005B6C03F480437B607B6800233B60094B63
:104D00001B6C084A43F080531364064B1B6C03F082
:104D100080533B603B6800BF0C37BD465DF8047BA9
:104D2000704700BF0038024080B400AFFEE780B497
:104D300000AFFEE780B400AFFEE780B400AFFEE74F
:104D400080B400AFFEE780B400AF00BFBD465DF8A1
:104D5000047B704780B400AF00BFBD465DF8047BA4
:104D6000704780B400AF00BFBD465DF8047B70475C
:104D700080B500AF00F062FB00BF80BD80B500AF22
:104D8000024802F021F800BF80BD00BFA02401202E
:104D900080B500AF024802F017F800BF80BD00BF29
:104DA000F424012080B500AF024802F060F900BF92
:104DB00080BD00BFF424012080B500AF024805F09B
:104DC0008DFC00BF80BD00BFB025012080B500AFC5
:104DD00001200CF0D5FF00BF80BD80B400AF0123DF
:104DE0001846BD465DF8047B704780B582B000AFC1
:104DF000786039600EF022F9034616221A604FF0EF
:104E0000FF3318460837BD4680BD80B582B000AF7D
:104E100078604FF0FF317868FFF7E7FFFEE780B575
:104E200086B000AFF860B9607A6000237B610AE069
:104E3000AFF300800146BB685A1CBA60CAB21A7050
:104E40007B6901337B617A697B689A42F0DB7B681E
:104E500018461837BD4680BD80B483B000AF786077
:104E60004FF0FF3318460C37BD465DF8047B7047A2
:104E700080B483B000AF786039603B684FF4005273
:104E80005A60002318460C37BD465DF8047B704716
:104E900080B483B000AF7860012318460C37BD465C
:104EA0005DF8047B704780B485B000AFF860B960EE
:104EB0007A60002318461437BD465DF8047B7047BE
:104EC00080B586B000AF7860144A154BD31A7B6169
:104ED0007B693B61134B1B68002B02D1114B124ABB
:104EE0001A60104B1A687B6813443A699A4207D2D9
:104EF0000EF0A4F803460C221A604FF0FF3309E0CD
:104F0000084B1B68FB60074B1A687B681344054A13
:104F10001360FB6818461837BD4680BD00000220AC
:104F200000040000642501205837012080B400AF40
:104F3000064BD3F88830054A43F47003C2F8883032
:104F400000BFBD465DF8047B704700BF00ED00E088
:104F500080B588B000AF04F081FA0346274AA2FB6F
:104F600003239B0CFB6107F10C0300221A605A60BB
:104F70009A60DA603B1D00221A605A60204B214A79
:104F80001A60FB69013B1E4A53601D4B00229A6068
:104F90001B4B4FF6FF72DA60194B00221A61184B57
:104FA00000225A61164B80229A61154805F06EFA6C
:104FB0000346002B01D0FFF789FE4FF48053FB60BE
:104FC00007F10C0319460E4805F090FC0346002B30
:104FD00001D0FFF77BFE00237B600023BB603B1DFD
:104FE0001946074805F0ACFE0346002B01D0FFF739
:104FF0006DFE00BF2037BD4680BD00BF83DE1B4372
:10500000682501200000014080B586B000AF07F19F
:10501000080300221A605A609A60DA603B46002258
:105020001A605A601E4B1F4A1A601D4B05225A60B7
:105030001B4B00229A601A4B4EF65F22DA60184B27
:1050400000221A61164B00225A61154B00229A6108
:10505000134805F01BFA0346002B01D0FFF736FE7C
:105060004FF48053BB6007F1080319460C4805F064
:105070003DFC0346002B01D0FFF728FE00233B60D8
:1050800000237B603B461946054805F059FE034660
:10509000002B01D0FFF71AFE00BF1837BD4680BDB8
:1050A000B02501200004014080B584B000AF7860D5
:1050B0007B681B68184A93420ED10023FB60174B94
:1050C0005B6C164A43F001035364144B5B6C03F0B2
:1050D0000103FB60FB681AE07B681B68104A93427F
:1050E00015D10023BB600D4B5B6C0C4A43F00203EF
:1050F00053640A4B5B6C03F00203BB60BB68002285
:1051000000212C2000F0B9FA2C2000F0D2FA00BFC8
:105110001037BD4680BD00BF00000140003802408E
:105120000004014080B500AF154B164A1A60144BBD
:1051300008225A60124B0222DA60114B00221A61D7
:105140000F4B02229A610E4B0022DA610C4B0022B7
:105150001A620B4B00225A62094B0022DA62084B9A
:1051600000221A63064B00225A63054803F0F8FE3A
:105170000346002B01D0FFF7A9FD00BF80BD00BF93
:10518000F82501200000044080B58AB000AF7860A7
:1051900007F1140300221A605A609A60DA601A61FB
:1051A0007B681B681D4A934234D100233B611C4B32
:1051B0001B6B1B4A43F002031363194B1B6B03F079
:1051C00002033B613B694FF440437B610223BB61B7
:1051D0000023FB6103233B620C237B6207F1140372
:1051E0001946104800F098FD0023FB600C4B1B6B28
:1051F0000B4A43F000531363094B1B6B03F000533E
:10520000FB60FB68002200214D2000F036FA4D20A3
:1052100000F04FFA00BF2837BD4680BD00000440B3
:10522000003802400004024080B400AF024B184630
:10523000BD465DF8047B7047D8A1040880B483B0F4
:1052400000AF0346FB71034B18460C37BD465DF8B3
:10525000047B7047ECA1040880B584B000AF03461E
:105260000A46FB711346BB80FB79002B08D1214B0A
:105270001B681B889AB2204B5A800123FB7327E0DE
:10528000FB79052B01D900232FE0FB79194A52F84D
:105290002330BB60B868EBF70BF80346FB73FB7B6E
:1052A0001F2B01D91F23FB730023BB730CE0BB7BB7
:1052B000BA6813441A78BB7B013391B20E4A22F8C4
:1052C0001310BB7B0133BB73BA7BFB7B9A42EED3DB
:1052D000FB7B01339BB25B009BB21BB243F4407378
:1052E0001BB29AB2044B1A80034B18461037BD46C6
:1052F00080BD00BFC0D20020042B012080B400AFCD
:10530000BFF34F8F00BF064BDB6803F4E062044934
:10531000044B1343CB60BFF34F8F00BF00BFFDE7CB
:1053200000ED00E00400FA0580B582B000AF044B48
:105330007B60044B3B603B687A681A60FFF7DEFFD6
:10534000D4327F15FCFF0120DFF834D00D480E4920
:105350000E4A002302E0D458C4500433C4188C42CF
:10536000F9D30B4A0B4C002301E013600432A24234
:10537000FBD3FFF7DBFD0DF067FEFFF70BFB70477C
:105380000000022000000020B8D400209CAB0408DC
:10539000B8D400205837012080B500AF0E4B1B68F1
:1053A0000D4A43F4007313600B4B1B680A4A43F425
:1053B00080631360084B1B68074A43F480731360D3
:1053C000032000F04FF90F2000F008F8FFF784FCED
:1053D0000023184680BD00BF003C024080B582B06B
:1053E00000AF7860124B1A68124B1B7819464FF4C5
:1053F0007A73B3FBF1F3B2FBF3F3184600F067F9ED
:105400000346002B01D001230EE07B680F2B0AD846
:10541000002279684FF0FF3000F02FF9064A7B68D0
:105420001360002300E0012318460837BD4680BD05
:10543000BCD20020DCD20020D8D2002080B400AF43
:10544000064B1B781A46064B1B681344044A13602C
:1054500000BFBD465DF8047B704700BFDCD2002072
:10546000442B012080B400AF034B1B681846BD4697
:105470005DF8047B704700BF442B012080B584B0E9
:1054800000AF7860FFF7EEFFB8607B68FB60FB68F9
:10549000B3F1FF3F05D00A4B1B781A46FB68134453
:1054A000FB6000BFFFF7DEFF0246BB68D31AFA6855
:1054B0009A42F7D800BF00BF1037BD4680BD00BF7D
:1054C000DCD2002080B485B000AF78607B6803F048
:1054D0000703FB600C4BDB68BB60BA684FF6FF0349
:1054E0001340BB60FB681A02BB68134343F0BF6301
:1054F00043F40033BB60044ABB68D36000BF143779
:10550000BD465DF8047B704700ED00E080B400AF5D
:10551000044BDB681B0A03F007031846BD465DF821
:10552000047B704700ED00E080B483B000AF034619
:10553000FB7197F90730002B0BDBFB7903F01F029F
:10554000074997F907305B09012000FA02F241F898
:10555000232000BF0C37BD465DF8047B704700BFB9
:1055600000E100E080B483B000AF03463960FB7116
:1055700097F90730002B0ADB3B68DAB20C4997F940
:1055800007301201D2B20B4483F800230AE03B68D3
:10559000DAB20849FB7903F00F03043B1201D2B2DF
:1055A0000B441A7600BF0C37BD465DF8047B70478C
:1055B00000E100E000ED00E080B489B000AFF860E9
:1055C000B9607A60FB6803F00703FB61FB69C3F114
:1055D0000703042B28BF0423BB61FB690433062B9C
:1055E00002D9FB69033B00E000237B614FF0FF32EF
:1055F000BB6902FA03F3DA43BB681A407B699A403D
:105600004FF0FF317B6901FA03F3D9437B680B400C
:10561000134318462437BD465DF8047B70470000ED
:1056200080B582B000AF78607B68013BB3F1807FCA
:1056300001D301230FE00A4A7B68013B53600F212D
:105640004FF0FF30FFF78EFF054B00229A60044BAE
:1056500007221A60002318460837BD4680BD00BFE8
:1056600010E000E080B582B000AF78607868FFF7A6
:1056700029FF00BF0837BD4680BD80B586B000AFAA
:105680000346B9607A60FB7300237B61FFF73EFF3E
:1056900078617A68B9687869FFF78EFF024697F9F2
:1056A0000F3011461846FFF75DFF00BF1837BD46A3
:1056B00080BD80B582B000AF0346FB7197F907301B
:1056C0001846FFF731FF00BF0837BD4680BD80B5E3
:1056D00082B000AF78607868FFF7A2FF03461846F3
:1056E0000837BD4680BD80B483B000AF78607B686A
:1056F00093F83530DBB2022B04D07B6880225A65E8
:1057000001230CE07B68052283F835207B681B6849
:105710001A687B681B6822F001021A600023184691
:105720000C37BD465DF8047B704780B483B000AF92
:1057300078607B6893F83530DBB218460C37BD468D
:105740005DF8047B7047000080B586B000AFF8605C
:10575000B960C7E900230123FB75234B1B7E012B96
:1057600001D102233BE0204B01221A764CF250304B
:1057700000F070F80346FB75FB7D002B2BD1FB6816
:10578000002B05D13B781946B86800F01BF916E0EC
:10579000FB68012B05D13B881946B86800F0EEF88C
:1057A0000DE0FB68022B05D13B681946B86800F094
:1057B000C3F804E0D7E90023B86800F08BF84CF296
:1057C000503000F047F80346FB75084B1B69074A49
:1057D00023F001031361044B00221A76FB7D184667
:1057E0001837BD4680BD00BF482B0120003C024059
:1057F00080B483B000AF0023FB710B4B1B69002BFF
:105800000BDA094B094A5A60074B094A5A60064BA2
:105810001B69002B01DA0123FB71FB7918460C3759
:10582000BD465DF8047B7047003C0240230167459C
:10583000AB89EFCD80B400AF054B1B69044A43F040
:105840000043136100231846BD465DF8047B704792
:10585000003C024080B584B000AF78600023FB605C
:105860001A4B0022DA61FFF7FDFDF86010E07B685B
:10587000B3F1FF3F0CD07B68002B07D0FFF7F2FDA0
:105880000246FB68D31A7A689A4201D2032319E0D0
:105890000F4BDB6803F48033002BE8D10C4BDB6843
:1058A00003F00103002B02D0094B0122DA60084B00
:1058B000DB6803F4F973002B03D000F0A5F8012393
:1058C00000E0002318461037BD4680BD482B01205C
:1058D000003C024080B485B000AFF860C7E9002307
:1058E000144B1B69134A23F440731361114B1B695A
:1058F000104A43F4407313610E4B1B690D4A43F089
:1059000001031361FB683A681A60BFF36F8F00BF31
:10591000D7E900014FF000024FF000030A00002316
:10592000F968043113460B6000BF1437BD465DF8BB
:10593000047B7047003C024080B483B000AF7860C5
:1059400039600D4B1B690C4A23F4407313610A4BF9
:105950001B69094A43F400731361074B1B69064A2C
:1059600043F0010313617B683A681A6000BF0C378B
:10597000BD465DF8047B7047003C024080B483B0B4
:1059800000AF78600B467B800D4B1B690C4A23F4FB
:10599000407313610A4B1B69094A43F48073136116
:1059A000074B1B69064A43F0010313617B687A8841
:1059B0001A8000BF0C37BD465DF8047B704700BFFE
:1059C000003C024080B483B000AF78600B46FB70AF
:1059D0000C4B1B690B4A23F440731361094B094AB2
:1059E0001B691361074B1B69064A43F001031361EE
:1059F0007B68FA781A7000BF0C37BD465DF8047BEF
:105A0000704700BF003C024080B400AF2F4BDB6802
:105A100003F01003002B08D02D4BDB6943F010037B
:105A20002B4AD361294B1022DA60284BDB6803F044
:105A30002003002B08D0264BDB6943F00803244ADF
:105A4000D361224B2022DA60204BDB6803F0400355
:105A5000002B08D01E4BDB6943F004031C4AD361C2
:105A60001A4B4022DA60194BDB6803F08003002BED
:105A700008D0174BDB6943F00203154AD361134B7F
:105A80008022DA60114BDB6803F48073002B09D0AD
:105A90000F4BDB6943F001030D4AD3610B4B4FF40D
:105AA0008072DA60094BDB6803F00203002B08D038
:105AB000074BDB6943F02003054AD361034B022205
:105AC000DA6000BFBD465DF8047B7047003C0240D1
:105AD000482B012080B584B000AF78603960012385
:105AE000FB730023BB60314B1B7E012B01D10223D2
:105AF00058E02E4B01221A764CF25030FFF7AAFEE6
:105B00000346FB73FB7B002B48D13B684FF0FF3211
:105B10001A607B681B68012B15D17B681B69DAB2A0
:105B20007B685B681946104600F044F84CF2503030
:105B3000FFF790FE0346FB731D4B1B691C4A23F0C5
:105B40000403136128E07B689B68BB601CE07B68F2
:105B50001B69DBB21946B86800F050F84CF25030BF
:105B6000FFF778FE0346FB73114B1B69104A23F0C5
:105B7000FA031361FB7B002B03D03B68BA681A6001
:105B80000AE0BB680133BB607B68DA687B689B68AE
:105B90001344BA689A42DAD300F078F8034B002233
:105BA0001A76FB7B18461037BD4680BD482B012076
:105BB000003C024080B483B000AF03463960FB7103
:105BC0000D4B1B690C4A23F4407313610A4B1B698C
:105BD000094A43F004031361074B1A69FB791B025E
:105BE0001343054A43F48033136100BF0C37BD46AD
:105BF0005DF8047B704700BF003C024080B485B074
:105C000000AF78600B46FB700023FB60FB78002B35
:105C100002D10023FB6010E0FB78012B03D14FF48D
:105C20008073FB6009E0FB78022B03D14FF4007313
:105C3000FB6002E04FF44073FB60134B1B69124A98
:105C400023F440731361104B1A690F49FB68134327
:105C50000B610D4B1B690C4A23F0F80313610A4BCF
:105C60001A697B68DB001343074A43F002031361A0
:105C7000054B1B69044A43F48033136100BF14379A
:105C8000BD465DF8047B7047003C024080B400AF25
:105C9000204B1B6803F40073002B17D01D4B1B68AF
:105CA0001C4A23F4007313601A4B1B68194A43F40F
:105CB00000631360174B1B68164A23F400631360DC
:105CC000144B1B68134A43F400731360114B1B6899
:105CD00003F48063002B17D00E4B1B680D4A23F48E
:105CE000806313600B4B1B680A4A43F480531360B4
:105CF000084B1B68074A23F480531360054B1B684D
:105D0000044A43F48063136000BFBD465DF8047B22
:105D1000704700BF003C024080B489B000AF78609B
:105D2000396000237B6100233B610023BB610023BA
:105D3000FB6165E10122FB6902FA03F37B613B68C9
:105D40001B687A6913403B613A697B699A4240F06B
:105D500054813B685B6803F00303012B05D03B686B
:105D60005B6803F00303022B30D17B689B68BB6147
:105D7000FB695B00032202FA03F3DB43BA691340B9
:105D8000BB613B68DA68FB695B0002FA03F3BA693E
:105D90001343BB617B68BA699A607B685B68BB61CF
:105DA0000122FB6902FA03F3DB43BA691340BB61CA
:105DB0003B685B681B0903F00102FB6902FA03F30D
:105DC000BA691343BB617B68BA695A603B685B6818
:105DD00003F00303032B17D07B68DB68BB61FB690F
:105DE0005B00032202FA03F3DB43BA691340BB6191
:105DF0003B689A68FB695B0002FA03F3BA691343D4
:105E0000BB617B68BA69DA603B685B6803F00303D7
:105E1000022B23D1FB69DA087B68083253F8223061
:105E2000BB61FB6903F007039B000F2202FA03F337
:105E3000DB43BA691340BB613B681A69FB6903F035
:105E400007039B0002FA03F3BA691343BB61FB69C2
:105E5000DA087B680832B96943F822107B681B684E
:105E6000BB61FB695B00032202FA03F3DB43BA69FF
:105E70001340BB613B685B6803F00302FB695B0096
:105E800002FA03F3BA691343BB617B68BA691A600B
:105E90003B685B6803F44033002B00F0AE800023C6
:105EA000FB605D4B5B6C5C4A43F4804353645A4B2C
:105EB0005B6C03F48043FB60FB68584AFB699B08FA
:105EC000023352F82330BB61FB6903F003039B00EC
:105ED0000F2202FA03F3DB43BA691340BB617B680C
:105EE0004F4A934225D07B684E4A93421FD07B682D
:105EF0004D4A934219D07B684C4A934213D07B6839
:105F00004B4A93420DD07B684A4A934207D07B6844
:105F1000494A934201D106230CE007230AE00523F6
:105F200008E0042306E0032304E0022302E0012347
:105F300000E00023FA6902F0030292009340BA697C
:105F40001343BB613549FB699B080233BA6941F8C9
:105F500023203A4B9B68BB613B69DB43BA69134022
:105F6000BB613B685B6803F48013002B03D0BA6904
:105F70003B691343BB61314ABB6993602F4BDB68BC
:105F8000BB613B69DB43BA691340BB613B685B683B
:105F900003F40013002B03D0BA693B691343BB61C0
:105FA000264ABB69D360254B5B68BB613B69DB4319
:105FB000BA691340BB613B685B6803F40033002B94
:105FC00003D0BA693B691343BB611C4ABB69536088
:105FD0001A4B1B68BB613B69DB43BA691340BB6169
:105FE0003B685B6803F48033002B03D0BA693B69DC
:105FF0001343BB61114ABB691360FB690133FB6149
:10600000FB690F2B7FF696AE00BF00BF2437BD465D
:106010005DF8047B704700BF003802400038014043
:10602000000002400004024000080240000C024050
:10603000001002400014024000180240003C0140E1
:1060400080B483B000AF78600B467B8013467B70D2
:106050007B78002B03D07A887B689A6103E07B8889
:106060001A047B689A6100BF0C37BD465DF8047B5B
:10607000704780B485B000AF78600B467B807B684A
:106080005B69FB607A88FB6813401A04FB68D9439C
:106090007B880B401A437B689A6100BF1437BD466A
:1060A0005DF8047B7047000080B584B000AF786075
:1060B0007B68002B01D101232BE17B6893F83D30F5
:1060C000DBB2002B06D17B68002283F83C20786885
:1060D000FEF77CFB7B68242283F83D207B681B68ED
:1060E0001A687B681B6822F001021A607B681B68D3
:1060F0001A687B681B6842F400421A607B681B6860
:106100001A687B681B6822F400421A6003F0B2F937
:10611000F8607B685B68814A934207D8FB68804AD5
:10612000934294BF01230023DBB206E0FB687D4A63
:10613000934294BF01230023DBB2002B01D0012343
:10614000E7E0FB68784AA2FB03239B0CBB607B68FB
:106150001B685B6823F03F017B681B68BA680A43D1
:106160005A607B681B681B6A23F03F017B685B6891
:106170006A4A934202D8BB68013309E0BB684FF416
:10618000967202FB03F3694AA2FB03239B090133C6
:106190007A6812680B4313627B681B68DB6923F41F
:1061A0004F4222F0FF027B685B685C498B4219D842
:1061B000FB68591E7B685B685B00B1FBF3F3591CFD
:1061C00040F6FC730B40002B0AD0FB68591E7B681D
:1061D0005B685B00B1FBF3F30133C3F30B0351E0E6
:1061E00004234FE07B689B68002B11D1FB68581E8D
:1061F0007B6859680B465B000B44B0FBF3F301333B
:10620000C3F30B03002B0CBF01230023DBB212E00E
:10621000FB68581E7B6859680B469B000B4499002D
:106220000B44B0FBF3F30133C3F30B03002B0CBFA0
:1062300001230023DBB2002B01D0012322E07B6885
:106240009B68002B0ED1FB68581E7B6859680B4673
:106250005B000B44B0FBF3F30133C3F30B0343F4D4
:1062600000430FE0FB68581E7B6859680B469B0093
:106270000B4499000B44B0FBF3F30133C3F30B035E
:1062800043F44043796809681343CB617B681B681A
:106290001B6823F0C0017B68DA697B681B6A1A43BC
:1062A0007B681B680A431A607B681B689B6823F441
:1062B000034323F0FF037A6811697A68D2681143B7
:1062C0007A6812680B4393607B681B68DB6823F075
:1062D000FF017B685A697B689B691A437B681B686E
:1062E0000A43DA607B681B681A687B681B6842F0A7
:1062F00001021A607B6800221A647B68202283F8FE
:106300003D207B6800221A637B68002283F83E20D0
:10631000002318461037BD4680BD00BFA08601008F
:106320007F841E00FF083D0083DE1B43D34D6210B7
:1063300080B588B002AFF8607A601A460B467B8160
:1063400013463B81FFF78EF87861FB6893F83D3088
:10635000DBB2202B40F0E0807B69009319230122FF
:106360007049F86802F096FB0346002B01D0022327
:10637000D3E0FB6893F83C30012B01D10223CCE041
:10638000FB68012283F83C20FB681B681B6803F054
:106390000103012B07D0FB681B681A68FB681B68A8
:1063A00042F001021A60FB681B681A68FB681B68F0
:1063B00022F400621A60FB68212283F83D20FB680A
:1063C000102283F83E20FB6800221A64FB687A687A
:1063D0005A62FB683A895A85FB685B8D9AB2FB6802
:1063E0001A85FB68504ADA6279897B693A6AF868EB
:1063F00002F0A8F80346002B01D001238DE0002312
:106400003B61FB681B685B693B61FB681B689B69C0
:106410003B613B6966E07A69396AF86802F010FC12
:106420000346002B0DD0FB681B6C042B07D1FB68C7
:106430001B681A68FB681B6842F400721A6001232B
:106440006BE0FB685B6A1A78FB681B681A61FB6883
:106450005B6A5A1CFB685A62FB685B8D9BB2013B0E
:106460009AB2FB685A85FB681B8D013B9AB2FB68A8
:106470001A85FB681B685B6903F00403042B1BD1BE
:10648000FB681B8D002B17D0FB685B6A1A78FB68D2
:106490001B681A61FB685B6A5A1CFB685A62FB68DE
:1064A0005B8D9BB2013B9AB2FB685A85FB681B8DE2
:1064B000013B9AB2FB681A857A69396AF86802F07A
:1064C00000FC0346002B0DD0FB681B6C042B07D18E
:1064D000FB681B681A68FB681B6842F400721A604C
:1064E00001231AE0FB681B8D002B94D1FB681B680D
:1064F0001A68FB681B6842F400721A60FB6820226D
:1065000083F83D20FB68002283F83E20FB680022D0
:1065100083F83C20002300E0022318461837BD46CC
:1065200080BD00BF020010000000FFFF80B588B0F2
:1065300002AFF860084611461A4603467B810B46B7
:106540003B811346FB80FEF78DFF7861FB6893F873
:106550003D30DBB2202B40F0D9807B6900931923BA
:1065600001226D49F86802F095FA0346002B01D02C
:106570000223CCE0FB6893F83C30012B01D10223CD
:10658000C5E0FB68012283F83C20FB681B681B68A0
:1065900003F00103012B07D0FB681B681A68FB6836
:1065A0001B6842F001021A60FB681B681A68FB68EE
:1065B0001B6822F400621A60FB68212283F83D20E8
:1065C000FB68402283F83E20FB6800221A64FB68C7
:1065D0003A6A5A62FB68BA8C5A85FB685B8D9AB23C
:1065E000FB681A85FB684D4ADA62F8883A8979892E
:1065F0007B690193BB6A00930346F86802F024F8B4
:106600000346002B52D0012381E07A69B96AF86809
:1066100002F016FB0346002B0DD0FB681B6C042B0D
:1066200007D1FB681B681A68FB681B6842F400729C
:106630001A6001236BE0FB685B6A1A78FB681B68D1
:106640001A61FB685B6A5A1CFB685A62FB681B8D07
:10665000013B9AB2FB681A85FB685B8D9BB2013BDC
:106660009AB2FB685A85FB681B685B6903F00403F8
:10667000042B1BD1FB681B8D002B17D0FB685B6ABA
:106680001A78FB681B681A61FB685B6A5A1CFB6816
:106690005A62FB681B8D013B9AB2FB681A85FB6846
:1066A0005B8D9BB2013B9AB2FB685A85FB681B8DE0
:1066B000002BAAD17A69B96AF86802F002FB034696
:1066C000002B0DD0FB681B6C042B07D1FB681B68EB
:1066D0001A68FB681B6842F400721A60012316E016
:1066E000FB681B681A68FB681B6842F400721A603A
:1066F000FB68202283F83D20FB68002283F83E20BF
:10670000FB68002283F83C20002300E002231846A7
:106710001837BD4680BD00BF020010000000FFFF1B
:1067200080B58CB002AFF860084611461A460346A1
:106730007B810B463B811346FB80FEF793FE78621C
:10674000FB6893F83D30DBB2202B40F008827B6A77
:106750000093192301227B49F86802F09BF9034654
:10676000002B01D00223FBE1FB6893F83C30012BA6
:1067700001D10223F4E1FB68012283F83C20FB688D
:106780001B681B6803F00103012B07D0FB681B6823
:106790001A68FB681B6842F001021A60FB681B68FC
:1067A0001A68FB681B6822F400621A60FB682222E8
:1067B00083F83D20FB68402283F83E20FB680022DE
:1067C0001A64FB683A6B5A62FB68BA8E5A85FB689A
:1067D0005B8D9AB2FB681A85FB685B4ADA62F888BF
:1067E0003A8979897B6A0193BB6B00930346F86809
:1067F00001F0C0FF0346002B01D00123B0E1FB688C
:106800001B8D002B13D100233B62FB681B685B6967
:106810003B62FB681B689B693B623B6AFB681B68C9
:106820001A68FB681B6842F400721A6084E1FB6816
:106830001B8D012B1BD1FB681B681A68FB681B684A
:1068400022F480621A600023FB61FB681B685B69AD
:10685000FB61FB681B689B69FB61FB69FB681B684C
:106860001A68FB681B6842F400721A6064E1FB68F6
:106870001B8D022B1BD1FB681B681A68FB681B6809
:1068800022F480621A60FB681B681A68FB681B6848
:1068900042F400621A600023BB61FB681B685B69FD
:1068A000BB61FB681B689B69BB61BB6944E100235A
:1068B0007B61FB681B685B697B61FB681B689B698C
:1068C0007B617B6938E1FB681B8D032B00F2F18053
:1068D000FB681B8D012B23D17A6AB96BF86802F033
:1068E00063FA0346002B01D0012339E1FB681B68E2
:1068F0001A69FB685B6AD2B21A70FB685B6A5A1C41
:10690000FB685A62FB681B8D013B9AB2FB681A85D3
:10691000FB685B8D9BB2013B9AB2FB685A850BE129
:10692000FB681B8D022B4ED17B6A0093BB6B002250
:106930000649F86802F0AEF80346002B08D00123A0
:106940000EE100BF020010000000FFFF0400010084
:10695000FB681B681A68FB681B6842F400721A60C7
:10696000FB681B681A69FB685B6AD2B21A70FB6825
:106970005B6A5A1CFB685A62FB681B8D013B9AB22A
:10698000FB681A85FB685B8D9BB2013B9AB2FB6882
:106990005A85FB681B681A69FB685B6AD2B21A7079
:1069A000FB685B6A5A1CFB685A62FB681B8D013BE3
:1069B0009AB2FB681A85FB685B8D9BB2013B9AB269
:1069C000FB685A85B8E07B6A0093BB6B002266497E
:1069D000F86802F05FF80346002B01D00123BFE006
:1069E000FB681B681A68FB681B6822F480621A60E7
:1069F000FB681B681A69FB685B6AD2B21A70FB6895
:106A00005B6A5A1CFB685A62FB681B8D013B9AB299
:106A1000FB681A85FB685B8D9BB2013B9AB2FB68F1
:106A20005A857B6A0093BB6B00224F49F86802F0DD
:106A300031F80346002B01D0012391E0FB681B686D
:106A40001A68FB681B6842F400721A60FB681B68D6
:106A50001A69FB685B6AD2B21A70FB685B6A5A1CDF
:106A6000FB685A62FB681B8D013B9AB2FB681A8572
:106A7000FB685B8D9BB2013B9AB2FB685A85FB6851
:106A80001B681A69FB685B6AD2B21A70FB685B6AA2
:106A90005A1CFB685A62FB681B8D013B9AB2FB686B
:106AA0001A85FB685B8D9BB2013B9AB2FB685A85E5
:106AB00042E07A6AB96BF86802F076F90346002B77
:106AC00001D001234CE0FB681B681A69FB685B6A14
:106AD000D2B21A70FB685B6A5A1CFB685A62FB6888
:106AE0001B8D013B9AB2FB681A85FB685B8D9BB2DC
:106AF000013B9AB2FB685A85FB681B685B6903F02F
:106B00000403042B18D1FB681B681A69FB685B6AD5
:106B1000D2B21A70FB685B6A5A1CFB685A62FB6847
:106B20001B8D013B9AB2FB681A85FB685B8D9BB29B
:106B3000013B9AB2FB685A85FB681B8D002B7FF4E2
:106B4000C2AEFB68202283F83D20FB68002283F858
:106B50003E20FB68002283F83C20002300E0022353
:106B600018462837BD4680BD0400010080B58AB0B4
:106B700002AFF8607A603B600B467B81FEF772FCE7
:106B8000F8610023BB61FB6893F83D30DBB2202B3A
:106B900040F01181FB690093192301228849F868AC
:106BA00001F078FF0346002B01D0022304E1FB68CB
:106BB00093F83C30012B01D10223FDE0FB68012258
:106BC00083F83C20FB681B681B6803F00103012B62
:106BD00007D0FB681B681A68FB681B6842F001025B
:106BE0001A60FB681B681A68FB681B6822F4006265
:106BF0001A60FB68242283F83D20FB6800221A6497
:106C0000FB68704ADA62FB681B681A68FB681B68DD
:106C100042F480721A60FB6900933B6800224FF0D7
:106C20000111F86801F036FF0346002B0DD0FB6818
:106C30001B681B6803F48073B3F5807F03D1FB6886
:106C40004FF400721A640323B6E07B89DBB21A4664
:106C5000FB681B6802F0FE021A61FEF703FCF86194
:106C6000FB681B685B6903F00203022B0CBF012366
:106C70000023DBB2FB75FB681B685B6903F4806370
:106C8000B3F5806F0CBF01230023DBB2BB7525E099
:106C9000FEF7E8FB0246FB69D31A3A689A4202D330
:106CA0003B68002B03D1FB68A02283F83D20FB68E2
:106CB0001B685B6903F00203022B0CBF0123002356
:106CC000DBB2FB75FB681B685B6903F48063B3F59B
:106CD000806F0CBF01230023DBB2BB75FB6893F808
:106CE0003D30DBB2A02B05D0FB7D002B02D1BB7D5C
:106CF000002BCDD0FB68202283F83D20FB681B6869
:106D00005B6903F00203022B29D1FB681B681A6838
:106D1000FB681B6842F400721A6000233B61FB6849
:106D20001B685B693B61FB681B689B693B613B6956
:106D3000FB690093192301222149F86801F0AAFE9A
:106D40000346002B01D0012336E0FB68202283F8A4
:106D50003D20FB68002283F83C2000232CE0FB68E8
:106D60001B681A68FB681B6842F400721A60FB68B3
:106D70001B686FF480625A61FB690093192301223A
:106D80000F49F86801F086FE0346002B01D001236D
:106D900012E0BB690133BB61BA697B689A42FFF4B8
:106DA00032AFFB68202283F83D20FB68002283F885
:106DB0003C20012300E0022318462037BD4680BD59
:106DC000020010000000FFFF80B588B000AF7860BF
:106DD0000023BB617B681B685B687B617B68DB6A47
:106DE0003B617B6893F83E30FB737B6893F83D30E2
:106DF000BB73FB7B102B03D0FB7B402B40F0B1809F
:106E00007B681B689B69BB617B681B685B69FB6176
:106E1000FB6903F00103002B0DD13B69B3F52A0F89
:106E200003D03B69B3F12A4F01D1012300E00023D5
:106E3000012B00F01481FB6903F00103002B0BD040
:106E40007B6903F40073002B06D0786802F031F8F8
:106E5000786800F05EFD83E0FB6903F00803002B17
:106E600008D07B6903F40073002B03D0786800F02E
:106E7000D6FD75E0FB6903F00203002B08D07B69A7
:106E800003F40073002B03D0786800F0F2FD67E094
:106E9000BB6903F00403002B36D07B681B685B687A
:106EA00003F40063B3F5006F00F0DB80FB6903F0CF
:106EB0008003002B0DD07B6903F48063002B08D086
:106EC000FB6903F00403002B03D1786800F0D6F9C6
:106ED00046E0FB6903F00403002B00F0C2807B69ED
:106EE00003F40073002B00F0BC80BB7B212B03D18B
:106EF000786800F05FFAB4E0FB7B402B40F0B18093
:106F0000786800F0CDFAACE07B681B685B6803F43E
:106F10000063B3F5006F00F0A480FB6903F0400349
:106F2000002B0DD07B6903F48063002B08D0FB6934
:106F300003F00403002B03D1786800F045FB0FE059
:106F4000FB6903F00403002B00F08B807B6903F4E2
:106F50000073002B00F08580786800F0F0FB80E083
:106F60007FE07B681B6C002B04D07B681B685B692F
:106F7000FB6107E07B681B689B69BB617B681B68E2
:106F80005B69FB61FB6903F00203002B11D07B6995
:106F900003F40073002B0CD07B681B6C002B03D018
:106FA0007B681B689B69BB61B969786800F0B0FFBA
:106FB0005AE0FB6903F01003002B08D07B6903F44F
:106FC0000073002B03D0786800F0EAFF4CE0BB7B35
:106FD000212B02D0BB7B292B20D1FB6903F080033E
:106FE000002B0DD07B6903F48063002B08D0FB6974
:106FF00003F00403002B03D1786800F0CBFE32E0ED
:10700000FB6903F00403002B2DD07B6903F40073AC
:10701000002B28D0786800F0FAFE24E0FB6903F02A
:107020004003002B0DD07B6903F48063002B08D054
:10703000FB6903F00403002B03D1786800F008FF1C
:1070400012E0FB6903F00403002B0DD07B6903F40D
:107050000073002B08D0786800F038FF04E000BF10
:1070600002E000BF00E000BF2037BD4680BD80B514
:107070008AB000AF78607B681B685B693B627B68A5
:107080001B685B68FB6100237B627B6893F83E3082
:10709000FB763B6A03F48073002B0DD0FB6903F48D
:1070A0008073002B08D07B6A43F001037B627B680E
:1070B0001B686FF480725A613B6A03F40073002B03
:1070C0000DD0FB6903F48073002B08D07B6A43F07A
:1070D00002037B627B681B686FF400725A613B6A33
:1070E00003F48063002B3ED0FB6903F48073002B14
:1070F00039D0FB7EBB767B685B8D9BB27B617B6806
:1071000093F83D30FB747B681B6BFB60BB7E202BD0
:1071100012D17B69002B0FD1FB7C212B08D0FB7C8B
:10712000292B05D0FB7C282B06D1FB68212B03D112
:10713000786801F065F816E07B681B686FF4806280
:107140005A617B6A43F004037B62FB7E102B02D002
:10715000FB7E402B07D17B681B681A687B681B6825
:1071600042F400721A603B6A03F40063002B0DD0F6
:10717000FB6903F48073002B08D07B6A43F008039B
:107180007B627B681B686FF400625A617B6A002B2C
:1071900008D07B681A6C7B6A1A437B681A6478682B
:1071A00001F09EF800BF2837BD4680BD80B483B093
:1071B00000AF786000BF0C37BD465DF8047B7047B8
:1071C00080B483B000AF786000BF0C37BD465DF877
:1071D000047B704780B483B000AF786000BF0C3789
:1071E000BD465DF8047B704780B483B000AF786023
:1071F00000BF0C37BD465DF8047B704780B483B098
:1072000000AF78600B46FB7013463B8000BF0C3725
:10721000BD465DF8047B704780B483B000AF7860F2
:1072200000BF0C37BD465DF8047B704780B483B067
:1072300000AF786000BF0C37BD465DF8047B704737
:1072400080B483B000AF786000BF0C37BD465DF8F6
:10725000047B704780B483B000AF786000BF0C3708
:10726000BD465DF8047B704780B483B000AF7860A2
:1072700000BF0C37BD465DF8047B704780B584B015
:1072800000AF78607B6893F83D30FB737B6893F8C0
:107290003E30BB737B68DB6ABB607B681B8D002B59
:1072A00050D1FB7B212B4DD1BB68082B1DD0BB6877
:1072B000202B1AD0BB6813F5803F16D07B681B6863
:1072C0005A687B681B6822F4E0625A607B6811226E
:1072D0001A637B68002283F83E207B68202283F8B3
:1072E0003D207868FFF762FF60E07B681B685A68A2
:1072F0007B681B6822F4E0625A607B681B681A682E
:107300007B681B6842F400721A607B6800221A6373
:107310007B68202283F83D207B6893F83E30DBB207
:10732000402B07D17B68002283F83E207868FFF766
:107330007DFF3BE07B68002283F83E207868FFF702
:1073400035FF33E0FB7B212B05D0BB7B402B2DD1C0
:10735000FB7B222B2AD17B685B8D9BB2002B08D153
:107360007B681B685A687B681B6822F480625A60DD
:107370001CE07B6893F83E30DBB2402B03D1786889
:1073800000F08EF812E07B685B6A1A787B681B68F5
:107390001A617B685B6A5A1C7B685A627B685B8DEA
:1073A0009BB2013B9AB27B685A85FFE700BF10375A
:1073B000BD4680BD80B584B000AF78607B68DB6A75
:1073C000FB607B6893F83D30DBB2212B64D17B6896
:1073D0005B8D9BB2002B12D07B685B6A1A787B684E
:1073E0001B681A617B685B6A5A1C7B685A627B68FF
:1073F0005B8D9BB2013B9AB27B685A854CE0FB687F
:10740000082B1DD0FB68202B1AD0FB6813F5803F9A
:1074100016D07B681B685A687B681B6822F4E062A0
:107420005A607B6811221A637B68002283F83E2031
:107430007B68202283F83D207868FFF7B7FE2BE0B9
:107440007B681B685A687B681B6822F4E0625A609C
:107450007B681B681A687B681B6842F400721A60BC
:107460007B6800221A637B68202283F83D207B68BA
:1074700093F83E30DBB2402B07D17B68002283F8C3
:107480003E207868FFF7D2FE06E07B68002283F892
:107490003E207868FFF78AFE00BF1037BD4680BDEA
:1074A00080B584B000AF78607B6893F83D30FB73A3
:1074B0007B681B6D002B1DD17B68DB6C012B0BD116
:1074C0007B689B6CDAB27B681B681A617B681B6DFA
:1074D0009A1C7B681A6573E07B689B6C9BB21B12DD
:1074E000DAB27B681B681A617B681B6D5A1C7B686B
:1074F0001A6565E07B681B6D012B0BD17B689B6C6B
:10750000DAB27B681B681A617B681B6D5A1C7B684A
:107510001A6555E07B681B6D022B51D1FB7B222B3A
:107520000DD17B681B681A687B681B6842F4807207
:107530001A607B681B6D5A1C7B681A6540E07B688B
:107540005B8D9BB2002B15D0FB7B212B12D17B686E
:107550005B6A1A787B681B681A617B685B6A5A1CD5
:107560007B685A627B685B8D9BB2013B9AB27B68F9
:107570005A8525E07B685B8D9BB2002B20D1FB7B7D
:10758000212B1DD17B681B685A687B681B6822F41D
:10759000E0625A607B681B681A687B681B6842F46B
:1075A00000721A607B6800221A637B68202283F8CD
:1075B0003D207B68002283F83E207868FFF736FE86
:1075C00000BF1037BD4680BD80B584B000AF786085
:1075D0007B6893F83D30DBB2222B40F0AC807B68B7
:1075E0005B8D9BB2FB60FB68032B21D97B681B681A
:1075F0001A697B685B6AD2B21A707B685B6A5A1C34
:107600007B685A627B685B8D9BB2013B9AB27B6858
:107610005A857B685B8D9BB2032B40F08C807B6826
:107620001B685A687B681B6822F480625A6082E09B
:107630007B68DB6A022B75D0FB68012B02D0FB68EC
:10764000002B6FD1786801F07DFB0346002B42D1FF
:107650007B681B681A687B681B6822F480621A606A
:107660007B681B685A687B681B6822F4E0625A607A
:107670007B681B681A697B685B6AD2B21A707B6888
:107680005B6A5A1C7B685A627B685B8D9BB2013BCC
:107690009AB27B685A857B68202283F83D207B68FC
:1076A00093F83E30DBB2402B0AD17B68002283F88E
:1076B0003E207B6800221A637868FFF7C1FD3AE03C
:1076C0007B68002283F83E207B6812221A63786868
:1076D000FFF776FD2FE07B681B685A687B681B68A4
:1076E00022F4E0625A607B681B681A697B685B6AF7
:1076F000D2B21A707B685B6A5A1C7B685A627B68DC
:107700005B8D9BB2013B9AB27B685A857B682022D5
:1077100083F83D207B68002283F83E207868FFF7DD
:1077200099FD08E07B681B685A687B681B6822F437
:1077300080625A60FFE700BF1037BD4680BD80B54C
:1077400084B000AF78607B68DB6AFB607B685B8D30
:107750009BB2042B1BD17B681B685A687B681B6833
:1077600022F480625A607B681B681A697B685B6AD6
:10777000D2B21A707B685B6A5A1C7B685A627B685B
:107780005B8D9BB2013B9AB27B685A85BDE07B68FA
:107790005B8D9BB2032B29D17B681B685A687B6881
:1077A0001B6822F480625A60FB68042B0AD0FB68D5
:1077B000022B07D07B681B681A687B681B6822F461
:1077C00080621A607B681B681A697B685B6AD2B248
:1077D0001A707B685B6A5A1C7B685A627B685B8D97
:1077E0009BB2013B9AB27B685A858EE07B685B8DC9
:1077F0009BB2022B76D1FB68012B02D0FB68102BC9
:1078000008D17B681B681A687B681B6822F4806259
:107810001A6019E0FB68042B02D0FB68022B08D128
:107820007B681B681A687B681B6842F480621A6078
:107830000AE0FB68102B07D07B681B681A687B681E
:107840001B6842F400721A607B681B681A697B68C7
:107850005B6AD2B21A707B685B6A5A1C7B685A6298
:107860007B685B8D9BB2013B9AB27B685A857B68D3
:107870001B681A697B685B6AD2B21A707B685B6AA4
:107880005A1C7B685A627B685B8D9BB2013B9AB243
:107890007B685A857B681B685A687B681B6822F482
:1078A00040725A607B68202283F83D207B6893F801
:1078B0003E30DBB2402B0AD17B68002283F83E20A9
:1078C0007B6800221A637868FFF7BAFC1DE07B68CA
:1078D000002283F83E207B6812221A637868FFF743
:1078E0006FFC12E07B681B681A697B685B6AD2B226
:1078F0001A707B685B6A5A1C7B685A627B685B8D76
:107900009BB2013B9AB27B685A8500BF1037BD46D7
:1079100080BD80B483B000AF78607B6893F83E3060
:10792000DBB2402B17D17B681B6D002B09D17B6824
:107930005B6CDBB21A467B681B6802F0FE021A61C0
:1079400067E07B685B6CDBB243F00103DAB27B6813
:107950001B681A615DE07B681B69B3F5804F33D10A
:107960007B6893F83D30DBB2212B09D17B685B6CDF
:10797000DBB21A467B681B6802F0FE021A6108E05F
:107980007B685B6CDBB243F00103DAB27B681B6897
:107990001A617B685B6B002B04D07B685B6BDB6BD5
:1079A000002B08D17B689B6B002B32D07B689B6BD4
:1079B000DB6B002B2DD07B681B685A687B681B68CB
:1079C00042F400625A6024E07B681B6D002B0ED1EC
:1079D0007B685B6C9BB2DB11DBB203F00603DBB2AE
:1079E00063F00F03DAB27B681B681A6111E07B68F1
:1079F0001B6D012B0DD17B685B6C9BB2DB11DBB285
:107A000003F00603DBB263F00E03DAB27B681B6897
:107A10001A6100BF0C37BD465DF8047B704780B427
:107A200083B000AF78607B685B6CDAB27B681B6800
:107A30001A617B685B6B002B04D07B685B6BDB6B34
:107A4000002B08D17B689B6B002B0CD07B689B6B59
:107A5000DB6B002B07D07B681B685A687B681B6850
:107A600042F400625A6000BF0C37BD465DF8047BEB
:107A7000704780B491B000AF78607B6893F83E3077
:107A800087F83F307B68DB6ABB637B681B6B7B637B
:107A90007B6893F83D30DBB2222B40F069817B6834
:107AA0001B6D002B0FD197F83F30402B0BD10023DB
:107AB0003B637B681B685B693B637B681B689B69F6
:107AC0003B633B6B60E17B681B6D002B1DD17B68CA
:107AD0001B69B3F5404F18D10023FB627B681B681C
:107AE0005B69FB627B681B689B69FB62FB6A7B6866
:107AF0001B681A687B681B6842F480721A607B6896
:107B00001B6D5A1C7B681A653EE17B685B8D9BB2DE
:107B1000002B13D10023BB627B681B685B69BB62CF
:107B20007B681B689B69BB62BB6A7B681B681A68C1
:107B30007B681B6842F400721A6015E17B685B8DFC
:107B40009BB2012B40F08A80BB6B13F5803F37D18D
:107B50007B681B681A687B681B6822F480621A6065
:107B60007B681B685B6803F40063B3F5006F13D197
:107B70007B681B681A687B681B6822F480621A6045
:107B800000237B627B681B685B697B627B681B6888
:107B90009B697B627B6AE7E000233B627B681B6832
:107BA0005B693B627B681B689B693B623B6A7B68E5
:107BB0001B681A687B681B6842F400721A60D3E085
:107BC000BB6B082B2ED0BB6B202B2BD07B6B122BCF
:107BD00002D1BB6B012B25D1BB6B042B0ED0BB6B31
:107BE000022B0BD0BB6B102B08D07B681B681A686C
:107BF0007B681B6822F480621A6007E07B681B6860
:107C00001A687B681B6842F480621A600023FB617B
:107C10007B681B685B69FB617B681B689B69FB6118
:107C2000FB69A1E07B681B681A687B681B6822F40B
:107C300080621A600023BB617B681B685B69BB6163
:107C40007B681B689B69BB61BB697B681B681A68A2
:107C50007B681B6842F400721A6085E07B685B8D6C
:107C60009BB2022B4DD1BB6B042B16D0BB6B022BEE
:107C700013D0BB6B102B10D07B681B681A687B6815
:107C80001B6822F480621A607B681B681A687B6834
:107C90001B6842F400621A6007E07B681B681A6880
:107CA0007B681B6842F480621A607B681B685B68B3
:107CB00003F40063B3F5006F17D1BB6B13F5803F7E
:107CC0000BD0BB6B012B08D0BB6B082B05D0BB6B5B
:107CD000102B02D0BB6B202B07D17B681B685A6826
:107CE0007B681B6842F480525A6000237B617B688A
:107CF0001B685B697B617B681B689B697B617B6937
:107D000032E07B681B681A687B681B6842F48062FB
:107D10001A607B681B685B6803F40063B3F5006F4F
:107D200017D1BB6B13F5803F0BD0BB6B012B08D079
:107D3000BB6B082B05D0BB6B102B02D0BB6B202B71
:107D400007D17B681B685A687B681B6842F48052C5
:107D50005A6000233B617B681B685B693B617B6801
:107D60001B689B693B613B697B6800221A650BE0DD
:107D70000023FB607B681B685B69FB607B681B689A
:107D80009B69FB60FB68FFE700BF4437BD465DF8B9
:107D9000047B704780B584B000AF78607B6893F84F
:107DA0003D30FB737B685B8D9BB2002B2BD07B68D7
:107DB0005B6A1A787B681B681A617B685B6A5A1C6D
:107DC0007B685A627B685B8D9BB2013B9AB27B6891
:107DD0005A857B685B8D9BB2002B14D1FB7B292BD2
:107DE00011D17B681B685A687B681B6822F480622B
:107DF0005A607B6821221A637B68282283F83D2021
:107E00007868FFF7E7F900BF1037BD4680BD80B442
:107E100083B000AF78607B685B8D9BB2002B11D084
:107E20007B685B6A1A787B681B681A617B685B6A8F
:107E30005A1C7B685A627B685B8D9BB2013B9AB28D
:107E40007B685A8500BF0C37BD465DF8047B7047E0
:107E500080B584B000AF78607B6893F83D30FB73E9
:107E60007B685B8D9BB2002B2CD07B681B681A69EA
:107E70007B685B6AD2B21A707B685B6A5A1C7B684B
:107E80005A627B685B8D9BB2013B9AB27B685A85D4
:107E90007B685B8D9BB2002B14D1FB7B2A2B11D10D
:107EA0007B681B685A687B681B6822F480625A6092
:107EB0007B6822221A637B68282283F83D20786839
:107EC000FFF792F900BF1037BD4680BD80B483B084
:107ED00000AF78607B685B8D9BB2002B12D07B6813
:107EE0001B681A697B685B6AD2B21A707B685B6A2E
:107EF0005A1C7B685A627B685B8D9BB2013B9AB2CD
:107F00007B685A8500BF0C37BD465DF8047B70471F
:107F100080B584B000AF786039600023FB737B6864
:107F200093F83D30DBB203F02803282B25D17B6882
:107F30001B685A687B681B6822F480625A603B6841
:107F400003F00403002B01D10123FB733B6803F012
:107F50008003002B03D17B68DB68BB8102E07B6878
:107F60009B69BB817B68002283F83C20BA89FB7B3C
:107F700019467868FFF742F90EE00023BB607B6882
:107F80001B685B69BB607B681B689B69BB60BB68E7
:107F90007B68002283F83C2000BF1037BD4680BDBF
:107FA00080B584B000AF78607B6893F83D30FB7398
:107FB0007B681B685A687B681B6822F4E0625A6021
:107FC0000023BB607B681B685B69BB607B681B68C8
:107FD0001A687B681B6842F001021A60BB687B6804
:107FE0001B681A687B681B6822F480621A607B68D1
:107FF0001B685B6803F40063B3F5006F72D1FB7B11
:10800000222B02D0FB7B2A2B35D17B689B6B1B6814
:108010005B689AB27B685A857B685B8D9BB2002B4C
:1080200005D07B681B6C43F004027B681A647B6894
:108030001B685A687B681B6822F400625A607B6880
:108040009B6B1846FDF771FB0346012B49D07B68FB
:108050009B6B694A1A657B689B6B1846FDF743FB6F
:108060000346002B3DD07B689B6B1B6D7A68926B3F
:108070001046984735E07B685B6B1B685B689AB27B
:108080007B685A857B685B8D9BB2002B05D07B6833
:108090001B6C43F004027B681A647B681B685A6897
:1080A0007B681B6822F400625A607B685B6B184631
:1080B000FDF73BFB0346012B14D07B685B6B4E4AFC
:1080C0001A657B685B6B1846FDF70DFB0346002BBA
:1080D00008D07B685B6B1B6D7A68526B10469847C3
:1080E00000E000BF7B685B8D9BB2002B3ED07B68BD
:1080F0001B685B6903F00403042B12D17B681B68C7
:108100001A697B685B6AD2B21A707B685B6A5A1C18
:108110007B685A627B685B8D9BB2013B9AB27B683D
:108120005A857B681B685B6903F04003402B12D1C2
:108130007B681B681A697B685B6AD2B21A707B68BD
:108140005B6A5A1C7B685A627B685B8D9BB2013B01
:108150009AB27B685A857B685B8D9BB2002B05D0F9
:108160007B681B6C43F004027B681A647B681B6CA1
:10817000002B03D0786800F0B3F839E0FB7B2A2BA2
:1081800009D17B6800221A637B68282283F83D208E
:108190007868FFF729F87B6893F83D30DBB2282B2D
:1081A00011D17B68154ADA627B6800221A637B680A
:1081B000202283F83D207B68002283F83E207868E7
:1081C000FFF72AF814E07B681B6B222B02D0FB7BA5
:1081D000222B0DD17B6800221A637B68202283F852
:1081E0003D207B68002283F83E207868FEF7FCFF84
:1081F00000BF1037BD4680BD458901080000FFFF64
:1082000080B584B000AF78607B6893F83D30FB7335
:108210007B68DB6ABB60BB68082B02D0BB68202B85
:1082200029D1FB7B282B26D17B682C4ADA627B681C
:108230001B685A687B681B6822F4E0625A607B689E
:108240001B686FF480625A617B681B681A687B68E0
:108250001B6822F480621A607B6800221A637B68C4
:10826000202283F83D207B68002283F83E20786836
:10827000FEF7D2FF2EE0FB7B212B26D17B68174A2D
:10828000DA627B6821221A637B68202283F83D2012
:108290007B68002283F83E207B681B685A687B68F5
:1082A0001B6822F4E0625A607B681B686FF480628E
:1082B0005A617B681B681A687B681B6822F48062BD
:1082C0001A607868FEF786FF04E07B681B686FF42D
:1082D00080625A6100BF1037BD4680BD0000FFFFBD
:1082E00080B584B000AF78607B6893F83D30FB7355
:1082F0007B6893F83E30BB73BB7B102B02D0BB7BFB
:10830000402B0AD1FB7B222B07D17B681B681A68A4
:108310007B681B6822F400621A60FB7B03F0280371
:10832000282B07D17B6800221A637B68282283F8F8
:108330003D2015E07B681B685B6803F40063B3F5C0
:10834000006F0AD0FB7B602B07D07B68202283F86C
:108350003D207B68002283F83E207B6800221A6360
:108360007B681B685B6803F40063B3F5006F62D140
:108370007B681B685A687B681B6822F400625A603D
:108380007B685B6B93F83530DBB2012B20D07B68C8
:108390005B6B6A4A1A657B685B6B1846FDF7A3F94D
:1083A0000346002B00F089807B681B681A687B6895
:1083B0001B6822F001021A607B68202283F83D20AE
:1083C0007B685B6B1B6D7A68526B1046984774E054
:1083D0007B689B6B594A1A657B689B6B1846FDF757
:1083E00082F90346002B68D07B681B685B6903F049
:1083F0004003402B0BD17B681B681A697B685B6A62
:10840000D2B21A707B685B6A5A1C7B685A627B68BE
:108410001B681A687B681B6822F001021A607B687F
:10842000202283F83D207B689B6B1B6D7A68926BE2
:108430001046984741E07B6893F83D30DBB2602BF3
:1084400025D17B68202283F83D207B6800221A64B6
:108450007B681B685B6903F04003402B0BD17B6892
:108460001B681A697B685B6AD2B21A707B685B6AA8
:108470005A1C7B685A627B681B681A687B681B6899
:1084800022F001021A607868FEF7EEFE15E07B68C4
:108490001B685B6903F04003402B0BD17B681B68B2
:1084A0001A697B685B6AD2B21A707B685B6A5A1C75
:1084B0007B685A627868FEF7CDFE7B681B6CBB60F8
:1084C000BB6803F00103002B0ED1BB6803F002036D
:1084D000002B09D1BB6803F00403002B04D1BB6857
:1084E00003F00803002B07D07B681B685A687B6881
:1084F0001B6822F4E0625A607B6893F83D30FB739E
:108500007B681B6C03F00403042B13D1FB7B282B2B
:1085100010D17B680A4ADA627B6800221A637B68A2
:10852000202283F83D207B68002283F83E20786873
:10853000FEF772FE00BF1037BD4680BD45890108B9
:108540000000FFFF80B588B002AFF8607A603B6042
:108550000B467B81FB68DB6A7B617B69082B06D05D
:108560007B69012B03D07B6913F5803F08D1FB6841
:108570001B681A68FB681B6842F480721A600BE083
:10858000FB681B6B122B07D1FB681B681A68FB6822
:108590001B6842F480721A603B6800937B6800227B
:1085A0004FF00111F86800F075FA0346002B0DD06A
:1085B000FB681B681B6803F48073B3F5807F03D1ED
:1085C000FB684FF400721A64032335E0FB681B69F3
:1085D000B3F5804F08D17B89DBB21A46FB681B6874
:1085E00002F0FE021A611BE07B89DB11DBB203F0B3
:1085F0000603DBB263F00F03DAB2FB681B681A6193
:108600003B687A680E49F86800F09BFA0346002B35
:1086100001D0012310E07B89DAB2FB681B681A6184
:108620003B687A680749F86800F08BFA0346002B2C
:1086300001D0012300E0002318461837BD4680BD55
:10864000080001000200010080B588B002AFF860A8
:10865000084611461A4603467B810B463B8113466A
:10866000FB80FB681B681A68FB681B6842F4807219
:108670001A607B6A00933B6A00224FF00111F86890
:1086800000F008FA0346002B0DD0FB681B681B683E
:1086900003F48073B3F5807F03D1FB684FF400725D
:1086A0001A6403235FE07B89DBB21A46FB681B6810
:1086B00002F0FE021A617B6A3A6A2D49F86800F0FE
:1086C00040FA0346002B01D001234CE000237B61DC
:1086D000FB681B685B697B61FB681B689B697B614E
:1086E0007B697A6A396AF86800F0AAFA0346002BB7
:1086F0000DD0FB681B6C042B07D1FB681B681A6844
:10870000FB681B6842F400721A6001232BE0FB88AF
:10871000012B05D13B89DAB2FB681B681A6121E0A5
:108720003B891B0A9BB2DAB2FB681B681A617A6A42
:10873000396AF86800F084FA0346002B0DD0FB6814
:108740001B6C042B07D1FB681B681A68FB681B684D
:1087500042F400721A60012305E03B89DAB2FB683B
:108760001B681A61002318461837BD4680BD00BF3C
:108770000200010080B588B002AFF86008461146DB
:108780001A4603467B810B463B811346FB80FB6800
:108790001B681A68FB681B6842F480621A60FB68F9
:1087A0001B681A68FB681B6842F480721A607B6A57
:1087B00000933B6A00224FF00111F86800F06AF95B
:1087C0000346002B0DD0FB681B681B6803F4807305
:1087D000B3F5807F03D1FB684FF400721A64032362
:1087E000AAE07B89DBB21A46FB681B6802F0FE0236
:1087F0001A617B6A3A6A5249F86800F0A2F90346A6
:10880000002B01D0012397E000237B61FB681B68EC
:108810005B697B61FB681B689B697B617B697A6A2A
:10882000396AF86800F00CFA0346002B0DD0FB689B
:108830001B6C042B07D1FB681B681A68FB681B685C
:1088400042F400721A60012376E0FB88012B05D107
:108850003B89DAB2FB681B681A6121E03B891B0A7D
:108860009BB2DAB2FB681B681A617A6A396AF868E7
:1088700000F0E6F90346002B0DD0FB681B6C042BBF
:1088800007D1FB681B681A68FB681B6842F400721A
:108890001A60012350E03B89DAB2FB681B681A6159
:1088A0007A6A396AF86800F0CBF90346002B0DD0DC
:1088B000FB681B6C042B07D1FB681B681A68FB68FC
:1088C0001B6842F400721A60012335E0FB681B68E4
:1088D0001A68FB681B6842F480721A607B6A009316
:1088E0003B6A00224FF00111F86800F0D3F803460C
:1088F000002B0DD0FB681B681B6803F48073B3F575
:10890000807F03D1FB684FF400721A64032313E0E5
:108910007B89DBB243F00103DAB2FB681B681A61A2
:108920007B6A3A6A0649F86800F00BF90346002BA7
:1089300001D0012300E0002318461837BD4680BD52
:108940000200010080B586B000AF78600023FB60B4
:108950007B689B6B7B617B6993F83D30FB744B4B71
:108960001B68DB084A4AA2FB03231A0A13469B0032
:108970001344DA00D31AFB60FB68002B06D17B6935
:108980001B6C43F020027B691A640AE0FB68013B20
:10899000FB607B691B681B6803F40073B3F5007F01
:1089A000EAD07B695B6B002B03D07B695B6B002299
:1089B000DA637B699B6B002B03D07B699B6B002286
:1089C000DA637B691B681A687B691B6822F4806222
:1089D0001A607B6900225A857B695B6B002B03D090
:1089E0007B695B6B00221A657B699B6B002B03D054
:1089F0007B699B6B00221A657B691B681A687B691F
:108A00001B6822F001021A607B6993F83D30DBB2EB
:108A1000602B0ED17B69202283F83D207B690022E8
:108A200083F83E207B6900221A647869FEF71CFCFB
:108A300027E0FB7C03F02803282B17D17B691B68F8
:108A40001A687B691B6842F001021A607B691B6827
:108A50001A687B691B6842F480621A607B69002295
:108A60001A637B69282283F83D2007E07B69202276
:108A700083F83D207B69002283F83E207869FEF769
:108A8000E9FB00BF1837BD4680BD00BFBCD2002047
:108A900089B5F81480B584B000AFF860B9603B6068
:108AA0001346FB7125E03B68B3F1FF3F21D0FCF793
:108AB000D9FC0246BB69D31A3A689A4202D33B6892
:108AC000002B16D1FB6800221A63FB68202283F872
:108AD0003D20FB68002283F83E20FB681B6C43F0BE
:108AE0002002FB681A64FB68002283F83C20012303
:108AF00023E0BB681B0CDBB2012B0DD1FB681B68AC
:108B00005B69DA43BB6813409BB2002B0CBF0123A7
:108B10000023DBB21A460CE0FB681B689B69DA4352
:108B2000BB6813409BB2002B0CBF01230023DBB2B8
:108B30001A46FB799A42B6D0002318461037BD4634
:108B400080BD80B584B000AFF860B9607A603B60EA
:108B500051E0FB681B685B6903F48063B3F5806FC9
:108B600023D1FB681B681A68FB681B6842F400721B
:108B70001A60FB681B686FF480625A61FB68002210
:108B80001A63FB68202283F83D20FB68002283F8EB
:108B90003E20FB681B6C43F00402FB681A64FB6810
:108BA000002283F83C20012346E07B68B3F1FF3FBD
:108BB00021D0FCF757FC02463B68D31A7A689A42E8
:108BC00002D37B68002B16D1FB6800221A63FB6876
:108BD000202283F83D20FB68002283F83E20FB68BA
:108BE0001B6C43F02002FB681A64FB68002283F8C8
:108BF0003C20012320E0BB681B0CDBB2012B0CD115
:108C0000FB681B685B69DA43BB6813409BB2002BAF
:108C100014BF01230023DBB20BE0FB681B689B69D8
:108C2000DA43BB6813409BB2002B14BF012300231F
:108C3000DBB2002B8DD1002318461037BD4680BD16
:108C400080B584B000AFF860B9607A602DE0F86854
:108C500000F000F90346002B01D001232DE0BB6892
:108C6000B3F1FF3F21D0FCF7FDFB02467B68D31A2E
:108C7000BA689A4202D3BB68002B16D1FB68002267
:108C80001A63FB68202283F83D20FB68002283F8EA
:108C90003E20FB681B6C43F02002FB681A64FB68F3
:108CA000002283F83C20012307E0FB681B685B6916
:108CB00003F08003802BCAD1002318461037BD462D
:108CC00080BD80B584B000AFF860B9607A602DE0F7
:108CD000F86800F0BFF80346002B01D001232DE017
:108CE000BB68B3F1FF3F21D0FCF7BCFB02467B68B9
:108CF000D31ABA689A4202D3BB68002B16D1FB681C
:108D000000221A63FB68202283F83D20FB680022C2
:108D100083F83E20FB681B6C43F02002FB681A645A
:108D2000FB68002283F83C20012307E0FB681B68F6
:108D30005B6903F00403042BCAD1002318461037E3
:108D4000BD4680BD80B485B000AF78600023FB6075
:108D5000134B1B68DB08134AA2FB03231A0A1346B2
:108D60009B001344FB60FB68013BFB60FB68002B2E
:108D700007D17B681B6C43F020027B681A640123D7
:108D800008E07B681B681B6803F40073B3F5007F81
:108D9000E9D0002318461437BD465DF8047B7047C0
:108DA000BCD2002089B5F81480B584B000AFF8605B
:108DB000B9607A6042E0FB681B685B6903F01003EE
:108DC000102B19D1FB681B686FF010025A61FB6809
:108DD00000221A63FB68202283F83D20FB680022F2
:108DE00083F83E20FB681A6CFB681A64FB6800225B
:108DF00083F83C20012329E0FCF734FB02467B6822
:108E0000D31ABA689A4202D3BB68002B16D1FB680A
:108E100000221A63FB68202283F83D20FB680022B1
:108E200083F83E20FB681B6C43F02002FB681A6449
:108E3000FB68002283F83C20012307E0FB681B68E5
:108E40005B6903F04003402BB5D10023184610376F
:108E5000BD4680BD80B483B000AF78607B681B687E
:108E60005B6903F48063B3F5806F1BD17B681B687B
:108E70006FF480625A617B6800221A637B6820224B
:108E800083F83D207B68002283F83E207B681B6CC2
:108E900043F004027B681A647B68002283F83C205C
:108EA000012300E0002318460C37BD465DF8047B23
:108EB000704780B483B000AF78607B68DB6AB3F53D
:108EC0002A0F03D17B680122DA6207E07B68DB6A44
:108ED000B3F12A4F02D17B680822DA6200BF0C3757
:108EE000BD465DF8047B704780B483B000AF786006
:108EF00039607B6893F83D30DBB2202B29D17B6849
:108F0000242283F83D207B681B681A687B681B68F5
:108F100022F001021A607B681B685A6A7B681B6832
:108F200022F010025A627B681B68596A7B681B68D2
:108F30003A680A435A627B681B681A687B681B6838
:108F400042F001021A607B68202283F83D20002352
:108F500000E0022318460C37BD465DF8047B7047DD
:108F6000F0B58FB00AAF78607B68002B01D1012388
:108F700016E17B681B68BB607B6893F8BD34DBB28D
:108F8000002B06D17B68002283F8BC247868FCF7AC
:108F9000FBF87B68032283F8BD24BB68DB6B03F41A
:108FA0008073002B02D17B6800221A617B681B68EA
:108FB000184601F0B6FF7B681B683B607E686D4613
:108FC00006F110040FCC0FC50FCC0FC594E80300B9
:108FD00085E80300331D0ECB386801F041FF0346DE
:108FE000002B05D07B68022283F8BD240123D7E043
:108FF0007B681B680021184601F0A4FF0023FB7367
:109000004AE0FA7B79681346DB0013449B000B446B
:109010003D3301221A70FA7B79681346DB00134452
:109020009B000B443C33FA7B1A70FA7BFB7B98B2B3
:1090300079681346DB0013449B000B44443302461B
:109040001A80FA7B79681346DB0013449B000B44BB
:10905000403300221A70FA7B79681346DB00134410
:109060009B000B44483300221A60FA7B7968134650
:10907000DB0013449B000B444C3300221A60FA7B44
:1090800079681346DB0013449B000B4454330022E1
:109090001A60FB7B0133FB73FA7B7B685B689A4247
:1090A000AFD30023FB7344E0FA7B79681346DB00FF
:1090B00013449B000B4403F27D2300221A70FA7BB9
:1090C00079681346DB0013449B000B4403F51F73C0
:1090D000FA7B1A70FA7B79681346DB0013449B0015
:1090E0000B4403F5207300221A70FA7B796813464B
:1090F000DB0013449B000B4403F5227300221A602B
:10910000FA7B79681346DB0013449B000B4403F59C
:10911000237300221A60FA7B79681346DB0013443C
:109120009B000B4403F5257300221A60FB7B01337F
:10913000FB73FA7B7B685B689A42B5D37B681B68DC
:109140003B607E686D4606F110040FCC0FC50FCC56
:109150000FC594E8030085E80300331D0ECB386883
:1091600001F03CFF0346002B05D07B68022283F808
:10917000BD24012314E07B68002283F838207B683B
:10918000012283F8BD247B685B6A012B02D17868D9
:1091900000F00AF87B681B68184602F0FAF8002312
:1091A00018461437BD46F0BD80B485B000AF786076
:1091B0007B681B68FB607B680122C3F800257B6825
:1091C000002283F8F424FB689B6943F00062FB688B
:1091D0009A61FB685B6D43F0805343F00303FA68C8
:1091E0005365002318461437BD465DF8047B70476D
:1091F00080B582B000AF00237B6000233B60204B32
:109200001B6C1F4A43F0805313641D4B1B6C03F00F
:1092100080533B603B681B4B01221A60FCF722F92C
:10922000786009E0FCF71EF902467B68D31AB3F5B3
:109230007A7F01D903231FE0134B5B6803F480336B
:10924000B3F5803FEED1114B01221A60FCF70AF909
:10925000786009E0FCF706F902467B68D31AB3F59B
:109260007A7F01D9032307E0074B5B6803F40033DF
:10927000B3F5003FEED1002318460837BD4680BD48
:109280000038024040000E420070004044000E4290
:1092900080B584B000AF786039607B68002B01D165
:1092A0000123CCE0684B1B6803F00F033A689A4235
:1092B0000CD9654B3A68D2B21A70634B1B6803F045
:1092C0000F033A689A4201D00123B8E07B681B681B
:1092D00003F00203002B20D07B681B6803F004031B
:1092E000002B05D0594B9B68584A43F4E0539360D8
:1092F0007B681B6803F00803002B05D0534B9B6869
:10930000524A43F460439360504B9B6823F0F00251
:109310007B689B684D4913438B607B681B6803F037
:109320000103002B44D07B685B68012B07D1474BBE
:109330001B6803F40033002B19D101237FE07B6805
:109340005B68022B03D07B685B68032B07D13F4B24
:109350001B6803F00073002B09D101236FE03B4B26
:109360001B6803F00203002B01D1012367E0374B98
:109370009B6823F003027B685B68344913438B606E
:10938000FCF770F8F8600AE0FCF76CF80246FB683E
:10939000D31A41F28832934201D903234FE02B4B79
:1093A0009B6803F00C027B685B689B009A42EBD1E0
:1093B000254B1B6803F00F033A689A420CD2224BEC
:1093C0003A68D2B21A70204B1B6803F00F033A6858
:1093D0009A4201D0012332E07B681B6803F004034A
:1093E000002B08D0194B9B6823F4E0527B68DB68A4
:1093F000164913438B607B681B6803F00803002B3E
:1094000009D0124B9B6823F460427B681B69DB0028
:109410000E4913438B6000F06BFB02460B4B9B68BD
:109420001B0903F00F030A49CB5C22FA03F3094A34
:109430001360094B1B681846FBF7D0FF0023184642
:109440001037BD4680BD00BF003C024000380240DE
:10945000C0A10408BCD20020D8D2002080B400AF44
:10946000034B1B681846BD465DF8047B704700BF80
:10947000BCD2002080B500AFFFF7F0FF0246054BDD
:109480009B689B0A03F007030349CB5C22FA03F3B2
:10949000184680BD00380240D0A1040880B58CB0C9
:1094A00000AF786000237B6200233B620023FB61F6
:1094B0000023BB6100237B6100233B610023FB6031
:1094C0000023FB620023BB627B681B6803F001037F
:1094D000002B10D06F4BD3F88C3023F0C0627B6828
:1094E0009B6B6C491343C1F88C307B689B6B002BE2
:1094F00001D10123FB627B681B6803F00203002B90
:1095000010D0644BD3F88C3023F0C0527B68DB6BF7
:1095100060491343C1F88C307B68DB6B002B01D1B1
:109520000123FB627B681B6803F00403002B17D048
:10953000584BD3F88C3023F440127B681B6B554991
:109540001343C1F88C307B681B6BB3F5801F01D1CE
:109550000123FB627B681B6B002B01D10123BB62E3
:109560007B681B6803F00803002B17D0494BD3F826
:109570008C3023F440027B685B6B46491343C1F88F
:109580008C307B685B6BB3F5800F01D10123FB62EC
:109590007B685B6B002B01D10123BB627B681B687E
:1095A00003F02003002B00F08A800023BB60394BBE
:1095B0001B6C384A43F080531364364B1B6C03F02A
:1095C0008053BB60BB68344B1B68334A43F48073E1
:1095D0001360FBF747FF786208E0FBF743FF0246A2
:1095E0007B6AD31A022B01D9032378E22A4B1B682A
:1095F00003F48073002BF0D0264B1B6F03F44073F1
:109600003B623B6A002B2FD07B681B6C03F44073DA
:109610003A6A9A4228D01F4B1B6F23F440733B6277
:109620001E4B01221A601D4B00221A60194A3B6A28
:109630001367184B1B6F03F00103012B14D1FBF7C9
:1096400011FF78620AE0FBF70DFF02467B6AD31A2E
:1096500041F28832934201D9032340E20D4B1B6F44
:1096600003F00203002BEED07B681B6C03F4407305
:10967000B3F5407F14D1074B9B6823F4F8127B6845
:109680001B6C23F0704323F44073024913438B6037
:109690000CE000BF0038024000700040400E47421E
:1096A0004A4B9B68494A23F4F8139360474B1A6F5F
:1096B0007B681B6CC3F30B03444913430B677B6844
:1096C0001B6803F01003002B04D07B6893F858202C
:1096D0003F4B1A607B681B6803F08003002B0AD0A5
:1096E0003A4BD3F8943023F440027B68DB6C374963
:1096F0001343C1F894307B681B6803F04003002BD0
:109700000AD0324BD3F8943023F080627B689B6C94
:109710002E491343C1F894307B681B6803F48073AF
:10972000002B11D0294BD3F8943023F000627B68D2
:109730005B6D26491343C1F894307B685B6DB3F1D0
:10974000006F01D10123BB627B681B6803F40073C7
:10975000002B0AD01D4BD3F8943023F080527B6845
:109760005B6C1A491343C1F894307B681B6803F49F
:109770008063002B11D0154BD3F8943023F00052A6
:109780007B681B6D11491343C1F894307B681B6DD6
:10979000B3F1005F01D10123FB62FB6A012B05D00D
:1097A0007B681B68B3F5006F40F0FF80094B002217
:1097B0001A60FBF757FE78620EE0FBF753FE024695
:1097C0007B6AD31A022B07D9032388E100380240B1
:1097D000E0114742680047427E4B1B6803F000637C
:1097E000002BEAD17B681B6803F00103002B03D038
:1097F0007B689B6B002B09D07B681B6803F002031E
:10980000002B28D07B68DB6B002B24D1714BD3F865
:1098100084301B0C03F0030301335B00FB616D4BD1
:10982000D3F884301B0E03F00F03BB617B685A68CA
:109830007B689B689B011A43FB695B08013B1B0427
:109840001A43BB691B061A437B685B691B076149A6
:109850001343C1F884307B681B6803F00403002BBA
:1098600004D07B681B6BB3F5801F0AD07B681B6834
:1098700003F00803002B35D07B685B6BB3F5800FDA
:1098800030D1544BD3F884301B0C03F00303013365
:109890005B00FB614F4BD3F884301B0F03F00703D1
:1098A0007B617B685A687B689B689B011A43FB69F4
:1098B0005B08013B1B041A437B681B691B061A43A8
:1098C0007B691B0743491343C1F88430414BD3F8EC
:1098D0008C3023F01F027B689B6A013B3D49134398
:1098E000C1F88C307B681B6803F48063002B29D09F
:1098F0007B681B6DB3F1005F24D1364BD3F8843005
:109900001B0C03F0030301335B00BB61314BD3F845
:1099100084301B0F03F007037B617B685A687B6808
:109920009B689B011A437B68DB685B08013B1B0457
:109930001A43BB691B061A437B691B07254913435E
:10994000C1F884307B681B6803F40063002B16D0D9
:109950007B685A687B689B689B011A437B68DB685D
:109960005B08013B1B041A437B681B691B061A43F7
:109970007B685B691B0717491343C1F88430164B9A
:1099800001221A60FBF76EFD786208E0FBF76AFDC2
:1099900002467B6AD31A022B01D903239FE00D4BA9
:1099A0001B6803F00063002BF0D0BB6A012B40F072
:1099B00095800A4B00221A60FBF754FD78620FE095
:1099C000FBF750FD02467B6AD31A022B08D903230A
:1099D00085E000BF003802406800474270004742FF
:1099E000414B1B6803F00053B3F1005FE8D07B6884
:1099F0001B6803F00403002B03D07B681B6B002B58
:109A000009D07B681B6803F00803002B2BD07B6810
:109A10005B6B002B27D1344BD3F888301B0C03F041
:109A2000030301335B003B617B689A697B68DB69F8
:109A30009B011A433B695B08013B1B041A437B688B
:109A40005B6A1B0628491343C1F88830264BD3F8BC
:109A50008C3023F4F8527B68DB6A013B1B022249FD
:109A60001343C1F88C307B681B6803F48073002BB0
:109A70001DD07B685B6DB3F1006F18D11A4BD3F822
:109A800088301B0E03F00F03FB607B689A697B68CC
:109A9000DB699B011A437B681B6A5B08013B1B0463
:109AA0001A43FB681B0610491343C1F888300F4B5B
:109AB00001221A60FBF7D6FC786208E0FBF7D2FCC3
:109AC00002467B6AD31A022B01D9032307E0064B17
:109AD0001B6803F00053B3F1005FEFD10023184679
:109AE0003037BD4680BD00BF00380240700047429D
:109AF0002DE9B04FAEB000AF0023C7F8AC30002363
:109B0000C7F8B4300023C7F8A8300023C7F8A43042
:109B10000023C7F8B030CB4B9B6803F00C030C2B31
:109B200000F2068201A252F823F000BF619B0108F7
:109B3000319F0108319F0108319F0108699B01088D
:109B4000319F0108319F0108319F0108719B010875
:109B5000319F0108319F0108319F0108619D010873
:109B6000B94BC7F8B030E7E1B84BC7F8B030E3E124
:109B7000B44B5B6803F03F03C7F8AC30B14B5B6894
:109B800003F48003002B71D0AE4B5B689B0900226D
:109B9000C7F89830C7F89C20D7F89830C3F308036B
:109BA000C7F890300023C7F89430D7E924452246FF
:109BB0002B464FF000004FF00001590141EAD261FD
:109BC000500102460B462146511A3964294663EB7F
:109BD00001037B644FF000024FF00003D7E91089C6
:109BE00049468B01414643EA916341468A01414619
:109BF000511AB963494663EB0103FB634FF000025E
:109C00004FF00003D7E90E894946CB00414643EAAD
:109C100051734146CA0010461946034622469B1816
:109C20003B632B460A4642EB03037B634FF0000283
:109C30004FF00003D7E90C4529464B02214643EA81
:109C4000D15321464A0210461946D7F8AC300022BB
:109C5000C7F88830C7F88C20D7E92223E7F7D2F875
:109C600002460B461346C7F8B43067E0754B5B6895
:109C70009B090022C7F88030C7F88420D7F88030CD
:109C8000C3F30803BB670023FB67D7E91E452246E1
:109C90002B464FF000004FF00001590141EAD2611C
:109CA000500102460B462146511AB962294663EB20
:109CB0000103FB624FF000024FF00003D7E90A896D
:109CC00049468B01414643EA916341468A01414638
:109CD000B2EB010A494663EB010B4FF000024FF073
:109CE00000034FEACB0343EA5A734FEACA02924693
:109CF0009B4623461AEB03033B622B464BEB0303C5
:109D00007B624FF000024FF00003D7E90845294677
:109D10008B02214643EA915321468A021046194696
:109D2000D7F8AC3000223B677A67D7E91C23E7F706
:109D300069F802460B461346C7F8B430414B5B68DE
:109D40001B0C03F0030301335B00C7F8A830D7F8FE
:109D5000B420D7F8A830B2FBF3F3C7F8B030EBE08B
:109D6000384B5B6803F03F03C7F8AC30354B5B689A
:109D700003F48003002B6BD0324B5B689B090022FD
:109D8000BB66FA66BB6EC3F308033B6600237B66C3
:109D9000D7E9184522462B464FF000004FF000014E
:109DA000590141EAD261500102460B462146511A3F
:109DB000B961294663EB0103FB614FF000024FF0EC
:109DC0000003D7E906AB59468B01514643EA91633C
:109DD00051468A015146B2EB0108594663EB01092D
:109DE0004FF000024FF000034FEAC90343EA5873F3
:109DF0004FEAC80290469946234618EB03033B619D
:109E00002B4649EB03037B614FF000024FF0000348
:109E1000D7E9044529464B02214643EAD15321465E
:109E20004A0210461946D7F8AC300022BB65FA65E5
:109E3000D7E91623E6F7E6FF02460B461346C7F8B6
:109E4000B43065E0003802400024F40000127A00CB
:109E50003D4B5B689B09002218461146C0F308037E
:109E60003B6500237B65D7E9148942464B464FF09A
:109E700000004FF00001590141EAD2615001024651
:109E80000B464146511AB960494663EB0103FB603A
:109E90004FF000024FF00003D7E902AB59468B01A7
:109EA000514643EA916351468A015146541A594634
:109EB00063EB01054FF000024FF00003EB0043EAB3
:109EC0005473E20014461D464346E3183B604B467C
:109ED00045EB03037B604FF000024FF00003D7E92E
:109EE000004529468B02214643EA915321468A02C6
:109EF00010461946D7F8AC300022BB64FA64D7E9A3
:109F00001223E6F77FFF02460B461346C7F8B4302C
:109F10000D4B5B681B0F03F00703C7F8A430D7F89D
:109F2000B420D7F8A430B2FBF3F3C7F8B03003E0A5
:109F3000064BC7F8B03000BFD7F8B0301846B83776
:109F4000BD46BDE8B08F00BF003802400024F400D9
:109F500080B586B000AF78607B68002B01D101230B
:109F60008DE27B681B6803F00103002B00F0838007
:109F7000944B9B6803F00C03042B19D0914B9B6806
:109F800003F00C03082B06D18E4B5B6803F48003AF
:109F9000B3F5800F0CD08B4B9B6803F00C030C2B9C
:109FA00012D1884B5B6803F48003B3F5800F0BD1AB
:109FB000844B1B6803F40033002B5BD07B685B6829
:109FC000002B57D101235AE27B685B68B3F5803FD1
:109FD00006D17C4B1B687B4A43F4803313601DE041
:109FE0007B685B68B3F5A02F0CD1764B1B68754A74
:109FF00043F480231360734B1B68724A43F480332D
:10A0000013600BE06F4B1B686E4A23F480331360C0
:10A010006C4B1B686B4A23F4802313607B685B687E
:10A02000002B13D0FBF71EFA386108E0FBF71AFA91
:10A0300002463B69D31A642B01D903231FE2614B0B
:10A040001B6803F40033002BF0D014E0FBF70AFA8E
:10A05000386108E0FBF706FA02463B69D31A642B25
:10A0600001D903230BE2574B1B6803F40033002B89
:10A07000F0D100E000BF7B681B6803F00203002BF7
:10A080006FD0504B9B6803F00C03002B17D04D4B47
:10A090009B6803F00C03082B05D14A4B5B6803F463
:10A0A0008003002B0BD0474B9B6803F00C030C2B59
:10A0B0001CD1444B5B6803F48003002B16D1414B49
:10A0C0001B6803F00203002B05D07B68DB68012BC3
:10A0D00001D00123D3E13B4B1B6823F0F8027B68DE
:10A0E0001B69DB00374913430B603AE07B68DB6890
:10A0F000002B20D0344B01221A60FBF7B3F93861F2
:10A1000008E0FBF7AFF902463B69D31A022B01D9ED
:10A110000323B4E12B4B1B6803F00203002BF0D0A8
:10A12000284B1B6823F0F8027B681B69DB0025497C
:10A1300013430B6015E0244B00221A60FBF792F9E1
:10A14000386108E0FBF78EF902463B69D31A022B0F
:10A1500001D9032393E11B4B1B6803F00203002B7F
:10A16000F0D17B681B6803F00803002B36D07B68B6
:10A170005B69002B16D0154B01221A60FBF772F9B0
:10A18000386108E0FBF76EF902463B69D31A022BEF
:10A1900001D9032373E10B4B5B6F03F00203002B28
:10A1A000F0D01BE0094B00221A60FBF75BF9386125
:10A1B0000EE0FBF757F902463B69D31A022B07D989
:10A1C00003235CE10038024000004742800E474212
:10A1D0008A4B5B6F03F00203002BEAD17B681B689C
:10A1E00003F00403002B00F097800023FB75834BE2
:10A1F0001B6C03F08053002B0FD10023BB607F4BFF
:10A200001B6C7E4A43F0805313647C4B1B6C03F041
:10A210008053BB60BB680123FB75794B1B6803F45B
:10A220008073002B18D1764B1B68754A43F48073FA
:10A230001360FBF717F9386108E0FBF713F90246E2
:10A240003B69D31A022B01D9032318E16C4B1B681D
:10A2500003F48073002BF0D07B689B68012B06D140
:10A26000664B1B6F654A43F0010313671CE07B6874
:10A270009B68052B0CD1614B1B6F604A43F00403B4
:10A2800013675E4B1B6F5D4A43F0010313670BE0DE
:10A290005A4B1B6F594A23F001031367574B1B6F2F
:10A2A000564A23F0040313677B689B68002B15D084
:10A2B000FBF7D8F838610AE0FBF7D4F802463B69AF
:10A2C000D31A41F28832934201D90323D7E04B4B92
:10A2D0001B6F03F00203002BEED014E0FBF7C2F873
:10A2E00038610AE0FBF7BEF802463B69D31A41F237
:10A2F0008832934201D90323C1E0404B1B6F03F026
:10A300000203002BEED1FB7D012B05D13B4B1B6CD7
:10A310003A4A23F0805313647B689B69002B00F05A
:10A32000AD80364B9B6803F00C03082B60D07B6834
:10A330009B69022B45D1334B00221A60FBF792F840
:10A34000386108E0FBF78EF802463B69D31A022B0E
:10A3500001D9032393E0294B1B6803F00073002B02
:10A36000F0D17B68DA697B681B6A1A437B685B6A99
:10A370009B011A437B689B6A5B08013B1B041A43E1
:10A380007B68DB6A1B061A437B681B6B1B071B4938
:10A3900013434B601B4B01221A60FBF763F83861D3
:10A3A00008E0FBF75FF802463B69D31A022B01D99C
:10A3B000032364E0114B1B6803F00073002BF0D003
:10A3C0005CE0104B00221A60FBF74CF8386108E0A3
:10A3D000FBF748F802463B69D31A022B01D9032345
:10A3E0004DE0064B1B6803F00073002BF0D145E0F5
:10A3F0007B689B69012B07D1012340E000380240B4
:10A4000000700040600047421F4B5B68FB607B6848
:10A410009B69012B30D0FB6803F480027B68DB6909
:10A420009A4229D1FB6803F03F027B681B6A9A427B
:10A4300022D1FA6847F6C07313407A68526A9201D3
:10A44000934219D1FB6803F440327B689B6A5B0836
:10A45000013B1B049A420FD1FB6803F070627B68DA
:10A46000DB6A1B069A4207D1FB6803F0E0427B6877
:10A470001B6B1B079A4201D0012300E00023184602
:10A480001837BD4680BD00BF0038024080B582B09D
:10A4900000AF78607B68002B01D1012341E07B682D
:10A4A00093F83D30DBB2002B06D17B68002283F8A5
:10A4B0003C207868FAF7F8FD7B68022283F83D209B
:10A4C0007B681A687B6804331946104600F0FEFA70
:10A4D0007B68012283F846207B68012283F83E20B6
:10A4E0007B68012283F83F207B68012283F84020AB
:10A4F0007B68012283F841207B68012283F8422097
:10A500007B68012283F843207B68012283F8442082
:10A510007B68012283F845207B68012283F83D2077
:10A52000002318460837BD4680BD000080B485B0C2
:10A5300000AF78607B6893F83D30DBB2012B01D02F
:10A54000012346E07B68022283F83D207B681B687C
:10A55000234A934222D07B681B68B3F1804F1DD001
:10A560007B681B681F4A934218D07B681B681E4A91
:10A57000934213D07B681B681C4A93420ED07B68C1
:10A580001B681B4A934209D07B681B68194A934297
:10A5900004D07B681B68184A934211D17B681B6802
:10A5A0009B6803F00703FB60FB68062B10D07B68F9
:10A5B0001B681A687B681B6842F001021A6007E09A
:10A5C0007B681B681A687B681B6842F001021A608E
:10A5D000002318461437BD465DF8047B704700BF62
:10A5E000000001400004004000080040000C004052
:10A5F00000040140004001400018004080B485B0D4
:10A6000000AF78607B6893F83D30DBB2012B01D05E
:10A6100001234EE07B68022283F83D207B681B68A3
:10A62000DA687B681B6842F00102DA607B681B68AD
:10A63000234A934222D07B681B68B3F1804F1DD020
:10A640007B681B681F4A934218D07B681B681E4AB0
:10A65000934213D07B681B681C4A93420ED07B68E0
:10A660001B681B4A934209D07B681B68194A9342B6
:10A6700004D07B681B68184A934211D17B681B6821
:10A680009B6803F00703FB60FB68062B10D07B6818
:10A690001B681A687B681B6842F001021A6007E0B9
:10A6A0007B681B681A687B681B6842F001021A60AD
:10A6B000002318461437BD465DF8047B704700BF81
:10A6C000000001400004004000080040000C004071
:10A6D00000040140004001400018004080B582B0F5
:10A6E00000AF78607B681B681B6903F00203022BD4
:10A6F00022D17B681B68DB6803F00203022B1BD1AD
:10A700007B681B686FF002021A617B6801221A776E
:10A710007B681B689B6903F00303002B03D07868F8
:10A7200000F0B5F905E0786800F0A7F9786800F066
:10A73000B8F97B6800221A777B681B681B6903F0F5
:10A740000403042B22D17B681B68DB6803F004033D
:10A75000042B1BD17B681B686FF004021A617B68B5
:10A7600002221A777B681B689B6903F44073002BF5
:10A7700003D0786800F08BF905E0786800F07DF987
:10A78000786800F08EF97B6800221A777B681B6876
:10A790001B6903F00803082B22D17B681B68DB6868
:10A7A00003F00803082B1BD17B681B686FF00802BD
:10A7B0001A617B6804221A777B681B68DB6903F0E7
:10A7C0000303002B03D0786800F061F905E0786896
:10A7D00000F053F9786800F064F97B6800221A777A
:10A7E0007B681B681B6903F01003102B22D17B6868
:10A7F0001B68DB6803F01003102B1BD17B681B6800
:10A800006FF010021A617B6808221A777B681B6858
:10A81000DB6903F44073002B03D0786800F037F94C
:10A8200005E0786800F029F9786800F03AF97B686B
:10A8300000221A777B681B681B6903F00103012B58
:10A840000ED17B681B68DB6803F00103012B07D185
:10A850007B681B686FF001021A617868FAF718FAD2
:10A860007B681B681B6903F08003802B0ED17B681B
:10A870001B68DB6803F08003802B07D17B681B68B3
:10A880006FF080021A61786800F0E0FA7B681B685C
:10A890001B6903F04003402B0ED17B681B68DB680B
:10A8A00003F04003402B07D17B681B686FF0400228
:10A8B0001A61786800F0FFF87B681B681B6903F079
:10A8C0002003202B0ED17B681B68DB6803F020037C
:10A8D000202B07D17B681B686FF020021A61786813
:10A8E00000F0AAFA00BF0837BD4680BD80B584B02D
:10A8F00000AF786039600023FB737B6893F83C30CD
:10A90000012B01D10223B4E07B68012283F83C20B3
:10A910007B68022283F83D207B681B689B68BB60D4
:10A92000BB6823F07703BB60BB6823F47F43BB6045
:10A930007B681B68BA689A603B681B68B3F5005F68
:10A940003ED0B3F5005F00F28780B3F5805F00F082
:10A950008680B3F5805F7FD8702B1AD0702B7BD8A0
:10A96000602B50D0602B77D8502B3CD0502B73D815
:10A97000402B58D0402B6FD8302B64D0302B6BD865
:10A98000202B60D0202B67D8002B5CD0102B5AD006
:10A9900062E07B6818683B6899683B685A683B6866
:10A9A000DB6800F0ADF97B681B689B68BB60BB6827
:10A9B00043F07703BB607B681B68BA689A604FE01E
:10A9C0007B6818683B6899683B685A683B68DB6835
:10A9D00000F096F97B681B689A687B681B6842F4F4
:10A9E00080429A603CE07B6818683B6859683B6825
:10A9F000DB681A4600F00AF97B681B68502118468C
:10AA000000F063F92CE07B6818683B6859683B6884
:10AA1000DB681A4600F029F97B681B68602118463C
:10AA200000F053F91CE07B6818683B6859683B6884
:10AA3000DB681A4600F0EAF87B681B68402118467C
:10AA400000F043F90CE07B681A683B681B68194604
:10AA5000104600F03AF903E00123FB7300E000BF69
:10AA60007B68012283F83D207B68002283F83C202C
:10AA7000FB7B18461037BD4680BD80B483B000AF65
:10AA8000786000BF0C37BD465DF8047B704780B42A
:10AA900083B000AF786000BF0C37BD465DF8047B23
:10AAA000704780B483B000AF786000BF0C37BD46FC
:10AAB0005DF8047B704780B483B000AF786000BF5E
:10AAC0000C37BD465DF8047B7047000080B485B04C
:10AAD00000AF786039607B681B68FB607B68404A28
:10AAE000934213D07B68B3F1804F0FD07B683D4A0F
:10AAF00093420BD07B683C4A934207D07B683B4A29
:10AB0000934203D07B683A4A934208D1FB6823F012
:10AB10007003FB603B685B68FA681343FB607B680B
:10AB20002F4A93422BD07B68B3F1804F27D07B68AC
:10AB30002C4A934223D07B682B4A93421FD07B68D8
:10AB40002A4A93421BD07B68294A934217D07B68DC
:10AB5000284A934213D07B68274A93420FD07B68E0
:10AB6000264A93420BD07B68254A934207D07B68E4
:10AB7000244A934203D07B68234A934208D1FB685E
:10AB800023F44073FB603B68DB68FA681343FB60A7
:10AB9000FB6823F080023B685B691343FB607B68C2
:10ABA000FA681A603B689A687B68DA623B681A68E0
:10ABB0007B689A627B680A4A934203D07B680C4A9E
:10ABC000934203D13B681A697B681A637B68012250
:10ABD0005A6100BF1437BD465DF8047B704700BF63
:10ABE000000001400004004000080040000C00404C
:10ABF0000004014000400140004401400048014081
:10AC000000180040001C00400020004080B487B0C5
:10AC100000AFF860B9607A60FB681B6A7B61FB6813
:10AC20001B6A23F00102FB681A62FB689B693B61A7
:10AC30003B6923F0F0033B617B681B013A691343D6
:10AC40003B617B6923F00A037B617A69BB6813432C
:10AC50007B61FB683A699A61FB687A691A6200BF96
:10AC60001C37BD465DF8047B704780B487B000AFE9
:10AC7000F860B9607A60FB681B6A23F01002FB6819
:10AC80001A62FB689B697B61FB681B6A3B617B699D
:10AC900023F470437B617B681B037A6913437B61F8
:10ACA0003B6923F0A0033B61BB681B013A69134376
:10ACB0003B61FB687A699A61FB683A691A6200BF76
:10ACC0001C37BD465DF8047B704780B485B000AF8B
:10ACD000786039607B689B68FB60FB6823F07003D9
:10ACE000FB603A68FB68134343F00703FB607B6833
:10ACF000FA689A6000BF1437BD465DF8047B704760
:10AD000080B487B000AFF860B9607A603B60FB68E0
:10AD10009B687B617B6923F47F437B613B681A02FC
:10AD20007B681A43BB6813437A6913437B61FB68F2
:10AD30007A699A6000BF1C37BD465DF8047B704796
:10AD400080B485B000AF786039607B6893F83C30A0
:10AD5000012B01D102235AE07B68012283F83C20B9
:10AD60007B68022283F83D207B681B685B68FB6080
:10AD70007B681B689B68BB60FB6823F07003FB600B
:10AD80003B681B68FA681343FB607B681B68FA68C2
:10AD90005A607B681B68214A934222D07B681B68FB
:10ADA000B3F1804F1DD07B681B681D4A934218D0B9
:10ADB0007B681B681B4A934213D07B681B681A4A46
:10ADC00093420ED07B681B68184A934209D07B6877
:10ADD0001B68174A934204D07B681B68154A93424C
:10ADE0000CD1BB6823F08003BB603B685B68BA682A
:10ADF0001343BB607B681B68BA689A607B6801225A
:10AE000083F83D207B68002283F83C20002318460D
:10AE10001437BD465DF8047B704700BF0000014059
:10AE20000004004000080040000C00400004014005
:10AE3000004001400018004080B483B000AF78604B
:10AE400000BF0C37BD465DF8047B704780B483B00B
:10AE500000AF786000BF0C37BD465DF8047B7047DB
:10AE600084B080B584B000AF786007F11C0080E842
:10AE70000E003B6B012B22D17B689B6B23F480324D
:10AE80007B689A637B68DB6823F4840323F04003C8
:10AE90007A68D3607B68DB6823F440127B68DA60F1
:10AEA000FB6C012B05D17B68DB6843F480127B6867
:10AEB000DA60786800F09CFA0346FB731AE07B685E
:10AEC000DB6843F040027B68DA60786800F090FA53
:10AED0000346FB733B6C002B06D17B689B6B43F4F2
:10AEE00080327B689A6305E07B689B6B23F4803239
:10AEF0007B689A63BB6A012B0BD17B689B6843F02C
:10AF000006027B689A607B689B6843F020027B683E
:10AF10009A60FB7B18461037BD46BDE8804004B000
:10AF2000704780B483B000AF78607B689B6823F083
:10AF300001027B689A60002318460C37BD465DF815
:10AF4000047B704780B584B000AF78600B46FB701F
:10AF50000023FB607B68DB6823F0C0427B68DA601B
:10AF6000FB78012B15D17B68DB6843F000527B68CE
:10AF7000DA600120FAF782FAFB680133FB60786837
:10AF800000F028FA0346012B1ED0FB68312BF0D9C4
:10AF90001AE0FB78002B15D17B68DB6843F0804218
:10AFA0007B68DA600120FAF769FAFB680133FB601D
:10AFB000786800F00FFA0346002B05D0FB68312BB0
:10AFC000F0D901E0012305E0FB68322B01D1012318
:10AFD00000E0002318461037BD4680BD84B080B520
:10AFE00086B000AF786007F1240080E80E000023EF
:10AFF000FB757B68FB6000233B6109E07A683B6975
:10B0000040339B00134400225A603B6901333B618B
:10B010003B690E2BF2D9FB6C002B1CD1FB6803F5AE
:10B0200000635B68FA6802F5006243F00203536054
:10B030007B689B6B23F400127B689A637B681B68B8
:10B0400043F040027B681A607B681B6843F0800213
:10B050007B681A6005E07B689B6B43F400127B6899
:10B060009A63FB6803F560631A4600231360FB686C
:10B0700003F500631946FB6803F500631A460B6885
:10B080001360BB6B012B0CD1FB6A002B04D1002198
:10B09000786800F065F908E00121786800F060F94F
:10B0A00003E00321786800F05BF91021786800F074
:10B0B000F3F80346002B01D00123FB75786800F0FC
:10B0C0001FF90346002B01D00123FB75FB6803F534
:10B0D00000631A4600231361FB6803F500631A46F8
:10B0E00000235361FB6803F500631A460023D36114
:10B0F00000233B6143E03B695A01FB68134403F5BD
:10B1000010631B6803F00043B3F1004F18D13B6993
:10B11000002B0AD13B695A01FB68134403F5106305
:10B120001A464FF00063136013E03B695A01FB6855
:10B13000134403F510631A464FF09043136008E080
:10B140003B695A01FB68134403F510631A46002358
:10B1500013603B695A01FB68134403F510631A46F8
:10B16000002313613B695A01FB68134403F5106324
:10B170001A464FF67F3393603B6901333B617B6A2C
:10B180003A699A42B7D300233B6143E03B695A01D5
:10B19000FB68134403F530631B6803F00043B3F10D
:10B1A000004F18D13B69002B0AD13B695A01FB685B
:10B1B000134403F530631A464FF00063136013E045
:10B1C0003B695A01FB68134403F530631A464FF09C
:10B1D0009043136008E03B695A01FB68134403F590
:10B1E00030631A46002313603B695A01FB6813441D
:10B1F00003F530631A46002313613B695A01FB686B
:10B20000134403F530631A464FF67F3393603B696E
:10B2100001333B617B6A3A699A42B7D3FB6803F515
:10B2200000631B69FA6802F5006223F480731361FE
:10B230007B6800229A617B686FF080425A613B6BA9
:10B24000002B05D17B689B6943F010027B689A61F3
:10B250007B689A690F4B13437A689361FB6B002BF1
:10B2600005D07B689B6943F008027B689A61FB6CA0
:10B27000012B07D17B689B6943F0804343F00403B3
:10B280007A689361FB7D18461837BD46BDE880405B
:10B2900004B0704700383C8080B485B000AF78605F
:10B2A00039600023FB60FB680133FB60FB68134AD5
:10B2B000934201D903231BE07B681B69002BF2DA60
:10B2C0000023FB603B689B0143F020027B681A610E
:10B2D000FB680133FB60FB68084A934201D90323F2
:10B2E00006E07B681B6903F02003202BF0D00023CD
:10B2F00018461437BD465DF8047B7047400D0300C7
:10B3000080B485B000AF78600023FB60FB68013338
:10B31000FB60FB68114A934201D9032318E07B6864
:10B320001B69002BF2DA0023FB607B6810221A6194
:10B33000FB680133FB60FB68084A934201D9032391
:10B3400006E07B681B6903F01003102BF0D000238C
:10B3500018461437BD465DF8047B7047400D030066
:10B3600080B485B000AF78600B46FB707B68FB60F3
:10B37000FB6803F500631A68FB78F96801F5006162
:10B3800013430B60002318461437BD465DF8047B59
:10B39000704780B485B000AF78607B68FB60FB6865
:10B3A00003F560631B68FA6802F5606223F003032B
:10B3B0001360FB6803F500635B68FA6802F50062DE
:10B3C00043F002035360002318461437BD465DF86E
:10B3D000047B704780B483B000AF78607B685B69A2
:10B3E00003F0010318460C37BD465DF8047B704737
:10B3F00080B485B000AF78600023FB60FB68013348
:10B40000FB60FB68134A934201D903231BE07B686E
:10B410001B69002BF2DA0023FB607B681B6943F099
:10B4200001027B681A61FB680133FB60FB68094A13
:10B43000934201D9032306E07B681B6903F00103F3
:10B44000012BF0D0002318461437BD465DF8047B6D
:10B45000704700BF400D030080B483B000AF0346C7
:10B46000FB7197F90730002B02D097F9073000E005
:10B47000002318460C37BD465DF8047B704790B535
:10B4800089B002AFF860B9607A603B6000233B612D
:10B490000023FB754BE0FB681B7803F00603022BCF
:10B4A0000FD0FB681B7803F00603042B09D0FB6860
:10B4B0001B7803F00603062B03D07B689B68002BE8
:10B4C00029D07B6800221A607B681A697B685B68F8
:10B4D000D0187B68DA687B685B68D11A7B6803F1F7
:10B4E00008043B6807F110020093234601F04FFC6B
:10B4F00003461A46BB681A70BB6893F90030002BEC
:10B5000003D0BB6893F9003020E07B685A683B6940
:10B510001A447B685A603A687968002000F0DCFCC5
:10B5200003461A46BB681A70FB6800221A70FB6853
:10B530001B78002B03D17B689B68002B04D0BB6871
:10B5400093F90030002BA6D097F9173018461C3716
:10B55000BD4690BD90B58FB002AFF860B9607A601B
:10B56000002210217B48FAF76BFD0023BB627B6849
:10B57000002B02D0FB68002B02D14FF0FF33E4E038
:10B58000BB68002B02D16FF00503DEE0BA68002132
:10B59000F86807F001FD07F1100314220021184696
:10B5A00007F0FAFCFB683B62BB68FB617A6807F155
:10B5B0002E031146184601F02CFB034687F827306E
:10B5C00097F92730002B02D097F92730BDE00023F0
:10B5D0007B6197F82E3087F82F3007F1100207F1C2
:10B5E000270107F12F007B68FFF749FF034687F823
:10B5F000273097F92730002B02D097F92730A4E0A5
:10B6000000237B6197F82E3087F82F3047E097F8BA
:10B610002F3003F01803082B0ED097F82F3003F0CB
:10B620001803102B08D097F82F3003F01803182BAD
:10B6300002D0BB69002B20D000233B613A6A7B69B2
:10B64000D018FA697B69D11A7B6807F1100202F100
:10B65000080407F128020093234601F0AEFB0346DD
:10B6600087F8273097F92730002B02D097F9273039
:10B670006BE07A69BB6A13447B6101221021354873
:10B68000FAF7DEFC07F110037A681946012000F092
:10B6900023FC034687F82730002387F82F3097F8DC
:10B6A0002F30002B02D1BB69002B03D097F9273034
:10B6B000002BACD000237B6197F82E3087F82F3019
:10B6C00036E097F82F3003F04003002B02D1BB691E
:10B6D000002B20D000233B613A6A7B69D018FA69BD
:10B6E0007B69D11A7B6807F1100202F1080407F1A7
:10B6F00028020093234601F0C1FB034687F8273058
:10B7000097F92730002B02D097F927301DE07A698E
:10B71000BB6A13447B6107F110037A681946022063
:10B7200000F0DAFB034687F82730002387F82F3034
:10B7300097F82F30002B02D1BB69002B03D097F96B
:10B740002730002BBDD097F9273018463437BD4637
:10B7500090BD00BF0000024080B586B000AF034638
:10B7600087ED020A79603A60FB730023FB753B6842
:10B77000002B0AD03A68FB7B796897ED020A1846DD
:10B7800001F092FB0346FB7501E0FF23FB7597F97F
:10B79000173018461837BD4680BD80B584B000AF5D
:10B7A000786039600023FB733B68002B07D03B684F
:10B7B0001946786801F0D9F90346FB7301E0FF23CD
:10B7C000FB7397F90F3018461037BD4680BD80B522
:10B7D00084B000AF786039600023FB733B68002BB6
:10B7E00007D03B681946786801F0CFF90346FB7330
:10B7F00001E0FF23FB7397F90F3018461037BD4661
:10B8000080BD80B584B000AF786039600023FB73E1
:10B810003B68002B07D03B681946786801F0C5F9F2
:10B820000346FB7301E0FF23FB7397F90F301846C3
:10B830001037BD4680BD80B584B000AF78603960F8
:10B840000023FB733B68002B07D03B6819467868E0
:10B8500001F0CFF90346FB7301E0FF23FB7397F977
:10B860000F3018461037BD4680BD80B586B002AF98
:10B8700078600023BB600023FB737B68002B0FD034
:10B880007B6803F53A717B6807F108020093134661
:10B89000202240F21F1001F0E0F80346FB7301E0A4
:10B8A000FF23FB7397F90F3018461037BD4680BD54
:10B8B00080B588B002AFF860B9607A603B60002361
:10B8C000FB753B6A002B02D0FB68002B02D1FF23E3
:10B8D000FB7509E03B6A00933B687A68B968F868D1
:10B8E00001F0F0F90346FB7597F917301846183741
:10B8F000BD4680BD80B584B000AF78600023FB7387
:10B900007B68002B02D1FF23FB7305E07B681846A0
:10B9100001F022FA0346FB7397F90F3018461037EF
:10B92000BD4680BD80B584B000AF03463960FB7171
:10B930000023FB733B68002B02D1FF23FB7307E05E
:10B940003B68F91D0122052001F018F80346FB733E
:10B9500097F90F3018461037BD4680BD80B584B0CA
:10B9600000AF03463960FB710023FB733B68002B7B
:10B9700002D1FF23FB7307E03B68F91D012207207A
:10B9800000F0FCFF0346FB7397F90F3018461037A1
:10B99000BD4680BD80B584B000AF03463960FB7101
:10B9A0000023FB733B68002B02D1FF23FB7307E0EE
:10B9B0003B68F91D0122062000F0E0FF0346FB73FF
:10B9C00097F90F3018461037BD4680BD80B584B05A
:10B9D00000AF03463960FB710023FB733B68002B0B
:10B9E00002D1FF23FB7307E03B68F91D01221620FB
:10B9F00000F0C4FF0346FB7397F90F301846103769
:10BA0000BD4680BD80B584B000AF03463960FB7190
:10BA10000023FB733B68002B02D1FF23FB7307E07D
:10BA20003A68FB791146184601F071FA0346FB7338
:10BA300097F90F3018461037BD4680BD80B584B0E9
:10BA400000AF78600023FB737B68002B02D1FF23DB
:10BA5000FB7305E07B68184601F0EBF80346FB73C7
:10BA600097F90F3018461037BD4680BD80B588B0B5
:10BA700002AFF860B9607A603B600023FB75002379
:10BA8000BB823B68002B05D0FB68002B02D07B6893
:10BA9000002B02D1FF23FB750AE03B6807F114007D
:10BAA0000093BB68FA68796801F04BFA0346FB75AE
:10BAB00097F9173018461837BD4680BD80B58AB053
:10BAC00004AFB9607A603B600346FB730023FB75EB
:10BAD000BB6A002B14D04FF442720021B86A07F001
:10BAE0005BFABB6AF87B02937B6A01933B6A009323
:10BAF0003B687A68B96800F0CBFE0346FB7501E04D
:10BB0000FF23FB7597F9173018461837BD4680BDDF
:10BB100080B487B000AFB9607A603B600346FB73C6
:10BB20000023FB750023BB753B68002B02D0BB686C
:10BB3000002B02D1FF23FB7535E00023BB752AE003
:10BB4000BA7D39681346DB0013440B441C331B7861
:10BB5000002B1DD1BA7D39681346DB0013440B441A
:10BB60001C33FA7B1A70BA7D39681346DB00134424
:10BB70000B441833BA68C3F80520BA7D39681346F8
:10BB8000DB0013440B4418337A68C3F8092005E03E
:10BB9000BB7D0133BB75BB7D2F2BD1D9BB7D302B3A
:10BBA00001D1F623FB7597F9173018461C37BD46AF
:10BBB0005DF8047B7047000080B58AB000AF786004
:10BBC0007B68002B03D1FF2387F8273070E078686B
:10BBD000FFF74BFE034687F8273097F92730002BF5
:10BBE00066D17B68012283F8CC21012387F82630B7
:10BBF0003CE097F82630DB0887F8253097F82630A8
:10BC000003F00703012202FA03F387F8243097F8C0
:10BC100025307A68134493F8E82297F824301340CB
:10BC2000DBB2002B1DD07A6807F1080197F82630A7
:10BC3000184601F0F2F9034687F8273097F92730C4
:10BC4000002B0ED13B7F002B03D1F82387F8273040
:10BC500014E097F82630397F7A6813440A4683F84F
:10BC6000CC2197F82630013387F8263097F8263014
:10BC7000F42B03D897F92730002BBAD0FF2387F88D
:10BC8000263011E097F82630A3F1F50297F8263018
:10BC90000A49895C7A6813440A4683F8CC2197F8EC
:10BCA0002630013B87F8263097F82630F42BE9D868
:10BCB00097F9273018462837BD4680BD50A20408A2
:10BCC00080B485B000AF03463960FB71FB79DB08B7
:10BCD000BB73FB7903F00703012202FA03F37B73C2
:10BCE0000023FB733B68002B07D0BB7B3A681344EF
:10BCF00093F8E8227B7B1340FB73FB7B18461437D9
:10BD0000BD465DF8047B704780B487B000AF034642
:10BD1000B9607A60FB730023FB750023BB757B68F9
:10BD2000002B55D0BB68002B52D000237B7520E040
:10BD30007A7D79681346DB0013440B441C331B786F
:10BD4000FA7B9A4212D17A7DB86879681346DB0093
:10BD500013440B44183302460433186859681060C2
:10BD600051601B7A13727B7DBB7505E07B7D0133CF
:10BD70007B757B7D2F2BDBD9BB7D302B02D1F6234E
:10BD8000FB7528E0FB7BF42B11D9FB7B7A6813440D
:10BD900093F8CC31002B0AD1FB7BA3F1F502FB7B9E
:10BDA0001149895C7A6813440A4683F8CC21FB7BED
:10BDB000002B10D1FB7B7A68134493F8CC31002B15
:10BDC00009D1FB7B7A681344012283F8CC2102E07D
:10BDD000FF23FB7500E000BF97F9173018461C37AA
:10BDE000BD465DF8047B704750A2040880B485B05E
:10BDF00000AFF8600B467A60FB72FB681A68FB7A4A
:10BE00001A44FB685B689A4203D87B6800221A7068
:10BE100002E07B6801221A70002318461437BD46E1
:10BE20005DF8047B704780B487B000AF0346B9600B
:10BE30007A60FB730023FB75FB7B022B07D8FB7B2F
:10BE40005A33DB007A681A44BB681A6001E0F923B0
:10BE5000FB7597F9173018461C37BD465DF8047B13
:10BE6000704780B485B000AF78607B685B68002B5A
:10BE70002BD07B685A687B681B689A4202D26FF0AD
:10BE8000010323E07B685A687B681B68D21A7B68D1
:10BE90005A607B685B68002B17D00023FB730FE0B0
:10BEA0007B681A697B681968FB7B0B441A447B68C2
:10BEB0001969FB7B0B4412781A70FB7B0133FB730F
:10BEC000FA7B7B685B689A42EAD3002318461437F2
:10BED000BD465DF8047B70472DE9F04F97B000AF89
:10BEE0000346B9627A6287F82F30002387F857300B
:10BEF000002387F8563007F13402002313605360A3
:10BF00001372002387F833309EE1BB6A1B683B65E0
:10BF1000BB6A1A693B6D13441B7887F8573007F1E9
:10BF2000400197F82F307A6A1846FFF77CFF0346E6
:10BF300087F8563097F956301846FFF78DFA0346C2
:10BF400087F8563097F85730002B27D0002BC0F2D7
:10BF50001981FF2B00F31681F42BC0F21381F43BFF
:10BF60000B2B00F20F8101A252F823F093C00108BD
:10BF7000A9BF010813C00108CFC0010885C101088D
:10BF800085C1010885C10108A9BF010813C00108C6
:10BF9000CFC0010885C101089DBF0108BB6A1B68AD
:10BFA0005A1CBB6A1A604FE107F133031A4602219B
:10BFB000B86AFFF71BFF034687F8563097F95630EB
:10BFC0001846FFF749FA034687F8563097F833309A
:10BFD000002B00D038E13B6CD3E90001BB6A1A6941
:10BFE0003B6D013313441B78DBB200229A46934623
:10BFF0003B6C10EB0A02BA6141EB0B02FA61D7E924
:10C000000612C3E90012BB6A1B689A1CBB6A1A605D
:10C010001AE107F133031A460321B86AFFF7E6FE77
:10C02000034687F8563097F956301846FFF714FA4A
:10C03000034687F8563097F83330002B00D003E1E1
:10C040003B6CD3E90001BB6A1A693B6D01331344B1
:10C050001B781CB2BB6A1A693B6D023313441B7810
:10C060001B021BB223431BB29BB29BB200221D4694
:10C0700016463B6C42193A6141EB06027A61D7E9F8
:10C080000412C3E90012BB6A1B68DA1CBB6A1A609F
:10C09000DAE007F133031A461721B86AFFF7A6FE64
:10C0A000034687F8563097F956301846FFF7D4F90B
:10C0B000034687F8563097F83330002B00D0C3E0A2
:10C0C000BB6A1B6803F11702BB6A1A60BCE007F188
:10C0D00033031A460621B86AFFF788FE034687F83D
:10C0E000563097F956301846FFF7B6F9034687F8E9
:10C0F000563097F83330002B00D0A5E0BB6A1A69A0
:10C100003B6D013313441B781946BB6A1A693B6DBA
:10C11000023313441B781B021943BB6A1A693B6D37
:10C12000033313441B781B041943BB6A1A693B6D24
:10C13000043313441B781B060B4300229846914698
:10C14000BB6A1A693B6D053313441B78DBB20022CE
:10C15000BB60FA604FF000024FF00003B9680B00BB
:10C160000022396C48EA0200386049EA03037B6028
:10C17000D7E90034C1E90034BB6A1B689A1DBB6A69
:10C180001A6061E007F1340197F857307A6A18466F
:10C19000FFF7BAFD034687F8563097F95630184630
:10C1A000FFF75AF9034687F8563097F857207B6A0D
:10C1B000134493F8CC1107F133031A46B86AFFF71A
:10C1C00015FE034687F8563097F956301846FFF7A4
:10C1D00043F9034687F8563097F83330002B00D0E8
:10C1E00032E0D7F83530002B22D0BB6A1A693B6D9C
:10C1F00001331344C7F8473097F82F3087F845309C
:10C200003B6CC7F84B3097F8573087F8443097F8B5
:10C2100057207B6A134493F8CC3187F84630D7F81F
:10C220003540D7F8392007F1440311461846A04796
:10C23000BB6A196897F857207B6A134493F8CC318E
:10C24000CA18BB6A1A6000BFBB6A1A68BB6A5B681F
:10C250009A4204D297F83330002B3FF456AEB86AB6
:10C26000FFF7FFFD034687F8563097F9563018461A
:10C270005C37BD46BDE8F08F80B586B000AF0346A1
:10C28000B9607A60FB730023FB757B68002B02D0DA
:10C29000BB68002B02D1FF23FB7507E07B68F87BAE
:10C2A0000122B96800F032FB0346FB7597F917309D
:10C2B00018461837BD4680BD80B485B000AFF86021
:10C2C000B9607A603B60FB691A68BB691B681A44F5
:10C2D0003B681A603B6A1B68002B07D0FB691A6831
:10C2E0003B6A1B681A447B681A6003E03B681A6863
:10C2F0007B681A607B681B6803F00303002B06D081
:10C300007B681B689B0801339A007B681A60FB6896
:10C310001B88DAB2BB681A70FB681B881B0A9AB2CA
:10C32000BB680133D2B21A70FB681B88022B0FD195
:10C330007B681B689A08BB680233D2B21A707B68AC
:10C340001B689B081A0ABB680333D2B21A700CE050
:10C350007B681A68BB680233D2B21A707B681B68AC
:10C360001A0ABB680333D2B21A7000BF1437BD4635
:10C370005DF8047B704790B5D3B004AF044607F571
:10C380009C70A0F59870016007F59C71A1F59A71F9
:10C390000A6007F59C72A2F59C72136007F59C7306
:10C3A000A3F5957322461A80002387F83731D7F812
:10C3B0005031002B00F0548107F59C73A3F59A735C
:10C3C0001B68002B07D007F59C73A3F598731B68B7
:10C3D000002B00F04581D7F84831002B07D007F536
:10C3E0009C73A3F59C731B68002B00F03981D7F870
:10C3F00050319B69002B00F02D8107F58C7407F5F7
:10C400008A7207F1140107F10E0007F5A673029373
:10C4100007F5A47301933B1D00932346FFF74CFFE0
:10C420000423C7F82431D7F81831C7F83031D7F8CA
:10C430003021D7F824311344C7F82031FC23C7F842
:10C440001C31D7F850319B69D7F81C219A4240F231
:10C45000F780D7F850319B69C7F81C31F0E0D7F866
:10C460003021D7F824311344D7F81C219A420BD23B
:10C47000D7F81C31C7F82C31D7F81C21D7F8243154
:10C48000D31AC7F828311EE0D7F83021D7F8243165
:10C490001344C7F82C31D7F83031C7F82831D7F812
:10C4A0002C3103F00303002B06D0D7F82C319B0866
:10C4B00001339B00C7F82C31D7F82C31FC2B02D963
:10C4C000FC23C7F82C31D7F82831002B7ED007F594
:10C4D0009C73A3F59A731A68D7F828311344D7F8D8
:10C4E00030219A4215D307F11402D7F82431D0181D
:10C4F000D7F81821D7F83031D31A07F59C72A2F576
:10C500009C7212681344D7F82821194606F0C3FD1F
:10C510005CE007F59C73A3F59A731B68D7F830218C
:10C520009A423BD907F11402D7F82431D018D7F832
:10C530001821D7F83031D31A07F59C72A2F59C72F6
:10C540001268D11807F59C73A3F59A731B68D7F886
:10C550003021D31A1A4606F09EFDD7F82421D7F8C9
:10C5600030311A4407F59C73A3F59A731B68D31AEC
:10C5700007F11402D01807F59C73A3F59A731A6893
:10C58000D7F83031D21AD7F828311A4407F59C73FE
:10C59000A3F59873196806F07EFD17E007F1140201
:10C5A000D7F82431D01807F59C73A3F59A731A684D
:10C5B000D7F83031D31A07F59C72A2F59872126839
:10C5C0001344D7F82821194606F065FDD7F8242131
:10C5D000D7F828311344D7F82C219A4212D0D7F833
:10C5E0002421D7F82831134407F11402D018D7F8C2
:10C5F0002421D7F828311344C3F580731A4600214B
:10C6000006F0CAFC07F11401D7F85031D7F82C21F5
:10C61000002000F0B3F9034687F8373197F9373136
:10C62000002B1BD10023C7F82431D7F83021D7F8CD
:10C630002831D31AC7F83031D7F83031C7F8203154
:10C64000D7F82031002B0FD097F93731002B3FF46A
:10C6500006AF09E0FE2387F8373105E000BF03E0AD
:10C66000FF2387F8373100E000BF97F937311846CC
:10C6700007F59E77BD4690BD80B584B000AF786069
:10C680000023FB8127E007F10C037968184600F0CE
:10C69000C0FA03467B7397F90D30002B15D13B7B15
:10C6A00003F02003002B02D000237B7317E079688E
:10C6B00042F2107000F09AF903467B7397F90D303F
:10C6C000002B05D097F90D300BE097F90D3008E0FD
:10C6D000FB890133FB81FB89B3F57A7FD3D397F9CB
:10C6E0000D3018461037BD4680BD80B584B000AF10
:10C6F00078600023FB812FE079684CF2503000F025
:10C7000075F903467B7397F90D30002B02DA97F920
:10C710000D302DE007F10C017B680122252000F08F
:10C72000F5F803467B7397F90D30002B02DA97F981
:10C730000D301DE03B7B03F01003002B09D03B7B49
:10C7400003F02003002B04D03B7B03F04003002BBD
:10C7500006D0FB890133FB81FB89632BCCD900E038
:10C7600000BFFB89642B02D16FF0040300E00023BB
:10C7700018461037BD4680BD80B58AB000AFB9609D
:10C780007A603B600346FB73002387F827307B6B9E
:10C79000002B72D0BB68002B6FD03B68002B6CD095
:10C7A0003B6B002B69D07B6B9B69BB613B6B1B6850
:10C7B000002B14D107F11401F87B7B6B022200F0EF
:10C7C000A5F8034687F827303B7D1AB27B7D1B0214
:10C7D0001BB213431BB29BB21A463B6B1A603B6BF6
:10C7E0001B68002B4DD097F92730002B49D13B6BAC
:10C7F0001B687A689A4203D23B687A681A6003E041
:10C800003B6B1A683B681A603B681B683B620023FD
:10C81000FB6116E0BA68FB69D118F87B7B6BBA69DB
:10C8200000F074F8034687F8273097F92730002B7B
:10C830000CD13A6ABB69D31A3B62FA69BB691344EB
:10C84000FB613A6ABB699A42E4D800E000BF3B6AE8
:10C85000002B0AD0BA68FB69D118F87B7B6B3A6A67
:10C8600000F054F8034687F827303B6B1A683B68A2
:10C870001B68D21A3B6B1A6003E0FF2387F827304E
:10C8800000E000BF97F9273018462837BD4680BD25
:10C8900080B487B000AFB9607A603B600346FB7339
:10C8A0000023FB75BB6A002B26D0BB68002B23D06E
:10C8B0007B68002B20D03B68002B1DD0BB6ABA6878
:10C8C0001A60BB6A7A685A60BB6A3A689A60BB6A47
:10C8D0007A6A1A61BB6AFA7B1A733B6A03F0030334
:10C8E000002B05D03B6A23F00302BB6A9A6105E086
:10C8F000BB6A3A6A9A6101E0FF23FB7597F917302A
:10C9000018461C37BD465DF8047B704790B587B06C
:10C9100000AFB9607A603B600346FB730023FB7590
:10C920003B68002B22D03B681B68002B1ED0BB68E5
:10C93000002B1BD03B681B7B012B03D1FB7B63F0DF
:10C940007F03FB733B681C683B681B69F87B7A6854
:10C95000B968A04703461A463B681A753B6893F9C5
:10C960001430002B04D0FD23FB7501E0FF23FB7581
:10C9700097F9173018461C37BD4690BD90B587B063
:10C9800000AFB9607A603B600346FB730023FB7520
:10C990003B68002B22D03B685B68002B1ED0BB6835
:10C9A000002B1BD03B681B7B012B03D1FB7B03F0CF
:10C9B0007F03FB733B685C683B681B69F87B7A68A4
:10C9C000B968A04703461A463B681A753B6893F955
:10C9D0001430002B04D0FD23FB7501E0FF23FB7511
:10C9E00097F9173018461C37BD4690BD80B584B006
:10C9F00000AF786039600023FB733B68002B0BD0DD
:10CA00003B689B68002B07D03B689B683A681269BB
:10CA100011467868984701E0FF23FB7397F90F30C0
:10CA200018461037BD4680BD80B588B004AFB960E8
:10CA30007A603B600346FB81F8893B6802930023E0
:10CA400001930023009300237A68B968FFF793FCF1
:10CA5000034618461037BD4680BD80B588B002AF8A
:10CA6000B9607A603B600346FB810023BB820023F0
:10CA7000FB753B6A002B6ED0BB68002B6BD03B680C
:10CA8000002B68D03B6800221A6007F113013B6A53
:10CA900001220620FFF73AFF0346FB7597F917308E
:10CAA000002B5BD1FB7CBB75FB7C03F07F03DBB20F
:10CAB000FB74FB7CBA7D9A4208D007F113013B6AF4
:10CAC00001220620FFF75AFF0346FB7597F917303E
:10CAD000002B43D1FB8943F4805398B23B6A002278
:10CAE0000021FFF7A1FF0346FB7597F91730002BD4
:10CAF00034D1386AFFF7C0FD0346FB7597F917304C
:10CB0000002B2BD107F114003B6A00933B687A6835
:10CB1000B96800F068F90346FB7597F91730002BE8
:10CB20001CD1FB7CBA7D9A420AD0BB7DFB7407F115
:10CB300013013B6A01220620FFF720FF0346FB7525
:10CB400097F91730002B09D1BB8AFA899A4205D090
:10CB5000FB23FB7502E0FF23FB7500E000BF97F9A4
:10CB6000173018461837BD4680BD80B582B000AF7B
:10CB7000786039603B68012279681C20FFF7C6FEA7
:10CB8000034618460837BD4680BD80B582B000AF69
:10CB9000786039603B68012279682B20FFF7B6FE88
:10CBA000034618460837BD4680BD80B584B000AF47
:10CBB000786039607B68002B13D007F10C013B686B
:10CBC00002222020FFF7A2FE0346FB733B7B1AB232
:10CBD0007B7B1B021BB213431BB29AB27B681A8089
:10CBE00001E0FF23FB7397F90F3018461037BD465D
:10CBF00080BD80B582B000AF786039603B680122AB
:10CC000079682520FFF782FE034618460837BD469F
:10CC100080BD80B582B000AF786039603B6801228A
:10CC200079682D20FFF772FE034618460837BD4687
:10CC300080BD80B584B000AF78600123FB72002313
:10CC4000BB720F23BB8107F10B017B68012214200B
:10CC5000FFF794FE0346FB7397F90F30002B2BD19F
:10CC60001CE0796842F21070FFF7C0FE0346FB73C8
:10CC700097F90F30002B11D107F10A017B680122CF
:10CC80002520FFF743FE0346FB7397F90F30002B77
:10CC900004D1BB7A03F01003002B05D1BB895A1EC7
:10CCA000BA81002BDDD100E000BFBB7A03F0100396
:10CCB000002B01D1FB23FB7397F90F301846103777
:10CCC000BD4680BD80B58AB004AFF860B9607A60B7
:10CCD0003B600023FB753B6A002B33D0FB68002BC5
:10CCE00030D07B68002B24D1FB681B781AB2FB681C
:10CCF00001331B781B021BB213431BB2BB82BB8ADE
:10CD000046F22B62934201D0FC23FB7597F9173052
:10CD1000002B1AD13B6A0293BB6801930023009356
:10CD200000233A68F9680220FFF725FB0346FB75EC
:10CD30000BE03B6A3A68F9680020FFF71FFE0346E4
:10CD4000FB7502E0FF23FB7500E000BF97F9173089
:10CD500018461837BD4680BD80B584B000AF7860F6
:10CD60007B68002200210320FFF75EFE0346FB7371
:10CD700097F90F30002B04D17868FFF7B6FC034613
:10CD8000FB7397F90F3018461037BD4680BD80B54C
:10CD900086B002AFF860B9607A603B60BB6901930E
:10CDA0003B6800937B68BA68F9680120FFF7E4FCF0
:10CDB000034618461037BD4680BD80B586B002AF29
:10CDC000F860B9607A603B60BB6901933B6800938F
:10CDD0007B68BA68F9680220FFF7CEFC0346184664
:10CDE0001037BD4680BD80B586B000AFF860B96031
:10CDF0007A603B6007F110013B6A04220320FFF7D1
:10CE000085FD0346FB7597F91730002B30D13B7C2D
:10CE10001AB207F1100301331B781B021BB2134334
:10CE20001BB29AB2FB681A80BB7C1AB207F11003DE
:10CE3000023301331B781B021BB213431BB29BB29C
:10CE40001A463B681A603B681B68002B10D03B6891
:10CE50001B687A689A4202D2FA23FB7508E03B68A5
:10CE60001A683B6AB9680320FFF750FD0346FB755B
:10CE700097F9173018461837BD4680BD80B586B083
:10CE800002AFF860B9607A603B60BB6901933B68B0
:10CE900000937B68BA68F9680320FFF76DFC0346CE
:10CEA00018461037BD4680BD80B588B000AF034638
:10CEB00087ED020A79603A60FB73BB687B61FB7B9C
:10CEC0003B767B69DBB27B767B691B0ADBB2BB7688
:10CED0007B691B0CDBB2FB767B691B0EDBB23B77FD
:10CEE0007B68DBB27B777B681B0ADBB2BB777B6836
:10CEF0001B0CDBB2FB7707F118013B6808220D2001
:10CF0000FFF792FD034618462037BD4680BD80B529
:10CF100084B000AF03463960FB71FB793B7300239B
:10CF20007B730023BB730023FB7307F10C013B6889
:10CF300004220920FFF778FD034618461037BD4646
:10CF400080BD80B588B002AFF860B9607A603B60A0
:10CF5000FB68002B59D007F115013B6A012206201E
:10CF6000FFF7D4FC0346FB7597F91730002B4ED121
:10CF70007B7DBB757B7D03F07F03DBB27B7507F1A7
:10CF800015013B6A01220620FFF7F8FC0346FB75FA
:10CF900097F91730002B3AD13B6A0022002101207B
:10CFA000FFF742FD0346FB7597F91730002B2ED192
:10CFB000386AFFF761FB0346FB7597F91730002BC2
:10CFC00025D13B6A0093BB683A687968F868FFF737
:10CFD0000AFF0346FB7597F91730002B17D1BB7D6D
:10CFE0007B7507F115013B6A01220620FFF7C6FC9D
:10CFF0000346FB7597F91730002B08D1FB681B8897
:10D00000032B04D0FB23FB7501E0FF23FB7597F98D
:10D01000173018461837BD4680BD80B590B002AFB6
:10D020000346B9607A60FB73BB68002B00F0DA80BE
:10D03000FB7BF52B03D9FE2387F83730D5E0FB7B4C
:10D040009BB203F5407398B207F1300207F1140167
:10D050007B68009313461C22FFF7FFFC034687F80A
:10D06000373097F93730002B40F0BF803B6B1C2BDB
:10D0700003D0FE2387F83730B7E03A7DBB681A70DB
:10D080007A7DBB685A70BA7DBB689A70FA7DBB68BE
:10D09000DA703A7EBB681A717A7EBB685A71BA7EC2
:10D0A000BB689A71FA7EBB68DA713A7FBB681A7204
:10D0B0007A7FBB685A72BA7FBB689A72FA7FBB6884
:10D0C000DA7297F82020BB681A7397F82120BB68A2
:10D0D0005A7397F82220BB689A7397F82320BB688D
:10D0E000DA7397F82420BB681A7497F82520BB6878
:10D0F0005A7497F82620BB689A7497F82720BB6863
:10D10000DA7497F82820BB681A7597F82920BB684D
:10D110001A7697F82A20BB685A7697F82B20BB68B6
:10D120009A7697F82C20BB68DA76BB681B791AB21E
:10D13000BB685B791B021BB213431BB29AB2BB687C
:10D140009A80BB689B791AB2BB68DB791B021BB261
:10D1500013431BB29AB2BB68DA80BB681B7A1A46CB
:10D16000BB685B7A1B021A43BB689B7A1B041A4399
:10D17000BB68DB7A1B061A43BB689A60BB681B7BE3
:10D180001A46BB685B7B1B021A43BB689B7B1B0474
:10D190001A43BB68DB7B1B061A43BB68DA60BB68BB
:10D1A0001B7C1A46BB685B7C1B021A43BB689B7CDA
:10D1B0001B041A43BB68DB7C1B061A43BB681A615D
:10D1C000BB681B7E1A46BB685B7E1B021A43BB68AA
:10D1D0009B7E1B041A43BB68DB7E1B061A43BB689D
:10D1E0009A6102E0FF2387F8373097F93730184605
:10D1F0003837BD4680BD80B483B000AF78603960F9
:10D200007B681B781AB27B6801331B781B021BB248
:10D2100013431AB23B681A807B6802331B781AB238
:10D220007B6803331B781B021BB213431AB23B68A3
:10D230005A807B6804331B781AB27B6805331B78ED
:10D240001B021BB213431AB23B689A807B680633F9
:10D250001B781AB27B6807331B781B021BB213437F
:10D260001AB23B68DA807B6808331B781AB27B6895
:10D2700009331B781B021BB213431BB29AB23B68E3
:10D280001A8100BF0C37BD465DF8047B704780B43F
:10D2900083B000AF786039607B681B781AB27B6816
:10D2A00001331B781B021BB213431AB23B681A806E
:10D2B0007B6802331B781AB27B6803331B781B022E
:10D2C0001BB213431AB23B685A807B6804331B7845
:10D2D0001AB27B6805331B781B021BB213431AB2C8
:10D2E0003B689A8000BF0C37BD465DF8047B7047F1
:10D2F00080B584B000AF78600023FB737B68103387
:10D30000184601F03FFA0346BB81BB89B3F5007FA5
:10D3100001D200232DE07B68DA78FB7B11461846AA
:10D3200002F0BAFD034683F00103DBB2002B01D00B
:10D3300000231EE07B681033184601F023FA0346F1
:10D34000BB81BB89B3F5007F0BD37B68D9787B6841
:10D3500003F58562F87B4FF4007302F0F1FD03469C
:10D3600007E07B68DA78FB7B1146184602F0BEFDC9
:10D37000002318461037BD4680BD000080B582B03E
:10D3800000AF0346FB71FB7940F6280202FB03F372
:10D390001033054A1344184601F07FF90346184636
:10D3A0000837BD4680BD00BF682B012080B586B020
:10D3B00000AF0346B9607A60FB73FB7B40F628023E
:10D3C00002FB03F30A4A13447B617B6910337A68DA
:10D3D00092B2B968184601F031FA03463B617869A8
:10D3E000FFF786FF3B6918461837BD4680BD00BF72
:10D3F000682B012080B586B000AF0346B9607A6023
:10D40000FB73FB7B40F6280202FB03F30E4A134436
:10D410007B617B691C337A6892B2B968184601F067
:10D4200074FA03467B827B691C33184601F035F998
:10D4300003463F2B03D9FB7B184600F007F87B8A95
:10D4400018461837BD4680BD682B012080B586B0D0
:10D4500000AF0346FB71FB7940F6280202FB03F3A1
:10D460003A4A13447B6101F0CFFA0346002B09D0FE
:10D4700001F0DCFA034683F00103DBB2002B01D09C
:10D48000012300E0002303F00103DBB283F001037A
:10D49000DBB2002B01D0002353E07B691C3318461C
:10D4A00001F0FBF80346002B01D1002349E00023E3
:10D4B000FB747B699A78FB7C1146184602F0ECFC01
:10D4C000034683F00103DBB2002B01D0002338E0D8
:10D4D0007B6903F11C007B6903F5C5634FF400729F
:10D4E000194601F0ABF903463B823B8A002B20D062
:10D4F0007B6999787B6903F5C5623B8AF87C02F009
:10D500001FFD034683F00103DBB2002B0FD0C922BD
:10D510000F49104805F0FAFB0F4BFB60FB681B68D6
:10D5200003F00103002B00D000BE002309E03B8A7A
:10D5300007E07B699A78FB7C1146184602F0D6FC1E
:10D54000002318461837BD4680BD00BF682B012058
:10D550005CA2040808750208F0ED00E080B584B014
:10D5600002AF40F628020021254805F015FD0023F2
:10D57000FB713DE0FB7940F6280202FB03F3204AF1
:10D5800013443B603B68FF225A713A68002343F022
:10D590007F4343F47F0343F44243D380002343F0AB
:10D5A000010313813B6800229A723B680022DA7201
:10D5B0003B6808221A733B6803F110003B6803F1D3
:10D5C00028010023009301234FF4007200F0D3FBE5
:10D5D0003B6803F11C003B6803F50A7101230093CB
:10D5E00001234FF4007200F0C6FBFB790133FB719D
:10D5F000FB79002BBED000BF00BF0837BD4680BD01
:10D60000682B012080B584B000AF0346FB71002376
:10D61000FB731FE0FB7B40F6280202FB03F3114A79
:10D620001344BB6005220021B86805F0B5FCBB6857
:10D630001033184601F08DF9BB681C33184601F011
:10D6400088F9BB681C330121184601F093F9FB7B74
:10D650000133FB73FB7B002BDCD000BF00BF103716
:10D66000BD4680BD682B012080B59AB002AF03464D
:10D670003960FB711346BB803B685B79022B03D199
:10D680003B689B79022B01D00023F3E00023FB656C
:10D69000002387F85B301AE097F85B30774A40F652
:10D6A000280101FB03F3134402331B78002B09D13B
:10D6B00097F85B3040F6280202FB03F36F4A1344ED
:10D6C000FB6508E097F85B30013387F85B3097F82B
:10D6D0005B30002BE0D0FB6D002B10D140F21D120F
:10D6E0006749684805F012FB674B7B647B6C1B68DD
:10D6F00003F00103002B00D000BE0023BAE03B681A
:10D700009A78FB6D1A700923A7F858303B683B6480
:10D710003B6CFB63FB6B1B781A46FB6B13447B650E
:10D7200013E07B6D3B633B6B1B789AB2B7F85830C4
:10D730001344A7F858307B6DBB63BB6B7B637B6B7B
:10D740001B781A467B6B13447B657B6DFB62FB6A1F
:10D7500001331B78242B04D1B7F85820BB889A4298
:10D76000DFD97B6DBB62BB6A01331B78052B35D1DA
:10D770007B6D3B65FB79396D184602F039FB03463A
:10D7800083F00103DBB2002B10D040F231123C4990
:10D790003C4805F0BBFA3C4BFB64FB6C1B6803F098
:10D7A0000103002B00D000BE002363E03B6D9A789C
:10D7B000FB6D5A707B6DFB61FB691B789AB2B7F801
:10D7C00058301344A7F858307B6D7B627B6A3B620C
:10D7D0003B6A1B781A463B6A13447B657B6DBB61D1
:10D7E000BB6901331B78042B3FD17B6D5B790A2B1E
:10D7F0003BD17B6DFB60FB681B789AB2B7F8583061
:10D800001344A7F858307B6D7B617B693B613B69B2
:10D810001B781A463B6913447B65FB6D0333FA6D35
:10D820000232F8790192009302230222796D02F00C
:10D8300067FA034683F00103DBB2002B10D040F2FD
:10D8400041120F490F4805F061FA0F4BBB64BB6CE6
:10D850001B6803F00103002B00D000BE002309E089
:10D86000B7F858300E33A7F85830F86DFFF740FD81
:10D87000B7F8583018466037BD4680BD682B012088
:10D8800074A2040808750208F0ED00E080B58AB0C3
:10D8900000AF03463A60FB710B46BB713B681B78D7
:10D8A00003F06003DBB2202B01D00023CCE0002387
:10D8B00087F82730664B3B6297F82730002B01D062
:10D8C0000023C1E03B6A1B789AB23B689B889BB2FD
:10D8D0009A4209D097F82730013387F827303B6AFE
:10D8E00003F628033B62E7E700BF3B685B78203B19
:10D8F000032B00F29F8001A252F823F00DD90108FA
:10D9000045D901085BD9010803DA0108BB79012B6D
:10D9100007D13B6A9A1DF8790723396802F0E4FCC5
:10D920008AE0BB79032B40F087804A4B002B00F044
:10D9300083803B6A9A1D97F8273011461846AFF34B
:10D94000008079E0BB79012B78D13B6A9A1DF87988
:10D950000723396802F0C8FC70E0BB79012B05D1C0
:10D96000FB793968184602F04DFC69E0BB79032B5E
:10D9700066D13B685B889BB23B610023FB73FB7BFA
:10D980003A6922FA03F303F00103002B14BF0123C9
:10D990000023DBB2FB773B685B889BB2BB61012352
:10D9A000FB75FB7DBA6922FA03F303F00103002B38
:10D9B00014BF01230023DBB2BB773B685B889BB2BB
:10D9C000DAB23B6A1A713B6A03F11C02FB7F002B3F
:10D9D00014BF01230023DBB283F00103DBB203F0A9
:10D9E0000103DBB21946104600F0C4FF1A4B002BAE
:10D9F00026D0BA7FF97F97F827301846AFF300801A
:10DA00001EE0BB79012B05D1FB793968184602F07D
:10DA1000F9FB17E0BB79032B14D1104B002B11D06D
:10DA20003B685B889AB297F8273011461846AFF3E7
:10DA3000008007E0002307E000BF04E000BF02E031
:10DA400000BF00E000BF012318462837BD4680BD57
:10DA5000682B012000000000000000000000000012
:10DA600080B586B000AF3B600346FB710B46BB71CF
:10DA700013467B710023FB7514E0FB7D40F6280202
:10DA800002FB03F3584A13443B613B69DB78BA79E4
:10DA90009A420AD03B699B78BA799A4205D0FB7DBD
:10DAA0000133FB75FB7D002BE7D0FB7D002B10D0F5
:10DAB0004FF4D7724D494E4805F028F94D4BBB60E5
:10DAC000BB681B6803F00103002B00D000BE0023DD
:10DAD00086E03B69DB78BA799A424CD13B6903F125
:10DAE00010003B6903F585633A6892B2194600F06D
:10DAF0000CFF414B002B29D03B695B79FF2B25D0D4
:10DB00000023FB601EE03B695A793969FB680B44CE
:10DB100003F585631B789A4211D13B69103318468F
:10DB200000F0EDFD034683F00103DBB2002B06D0CD
:10DB30003B695A79FB7D11461846AFF30080FB68BC
:10DB40000133FB60FA683B689A42DCD32B4B002B15
:10DB50000ED03B691033184600F0D1FD034683F028
:10DB60000103DBB2002B03D0FB7D1846AFF300802E
:10DB70003869FFF7BDFB3B699B78BA799A422ED191
:10DB80001F4B002B03D0FB7D1846AFF30080FB7DBD
:10DB90001846FFF75BFC0346002B20D13B691C3382
:10DBA000184600F07AFD0346002B18D13B68002B85
:10DBB00015D03B6803F03F03002B10D13B699A78E6
:10DBC000FB791146184602F067F90346002B06D090
:10DBD0003B699978F8790023002202F0B1F901231A
:10DBE00018461837BD4680BD682B012080A2040866
:10DBF00008750208F0ED00E00000000000000000E1
:10DC00000000000080B400AF00BFBD465DF8047B9B
:10DC1000704780B483B000AF0346FB7100BF0C3780
:10DC2000BD465DF8047B704780B48BB000AF0346FF
:10DC30003960FB711346BB803B689B79012B03D194
:10DC40003B68DB79012B01D0002325E03B68BB61F9
:10DC5000BB697B617B691B781A467B6913443B6215
:10DC60000923FB843B6AFB61FB6901331B78212B91
:10DC700011D13B6ABB60BB681B789AB2FB8C134422
:10DC8000FB843B6A3B613B69FB60FB681B781A467F
:10DC9000FB6813443B62FB8C18462C37BD465DF88D
:10DCA000047B704780B588B000AF03463A60FB71D3
:10DCB0000B46BB71BB79012B01D0012357E03B68B8
:10DCC0001B7803F01F03DBB2012B01D000234EE0D1
:10DCD0003B681B7803F06003DBB2002B0AD13B6882
:10DCE0005B780B2B06D1FB793968184602F08AFA6B
:10DCF00001233CE03B681B7803F06003DBB2202B80
:10DD000001D0002333E03B685B78002B02D0032B6B
:10DD100008D029E0FB793968184602F073FAF7F762
:10DD200003FB23E007F10803FB610623BB6100232B
:10DD30007B6106233B61BA693B699A4202D24FF08C
:10DD4000FF3305E03A697969F86905F025F90023A0
:10DD5000002B01D000230AE007F10802F87906231E
:10DD6000396802F0C1FA01E0002300E001231846FF
:10DD70002037BD4680BD80B485B000AFF860B96083
:10DD800011461A460B46FB801346BB80FB88B3F551
:10DD9000004F01D900231BE0FB68BA681A60FB68DA
:10DDA000FA889A80BB88C3F30E0399B2FA68D388C5
:10DDB00061F30E03D380FA68D379397E61F3C71318
:10DDC000D371FB6800225A81FB6800221A8101236B
:10DDD00018461437BD465DF8047B704780B58AB09D
:10DDE00000AFF860B9601346FB80BB683B62FB88FC
:10DDF0009B08FB840BE03B6A1B68FA68BA617B6195
:10DE0000BB697A691A6000BFFB680433FB60FB8C56
:10DE10005A1EFA84002BEED1FB88DBB203F0030319
:10DE2000FB77FB7F002B09D03B6A1B683B61FA7FC5
:10DE300007F110031946F86805F02DF900BF2837DF
:10DE4000BD4680BD80B58AB000AFF860B9601346AA
:10DE5000FB80FB683B62FB889B08FB8408E0BB6897
:10DE6000BB61BB691A683B6A1A60BB680433BB605C
:10DE7000FB8C5A1EFA84002BF1D1FB88DBB203F035
:10DE80000303FB77FB7F002B0BD000237B61FA7F22
:10DE900007F11403B968184605F0FDF87A693B6A82
:10DEA0001A6000BF2837BD4680BD80B584B000AF82
:10DEB000F860B9601346FB80FB681B68FA88F96854
:10DEC000C988C1F30E0189B201FB02F29818FB6800
:10DED000DB88C3F30E039BB21A46B96805F0DBF882
:10DEE00000BF1037BD4680BD80B58EB000AFF86072
:10DEF000B96011461A460B46FB801346BB80FB688F
:10DF00009A88BB88D31AFB84FA88FB8CD31ABB840B
:10DF1000FB68DB88C3F30E039BB21A46FB8C13FB32
:10DF200002F37B84FB68DB88C3F30E039BB21A46C3
:10DF3000BB8C13FB02F3FB86FB681B68BA88F9688D
:10DF4000C988C1F30E0189B201FB02F213443B639D
:10DF500097F84030002B02D0012B22D09EE0FA88A7
:10DF6000FB8C9A420DD8FB88FA68D288C2F30E0265
:10DF700092B202FB03F31A46B968386B05F08BF8CE
:10DF80008CE07B8C1A46B968386B05F084F8FB6826
:10DF900018687B8CBA681344FA8E194605F07BF832
:10DFA0007CE0FA88FB8C9A420FD8FB68DB88C3F3CD
:10DFB0000E039BB21A46FB8813FB02F39BB21A4670
:10DFC000B968386BFFF70AFF67E07B8C23F0030327
:10DFD0003B843B8C1A46B968386BFFF7FFFE3B8CDD
:10DFE0003A6B13443B637B8CDBB203F0030387F88B
:10DFF0002F3097F82F30002B43D0BB68FB6197F888
:10E000002F309BB2C3F104039AB2FB8E7B8313467D
:10E010003B837A8B3B8B934228BF13469BB287F896
:10E020002E3097F82E309BB2FA8ED31AFB86FB69FE
:10E030001B687B6107F11403BB6207E0BA6A531CDB
:10E04000BB623B6B591C396312781A7097F82F30FA
:10E050005A1E87F82F20002BF0D1FB681B683B630A
:10E0600007E0BA6A531CBB623B6B591C39631278D8
:10E070001A7097F82E305A1E87F82E20002BF0D1F8
:10E0800002E0FB681B683B63FB8E002B05D0FB8E18
:10E090001A46B968386BFFF7A1FE00BF00BF3837DA
:10E0A000BD4680BD80B584B000AFF860B96013464E
:10E0B000FB80FB681B68FA88F968C988C1F30E0108
:10E0C00089B201FB02F29918FB68DB88C3F30E03E7
:10E0D0009BB21A46B86804F0DEFF00BF1037BD4699
:10E0E00080BD80B58EB000AFF860B96011461A46A9
:10E0F0000B46FB801346BB80FB689A88BB88D31A0B
:10E10000FB84FA88FB8CD31ABB84FB68DB88C3F3DF
:10E110000E039BB21A46FB8C13FB02F37B84FB6855
:10E12000DB88C3F30E039BB21A46BB8C13FB02F3CE
:10E13000FB86FB681B68BA88F968C988C1F30E01C1
:10E1400089B201FB02F213443B6397F84030002B85
:10E1500002D0012B22D0A0E0FA88FB8C9A420DD885
:10E16000FB88FA68D288C2F30E0292B202FB03F374
:10E170001A46396BB86804F08EFF8EE07B8C1A4625
:10E18000396BB86804F087FF7B8CBA68D018FB68DD
:10E190001B68FA8E194604F07EFF7EE0FA88FB8C3D
:10E1A0009A420FD8FB68DB88C3F30E039BB21A4672
:10E1B000FB8813FB02F39BB21A46396BB868FFF772
:10E1C00041FE69E07B8C23F003033B843B8C1A46C1
:10E1D000396BB868FFF736FE3B8C3A6B13443B63F0
:10E1E0007B8CDBB203F0030387F82F3097F82F30D6
:10E1F000002B45D0BB68FB6197F82F309BB2C3F171
:10E2000004039AB2FB8E7B8313463B837A8B3B8B52
:10E21000934228BF13469BB287F82E3097F82E30D2
:10E220009BB2FA8ED31AFB8600237B6107F114039D
:10E23000BB6207E03A6B531C3B63BB6A591CB96273
:10E2400012781A7097F82F305A1E87F82F20002B5B
:10E25000F0D1FB681B683B6307E03A6B531C3B63E0
:10E26000BB6A591CB96212781A7097F82E305A1E80
:10E2700087F82E20002BF0D17A69FB691A6002E042
:10E28000FB681B683B63FB8E002B05D0FB8E1A4698
:10E29000396BB868FFF7D6FD00BF00BF3837BD4601
:10E2A00080BD80B485B000AF0346FB800B46BB80C9
:10E2B00013467B80BA887B881344FB81BA88FB892C
:10E2C0009A4204D8FA89FB885B009A4208DBFB88F3
:10E2D0005B009BB25B42BB81FA89BB891344FB8123
:10E2E000FB8918461437BD465DF8047B704780B53E
:10E2F0008AB000AFF860B96011461A460B46FB8041
:10E300001346BB80FB689B887B84FB883B84BB886F
:10E31000FB833A8CFB8B9A4204D33A8CFB8BD31A47
:10E320009BB208E07B8C5B009AB2398CFB8BCB1ADA
:10E330009BB213449BB2FB84FB8C002B01D10023C6
:10E3400037E0FB689B88FA8C9A421BD9FB68BB615B
:10E35000FB88FB82BB699B88FA8A9A4205D3BB691A
:10E360009B88FA8AD31ABB8204E0BB699A88FB8A2D
:10E370001344BB82BB69BA8A5A81BB8ABB80FB68E3
:10E380009B88FB84FB689B887B82BB883B8203E085
:10E390003A8A7B8AD31A3B827A8A3B8A9A42F7D995
:10E3A0003B8ABB84BB8C1A46B968F868FFF77AFED3
:10E3B000012318462837BD4680BD80B58CB002AF1A
:10E3C000F860B96011461A460B46FB801346BB80C5
:10E3D000FB689B887B84BB883B843B8EFB833A8CA9
:10E3E000FB8B9A4204D33A8CFB8BD31A9BB208E086
:10E3F0007B8C5B009AB2398CFB8BCB1A9BB213449B
:10E400009BB2FB84FB8C002B01D1002341E0FB6815
:10E410009B88FA8C9A421BD9FB68BB61BB88FB8244
:10E42000BB699B88FA8A9A4205D3BB699B88FA8AA2
:10E43000D31ABB8204E0BB699A88FB8A1344BB826F
:10E44000BB69BA8A5A81BB8A3B86FB689B88FB847E
:10E45000FA8CFB889A4201D2FB8CFB80FB689B887C
:10E460007B823B8E3B8203E03A8A7B8AD31A3B82D3
:10E470007A8A3B8A9A42F7D93B8ABB84B98CFA885C
:10E4800097F8343000930B46B968F868FFF729FE17
:10E49000FB8818462837BD4680BD80B592B002AFD4
:10E4A000F860B96011461A460B46FB8013467B7133
:10E4B000FB88002B01D10023BCE0FB681B89FB8794
:10E4C000FB685B89FB86BB68BB63FB68DB79C3F3D6
:10E4D000C013DBB283F00103DBB2002B36D0FB6844
:10E4E0009B887B85FB8F3B85FB8EFB847B8DBB8470
:10E4F0003B8D7B84FB8C3B847A8C3B8C9A4204D38F
:10E500007A8C3B8CD31A9BB208E0BB8C5B009AB22E
:10E51000798C3B8CCB1A9BB213449BB2FB837A8DD4
:10E52000FB8B9A4204D97A8DFB8BD31A9BB200E005
:10E5300000237B86FB88FB857B8EBB85FA8DBB8D9C
:10E54000934228BF13469BB2FB804BE0FB689B883D
:10E55000FA889A4217D37B79002B0ED1FB88FA6890
:10E5600092889B1AFA68D288C2F30E0292B202FB1A
:10E5700003F31A46BB6B1344BB63FB689B88FB80A9
:10E58000FB8EFB872EE0FB689B88BB83FB8F7B8326
:10E59000FB8E3B837A8B3B8B9A4204D37A8B3B8BEB
:10E5A000D31A9BB208E0BB8B5B009AB2798B3B8B92
:10E5B000CB1A9BB213449BB2BB86BA8EFB881A441B
:10E5C000FB689B885B009A420CDBFB689888FB68C1
:10E5D0009A88FB88D31A9AB2FB8E1946FFF761FE20
:10E5E0000346FB87FB88002B23D0FB689B88FB82BC
:10E5F000FB8FBB8203E0BA8AFB8AD31ABB82FA8AFA
:10E60000BB8A9A42F7D9BB8A3B86398EFA887B79D6
:10E6100000930B46B96BF868FFF766FCFB689B88B4
:10E62000FA88F98F1846FFF73CFE03461A46FB6846
:10E630001A81FB8818464037BD4680BD80B586B03C
:10E6400002AFF860B96011461A460B46FB801346CC
:10E650007B71FB681B8998B2FB685B899BB2F98868
:10E660007A790192009303460A46B968F868FFF781
:10E67000A4FE0346FB80FB689888FB685B899BB21D
:10E68000FA881946FFF70DFE03461A46FB685A81C1
:10E69000FB8818461037BD4680BD80B487B000AFF8
:10E6A00078607B6899887B681B899AB27B685B89F4
:10E6B0009BB279823A82FB813A8AFB899A4204D3DF
:10E6C0003A8AFB89D31A9BB208E07B8A5B009AB234
:10E6D000398AFB89CB1A9BB213449BB27A68928821
:10E6E000FB821346BB82FA8ABB8A934228BF134639
:10E6F0009BB218461C37BD465DF8047B704780B45A
:10E7000083B000AF78607B681B899AB27B685B89B5
:10E710009BB29A420CBF01230023DBB218460C3790
:10E72000BD465DF8047B704780B485B000AF78606B
:10E730007B6899887B681B899AB27B685B899BB2EE
:10E74000F981BA817B81BA897B899A4204D3BA89DB
:10E750007B89D31A9BB208E0FB895B009AB2B98926
:10E760007B89CB1A9BB213449BB27A6892889342FE
:10E770002CBF01230023DBB218461437BD465DF8D9
:10E78000047B704780B487B000AF78607B6899885D
:10E790007B681B899AB27B685B899BB2F982BA82DB
:10E7A0007B82FB8A3B82BB8AFB817B8ABB81FA89A5
:10E7B000BB899A4204D3FA89BB89D31A9BB208E079
:10E7C0003B8A5B009AB2F989BB89CB1A9BB213448E
:10E7D0009BB27B81FA8A7B899A4204D9FA8A7B8927
:10E7E000D31A9BB200E0002318461C37BD465DF8E3
:10E7F000047B704780B584B000AF786039607B6877
:10E800001B899AB27B685B899BB239687868FFF78D
:10E810006EFD0346FB737B6898887B685B899BB2BF
:10E82000FA7B92B21946FFF73CFD03461A467B6815
:10E830005A81FB7B18461037BD4680BD80B584B039
:10E8400000AFF860B9601346FB80FA880023B9680E
:10E85000F868FFF7F3FE034618461037BD4680BD43
:10E8600080B584B000AFF860B9601346FB80FA88C9
:10E870000123B968F868FFF7E1FE03461846103730
:10E88000BD4680BD80B586B000AF786039607B68DA
:10E890001B89BB827868FFF747FF0346002B0CD02B
:10E8A0007B68DB79C3F3C013DBB283F00103DBB217
:10E8B000002B02D00023FB7522E07B689B883B8203
:10E8C000BB8AFB8103E0FA893B8AD31AFB813A8A2F
:10E8D000FB899A42F7D9FB897B827B8A1A46396881
:10E8E0007868FFF7E2FA7B689B88B98A01221846AC
:10E8F000FFF7D7FC03461A467B681A810123FB7594
:10E90000FB7D18461837BD4680BD80B584B000AF8A
:10E91000F860B9601346FB80FA880023B968F8688C
:10E92000FFF7BBFD034618461037BD4680BD80B5D6
:10E9300084B000AFF860B9601346FB80FA88012309
:10E94000B968F868FFF7A9FD034618461037BD46B9
:10E9500080BD80B483B000AF78607B6800225A81AC
:10E960007B6800221A81012318460C37BD465DF8EA
:10E97000047B704780B483B000AF78600B46FB70B7
:10E980007A68D379F97861F3C713D37101231846F4
:10E990000C37BD465DF8047B7047000080B483B03F
:10E9A00000AF0346FB71144B002B12D0134B1B78A6
:10E9B000FA799A4208D2124B1968FA7913465B0029
:10E9C0001344DB000B4410E00C4B1B78FA79D31A8C
:10E9D000FB71FB79012B07D8FA7913465B001344CE
:10E9E000DB00084A134400E0002318460C37BD46FC
:10E9F0005DF8047B704700BF00000000C0330120B9
:10EA0000BC33012090A2040880B400AF064B5B78B1
:10EA1000DBB2002B14BF01230023DBB21846BD4636
:10EA20005DF8047B704700BF9033012080B400AFD5
:10EA3000074B1B78C3F38003DBB2002B14BF012309
:10EA40000023DBB21846BD465DF8047B704700BF6B
:10EA50009033012080B400AF054B1B78FF2B14BF0F
:10EA600001230023DBB21846BD465DF8047B7047E6
:10EA7000DDD2002080B588B000AF0346FB71FFF700
:10EA8000E9FF0346002B01D0012360E02B22002187
:10EA9000314804F081FA314BFB60FB6804331846BF
:10EAA000FFF757FFFB682E4A13602D4B1B68002BA6
:10EAB00010D14FF4CA722B492B4804F027F92B4B85
:10EAC0003B613B691B6803F00103002B00D000BED3
:10EAD00000233CE0264B002B05D02648AFF30080F6
:10EAE0000346254A13600023FB771EE0FB7F184690
:10EAF000FFF754FFB861BB69002B10D14FF4D072FF
:10EB00001849194804F002F9184B7B617B691B68AE
:10EB100003F00103002B00D000BE002317E0BB6907
:10EB20001B689847FB7F0133FB77124B1B785A1CFD
:10EB3000FB7F9A42DADA114AFB791370FB791846A7
:10EB400002F03AF9FB79184602F0A8F901231846B9
:10EB50002037BD4680BD00BF90330120E0D20020A9
:10EB600084340120C0A2040820750208F0ED00E002
:10EB700000000000C0330120BC330120DDD20020A2
:10EB800080B586B000AF0346FB710023FB751FE024
:10EB9000FB7D1846FFF702FF38613B69002B0FD160
:10EBA00040F2B3121749184804F0B0F8174BFB6055
:10EBB000FB681B6803F00103002B1FD000BE1DE0A3
:10EBC0003B695B68FA7910469847FB7D0133FB751A
:10EBD0000F4B1B785A1CFB7D9A42D9DA2B2200215D
:10EBE0000C4804F0D9F91022FF210B4804F0D4F9A5
:10EBF0000C22FF21094804F0CFF900E000BF1837CC
:10EC0000BD4680BDCCA2040820750208F0ED00E0EE
:10EC1000C03301209033012093330120A33301201E
:10EC200080B582B000AF0346FB71FB791846FFF751
:10EC3000A7FF01F0DBFB00BF0837BD4680BD000029
:10EC400090B591B000AF78600B46FB70FFF702FF04
:10EC5000034683F00103DBB2002B40F030819C4B74
:10EC60001B68FB6207F10803BB627B687B62FB6A7F
:10EC70003B623B6A1B680020984700BFFB6A043375
:10EC8000B96A1846FFF7B6FD0346FB77FB6ABB611E
:10EC9000BB691B680120984700BFFB7F83F001031D
:10ECA000DBB2002B40F00D817B7A013B072B00F299
:10ECB000F08001A252F823F0D9EC0108E9EC010838
:10ECC00093EE010839EE010869EE0108FFEC010836
:10ECD0006DED010883EE01083B7A1846FFF7A0FFAF
:10ECE0003A7B7C4B9A70E9E03B7A1846FFF798FF35
:10ECF000794B002B00F0D780AFF30080D3E0754A4A
:10ED0000137843F001031370724AD37F6FF300034B
:10ED1000D377704AD37F6FF38203D3776D4A92F82B
:10ED200020306FF3000382F820306A4A92F82030D6
:10ED30006FF3820382F820303A7A07F10803043334
:10ED40001946104600F0ECF8034683F00103DBB2ED
:10ED5000002B00F0AA803B7A0021184602F02EFC1E
:10ED60003B7A8021184602F029FC9EE03B7B87F825
:10ED70003F3097F83F30BB75BB7D03F07F03DBB2BC
:10ED800087F83E3097F83F30FB75FB7DDB09DBB23F
:10ED900087F83D3097F83E2097F83D304D495200B6
:10EDA0000A44134403F11802D3796FF30003D371BB
:10EDB00097F83E2097F83D30464952000A441344E4
:10EDC00003F11802D3796FF38203D37197F83E30C1
:10EDD000002B07D1387A7A7B3B6997F83F1001F016
:10EDE0003BFB6BE097F83E2097F83D3039495200E5
:10EDF0000A44134413331B781846FFF7CFFDB8635A
:10EE0000BB6B002B0FD140F229223449344803F068
:10EE10007DFF344B7B637B6B1B6803F00103002B8E
:10EE200051D000BE4FE0BB6B1C69387A7A7B3B69DE
:10EE300097F83F10A04741E0264B1B78C3F300032F
:10EE4000DBB2002B33D0284B002B30D0214B1B786A
:10EE5000C3F3C003DBB2002B14BF01230023DBB2DA
:10EE60001846AFF3008022E01A4B1B78C3F300036F
:10EE7000DBB2002B1DD01D4B002B1AD0AFF300804E
:10EE800017E0FB68002B16D0FB683A6910469847DC
:10EE900011E0144B3B633B6B1B6803F00103002B39
:10EEA0000BD000BE09E000BFD9E600BFD7E600BF27
:10EEB000D5E600BFD3E600BFD1E600BFCFE600BF76
:10EEC00002E000BF00E000BF4437BD4690BD00BF78
:10EED000843401209033012000000000E0A20408E7
:10EEE00020750208F0ED00E00000000000000000C6
:10EEF00080B584B000AF0346B9607A60FB73BB682D
:10EF0000DB68184601F07EFABB68DB68F87B7A683C
:10EF100001219847034618461037BD4680BD0000C2
:10EF200080B594B000AF03463960FB71002001F05A
:10EF300069FA3B681B7803F06003DBB2602B10D1E9
:10EF400040F26E22A349A44803F0E0FEA34BBB614C
:10EF5000BB691B6803F00103002B00D000BE002337
:10EF600059E23B681B7803F06003DBB2402B0FD102
:10EF70009B4B002B01D100234DE2994801F042FA4E
:10EF8000FB793A6801211846AFF30080034642E25C
:10EF90003B681B78C3F30403DBB2022B00F08281D1
:10EFA000022B00F32B82002B03D0012B00F02981D0
:10EFB00024E23B681B7803F06003DBB2202B23D1F3
:10EFC0003B689B889BB2FB82FB8ADBB287F82730C9
:10EFD00097F827300F2B01D900231CE297F8273030
:10EFE000804A1344DB781846FFF7D8FC38623B6A46
:10EFF000002B01D100230EE2FB793A68396A1846EA
:10F00000FFF776FF034606E23B681B7803F06003D8
:10F01000DBB2002B0AD0714BBB62BB6A1B6803F0EA
:10F020000103002B00D000BE0023F4E13B685B78B5
:10F03000092B00F2D98001A252F823F09DF10108BA
:10F0400079F10108E9F1010855F10108E9F1010838
:10F0500065F001083BF10108E9F1010889F00108B8
:10F06000A1F00108386801F0DDF93B685B889BB2CC
:10F07000DAB2FB791146184601F040FF594A13787D
:10F0800043F002031370BBE0564B5B78DBB2FB73BB
:10F0900007F10F02F8790123396801F025F9AFE093
:10F0A0003B685B889BB287F837304E4B5B78DBB2AE
:10F0B00097F837209A4236D04A4B5B78DBB2002B68
:10F0C0000FD0FB79184602F0D9F8464B9B7887F8A9
:10F0D0003630FB791846FFF753FD424A97F8363031
:10F0E000937097F83730002B1DD097F83720FB79B5
:10F0F0001146184600F09CF9034683F00103DBB289
:10F10000002B10D040F2C2223249334803F0FEFDFA
:10F11000324B3B633B6B1B6803F00103002B00D0B9
:10F1200000BE002377E12F4A97F837305370FB7900
:10F130003968184601F066F862E0FB7939681846CC
:10F1400000F0B4FA034683F00103DBB2002B56D083
:10F15000002360E13B685B889BB2012B01D0002358
:10F1600059E1204A137843F008031370FB7939689A
:10F17000184601F047F843E03B685B889BB2012BDF
:10F1800001D0002347E1174A13786FF3C3031370CC
:10F19000FB793968184601F035F831E0114B1B78DE
:10F1A0005B09DBB29BB203F001039AB20D4B1B78F3
:10F1B0009B08DBB29BB203F002039BB213439BB2EA
:10F1C000BB8107F10C02F8790223396801F08CF851
:10F1D00016E000BFF0A2040820750208F0ED00E080
:10F1E00000000000903301208D4BFB62FB6A1B681E
:10F1F00003F00103002B00D000BE00230BE100BF91
:10F2000008E13B689B889BB2BB82BB8ADBB287F874
:10F210003F3097F83F300F2B01D90023FBE097F8E0
:10F220003F30804A1344DB781846FFF7B7FBB863DA
:10F23000BB6B002B01D10023EDE0FB793A68B96B81
:10F240001846FFF755FE034683F00103DBB2002B9F
:10F2500000F0DF803B681B7803F06003DBB2002B1B
:10F2600001D00023D7E03B685B780A3B012B16D81E
:10F27000002001F0C7F83B685B780A2B09D1002316
:10F28000FB7207F10B02F8790123396801F02CF8C1
:10F2900007E0FB793968184600F0B4FF01E000236D
:10F2A000B9E0B6E03B689B889BB23B823B8ADBB20D
:10F2B00087F84F3097F84F30BB74BB7C03F07F0367
:10F2C000DBB287F84E3097F84F30FB74FB7CDB09DC
:10F2D000DBB287F84D3097F84E30052B10D940F24D
:10F2E00022325149514803F011FD4D4B3B643B6CB8
:10F2F0001B6803F00103002B00D000BE00238AE04E
:10F3000097F84E2097F84D30464952000A4413446E
:10F3100013331B781846FFF741FBB8643B681B7832
:10F3200003F06003DBB2002B0CD0BB6C002B01D1CF
:10F33000002370E0FB793A68B96C1846FFF7D8FDF6
:10F34000034668E03B685B78032B18D0032B48DC4E
:10F35000002B02D0012B12D043E097F84F20FB790D
:10F360001146184600F004FF03469BB23B8107F1AB
:10F370000802F8790223396800F0B6FF3DE03B68E7
:10F380005B889BB2002B12D13B685B78012B07D1C5
:10F3900097F84F20FB791146184600F09DFE06E0D5
:10F3A00097F84F20FB791146184600F049FEBB6CD8
:10F3B000002B21D0FB793A68B96C1846FFF798FD0D
:10F3C000002001F01FF8174B93F82030C3F300031F
:10F3D000DBB2002B10D1FB793968184600F012FF20
:10F3E0000AE00F4B7B647B6C1B6803F00103002B6E
:10F3F00000D000BE00230EE000BF0BE0084BFB6115
:10F40000FB691B6803F00103002B00D000BE002342
:10F4100001E000BF012318465037BD4680BD00BF44
:10F42000F0ED00E090330120F0A2040820750208FE
:10F4300080B594B000AF03460A46FB711346BB711A
:10F44000BB79013BDBB21846F5F7F8FE78647B6CBC
:10F45000002B03D07B6C5B78022B10D040F26A3219
:10F460008A498B4803F052FC8A4BBB61BB691B681D
:10F4700003F00103002B00D000BE002302E17B6CEF
:10F48000DB795B1103F00103D9B2834A137861F38E
:10F49000041313707B6CDB799B1103F00103D9B269
:10F4A0007D4A137861F3451313707B6C0933FB6459
:10F4B0007B6C5B889BB21A467B6C13443B64D6E042
:10F4C000012387F84B30FB6C7B617B6901331B7830
:10F4D0000B2B0FD1FB6CFB63FB6BDB7887F84B309E
:10F4E000FB6C3B613B69FB60FB681B781A46FB6861
:10F4F0001344FB64FB6CBB60BB6801331B78042BBB
:10F5000010D040F285326149614803F0FFFB614B46
:10F51000FB61FB691B6803F00103002B00D000BEF8
:10F520000023AFE0FB6CBB633A6CFB6CD31AFB8629
:10F53000002387F84A307AE097F84A301846FFF7F8
:10F540002DFA38633B6B002B10D140F28E324F49BD
:10F550004F4803F0DBFB4F4B7B627B6A1B6803F079
:10F560000103002B00D000BE00238BE03B6B9B68A7
:10F57000FA8EF879B96B98470346FB85FB8D082B0B
:10F5800050D9FA8DFB8E9A424CD897F84B30012B0C
:10F5900007D13B6B9B68414A934202D1022387F813
:10F5A0004B30002387F849302AE0BB6B9A7897F8F4
:10F5B0004930134487F82D3097F82D30364A1344DC
:10F5C000DB78FF2B10D040F2AD323049304803F0E9
:10F5D0009DFB304BBB62BB6A1B6803F00103002B31
:10F5E00000D000BE00234DE097F82D302A4A134486
:10F5F00097F84A20DA7097F84930013387F8493094
:10F6000097F8492097F84B309A42CED397F84A3072
:10F61000FA8DB96B224802F00BFEFB8DFA6C134495
:10F62000FB640CE097F84A30013387F84A301D4BF1
:10F630001B785A1C97F84A309A42BFF67DAF194B97
:10F640001B785A1C97F84A309A4210DA4FF46F72BE
:10F650000E490F4803F05AFB0E4B3B623B6A1B6896
:10F6600003F00103002B00D000BE00230AE0FA6C77
:10F670003B6C9A42FFF424AF0B4B002B01D0AFF34D
:10F680000080012318465037BD4680BD08A30408FA
:10F6900020750208F0ED00E09033012069D60108E2
:10F6A000A3330120C03301200000000080B594B0D6
:10F6B00000AF03463960FB713B685B889BB2BB843B
:10F6C000BB8C1B0A9BB2DBB287F84B303B685B8874
:10F6D0009BB2FB84FB8CDBB287F84A3097F84B3047
:10F6E000013B0E2B00F2C88001A252F823F000BFAC
:10F6F0002DF701089DF7010811F8010879F80108B4
:10F7000079F8010847F801089DF7010879F8010820
:10F7100079F8010879F8010879F8010879F8010801
:10F7200079F8010879F8010843F70108F5F77CFD3D
:10F73000B862F8791223BA6A396800F0D5FD034639
:10F740009BE0504B002B01D1002396E0AFF30080EB
:10F7500003467B647B6C002B10D140F2ED324A49AA
:10F760004A4803F0D3FA4A4BFB63FB6B1B6803F078
:10F770000103002B00D000BE00237EE07B6C02332F
:10F780003B623B6A1B88A7F842307A6CB7F842307C
:10F79000F879396800F0A8FD03466EE097F84B3021
:10F7A000022B07D197F84A301846F5F747FD034674
:10F7B000FB640BE0374B002B01D100235DE097F891
:10F7C0004A301846AFF300800346FB64FB6C002B05
:10F7D00010D140F207422C492C4803F097FA2C4BE9
:10F7E000FB62FB6A1B6803F00103002B00D000BE24
:10F7F000002342E0FB6C0233FB61FB691B887B86C4
:10F80000FA6C7B8EF879396800F06EFD034634E0BF
:10F810003B689B889AB297F84A3011461846F5F72C
:10F820001BFD78637B6B002B01D1002325E07B6BF4
:10F83000BB61BB691B789BB2F8797A6B396800F0C1
:10F8400053FD034619E0144B002B01D1002314E0B3
:10F85000AFF30080B863BB6B002B01D100230CE039
:10F86000BB6B7B617B691B789BB2F879BA6B39689B
:10F8700000F03AFD034600E0002318465037BD462D
:10F8800080BD00BF000000001CA304082075020812
:10F89000F0ED00E0000000000000000080B5AAB01C
:10F8A00000AF78600B46FB707B685B78023B032BF4
:10F8B00000F2B18101A252F823F000BFCDF8010897
:10F8C000EFFA010897F9010847FA01088A4A137804
:10F8D0006FF300031370884A13786FF341031370BA
:10F8E000854B00225A70844A13786FF38203137099
:10F8F000824B1B68C7F89C307B68C7F89830FB7850
:10F9000087F8973097F8973083F00103DBB2002B2C
:10F9100009D0D7F89C30C7F89030D7F890301B68E2
:10F920000020984700BFD7F89C300433D7F89810D0
:10F930001846FEF7A7FF034687F88F3097F89730F1
:10F9400083F00103DBB2002B09D0D7F89C30C7F855
:10F950008830D7F888301B680120984700BF97F897
:10F960008F3083F00103DBB2002B10D0B522644945
:10F97000644803F0CBF9644BC7F88430D7F884307F
:10F980001B6803F00103002B03D000BE01E000BFA1
:10F990008BE100BF89E1584B1B78C3F30003DBB256
:10F9A000002B00F07D81544A137843F00403137058
:10F9B000524B1B68C7F880307B68FB67FB7887F881
:10F9C0007B3097F87B3083F00103DBB2002B07D04C
:10F9D000D7F880307B677B6F1B680020984700BF9B
:10F9E000D7F880300433F96F1846FEF74BFF034613
:10F9F00087F8733097F87B3083F00103DBB2002B7C
:10FA000007D0D7F88030FB66FB6E1B680120984753
:10FA100000BF97F8733083F00103DBB2002B0ED0E8
:10FA2000B5223749374803F071F9374BBB66BB6ED7
:10FA30001B6803F00103002B03D000BE01E000BFF0
:10FA40002EE100BF2CE12C4B1B78C3F30003DBB28B
:10FA5000002B00F02781284A13786FF3820313707C
:10FA6000264B1B687B667B683B66FB7887F85F30BC
:10FA700097F85F3083F00103DBB2002B06D07B6E7A
:10FA8000BB65BB6D1B680020984700BF7B6E0433CD
:10FA9000396E1846FEF7F6FE034687F8573097F89A
:10FAA0005F3083F00103DBB2002B06D07B6E3B6539
:10FAB0003B6D1B680120984700BF97F8573083F0D3
:10FAC0000103DBB2002B0ED0B5220D490D4803F027
:10FAD0001DF90D4BFB64FB6C1B6803F00103002B4D
:10FAE00003D000BE01E000BFDCE000BFDAE000238D
:10FAF00087F8A73028E000BF90330120843401202C
:10FB000034A3040820750208F0ED00E097F8A73050
:10FB10001846FEF743FFC7F8A000D7F8A030002B27
:10FB20000DD0D7F8A0305B69002B08D0D7F8A030F3
:10FB30005B697A6810787A6852681146984797F836
:10FB4000A730013387F8A7305A4B1B785A1C97F817
:10FB5000A7309A42DADA584B1B78C3F38003DBB242
:10FB6000002B00F0A180544A13786FF382031370C6
:10FB700007F1080300221A605A609A607B681B78BC
:10FB80003B7205237B724D4B1B68BB6407F1080376
:10FB90007B64FB7887F8433097F8433083F00103A8
:10FBA000DBB2002B06D0BB6CFB63FB6B1B68002039
:10FBB000984700BFBB6C0433796C1846FEF762FEB1
:10FBC000034687F83B3097F8433083F00103DBB2FC
:10FBD000002B06D0BB6C7B637B6B1B6801209847B6
:10FBE00000BF97F83B3083F00103DBB2002B0ED04F
:10FBF000B5223349334803F089F8334B3B633B6B01
:10FC00001B6803F00103002B03D000BE01E000BF1E
:10FC10004AE000BF48E0294B1B68FB627B68BB627F
:10FC2000FB7887F8273097F8273083F00103DBB2A1
:10FC3000002B06D0FB6A3B623B6A1B68002098479A
:10FC400000BFFB6A0433B96A1846FEF71BFE034681
:10FC5000FB7797F8273083F00103DBB2002B06D047
:10FC6000FB6ABB61BB691B680120984700BFFB7F33
:10FC700083F00103DBB2002B0ED0B52210491148EE
:10FC800003F044F8104B7B617B691B6803F00103B0
:10FC9000002B03D000BE01E000BF06E000BF04E07F
:10FCA00000BF02E000BF00E000BF00BFA837BD46B4
:10FCB00080BD00BFC0330120903301208434012077
:10FCC00034A3040820750208F0ED00E080B582B08E
:10FCD00000AF0346FB71FB79002B05D0074B1B7867
:10FCE000184601F0DBF804E0044B1B78184601F0DD
:10FCF000EDF800BF0837BD4680BD00BFDDD2002053
:10FD000080B58AB000AF396011461A460346FB71D0
:10FD10000B46BB7113467B7100237B6259E03B6845
:10FD20003B623B6A5B78052B08D13B6ADB78C3F307
:10FD30000103DBB21A467B79934210D040F287422E
:10FD40002849294802F0E2FF284BBB61BB691B68C8
:10FD500003F00103002B00D000BE00233EE0FB793E
:10FD6000396A184600F044F8034683F00103DBB219
:10FD7000002B10D04FF491621A491B4802F0C6FFC5
:10FD80001A4BFB61FB691B6803F00103002B00D0D9
:10FD900000BE002322E03B6A9B78FB75FB7DDB09FC
:10FDA000DBB2012B04D13B6A9A787B6B1A7003E0BB
:10FDB0003B6A9A783B6B1A703B683B613B69FB601E
:10FDC000FB681B781A46FB6813443B607B6A01336F
:10FDD0007B62BB797A6A9A42A1DB012318462837F5
:10FDE000BD4680BD44A3040820750208F0ED00E084
:10FDF00080B586B000AF03463960FB71214B1B789C
:10FE0000FB713B689B78FB73FB7B03F07F03DBB2EA
:10FE1000052B10D940F2AF421B491C4802F076FF77
:10FE20001B4B3B613B691B6803F00103002B00D0B7
:10FE300000BE002322E0174B9B781946386802F079
:10FE400065F9034683F00103DBB2002B10D04FF4B9
:10FE500096620D490D4802F059FF0D4B7B617B699D
:10FE60001B6803F00103002B00D000BE002305E057
:10FE7000FB793968184601F0ADF803461846183783
:10FE8000BD4680BDDDD2002058A3040820750208BD
:10FE9000F0ED00E09033012080B586B000AF03465E
:10FEA0000A46FB711346BB71BB79BB73BB7B03F086
:10FEB0007F03DBB2FB75BB79FB73FB7BDB09DBB23A
:10FEC000BB75FA7DBB7D520013441833064A1344B8
:10FED00007333B610021386902F0B4F80346184645
:10FEE0001837BD4680BD00BF9033012080B586B075
:10FEF00000AF03460A46FB711346BB71BB79BB7367
:10FF0000BB7B03F07F03DBB2FB75BB79FB73FB7B31
:10FF1000DB09DBB2BB75FA7DBB7D5200134418339D
:10FF2000064A134407333B610021386902F0C4F8E4
:10FF3000034618461837BD4680BD00BF90330120E8
:10FF400080B586B000AF3A601A460346FB710B4697
:10FF5000BB711346BB80354B1B78FB71BB79BB7201
:10FF6000BB7A03F07F03DBB2FB75BB79FB72FB7AD4
:10FF7000DB09DBB2BB75FA7DBB7D2D4952000A441B
:10FF800013441833DB79C3F30003DBB2002B10D02A
:10FF900040F2DB422749284802F0B8FE274BFB60BD
:10FFA000FB681B6803F00103002B00D000BE002398
:10FFB00038E0FA7DBB7D1E4952000A44134403F128
:10FFC0001802D37943F00103D371BB88B979F8796A
:10FFD0003A6801F09FF90346002B01D0012321E08C
:10FFE000FA7DBB7D124952000A44134403F1180202
:10FFF000D3796FF30003D371FA7DBB7D0C495200B6
:020000040802F0
:100000000A44134403F11802D3796FF38203D371C6
:100010000A4B3B613B691B6803F00103002B00D0D6
:1000200000BE002318461837BD4680BDDDD2002033
:100030009033012068A3040820750208F0ED00E069
:1000400080B584B000AF03460A46FB711346BB710E
:100050001F4B1B78FB71BB793B733B7B03F07F032A
:10006000DBB2FB73BB797B737B7BDB09DBB2BB73DE
:10007000FA7BBB7B174952000A4413441833DB79DF
:10008000C3F34003DBB2002B1DD1BA79FB791146D3
:10009000184601F093FAFA7BBB7B0E4952000A44E2
:1000A000134403F11802D37943F00203D371FA7BAE
:1000B000BB7B084952000A44134403F11802D37968
:1000C00043F00103D37100BF1037BD4680BD00BFB0
:1000D000DDD200209033012080B584B000AF03460C
:1000E0000A46FB711346BB711F4B1B78FB71BB7932
:1000F0003B733B7B03F07F03DBB2FB73BB797B730A
:100100007B7BDB09DBB2BB73FA7BBB7B17495200FD
:100110000A4413441833DB79C3F34003DBB2002BEA
:100120001DD0BA79FB791146184601F059FAFA7BCD
:10013000BB7B0E4952000A44134403F11802D379E1
:100140006FF34103D371FA7BBB7B084952000A4429
:10015000134403F11802D3796FF30003D37100BF86
:100160001037BD4680BD00BFDDD200209033012096
:1001700080B485B000AF03460A46FB711346BB71DD
:10018000BB793B733B7B03F07F03DBB2FB73BB7933
:100190007B737B7BDB09DBB2BB73FA7BBB7B0A49DE
:1001A00052000A4413441833DB79C3F34003DBB233
:1001B000002B14BF01230023DBB218461437BD46C1
:1001C0005DF8047B704700BF9033012080B584B098
:1001D00000AF03463960FB713B681B7823F07F0357
:1001E000DBB2002B01D0002300E08023FB73F97BFE
:1001F000F87900230022FFF7A3FE034618461037C4
:10020000BD4680BD80B582B000AF03463960FB714A
:100210000B4B3A681068516803C3094B00229A607F
:10022000074B0022DA81064B00229A81FB7939685C
:100230001846FFF7CBFF034618460837BD4680BD7A
:100240008834012080B588B000AF0346FB71244B91
:100250009A89234BDB89D31A9BB27B8340233B8350
:100260007A8B3B8B934228BF13469BB2BB83002300
:10027000FB771B4B1B7823F07F03DBB2002B1ED0D8
:100280008023FB77BB8B002B19D0154B9A68BB8B57
:100290001449796140213961FA60BB603A69BB68F1
:1002A0009A4202D24FF0FF3305E0BA68F9687869E4
:1002B00002F0F1FE0023002B01D000230BE0BB8BEA
:1002C000002B01D0074A00E00022BB8BF97FF879B0
:1002D000FFF736FE034618462037BD4680BD00BFF7
:1002E000883401209C34012080B588B000AFB9600B
:1002F0007A601A460346FB731346BB81374BBA68D4
:100300001068516803C3354A7B689360334B002201
:10031000DA81BB68DB889AB2BB897B8213463B8259
:100320007A8A3B8A934228BF13469AB22B4B9A8112
:10033000BB68DB889BB2002B30D0284B9B89002BFD
:1003400012D07B68002B0FD175222549254802F079
:10035000DDFC254BBB61BB691B6803F00103002B6F
:1003600000D000BE002335E0FB7B1846FFF76AFF94
:10037000034683F00103DBB2002B2AD07B2218490D
:10038000184802F0C3FC184B7B617B691B6803F0C3
:100390000103002B00D000BE00231BE0FB7BB968EB
:1003A0001846FFF713FF034683F00103DBB2002B6F
:1003B0000FD080220A490B4802F0A8FC0A4BFB61CF
:1003C000FB691B6803F00103002B00D000BE002373
:1003D00000E0012318462037BD4680BD8834012047
:1003E00078A3040838750208F0ED00E080B500AF8E
:1003F00014220021024802F0CFFD00BF80BD00BFE3
:100400008834012080B483B000AF7860044A7B68F0
:10041000136100BF0C37BD465DF8047B704700BF19
:100420008834012080B483B000AF7860094B7A68CB
:100430001068516803C3074B00229A60054B0022E5
:10044000DA81044B00229A8100BF0C37BD465DF86B
:10045000047B70478834012080B588B000AF3B60D2
:100460000346FB710B46BB7113467B71BB79FB7373
:10047000FB7BDB09DBB2584A1278C2F3C012D2B25E
:10048000934226D03B68002B0FD0AD2253495448ED
:1004900002F03CFC534B3B613B691B6803F00103DA
:1004A000002B00D000BE002391E04F4B002B04D066
:1004B000FB7949491846AFF30080474B1B69002B75
:1004C00005D0454B1B69F879434A0321984701231E
:1004D0007DE0414B1B7823F07F03DBB2002B0CD176
:1004E0003D4B9B68002B01D1002370E03A4B9B6889
:1004F0003A683E49184602F0CEFD374BDA893B6830
:100500009BB213449AB2344BDA81334B9A683B68FE
:100510001344314A9360304BDA882F4BDB899A427F
:1005200002D03B683F2B36D80123FB772A4B1B694F
:10053000002B07D0284B1B69F879274A02219847DE
:100540000346FB77FB7F002B1AD0FB792249184624
:10055000FFF73CFE034683F00103DBB2002B34D0EF
:10056000DA221E491E4802F0D1FB1E4B7B617B69DB
:100570001B6803F00103002B00D000BE002326E01F
:10058000FB790021184601F019F8FB798021184603
:1005900001F014F819E0FB791846FFF753FE034603
:1005A00083F00103DBB2002B10D0E5220B490C488D
:1005B00002F0ACFB0B4BBB61BB691B6803F0010392
:1005C000002B00D000BE002301E000BF012318462D
:1005D0002037BD4680BD00BF883401208CA30408AD
:1005E00038750208F0ED00E0000000009C340120A6
:1005F00080B586B000AF03463960FB711346BB710E
:1006000007F10C0300221A605A609A60FB793B7371
:1006100003237B733B683B61BA7907F10C031146F6
:100620001846FFF73BF900BF1837BD4680BD0000F4
:1006300080B483B000AF0346FB7197F90730002BFD
:100640000BDBFB7903F01F02074997F907305B09C1
:10065000012000FA02F241F8232000BF0C37BD460A
:100660005DF8047B704700BF00E100E080B483B018
:1006700000AF0346FB7197F90730002B12DBFB79C3
:1006800003F01F020A4997F907305B09012000FABD
:1006900002F2203341F82320BFF34F8F00BFBFF396
:1006A0006F8F00BF00BF0C37BD465DF8047B7047FD
:1006B00000E100E080B483B000AF78600B46FB70CF
:1006C000FB78002B06D17B689B6B43F480327B6800
:1006D0009A6305E07B689B6B23F480327B689A63A6
:1006E00000BF0C37BD465DF8047B704780B485B011
:1006F00000AF78600B46FB70FB78002B52D12C4B7F
:100700001B682C4A934202D30623FB6041E0284B2E
:100710001B68294A934202D90723FB6039E0244B26
:100720001B68264A934202D30823FB6031E0204B2A
:100730001B68234A934202D90923FB6029E01C4B22
:100740001B68204A934202D90A23FB6021E0184B20
:100750001B681D4A934202D90B23FB6019E0144B1E
:100760001B681A4A934202D30C23FB6011E0104B22
:100770001B68174A934202D30D23FB6009E00C4B20
:100780001B68144A934202D30E23FB6001E00F233F
:10079000FB607B68DB6823F47052FB689B021A43A2
:1007A0007B68DA6000BF1437BD465DF8047B704794
:1007B000BCD200200048E801DF9DA30100366E0195
:1007C0003FA44C01FF2C31019F491A01807306019F
:1007D0000024F400C0E1E40080B483B000AF03461D
:1007E0000A46FB8013467B71FB889B089AB27B7993
:1007F0009BB213449BB25B009BB20F339BB2184673
:100800000C37BD465DF8047B7047000080B586B0AC
:1008100000AF0346FB71FB791B4A1B0113441B68A5
:100820003B61FB79184A1B01134408331B78FB73A7
:100830000023FB8200237B7513E07B7D134A5B0161
:1008400013440A331A88FB8ABB8113467B81BA8919
:100850007B89934238BF13469BB2FB827B7D013379
:100860007B757A7DFB7B9A42E7D3FA7BFB8A114644
:100870001846FFF7B1FF03461A463B695A6200BFAC
:100880001837BD4680BD00BFA4A30408E43401208E
:1008900080B586B000AF0346FB71FB793F4A1B0170
:1008A00013441B683B61FB793C4A1B01134408332A
:1008B0001B78FB734FF490720021394802F06CFBF7
:1008C000384B00221A70384B00221A703B69D3F85B
:1008D000003823F4FE623B69C3F800280023FB754F
:1008E00010E0FB7D3A6958335B0113441A68FB7DC5
:1008F00042F00062396958335B010B441A60FB7D9A
:100900000133FB75FA7DFB7B9A42EAD33B694FF0DA
:100910000112C3F81C283B690922C3F814283B695B
:100920000922C3F81028FB7B19464020FFF754FF2B
:1009300003461A463B695A621C4B10221A80FB7907
:10094000164A1B0113440C331B689B08174A128874
:100950009B1A43F480123B699A623B69D3F80039D1
:1009600023F003023B69C3F800290D4B40225A8152
:100970000B4B40225A833B69D3F8103B43F0C042F3
:100980003B69C3F8102B3B699B6943F440223B69E8
:100990009A6100BF1837BD4680BD00BFA4A30408FC
:1009A000E43401200A3601200B36012008360120EC
:1009B00090B48AB000AF0446084611461A46234652
:1009C000FB710346BB710B467B7113467B80FB7941
:1009D000714A1B0113441B687B62BB79002B21D138
:1009E000BA797B79520013441B016C4A13443B6271
:1009F0007B796B4A32F813203B6A5B89FA81BB81B1
:100A0000FA89BB89934228BF13469BB23B867B7908
:100A1000634A32F813107B793A8E8A1A91B2604A8F
:100A200022F813107B79012B56D17B6A03F51063F2
:100A30007B617B88DB0418463A8EBB795B01796960
:100A40000B4402431A61BB795B017A6913441A684B
:100A5000BB795B0179690B4442F004421A60BB79AF
:100A60005B017A6913441B6803F44023B3F5802FBC
:100A700023D1BA797B794949520013441B010B44B5
:100A80000C331B78012B18D17B6AD3F8083803F498
:100A900080733B61BB795B017A6913441A683B69D7
:100AA000002B02D04FF0805101E04FF00051BB7994
:100AB0005B01786903440A431A603B8E002B65D0C2
:100AC0007B6AD3F83438BA79012101FA02F21A4369
:100AD0007B6AC3F8342859E07B6A03F53063FB6115
:100AE000BB795B01FA6913441A69BB795B01F96947
:100AF0000B4402F060421A61BB795B01FA6913444E
:100B000019697B88DB041A463B8E1A43BB795B016B
:100B1000F86903440A431A61BB795B01FA6913441B
:100B20001A68BB795B01F9690B4442F004421A6010
:100B3000BB795B01FA6913441B6803F44023B3F5E6
:100B4000802F23D1BA797B791449520013441B01B9
:100B50000B440C331B78012B18D17B6AD3F808386F
:100B600003F48073BB61BB795B01FA6913441A68B3
:100B7000BB69002B02D04FF0805101E04FF00051D3
:100B8000BB795B01F86903440A431A6000BF283748
:100B9000BD4690BC704700BFA4A30408E434012004
:100BA0000436012080B483B000AF78607B681B6995
:100BB00043F001027B681A6100BF7B681B6903F088
:100BC0000103002BF9D100BF7B681B69002BFBDA06
:100BD00000BF00BF0C37BD465DF8047B704780B492
:100BE00083B000AF7860002318460C37BD465DF82F
:100BF000047B704780B582B000AF78607B68DB68AB
:100C000043F040027B68DA6000217868FFF752FD0C
:100C10007868FFF7C7FF7B68DB6823F4705343F401
:100C2000A0527B68DA6000217868FFF75FFD7B687F
:100C3000D3F8003843F003027B68C3F8002800BFF4
:100C40000837BD4680BD80B584B000AF78607B6852
:100C5000DB68FB60FB6823F04003FB607B6893F874
:100C6000483023F03F03DBB2802B10D1FB6843F008
:100C70001003FB60FB6823F08803FB60FB6823F430
:100C80004013FB60FB6823F42023FB600FE0FB684C
:100C900023F01803FB607B6893F8513023F03F0387
:100CA000DBB2002B03D0FB6843F00803FB607B68DA
:100CB000FA68DA607B6893F84830C3F38113DBB2DB
:100CC00019467868FFF7F6FC7868FFF76BFFFB685A
:100CD00023F47053FB607B6893F8513023F03F039B
:100CE000DBB2002B02D04FF4A05301E04FF41053BD
:100CF000FA681343FB607B68FA68DA607B6893F8F4
:100D00004830C3F38113DBB219467868FFF7EEFC75
:100D10007B68D3F80038BB60BB6823F00303BB607B
:100D20007B6893F8483023F03F03DBB2802B03D17C
:100D3000BB6843F48043BB607B68BA68C3F8002893
:100D400000BF1037BD4680BD80B584B000AF78606D
:100D50007B681B6C1B0C1B04FB60FB68104A9342F6
:100D600018D0FB680F4A934214D0FB680E4A934296
:100D700010D04FF4EF720D490D4801F0C7FF0D4B35
:100D8000BB60BB681B6803F00103002B00D000BEF2
:100D9000002300E0012318461037BD4680BD00BF88
:100DA0000000544F0000315500003255C4A3040820
:100DB00050750208F0ED00E080B584B000AF034646
:100DC000FB71FB79334A1B0113441B68FB60F86815
:100DD000FFF7BAFF034683F00103DBB2002B55D1C6
:100DE000FB79184600F0DAF8F868FFF7F8FE0346DA
:100DF000002B03D0F868FFF726FF02E0F868FFF742
:100E0000F9FEFB68D3F8003E23F00F02FB68C3F83D
:100E1000002EFB68DB6843F00702FB68DA60FB68C2
:100E2000DB6823F0C04343F08042FB68DA60FB6874
:100E30001B6823F0D00343F0C002FB681A60FB6814
:100E4000D3F8003843F00402FB68C3F80028FB68BD
:100E50005B69BB60FB685A69BB681A43FB685A61EF
:100E6000FB685B68BB60FB685A68BB681A43FB6839
:100E70005A60FB68084A9A61FB689B6843F001026C
:100E8000FB689A60FB79184600F06CF81037BD4695
:100E900080BD00BFA4A304081638008080B584B0CC
:100EA00000AF0346FB71FB79FB73FB7B064A1B011A
:100EB000134404331B685BB21846FFF7B9FB00BF4D
:100EC00000BF1037BD4680BDA4A3040880B584B020
:100ED00000AF0346FB71FB79FB73FB7B064A1B01EA
:100EE000134404331B685BB21846FFF7BFFB00BF17
:100EF00000BF1037BD4680BDA4A3040880B584B0F0
:100F000000AF03460A46FB711346BB71FB79144AD6
:100F10001B0113441B68FB60FB68D3F8003823F403
:100F2000FE63BA7912011A43FB68C3F80028002354
:100F3000FB720123BB72BB7A002B02D06FF07F03E0
:100F400000E0002397F90B2013435BB2D9B2F87984
:100F50000023002200F0DEF900BF1037BD4680BD3F
:100F6000A4A3040880B485B000AF0346FB71FB79ED
:100F7000094A1B0113441B68FB60FB68D3F8043863
:100F800023F00202FB68C3F8042800BF1437BD46F3
:100F90005DF8047B704700BFA4A3040880B485B04B
:100FA00000AF0346FB71FB79094A1B0113441B6820
:100FB000FB60FB68D3F8043843F00202FB68C3F817
:100FC000042800BF1437BD465DF8047B704700BF9E
:100FD000A4A3040880B58EB000AF03463960FB714E
:100FE000FB79A04A1B0113441B687B63FB799D4A74
:100FF0001B01134408331B7887F833303B689B7818
:10100000BB75BB7D03F07F03DBB287F832303B68F2
:101010009B78FB75FB7DDB09DBB287F8313097F8F5
:10102000322097F833309A4210D340F282228E4910
:101030008E4801F06BFE8E4BBB61BB691B6803F0F1
:101040000103002B00D000BE002307E197F83220F7
:1010500097F83130520013441B01864A1344FB6257
:101060003B68BB60BB689B889BB2C3F30A039AB220
:10107000FB6A5A813B689A79FB6A1A73FB6A5B893F
:101080003B610423FB603A69FB6813445A1EFB680A
:10109000B2FBF3F37B8597F83130002B66D17B8D63
:1010A0009B009BB297F8332011461846FFF794FB3C
:1010B00003467B847B6B5A6A7B8C9A4221D27B8C61
:1010C0006D4A128813441946FB79664A1B01134482
:1010D0000C331B689B08994210D940F29222624956
:1010E000624801F013FE624BFB61FB691B6803F071
:1010F0000103002B00D000BE0023AFE07A8C7B6B95
:101100005A6297F832307A6B58335B0113441A688D
:101110003B68DB78C3F30103DBB29B0419463B68F1
:10112000DB7803F00303DBB2012B02D04FF08053D6
:1011300000E000230B43F96A49890B431A4397F8EF
:10114000323042F40042796B58335B010B441A6031
:101150007B6BD3F81C2897F832301033012101FA49
:1011600003F31A437B6BC3F81C2876E0424B1B88C1
:101170001A467B8D13441A467B6B5B6A1A44FB79D3
:1011800038491B010B440C331B689B089A4210D949
:1011900040F2B7223449354801F0B8FD344B7B6248
:1011A0007B6A1B6803F00103002B00D000BE002304
:1011B00054E0314B1A887B8D13449AB22E4B1A801F
:1011C0007B8D1B041946FB79264A1B0113440C3303
:1011D0001B689B08284A12889A1A97F83230013BFC
:1011E0000A43796B40339B000B445A6097F83230C6
:1011F0007A6B48335B011344196897F832309B05CA
:1012000043F400423B68DB78C3F30103DBB29B0489
:1012100013431A463B68DB7803F00303DBB2012B70
:1012200002D04FF0805300E000231343FA6A528942
:101230001A4397F832300A43796B48335B010B4409
:101240001A607B6BD3F81C3897F83220012101FA21
:1012500002F21A437B6BC3F81C2801231846383767
:10126000BD4680BDA4A30408D0A30408507502089D
:10127000F0ED00E0E43401200836012080B487B0AE
:1012800000AF0346FB71FB791F4A1B0113441B6827
:101290003B61FB791C4A1B01134408331B78FB7329
:1012A0003B694FF00112C3F81C280123FB751EE0B7
:1012B000FB7D3A6958335B01134400221A60FB7DC1
:1012C000124A5B0113440A3300221A80FB7D3A69FB
:1012D00048335B01134400221A60FB7D0B4A5B011B
:1012E00013441A3300221A80FB7D0133FB75FA7D0B
:1012F000FB7B9A42DCD3064B10221A8000BF1C37BE
:10130000BD465DF8047B7047A4A30408E4340120C3
:101310000836012090B589B002AF3A601A460346FC
:10132000FB710B46BB711346BB80BB793B733B7BA8
:1013300003F07F03DBB27B75BB797B737B7BDB09BF
:10134000DBB23B757A7D3B7D520013441B01234A7F
:1013500013443B613B693A681A603B6900225A605A
:101360003B69BA881A817B7D002B10D13B7D1C49DB
:10137000BA8821F813203B7D194A32F813303A7DA0
:10138000797DF87900930123FFF712FB20E03B6998
:101390005B89BA88B2FBF3F3FB823B695A89BB884D
:1013A000B3FBF2F101FB02F29B1AFB81FB89002BDC
:1013B00002D1BB88002B02D1FB8A0133FB82FC8A5D
:1013C0003A7D797DF879BB8800932346FFF7F0FAE0
:1013D000012318461C37BD4690BD00BFE4340120F0
:1013E0000436012080B489B000AF0346FB710B4680
:1013F000BB7113467B71FB796E4A1B0113441B685A
:10140000FB61BB79BB73BB7B03F07F03DBB2FB7675
:10141000BB79FB73FB7BDB09DBB2BB76BB7E012BAD
:1014200067D1FB6903F510633B61FB7E002B06D09F
:10143000FB7E5B013A6913441B68002B13DBFB7EC8
:101440005B013A6913441A687B79002B02D04FF094
:10145000026101E04FF00061FB7E5B0138690344EB
:101460000A431A6037E0FB7E5B013A6913441A684D
:10147000FB7E5B0139690B4442F000621A6000BFD9
:10148000FB7E5B013A6913449B6803F04003002B29
:10149000F6D0FB7E5B013A6913441A687B79002B16
:1014A00001D0454901E04FF08041FB7E5B01386986
:1014B00003440A431A6000BFFB7E5B013A69134490
:1014C0009B6803F00203002BF6D0FB7E5B013A69B8
:1014D000134402229A60FB7E9B0143F02002FB69C9
:1014E0001A6100BFFB691B6903F02003002BF9D1CF
:1014F00059E0FB6903F530637B61FB7E002B06D06E
:10150000FB7E5B017A6913441B68002B12DBFB7EB8
:101510005B017A6913441A687B79002B02D04FF47F
:10152000001100E00021FB7E5B01786903440A435F
:101530001A6038E0FB69D3F8043843F40072FB69A1
:10154000C3F8042800BFFB695B6903F08003002B2C
:10155000F9D0FB7E5B017A6913441A687B79002B12
:1015600001D0154901E04FF08041FB7E5B017869B5
:1015700003440A431A6000BFFB7E5B017A6913448F
:101580009B6803F00203002BF6D0FB7E5B017A69B7
:10159000134402229A60FB69D3F8043843F4806252
:1015A000FB69C3F8042800BF2437BD465DF8047BFF
:1015B000704700BFA4A304080000204080B582B09B
:1015C00000AF03460A46FB711346BB71B979FB793C
:1015D00001221846FFF706FF00BF0837BD4680BD51
:1015E00080B485B000AF03460A46FB711346BB7159
:1015F000FB792A4A1B0113441B68FB60BB793B72D1
:101600003B7A03F07F03DBB2FB72BB797B727B7AA0
:10161000DB09DBB2BB72BB7A012B1CD1FB7AFA6807
:1016200048335B0113441A68FB7A22F40012F9680C
:1016300048335B010B441A60FB7AFA6848335B015C
:1016400013441A68FB7A42F08052F96848335B0110
:101650000B441A601BE0FB7AFA6858335B011344B1
:101660001A68FB7A22F40012F96858335B010B44C4
:101670001A60FB7AFA6858335B0113441A68FB7AE4
:1016800042F08052F96858335B010B441A6000BF86
:101690001437BD465DF8047B704700BFA4A304085F
:1016A00080B48DB000AF03463960FB711346BB8038
:1016B000FB79274A1B0113441B68BB62BB6A03F515
:1016C00080537B62BB889B08FB850BE07B6A1B68B1
:1016D0003A68BA617B61BB697A691A6000BF3B688E
:1016E00004333B60FB8D5A1EFA85002BEED1BB887C
:1016F000DBB203F0030387F8233097F82330002B85
:1017000020D07B6A1B68FB61FB693B613B69DAB2F5
:101710003B681A7097F82330012B07D93B680133D7
:10172000FA69FA60FA68120AD2B21A7097F823308E
:10173000022B07D93B680233FA69BA60BA68120C07
:10174000D2B21A7000BF3437BD465DF8047B7047D3
:10175000A4A3040880B489B000AF3A601A460346D7
:10176000FB710B46BB711346BB80FB79234A1B01FF
:1017700013441B687B61BB7901331B037A691344F3
:101780003B61BB889B08FB8308E03B68BB60BB6890
:101790001A683B691A603B6804333B60FB8B5A1E36
:1017A000FA83002BF1D1BB88DBB203F00303FB7398
:1017B000FB7B002B1BD03B681B78BB61FB7B012BA9
:1017C00007D93B6801331B781B021A46BB691343D8
:1017D000BB61FB7B022B07D93B6802331B781B04E0
:1017E0001A46BB691343BB613B69BA691A6000BF03
:1017F0002437BD465DF8047B704700BFA4A30408EE
:1018000080B58CB000AF0346FB71FB795D4A1B01CC
:1018100013441B68BB62BB6A03F580537B62BB6ADF
:101820001B6A3B623B6A5B0CDBB203F00F03FB7786
:101830003B6ADBB203F00F03BB773B6A1B099BB229
:10184000C3F30A03BB83BB7F58335B01BA6A1344FB
:10185000BB61FB7F013B052B7ED801A252F823F030
:101860006D19020899180208131902088B1802084A
:1018700059190208791802087B6A1B68424A1360EA
:101880007B6A1B68404A536077E0BB691B6943F081
:10189000C042BB691A6170E0BB7F5B013B4A1344E5
:1018A0003B613B695B68002B07D03B695B68BA8B87
:1018B000796A1846FDF73BF80CE03B691968BA8B6A
:1018C000FB791846FFF7ECFE3B691A68BB8B1A449C
:1018D0003B691A603B695B89BA8B9A4248D2BB6903
:1018E0001B69C3F312013B691A898BB2D31A9AB2EE
:1018F0003B691A81BB7F002B3AD13B691A89244B83
:101900001B88D31A9AB23B691A81214B00221A8094
:101910002EE0BB7F002B2DD1BB8B002B2AD1BB6AC5
:101920001B6C1C4A934225D9BB699B687B617A6911
:1019300048F220031340002B1CD00123FB627B697B
:1019400003F02003002B03D0FB6A43F02003FB626B
:10195000BB69FA6A9A600DE00F4BFB60FB681B687D
:1019600003F00103002B07D000BE05E000BF04E038
:1019700000BF02E000BF00E000BF00BF3037BD463F
:1019800080BD00BFA4A30408DC340120E43401209E
:10199000043601200930544FF0ED00E080B596B0D8
:1019A00002AF0346FB71FB79604A1B0113441B68BD
:1019B0007B64FB795D4A1B01134408331B7887F86D
:1019C0004330002387F84F30A4E07B6CD3F818280D
:1019D00097F84F30103322FA03F303F00103002B82
:1019E00000F0938097F84F3058335B017A6C1344C2
:1019F000FB63FB6B9B68BB63BB6B03F00803002BB3
:101A000034D00823BB64BB6B03F40043002B08D025
:101A10007B6C1B6C464A934203D9BB6C43F4004376
:101A2000BB64FB6BBA6C9A60FB7987F83330414B2F
:101A3000FB62012387F82B3007F1140300221A60A0
:101A40005A609A6097F833303B7506237B75FA6AC3
:101A500007F118031068516803C397F82B2007F1AA
:101A6000140311461846FDF719FF00BFFB6B9B6876
:101A700003F00103002B48D0FB6B01229A6097F81A
:101A80004F305B012C4A13447B6397F84F30002B97
:101A90000ED12A4B1B88002B0AD0284B1B8897F8A5
:101AA0004F10F879009301230022FEF781FF2CE00C
:101AB0007B6B1B891A46FB7987F82A3097F84F30E1
:101AC00087F829307A62002387F82330012387F8CA
:101AD000223007F1080300221A605A609A6097F8D2
:101AE0002A303B7207237B7297F829303B737B6A5D
:101AF0003B6197F823307B7397F8222007F10803A6
:101B000011461846FDF7CAFE00BF97F84F30013363
:101B100087F84F3097F84F2097F843309A42FFF4F8
:101B200054AF00BF00BF5037BD4680BDA4A304081A
:101B30000930544FDC340120E43401200436012004
:101B400080B594B002AF0346FB71FB79884A1B0154
:101B500013441B683B64FB79854A1B01134408331B
:101B60001B7887F83F303B6C03F51063BB630023A1
:101B700087F84730F0E03B6CD3F8182897F84730E7
:101B800022FA03F303F00103002B00F0E08097F842
:101B900047305B011033774A13447B6397F8473033
:101BA0005B01BA6B13449B6803F00103002B46D022
:101BB00097F847305B01BA6B134401229A6097F89B
:101BC0004730002B0ED16C4B5B88002B0AD06A4B40
:101BD0005B8897F84710F879009301230122FEF7FC
:101BE000E7FE2CE097F8473063F07F03D9B27B6BB8
:101BF0001B891A46FB7987F827300B4687F8263071
:101C00003A620023FB770123BB7707F10C03002224
:101C10001A605A609A6097F827303B7307237B73EA
:101C200097F826303B743B6A7B61FB7F7B74BA7FFD
:101C300007F10C0311461846FDF730FE00BF97F878
:101C400047305B01BA6B13449B6803F08003002BA1
:101C50007DD03B6CD3F8343897F84720012101FA46
:101C600002F21340002B72D097F847305B01BA6B39
:101C700013441B69DB0C9BB2C3F309037B8600236F
:101C8000A7F8443045E097F847305B01BA6B13443E
:101C90001B693B867B6B5A893B8EBB8313467B83D8
:101CA000BA8B7B8B934228BF13469BB2FB85FA8D80
:101CB00097F847305B01B96B0B449B6999002F4B38
:101CC0000B409A422BD87B6B5B68002B0ED097F8A9
:101CD000473001331B033A6C1344BB627B6B5B6878
:101CE000FA8DB96A1846FCF7BBFD0DE07B6B1A68EC
:101CF000FB8D97F84710F879FFF72CFD7B6B1A687E
:101D0000FB8D1A447B6B1A60B7F844300133A7F897
:101D10004430B7F844207B8E9A42B4D300E000BF31
:101D200097F847305B01BA6B13441B69C3F3120386
:101D3000002B0CD13B6CD3F8343897F847200121A5
:101D400001FA02F2D2431A403B6CC3F8342897F8E8
:101D50004730013387F8473097F8472097F83F30EE
:101D60009A42FFF408AF00BF00BF4837BD4680BDB0
:101D7000A4A30408E434012004360120FCFF03007E
:101D800080B59CB000AF0346FB71FB79AA4A1B01EA
:101D900013441B68BB66BB6E9B697B66BB6E5B694D
:101DA0007A6E13403B663B6E03F48053002B07D0E2
:101DB000BB6E4FF480525A61FB791846FEF768FDFE
:101DC0003B6E03F40053002B3BD0BB6E4FF400522C
:101DD0005A61BB6ED3F808385B0803F00303002B8D
:101DE00002D0022B04D007E0022387F86F3007E00F
:101DF000012387F86F3003E0002387F86F3000BFBE
:101E0000FB7987F8573097F86F3087F85630012301
:101E100087F8553007F1180300221A605A609A605B
:101E200097F857303B7601237B7697F856303B770F
:101E300097F8552007F1180311461846FDF72EFDB7
:101E400000BF3B6E03F40063002B23D0BB6E4FF446
:101E500000625A61FB7987F85430042387F85330C5
:101E6000012387F8523007F1240300221A605A60D8
:101E70009A6097F8543087F8243097F8533087F8F1
:101E8000253097F8522007F1240311461846FDF734
:101E900005FD00BF3B6E002B23DABB6E4FF0004206
:101EA0005A61FB7987F85130052387F850300123B8
:101EB00087F84F3007F1300300221A605A609A60A9
:101EC00097F8513087F8303097F8503087F8313034
:101ED00097F84F2007F1300311461846FDF7DEFC56
:101EE00000BF3B6E03F00403002B28D0BB6E5B6881
:101EF000FB65FB6D03F00403002B1DD0FB7987F815
:101F00004E30022387F84D30012387F84C3007F11B
:101F10000C0300221A605A609A6097F84E303B73A7
:101F200097F84D307B7397F84C2007F10C0311465E
:101F30001846FDF7B3FC00BFBB6EFA6D5A603B6EEE
:101F400003F00803002B3AD0BB6E08225A603B4BCB
:101F50001B78002B0DD0BB6ED3F808381B0AC3F3D7
:101F60000D03BB65FB790122B96D1846FEF740FBF6
:101F700005E0BB6E9B6923F00802BB6E9A61FB799A
:101F800087F84B30032387F84A30012387F849301C
:101F900007F13C0300221A605A609A6097F84B30B0
:101FA00087F83C3097F84A3087F83D3097F8492059
:101FB00007F13C0311461846FDF770FC00BF3B6E6D
:101FC00003F01003002B20D0BB6E9B6923F010029E
:101FD000BB6E9A61FB791846FFF712FCBB6E5B681B
:101FE00003F01003002BF5D1154B1B78002B06D006
:101FF000FB791846FEF70AFC114B00221A70BB6EE3
:102000009B6943F01002BB6E9A613B6E03F40023A0
:10201000002B03D0FB791846FFF7C0FC3B6E03F49E
:102020008023002B03D0FB791846FFF789FD00BF02
:102030007037BD4680BD00BFA4A304080B36012045
:102040000A36012080B485B000AF786039607B68C3
:102050001B78C3F30003DBB2002B06D17B681B782F
:10206000C3F38003DBB2002B01D000231EE07B68AA
:102070001B78C3F30003DBB2002B08D17B681B780D
:10208000C3F38003DBB2002B01D1012300E0002366
:10209000FB73FB7B03F00103FB73FB7B002B04D082
:1020A0007A68137843F004031370FB7B18461437E7
:1020B000BD465DF8047B704780B485B000AF7860A2
:1020C00039607B681B78C3F38003DBB2012B08D136
:1020D0007B681B78C3F30003DBB2002B01D1012323
:1020E00000E00023FB73FB7B03F00103FB73FB7B2E
:1020F000002B04D07A6813786FF382031370FB7B94
:1021000018461437BD465DF8047B704780B58AB029
:1021100000AF78600B46FB707B68FB60FB689B88B8
:102120009BB2C3F30A039BB2FB847B68DB78C3F3E7
:102130000103DBB2032B4DD0032B67DC012B02D054
:10214000022B1DD062E0FB78022B02D14FF480639A
:1021500001E040F2FF33FB82FA8CFB8A9A4257D9A6
:10216000A3223049304800F0D1FD304B3B613B6940
:102170001B6803F00103002B00D000BE00234DE0DC
:10218000FB78022B13D1FB8CB3F5007F42D0AB223E
:102190002449254800F0BAFD244BBB61BB691B688C
:1021A00003F00103002B00D000BE002336E0FB8CBF
:1021B000402B2FD9AF221B491B4800F0A7FD1B4B1A
:1021C000FB61FB691B6803F00103002B00D000BE1C
:1021D000002323E0FB78022B02D14FF4806300E060
:1021E0004023BB84FA8CBB8C9A4215D9B6220D4988
:1021F0000D4800F08BFD0D4B3B623B6A1B6803F002
:102200000103002B00D000BE002307E0002305E0FF
:1022100000BF02E000BF00E000BF012318462837DE
:10222000BD4680BDE0A3040868750208F0ED00E03B
:1022300080B48DB000AFF860B96011461A460B4605
:10224000FB8013467B71BB68FB62FB88FA6A134410
:10225000BB6227E0FB6A3B623B6A01331B78052BBC
:1022600016D1FB6A9B7887F8273097F82730BB7721
:10227000BB7F03F07F03DBB25B00FA68134497F87F
:102280002720FA77FA7FD209D2B211467A795A54C6
:10229000FB6ABB61BB697B617B691B781A467B6902
:1022A0001344FB62FA6ABB6A9A42D3D300BF00BFF1
:1022B0003437BD465DF8047B70472DE9FF4755EC88
:1022C000104B002D0E4619462B46BBBF05F10043AF
:1022D0001D4600232D230B700D9BDDF830A0914689
:1022E00023F02008BCBF22461446B8F1460F05D0A3
:1022F000B8F1450F00D10136022100E0032103AB04
:10230000019302AB009345EC104B5346324600F06C
:102310005BFFB8F1470F074602D119F0010F22D039
:10232000B8F1460F07EB060910D13B78302B0AD1E4
:102330000022002320462946DEF7E6FB18B9C6F145
:102340000106CAF80060DAF8003099440022002340
:1023500020462946DEF7D8FB08B1CDF80C90302294
:10236000039B4B4507D3039B0E9ADB1B3846136038
:1023700004B0BDE8F087591C03911A70F0E7F7B577
:1023800003460029B8BF494203F8022BB4BF2D22EF
:102390002B22092942702ADD0DF1070217460A2671
:1023A000944691FBF6F506FB151430340CF8014CFD
:1023B0000C46632C02F1FF322946F1DC3031ACF1DE
:1023C000020402F8011C411C2246BA420AD30DF154
:1023D0000902A2EB0C02BC4288BF00221344181A67
:1023E00003B0F0BD12F8015B01F8015FEDE73023A7
:1023F00030318370C170031DF1E700002DE9F04F0B
:102400002DED028B8DB00C46DDF8608016461F4620
:10241000054600F0C9FDD0F800A05046DDF748FFA2
:1024200000230A9323680593D8F8003094F818B075
:10243000073323F0070303F10802C8F80020D3E9AB
:10244000008929F000430793CDF8188008EE100AA0
:10245000C4E91289DDE906019E4B4FF0FF32DEF739
:1024600085FB88BBDDE906019A4B4FF0FF32DEF7B2
:102470005FFB48BB0022002340464946DEF74EFB87
:1024800010B12D2384F84330934A944BBBF1470F8E
:1024900094BF9046984603232361059B23F00403D1
:1024A00023604FF00009009733460BAA21462846C7
:1024B00000F0DAF9013040F090804FF0FF300DB0BD
:1024C000BDEC028BBDE8F08F42464B464046494684
:1024D000DEF74CFB40B14B46002BBCBF2D2384F8EC
:1024E00043307F4A7F4BD1E763680BF0DF020692EF
:1024F0005A1C3FD106236360059B616843F48062E8
:10250000002303930AABCDE901B309AB49EC108B6F
:10251000009322600DF123032846FFF7CEFE069BB1
:102520000999472B804608D1C81C02DB6368994291
:1025300041DDABF102035FFA83FBBBF1650F20D8ED
:1025400001395A4604F150000991FFF718FF0A9A21
:102550001318012A8146236102DC2268D20701D5C3
:10256000013323619DF82330002B9CD02D2384F868
:10257000433098E7069A472ABED1002BBCD10123ED
:10258000B9E7BBF1660F18D1002963680BDD216143
:1025900013B92268D00702D501330B442361A1652A
:1025A0004FF00009DEE713B92268D20701D50233E4
:1025B000F4E70123F2E74FF0670B0A9B994205DB32
:1025C00023682161D807EAD54B1CE7E70029D4BF6F
:1025D000C1F1020201221344E0E723685A0507D43F
:1025E0002369424631462846B84701302CD164E77A
:1025F000BBF1650F40F2E080D4E912010022002314
:10260000DEF782FA002834D0374A012331462846C3
:10261000B84701303FF451AFDDE909239A4202DBAC
:102620002368D80710D518EE103A5246314628468E
:10263000B84701303FF441AF4FF0000804F11A09E8
:102640000A9B013B434509DC23689B0700F1078196
:10265000E0680B9B9842B8BF184630E701234A4612
:1026600031462846B84701303FF427AF08F101084A
:10267000E6E7099B002B39DC1B4A0123314628463B
:10268000B84701303FF419AFDDE90932134302D1F5
:102690002368D907D8D518EE103A52463146284655
:1026A000B84701303FF409AF4FF0000904F11A0AAE
:1026B000099B5B424B4501DC0A9B92E70123524692
:1026C00031462846B84701303FF4F7AE09F1010919
:1026D000EEE700BFFFFFEF7FF2A40408F6A40408B2
:1026E000FAA40408FEA4040802A504080A9AA36D2B
:1026F0009A42A8BF1A46002A914637DC4FF0000BD9
:1027000029EAE97904F11A02A36D0593A3EB090301
:102710005B4533DCDDE909239A423BDB2368DA07BA
:1027200038D4DDE90932A2EB0309059BD21A9145A1
:10273000A8BF9146B9F1000F35DC4FF0000829EA37
:10274000E97904F11A0ADDE909239B1AA3EB0903CD
:1027500043457FF779AF0123524631462846B847B3
:1027600001303FF4AAAE08F10108ECE71346314608
:1027700042462846B8470130C0D19EE60123314683
:1027800028460592B84701303FF497AE059A0BF101
:10279000010BB9E718EE103A524631462846B847C1
:1027A0000130BED189E6059A4B464244314628465F
:1027B000B8470130C1D180E60A9A012A01DCDB0763
:1027C0003AD50123424631462846B84701303FF406
:1027D00074AE18EE103A524631462846B8470130DA
:1027E0003FF46BAED4E9120100220023DDF828A0EB
:1027F000DEF78AF9D8B90AF1FF3308F10102314650
:102800002846B84701300ED157E6012352463146DB
:102810002846B84701303FF450AE08F101080A9B42
:10282000013B4345F1DC4B4604F15002DAE64FF040
:10283000000804F11A0AF2E701234246DFE7012308
:102840004A4631462846B84701303FF436AE08F1D3
:102850000108E3680B995B1A4345F0DCF8E64FF09A
:10286000000804F11909F4E72DE9F04716469946E6
:102870008A680B69DDF820809342B8BF1346336045
:1028800091F8432007460C460AB1013333602368B0
:10289000990642BF336802333360256815F0060598
:1028A00006D104F1190AE36832689B1AAB4226DCB0
:1028B00094F84320131E226818BF012392062BD4DC
:1028C00004F1430249463846C04701301ED0236810
:1028D000226903F00603042B02BFE5683368ED1A92
:1028E000A3680CBF25EAE57500259342C4BF9B1A77
:1028F000ED1800261A34B5421AD1002008E0012351
:10290000524649463846C047013003D14FF0FF30A8
:10291000BDE8F0870135C6E7E1185A1C302081F880
:102920004300224494F8451082F843100233C7E76D
:102930000123224649463846C0470130E6D00136D9
:10294000D9E700002DE9FF470F7E0C9D782F9146B7
:1029500080460C469A4601F1430207D8622F0AD8F6
:10296000002F00F0D480582F00F0C08004F1420501
:1029700084F842703AE0A7F16303152BF6D801A161
:1029800051F823F0DD290208F12902086D29020817
:102990006D2902086D2902086D290208F129020833
:1029A0006D2902086D2902086D2902086D290208A7
:1029B000F52A02081D2A0208AF2A02086D2902081A
:1029C0006D290208172B02086D2902081D2A02082A
:1029D0006D2902086D290208B72A02082B681A1D02
:1029E0001B682A6004F1420584F8423001239FE00D
:1029F00020682B68070603F10401296001D51E68D1
:102A000003E04606FBD5B3F90060002E03DA2D2360
:102A1000764284F843305A480A2312E02B68206833
:102A2000191D2960050601D51E6802E04106FBD587
:102A30001E8853486F2F0CBF08230A23002184F8F7
:102A400043106568A560002DA2BF216821F0040134
:102A500021600EB9002D4BD01546B6FBF3F103FBF8
:102A60001167C75D05F8017D3746BB420E46F4D9B4
:102A7000082B0BD12368DE0708D5236961689942CA
:102A8000DEBF302305F8013C05F1FF35521B226102
:102A9000CDF800A04B4603AA21464046FFF7E4FECE
:102AA00001304AD14FF0FF3004B0BDE8F087236811
:102AB00043F0200323603348782784F84570236867
:102AC00029681F0651F8046B02D45F0648BFB6B2EE
:102AD000DF0748BF43F02003296048BF23601EB9C9
:102AE000236823F0200323601023A7E72448E4E7AA
:102AF0001546BDE72B6826686169181D28603506F4
:102B00001B6801D5196002E07006FBD5198000230F
:102B100023611546BCE72B681A1D2A601D68626890
:102B200000212846DDF774FB08B1401B6060636834
:102B30002361002384F84330AAE723692A464946E3
:102B40004046D0470130ADD023689B0713D4E068DE
:102B5000039B9842B8BF1846A6E701233246494670
:102B60004046D04701309DD00135E36803995B1A98
:102B7000AB42F2DCEBE7002504F11906F5E700BFF4
:102B800004A5040815A50408002310B50446C0E9EF
:102B90000033C0E90433836081814366C28183616D
:102BA000194608225C3000F0F7F90D4B63620D4BBB
:102BB000A3620D4BE3620D4B23630D4B24629C42D9
:102BC00006D003F16802944202D0D0339C4205D172
:102BD00004F15800BDE8104000F05ABA10BD00BF23
:102BE000E92D02080B2E0208432E0208672E020868
:102BF0000C360120024A0349034800F069B800BFBF
:102C0000F0D20020394A0208FCD2002041680C4B67
:102C1000994210B5044601D001F00EFFA168094B9E
:102C2000994202D0204601F007FFE168064B994225
:102C300004D02046BDE8104001F0FEBE10BD00BF2C
:102C40000C36012074360120DC36012010B50B4B08
:102C50000B4C0C4A1A60204600220421FFF794FF17
:102C600004F1680001220921FFF78EFF04F1D00072
:102C70000222BDE810401221FFF786BF4437012031
:102C80000C360120F52B0208014800F002BA00BF03
:102C90004D370120014800F0FDB900BF4D3701203C
:102CA00010B50446FFF7F0FF236A1BB1BDE81040E2
:102CB000FFF7F0BF044B2362044B1B68002BF5D1D8
:102CC000FFF7C4FFF2E700BF0D2C020844370120D4
:102CD0002DE9F8430746884614460026D4E90195B5
:102CE000B9F1010905D52468002CF7D13046BDE8BB
:102CF000F883AB89012B07D9B5F90E30013303D026
:102D000029463846C04706436835E9E70FB407B59A
:102D1000064904AB086853F8042B8168019301F05D
:102D2000EBFC03B05DF804EB04B0704748D300201F
:102D3000036A70B5846805460E460BB9FFF7B0FF0D
:102D4000636EDB0705D4A389980502D4A06D00F05B
:102D5000A0F9A389190713D523698BB1013EA36894
:102D600016F8011F013BA360E9B9002B2EDA2246B9
:102D70000A21284600F07BF8013007D00A2507E039
:102D80002146284600F0B0F80028E7D04FF0FF3584
:102D9000636EDA0705D4A3899B0502D4A06D00F009
:102DA00079F9284670BD002B04DAA2699A4206DC44
:102DB0000A2904D023685A1C22601970CFE72246E2
:102DC000284600F054F80130C9D1DFE723680A250E
:102DD0005A1C22601D70DBE7024B01461868FFF7A2
:102DE000A7BF00BF48D3002010B50C46B1F90E10A4
:102DF00000F000F90028ABBF636DA3891B1823F412
:102E00008053ACBF6365A38110BD2DE9F0411F461F
:102E10008B89DB0505460C46164605D5B1F90E1023
:102E20000223002200F0D4F8A389B4F90E1023F491
:102E30008053A38132463B462846BDE8F04100F06E
:102E4000EBB810B50C46B1F90E1000F0C1F8431CF8
:102E5000A38915BF606523F4805343F48053A38195
:102E600018BFA38110BDB1F90E1000F0A1B8F8B5DC
:102E70000E461446054618B1036A0BB9FFF710FF5A
:102E8000A369A360A3891A0725D523691BB3236807
:102E90002269981A6369F6B28342374604DC2146F8
:102EA000284601F0C9FDE0B9A368013BA36023688F
:102EB0005A1C22601E706269431C9A4204D0A38986
:102EC000DB0706D50A2E04D12146284601F0B4FDC1
:102ED00038B93846F8BD2146284600F005F80028E4
:102EE000D5D04FF0FF37F4E738B52A4B05461868C0
:102EF0000C4618B1036A0BB9FFF7D2FEA389B4F9E7
:102F00000C20180722D4D90607D409232B6042F0DD
:102F10004003A3814FF0FF3034E0580712D5616BB6
:102F200041B104F14403994202D0284600F03EFF2B
:102F300000236363A38923F02403A3810023636038
:102F400023692360A38943F00803A38123694BB954
:102F5000A38903F42073B3F5007F03D021462846EC
:102F600001F0B8FDA089B4F90C2010F001030AD0DB
:102F70000023A36063695B42A361236943B910F036
:102F80008000C4D138BD810758BF6369A360F4E7EE
:102F90000020F7E748D3002002440346934200D1C3
:102FA000704703F8011BF9E7004870473CD4002044
:102FB00038B5064D0023044608462B60F1F74CFF58
:102FC000431C02D12B6803B1236038BD4837012070
:102FD00038B5074D04460846114600222A601A46B5
:102FE000F1F761FF431C02D12B6803B1236038BDA8
:102FF0004837012038B5074D0446084611460022DF
:103000002A601A46F1F70BFF431C02D12B6803B16B
:10301000236038BD4837012038B5074D04460846BF
:10302000114600222A601A46F1F716FE431C02D10F
:103030002B6803B1236038BD48370120014B186865
:10304000704700BF48D3002070B50D4D0D4C641B78
:10305000A4100026A64209D10B4D0C4C03F0E2F956
:10306000641BA4100026A64205D170BD55F8043B90
:1030700098470136EEE755F8043B98470136F2E7EA
:1030800094AB040894AB040894AB040898AB040810
:103090007047704770470A44914200F1FF3300D1F6
:1030A000704710B511F8014B03F8014F9142F9D167
:1030B00010BD2DE9F74F03690C69A34207467EDB7B
:1030C000013C01F1140800F1140505EB84030193A0
:1030D00058F8243055F8242001339A424FEA840BE3
:1030E00008EB8409B2FBF3F631D34FF0000E4046F3
:1030F000AC46F24650F8042B93B206FB03E34FEACA
:10310000124E1A0C9BB2AAEB0303DCF800A013FAD0
:103110008AF306FB0E220093009B4FEA124E92B2F6
:10312000C2EB1A4202EB2342BDF80030814543EA6C
:1031300002434CF8043B4FEA224ADBD255F80B30ED
:103140002BB9019B043B9D421A462CD33C61384667
:1031500001F0A8F9002822DB01362946002058F8A2
:10316000042BD1F800C093B2C31A120C13FA8CF3DB
:10317000C2EB1C4202EB23429BB243EA0243C1452D
:1031800041F8043B4FEA2240E9D255F8242005EBF0
:10319000840322B9043B9D421A460AD33C6130465F
:1031A00003B0BDE8F08F1268043B002ACED1013C89
:1031B000C9E71268043B002AF0D1013CEBE700208C
:1031C000EEE70000000000002DE9F04F2DED048B2C
:1031D000C56993B08DED020B57EC106BDDF8808064
:1031E000079104460A920D9375B9102000F02AFE4B
:1031F0000246E06120B9AE4BEF21AE4801F0D8FCA9
:10320000C0E901550560C560E369196851B15A68A4
:103210004A60012393408B60204600F007FFE3697A
:1032200000221A603B1EBBBF23F000430393002320
:103230000122ACBFC8F80030C8F800209E4BDDF872
:103240000C8033EA08031BD10D9A42F20F7313600E
:10325000C8F31303334300F09385219B63B9974B65
:1032600027E0974B00930833219A1360009813B01E
:10327000BDEC048BBDE8F08F904B00930333F3E774
:103280009DED027B002251EC170BB0EE478AF0EE69
:10329000678A0023DDF738FC814660B10D9A01236F
:1032A0001360219B002B00F06885864B219A1360E8
:1032B000013B0093DAE710AA11A92046B0EE480AB4
:1032C000F0EE680A01F094F9C8F30A558246002D21
:1032D0007FD018EE903AC3F3130343F07F5351ECC1
:1032E000180B43F44013A5F2FF35CDF8389019467A
:1032F0000022754BDCF7E8FF67A3D3E90023DDF775
:103300009BF967A3D3E90023DCF7E0FF06462846D4
:103310000F46DDF727F964A3D3E90023DDF78CF925
:1033200002460B4630463946DCF7D0FF06460F46CC
:10333000DDF732FC00228346002330463946DDF7B4
:10334000EDFB48B15846DDF70DF932463B46DDF757
:10335000DBFB08B90BF1FF3BBBF1160F57D85B4BFA
:1033600003EBCB03D3E9002351EC180BDDF7D6FBBD
:1033700000284ED00BF1FF3B00230C93109B5B1BEE
:103380005A1E45BFC3F10103059300230023069293
:1033900054BF05930693BBF1000F3CDB069BCDF8B1
:1033A0002CB05B44069300230893079B092B68D835
:1033B000052BC4BF043B0793079BA3F10203CCBFBB
:1033C00000250125032B00F28580DFE803F02E3B6A
:1033D0003958DDE910531D4405F23243202BC1BF9B
:1033E000C3F1400308FA03F805F2124326FA03F387
:1033F000D6BFC3F1200348EA030006FA03F0DDF765
:10340000A1F80122A1F1F873013D0E926FE70123AB
:10341000B3E70C90B2E7059BA3EB0B030593CBF14D
:103420000003089300230B93BFE7002309930A9B33
:10343000002B52DC0123019304931A460A920BE0FD
:103440000123F3E7002309930A9B5B4401930133B3
:10345000012B0493B8BF0123E0690021042202F18B
:1034600014069E423DD94160204600F09FFD009029
:10347000002839D1164B024640F2AF11BDE60123B8
:10348000E1E701250023079309954FF0FF330193EE
:10349000049300221223D1E761436F63A787D23FD1
:1034A000B3C8608B288AC63FFB799F501344D33F33
:1034B00033A504084AA504080000F07F2FA50408DE
:1034C00026A5040803A504080000F83F38A6040850
:1034D000A2A5040801230993D7E70A9B019304934B
:1034E000BAE701315200BAE7E369009A1A60049B17
:1034F0000E2B00F2A880002D00F0A580BBF1000F7C
:1035000038DDC04B0BF00F0203EBC2031BF4807FCE
:10351000D3E900674FEA2B1819D0BB4B51EC180BBD
:10352000D3E90823DDF7B2F9CDE9020108F00F086D
:103530000325DFF8D492B8F1000F0AD1DDE90201CA
:1035400032463B46DDF7A2F9CDE902012BE0022528
:10355000EFE718F0010F08D030463946D9E90023CB
:10356000DDF76AF8013506460F464FEA680809F1AB
:103570000809E0E700F09F80CBF10006A14BA24FC5
:1035800006F00F0203EBC203D3E9002351EC180B42
:10359000DDF752F8CDE90201361100230225002E95
:1035A0007ED1002BD0D10C9BDDE90289002B00F0ED
:1035B0008480964B002240464946DDF7AFFA00284A
:1035C0007BD0049B002B78D0019B002B39DD904BE6
:1035D000002240464946DDF72FF8CDE90201019E61
:1035E0000BF1FF370135DDE902892846DCF7BAFF28
:1035F00042464B46DDF720F8864B0022DCF766FE9C
:10360000A1F15073CDE902010393002E58D1824BF2
:10361000002240464946DCF757FEDDE9022380469A
:103620008946DDF799FA002840F09682DDE902210B
:10363000404601F100434946DDF770FA002840F0AA
:1036400089828DED028B119B002BC0F24E81BBF164
:103650000E0F00F34A816B4B03EBCB03D3E90089D8
:103660000A9B002B80F2DC80049B002B00F3D880A7
:1036700040F06F82684B002240464946DCF7DCFF91
:10368000DDE90223DDF75EFA049E3746002840F0AC
:103690004582009D312305F8013B0BF1010B41E20E
:1036A000F20705D5D7E90023DCF7C6FF0135012372
:1036B0007610083773E7022575E7049E5F4692E7A8
:1036C0000099504B9DED027B314402910999B0EE77
:1036D000479AF0EE679A03EBC60353E902230029E9
:1036E00044D04E490020DDF7D1F853EC192BDCF71C
:1036F000EBFD009D41EC190B49464046DDF74CFAC5
:103700000646DCF72FFF02460B4640464946DCF7EB
:10371000DBFD303605F8016B53EC192B80468946EA
:10372000DDF7FCF9002864D142464B4637490020BA
:10373000DCF7CAFD53EC192BDDF7F0F9002840F057
:10374000B680029B9D423FF47CAF314B51EC190B8C
:103750000022DCF771FF2E4B41EC190B0022404692
:103760004946DCF769FF80468946C5E751EC170BEF
:10377000DCF762FF029B009D0F9341EC190B494659
:103780004046DDF709FA0646DCF7ECFE3036024625
:103790000B4640464946DCF797FD05F8016B029B56
:1037A0009D42804689464FF0000224D11B4B51ECCC
:1037B000190BDCF78BFD02460B4640464946DDF708
:1037C000CBF9002873D153EC192B14490020DCF7F6
:1037D0007BFD02460B4640464946DDF79FF900282F
:1037E0003FF42FAF0F9D6B1E0F9315F8013C302B4C
:1037F000F8D0BB464AE0064BDCF71EFF8046894600
:10380000BDE700BF38A6040810A604080000F03F7A
:103810000000244000001C40000014400000E03F75
:10382000DDE90267009D42464B4630463946DDF7EA
:103830002DF8DDF7B1F90190DCF794FE42464B46D6
:10384000DCF7FAFE02460B4630463946DCF73CFD13
:10385000019E049F303605F8016B009EAE1BB742F7
:1038600002460B4634D1DCF731FD42464B46064654
:103870000F46DDF771F9C8B942464B463046394626
:10388000DDF742F910B1019BDB070FD4514620460A
:1038900000F0CCFB00230D9A2B700BF10103136099
:1038A000219B002B3FF4E2AC1D60DFE45F462B461A
:1038B0001D4613F8012D392A06D1009A9A42F7D1F4
:1038C0000099302201370A701A7801321A7090E795
:1038D000A34B0022DCF7B0FE0022002306460F4671
:1038E000DDF712F900289ED0D0E7099A002A00F0EF
:1038F000CA80079A012A00F3AD800E9A002A00F0D0
:10390000A58003F23343089E059D059A1A4405924B
:10391000069A01211A442046069200F03DFC074613
:1039200065B1069B002B09DDAB42059AA8BF2B466B
:10393000D21A0592069AED1AD31A0693089BF3B190
:10394000099B002B00F0A380002E10DD3946324683
:10395000204600F0E1FC524601460746204600F0B2
:1039600031FC51468046204600F060FBC246089B71
:103970009A1B04D05146204600F0CEFC824601211D
:10398000204600F009FC0B9B002B064640F381808B
:103990001A460146204600F0BFFC079B012B064655
:1039A0007ADD4FF00008336906EB8303186900F0F5
:1039B000A5FBC0F12000069B184410F01F0000F08A
:1039C0009480C0F12003042B40F38580059BC0F157
:1039D0001C0003440593069B034405440693059B82
:1039E000002B05DD51461A46204600F0EFFC8246CA
:1039F000069B002B05DD31461A46204600F0E6FC0A
:103A000006460C9B002B72D03146504600F04AFD12
:103A100000286CDA002351460A22204600F028FBD9
:103A2000099B0BF1FF3B8246002B00F0B081002385
:103A300039460A22204600F01BFB019B002B07465B
:103A400000F39680079B022B59DC91E0109BC3F199
:103A5000360358E7049B5E1E089BB342BFBF089B1A
:103A60000B9A0896F31AB4BFD2189E1B049BBCBFD6
:103A70000B920026002BB7BFDDE90423DDE90435F6
:103A80009D1A002341E7089E059D099F48E7089A73
:103A900070E7079B012B19DC029BBBB9039BC3F3A7
:103AA00013039BB9039B23F000431B0D1B0583B13C
:103AB000059B01330593069B013306934FF00108E4
:103AC0000B9B002B7FF46FAF012074E74FF00008D1
:103AD000F6E79846F4E782D0059A1C331A4405921B
:103AE000069A1A441D44069279E70346F4E7049BBC
:103AF000002B37DC079B022B34DD049B0193019BD9
:103B000063B931460522204600F0B2FA0146064666
:103B1000504600F0C7FC00283FF7BBAD0A9B009D54
:103B20006FEA030B4FF000083146204600F07EFAA2
:103B3000002F3FF4ABAEB8F1000F05D0B84503D06D
:103B40004146204600F072FA3946204600F06EFAEF
:103B50009CE600263746E1E7BB46374699E500BFBD
:103B600000002440099B002B00F0C880049B0193B7
:103B7000002D05DD39462A46204600F027FC074681
:103B8000B8F1000F5BD07968204600F00FFA0546C7
:103B900028B9834B024640F2EF21FFF72EBB3A696A
:103BA0000232920007F10C010C30FFF774FA012287
:103BB0002946204600F00AFC009B01330493DDE90E
:103BC000002313440893029B03F00103B8460693B5
:103BD0000746049B3146013B50460193FFF769FAC3
:103BE0004146029000F13009504600F05BFC3A4635
:103BF00005903146204600F071FCC268054602BBC4
:103C00000146504600F04EFC0246294620460992E5
:103C100000F00CFA079B099A049D43EA0201069BF7
:103C2000194310D1B9F1390F29D0059B002B02DDC2
:103C3000029B03F13109019B83F8009074E7384639
:103C4000BAE70122E1E7059B002B04DB07990B4350
:103C500006990B4320D1002AEDDD51460122204672
:103C600000F0B4FB3146824600F01CFC002803DC67
:103C7000E1D119F0010FDED0B9F1390FD8D1019A95
:103C8000392313702B461D46013B15F8012C392AA8
:103C90006CD001321A7047E7002A07DDB9F1390FFD
:103CA000EDD0019A09F1010313703DE7049B089AD6
:103CB00003F8019C934243D0514600230A22204638
:103CC00000F0D6F9B84582464FF000034FF00A02E3
:103CD0004146204607D100F0CBF980460746049BB9
:103CE0000133049375E700F0C3F939468046002399
:103CF0000A22204600F0BCF90746F0E7049B019336
:103D0000009D31465046FFF7D4F900F13009009B81
:103D100005F8019BEA1A019B934207DD51460023F7
:103D20000A22204600F0A4F98246EAE7019B002B14
:103D3000C8BF1D46009BD8BF01251D444FF0000899
:103D400051460122204600F041FB3146824600F0F8
:103D5000A9FB002896DC02D119F0010F92D12B4665
:103D60001D4613F8012D302AFAD0DDE6009A9A425A
:103D700089D10BF1010B312396E70A4BFFF799BA72
:103D8000219B002B7FF46DAA074BFFF792BA019B92
:103D9000002BB5DC079B022B3FF7B1AEB0E700BFAD
:103DA000A2A5040802A5040826A5040837B5002921
:103DB00044D051F8043C0190002BA1F10404B8BF99
:103DC000E41800F0E7F81E4A0198136833B96360FD
:103DD000146003B0BDE8304000F0E2B8A34208D957
:103DE000256861198B4201BF19685B684919216018
:103DF000EDE71A465B680BB1A342FAD91168551872
:103E0000A5420BD1246821445418A3421160E0D18B
:103E10001C685B6853600C441460DAE702D90C2319
:103E20000360D6E7256861198B4204BF19685B6897
:103E3000636004BF491921605460CAE703B030BD14
:103E400050370120024B0146186800F023B800BF2C
:103E500048D3002070B50E4E0C463168054611B9A6
:103E600000F096FE30602146284600F091FE431C8B
:103E70000AD0C41C24F00304A04207D0211A28460B
:103E800000F086FE013001D14FF0FF34204670BDB6
:103E9000543701202DE9F843CD1C25F003050835E2
:103EA0000C2D38BF0C25002D074601DBA94205D992
:103EB0000C233B6000263046BDE8F883DFF8D08055
:103EC00000F068F8D8F800301C465CBB294638463C
:103ED000FFF7C0FF431C044655D1D8F800402646E2
:103EE000002E45D1002C48D023683146384604EBDB
:103EF000030900F04DFE81453FD121686D1A294626
:103F00003846FFF7A7FF013037D023682B442360E2
:103F1000D8F80030002B38D05A68A2422BD10022AA
:103F20005A600FE02268521B1FD40B2A17D961195F
:103F3000A342256018BF5960636808BFC8F8001025
:103F400062514B60384604F10B0600F029F826F068
:103F50000706231DF21AAED09B1BA350ABE7A3426A
:103F60006268DDD1C8F80020ECE723466468ACE75E
:103F700034467668B4E71346CCE70C233B603846FA
:103F800000F00EF897E72560DCE75B60FFDE00BF1E
:103F9000503701200148FFF77CB800BF4C370120A3
:103FA0000148FFF777B800BF4C37012070B5C669EC
:103FB00004460D4676B91020FFF744FF0246E06143
:103FC00020B9184B18486B2100F0F2FDC0E90166DA
:103FD0000660C660E669F36883B1E369DB6853F89D
:103FE0002500B8B9012101FA05F6721D920020469C
:103FF00000F0FCFD60B1C0E901560EE02122042171
:10400000204600F0F3FDE369F060DB68002BE4D1AB
:10401000002070BD026843F825200023C0E9033367
:10402000F7E700BF33A50408B3A5040870B5C66957
:1040300005460C4676B91020FFF704FF0246E861FA
:1040400020B9094B09488F2100F0B2FDC0E9016693
:104050000660C6603CB1EB696268DB6853F8221009
:10406000216043F8224070BD33A50408B3A50408BD
:104070002DE9F0410D6907460C461E4601F1140C6E
:104080000020DCF8003099B202FB01611E0C0B0C21
:1040900002FB063389B2013001EB034185424CF843
:1040A000041B4FEA1346ECDC0EB3A368AB4219DCE9
:1040B000616838460131FFF779FF804628B902462A
:1040C0000C4B0D48BA2100F073FD2269023204F155
:1040D0000C0192000C30FEF7DEFF21463846FFF758
:1040E000A5FF444604EB850301355E61256120464A
:1040F000BDE8F081A2A50408B3A50408030C1B04C5
:10410000D3B90004102310F07F4F04BF000208331E
:1041100010F0704F04BF0001043310F0404F04BF93
:1041200080000233002805DB10F0804F03F101030B
:1041300008BF2023184670470023E4E7036813F004
:1041400007020CD0D90722D49A0749BF5B089B0805
:10415000036001225CBF036002221046704799B2DF
:1041600009B91B0C1022D9B209B908321B0A190768
:1041700004BF1B090432990704BF9B080232D90708
:1041800003D45B0802F1010203D00360E5E70022DB
:10419000E3E72022E1E7000010B50C460121FFF71C
:1041A00005FF024628B9054B054840F2451100F0CD
:1041B000FFFC01234461036110BD00BFA2A50408F8
:1041C000B3A504082DE9F04F91460A69D9F81030DB
:1041D0009A42B8BF0B460C46BCBF4C46994627696D
:1041E000D9F810A0A368616807EB0A06B34285B04E
:1041F000B8BF0131FFF7DAFE30B90246444B4548FB
:104200004FF4B17100F0D4FC00F1140505EB860801
:104210002B460022434521D304F1140303EB870707
:1042200009F1140303EB8A0202923A1B153A22F0B9
:104230000302043204F115018F4238BF04220192B7
:10424000029A03939A420CD8002E03DD58F8043DDD
:10425000002B5BD0066105B0BDE8F08F43F8042B5E
:10426000D8E7B3F800A0BAF1000F24D004F1140E7F
:10427000A9464FF0000C5EF8042BD9F800101FFA85
:1042800082FB89B20AFB0B114FEA124BD9F80020CE
:1042900061444FEA124C0AFB0BC202EB114289B295
:1042A00041EA0241774549F8041B4FEA124CE2D833
:1042B000019A45F802C0039AB2F802900433B9F1AA
:1042C000000F21D0296804F1140CAE464FF0000A0B
:1042D000BCF800B0BEF8022009FB0B22524489B2A0
:1042E00041EA02414EF8041B5CF8041B4FEA114AF4
:1042F000BEF8001009FB0A1101EB124167454FEAB5
:10430000114AE5D8019AA950043599E7013E9BE787
:10431000A2A50408B3A504082DE9F843154612F038
:10432000030206460F4607D0254C013A002354F8F5
:104330002220FFF79DFE0746AD103DD0F4697CB901
:104340001020FFF77FFD0246F06128B91D4B1E4883
:1043500040F2B31100F02CFCC0E901440460C460D9
:10436000D6F81C80D8F808404CB940F2712130468C
:10437000FFF712FF0023C8F80800044603604FF05F
:104380000009EB070AD5394622463046FFF71AFFE7
:10439000394680463046FFF749FE47466D100BD040
:1043A000206838B9224621463046FFF70BFF2060CF
:1043B000C0F800900446E4E73846BDE8F88300BF43
:1043C00000A7040833A50408B3A504082DE9F047A5
:1043D0000C464968236903EB6218A36807469146B7
:1043E0004FEA621A08F10106B3420BDB3846FFF7C9
:1043F000DDFD054648B90246284B29484FF4EF71C8
:1044000000F0D6FB01315B00EEE7002300F1140160
:1044100000F110021846534533DB20692AEAEA7A94
:1044200004F1140319F01F0901EB8A0103EB800C5E
:104430002BD0C9F1200E8A460022186800FA09F034
:1044400010434AF8040B53F8042B9C4522FA0EF251
:10445000F3D8ACEB0403153B23F00303043304F15E
:104460001500844538BF0423CA500AB108F102067A
:10447000013E38462E612146FFF7D8FD2846BDE8AB
:10448000F08742F8040F0133C5E7043953F8042BD1
:1044900041F8042F9C45F9D8EAE700BFA2A504081B
:1044A000B3A5040830B502690C69121B0ED100F1E6
:1044B0001403143103EB840001EB840150F8045D14
:1044C00051F8044DA54203D005D30122104630BD5A
:1044D0008342F3D3FAE74FF0FF32F7E72DE9F84FC5
:1044E0000C460646114620469046FFF7DBFF051EA8
:1044F00010D129463046FFF759FD30B93A4B0246F4
:1045000040F23721394800F053FB0123C0E904355C
:10451000BDE8F88FA4BF4346A0463046D8F8041043
:10452000A6BF1C4600250125FFF740FD20B92E4BF4
:10453000024640F24521E5E7D8F810702669C560CB
:1045400004F1140908F1140500F1140E05EB870CB1
:1045500009EB860608F11002F246002159F8043BE7
:1045600052F804BF11FA8BF899B21B0CA8EB0108A2
:10457000C3EB1B4303EB28431FFA88F819144E457D
:1045800048EA03434AF8043BE8D8331B153B23F0C1
:10459000030304331534A64238BF04231D44734477
:1045A0009E462E4666450ED30CF10302521B22F0A6
:1045B0000302033DAC4538BF0022134453F8042DD9
:1045C0007AB10761A4E756F8048B11FA88F2141443
:1045D00004EB184492B242EA04424EF8042B211430
:1045E000E0E7013FEAE700BFA2A50408B3A504087D
:1045F0002DE9F7430F46012159EC108B1646FFF7C2
:10460000D5FC044630B90246244B254840F20F3110
:1046100000F0CEFAC9F30A55C9F313032DBB019379
:10462000B8F1000326D068460093FFF787FDDDE967
:104630000012E8B1C0F1200302FA03F30B43C240B9
:1046400063610192019BA361002B14BF022201222E
:104650002261BDB1A5F2334505443D60C0F135008E
:104660003060204603B0BDE8F08343F48013D6E702
:104670006161E7E701A8FFF761FD019B63612030FD
:104680000122E5E704EB8203A0F2324038601869AA
:10469000FFF734FDC0EB4210E2E700BFA2A504081B
:1046A000B3A504089368013B002B10B4936008DAAB
:1046B0009469A34201DB0A2903D15DF8044BFEF79C
:1046C000D6BB1368581C1060197008465DF8044B7F
:1046D0007047F8B506460F461446D518AC4201D1CE
:1046E000002007E014F8011B3A463046FFF7DAFFD6
:1046F000431CF3D1F8BD00002DE9F04F0D469DB0ED
:1047000014469846064618B1036A0BB9FEF7C8FA74
:104710006B6ED90705D4AB899A0502D4A86DFEF754
:10472000B8FCAB891B0701D52B699BB929463046DC
:10473000FEF7DAFB70B16B6EDC0704D54FF0FF308B
:104740001DB0BDE8F08FAB899805F7D4A86DFEF7D2
:10475000A1FCF3E70023099320238DF82930CDF83D
:104760000C803023DFF8B0818DF82A304FF001093A
:1047700023469A4613F8012B0AB1252AF9D1BAEB40
:10478000040B0BD05B46224629463046FFF7A1FFBB
:10479000013000F0A980099A5A4409929AF8003031
:1047A000002B00F0A18000234FF0FF32CDE905235C
:1047B0000AF1010A049307938DF853301A93544673
:1047C000052214F8011B5448DBF722FD049AD8B9DE
:1047D000D10644BF20238DF85330130744BF2B2349
:1047E0008DF853309AF800302A2B15D0079A54468A
:1047F00000204FF00A0C214611F8013B303B092BF9
:104800004DD9B0B1079214E0A0EB080309FA03F305
:1048100013430493A246D2E7039B191D1B6803911F
:10482000002BBBBF5B4242F0020207930793B8BF65
:10483000049223782E2B0CD163782A2B34D1039B3E
:104840001A1D1B680392002BB8BF4FF0FF330234D0
:104850000593DFF8D4A0217803225046DBF7D8FC7B
:1048600038B1049BA0EB0A0040228240134301347C
:10487000049314F8011B29488DF828100622DBF751
:10488000C7FC00283FD0264B1BBB039B073323F0FC
:10489000070308330393099B3B44099368E70CFB28
:1048A00002320C460120A6E7002301340593194685
:1048B0004FF00A0C204610F8012B303A092A03D990
:1048C000002BC6D00591C4E70CFB0121044601234F
:1048D000F0E703AB00932A46124B04A93046FDF7DC
:1048E0008DFD0746781CD6D16B6ED90705D4AB89F0
:1048F0009A0502D4A86DFEF7CDFBAB895B063FF5A8
:104900001DAF09981CE703AB00932A46054B04A989
:104910003046FEF717F8E4E70CA7040816A70408CA
:10492000FD230208D346020812A704088A892DE94C
:10493000F041054610070C4658D44B68002B05DCA7
:104940000B6C002B02DC0020BDE8F081E66A002E33
:10495000F9D0002312F480522F68216A2B6032D0E4
:10496000606DA3895A0705D56368C01A636B0BB1E4
:10497000236CC01A00230246E66A216A2846B04723
:10498000431CA38906D129681D292BD8294A0A412D
:10499000D60727D400226260D9042269226004D598
:1049A000421C01D12B6803B96065616B2F6000293F
:1049B000C9D004F14403994202D02846FFF7F6F922
:1049C00000206063C0E701232846B047411CC8D1DE
:1049D0002B68002BC5D01D2B01D0162B01D12F60C9
:1049E000B1E7A38943F04003A381ADE70F69002F2E
:1049F000A9D093070E6808BF4B690F6018BF00234A
:104A0000A6EB07088B60B8F1000F9CDD216AA66A4F
:104A100043463A462846B047002806DCA38943F0BF
:104A20004003A3814FF0FF308EE70744A8EB000856
:104A3000E9E700BFFEFFBFDF38B50B6905460C464E
:104A400013B90025284638BD18B1036A0BB9FEF723
:104A500027F9B4F90C30002BF3D0626ED00704D4E0
:104A6000990502D4A06DFEF714FB28462146FFF7F6
:104A70005DFF636EDA070546E4D4A3899B05E1D4A4
:104A8000A06DFEF707FBDDE770B50C46B1F90E101F
:104A9000002996B015461E460DDAA38913F0800F43
:104AA0004FF000010CBF4FF48063402300203160C1
:104AB0002B6016B070BD6A4600F048F80028ECDBA9
:104AC000019901F47041A1F50053594259414FF445
:104AD0008063EBE78B8973B59D0706460C4607D5C7
:104AE00004F14703236023610123636102B070BDB9
:104AF00001AB6A46FFF7C8FF009905463046FFF74D
:104B0000C9F948B9B4F90C309A05EFD423F003037E
:104B100043F00203A381E3E7A389206043F080030D
:104B2000A381009B6361019B20615BB1B4F90E100E
:104B3000304600F01DF828B1A38923F0030343F0A9
:104B40000103A381A3891D43A581CFE738B5074D94
:104B500000230446084611462B60F0F789F9431CF0
:104B600002D12B6803B1236038BD00BF4837012054
:104B700038B5064D0023044608462B60F0F788F947
:104B8000431C02D12B6803B1236038BD4837012094
:104B900038B5064D0023044608462B60F0F790F91F
:104BA000431C02D12B6803B1236038BD4837012074
:104BB0001FB514461A46094B1B680546D8684CB108
:104BC000074B0091CDE9013406492B4600F044F82B
:104BD00000F054F8044B1C46F3E700BF48D3002014
:104BE00027A7040834A7040862A7040837B5A1FB67
:104BF00002244CB911460192FFF74CF9019A05467F
:104C000030B9284603B030BD0C2202600025F8E719
:104C10002146FEF7C1F9F4E782B001B901A942B11A
:104C20004BB113780B601278101E18BF012002B030
:104C300070471046FBE76FF00100F8E749B1FF2A23
:104C400085BF8A2303600A704FF0FF3098BF0120B0
:104C500070470846704700000EB403B5014603AB29
:104C6000054853F8042B00680193FFF745FD02B097
:104C70005DF804EB03B0704748D3002008B5062068
:104C800000F02CF80120F0F7C0F81F2938B50446D1
:104C90000D4604D9162303604FF0FF3038BDC26BB8
:104CA00012B152F821304BB9204600F031F82A46B3
:104CB00001462046BDE8384000F018B8012B0AD064
:104CC000591C03D1162303600120E7E7002442F8B2
:104CD0002540284698470020E0E70000024B0146A7
:104CE0001868FFF7D2BF00BF48D3002038B5074D82
:104CF00000230446084611462B60F0F776F8431C63
:104D000002D12B6803B1236038BD00BF48370120B2
:104D1000F0F763B808B52DED028BB0EE408A00F0D5
:104D200077FAB4EE488AF1EE10FAF0EE408A15D622
:104D3000B0EE480A00F000F9F7EE007AB4EEE70AA8
:104D4000F1EE10FA0ADDFEF779F9BDEC028B2123B2
:104D50000360BDE80840044800F0AAB9B0EE680A54
:104D6000BDEC028B08BD00BF62A7040808B52DED9D
:104D7000028BB0EE408A00F043FBB4EE488AF1EEBD
:104D800010FAF0EE408A15D6B0EE480A00F0D4F8DA
:104D9000F7EE007AB4EEE70AF1EE10FA0ADDFEF75C
:104DA0004DF9BDEC028B21230360BDE808400448A7
:104DB00000F07EB9B0EE680ABDEC028B08BD00BF02
:104DC00062A7040800F002BC08B52DED028BF0EEDE
:104DD000408A00F09BFCB0EE408AB0EE680A00F01A
:104DE000F9F860B1DFED0F7AF4EEE78AF1EE10FA30
:104DF0000ADDFEF723F99FED0C8A22230360B0EE53
:104E0000480ABDEC028B08BDDFED087AF4EEE78AB4
:104E1000F1EE10FAF3D5FEF711F922239FED048A83
:104E20000360ECE71772B1420000807FB5F1CFC29A
:104E30000000000008B52DED028BF0EE408AB0EEC8
:104E4000608A00F031FDF4EE488AF1EE10FA0CD6DB
:104E5000DFED078AB4EE688AF1EE10FA05D1FEF7AD
:104E6000EDF888EEA80A21230360BDEC028B08BD93
:104E70000000000008B52DED028BB0EE408A00F076
:104E80001DF9B4EE488AF1EE10FA0CD6DFED078A70
:104E9000B4EEE88AF1EE10FA05D5FEF7CFF888EE09
:104EA000A80A21230360BDEC028B08BD00000000AE
:104EB00010EE103A07B51E4A23F00043934206DC79
:104EC000DFED1C0A03B05DF804EB00F0FBB8B3F1B2
:104ED000FF4F04DB30EE400A03B05DF804FB684688
:104EE00000F064FD00F00300012809D0022810D072
:104EF000B0B9DDED010A9DED000A00F0E3F8EBE743
:104F0000DDED010A9DED000A00F03AF9B1EE400A2C
:104F1000E2E7DDED010A9DED000A00F0D3F8F5E7C8
:104F2000DDED010A9DED000A012000F029F9D3E72B
:104F3000D80F493F0000000010EE103A23F0004364
:104F400000EE103A7047000010EE103A07B51F4A05
:104F500023F00043934207DCDFED1D0A002003B07D
:104F60005DF804EB00F00CB9B3F1FF4F04DB30EE59
:104F7000400A03B05DF804FB684600F017FD00F03E
:104F8000030001280AD002280FD0C0B9DDED010AC4
:104F90009DED000A012000F0F3F8EAE7DDED010ADB
:104FA0009DED000A00F08EF8E3E7DDED010A9DEDCE
:104FB000000A012000F0E4F8B1EE400AD9E7DDED87
:104FC000010A9DED000A00F07DF8F5E7D80F493F92
:104FD0000000000082B08DED010A019820F0004031
:104FE000B0F1FF4FACBF0020012002B070470000BD
:104FF00010EE102A22F00043B3F1FF4F02D330EE3F
:10500000000A7047002B45D0B3F5000F07EE103AA9
:10501000B8BFDFED217A9FED216AB8BF67EE277A2E
:105020004FF00301B5BF17EE903AB3FBF1F3B3FBBA
:10503000F1F303F12953B8BF03F1195303F58813B2
:1050400003F5CF53123307EE903A67EEA76A02F0EA
:105050000042C6EE877A06EE903A9FED117AA6EEF0
:10506000A77ADFED107AC6EE076A77EE277A9FED12
:105070000E7A77EEA67A87EE270ADFED0C7A30EE0D
:10508000270A07EE903A20EE270A10EE103A134353
:1050900000EE103A704700BF0000804BF18E34BF25
:1050A000B0F80A3F5007B53FDBB6CD3F6EDBB63EEA
:1050B0009FED010A704700BF0000C07FB1EEC00A3B
:1050C0007047000010EE103A23F00043B3F1485F40
:1050D000F7EE006A05DAFDEEC07A17EE902A002A94
:1050E0003BD020EE007ADFED1E7A9FED1E6A1E4A4D
:1050F000A7EE276A9342DFED1D7AE6EE077A9FED71
:105100001C6AA7EE876ADFED1B7AE6EE077A9FED51
:105110001A6AA7EE876A60EEC00A26EE076AF6EE04
:10512000007AE7EE060A67EE277A04DC77EEE07A8B
:1051300036EEE70A7047114A9342DABF03F17F4324
:1051400007EE103AB5EE027A77EEC77A36EEC70A66
:1051500077EEE07A30EE670A7047B0EE660A704785
:105160004ED747ADF6740F319999993E7CF293B4BE
:10517000010DD037610BB6BAABAA2A3D0000483FFB
:1051800010EE103A23F00043B3F1485F04DAFDEE6D
:10519000C07A17EE903A5BB320EE007ADFED157A15
:1051A0009FED156AA7EE276ADFED147AE6EE077A1F
:1051B0009FED136AA7EE876ADFED127A60EE076A49
:1051C000E6EE077A30B99FED106AA7EE276AA6EEE1
:1051D000260A704767EEE67AB6EE006AE0EE867A57
:1051E000D7EE870ADFED097AE6EEA70A30EE600A0D
:1051F000704700BFD3C92E2F342FD7B21BEF3836DC
:10520000010D50B98988083CABAA2ABEABAA2A3E38
:1052100008B510EE103A23F00042B2F17E5F2DED9A
:105220000C8B0AD19FED650ADFED657A002BD8BFA4
:10523000B0EE670ABDEC0C8B08BD04DD30EE408A91
:1052400088EE080AF6E7B2F17C5F3CDAB2F10C5F57
:1052500040F3B18060EE007ADFED5A6A9FED5A7A32
:105260009FED5A6AA7EEA67ADFED596AE7EE276A44
:105270009FED587AA6EEA77ADFED576AE7EE276A28
:105280009FED567AA6EEA77ADFED556AA7EEA66ADD
:10529000DFED546AE6EE276A9FED536AA6EEA76A31
:1052A000F7EE006AE6EE276A27EE277AC7EE267A3F
:1052B0009FED4E7AA0EE677ADFED4D7A30EE477AB9
:1052C00037EEC70AB6E7002BDFED3EDADFED3ECA68
:1052D0009FED3FCADFED3FBA9FED3FBADFED3F8A5A
:1052E0009FED3FDADFED39AA9FED3EAADFED3E9A52
:1052F000B7EE009AF6EE007A28DA30EE090A20EED0
:10530000270AE0EE2DCAE0EE0DAAACEE80CAAAEEA6
:1053100080AAECEE00BAEAEE009AABEE80BAA9EEF3
:10532000809AEBEE008A68EE808AFFF7C7FE88EE6F
:10533000897ADFED307AE0EE077AB0EE007A77EE28
:10534000807A9FED2D0AA7EEC70A73E739EE408AEF
:1053500028EE278AB0EE480AFFF7B0FEE8EE2DCA25
:10536000E8EE0DAAACEE88CAAAEE88AAECEE08BA5E
:1053700010EE103AABEE88BA23F47F6323F00F03EC
:10538000EAEE089A07EE903AEBEE088AB0EE486A29
:10539000A7EEE76AA9EE889A70EE276A68EE888A17
:1053A00086EE267AC8EE896AA0EE267A37EE870A5C
:1053B00030EE000A3EE79FED110A3BE700000000D7
:1053C000DB0F494008EF1138047F4F3A613330BF9B
:1053D000461124BDA80A4E3E90B0A6BEABAA2A3EF6
:1053E0002EC69D3D2D57014039D119C06821A233E9
:1053F000DA0FC93F6821A2B3DA0F4940DB0FC93F7A
:1054000038B510EE105A25F00044B4F17E5F2DED52
:10541000048B0CD1DFED5D7A9FED5D7A60EE277A2B
:10542000E0EE077AB0EE670ABDEC048B38BD04DD10
:1054300070EE407A87EEA70AF6E7B4F17C5FF7EEEC
:10544000008A0BDAB4F1485F52DADFED527A70EE7F
:10545000277AF4EEE87AF1EE10FAE5DCFFF76CFD5E
:1054600038EEC00AF6EE007A20EE278A9FED4A7ADF
:10547000DFED4A7A9FED4A9AA8EE277ADFED497A66
:10548000E7EE087A9FED487AA7EE887ADFED477A53
:10549000E7EE087A9FED467AA7EE889ADFED457A27
:1054A000E8EE077A9FED447AA7EE887ADFED437A3B
:1054B000E7EE087AB0EE480AE7EE888AFFF7FEFDCD
:1054C0003F4B29EE089A9C4289EE286AF0EE006A6A
:1054D0003DDDA0EE060ADFED3B7AE0EE267A9FED99
:1054E0002C0A30EE670A002DD8BFB1EE400A9BE7C8
:1054F00060EE007ADFED296A9FED277A9FED2C6A36
:10550000A7EEA67ADFED276AE7EE276A9FED267AF7
:10551000A6EEA77ADFED256AE7EE276A9FED207AEF
:10552000A6EEA77ADFED236AE7EE866A9FED226A90
:10553000A6EEA76ADFED216AE6EE276A27EE277A54
:10554000E6EEA78AC7EE287AA0EE270A6CE710EEEF
:10555000103A23F47F6323F00F0307EE103AA7EE0F
:10556000478A70EE077A30EE000AC8EE275ADFED60
:10557000077AE5EEE67AD0EE067A9FED130AB0EEF2
:10558000406AA7EE666A77EEC67AAAE72EBD3BB3FD
:10559000DB0FC93FCAF24971047F4F3A08EF113857
:1055A000ABAA2A3E461124BDA80A4E3E90B0A6BE24
:1055B0002EC69D3D613330BF2D57014039D119C0F2
:1055C0009999793F2EBD3B33DB0F493F10EE902A6E
:1055D00022F00041B1F1FF4F10B5F0EE407A06DC49
:1055E00010EE100A20F00043B3F1FF4F04DD77EE18
:1055F000A07AB0EE670A10BDB2F17E5F03D1BDE8BC
:10560000104000F0FFBA941704F0020444EAD0748A
:1056100043B9022C5ED09FED347A032C08BFF0EE24
:10562000477AE6E741B9DFED317A9FED317A00281C
:10563000B8BFF0EE477ADCE7B1F1FF4F10D1B3F11C
:10564000FF4F04F1FF3407D1022C46D8294B03EB5E
:105650008403D3ED007ACCE7022C41D8264BF6E741
:10566000B3F1FF4FDFD05B1AB3F1F45F4FEAE351C0
:105670001ADA002A01DA3C3119DB87EEA00AFFF7BB
:105680005BFC00F0BFFAF0EE407A012C12D0022C45
:1056900017D0002CADD09FED197A77EE877A9FED69
:1056A000187A77EEC77AA4E7DFED107AEDE7DFED41
:1056B000157AEAE717EE903A03F1004307EE903AC5
:1056C00097E79FED0E7A77EE877A9FED0D7A77EE6A
:1056D000677A8EE7DFED0A7A8BE7DFED0B7A88E7F2
:1056E000DFED087A85E700BFDB0F49C0DB0FC93F5C
:1056F000DB0FC9BF64A7040870A704082EBDBB3325
:10570000DB0F494000000000DB0F493F10EE102A7C
:1057100022F00043B3F1FF4F02D930EE000A704788
:105720004FEAD27106D1DFED4E7A002918BFB0EEF4
:10573000670A70474B48824202DD002000F052BBEE
:10574000002A05DA484A934202D9002000F044BBFF
:10575000464A9342F7EE005A52D9454A93424FEADD
:10576000810234D8434B134493ED007A424B1344E7
:1057700030EE477AC1F10102D3ED007A521A37EECA
:10578000670A20EE006A9FED3D5ADFED3D6AE6EEC6
:10579000056A9FED3C5AA6EE865ADFED3B6AE5EEC0
:1057A000066A9FED3A5AA6EE865AF0EE406AE5EE9A
:1057B000466AB0EE006A20EE265A92BB76EEC66AC2
:1057C000C5EE267A37EEC00A35EEC00A7047304B78
:1057D0009FED307ADFED306A1344D3ED007AE0EECE
:1057E000077AB0EE407AFDEEE77A17EE902AF8EEEF
:1057F000E77AA7EEE67ADFED296A67EEA67ABEE7DA
:10580000B3F1505F0BD2DFED266A70EE266AF4EE3C
:10581000E56AF1EE10FA02DD30EE250A704700224B
:10582000AFE736EE666A12F17D0FC5EE066AB8BFC5
:10583000643277EEE67A77EEC77A75EEE77A17EE9E
:10584000903AABBF03EBC25303EBC25300EE103AE6
:10585000DFED147ABCBF00EE103A20EE270A704745
:10586000000000001772B142B5F1CF421872B13E8C
:105870009115853F84A704088CA704084CBB3133DD
:105880000EEADDB555B38A38610B36BBABAA2A3EAA
:105890007CA704083BAAB83F8071313FD1F7173786
:1058A000CAF249710000800DF0B510EE904A34F054
:1058B000004009D010EE103A23F00046B6F1FF4F39
:1058C00002DAB0F1FF4F04DD60EE200A80EEA00A9C
:1058D000F0BD8642FCDB03F0004505D1324B03EB03
:1058E000557393ED000AF3E713F0FF4F40D13202F6
:1058F0006FF07D01002A38DC14F0FF4F3ED1070223
:105900006FF07D02002F36DA11F17E0FB9BF6FF014
:105910007D035B1AC3F3160343F40003B8BF06FA12
:1059200003F312F17E0FB5BF6FF07D04C4F31604CC
:10593000A41A44F40000B8BFA040891A1C1A01BB85
:1059400013EA240338BF2346002BC7D0B3F5000F5A
:105950001FDB12F17E0F1FDBA3F500037F322B4309
:1059600043EAC25300EE103AB2E701395200C1E7F0
:10597000F1157F39C0E7013A7F00C3E7C2157F3ACE
:10598000C2E7002C02DA5B000139D7E7A6D063003A
:10599000FAE75B00013AD9E7C2F1FF2202F57F0284
:1059A000823213412B43DDE794A70408F0B510EED3
:1059B000106A864B26F000459D4287B0044605DC00
:1059C000002380ED000A4360002020E0804B9D42D0
:1059D00038DC002E9FED7F7A7F4B25F00F0518DD18
:1059E0009D4270EE477A09BF9FED7C7A9FED7C7AED
:1059F00077EEC77A9FED7B7A77EEC76A77EEE67A25
:105A0000C0ED006A77EEC77AC0ED017A012007B0D9
:105A1000F0BD9D4270EE077A09BF9FED707A9FED51
:105A2000707A77EE877A9FED6F7A77EE876A77EEF6
:105A3000E67AC0ED006A77EE877AC0ED017A4FF022
:105A4000FF30E4E7684B9D4271DCFFF775FA9FED8C
:105A5000677AF6EE007AE0EE077AFDEEE77AB8EEC6
:105A6000E77A17EE900ADFED5B7AA7EE670A1F2848
:105A7000DFED5B7A67EE277AB1EE476A70EE676A10
:105A800016EE902A1CDC5A49471E25F0FF0351F8F8
:105A900027108B4214D0226094ED007A30EE470A32
:105AA000002E30EE670A84ED010AB0DAB1EE477AD3
:105AB000B1EE400A84ED007A84ED010A4042A6E787
:105AC000C2F3C751C1EBD55108294FEAE553E2DDD6
:105AD000DFED425AF0EE406AE6EE256A70EE667A35
:105AE000E6EE257ADFED3F5AD7EE257A76EEE75AD5
:105AF00015EE902AC2F3C7515B1A192B04DCC4EDD2
:105B0000005AB0EE660AC7E7DFED3A5AB0EE660A11
:105B1000A6EE250A76EEC07ADFED376AE6EE257A44
:105B2000D7EE267A30EE677A84ED007AB4E7B5F1E5
:105B3000FF4F06DB70EE407AC0ED017AC0ED007ACF
:105B400042E7EA15863AA5EBC25307EE903ABDEE5E
:105B5000E77ADFED2A6AB8EEC77A77EEC77A8DED7D
:105B6000037A67EEA67ABDEEE77AB8EEC77A77EEEB
:105B7000C77A8DED047A67EEA67AF5EE407AF1EEFB
:105B800010FACDED057A1ED1B5EE407AF1EE10FA9D
:105B900014BF022301231A4901910221009103A895
:105BA000214600F025F9002EBFF631AFD4ED007A82
:105BB000F1EE677AC4ED007AD4ED017AF1EE677AFE
:105BC000C4ED017A7AE70323E5E700BFD80F493F28
:105BD000E3CB1640800FC93FD00FC93F0044353793
:105BE0004344353708A3852E800F494384F9223F6B
:105BF0009CA7040800A3852E32318D240000804329
:105C00001CA8040838B510EE105A25F00044B4F171
:105C1000A14FF0EE407A10DBB4F1FF4F04DD70EEDF
:105C2000007AB0EE670A38BDDFED4D7A9FED4D7A10
:105C3000002DD8BFF0EE477AF3E74B4B9C4210DCC7
:105C4000B4F1445F0ADA9FED497A30EE077AF7EE55
:105C5000006AB4EEE67AF1EE10FAE2DC4FF0FF33C0
:105C600013E0FFF769F9424B9C424FDCA3F5D003E8
:105C70009C4241DCF0EE007ABFEE007AA0EE277A7B
:105C8000002330EE270AC7EE007A5A1C27EEA76AD7
:105C90009FED387ADFED385A9FED385A66EE066A86
:105CA000E6EE875A9FED367AA5EEA67ADFED355AF5
:105CB000E7EE265A9FED347AA5EEA67ADFED335A49
:105CC000E7EE265A9FED327AA6EE875A9FED317A9B
:105CD000A5EE267A9FED305AA7EE265A9FED2F7A31
:105CE000A5EE267A27EE267AA5EE867A27EE877A23
:105CF00021D177EEC77A94E7F7EE007A30EE677A33
:105D000030EE270A0123C7EE007ABEE7244B9C42FF
:105D10000BDCF7EE087AB7EE007AA0EE277A0223C2
:105D200070EE676AC6EE877AAFE7BFEE007AC7EE1D
:105D3000007A0323A9E71B4A1B4902EB830201EB0C
:105D40008303D3ED006A37EE667A002D37EE677A6B
:105D5000D2ED007A77EEC77AB8BFF1EE677A60E7E6
:105D6000DB0FC93FDB0FC9BFFFFFDF3ECAF249713E
:105D7000FFFF973FD769853C59DA4B3D6BF16EBD0C
:105D8000356B883D6E2EBA3D2549123EABAAAA3E20
:105D900021A215BD95879DBD388EE3BDCDCC4CBEEF
:105DA000FFFF1B4034AB040844AB040813B50446A2
:105DB0008DED010AFDF742F99DED010A046002B084
:105DC00010BD30B1F1EE407A27EE800A2220FFF7B5
:105DD000EDBFF0EE407AF7E79FED010AFFF7F1BF64
:105DE000000000109FED010AFFF7EBBF00000070FC
:105DF0002DE9F04F2DED048BD9B088460290B849BB
:105E00006698019351F820A00199679B01F1FF3B2F
:105E1000111D25DBD01E48BF101DC010451CE90018
:105E2000A0EB0B079FEDB27A0391A2EBC5050AEB3D
:105E30000B0C1CAE03EB870E0024644512DD0199A8
:105E40001CAC04EB81040DF588794FF0000CD445AF
:105E500027DCDDF808E0DFEDA67A2746002616E00D
:105E60000020DBE7E7425DBF5EF8241007EE901AE2
:105E7000F8EEE77AF0EE477AE6EC017A0134DCE7F7
:105E8000FEEC016A97ED007AE6EE877A01365E4510
:105E9000A7F10407F4DDE9EC017A0CF1010C0434FC
:105EA000D5E708A901EB8A0103EB8003DFED8F8AB8
:105EB0009FED8D9A059104935646B300069358AB17
:105EC00003EB860008AC44AB10ED140AA44603EBC8
:105ED00086003746002FA0F104004ADC28460792CE
:105EE00000F0F8F9B0EE408AB4EE000A28EE000A9D
:105EF00000F056FAF2EE007AA0EE678A002D079ABB
:105F0000FDEEC87A17EE909AF8EEE77A38EE678AD7
:105F100041DD06F1FF3C08ABC5F1080E53F82C70CB
:105F200047FA0EF0814400FA0EF03F1AC5F107005F
:105F300043F82C700741002F3CDD4FF0000E09F1B3
:105F400001097146764567DC002D03DD012D74D013
:105F5000022D7BD0022F2DD1B7EE000A30EE488AF9
:105F600041B32846079200F0B5F9079A38EE408A07
:105F700020E060EE287A013FFDEEE77AF8EEE77A5E
:105F8000A7EEC90ABDEEC00AACEC010A90ED000A0A
:105F900037EE800A9EE705D1701E08AB53F82070DB
:105FA000FF11C8E7F6EE007AB4EEE78AF1EE10FAD8
:105FB00030DA0027B5EE408AF1EE10FA40F09A8010
:105FC000741EA4460021D44547DA002963D008ABEB
:105FD000083D53F82430002B7FD02846B7EE000A46
:105FE00000F078F9631C44AA9FED407A990002EB17
:105FF00083022346002B80F2AD802346002BC0F2A3
:10600000CB8044AA02EB8305364EDFED397A0020BF
:10601000E21AB6E0022790E7206849B918B1C0F546
:106020008070206001200EF1010E0434014689E7E2
:10603000C0F1FF0020600846F5E7741E08AB53F876
:10604000240000F07F0043F8240083E7741E08ABAF
:1060500053F8240000F03F00F5E708AB53F82C009C
:106060000CF1FF3C0143AEE7013054F8047D002FF2
:10607000FAD0069B03F5B0730DEB0304019BF718F0
:106080001CAB06F1010C4C3C03EB87073044604528
:1060900004DA064611E7059C0120E6E7049BDDF8DB
:1060A00008E053F82C30069307EE903AF8EEE77AC2
:1060B0000026E7EC017ADFED0E7AB9465E4504DD95
:1060C000E4EC017A0CF1010CE1E7FEEC016A39ED38
:1060D000017A0136E6EE877AF0E7013C77E700BF08
:1060E00080AB040854AB0408000080430000803BF0
:1060F00000000000039BB0EE480A981A00F0EAF88E
:106100001FED077AB4EEC70AF1EE10FA19DB5FED66
:10611000097A60EE277A08AAFDEEE77A741CF8EE99
:10612000E77A0835A7EEC70AFDEEE77ABDEEC00AAA
:1061300010EE103A42F8263017EE903A42F824302A
:106140004BE7BDEEC00A08AA10EE103A344642F8FA
:10615000263042E708A850F82300019007EE900A85
:10616000F8EEE77A013B67EE807A20EE070A62EDEF
:10617000017A3FE7F6EC016AB5EC017AE6EE877A40
:106180000130504501DC9042F4DD58A800EB82025A
:1061900042ED287A013B31E7669B022B09DC002B9C
:1061A0002BDC44D009F0070059B0BDEC048BBDE8EE
:1061B000F08F669B032BF5D130AA0B1F13441A46B0
:1061C00020460028A2F1040252DC2246012AA3F153
:1061D00004035DDC30AB5FED3A7A0B44012C67DCE5
:1061E000DDED306A9DED317A002F67D1C8ED006A90
:1061F00088ED017AC8ED027AD4E730AB1FED447A1E
:106200000B442246002A24DA4FB3F1EE477AC8ED58
:10621000007ADDED307A77EEC77A31AA01239C420D
:1062200020DA0FB1F1EE677AC8ED017ABAE730AB48
:106230005FED517A0B44002C05DA0FB1F1EE677A6D
:10624000C8ED007AAEE733ED017A013C77EE877A4C
:10625000F1E773ED017A013A37EE277AD2E7F0EEF3
:10626000477AD4E7B2EC017A013377EE877AD6E742
:10627000D2ED007AD2ED016A37EEA67A013877EED8
:10628000C77A82ED007A77EEA67AC2ED017A98E7B6
:10629000D3ED007AD3ED016A37EEA67A013A77EEB4
:1062A000C77A83ED007A77EEA67AC3ED017A8DE79F
:1062B00033ED017A013C77EE877A8FE7F1EE666A7B
:1062C000B1EE477AC8ED006A88ED017AF1EE677A9F
:1062D00090E700BF10EE103A33F000422BD0B2F13D
:1062E000FF4F02D330EE000A704713F0FF4F23D167
:1062F000244BDFED257A984220EE270A17DB10EEBB
:10630000103AC3F3C752193A4CF25031884215DDA6
:10631000DFED1E7ADFED1E6A10EE103AB0EE677AFE
:10632000002BB8BFF0EE667A27EE870A7047DFEDE4
:10633000197A27EE800A7047D20DE5E71044FE284F
:10634000E6DC002806DD23F0FF4343EAC05300EEFD
:10635000103A704710F1160F09DADFED0E7ADFED13
:106360000E6A10EE103AB0EE677A002BD9E71930BA
:1063700023F0FF4343EAC0539FED080A07EE903A2B
:10638000D7E700BFB03CFFFF0000004CCAF24971E4
:10639000CAF249F16042A20D6042A28D00000033B2
:1063A00010EE103AC3F3C7527F3A162A23F0004189
:1063B0002ADC002A11DADFED187A30EE270AB5EE72
:1063C000C00AF1EE10FA05DD002B23DA134A00298A
:1063D00018BF134600EE103A7047114911410B42A5
:1063E000FAD0DFED0D7A30EE270AB5EEC00AF1EEF5
:1063F00010FAEFDD002BBEBF4FF4000040FA02F2AE
:106400009B1823EA0103E5E7B1F1FF4FE4D330EE37
:10641000000A70470023DDE7CAF24971000080BF1F
:10642000FFFF7F00F8B500BFF8BC08BC9E46704770
:0C643000F8B500BFF8BC08BC9E467047E1
:1064400073747265616D2066756C6C00696F206590
:1064500072726F72000000006172726179206D616A
:10646000782073697A652065786365656465640082
:10647000286E6F6E65290000696E76616C69642014
:106480006669656C642074797065000063616C6C8A
:106490006261636B206572726F7200006D69737365
:1064A000696E6720726571756972656420666965D9
:1064B0006C640000696E76616C696420657874654F
:1064C0006E73696F6E0000007375626D7367207381
:1064D000697A65206368616E67656400696E7661DC
:1064E0006C696420646174615F73697A650000009F
:1064F00062797465732073697A6520657863656570
:10650000646564007A65726F2D6C656E67746820CF
:10651000737472696E670000756E7465726D696E72
:106520006174656420737472696E6700696E766168
:106530006C6964206669656C642064657363726964
:1065400070746F72000000004E4F5F474553545502
:106550005245000057524953545F5348414B455FE1
:106560004A4947474C450000464C49434B5F494E1A
:1065700000000000464C49434B5F4F55540000005B
:106580004E4F524D414C00004C4F5720504F5745F5
:1065900052000000504552464F524D414E43450077
:1065A0004E4F5F544150000053494E474C455F5495
:1065B00041500000444F55424C455F54415000004B
:1065C000444F55424C455F53494E474C455F5441FB
:1065D00050000000545249504C455F544150000057
:1065E000545249504C455F53494E474C455F5441C6
:1065F00050000000545249504C455F444F55424CA6
:10660000455F544150000000545249504C455F448E
:106610004F55424C455F53494E474C455F5441509E
:1066200000000000626F6F745F66726F6D5F726171
:106630006D3A2025640D0A005B4D455441204556B6
:10664000454E545D000000005B4D455441204556C9
:10665000454E542057414B452055505D00000000E9
:10666000257320466C75736820636F6D706C65745C
:106670006520666F722073656E736F722069642087
:1066800025750D0A0000000025732053616D706CA4
:10669000652072617465206368616E676564206659
:1066A0006F722073656E736F722069642025750D9B
:1066B0000A000000257320506F776572206D6F64AB
:1066C00065206368616E67656420666F722073651C
:1066D0006E736F722069642025750D0A000000003A
:1066E000257320416C676F726974686D20657665EB
:1066F0006E740D0A000000002573204163637572FB
:1067000061637920666F722073656E736F722069A2
:1067100064202575206368616E67656420746F204E
:1067200025750D0A0000000025732042535820658E
:1067300076656E742028646F207374657073206DA5
:1067400061696E290D0A00002573204253582065A7
:1067500076656E742028646F20737465707320638F
:10676000616C6962290D0A00257320425358206527
:1067700076656E742028676574206F757470757403
:10678000207369676E616C290D0A00002573205320
:10679000656E736F72206964202575207265706F55
:1067A00072746564206572726F72203078253032A1
:1067B000580D0A002573204649464F206F766572B2
:1067C000666C6F770D0A000025732044796E616D49
:1067D00069632072616E6765206368616E676564D6
:1067E00020666F722073656E736F72206964202556
:1067F000750D0A002573204649464F207761746560
:10680000726D61726B20726561636865640D0A0068
:106810002573204669726D7761726520696E6974AF
:1068200069616C697A65642E204669726D77617260
:10683000652076657273696F6E2025750D0A0000FC
:106840002573205472616E7366657220636175737F
:106850006520666F722073656E736F7220696420A5
:1068600025750D0A0000000025732053656E736FB7
:1068700072206672616D65776F726B206576656EEA
:106880007420666F722073656E736F722069642066
:1068900025750D0A0000000025732052657365748C
:1068A000206576656E742025642C20307825303282
:1068B000582C20203078253031580D0A0000000077
:1068C00052656769737465723A20307825303258A2
:1068D0002C204572726F7220436F64653A202564E4
:1068E0002C203078253032580D0A000073697A6503
:1068F000206F6620706F73746D6F7274656D207396
:1069000074727563743A202564000000506F7374CC
:10691000206D6F7274656D20646174613A20256426
:1069200000000000257320556E6B6E6F776E206D32
:10693000657461206576656E742077697468206976
:10694000643A2025750D0A004E4F5F474553545554
:106950005245000057524953545F5348414B455FDD
:106960004A4947474C450000464C49434B5F494E16
:1069700000000000464C49434B5F4F555400000057
:106980004E4F524D414C00004C4F5720504F5745F1
:1069900052000000504552464F524D414E43450073
:1069A0004E4F5F544150000053494E474C455F5491
:1069B00041500000444F55424C455F544150000047
:1069C000444F55424C455F53494E474C455F5441F7
:1069D00050000000545249504C455F544150000053
:1069E000545249504C455F53494E474C455F5441C2
:1069F00050000000545249504C455F444F55424CA2
:106A0000455F544150000000545249504C455F448A
:106A10004F55424C455F53494E474C455F5441509A
:106A2000000000005B4D41475D2063616C6962724C
:106A30006174696F6E206572617365206661696C4F
:106A400065642028256C75290D0A00005B4D4147BF
:106A50005D2063616C6962726174696F6E206C6F36
:106A60006164656420666F72206C696E6B202575A9
:106A70000D0A00005B4D41475D2063616C696272E5
:106A80006174696F6E206E6F742073746F726564C9
:106A90003A207175616C697479206761746520664C
:106AA00061696C65640D00005B4D41475D20636169
:106AB0006C6962726174696F6E2073746F726520A5
:106AC0006572617365206661696C65642028256C58
:106AD00075290D0A000000005B4D41475D20636190
:106AE0006C6962726174696F6E2073746F72652075
:106AF0007772697465206661696C656420617420D1
:106B0000256C750D0A0000005B4D41475D206361F7
:106B10006C6962726174696F6E2073746F72656400
:106B200020282575206C696E6B287329290D0A00B1
:106B30005B4D41475D206C696E6B2030206E6F7439
:106B40002075700D000000005B4D41475D207669A7
:106B5000727475616C2073656E736F7273207072DE
:106B60006573656E743A000020257500202020288A
:106B7000257520746F74616C3B20717561743D25BF
:106B800075206D61673D2575206779726F3D2575AC
:106B9000206D6167323D2575290D0A005B4449412E
:106BA000475D2073656E736F722D696E666F20642A
:106BB0006961676E6F73746963732064697361627E
:106BC0006C65640D000000004368616E6E656C20AA
:106BD000256420666F756E64206465766963652040
:106BE00061743A202558200D0A00000054554E4586
:106BF000206469725F737472656E6774683D2564A2
:106C0000206469725F7468725F643130303D25645E
:106C1000206469725F656D61785F783130303D2541
:106C2000640D0A0054554E45206572723A2065780D
:106C30007065637420225420444952203C302E2E2B
:106C40003130303E220D000050415353000000000F
:106C50004641494C00000000534B495000000000E1
:106C6000747275650000000066616C736500000059
:106C70005B25735D2046696E6765723A2025642C3A
:106C8000204C696E6B3A2025642C204D75785F434B
:106C900068616E3A2025642C204465765F616464E7
:106CA000723A2025582C20496E69743A20257320A9
:106CB0000D0A00004241442055504C4F41442120D0
:106CC0000000000042414420424F4F542120000068
:106CD000666F756E640000004E4F5420464F554E4F
:106CE00044202D2073696E676C652D70617274206D
:106CF0006D6F6465000000005B4D41475D2073656A
:106D0000636F6E64206D61676E65746F6D65746529
:106D1000723A20257320286964202575290D0A0000
:106D20005B4D41475D206C6173742D676F6F64200C
:106D300063616C6962726174696F6E2072657374ED
:106D40006F726564206F6E202575206C696E6B28EC
:106D500073290D0A000000005B4D41475D206175FD
:106D6000746F2D726573746F726564206C617374D7
:106D70002D676F6F642063616C6962726174696F03
:106D80006E206F6E206C696E6B2025750D0A0000F9
:106D90005B4D41475D206175746F2D726563616C59
:106DA0006962726174696F6E20737563636565648F
:106DB0006564206F6E206C696E6B2025750D0A006E
:106DC0005B4D41475D206175746F2D726563616C29
:106DD0006962726174696F6E2074696D656F757434
:106DE0003B206C6173742D676F6F642072657374E0
:106DF0006F726564206F6E206C696E6B2025750D57
:106E00000A0000005B4D41475D206175746F2D7273
:106E10006563616C6962726174696F6E2066616935
:106E20006C6564206F6E206C696E6B2025750D0A91
:106E3000000000005B4D41475D206175746F2D724D
:106E40006563616C6962726174696F6E20737461ED
:106E500072746564206F6E206C696E6B2025750DF1
:106E60000A0000005B4D41475D2068656164696E02
:106E700067207265666572656E63652064726F7007
:106E8000706564206F6E20616C6C206C696E6B7332
:106E90000D0000005B4D41475D2063616C696272CB
:106EA0006174696F6E2073746172746564202D2043
:106EB000726F746174652065766572792066696E9B
:106EC000676572207468726F756768206173206DE2
:106ED000616E790D000000002020202020206174C8
:106EE0007469747564657320636F6E74696E756F11
:106EF00075736C793B2074686520666974206175D0
:106F0000746F2D636F6D6D697473207768656E2083
:106F100076616C69642E0D005B4D41475D206361B5
:106F20006C6962726174696F6E2066696E697368FC
:106F300065643A202575206F66202575206C696E82
:106F40006B73204F4B0D0A005B4D41475D206C6514
:106F500061726E696E672077696E646F77206F70FB
:106F6000656E6564206F6E20616C6C206C696E6B61
:106F7000730D00005B4D41475D206C6561726E6969
:106F80006E67206C6F636B6564206F6E20616C6C44
:106F9000206C696E6B730D005B4D41475D20636132
:106FA0006C6962726174696F6E20636C6561726591
:106FB00064206F6E20616C6C206C696E6B730D00C9
:106FC0000D0A206C696E6B202073746174757320D8
:106FD0002020207472757374202072616469757347
:106FE000312072616469757332206D6F64656C2045
:106FF0002072657369642020616C69676E20206768
:107000007261642F74687220206472696674202033
:10701000206469702020737475636B2066697865DD
:1070200073202066656E2066656F627320666572E8
:107030006573206665642066654220666541202090
:1070400067656F2065537465702065447220654CD8
:107050007020654E20654469206547722065466C46
:1070600020772072656A206865762063616E6420EF
:1070700063616E647320676F6F642065496E2020C2
:10708000646174756D202079617763207265762064
:107090006C726E206F706E0D000000006469616795
:1070A000000000007370680066756C6C00000000E2
:1070B00077616974000000006E6F6E65000000006B
:1070C000796573000000000020283F2900000000BF
:1070D0002025327520202020252D387320202533AF
:1070E0006425252020202535642020202535642096
:1070F00020252D35732025346425252020252D3588
:107100007320202534642F252D34642025356420F8
:10711000253464257320253464732025337520209D
:1071200025336420253564202535642025356420E9
:1071300025356420253564202535642025356420D7
:1071400025356420253564202535642025356420C7
:1071500025356420253564202533642025316420BD
:1071600025316420253164202534642025346420B1
:1071700025356420253664202535642025336C753B
:1071800020253375202533750D0A0000202020208E
:10719000202059415720696E6E6F765F6431303D13
:1071A00025642072656C61785F783130303D2564EC
:1071B00020686F6C645F6D733D256420736C657728
:1071C0005F6470735F7831303D256420747275732D
:1071D000745F783130303D2564206C617267653DA5
:1071E000257520736E61703D257520636C65616E39
:1071F0003D2575206E69733D257520737465705F3C
:10720000643130303D2564206469726566665F785C
:107210003130303D25640D0A0000000020206772E7
:1072200061642F7468722061726520696E20312F4D
:1072300031303030206F66206669656C6420726181
:10724000646975733B20647269667420696E206D91
:10725000696C6C692D6465672F732E0D000000004A
:107260002020616C69676E20276E6F6E6527203D58
:10727000206E6F207365636F6E642070617274207E
:107280007365656E2C20277761697427203D206E19
:107290006F7420616C69676E6564207965742E0D6A
:1072A000000000002020737475636B203D2073651F
:1072B000636F6E64732072656A65637465643B20F6
:1072C0006669786573203D2074696D65732061205F
:1072D0006D61676E65746973656420626F61726465
:1072E0002077617320636F727265637465642E0D1D
:1072F0000000000020206D6F64656C3A2066756C9C
:107300006C203D2074696C74656420736F66742012
:1073100069726F6E207265736F6C7665642C206481
:107320006961672F737068203D2066656C6C206210
:1073300061636B202865787065637420626961738E
:10734000292E0D0020207265736964203D20666936
:107350007420726573696475616C20696E202525DF
:10736000206F66206669656C643B206974207368D1
:107370006F756C64206B6565702064726F707069E6
:107380006E6720617320796F75206D6F76652E0DA5
:107390000A0000002020646174756D2F79617763A5
:1073A00020696E20646567726565732E20204441F4
:1073B00054554D204D555354204E4F54204D4F564B
:1073C0004520696E206F7264696E617279207573F1
:1073D00065202D2065766572790D0000202064659A
:1073E00067726565206974206761696E73206973CF
:1073F000206120646567726565206F662067797219
:107400006F206472696674206D61646520706572B6
:107410006D616E656E742E202079617763206D6FCB
:1074200076696E670D00000020206973207468651E
:10743000206D6F64756C6520776F726B696E672E57
:107440002020726576203D20656C6C6970736F69D1
:10745000642072656669747320636F6D6D697474FE
:1074600065642E0D0000000020206C726E3A203002
:1074700020626F6F7473747261702031206C6F635F
:107480006B656420322061726D65642033206F70FB
:10749000656E3B206F706E203D2077696E646F775C
:1074A00073206F70656E65642E0D0A0D000000007C
:1074B0004E4F5F43414C000043414C00414351005B
:1074C0004C4F434B454400004445475241444544DA
:1074D00000000000434F4153540000004D657461AB
:1074E00020414900426F776965476C6F76650000FF
:1074F0003132333435363738390000004461746135
:10750000000000004446550025732025643A2041C0
:107510005353455254204641494C45440D0A0000FE
:1075200025732025643A2041535345525420464147
:10753000494C45440D0A000025732025643A20413A
:107540005353455254204641494C45440D0A0000CE
:1075500025732025643A2041535345525420464117
:10756000494C45440D0A000025732025643A20410A
:107570005353455254204641494C45440D0A00009E
:1075800020207C007C0D00004E554C4C0D0000006E
:10759000253034583A2000002530305800000000D3
:1075A00004110040081104400C14084010140C4051
:1075B000141410400000000000000000A075020834
:1075C000B87502080000000000000000050000007F
:1075D0000500000004110040081104400C1408408C
:1075E00010140C4014141040181414401C141840AB
:1075F0000000000000000000D4750208F4750208C5
:10760000000000000000000007000000070000006C
:1076100004110040081204100C11084010110C4015
:107620001518014014001400191801402C001C000A
:1076300000000000BC750208F87502080000000098
:1076400010760208347602080000000000000000F6
:1076500006000000060000002B66000000004C0938
:107660004F55A498B6316E32C0C72A80B12E69D466
:10767000F956024A0A20337172EA65EA08D3AE323B
:10768000000000000E5A8F62DFDEAD21D011387885
:1076900003111ED2EF48630E000000003206EF1403
:1076A000F5CAA749934054DEFC9E367045E9CF7D6C
:1076B000F04F010084746C6CDC3901002E14000062
:1076C00000000000F00000000000000000000000CA
:1076D00074D6375FB87A1300D0291000D029100073
:1076E000D0291000D0291000D0291000D029100076
:1076F000D0291000D0291000DC9A1000D0291000E9
:10770000D0291000D0291000D02910008446010093
:10771000D0291000985F12000CB11000D029100081
:1077200068B3100068B3100068B31000804D1200F9
:107730007C6D12007C6D120064B61000ECB6100077
:1077400034B81000406A1200D02910002C1A100022
:10775000C8B5100010151000D0291000D029100055
:10776000B81810006C191000246E1200246E12005C
:10777000246E12008CCA1200C102CFF25D074FF6D0
:10778000F5040001590600014D06CFF76906CFF751
:107790008506CFF7D907CFF7E505CFF93506CFF93D
:1077A0001107CFF9A1010FFAA9010FFA95020FFAFB
:1077B00009060FFAB100C00719014FFAB5044FFAD4
:1077C000F5044FFA5D054FFA2D04C00059064FFA33
:1077D00071064FFA9500C007B5018FFAD9018FFAEB
:1077E0000D01C00741028FFA65038FFABD038FFABE
:1077F00015048FFA61048FFA79048FFA2901C00702
:10780000F9048FFAD90540014D068FFA81078FFAE6
:10781000A501CFFAA502CFFA6D03CFFA7906CFFA08
:10782000B502400135000FFB75000FFBA9000FFBEF
:10783000D9000FFBE1000FFBED000FFBF5000FFB84
:1078400005010FFB49020FFB4D020FFB55020FFB19
:1078500065020FFB75020FFB81020FFB75030FFB27
:10786000AD040FFBD5040FFBED040FFBF5040FFB7C
:1078700019050FFBC903400121060FFB8D03C0074B
:10788000D9060FFB29014FFB3105C00015024FFB44
:10789000F1024FFBAD00800065008000F50740005D
:1078A000390080001100800079008000D90080003C
:1078B000B5008000F5054FFBB9064FFBFD064FFBF9
:1078C0006903400151068FFB2902CFFBB5020FFC73
:1078D00035040FFC81040FFC8D040FFC61050FFCC7
:1078E0000D018FFDA1018FFDB1018FFDC1018FFD44
:1078F0002902400191038FFD09058FFD7104C0002D
:107900009900CFFD0504C00051020FEFBD04CFFD6B
:107910002505CFFD6D06CFFDA506CFFD5D07CFFD8B
:10792000F507CFFD29000FFEB901400111020FFE3E
:10793000A1020FFE39030FFEC9030FFEB1040FFEB3
:1079400071070FFEA5068008FD070FFE0D004FFE14
:1079500061004FFEB5004FFEB9004FFECD004FFE57
:10796000F5004FFE05024FFED9058FFE65068FFE1E
:107970007D068FFE7500400135078FFE49078FFE9B
:107980006D078FFEE5078FFE1500CFFE9D00CFFE31
:10799000B500CFFEE500CFFE5901CFFE0502CFFEB8
:1079A0001D02CFFE510680085D068008690680082A
:1079B000350780084D02CFFE9D02CFFEA502CFFE07
:1079C0007D0780084D03CFFEB503CFFE1904CFFE1F
:1079D0008104CFFEA904CFFEC9078008F107800803
:1079E000B1060001D906CFFE9907CFFE9500C00869
:1079F000C900C008F100C0087D000FFFBD000FFFE7
:107A0000890500013502C00881020FFF85020FFFC2
:107A1000D502C000CD020FFF19030FFF19030FFF9E
:107A2000850540006D064FFF35008FFF5902CFEFEF
:107A30000D03CFEFAD03CFEF0104CFEF8D04CFEFF8
:107A40009D04CFEF1105CFEF5905CFEF6905CFEFBB
:107A50001D01000299010002AD020002AD03000207
:107A600075040002C5040002C505000245060002B7
:107A70007D030FF0450700026100400291004002C3
:107A8000650140024903400231004FF05D014FF0B3
:107A900009028FF051078FF02100CFF04500CFF0A1
:107AA000B101CFF0FD06CFF00507CFF0DD000FF1FB
:107AB000E9000FF1DD03400279050FF131060FF106
:107AC00039060FF149060FF12D004FF181004FF1FA
:107AD0006D048002E105800251068002D906800211
:107AE000F9068002F90680026D078002B90780025C
:107AF00085044FF16D074FF171074FF179074FF191
:107B00007D074FF181074FF19D074FF1AD074FF111
:107B1000B1074FF1B1074FF149018FF1A1018FF189
:107B2000DD018FF17D028FF179038FF105048FF173
:107B30001900C002C9068FF161078FF1F9078FF1B3
:107B4000D500CFF19902CFF1A102CFF1BD03CFF162
:107B5000F101C0026102C002D502C0028D04C00260
:107B60003905C002FD05C002B106C002490100038B
:107B7000490100039501000331020003A50200033F
:107B8000E1020003690300038D030003CD0300033A
:107B90000505000379050003D1060003F90700037A
:107BA000ED004003DD0140032107400321074003AE
:107BB00051074003190080038D008003DD0080031E
:107BC00009068FF221068FF2FD07CFF249000FF36D
:107BD0004D010FF371010FF381010FF3B5010FF3A5
:107BE000B9010FF3C5010FF311020FF3690380030D
:107BF0009903800351048003890580030D068003E7
:107C00007D068003D5068003F106800355078003B7
:107C1000F501C0032503C003E505C003B106C00399
:107C20002907C0032900000429000004C50200043C
:107C3000DD048FF359058FF309068FF36D068FF37B
:107C40007D068FF3FD068FF311078FF385078FF302
:107C500035060004FD060004450140040503400408
:107C60009D034004F504400459054004C10080040C
:107C70006D0580040906800441078004AD01C0043D
:107C8000E901C004F503C004A906C0041107C0043B
:107C90006D00000535010005B5020005B5020005BF
:107CA000510300056D030005450500050100400571
:107CB000E50040052103400501010FF54D010FF5D9
:107CC000E5020FF509030FF519030FF5CD030FF5C5
:107CD000D1030FF5DD030FF5B1040FF53D054005A8
:107CE000C505400561064005C5064005F907400584
:107CF000650080056500800575008005F100800540
:107D000049028005CD00CFF5E100CFF53101CFF577
:107D1000FD01CFF5ED02CFF58103CFF5E903CFF5F6
:107D20004504CFF52505CFF5ED010FF609020FF655
:107D300085020FF6C1020FF6F9020FF625074FF67E
:107D40007D074FF6C1074FF655008FF6C5018FF638
:107D500039028FF649028FF6E9028FF6F1028FF6AB
:107D6000BD038FF671048FF61D058FF60500CFF663
:107D70008500CFF69500CFF67D01CFF68501CFF6D1
:107D8000A902CFF6D902CFF6A503CFF6CD05CFF6DF
:107D90006106CFF67106CFF62907CFF63107CFF689
:107DA00021000FF7E1000FF765010FF721030FF72F
:107DB0004D030FF7B1030FF7C1030FF791040FF74E
:107DC000AD040FF7B1050FF721060FF781060FF786
:107DD00091070FF7E5070FF705004FF7A1004FF7E1
:107DE000B1004FF761014FF775014FF7A1014FF750
:107DF000C5014FF719024FF789024FF7C1024FF73C
:107E0000F1024FF75D034FF7DD044FF735054FF7EC
:107E100045054FF709064FF719064FF7F5064FF7D7
:107E20008D058FF7A5058FF71D078FF75D078FF776
:107E3000DD00CFF77D01CFF7D90680058D078005DE
:107E40001D05CFF7DD05CFF73501C005E903C005F6
:107E500051000FF8A1000FF839010FF811020FF8C7
:107E600079020FF88104C0051507C0056107C00538
:107E7000FD07C00585000006A90000063D004FF87B
:107E800045004FF859004FF8BD01000651014FF869
:107E900085030006690500065502400689008FF833
:107EA0003D03400601018FF845018FF8AD018FF8C1
:107EB00021028FF871028FF8C1028FF8DD028FF86E
:107EC000ED028FF835038FF8E1038FF8F1038FF897
:107ED000F5038FF821048FF83D048FF865048FF8BF
:107EE00079048FF8E504C0069105C006FD000FF97E
:107EF000B5010FF9B505C006950200079502000708
:107F0000BD0200074D05000719048FF9B9048FF968
:107F1000C9048FF9F9048FF909058FF909058FF95B
:107F2000CD064007D1058FF9ED068FF90D07400703
:107F30005503CFF9450740078103CFF9ED03CFF98A
:107F40002904CFF9CD074007E50740076904CFF9B9
:107F5000FD0740071D008007FD04CFF931008007B1
:107F6000490080074105CFF95D0080076505CFF91D
:107F70007505CFF98905CFF99D05CFF9C105CFF971
:107F8000E105CFF9B906CFF90107CFF91907CFF904
:107F90004D07CFF99507CFF9710080078900800759
:107FA0003D060FFA89070FFAE1070FFAF9070FFAF2
:107FB0002D004FFA2D004FFAD5008007ED00800705
:107FC000FD048FFA15058FFA41058FFAB901800774
:107FD000D5018007D5058FFA51078FFA69078FFA07
:107FE0009D078FFAC50380070D06CFFA2506CFFA45
:107FF0005D06CFFA4D018FFB65018FFB8903CFFB37
:108000009103CFFBC503CFFB5906CFFB7106CFFB16
:10801000A906CFFBC106CFFBFD06CFFB1507CFFBA3
:108020004907CFFB6507CFFB05000FFC6D000FFC78
:108030009D000FFCED000FFCF9000FFC4D010FFC43
:10804000B1010FFC8901C0072903C00745030FFCDC
:1080500081030FFCCD030FFC2103C0075503C007AC
:108060002105C007B9060FFCC9060FFC2105C00792
:108070008105C00749070FFC59070FFC69014FFC38
:1080800071014FFC81014FFC9D014FFC9505C0071C
:10809000D5014FFCD9014FFCE9014FFC75024FFCA3
:1080A000ED05C007C9044FFCE1044FFC7D054FFC02
:1080B00025064FFC19074FFCCD07C007E5008FFCD4
:1080C000D507C007F5008FFCDD07C007F5018FFC61
:1080D0008D000008F1038FFC91048FFC75020008ED
:1080E0002D030008DD050008F105000821078FFCBD
:1080F000DD078FFCED02CFFC6104CFFC6504CFFCF3
:10810000B504CFFCBD04CFFCD904CFFC1505CFFCD2
:108110001D05CFFC8506CFFCD90140086D000FFD81
:10812000E501400819020FFD31020FFD75020FFD38
:1081300051024008ED030FFD05040FFD31040FFD52
:10814000A9050FFD55004FFD6D004FFDE5004FFDEA
:1081500095014FFD9D014FFDB1014FFDC9014FFD3F
:10816000AD034FFD49028FFD61028FFD2D034008D5
:1081700001048FFD19048FFDC9058FFDD504CFFDC6
:10818000ED04CFFDB5020FFE9D038FFEB5038FFEFC
:1081900075000FFF8D000FFF59020FFF71020FFFD7
:1081A00059028FFFB5028FFFD9000004F1060FF6C8
:1081B000CD010001FD004FF63102000115038005DD
:1081C000DD05CFF8ED06CFF841024FF94D024FF92A
:1081D000AD060007ED078000B5068FF9FD068FF9A3
:1081E0004D07CFFAF90400001102000129048007AD
:1081F00079010001C50100019101000145048007DA
:10820000DD048007A1008FFB2D068007AD028FFBE8
:10821000E9020FFDF9020FFD9901C00905034FFDA9
:108220003501000071010000FD038FFD2D02CFEE2E
:1082300065048FFDF5048FFDF906CFFD99050FFE4E
:1082400045074FFEE105400801064008090000000F
:1082500085000000E2C20845018068408420030CCC
:108260001908310448410E8D0015061021421D7871
:108270004A0E6FFB0143C2C6284D4C700208E00055
:10828000084300150610004161402142FA0A2FF60A
:108290000143C2C6E2C20845018068408420030C45
:1082A0001908310448410E8D0015061021421D7831
:1082B000EE0D6FFB0143C2C6284D4C70C20FA000EB
:1082C000084300150610004161402142CE0A2FF6F6
:1082D0000143C2C6E2C20845018068408420030C05
:1082E0001908310448410E8D0015071021421D78F0
:1082F0001E0E6FFB0143C2C6284D4C70820FA000BA
:108300000843001507100041614021428A0AE0003D
:108310000143C2C6E2C20845018068408420030CC4
:108320001908310448410E8D0015071021421D78AF
:10833000A60D6FFB0143C2C6284D4C70420FA00032
:10834000084300150710004161402142620AE00025
:108350000143C2C6E2C20845018068408420030C84
:108360001908310448410E8D0015061021421D7870
:10837000E20A6FFB0143C2C6284D4C71020FA000F8
:10838000084300150610004161402142CE092FF636
:108390000143C2C6E2C20845018068408420030C44
:1083A0001908310448410E8D0015071021421D782F
:1083B000BE0A6FFB0143C2C6284D4C71C20EA0001D
:1083C000084300150710004161402142FA09E0000E
:1083D0000143C2C6F1C081808424031C110C3114F6
:1083E000001005000E881D789E5A04F010E08E5A89
:1083F000D1C0E07EF1C081808424031C110C3114B3
:10840000001006000E881D78A05A04F010E08F5A64
:10841000D1C0E07EF1C081808424031C110C311492
:10842000001006000E881D789F5A04F010E0905A44
:10843000D1C0E07EF1C081808424031C110C311472
:10844000001006000E881D789C5A04F010E08D5A2A
:10845000D1C0E07EFC1C88B7E1C0E1C1E1C2E1C34C
:10846000FC1C08B1FC1C48B1FC1C88B1FC1CC8B148
:10847000FC1C08B2FC1C48B2FC1C88B2FC1CC8B234
:10848000E1C4F1C0FC1C08BF6A208000E1C06A2082
:10849000C000E1C0C340F0002D000088C1B8F02644
:1084A0000170A000A47E03E94079C1C06B20C00028
:1084B000C1C06B208000C1C00A240070D1C0C1C4FB
:1084C00004140B3404140A34041409340414083456
:1084D0000414073404140634041405340414043456
:1084E000C1C3C1C2C1C1C1C004141E346F243F0046
:1084F000E4C22F27BF036F233F00CB45A000A24259
:10850000208D06210000820BAFEE00AD208D14708F
:10851000C340F000340005F27B00200033A8A0B96E
:1085200033A820AD00168070A000A142147033F271
:108530000016C070A000B042CB44A000A04214704E
:10854000C343F000400226002B00408C6D71E5B85B
:10855000002B80102F27BF006F233F0012F42583CC
:10856000067925A32F26BF0011F02F277F006F2348
:108570003F0007830F20800007A32F267F000BF00A
:108580002583257805A32F26BF00008C002B001023
:1085900006A32F26BF03C4C6E6C1A3C12F273F02EF
:1085A0006F233F006F263F0437886D7034700CF2E4
:1085B000358883E93688448005B9422101083A624A
:1085C000688A74708E00210080C4E782C682FFD959
:1085D0005ADD181A800F1200E8FB87A240C641C777
:1085E0004F00200042C1AB25081E00168170F0002C
:1085F0003500C5B9347210F46F273F006F233F0078
:10860000AA215A004B2180830BF22F21BF0F0000BB
:1086100077000BF02F21BF0F0000B70005F02F21CE
:10862000BF0F0000B7006F263F04688A02C108EB45
:108630008C21C38F04F477887470D7F58C21C38F95
:108640006D7109F427820F09010301C127A200C13E
:1086500026A22F263F026140C6C5E07814707C0038
:10866000210000432F273F036F233F006F263F0465
:1086700022F029F400168070F0003500C5B814729D
:108680000FF46F273F006F233F00AA205A004B20B2
:1086900080830CF22F21BF0F000077000AF02F21FA
:1086A000BF0F0000B70006F02F21BF0F0000B7007A
:1086B0006F263F044C8B00815470BA07E2FF8C2078
:1086C000C38F2F263F038C20C38F0041CA21E108AE
:1086D0005470E07FCA204100E07F23D8E8C3A3C1E3
:1086E0002F273F046F233F006F263F042D90AD706E
:1086F00034700CF22B9083E92C90247742805A211D
:1087000001053A622C8A34709400210080C3C4822F
:10871000A282FFDC081A800F1300343F64A240C518
:1087200041C65100200042C4AB21080E00168170E2
:10873000F0003500C5B934720FF46F273F006F2386
:108740003F00AA215A004B2180830CF22F21BF0F3A
:10875000000077000AF02F21BF0F0000B70006F0DD
:108760002F21BF0F0000B7006F263F042C8A02C4E0
:1087700009E98C24C39F07F42D903470AC07E2FF05
:108780005AD98C24C39FAD710AF404821108C10028
:1087900001C004A200C002A291D867582F263F044E
:1087A000A140C8C700168070F0003500C5B814722B
:1087B0000FF46F273F006F233F00AA205A004B2081
:1087C00080830CF22F21BF0F00007700E07E2F2165
:1087D000BF0F0000B700E07E2F21BF0F0000B700E1
:1087E000E07EE078F1C002881708BF01F6D80211D8
:1087F000C0000D0832000C70D1C0E07EF0D89209A4
:10880000AFF42C71E4C2C34200000000C343000077
:1088100000002845AE0D6FF908464C706C70C140E1
:10882000320B6008A141C4C6E4C2C342000000008C
:10883000C3430000000028458A0D6FF908464C71BB
:108840006C70C1400E0B6008A141C4C6E4C2C342B3
:1088500000000000C343000000002845660D6FF9CA
:1088600008464C726C70C140EA0A6008A141C4C657
:10887000E2C2C34200000000C343000000003E0DFE
:108880006FF908454C736C76CA0A6008A140C2C6ED
:10889000E4C2C34200000000C343000000002845BA
:1088A000220D6FF908464C746C70C140A60A60082E
:1088B000A141C4C6E4C2C34200000000C34300009B
:1088C00000002845FE0C6FF908464C756C70C140DD
:1088D000820A6008A141C4C6E4C2C3421300D4792D
:1088E000C3431300D8792845DA0C6FF908464C7653
:1088F0006C70C1405E0A6008A141C4C6E4C2C342B4
:1089000000000000C343000000002845B60C6FF9CA
:10891000084607DA6C70C1403A0A6008A141C4C633
:10892000F1C0C34200000000C34300000000860CF9
:108930004FF908DA1E0A60086C74D1C0E07EE07856
:10894000E4C2C34200000000C34300000000284509
:10895000720C6FF9084609DA6C70C140F6096008BC
:10896000A141C4C6E2C2C34200000000C3430000EC
:1089700000004A0C6FF908450ADA6C76D6096008DF
:10898000A140C2C6E2C3A1C13A0CEFFA084540C0FB
:1089900040240530C34200000000C3430000000033
:1089A0008C76720BEFFAA140402404300BDA6C761F
:1089B00092096008A14000C0C2C7E078E4C2AD706F
:1089C0000A26801F1300387A0086218602790D0955
:1089D000720122B9960BCFFAA571F10D349408E615
:1089E000C3421300D879C3431300DC79C60B4FF997
:1089F0000CDA620960086C74C4C6E078F1C0C34246
:108A000000000000C34300000000AA0B4FF90DDA7C
:108A1000420960086C74D1C0E07EE078F1C0C342C6
:108A200000000000C343000000008A0B4FF90EDA7B
:108A3000220960086C74D1C0E07EE078F1C0C342C6
:108A400000000000C343000000006A0B4FF90FDA7A
:108A5000020960086C74D1C0E07EE078E07F0C70A1
:108A6000E8C2084594E142012500ED700E71CD7019
:108A7000E1ADE0ADAA09AFF5CF78618D408D2F2132
:108A8000080408BB1470C571657ACF78C52242000E
:108A90002F20402040AD28BADD08748241AD09DEA8
:108AA0000E71E3AD021DC2137609AFF5CF78638D69
:108AB000428D2F21080408BB1470C571657ACF78E8
:108AC000C52242002F20402042AD28BADD08B484E0
:108AD00043ADCD700E71E5AD041DC2136A08AFF54C
:108AE000CF78658D448D2F21080408BB1470C571A3
:108AF000657ACF78C52242002F20402044AD28BAA5
:108B0000DD08748245ADE7ADE6AD09DF4A264010C9
:108B10003608AFF5EF78878D468D1470402C001223
:108B2000D079E5714578EF7BC52042003B7E06ADEC
:108B300028B8E10BB48407AD0E0F4000060F6000AB
:108B400008ADDE0E600009ADBA0E60000AAD5A092C
:108B5000AFF50BADD609AFF50CAD8609AFF50DAD90
:108B60000EADC341F00000010D8914DFC2B80FAD96
:108B70000989C6B810AD0591C6B811AD0C89C1B848
:108B800012AD138D2C8900160270F00090016C203C
:108B9000430024B95B78442142004420810005232E
:108BA0008000257813ADE140C8C6E078E8C2F02621
:108BB0004D70A000F44D48470846B57066F22F2767
:108BC0003F046F233F00018500AE6085428528B8D1
:108BD00001AE204062AE66086FF843AE828E04AEEE
:108BE0005527801F22B8C5B840250315984E4C70F4
:108BF00009240B101FF0608320EBD48B8089447113
:108C0000C3BE6C24C010C57800A9888B8420C20321
:108C100004BC8424011C857800A9158BC57C07B889
:108C2000857800A90C93968B02A928B881A903A97D
:108C300024744F78C308C4820CE520F0A08521ED90
:108C4000948D60894471C3BC6C23C000857800A9F1
:108C5000688D8420C20304BB8423010C657800A9BD
:108C6000158D857B07B8657800A90C95768D02A9CE
:108C700028B861A903A924744F78C508C4822F2697
:108C80003F0408D9157903F02C703078C8C6E07815
:108C9000E4C2CB44A000C07E8084607C4845CD7097
:108CA00009E8008DCD7107E83D582488058821AD7D
:108CB00002ADC140C4C6E078EAC208457CB8704144
:108CC00048461D08F50030405525401E0F79C1402B
:108CD0000242B7FF001904200C71CAC60F0D7418A8
:108CE0001E4E2C709609EFFC4C75CB47A000B47E4D
:108CF0008287A1400241C142607C224307E8710D96
:108D0000F0100C71310D1011E9F1250D32140C70B9
:108D1000870D30140241F9E544F2FEE5DFF5208FBE
:108D200003AE02AE01AE0C7420AE3FF0410DD01088
:108D3000AB0D1191CE0E00070845026EC341130022
:108D4000C178F60AEFEE4C76184EC341A000EC7FD6
:108D5000E60AEFEE4C7609ED8025041F1E4E4C7698
:108D6000D60AEFEEA14100110021B6F10D0835251C
:108D70000C7000190520CAC60A0FEFF90C724128C1
:108D80000306412802044128010210AE14D873AE34
:108D900052AE31AE09F010D86A0AA000C14205F007
:108DA000C14002412FFF310911A098F1E8C2CB4622
:108DB000A000B47E648648453040607B0847B6E832
:108DC000FEE70C7033F40D081020408D40AE03F028
:108DD000408ECB451300C77805EA8C22C38F23F25F
:108DE00006F0F20C6FEEA140408E1AEA218601696E
:108DF00001A63A0B6FEE5A4D008E250894003B58A1
:108E0000004320441D4DE141220B6FEE0242008ED3
:108E10000D08F4005425401A120B4FEE048E0D0875
:108E20001E00820C6FEE0AD80C71C8C6E2C2390B64
:108E3000B00028434B0B5000A30B110080905F0C37
:108E40001316AB0CD011B70C1012930C9112219089
:108E500004691109340200A253217E800C7146F28C
:108E60000AD868F08090C341A000D0D34B0CD01139
:108E70004D0C1012670C9112D608000051F0809032
:108E8000CB45A000C87E3F0C9016490C50164F0CE5
:108E90001116828523EC407C43F07B0C1016870C66
:108EA00050163B0C911621900C7164693D093001FC
:108EB00060A21AD83EF0DE0B000033F01E0C00005A
:108EC0002FF020850BE943852588607A048829F0F6
:108ED000808505EC607C048823F0CB44A000CC7E28
:108EE000A0842AED607D6141C2C621900C71646945
:108EF000F909308160A207D81CF001902C686468E1
:108F0000F8E160A205F753207E800C71EEF308D8DB
:108F100010F00190246820A203E818D80AF00C7120
:108F2000C2C621900C716469C109308160A219D850
:108F30002C7170580C70C2C6F1C079200000047109
:108F400004A90C716458D1C0E07EE078F8C20846EC
:108F500004880D081F000196A10811020B16941039
:108F6000CE086FFA0A16931004E82D10920003F051
:108F70004E71CB47A000F4D4CB45A000D4D40C70E4
:108F8000031FC214041F02151CAD181D45112296A3
:108F9000081690104B210086304113F24129CC2055
:108FA000532441105D09D0006B0990007D095100E8
:108FB000670A5F20C341A000EC4021D84DF02E5835
:108FC0001045345800410240A242335816E8BC48CC
:108FD00018DA6608EFEEA1400185F0D9047963093B
:108FE000300491E0E5093108A2E0F7F2A1E0C621E2
:108FF0002126CF21E120F5F000962C767058D8C6B6
:10900000081D8114041D8114001D801FA0007440E0
:109010000DF03F0A5120081D4114041D4114001D8C
:10902000801FA000544003F001A5498E2E8D00AF93
:109030005B7AC0B91FAD194E45792EAD44F00A02D6
:109040002100567192E00F022000C5212126C34164
:10905000A000084122D8558DC0DB2F240204091638
:10906000881006160B114424071141290C235320A4
:10907000862002A501A520A50421C12044240002C8
:10908000442409126C24CC0026B905208001412912
:1090900085230521C10185788422020044254300EF
:1090A00005214102457873AD34AD15AD0396101D11
:1090B000C412121D02121FAD28B800AFA60960002D
:1090C000A140194E008802AF41290022442117A176
:1090D000D342A000E07E1D1D4214011F02141EADEC
:1090E00012F2C5B8D3464C3DCDCC1108740163B81B
:1090F000483080000030960527091F20D340120019
:10910000504B08F023093F20CE70D34012004C4B47
:109110004023C0246C204000001A002410F0D340EB
:1091200012007C4B04F0D3401200784B9C4E056F2C
:109130006242060FAFEE001A002410D840275511E6
:10914000F670D347120064580DB50FF2402505168E
:10915000A1408241A24262430A24C00523200004A8
:109160000A268005D8C615097F2040250516A1408E
:109170008241A24262432CF0422351202F2647F421
:109180001FF2402518160A2640248A46CF796C71B2
:109190008C70A140A242232000040A250006001280
:1091A0001020C677A6712F2687F5C571F0F54223EA
:1091B0008120066F2F7A00245424002215002F21CD
:1091C0000705402505166C71A140A242232000042A
:1091D0000A24C005D8C6462111264F211121089521
:1091E000528D958D748D131589108A2301101FAD32
:1091F00042AF412802029B78366B402BC800042105
:10920000862F00001F3FC2BC4421511040AF6C208C
:109210000901442002040421C00244200B18457CAB
:109220000526C2020CBB8421020045780423830F6B
:109230000F0000802578402991236578052450127D
:109240000521112042F146211126CF212121CF21D4
:10925000E2200E8D0E70001F02141F1D02141D78D7
:1092600033F1E078C341A000F47E4081004307EA77
:1092700040404382FEEA63A002F060A10C70E07FF0
:109280000C1B0100C340A000E87E2180E07F00802D
:10929000E4C2CB45A000E87EC488088D390E0010DA
:1092A000170E9110960A4FFA21A500A53BD8C3418D
:1092B0001200B05B07F01F08B1003BD8C34111009A
:1092C00064A69A0E00000C716B200004E078E07830
:1092D000E078C8ADC4C6E078EAC22190A468CB4764
:1092E000A000E87E38608A20832840201101008D8C
:1092F0008C20038C48002500C16D288FB509B10072
:1093000000418021FC02A509750241DA770A6F004D
:1093100082DA7F0A6F008A220401910A4E00248EAD
:1093200021A7418E638E208E828E08BA08BB257AD3
:109330000523010310B9457920A73CF07D083000D2
:10934000A572A38707000000A385770D1010208564
:109350002489F9090180088F0B0851003B5821A787
:1093600000A7488D0185D20CAFEEC1414085A88D84
:10937000B912C00045083300DD65218700877258A7
:109380001CF0408E208761870022428009F0218EE8
:10939000408E808708B96187457900244290412337
:1093A000018021A740A706F0001E0274F0004800CB
:1093B000FA0C2FFA2C701D65370D4494CAC6E2D8FA
:1093C000001E0270F0004800CAC6E078F1C0A3C1D8
:1093D000C342A000F07E408A0AEA048841C12C748E
:1093E00093B940C162C00C7180C16458A3C0D1C0A0
:1093F000E07EE078E6C242233C8015F2CD70AD708D
:10940000A8204004976D5C642F27FF026F233F0064
:10941000F38C06EFD3AC0E1C4310D0A42F26FF0212
:10942000A5715E098FF9C6C600161D70A00004471D
:1094300009244C17F0261D73A000206CAB251030BA
:10944000AA259030350DFE315025DD31AB25903009
:1094500067244033FC1CC8B7AA250938A725093959
:10946000FC1C48B7AA254938A7254939FC1C48B730
:109470000A27803F11003CC86F243F00AA27903084
:109480004F27DF31AB27903004141D34AB25493909
:1094900004141D34AB25093904141F3467244033E8
:1094A000AB2710306F243F00C342A000007F39A2D9
:1094B000E07F18A2F1C0FA090FFDC340A0000847E1
:1094C0004020020ACC4820E0001A800F1200A85D5C
:1094D0000019800F1200545D0018800F12008E6179
:1094E000D1C0E07E05EB1522CC00FC1CC090CD075E
:1094F0000FFEE078004206E8108AE7B80C77E07DBE
:10950000D901EFFE4040E078EAC2001010000845A3
:1095100058204E0170B870417E0DEFFC2847C341C2
:1095200000801E403671D5212208E4A6041D50108B
:109530001825021407F42C70041E0110A3A642A6DD
:109540000AF0C341A000007F988179814041A1A623
:1095500083A662A620A6CAC60C705470AB20500227
:10956000E07CC340A000587FE07F40A0EEC24E7078
:10957000CB46A000007F8A2190285240A46EAB22E7
:1095800050220085402153200CE82086E18580B9D7
:109590002B214004FE0E0FFEE5782B20C00406F0C0
:1095A0002B2240242B22C02406710CE62672D708F9
:1095B00034A20CE5CEC6E078EEC2D9880845304327
:1095C000C1BE76086FFBA1404E700E710AE81F0EF7
:1095D000B510A1403558130B25200C712E7040F0AA
:1095E0000C7110413CF00D8D03E8E08505F00D1D78
:1095F0004310A94702F01CEF3E086FFBE14011E861
:10960000E14035581B08C104558705EA3987607A5F
:10961000E140190F6013E140320B0FF906F01A0810
:109620006FFBE14002E80E70E087E7F1167015F27B
:109630001A0B2FF9A1400B0E90100D1D0310108D69
:1096400014700BF2101D03109E782C704C71A14009
:109650009158BE784E71792010200C7083E85670B6
:10966000B1F51470CA2042240240CEC6001E00701C
:10967000A000E0476A208002AEB8BFB82920008071
:10968000AA20C1005120C087BFB8AB20C100E72489
:109690006233C740A000E047641C08B0AA20490913
:1096A000981C0030AA200909941C0030AA204908FF
:1096B000901C0030AA2009088C1C00300A20000FE2
:1096C000881C00306A208000841C00306A20C000A2
:1096D000801C00307C1CC037781C8037741C4037DD
:1096E000AA2050005CC06C1CC036681C8036641C0C
:1096F0004036601C00365C1CC035581C8035541C3C
:109700004035501C00354C1CC034481C8034441C6F
:109710004034401C00344FC74EC64DC54CC42C1CB1
:10972000C032281C8032241C4032201C00321C1CF9
:10973000C031181C8031141C4031101C003143C34F
:1097400042C241C1AA204800422000841E000100FC
:109750006A2180084421C1006B2180082220800FEB
:109760001200D03914702A000100AB204800001606
:109770000A70A000AC46001A00172220800F1200C9
:10978000EC2A00160A70A000AC4600121C109814B7
:109790001E30AB26493994141E30AB26093990147B
:1097A0001E30AB2649388C141E30AB26093888147D
:1097B0001E300A24807784141E306B26803080147B
:1097C0001E306B26C0307C141F3078141E30741489
:1097D0001D306C141B3068141A3064141930601476
:1097E00018305C14173058141630541415305014B7
:1097F00014304C14133048141230441411304014F7
:1098000010300FC70EC60DC50CC42C140B30281415
:109810000A3024140930201408301C14073018149E
:109820000630141405301014043003C302C201C101
:109830001CC0AB2050009C1400346F233F006F24E9
:109840003F00E078FC1C08B0AA2048000B0810007C
:109850000C70AB20480010D8AB2048000414003432
:10986000E07EE208000098141E306B264033981406
:109870001E30AB26493994141E30AB26093990149A
:109880001E30AB2649388C141E30AB26093888149C
:109890001E300A24807784141E306B26803080149A
:1098A0001E306B26C0307C141F3078141E307414A8
:1098B0001D306C141B3068141A3064141930601495
:1098C00018305C14173058141630541415305014D6
:1098D00014304C1413304814123044141130401416
:1098E00010300FC70EC60DC50CC42C140B30281435
:1098F0000A3024140930201408301C1407301814BE
:109900000630141405301014043003C302C201C120
:109910001CC0AB2050009C140030AB201000A014E1
:109920000030AB2090005120C087A41400346F2376
:109930003F000A000100672440336F243F00E078B5
:1099400000160A70A000AC4600121C10C340004074
:109950000000AB205002E07EE2C0AA240A14157C6D
:1099600092498A209F0F4478412A430135BA4F20FB
:109970000D000423810F0000C0FF5322C000257892
:10998000A0B401B4C2C4E078E8C2CB45A0008C7F8B
:10999000484628471040C340A00094402ADA9A0E57
:1099A0006FEEA141DC4DC340A000C0408A0E6FEEB7
:1099B0002ADA0240E141EE0AAFFAC142C8C6E078B5
:1099C000CB44F0000001148C17089F01148C13087D
:1099D0005F010B940B081F00148CE4B8E07C148C1E
:1099E000C341F000340045DA15A9768C70D890B8E0
:1099F00076A954A905A445D89507EFF32C70E07813
:109A0000C340F00000012D880C88C2B924B8C0B84A
:109A10004720C00109204000E07F0471C340F000EE
:109A200000012D880C88C2B924B8C0B84720C001F5
:109A30000920410022780471E07F0F7841020FF580
:109A400029020FF54D020FF5F1C05E090FF511085F
:109A500074024220410209095402FFD8D1C0E07EBD
:109A60005588748878D9447904BAC3BB8422010C20
:109A700087B9657A35A8E07F54A8E078E2C06488A9
:109A8000058824BB0029CC006C714128CD004128F9
:109A9000010106234003C2B947783878057C8F78E6
:109AA000C2C4E078EEC3A1C1084614882486F568D4
:109AB0003F67288F0386001E0070F0002C011CE910
:109AC0004087698F01864027111403128B00828A18
:109AD000442312820A20402403F4001110200D7147
:109AE000290B3F00AD711D0A302028451D09540186
:109AF000AD740CF02286001C013000C000A1CEC75E
:109B000009093404284510DD2187428640C100C17F
:109B10001108312020A22C7023A022A021A020A077
:109B20004423138104F24A8F22864CA90028021391
:109B30002F273F036F233F00C341F0004002130B68
:109B400051106581657A45A12F263F0306F0658196
:109B5000467B65A12F263F030D0830200241DA0C19
:109B60006FEEA142110B31205325011142860C707A
:109B700090B806F04286C3400100000140C060C1B9
:109B800000C02B08302001A2088F230D0510210AE8
:109B900010201B0D35114E253C11B24FA820C001DD
:109BA000B8673088B862A57130A8CEC702750019B1
:109BB0004023CEC7EEC3A3C1084614882486F568A7
:109BC0003F67288F0386001E0070F0002C0118E903
:109BD000498F0186402711144422138250420A20E3
:109BE000402404F400111020290A3F20AD711D0B00
:109BF000302028451D095401AD740CF02286081C44
:109C0000013002C000A1CEC709093404284510DD87
:109C10000D0830200241220C6FEEA142170ABF202E
:109C2000532501110C7090B8428641C061C101C03A
:109C300008F0C34001000001428640C060C100C07E
:109C40002B08302001A2088F230D0510210B1020B6
:109C50001B0D35114E253C1102274213A820C001CF
:109C6000B8673088B862A57130A8CEC702750019F0
:109C70004023CEC7F0C208451488248510DFD5687C
:109C80003E66098E20850C1611100816901044208F
:109C90005480CA2762100F08BE0010425022802054
:109CA00009AE130930200927131422408A0B6FEEE6
:109CB0006242150F25140220C024C3411200A86679
:109CC00008AE27F0148D4086768D04710F7970717F
:109CD000228A8D71638ACA202600002C421014AD9E
:109CE0002F273F036F233F00C340F0004002C341D2
:109CF0001200B066110B51006580467B65A02F26CF
:109D00003F0307F06580657A45A02F263F030D09C4
:109D100030200021C02403A6512240A02E701FF243
:109D20003D270214792400200520BE8017F2058605
:109D30000430408426002C00A142320C8FFD1470A8
:109D40001A002B004A21C0280385001E0070F00075
:109D50002C011F0F25142E7010F00D0F2514A1409B
:109D600095FFD0C6A14050FF178D047717AD4686EA
:109D700004EA2786607A2240D0C6E0783906EFFFF1
:109D80002040E078E2C22040284547FF178D047745
:109D900017ADC2C6F1C0C8444A26C001F81CC8B1FC
:109DA0000A0C6FF58147A2C0D1C0E07EF1C0C84463
:109DB0004A26C003F81CC8B1F20B6FF58147A2C058
:109DC000D1C0E07EF1C0C8444A26C001F81CC8B129
:109DD0000A0B6FF58147A2C0D1C0E07EF2C3A1C1DA
:109DE0000010150108470A21C0210A2280210A23F8
:109DF00040210A20002170442F273F006F233F009D
:109E00000DC6168E778E04771D0B0300758E0486A3
:109E1000B56B1D652AAD1909FF20E0A57822030066
:109E200044A50FF06F263F000C70D2C720EA4920EE
:109E30001021284D4041020A6FEE02426C700CC0A6
:109E4000081D02140C1D0015181DC0141C1D8014C3
:109E5000091D421405A580C0E1414A086FF5A242E0
:109E600000C001A5C14004F80C71D2C76F263F00A5
:109E7000DCF1E078E2C20845178884E8A1400AFFD7
:109E8000A6096FF5A1406F263F00C2C6F6C2304555
:109E900008457758782013008CD81F230F20CB4615
:109EA000A000CC49A140560EEFF9DF672F8710477D
:109EB000304105E9624020581042EB852A852F2762
:109EC000BF056F233F006F263F046240E142060D4D
:109ED000EFFC30408E710DE8388D6C70A24262400C
:109EE0000A240004E145A146265883E88E704C718F
:109EF000E241624099582F26BF0541093020624057
:109F000020583908640462409F200203C84E1E6630
:109F10001D0A64243A602182088605207E800EF2A4
:109F200007200004E77905207E8008F240234022C4
:109F3000201E0014E1A28D588240D6C6EAC2F26902
:109F4000504130405CD9E1426846320F2FFC084551
:109F50004A240072A2A6FD650C6D2C70C14203A6B6
:109F6000A820C002011180241470CA21610034703D
:109F7000C078011A1200C340A000E47F2080101EA8
:109F80000014C0A025A6CAC6EAC200160370A0002D
:109F90006C7F48473040CE6BC343A000F0F34023B2
:109FA0000D061041C3421300A479C141A140E4FF52
:109FB0000019802FA000F87FC0A700184023CAC650
:109FC000EEC2C8470A2100217042484530401D0DAD
:109FD000300010430AEF40250E0666BD0242A04342
:109FE000C140A141D6FF03F0A84662400241A14210
:109FF00042430A244004C145160F6FFEE146CEC617
:10A00000EEC2C340A000E47FE080504230436A20AB
:10A010008002AEB8292000802E7032F0402011045A
:10A02000630B442462874387604170401309A50095
:10A0300028462086D3715C5C5C5C246EF8F30022B9
:10A040000D2008DAA140E141EE0F2FEEC3A7022652
:10A05000001441280204412801020CAD4EAD2DAD83
:10A06000248738B80FAD4129830341298201126941
:10A070006AAD49AD08ADE58736B92BAD2F20480450
:10A08000CEEF6A2180028EB929204080CEC6E078CA
:10A09000EAC20847CD70AD7037F000160170A0001D
:10A0A0004C405A2500161A6100120B01590B7E1004
:10A0B000504016400220D1834326019007D83C200F
:10A0C00042047F2100003470CA2081009AE80E40CB
:10A0D00040204C8041260390002111A30121C18022
:10A0E0007C2102227A2100003470CA208100F6E827
:10A0F0004F2380100D0BFE100018042002407E58E4
:10A1000008184024A5710016C070A00050408F0DA3
:10A110000290CAC6E4C2E1C4FC1CC8B2FC1C88B2EE
:10A12000FC1C48B2FC1C08B2FC1CC8B1FC1C88B169
:10A13000FC1C48B1FC1C08B1E1C3E1C2E1C1E1C0B3
:10A14000FC1C88B76A25C010E1C56A258010E1C5EE
:10A15000FC1C08BFCB45F000A0010085A0B800A5FD
:10A160000415021022850285E078FD090180CB46A6
:10A17000A000E87F008E596138609A58001EC31114
:10A18000008581B800A5A15840D9C340F0002C013A
:10A1900020A02A094FFC05E8008580B800A50958D1
:10A1A000C1C50A244073C1C56B258010C1C56B258C
:10A1B000C01004141E34C1C0C1C1C1C2C1C3041443
:10A1C0000434041405340414063404140734041449
:10A1D00008340414093404140A3404140B34C1C4BC
:10A1E000C4C26F243F00E078EEC281581470A00012
:10A1F000210008452F27FF046F233F006F263F04EF
:10A20000008DE1B842F4CB46F000A0010086A0B872
:10A21000001E001022860286E078FD092180304170
:10A220009A086FFC04161210D340A000E87FCB47B9
:10A23000F000200114E802854220C081CA206E008F
:10A2400002A524871F09BF014270402180219A582E
:10A250000010802004710018022006F00018C321AD
:10A2600004F002A5A1407C58009581B800B540D803
:10A2700000A706A7008681B800A604870D089F01E5
:10A28000A158008680B800A62F26FF04CEC6E0782D
:10A2900005E80018840F0000E80706E90019820F9E
:10A2A00000000B0005EA001A820F00000C0006EB0C
:10A2B000001B820F00000B000D0C1000001C820F11
:10A2C00000001800B470E07C001D820F0000150033
:10A2D000E07EE078A81000011470E07FCA206100E1
:10A2E000E2C2E6E117F48D7666DD93BCC341A100BE
:10A2F000F011001E4273F000480080A1051983028E
:10A3000043B1188864B10A19040104A90C71645896
:10A31000C2C6060F8FFCC2C6E4C3A7C108463458A4
:10A3200008452E580042C140A141335808450FE866
:10A330002F856079A1402508B50010D84E85607A38
:10A34000A141250830046FD909F04C7080C022D992
:10A350006C70404466C607F066D94C706C7040441F
:10A36000A1406C58C4C7E078F1C008B80A27400182
:10A3700098B84A2500025358D1C0E07E0A27400110
:10A38000B5062FF54A250002F1C000358C0F80423A
:10A3900000000A2780014834461208B82F2488118B
:10A3A0000F0C341198B80024861F0000FCFFAC721B
:10A3B0005358D1C0E07EE078F1C000358C0F804268
:10A3C00000000A2780014834461208B82F2488115B
:10A3D0000F0C341198B80024861F0000FCFF4A259A
:10A3E00080025358D1C0E07E0A2780010A2640012E
:10A3F00045062FF54A25C002F1C000358C0F80427A
:10A4000000000A2780014834461208B82F2488111A
:10A410008FB8110C341198B80024861F0000FCFF7F
:10A42000AC725358D1C0E07EF1C0FC1C88B7AA08BA
:10A430004FFA04141E34D1C0E07EE078F1C0FC1C59
:10A4400088B7620A8FED04141E34D1C0E07EE07834
:10A45000FC1C88B7E1C0E1C1E1C2E1C3FC1C08B14A
:10A46000FC1C48B1FC1C88B1FC1CC8B1FC1C08B227
:10A47000FC1C48B2FC1C88B2FC1CC8B2E1C4F1C090
:10A48000FC1C08BF6A208000E1C06A20C000E1C057
:10A49000AA20900277B80F780F0850008AE8C340CE
:10A4A000A000EC4004F0C340A0000841CA0F8FFF99
:10A4B000C1C06B20C000C1C06B208000C1C00A2495
:10A4C0000070D1C0C1C404140B3404140A34041441
:10A4D000093404140834041407340414063404142E
:10A4E000053404140434C1C3C1C2C1C1C1C00414C1
:10A4F0001E346F243F00E078E8C2E1C4FC1CC8B2FF
:10A50000FC1C88B2FC1C48B2FC1C08B2FC1CC8B184
:10A51000FC1C88B1FC1C48B1FC1C08B1E1C3E1C2C1
:10A52000E1C1E1C0FC1C88B76A25C010E1C56A25FD
:10A530008010E1C5FC1C08BFAA2090024220C1087F
:10A54000422040092F7C4C739140110CB5110F7BB8
:10A55000482082208022830FB36ACD71C340A000BF
:10A56000744984251F1ECB47F0002001787E1D65AD
:10A570002F273F006F233F00C9A741852085041D79
:10A580000110001D01102F263F00024045580A8788
:10A59000C478D170EEF3C1C50A244073C1C56B25E0
:10A5A0008010C1C56B25C01004141E34C1C0C1C1C8
:10A5B000C1C2C1C3041404340414053404140634A1
:10A5C00004140734041408340414093404140A3439
:10A5D00004140B34C1C4C8C26F243F00F0C2084544
:10A5E000C343A000D34DD340A000A04DC340A00062
:10A5F000E04D8A21870D76DA8E70001B4300171814
:10A6000003200F188300081840202418402040A081
:10A610005D581D08850F0000F813C340F00034009A
:10A6200028D94C7034A8151803006DF0892501193C
:10A6300064D888253E17A278C8D90F7ED749D14162
:10A64000D1770C728A210A0CB20F2FF9CA21C523C7
:10A6500010435D5808455B5810429608AFF7164006
:10A660000C2200A0C22585141A2551143D278D13F4
:10A670005F25001785290322027002800421912F93
:10A68000FF01FCFF6A08AFF720E0147820E0327089
:10A69000CA210D20A140660F2FF9224110413C270D
:10A6A0008F135B5808455C581708350808461FD8B3
:10A6B000A0E53C205403CA262510CA2525105F2793
:10A6C00000170421D124002010202608AFF71640DF
:10A6D000150C30204225011809290100092E02100D
:10A6E000484909F04226011809290200092D0010E5
:10A6F00020E2DD65104D5148020F2FF9E1400421A1
:10A7000002204040D0C6E0785020C30700424128D4
:10A71000C107210B840FB1421872C3401300AC79FA
:10A720003D0B840F807F01002C71190620006C7096
:10A730003D0B840FB13E1972890B850F853F921531
:10A74000C3401300BC791520430008130B002348B5
:10A75000522100009900200002204C003D0B810F87
:10A76000807F0000410A1300E07F0C700132800FEF
:10A770004971CAF27FD917B90430408014002C0007
:10A780008D70110B850F80310000E07F0132400099
:10A790006D70650020006C700432808FB142807152
:10A7A0000C000C002C71A90420006C700432808F06
:10A7B000CFC2B5F10C0026006C70110520002C7181
:10A7C000F02641701300B4790032800FB83F3BAAE5
:10A7D000013040004830CC024834801000308B0FEC
:10A7E0001737D1F70030830F313F80710232C30039
:10A7F0000233C202003280000030810F31334CBB83
:10A800000131810FDDB50EEA003041000131810FC9
:10A810008A3855B3003041000131810F36BB610BDE
:10A82000003041000131810F2A3EABAA00304000C8
:10A8300002320000430C301000320100023600707A
:10A840000040000007310000402CC1158C24FE9010
:10A8500002330010023300000130800F803F0000FF
:10A860003860E020CA07C370003200000030800F5B
:10A87000800D0000E07E0130800F00C00000073135
:10A880000000023200000130800F803F0000E07EB7
:10A89000F81C48B3041CC0370042AD08830F800089
:10A8A00000005022FE87C3401300CC79AC00210089
:10A8B0002C7154703C012B004A2140000032820F61
:10A8C000004C00008A25FF19890A830F807F000051
:10A8D000532280058D7097BC0020830F4A0020FB17
:10A8E000412C0B12422AC105647C00238B10B961F4
:10A8F00037BB057C7FDA17BA04238D1F7F0000C0A9
:10A900007961477C9FBA80217E00013482105D0D01
:10A91000851F000000C05022FE87F4002200347022
:10A920006C0121004A250010483181000031800F60
:10A930001737D1F70031810F313F8071510120006D
:10A9400001310D004A250010890A828F807F0000A6
:10A950003D01200001328D00F60A20004A2300004C
:10A960002D0120005220CD070132830F004000004E
:10A970000732C30002260C70350088C2C370CFFFB7
:10A98000305C857814700033CC0000340013003044
:10A990008D0F783E269E01358D1FCC3E13CE0030A4
:10A9A0004D030030800F913EEEE90130800F2A3FC9
:10A9B000AAAA0034001048318B0094002C0001300A
:10A9C0004C030032800F003F000000320D000135C3
:10A9D00000133470A8002100003301000033801FF1
:10A9E0001737D1F7013040008100200002350010F8
:10A9F000520B20006C70220B2FF608450080910846
:10AA00005108CB4580FF0000850000000032800F18
:10AA1000AABEABAA0130800F003F000000328300C5
:10AA20006109300000330000483181000031830F9C
:10AA300017B7D1F70130C3000031800F313F80716B
:10AA4000023381004900200002304D000232000331
:10AA50004C21008034002100003301000033801FAE
:10AA600017B7D1F701310000023080000033811F99
:10AA7000313F80711900200002310D000235401075
:10AA80000D00200002320D0002324D00A1400414DE
:10AA90001F30E07F08140D34EC1CC8B60A230037C1
:10AAA00041C542C643C7101CC037E846C8454224CA
:10AAB0001C386C249C308B4740C0E1401C1CC031CA
:10AAC000181C8031141C4031101C003143C342C299
:10AAD000BA0B200041C106E8C78715002000A687F1
:10AAE000360A2FF618130F300018C003A140C141D9
:10AAF0000A24C03610141F3003C702C601C5E07F08
:10AB000014141B34F01CC8B60A23003741C542C6D2
:10AB10000C1CC03742241C386C249C308B45CB461F
:10AB2000F07F000041C0A140141C4031101C0031D6
:10AB300043C342C247C6181C0130520B2000001C00
:10AB4000C13006E8C78519002000A685CA092FF67E
:10AB50004A2500100018800F00002200A140C141CA
:10AB60000A24C0360C141F3002C601C5E07F101441
:10AB70001B34E078F41CC8B60A23003741C5081C12
:10AB8000C03742241C386C249C308B4541C0A14006
:10AB9000141C4031101C003143C342C21C1C013044
:10ABA000181C0130E60A2000001C013106E8278548
:10ABB0001900200018150D105E092FF6AD702C70CD
:10ABC0000018800F00002200A1400A24C03608149B
:10ABD0001F3001C5E07F0C141B34E078F01CC8B6B0
:10ABE0000A23003741C542C60C1CC03742241C381A
:10ABF0006C249C308B45CB46F87F000041C0A140BF
:10AC0000141C4031101C003143C342C247C6181CFB
:10AC100001307A0A2000001C413006E8C78519007F
:10AC20002000A685F2082FF64A2500100018800F94
:10AC300000002100A140C1410A24C0360C141F307D
:10AC400002C601C5E07F10141B34E078EC1CC8B6C6
:10AC50000A23003741C542C643C7101CC037084706
:10AC60006040E60A2000484542241C386C249C3091
:10AC700044C0A1408B46D20A200045C142C0C14019
:10AC800043C11C1C803FF07F0000181C013041C7ED
:10AC9000FA092000001CC13006E806861A0B2000C5
:10ACA00027860AF072080FF60018800F00002200B5
:10ACB000FFD817B80A24C03610141F3003C702C6C5
:10ACC00001C5E07F14141B34EC1CC8B60A230037FE
:10ACD00041C542C643C7101CC037084760406A0AD6
:10ACE0002000484542241C386C249C3044C0A140BC
:10ACF0008B46560A200045C142C0C14043C11C1CBE
:10AD00000130181C013041C782092000001C0131AC
:10AD100006E80686A20A200027860AF0FA0FCFF579
:10AD20000018800F000022004A2000000A24C036CC
:10AD300010141F3003C702C601C5E07F14141B3472
:10AD4000EC1CC8B60A23003741C542C643C7101CD5
:10AD5000C03708476040F2092000484542241C38AB
:10AD60006C249C3044C0A1408B46DE09200045C1C4
:10AD700042C0C14043C11C1C803FF87F0000181C2A
:10AD8000013041C706092000001C413006E8068654
:10AD9000260A200027860CF07E0FCFF50018800FC2
:10ADA000000021000A20800FC07F00000A24C03666
:10ADB00010141F3003C702C601C5E07F14141B34F2
:10ADC000E81C48B341C642C70C1C0034101C403478
:10ADD000141CC0376846484761822D0EB21040826D
:10ADE000304010414A2540102240760A200002419E
:10ADF00008170212D60E20006187A5710042ED0DE2
:10AE0000A29320434040604114141F3010141130AD
:10AE10000C14103002C701C6E07F18140D34E0781E
:10AE200048432042350B701020813109810F803F4B
:10AE300000002182410BF2100131010040220C027E
:10AE40004A23800004140214647100310100F90BDC
:10AE5000E2820131810010F01D0BB2104A23400044
:10AE600004120C024023430000310100F50BE28282
:10AE700001310103E07F2040C341A000F47F408105
:10AE800000A1E07F4040E078C341A000F47F208132
:10AE900002E90079E07F0C70E07F0C704A24C00268
:10AEA000150020006F220A006F220A002F22820064
:10AEB0004A2480022F244090C0226500412C431573
:10AEC0008C23DF8F6C002100532101858E23D08CD1
:10AED0004E00210094B9CE232400320024004E23DA
:10AEE0000C08B5E3CA212900CC23EC87CA2049000D
:10AEF000CA2129002A0029000128C00000290C03CA
:10AF00000129C1001B0020008578907330002900C2
:10AF100001280C030029C1000028C00085795122B6
:10AF20000080E07D4E2000803279E07FC021660005
:10AF3000CC202180D1222280C022620040413B7877
:10AF4000E07F1C782F230080CA210100E120C10787
:10AF5000C2200100412BC200C372007000002F21EB
:10AF60008400412B0C0661BC8C24839FE120C50723
:10AF7000402B0007C521810F007F0000E120C107A1
:10AF8000412A42052F2CC190C2240413C02463100F
:10AF90008571002B030369BC827A402A42052F2168
:10AFA00040802F218400412B0C038579E07F402BCA
:10AFB0000005E0782F2440900224831F00700000D9
:10AFC000402BC2002F2284000223830F20000000A8
:10AFD000D373C01F00004028030120002600412831
:10AFE00040874578442041000521C180E07FC12091
:10AFF0002200E07F6C2180072F23C4004578412C7C
:10B000004C1582240D9AB7F642240C9653208105E4
:10B0100022002C002F2000800521C1802F20840FCA
:10B0200080FF0000D020A1058C24D19FE07FD0209C
:10B03000A2054E24021097B9012980002F20048018
:10B04000E120C6074E22CC07132101030521C18050
:10B05000D1202180E07FC0206200E078CB44E0FF77
:10B060000000142444101424C510B5BC0C24008323
:10B07000E00006000C250083D8000600412C4405A2
:10B08000412D45050025050182258F0F8C25DF8E7A
:10B09000C00026000721CC804025470094B9D4B9D0
:10B0A00094BBCF27E402402BC302412A4505402A26
:10B0B000C282052343011D2084001C208C00947053
:10B0C000CF27E2071D20C4001C20C50000240C91DE
:10B0D000412500001D2184001C21850000240C91C5
:10B0E000012040811D21C4001C21C50041260170A2
:10B0F00000000000002000810121410119093F05E5
:10B1000000240C93422747000120008001214100C8
:10B1100000240C93402F0405412FC70708000500A9
:10B12000E07F8071C524C19144204500C52562009F
:10B13000002040814121010015095E050024840F93
:10B14000100000002F2142802F200400E07F80713A
:10B150002F25C0804126047000000000CC222180F1
:10B160003C0321002F214090C7246500CC20218082
:10B170001003010041294695D3B9CF2122055C0077
:10B180002200004034700E0001001D0020002F2A14
:10B19000411014704A22C0170C0004002F2A01101D
:10B1A00040220A1842228A1202268602C47102260E
:10B1B0008BF2000020000128CB021400090042227B
:10B1C0000B180028C102150020000C700028800216
:10B1D00000298A0205238112412D47855323C80483
:10B1E000CF2022155A002200404215700C000100A9
:10B1F0001B0020002F2A011254704A22C0170E0093
:10B2000004002F2A811040220A1842228A120227A3
:10B210008702E47102268BF200002000012ACB0293
:10B220001200090042220B18002AC8021300200055
:10B230004C70002A820200288A12052388128C266C
:10B24000DF8FEA0101008C27DF8F14022100002626
:10B25000C6011D208A001C208B008226CF0F1D21D5
:10B2600087001C218C000023CB91412402101D205B
:10B2700007021C200C020023CB91012202031D2196
:10B2800007021C210C020022C2814124091040291E
:10B290000113412A03056579402A0703402A000368
:10B2A000412B03156578402B0C135570C524A21053
:10B2B000D47020000C000421BE8F20000000140078
:10B2C0000100C4712F2142802F2004802F240413F9
:10B2D000D47062000C00957036000A000424BE9FF2
:10B2E000FF7FFFFF0C00020044207E80220001004F
:10B2F00040204080412101000421BE8F2000000039
:10B300000E000100C4712F2142802F2004008C26E2
:10B31000DF8FFE000A00D4701A000C000621810F96
:10B3200010000000402E020545792F2203014579C7
:10B33000E07E8C26FF82EA000B0002268A71000064
:10B34000000042224A9084000B00880001004C2239
:10B3500000982A000B0042220A1805240C906D77F1
:10B3600010000200002B8B128723FF1F0421CC0248
:10B37000012980025D0020002C7095706D771E0001
:10B3800002004C220098C223CA120A000A00002BB5
:10B390008B128723FF1F0420CC0202268BF20000B1
:10B3A00020000029CB021400090040220B180129BB
:10B3B000C002150020002C700128800201298102A2
:10B3C0000520C0020D0000002F2000802F214B001F
:10B3D0004420BE801800010044204A0105223E930B
:10B3E0000C00010040208080412101002F2142807B
:10B3F0002F2004002F2142802F20040002268601E6
:10B400000421BE8F10000000C026620088F18A2649
:10B41000DF0FC341100000000507EFFF0C7002268C
:10B4200086012C70F906EFFF0C70D371100000003C
:10B43000CC2021802F210301C521820FF87F00003D
:10B44000C07878F58C27DF8F140001002F210301CD
:10B450000521810FF07F00000C706CF10C20809FA3
:10B4600010000000CC2221802F210301C521820F72
:10B47000F87F0000C521810FF07F00000C705AF1A9
:10B480000C25808FE0FF0000220006000C702C705D
:10B490009470C521820F008000004CF1C724650024
:10B4A0000C21809FE0FF0000B2F7C341F87F00004D
:10B4B0000C7040F10721810F008000000D0000009A
:10B4C0000723830F00800000002144000023C500F3
:10B4D0000C244081CC2081801000060008444040AC
:10B4E00081422844604181438A24DF1F402C4C154F
:10B4F000142444101424C510402C8C100C240083F8
:10B50000CC250583C601060041290405412B05050C
:10B5100002244601532686020721C7004029C102A2
:10B5200041284C0585794028C002402BC302412A9E
:10B530004C05857B402AC2029FBB4E260C881C000E
:10B540002D00012A85018C260180012B8501CA2549
:10B550002600170020008D70D470002B0C03C52529
:10B560000203012B8C01412FC787620022009FB983
:10B570000025058001244C9010002600C22466009E
:10B580002F2404932F254401412DC082402C4115C6
:10B590002578412CC112402C0405E120C60780719A
:10B5A0004C260088CA238500CA2225001323830164
:10B5B00005238380D3256182D1202180CA276200A0
:10B5C0000020C081E07F412101000E25058003217C
:10B5D0000C83520023000C70412DC082402C411579
:10B5E0002578412CC11242244400402C0405E1205E
:10B5F000C60780714C260088CA238500CA22250010
:10B600001323830105238380CA2722000427078090
:10B61000D3256182CA2762000020C081E07F4121DA
:10B620000100CC252180E120C1072C702F280103C7
:10B630009FE01400250004712F284181CA202408AE
:10B64000C02063084E20018818002D00002C0C102B
:10B65000C0E0002D0C00CA24261017002000AC709A
:10B660001470012D4100C5244210002D0500532403
:10B6700081020E2040800424840F00000008120084
:10B680002200C02061002F2402932F2544014C0783
:10B69000E6FFC52406004E2040004E2001881A0017
:10B6A0002D00012D0500C0E0012C0510CA25260043
:10B6B000150020008D701470002C4110C52542002B
:10B6C000012C0C101507EFFF84712F2240904126AA
:10B6D000047000000000520201002F23C090412698
:10B6E000057000000000600201000C238092CC2253
:10B6F0000180CC21C180084214000E00404041422C
:10B700002842604141438842A04441452F264000E1
:10B71000412E4685D3B9CF2122055C00220000408E
:10B7200034700E0001001D0020002F2A41101470FB
:10B730004A22C0170C0004002F2A011040220A18C8
:10B7400042228A1202268602C47102268BF200006F
:10B7500020000128CB021400090042220B18002807
:10B76000C102150020000C700028800200298A0206
:10B77000052381122F27C000412F47855323C8047A
:10B78000CF2022155A002200404215700C00010003
:10B790001B0020002F2A011254704A22C0170E00ED
:10B7A00004002F2A811040220A1842228A120227FE
:10B7B0008702E47102268BF200002000012ACB02EE
:10B7C0001200090042220B18002AC80213002000B0
:10B7D0004C70002A820200288A12052388128C26C7
:10B7E000DF8F380301008C27DF8F7E0321000226C4
:10B7F000CB014C23809D02214912180109004223EC
:10B800008A9088000100220009002F2280802F20CA
:10B810000B1240224A90740001002F2280806D009C
:10B8200020002F200B124C2200986D7026002B0058
:10B8300042220A180A2180901000020002268B7210
:10B84000000020000028C912012882123D002000BB
:10B850000D7002268B7200002000002AC902022609
:10B860008BF2000020000028CB12140009004022B7
:10B870000B180128C212150020000D70012A820247
:10B88000012888120522C2022F2000802F214B00A0
:10B890002F2000802F214B000C2440819E010200AC
:10B8A00000208080012101020421BE8F8000000061
:10B8B00012000100C4712F2142802F200480C52175
:10B8C00065104420BE802E0021003570CB206181A0
:10B8D0002200010040208080C02165000421BE8F2D
:10B8E000800000000E0001002F2142802F20040064
:10B8F000C4712F2142802F2004002F2142802F204D
:10B900000400D47048000C008C26DF8F14010A005C
:10B910000621810F10000000402E020545792F22DC
:10B9200003014579E07E1470B205C2FFD373008035
:10B9300000007C710C00020054707C71CA2141002F
:10B940004040E07E5470A605C2FFE07E02268A7168
:10B950000000000042224A9082000B008600010095
:10B960004C22009828000B0042220A180521099059
:10B970006D7712000200002B8B128723FF1F04211A
:10B98000C902012980025F0020002C7035706D779C
:10B990001C0002004C220098C223CA1208000A00B0
:10B9A000002B8B128723FF1F0420C90202268BF273
:10B9B000000020000029CB021200090040220B18D1
:10B9C0000129C002130020002C70012880020129E7
:10B9D00081020520C0020F0000002F2000802F21CF
:10B9E0004B004420BE801A00010044204A01052279
:10B9F0007E920E00010040208080412101002F2115
:10BA000042802F2004002F2142802F200400022694
:10BA100086010421BE8F10000000C02662007AF16A
:10BA20008A26DF0FC341100000000C7072F102265D
:10BA300086012C70DD06EFFF0C7002208080032150
:10BA400001020421BE8F400000001E0002002F20D2
:10BA500000802F214B00422646000421BE8F40006B
:10BA60000000440001004420BE803C00210044202E
:10BA70007E801400020035702C00020044203E81BC
:10BA80002400010040208080412101000421BE8F5C
:10BA900080000000C02662000C0001002F214280BF
:10BAA0002F2004002F2142802F2004002F214280CC
:10BAB0002F200400D371100000004A06CAFF347022
:10BAC0000C0001002F2A41001900000014700A0028
:10BAD0000C002F2A0100C0222908ABF3CA22EB0771
:10BAE0006ABA02268BF0000020000128CB02140065
:10BAF000090042220B080028C102150020000C702A
:10BB0000002981000521C1020028800002268680CC
:10BB10003C06CCFFFD05CFFFD37110000000CC2008
:10BB200021802F21030102780E0001000521810FE1
:10BB3000F87F0000E07E8C27DF8F220002000C20BF
:10BB4000809F10000000CC2221800C0001002F21DA
:10BB50004301EEF10C244081EAF50521810FF07FCD
:10BB600000000C70E07E60414040E07EE4C248315D
:10BB7000010007364C704847000008450990C34350
:10BB8000833A6F12CD70483000000034001000304E
:10BB9000C10004318083C5F63FD818B804F0C34013
:10BBA00000BF000001310000308D4830C002107A23
:10BBB0008BE248310100CA20A602003441101078FF
:10BBC0004820C0000CB5A60AEFF70031C0000430D1
:10BBD0008083C5F63FD918B904F0C34100BF000007
:10BBE000013040004830C00205A5C4C6EAC3822423
:10BBF0000D345041084594C08A220C003A0C6FED78
:10BC0000284600854024833040240432542485395A
:10BC1000402406314024C730C14122424608AFF4D7
:10BC2000021C433202C704EFE140CAC703148E303E
:10BC30005625101D2C70ED70F8E902148130CF7874
:10BC4000E90924800477A9085502252000000AF09C
:10BC500013F01AF01EF026F02EF038F03CF042F00F
:10BC600094C081C1260B6FF883C283C140DACA0B2E
:10BC70006FED02403CF094C04608EFF881C1781D9A
:10BC8000181036F094C0460DAFF081C101A530F018
:10BC900094C02E08EFF881C10030000004A528F000
:10BCA00094C01E08EFF881C100300100891D1810F2
:10BCB00025A51EF094C00A08EFF881C100300100EC
:10BCC0008A1D181026A514F094C0F60FAFF881C194
:10BCD00007A50EF094C0F20EAFF781C110B508F0C1
:10BCE00094C0DE0FAFF881C18B1D181001C08A21EE
:10BCF0003E063270CA274D103C2101203D21002014
:10BD00001E669CF1ECC3A7C10A210021704050427D
:10BD1000284608451E0B200055208F092285260A3B
:10BD2000EFFB03854A24C0704168142001000C70A9
:10BD30000C1D8010A8200002024E1525431004712E
:10BD400024714BA3760C2000A14000190020A140D3
:10BD50008A0D2000C1410041A140B60D20003041B4
:10BD60000041A1403A0C20002242CD7000188223ED
:10BD700036E821870287408744C145C05625801A8E
:10BD800083C146C68A0B2FEF43C200184320B81761
:10BD90000210BC170110C01700104A24C0703FDB0E
:10BDA00040C218BB80C241C1081C0030A82000045A
:10BDB0002082604004318083CF20EC0701310000F5
:10BDC0004830C00248308000041A100002C201C18D
:10BDD00000C045A724A703A700108E20A140C141A1
:10BDE000D20A20000A2240044A24C0705525401A75
:10BDF000A820800104100104041A50200088483053
:10BE00000000001A0020CCC7E8C3B2C10846008079
:10BE100060444024C33040240531402486304847E4
:10BE20000A2540109A0E6FF4031C4332021480302E
:10BE30005626101D031481300F788F0924000477D3
:10BE40007B0855022520000009F015F016F01DF0C2
:10BE50001FF022F023F025F02AF082C040DADA0940
:10BE60006FED024182C081C3A1413E096FF8E142FA
:10BE700025F0781600161EF0018681C3A1416A0BD9
:10BE8000AFF0E1421BF004862F30000012F089165B
:10BE9000001610F08A1600160CF007860AF01096AD
:10BEA00081C3A141360DAFF7E14209F08B160016B0
:10BEB00081C3A141260EAFF8E14202148030047123
:10BEC000021C0230B8F101C04128010200AD21ADD1
:10BED000C8C7E078E8C3A1C1504028452C7010DAEB
:10BEE00060408846960F2FFB6847B570AD701BF415
:10BEF0004A240071C34213006C5E0C70A8208002BB
:10BF00000412030480C11C6104713823010420ACB5
:10BF10009E0AAFF680C007E8AD72011F0311001F33
:10BF20004310A0A6C8C7E078F2C3B2C11045008094
:10BF300060444024C33040240531402486304845C5
:10BF40000A2440207A0D6FF4031CC332021480309F
:10BF500056250E2B55254F2A5525D0285525912994
:10BF60005525132D4025122B031481300F78AF096E
:10BF7000240004779B08D502252000000BF00EF06A
:10BF800018F01AF020F023F028F02BF030F037F002
:10BF900038F081C3E1401DF082C040DA9A086FEDAD
:10BFA000C14182C081C38241FE0F2FF8A14231F00E
:10BFB000BE402AF0B015802081C382410A0F2FF6BF
:10BFC000A14227F081C3024003F081C32240824195
:10BFD000760FAFF8A1421DF02815002014F081C3A0
:10BFE000424082412E0EEFF8A14213F081C362401D
:10BFF00082418E0EEFF9A1420BF0CC15002004F027
:10C000005315002681C38241DE09AFF0A14202141C
:10C0100080300471021C0230A8F101C041280102E5
:10C02000001C0220011C4220D2C7E0789D0580033D
:10C03000E8C3B4C11040B11080003AE855204D2A41
:10C040002C8D2F097000B1180320C3401300005F2E
:10C050000B0990000909D00014F010E0820D2FF8B0
:10C0600084C15620002B84C1CE0F2FED40DA4085CD
:10C0700021850285AC1D8010B01D4010B41D00103C
:10C080005620012B84C040DAAE0F2FED84C54A2420
:10C09000007180C0A82080011415011404185000FC
:10C0A0005520402B80C1920F2FED10DAC8C7E078E1
:10C0B000E4C3A7C1084532E9B0EA4A24C0702C7035
:10C0C000A820800315254010A4100C009810030030
:10C0D00084C2357A02330003247100A256096FFB33
:10C0E00084C0B0158110370994003221830F1300EA
:10C0F000FB5E0130820FFAC400006A7B00308000D2
:10C100000130810F744900244833800004310080DD
:10C11000C5F6A60DA003A140C4C75625001B80C1CB
:10C120002609600480C64A2400715525411B20421F
:10C13000A820C00260820416001404330080CA20C4
:10C14000C500041A100080C010DAEE0E2FED80C674
:10C15000001400304A24C070A82000020416011206
:10C1600004310080CA2049000430808FC9369C53B6
:10C1700044F7B01DC310C4C70430808F3837A48C77
:10C1800044F7B01D8310C4C70430808FD338F6CF76
:10C190006F200B00B01D0210C4C7E078F1C000434F
:10C1A0000C7009E987EA5523400C8A0EEFEE5523FF
:10C1B0008109D1C0E07EE078ECC3ACC108470B80B8
:10C1C00042872C8743C00D877FDC17BC45C0096AB6
:10C1D00048328800504048308B00310AB20044C1D8
:10C1E0004027021E4A2180004A24C07040240033A8
:10C1F000A8204002A0800412030401334303041862
:10C20000D00012712471B2F6073408124A24C070AB
:10C210004A2100000734D112A820400483C3357B93
:10C22000008315274C104B840030001089C5023262
:10C230000200357D247100A340A589C080C1D20AC7
:10C240006FFB80C66108B2204A2580104A24C07066
:10C25000142540134B680C70A820800383C1152758
:10C26000831001498B8389C3157B0234411004710B
:10C27000447120A389C086C1960A6FFB4024123600
:10C280004A24C07040240030A8204002408004129C
:10C29000012401318100041850001275B007EBFF32
:10C2A00040254D104A24C070A820C00100860031EE
:10C2B0000B20041ED01201C100C000C201C302C481
:10C2C000013040008C1F8010901FC0100130C00250
:10C2D000941F0013CCC7E078E2C3A3C120420845F5
:10C2E00080C12E0A6FFB404001C100C002C2013074
:10C2F00040002585013082000C710432408047F7F0
:10C30000268504324080C3F60C70C2C7E6C3AAC1BA
:10C3100084804A24C070084528475520CE080C70F8
:10C32000A820400304160314402441391A61043341
:10C33000008304716F210B0020AA520AAFF540243C
:10C3400040399D0F1110990830000C7049852A85DD
:10C3500050712471CA218A008309A2002AA55C4D6C
:10C3600083C1B60F6FF683C7081500104A24C0704A
:10C3700048308100A820C001008707304000041F1A
:10C3800010104A24C0702C70A8208003152540107E
:10C3900083C298100C00234A86C2357A0233000308
:10C3A000247100A286C06A08AFF780C101C100C035
:10C3B000478502C3013040000032810F4040000039
:10C3C0000130C000043100800C7049F703C304C27F
:10C3D00005C10C7160A641A622A6C6C70C70281D17
:10C3E0000110C6C7F6C38224103D504408450024FE
:10C3F000803F000034018A220C003E0C2FED2846BD
:10C400000085402483334024043556248539402454
:10C4100006344024C733C14182424A086FF40E1CDF
:10C42000C332141411300F0930205525101B22403F
:10C43000D6C70F148F3055254E1A5625151B552576
:10C44000D218552593195525171D4025161B2E70FA
:10C450004A200000EDE80E148130EF78D3092480E3
:10C4600004778AE04E010D00252000000BF028F033
:10C4700032F03BF043F055F065F06EF07AF088F062
:10C4800090F00024803F0000340184C19E0AAFF880
:10C4900080C200C301C202C1C3407A44000060A64A
:10C4A00041A622A6AC180020408621860286541D93
:10C4B0009810551D5810561D18107DF00024803F0F
:10C4C0000000340184C1C60A2FF886C286C140DA52
:10C4D000A2405BF00024803F00003401EE0C6FF0BE
:10C4E00084C103A567F00024803F00003401CE0919
:10C4F0002FF684C1001802205DF00024803F000068
:10C50000340184C1260AAFF880C200C201C102C052
:10C51000001A8020041A4020081A00204BF0002442
:10C52000803F0000340184C1020AAFF880C200C21B
:10C5300001C102C0001B8020041B4020081B0020FA
:10C5400039F00024803F00003401820C6FF084C178
:10C550000AA531F00024803F0000340184C19A080C
:10C56000EFF85524023D5524013D60DAC2400DF03C
:10C570000024803F0000340184C1EA08EFF996C22C
:10C5800096C178DAE240B20A0FED15F00024803F40
:10C5900000003401360C6FF084C11C1800200BF031
:10C5A0000024803F00003401220C6FF084C19C18ED
:10C5B000002004C08A213E069270CA214D202C71B1
:10C5C0003C24002006793F6746F1E078E1C5483118
:10C5D000010007364B70484700002180CB45833A65
:10C5E0006F123FDC0D704831810018BC00334110E0
:10C5F00000314203814104320082CF21EC07709068
:10C60000013241004831C202483301000033411079
:10C61000492203020031420348230101043200820F
:10C6200022A003F69FBC013201034831C102492117
:10C6300041064821010129A0C2C4E078E1C54A248D
:10C64000C07047DDC341DC44304E18BDCB44A3422B
:10C650000BD7C343D33E98DDC3423B4AC1BF26A09C
:10C66000004135180302ACA08BA06AA01C18800002
:10C67000A8200001041911004A24C070A82000015C
:10C68000041911003418030020180300C2C4E07814
:10C69000EAC3A7C14A24C0706840484628430845F9
:10C6A0000C7084C4A820C002024DF0230110152490
:10C6B000031004710231810020A349854A24C0700F
:10C6C00081C381C0A820000204140114003241007B
:10C6D000041850004A24C0700A204003A8204002D9
:10C6E00040800413010401318100041850000985C1
:10C6F0004A24C0702D7002360670803F00000C7016
:10C70000A820400481C284C315220C00034BE0849E
:10C710001525011023810037C31004710131C100B8
:10C7200020A44A24C0700C70A8208002014A15255C
:10C7300003100471003641000C1B40004A24C070F5
:10C74000A8204002152540120380152041122571B2
:10C7500000A184C16140BA0C6FF784C78C854A245C
:10C76000C0700C70A8208003041703142C704024A0
:10C770004230043300831A620471CA21690020AA7E
:10C780008E0F6FF54024403067854A24C0701040FA
:10C790004A200000A820C00315250210E3822C7057
:10C7A00040244C300437C0901A640471CA216A00D6
:10C7B00020AA5E0F6FF54024403066854A24C07081
:10C7C00008470C70A8200004152502100C120B005D
:10C7D0002C7040244C300433C0901A640471CA2178
:10C7E000690020AA2A0F6FF54024403004E8341D68
:10C7F00003100FF0341580103515811004710F7A75
:10C800000B098500341D421003F0341D021084C151
:10C81000A14079270F10FA0B6FF7402411348B8554
:10C820004A24C0704A200000A82080030411032479
:10C830002C7040244230043300831A620471CA21F0
:10C84000690020AACA0E6FF54024403013E882BF69
:10C85000502740101670CF20620000AE20158110C6
:10C860000F7A110A4000201D0210008E87B800AE1A
:10C87000CAC7DF0811A03515801034158110D509FD
:10C880000580E7F14A24C0700A210000A8200001B9
:10C89000041911004A24C070A820000104191100D5
:10C8A00034180300E07F20180300E078C340A000A4
:10C8B0007C7E00802C704C7075032FFD6C70E078CE
:10C8C000E2C2CB45A000587E2185C340A000886EFF
:10C8D000008024778A086FFD21A5001D0310C2C6C1
:10C8E000E4C2CB45A00068B208465825C3190CD84D
:10C8F0001CD98C70BA092FFDA142C341A000607EF3
:10C9000000A15625851A5725861AC3401200CC92DD
:10C91000C341130087788A2218008A244200A60E99
:10C92000AFFEC143C341A000886E00A1C4C6E07839
:10C93000E4C3A1C180C20C702C774A086FFD6C77EC
:10C9400014E8CB45A0007C7E00852C704C778609CE
:10C950002FFD6C707AE8C341A000587E008908E87A
:10C9600000C6001903000BF0CD7009F000852C7093
:10C970004C706C70BA0A2FFDCD70C140C4C7E0780E
:10C980005021C307170B23006C2181070021818FE1
:10C99000008000006C770122C2802578E07F404152
:10C9A000E4C3A1C10A25801FA000307E860FCFFFFF
:10C9B0007EE8B4D9C340F0004B00C342A00048ACAD
:10C9C00020A8008A05E80182047101A2F0F12C720E
:10C9D0004C706C70A140DB59D60EEFFF08461C8DE1
:10C9E000CD089E80031C0330021C8233011C0332DD
:10C9F0003B580042204340244130FED8520F6FFB89
:10CA00008C70D6F1F81CC8B709E82281208161C179
:10CA1000AE0D6FFB81C10C7002F023D808141F34D7
:10CA2000E07EE078F81CC8B708E83A8061C1920D52
:10CA30006FFB81C10C7003F023D808141F34E07E13
:10CA4000F1C062080000D1C0E07F0C70E1C54A244B
:10CA50000077CB45A0007CAC2C70CB44A00014AF79
:10CA6000A82000045A210006C3430601FF002471D8
:10CA70001A6562A2402403167860041AC10200A25B
:10CA80004A2480710A200003A82000010418110024
:10CA90000C1CC110141C41100C70041C8110C2C469
:10CAA000C343A00048AC008B08E80283248341689C
:10CAB000016942A3E07F04A3248308E903830908F2
:10CAC000450023A3101B010005000000F6C38224CB
:10CAD0000238CB47A000307E2887028769874387CA
:10CAE00000210180CD70AE700E70CE700122C0802A
:10CAF000D344A000DCAB4BC64AC649C622A703A755
:10CB00005A2503270024CD2005851470104258F2C1
:10CB1000038522878485438708150B1004150810A8
:10CB200002210980032200833C2108123C20CC0210
:10CB30007170CA240112957042F4988D3223130546
:10CB400040240023786023A541A088ECA20B200696
:10CB50004240147018AD34F2501201204240607906
:10CB6000181CC2348012112078120120CF7A89C398
:10CB7000557B47C0001B4004141C40342F273F0343
:10CB80006F233F000081618122812F263F0343C133
:10CB900042C35F2201065F22030341C096C08DC2DB
:10CBA00019617A62B609AFEE81C00D0E10200587BB
:10CBB000090B01205021D027C571CE71A671B67323
:10CBC0004007C5FF068715082204022000040D084F
:10CBD000830F00000019D6C72F268793181F001453
:10CBE000FBF3AD705C8F5A25001696C119612D0AB2
:10CBF0003E00041900041089228189C21017861092
:10CC0000F0224703628141812081AC700A24000434
:10CC10000E08EFFA001C0130A571CD0D8493108F22
:10CC200096C22C71047110AFE140C143301C013732
:10CC3000DB591470BA002B000845CFF55524912913
:10CC40008CC2E1402241DD592E4110434221550062
:10CC50003B58104730464E70CD70AD700CC0650A21
:10CC600005205A221026002400249C100B002D0BB6
:10CC70006015A8100C01FEE407F47EDC0A25C02232
:10CC8000EA46CA450AF06140E241FA0CEFFFC242AF
:10CC9000084628450A25C022CA08AFF89D7810E842
:10CCA00075800EEB4B802A80A77AC7790521BE805C
:10CCB00006F200204124CAA0607BABA04671D0F1EF
:10CCC000290B50203C8F25091E00231C0230221CFA
:10CCD000C234211CC3313B58004220434024413818
:10CCE000FED86E0C6FFB8C70590BD0A075F1960AB4
:10CCF0006FFB51D8B379C340F0004C0020B0D6C7C9
:10CD0000F4C2960D4FF8060C6FF8104210432E70C7
:10CD1000CB46A00030ACCE70ED70AE704A2400203F
:10CD2000A1860C70081610140435809F7F4700FF01
:10CD3000CA206B0004354094CA258E1F803F000036
:10CD4000147049083020CA252110043540943C0055
:10CD50002E00024042413A0D6FF8624213E82A0C5D
:10CD6000CFF704354095CE710AF610F4C340A00009
:10CD700014AFE148F020000411090300B1450A474F
:10CD800004F0020A6FFB54D88671990CD4A0CB45ED
:10CD9000A000307E0B0E1120181DC11FD4C65E0EE0
:10CDA00000051EE8E20BCFF70585F508C083EA0C05
:10CDB0004FF85A0B6FF808460042E140D20C6FF86A
:10CDC000C14108460EE8360E00050AE8278004E94E
:10CDD0000019010000A6E5A5C7A0D4C656D803F0E7
:10CDE00054D8A2094FFBD4C6EAC2A08008463041FD
:10CDF000081843004F0D10103608AFF9A14021E884
:10CE00000E0F6FF8A14032088FF91BE81D953C9575
:10CE1000E1682D0F44101585ED70001E4170A000D3
:10CE200034411040081D43100AE80A8622410AA531
:10CE30000B860BA523200004A140E8ADFDB5A0851D
:10CE4000DCED0C70081E0310CAC6E078FAC230464A
:10CE5000460C6FF81841B60A6FF818401047CD70AD
:10CE6000BD0E30206E770E70ED77AE702E70D3440D
:10CE7000A000DCAB162112344E405A200D2704309E
:10CE800080838275C4A564002C00C3A50430808F04
:10CE90007F4700FF54000600073600706E4E286B77
:10CEA000F608CFEC00423C2588203C214C200C2188
:10CEB00040A0CA24011295703C22CB043C21C3033C
:10CEC000CA214220CA25822030774640CA23C102A7
:10CED000747022A541A53C77CA2382200341E24217
:10CEE000AE0B6FF800A504F00C70D8AD0671890880
:10CEF000A4A505A50A248075A82000045A260017B9
:10CF00008270258009E9418022800E22428503211A
:10CF100041A043A024A0C571AA4604F0ED772E706D
:10CF20000226C294C341A000307E0321C0A3201971
:10CF3000C004E9A142A103A1DAC6E078F4C38224C7
:10CF40000C3F504270402845084607EA2C70A1402B
:10CF50002A0FAFFA42424A24C073FED900268F1F1F
:10CF6000000082030C7422AD2E7181C24A21400060
:10CF7000001C0131A8204001011A52002471190837
:10CF800030204C20C0A32E012D00041C0234031DB0
:10CF9000021406F04A21C023031D0310D143542676
:10CFA00015195426961B0E70402414318023072D2A
:10CFB000011480240477EF08D5032520000010F029
:10CFC0001CF02EF039F04DF04DF04FF04FF052F0D4
:10CFD00058F05BF05BF05DF05DF05FF05624403D93
:10CFE00014DA5608EFECA2415624403D80C3A1411B
:10CFF0004A0EE004424257F00024803F00009401B2
:10D0000014DA3608EFECC2410024803F000094019E
:10D0100080C3A14112082005424245F085C08A2202
:10D0200006001608EFEC624185C080C3A1417E086E
:10D030002005424237F0701682100024813F000024
:10D04000BC017E09A004DF1600160024803F00000A
:10D05000BC0180C3A14152092005424223F00A8647
:10D060000AF00B8608F00C8606F0DD16001604F0B8
:10D07000DE16001680C3A141520B2005424213F078
:10D08000FF1780900AF0008F08F0018F06F0028FE2
:10D0900004F0038F02F0048F80C3A141CE0B200562
:10D0A000424206710D0844A400C04128010200ADAF
:10D0B00021ADD4C7EEC3A1C15042684628451040F7
:10D0C00006EA2C70A140B60DAFFA4242FED9001C10
:10D0D000013122AD07EE530EF5100C74C3AD6E7125
:10D0E00005F06E72CD71031D03108A210E20ED71C3
:10D0F000190EB01080C3210E711080C3424202404D
:10D100009E0D2005A14108F032204024A1415E0B74
:10D11000200542427277CD72ED72ACF700C0412813
:10D12000010200AD21ADCEC7E8C2484628472C70A9
:10D1300010DA60400A200021420DAFFA68450C70F9
:10D1400036EF296E2109F5004226411E041D831287
:10D15000031D0311021DC310011D8310001D431088
:10D160000C7526F04909D502252040000BF00EF081
:10D170000FF012F01CF01CF01AF017F00FF018F07E
:10D1800010F0001DC31113F0001D83120FF0001DDD
:10D19000C3120DF0001D031309F0001D831307F0E7
:10D1A000001DC31303F0001D43130C710018002071
:10D1B000C8C6E078E2C2CA0D200308454A2440717F
:10D1C0002C70A140A820400121A008181100802542
:10D1D0000E10001D0310C2C66902C004E8C38224F9
:10D1E0000E3310408BC08A220D084E0EAFEC28453E
:10D1F000028D8C20838F8A203E070AF4238DCD7107
:10D2000007E98A20FE060F09F400ED71C8C7ED7228
:10D210002C710A4580250E10001C01312309B00035
:10D220008BC02D78230871008BC080C1720F200540
:10D2300081C281C128DA020EAFEC024005F0560C23
:10D24000200580C100ADF1762C72CD72A8F70C706C
:10D25000C8C7E078E6C03FDA18BAC3414C3FCDCC2E
:10D26000CB45CC3DCDCCCB4448420000C343F93B39
:10D270006C098A231010CB46833A6F12CB47F449CE
:10D28000002448A027A0B8B997BA0C184300A6A05C
:10D2900085A079A02418C402C2A0E1A038A044A0AF
:10D2A000C6C4E078E6C208457A0B600055200E0936
:10D2B0004A24C0707FDA17BA0C706C715525411C76
:10D2C0004AA609A608A607A60AA50BA50CA50DA5A2
:10D2D000301EC21074AE4EA5A82000010419110022
:10D2E000A141CB441300205F8021090A06A6801EBD
:10D2F000181044A603A602A601A6C3424940DB0FAC
:10D300007C1E181014A90184771E98107A1E98109C
:10D31000791E9810781E981060A940842284CB470B
:10D32000A33B0AD7CB432B3C40EB7E1E1810A140F9
:10D3300060AEFFA5811ED8127D1E9810920FA0002E
:10D340007F1E5810C6C6E078FAC38224033804153D
:10D350000C006D700A2240210434C0920A21C021C1
:10D360000A2680210A200031704358410846C5F63C
:10D370003FD818B804F0C34000BF000047140F3670
:10D380004A24C07001340D100026901F00002D01AA
:10D390005524403DA8208002041102040032820F6F
:10D3A000833A6F12041890005524413D5524823C65
:10D3B000C1404E09EFEE5524943C4835C0121D780B
:10D3C0005524443D5524C53B44204300C14062419F
:10D3D00003425524CD3B42082FEF70454A24C070CC
:10D3E0004A200000A8208003014DF024032055248A
:10D3F000023B00318105157A01334100047120A2FE
:10D4000061864986284E5524013B5524043A3E0E38
:10D410002FF310465524013A10DA1E0CAFECC2402F
:10D420005524013AE20C2FF3C2405524013A10DA98
:10D43000060CAFECC2403C86C1406A0AEFEEA24245
:10D4400000108120990930001045EE708A250211E4
:10D4500040241430B96610DADE0BAFEC8240E6717E
:10D4600040241424F10F74A210E510DA8240CA0B94
:10D47000AFECC241EE704024143074DDB86610DAAF
:10D48000B60BAFEC8241E67110E5F50FB4A2402473
:10D490001424E71080A00D08B5020471E71802A05B
:10D4A0003D0831305524433D56402F314006552428
:10D4B0004D3D2F320000EE08EFEEC1404A24C0700F
:10D4C0005626C118A8208002041500140030800FD1
:10D4D0006A44FBAE041910007E4000A14A2400718A
:10D4E0000A204004A82080010416012404185000DA
:10D4F00000184005FF1080A00FE80C700431008078
:10D50000160006004A240071A820C00126405220BF
:10D51000C00704191020001080200DE84A24007173
:10D520005626C018A820800104100104041F5010C2
:10D53000DAC70C7003A702A701A700A7DAC7E07833
:10D54000E4C081816381C281A08100330C034A243D
:10D55000C07000358313023303030133C30060A29C
:10D5600080816381C281A18100330C030035831364
:10D57000013303030133C30061A260818381A18170
:10D580000033CB0000340313228100354C130233E7
:10D59000C30200314100023303030133410022A2E0
:10D5A000A82040026082041001040231C100041A64
:10D5B0005000C4C4E8C382240C345040084784C0DF
:10D5C0008A220C00720AAFEC284500874024833081
:10D5D0004024043240240533402406314024C7301F
:10D5E000A14102427E0EAFF3021C833202C504ED5C
:10D5F000A140C8C703148E30AD700C70FAE8021455
:10D600008030CF79ED08648084C281C3FE0E200093
:10D61000E14001C08A213E061270CA254D102C71CE
:10D620003C20002006793E66EAF1E078F4C3B0C100
:10D630004A24C0700A2080210A21002170434840FA
:10D640000845CD704024063D4024093A4A20000098
:10D65000A82000050349F0200B1015260200003316
:10D660008C0F833A6F120033831F7A3D000015211F
:10D670000F10047180A260A75A85C341C842000000
:10D6800004324080A60026004A2240204A24C0706E
:10D69000A8200002041100140030000001360E1012
:10D6A0000436809FA040000018F64A24C070CD7058
:10D6B0008DC46C70A8200002041400140030000017
:10D6C0000133030098850133800F80BF00000430D0
:10D6D00000835C002C00ED717A0FEFF707318000BA
:10D6E00024853FDA6C7007364C70233C0AD718BA91
:10D6F0000430C0804041CA218C0F00BF00000130BF
:10D7000041004831CF020034801F744900240430A6
:10D71000C080CA228C0F00BF00002F26C7F347F23B
:10D72000013080004830CE0202F0ED714025141B1C
:10D73000422240200F79CC798AC24024053700214B
:10D7400044048DC1A14062434024153ACE0A200012
:10D75000402416374A24C07040240030A82080029C
:10D76000041602240415012401318100041850001C
:10D7700080C183C27A0F2000A14083C110DABA08A9
:10D78000AFEC82401B0B31208DC080C2B60DEFFF85
:10D79000824100C201C102C053A534A515A546713E
:10D7A000EF792F2087048D0905804A2400715C4D94
:10D7B0000A210004A820800104100204041990002A
:10D7C00000884830000000A10C8D0FE80C70043276
:10D7D00000804BF74A240071A820C0010640522067
:10D7E000C00704181020D4C7E6C3A2C108460080B1
:10D7F00060444024C33040240531402486304847EB
:10D800000A254010BA0CAFF3031C83320214803097
:10D81000031481300F787909240004776508950294
:10D82000252000000AF00CF00CF00EF00EF010F0C5
:10D8300016F01EF01EF020F00C8E0CF005861DF088
:10D8400006861BF0078619F0088617F0241680104C
:10D8500081C3A1419E0AAFFAE14214F0251680105F
:10D8600081C3A141620E6FF5E1420CF0188605F00C
:10D87000198603F0048681C3A141620CEFF7E142EF
:10D88000021480300471021C0230C4F101C041282E
:10D89000010200AD21ADC6C7E8C3A2C14847284573
:10D8A0002C7010DA60400A200021D20D6FFA684611
:10D8B0002C70C34213002C5F510D10104A24C0700D
:10D8C000A820C00204120304402440303C602471AC
:10D8D0003823C00300AC0A0E2FF7402440302CE858
:10D8E00009DD081E4312071E0312061EC311051E82
:10D8F0008311041E4311031E0311021EC310011ED7
:10D900008310001E431019F04A24007140220203C4
:10D91000A82080020412030481C03C6024713823D3
:10D92000C00300AC8A08EFF581C017E8AD71001E96
:10D93000C31014F0AD70AA0E6FF77827001C06E82C
:10D94000B866A57100188301110F711EBE66A5711E
:10D95000001E831202F0AD7000184023C8C7E078A3
:10D96000ECC3A2C10846008060444024C330402478
:10D9700005314024863048470A254010420BAFF35A
:10D98000031C833102148030542611185426921936
:10D990004026101B031481300F787509240004778A
:10D9A000610895012520000006F00DF012F01AF034
:10D9B0001BF022F081C30240A141120AEFFAE142BA
:10D9C00020F00A8681C3A1411E08EFEFE1421AF060
:10D9D0003D16801081C3A1411A09AFFAE14212F04D
:10D9E00081C3224003F081C34240A1415A0DEFF7A9
:10D9F000E14208F01A8681C3A141E20AEFF7E14251
:10DA0000021480300471021C0230C6F101C04128AA
:10DA1000010200AD21ADCCC7EAC3BEC1A84708468C
:10DA20000C7002A701A700A78A863041CB4582442B
:10DA3000553502240103848648318B002186003449
:10DA4000CC12281E001104344090CA210503043171
:10DA50004083CA254910B6A602EBCAC74A24C07043
:10DA6000A8200002041201040031410001304000EE
:10DA700028860430408019F64A24C0700E70224176
:10DA80004A220000A8200002041100040030000017
:10DA90000132020038860132800F80BF000004305E
:10DAA000408094010C00241680101C16101004E80D
:10DAB0005C1E03104A24C070AD7097C44A20000059
:10DAC000A820C003152601105381F0210120003049
:10DAD0008320152402100231C100047120A23D16DA
:10DAE00080104026101B3CE897C180C202407A0E8D
:10DAF000EFF23D1E42138E0D6FF480C002C680C04F
:10DB0000820D6FF442C57FD817B80136011050203E
:10DB1000C2050230800300318100003080002F33C5
:10DB2000400001C145C52F32000000C05220C0078F
:10DB300046C3003181000032000043C144C083C0AD
:10DB40009AC25A0DEFF202419AC0BE0DEFF283C1A4
:10DB500083C110DAE20C6FEC0240CAC79AC010DA37
:10DB6000D60C6FEC02419AC06A0AEFF283C183C0FF
:10DB70007A0AEFF28AC197C08AC18DC2C20A2FF712
:10DB80004024103D86864A24C07054260D18A141B9
:10DB9000A820800304100024568660810034001001
:10DBA0000030800001330000041910004085028518
:10DBB00021854A24C07047C249C040C242C00E708D
:10DBC00080C287C30C7048C1041C4030A82080026A
:10DBD00004120C040413010400310103013040005D
:10DBE0000430808F233C0AD724000C00A60FCFF806
:10DBF0004A24C070A8200003001501100030410025
:10DC00000031810FCC3DCDCC041D50104A24C07092
:10DC1000A82040048DC04586F0200004152601147C
:10DC200030810032000015270314013040000671D6
:10DC300000A315F12416801014703EF3DC4E9AC038
:10DC4000F60B6FEC10DA9AC08A09EFF293C193C019
:10DC50009A09EFF290C190C18DC22240E2092FF7DC
:10DC60008DC55C168010251681100F0865000471A3
:10DC70005C1E021020F14A24C0700E704A21000080
:10DC8000A82000020415001400300000013101003A
:10DC900064160010043100801C06ECFF4A24C0709A
:10DCA000542680193D1E4310A820000104181100BD
:10DCB00002F1E078C9000003E6C03FDA18BAC341B8
:10DCC0004C3FCDCCCB45CC3DCDCCCB4448420000E5
:10DCD000C343F93B6C098A231010CB46833A6F1279
:10DCE000CB47F449002448A027A0B8B997BA0C182C
:10DCF0004300A6A085A079A02418C402C2A0E1A078
:10DD000038A044A0C6C4E078E2C224772909B5024D
:10DD10000845252040000BF00FF015F019F01FF01A
:10DD200023F02AF02FF03BF033F04040BA0D6FFAA9
:10DD300060410CADC2C64040860FAFF7604105A5FB
:10DD4000C2C640407A0FAFF7604106A5C2C6404048
:10DD50006E0FAFF7604107A5C2C64040620FAFF734
:10DD6000604108A5C2C640407E0D6FFA6041241D87
:10DD70000210C2C6404046096FF56041251D0210E1
:10DD8000C2C640403A0FAFF7604118A5C2C6404036
:10DD90002E0FAFF7604104A5C2C64040220FAFF777
:10DDA000604119A5C2C6E078E8C382240C34504013
:10DDB000084784C08A220C007E0A6FEC2845008741
:10DDC000402483304024043240240533402406316B
:10DDD0004024C730A14102428A0E6FF3021C8331F6
:10DDE00002C504EDA140C8C703148E30AD700C709D
:10DDF000FAE802148030CF79ED08648084C281C3D0
:10DE000062082000E14001C08A213E061270CA2546
:10DE10004D102C713C20002006793E66EAF1E07836
:10DE20004A24C0707FD917B96C70542002083C187E
:10DE300043002EA06DA06CA06BA06AA0A8200001DA
:10DE4000041A11004A24C070A8200001041A11000D
:10DE5000C341C84200005C18C200E07F3AA0E078ED
:10DE6000E2C3A4C1896940412B0CB51108452520A6
:10DE7000000307F010F016F01BF027F031F080C21D
:10DE800020402E0DAFFA60415C4D80C1AA096FECB5
:10DE900010DAC2C72040360BAFEF60410AA5C2C7F7
:10DEA0002040460C6FFA60413D1D0210C2C780C27F
:10DEB00020407A08EFF7604100C201C102C050A5BE
:10DEC00031A512A5C2C780C220406208EFF76041A9
:10DED00000C201C102C053A534A515A5C2C7204088
:10DEE000DE0DAFF760411AA5C2C7E078E2C3A4C156
:10DEF0004845628056802CE0520BEFF2A14480C06E
:10DF000010DA36096FECA14180C0FE09EFF2A141A1
:10DF1000C2C7E07848310100073641704847000029
:10DF20003D18430007364270F44900243AA0E07FD0
:10DF300041A0E07808446C704A200000624C043232
:10DF400040804C70CA206900E120C907CA226C00D9
:10DF50005B63ED0B1481E07EE4C07A108C007FDD02
:10DF60005021FE8717BD084648340C10CA214103D2
:10DF70000434C0908026091A0BF7EC108C0089EC51
:10DF800056204C08808CDD0C30104833C302608E64
:10DF900005EBC3434940DB0F53F0C010830011EB86
:10DFA0005022FE875C754835C21215208200A410ED
:10DFB0000306A01202060132C200A4189800548E73
:10DFC0000DEAEC10820086EA56204208408A07EAF1
:10DFD000C342B23DC2B8A01898004831C1022477AC
:10DFE000483181000031810F32BEC2B89B10020659
:10DFF0000131810FB23EC2B8A0100B060131810081
:10E00000A51008060131C1029D100906C34349400D
:10E01000DB0F02360272803F00000431C080CA2349
:10E020004500003242020030C110A4100C0601323B
:10E0300041009C18D800013103039D185800C341CA
:10E040004940DB0F04334080C342B23DC2B8CA210D
:10E05000C50004318080CA2185009E185800C4C4C0
:10E06000808EF026C3701300505F4C70141E431056
:10E07000A4189800A01898000D0C71109B18D800D7
:10E080008D7040AE9E10020695709D18980083F525
:10E09000A5F1E078E8C382240C345040084784C0DE
:10E0A0008A220C00920F2FEC2845008740248330F1
:10E0B0004024043240240533402406314024C73034
:10E0C000A14102429E0B6FF3021C433502C504EDD1
:10E0D000A140C8C703148E30AD700C70FAE802146A
:10E0E0008030CF79ED08648084C281C3160A600055
:10E0F000E14001C08A213E061270CA254D102C71E4
:10E100003C20002006793E66EAF1E078F2C3B3C114
:10E110002F26C5F10A2180210A2140110A2200215F
:10E120007045504430431000230008474427400006
:10E13000C01F021080140D301EC64A24C0700C701F
:10E140005424083840240B3DA8204005F023032028
:10E15000F0240120152002100033830F833A6F1240
:10E160000031810F7A3D000015230C10047160A26C
:10E1700020A490C18DC24024053A0A244002E14007
:10E180000A2380046209E0024024103A4A24C07045
:10E19000A820C001064000308003041810208DC163
:10E1A000402404372243E140A2424024103DD60BD4
:10E1B000200087C61F8736874A24C0700030800F32
:10E1C0007449002407304B004A200000A820400476
:10E1D0008AC1F0200320044E024980C11579013321
:10E1E00083000033021304710133820040A180C117
:10E1F00083C20A0DE002E14040270E1B83C110DA02
:10E20000360E2FECC1401D0A312090C080C2360B63
:10E21000AFFFC14100C201C102C053A734A715A777
:10E22000BE439E427E41360DEFFFE1404A2400711D
:10E230000A214003A820800104160214041990004A
:10E240009E17001600A10C8F0FE80C70043200809E
:10E25000160006004A240071A820C0010085522043
:10E26000C007041D1010D2C7E8C3A2C10845008032
:10E2700060444024C330402405314024863050405F
:10E280000A26401055254F18360A6FF3031C4335F4
:10E2900002148030031481300F78EF0924000477D2
:10E2A00065089502252000000AF00CF00CF00EF035
:10E2B0000EF010F016F01EF01EF020F00C8D0CF099
:10E2C00005851DF006851BF0078519F0088517F0F8
:10E2D0002415801081C3C1411A086FFA024214F05C
:10E2E0002515801081C3C141DE0B2FF502420CF0D1
:10E2F000188505F0198503F0048581C3C141DE0945
:10E30000AFF70242021480306BB87308D5022520A3
:10E3100000000CF00DF010F011F019F01FF021F0DA
:10E3200021F023F023F025F06C15801011F06D150D
:10E33000801007F07815801003F07915801081C3E4
:10E34000C141B20F2FFA024219F07A15801081C331
:10E35000C141760B2FF5024211F01C850AF00187AE
:10E3600008F0028706F01D8504F0008702F00E8792
:10E3700081C3C1416609AFF70242021480300471C3
:10E38000021C023088F101C04128010200AE21AE1A
:10E39000C8C7E078E8C3A3C1484728452C7010DA05
:10E3A00060400A200021D60A2FFA68462C70C3422A
:10E3B0001300605F650D10104A240071A8208002D0
:10E3C0000412030480C03C6024713823C00300ACF5
:10E3D000DE0D6FF580C038E80FDD0E1E43150D1EF3
:10E3E00003150C1EC3140B1E83130A1E4313091EB0
:10E3F000C312081E4312071E0312061EC311051E78
:10E400008311041E4311031E0311021EC310011EBB
:10E410008310001E431019F04A2440714022020468
:10E42000A82080020412030481C03C6024713823B8
:10E43000C00300ACD608AFF781C026E8AD71001E5E
:10E44000031223F0AD701B0FB019B866190F711CC1
:10E45000B866A572011883030018430304F0A57180
:10E460000018C3027A0B2FF77827001C05E8B8665E
:10E47000A57100188301130F711EBE66A571001EE1
:10E48000831203F0AD7000184023C8C7F0C3A2C1C7
:10E490000846008060444024C330402405314024B5
:10E4A000863050440A25401016086FF3031C43328F
:10E4B000021480305526D31A5526521954261018A6
:10E4C00054268F194026111B031481300F78A70999
:10E4D00024000477610895012520000006F00DF066
:10E4E00012F01AF01BF022F081C32240A141DE0E8F
:10E4F0006FFA824220F00A8681C3A141EA0C6FEFD5
:10E5000082421AF03C16801081C3A141E60D2FFA19
:10E51000824212F081C3024003F081C3E140A14175
:10E52000260AAFF7824208F01A8681C3A141AE0FD6
:10E530006FF78242021480302508700281C31308ED
:10E54000300281C32308F10181C3624009F09016B3
:10E550008010A1419E0D2FFA824207F04240A14156
:10E560006A0E6FFA8242021480300471021C02307B
:10E57000ACF101C04128010200AD21ADD0C7E07867
:10E58000ECC3B3C188474845304210412C7022A7E4
:10E5900021A720A702EBCCC74A24C07055210E2822
:10E5A0004A200000A820C002024D90C3157B003213
:10E5B000820FCC3DCDCC047140A36D11802014702E
:10E5C0000C700DF24016821090C15E0B20002240AC
:10E5D000562141286C168010208905207E80DDF5AB
:10E5E00023850C7004310080C4F63FD818B805F0BC
:10E5F000C34000BF0000013100007A118120483083
:10E60000C0020F7893084480108E0FE86C118020B0
:10E610003108B100101E03104021002B90C14A0B9D
:10E62000AFF280C220F079118020D708300040215D
:10E630000D2B5521402984C2CA09AFF2A14166F0D1
:10E640005521CD2A90C180C21E0BAFF20A20400393
:10E650004A2400714021002BA820800104100104ED
:10E66000041D5010AD7080C01A0A2FF442C501C0BD
:10E670007FD917B9043040804F21C207CA20490012
:10E6800004308080F60D6FF4CA2085000846C34030
:10E690004940DB0F0436009083F602308E0300C041
:10E6A00043C0560C6FF583C000368E1F003F00003C
:10E6B00045C5C140560FAFF644C547C09E0CEFFAA2
:10E6C000C14003C1791182200030400046C007EAF2
:10E6D0005521402984C110DA0FF040210D2B84C050
:10E6E00088C22209AFF2A14188C01E0AAFF28CC1D4
:10E6F0008CC110DAA14042090FEC1D02000084C059
:10E7000010DA36092FECA1416C11902084C090C121
:10E71000560AAFF2402402301908B0204A24007192
:10E720005521C02AA82080010415011404185000A6
:10E7300080C0AD704E092FF4081C013001C000C12B
:10E740000430408348C145F7AE0B6FF588C04021C7
:10E75000002B820E6FF284C184C0920E6FF2E141F1
:10E7600008C24A24C070E140A820C00120800032C5
:10E77000410004185000781180202EE84A24C0700F
:10E780004C700C70A82000020412012400314100DA
:10E79000013040000430808F6144000043C0C6F661
:10E7A0000030820FBC3862BE7FD817B870110320CA
:10E7B000043200804A24C070CA2085000030010065
:10E7C000A820400200870033000000310000041F31
:10E7D0001010A2F04A24C07055214D2CA140E142F6
:10E7E000A82040026080041201040131C100041815
:10E7F0005000420A2FFAA140D340C8420000043022
:10E800000084DAF602854085218542C0A14040C2DD
:10E81000220A2FFA41C14A24C07080C10A22400353
:10E82000A82080020411030407330300003303040B
:10E83000041AD000008608C14A8602360370803F61
:10E84000000024168C10003041000033800001309D
:10E8500042004AA607EC02865022C107043100801C
:10E8600011F64A24C0702C70A82000020412002463
:10E8700000300000013101000F86043100804000AB
:10E880000C0074110C2040852185028570110B202D
:10E890004A24C07080C343C440C241C1081C003038
:10E8A000A820400304130004208700340210003322
:10E8B000401001308000041F10102EF0A6EC2386BB
:10E8C000BFBA0432408044002C004A24C070741146
:10E8D000012040856185028570110C2040240B3099
:10E8E000241E431043C140C241C342C0A82040037C
:10E8F00004130014408700310300003480100130FD
:10E90000C000041F101008F00C70241E021002A793
:10E9100001A700A7ED11802014707E04C2FFED193D
:10E920004320CCC7F0C3A4C155200E0D284510418B
:10E9300032866516001650420A0E6FFA1C1E4310EE
:10E940000471651E181080C1C60B2FFAA14001C1C9
:10E9500000C065160F1602C2013040004A24C07084
:10E96000926F01308B002C6C4A200000A8204002DE
:10E97000024D1521432004712471471B98002F3349
:10E98000C002224280220908208A1521002346184D
:10E99000D8008FE96316001632860F0923002C7108
:10E9A000001A430005F004712C70631E18103470B7
:10E9B0008AF2B286108609205003170F23144220D2
:10E9C00053202D0FE1148E71F143A14318F0BF675E
:10E9D0000227001404716E0D6FFAA14165160F161F
:10E9E0001044422053206C72AD710AF0B8670220C7
:10E9F000000404714E0D6FFAA14100437FD94830E5
:10EA0000902017B948339320073105042240802015
:10EA1000040740240730E1420731C6048241C60B97
:10EA20002000A144090A1020208603F021860A0D47
:10EA3000AFFF80C06516011642866D7104B9227160
:10EA4000461101060431808086F7438604318080B8
:10EA500002F66D708AE8150B11100686A168E4E5D0
:10EA6000C2F664DDA6A605F0AD70181E0110ED110A
:10EA7000802021E8090A1020288603F02986BA0C94
:10EA8000AFFF80C005E856214028001843000F0B57
:10EA9000301080C0341E011011F09E0CAFFF2A868A
:10EAA00014700C7003F40D8604712C860F0862003C
:10EAB0000DA656214028001803000586090D0210F6
:10EAC0001C1E0310D0C7E078590480024C705620F9
:10EAD00041088A24017440A900415520830E8021F9
:10EAE000040740A347A342B3A82000010419110062
:10EAF000802009085F1B980040A1E07F40A8E078D3
:10EB0000E8C2684548463040C60AA002084742208D
:10EB1000C0223108F50255275018252000000CF0BE
:10EB200011F018F01DF024F029F02FF034F03BF034
:10EB30003FF046F0C140860BEFF4A1416C1F02107C
:10EB4000C8C6C140A20FEFF9A1416D1F0210C8C68F
:10EB5000C140960FEFF9A141781F0210C8C6C1400D
:10EB6000860FEFF9A141791F0210C8C6C1404E0BB4
:10EB7000EFF4A1417A1F0210C8C6C14042096FF7E5
:10EB8000A1411CA7C8C6C14036096FF7A1410418AE
:10EB90000020C8C6C1402A096FF7A141081800200B
:10EBA000C8C6C1401A096FF7A1411DA7C8C6C14018
:10EBB0000E096FF7A14100180020C8C6C140020924
:10EBC0006FF7A14138180020C8C6E078E8C3822456
:10EBD0000C345040084784C08A220C005A0CEFEBDA
:10EBE00028450087402483304024043240240533E4
:10EBF000402406314024C730A141024266082FF369
:10EC0000021C433202C504EDA140C8C703148E3074
:10EC1000AD700C70FAE802148030CF79ED08648092
:10EC200084C281C322082000E14001C08A213E063F
:10EC30001270CA254D102C713C20002006793E66CA
:10EC4000EAF1E078E8C3A4C1684548462847220AAB
:10EC5000A0021040210F701280C2330F3012C14049
:10EC6000290FF11180C2C140460F2FFAA141552052
:10EC7000C02A08F0C1403A0F2FFAA141552040297F
:10EC800080C1B60BEFEB10DAC8C75E0EEFF9A141F9
:10EC900090180220C8C7E078ECC248310100CB448C
:10ECA000484700000734431022925520CD090846FA
:10ECB000E81500904831010007345210D341803FDD
:10ECC00000003885D340833A6F120D700030800FFA
:10ECD000C84200005021C225483181000736CC705F
:10ECE000F449002448433C1E4310F41D43907AA687
:10ECF00007318F2407308604118581A648308000B3
:10ED000000320020003241200030000400310904AC
:10ED100004300082CA238C1F00BF00000130C002F3
:10ED2000043100924830C00212A5FFA6E41D809174
:10ED3000404005F6C34000BF00003E8548318100D9
:10ED400000324C2001310110003400144831C1025E
:10ED50000430008239A505F6C34200BF000001302F
:10ED600080004A24C0704830C0021DA5C140C34184
:10ED70001300845F80200A01A8200002041102040D
:10ED80000732C200041890000736C07080BF000030
:10ED90000730800F723F22B07209CFFD0231002090
:10EDA0007E1D18102A0DEFFFC1401C8548308000E1
:10EDB00000320020003001040C7004310080C5F6E0
:10EDC0003FD818B804F0C34000BF00000131000074
:10EDD0004830C00249200005482080001FA5CCC64D
:10EDE000F6C3A4C14029960042261321504128476A
:10EDF00008451520C10480C010DA0A20C0210A2766
:10EE000080210A2540210A22002168462A0AEFEBC8
:10EE1000402414302F0F6314152582150A21C003D6
:10EE20004A240071484480C0A82040026080041435
:10EE30000B140133C3100418D0002471E509628457
:10EE400010E2330AA223346EB961C14242210104A7
:10EE50004A24007180C02844A82040026080041425
:10EE60000B140133C3100418D00010E15272447126
:10EE7000B0F64A2400718D70A820000515240123E6
:10EE80000081F025C2141520032300304005857150
:10EE90000232020066710032820000A1001B800075
:10EEA000390F63144A2400714A2000001520C20360
:10EEB000A820400480C1434D014915200C20047155
:10EEC000023341006084003141004471013341004C
:10EED00020A4E571CD07CFFF390A82234A240071AF
:10EEE000126E6C684A210000A820400480C0624D68
:10EEF000204815204C20247102320000408400304C
:10EF0000000064710132000000A45276C571A8F6B9
:10EF10004A240071A820C00106400030C005041832
:10EF20001020D6C7E4C249684F7D9F250213CB4409
:10EF3000A000CC492043BA64D1825424821A596576
:10EF4000426E40B10F78C3441300643EB20E2FF8F6
:10EF50004C74C4C600430280043040800C70E02032
:10EF6000CE07438304324080C9F7048304304080D5
:10EF7000C8F7C34040400000E07E7FD8E07F17B86C
:10EF80000C70E07F9EB8E078EAC382240C375040D2
:10EF9000084787C08A220C009E08EFEB28450087AF
:10EFA000402483334024043540240536402406346D
:10EFB0004024C733A1410242AA0CEFF20E1C0331D8
:10EFC00005C504EDA140CAC70F148E30AD702E7177
:10EFD0004A200000F8E80E148130CF78E909048057
:10EFE0002308300184C12908B00084C13708F0002B
:10EFF00084C13B08710087C0C20EAFF484C104AF66
:10F0000015F0BA0EAFF487C015AF11F087C0AE0E81
:10F010006FF880C200C201C102C042A723A704A7A3
:10F0200005F09A0EAFF487C014AF04C08A213E06E3
:10F0300012703C200020CA254D10062101203E669A
:10F04000CAF1E078F2C3ACC117C750453042084658
:10F050002C7024DAE140E8450A2080210A21402171
:10F060000A230021160EAFF97044048E13083F00E6
:10F0700014DA15087F0080C014DA624107F080C0FE
:10F08000A24105F080C014DA8241AE0F8FEB04C1BB
:10F09000C60EEFFFC14044C080C03A0D2FF288C1B8
:10F0A00088C04A0D2FF285C1048E23083F014A24EF
:10F0B00040712B087F014A2440713308BF0180C191
:10F0C00014DA760FAFEBA14021F0A140A820800117
:10F0D000041501240418500014F0A140A820800158
:10F0E00004140124041850000CF04A2440716241B9
:10F0F0000A204003A8208001041102040418900093
:10F100002485560EEFFFC14004A518C14A24407162
:10F110000A204003A820800104100204041F90105C
:10F12000158E4A2440710AE8A820800104130024A7
:10F130000419100011000000A8208001041500141B
:10F140000419100004C24A24C0700C7040240D350C
:10F150000C198020A8208004014D152103201520C2
:10F160000C2020A30031810F7AC40000F02203207C
:10F1700004710133410020A40C188020D2C7E0782C
:10F18000E8C3A2C10846008060444024C330402444
:10F1900005314024863048470A254010220BEFF203
:10F1A000031C0331021480304026101203148130F6
:10F1B0000F784B0904001F0810011F08B00081C31D
:10F1C0002308D0002B08710081C3048EE142A141C5
:10F1D0000DF0158E08F00240A141FE0C6FF8E142DF
:10F1E00007F0148E81C3A141E142DE0C8FF40214BA
:10F1F00080300471021C0230DAF101C041280102A2
:10F2000000AD21ADC8C7E078E8C3A1C16040484562
:10F2100028462C7010DA8847620CAFF97040D57020
:10F22000CD702BF24A24C070C3421300905F0C7063
:10F23000A820C00204120304402441301C61047160
:10F240003823410320AC9A0C6FF64024403006E886
:10F25000CD710018432011F0130D101F150DD01E95
:10F26000170D911B0018832006F00018032104F0ED
:10F270000018C320CD71C0A7C8C7E078E6C3A2C1FB
:10F280000846008060444024C331402405304024B7
:10F29000863148470A254010260AEFF2071C433002
:10F2A00007148330061481302F78230B04001708CD
:10F2B000510000C041680F0FA410B860968E40C284
:10F2C00080A82471061C4230F0F100C041280102E0
:10F2D00000AD21ADC6C7E078C34113009C5F4181FA
:10F2E0006081228104184300161843001418050099
:10F2F00043A062A0E07F24A0E6C3A4C1084600802A
:10F300004024833140240432402405334024063015
:10F310004024C731484728454A09EFF2061C4330CC
:10F3200002C003E8C6C70614833007148C304C7043
:10F330004A200000F8EA8F7AED0B84800F0A7100F2
:10F3400000C12A65247140C156AEF1718A223E0681
:10F35000CA208D003C2742103D2741103C64ECF14F
:10F36000E07EE078E6C034108C005520CD0C0CEA2D
:10F370000D0CD1105C8D250AB500E96AED701C1DDD
:10F3800003100DF05C8D28158F1044714F7E0D0E0B
:10F39000C51348475CAD03F0FCADE910820008E9F5
:10F3A000210AB500CD70E91803000FF028158E1062
:10F3B000216A2F7A0F0A85032846E918420005F0D2
:10F3C000C96AE918820328158B10EF793109C50243
:10F3D0000D0CD110F510820025098500CF79B309F5
:10F3E000C5020F0C9410F5108200A7098500696C06
:10F3F000A30B53006C713418430053F0216C496B1C
:10F400002F7E4F7909238303970C61103418C200B3
:10F410004A24C070402009045520020C0A234012DF
:10F42000A8208002041308140015011001304110B7
:10F43000041A50004A24C0705520420B0A2340127F
:10F44000A820400204130814208502304110041A39
:10F45000500020854A24C07001314B005520C10D59
:10F46000A820000204110214013382100419900034
:10F470004A24C0705520020D40200004A82000023C
:10F48000041001040231C102041A500009F00D0BEE
:10F49000D5003418C20005F06C72341883006F7800
:10F4A000110805030F0C9010090CD1101C1D03103E
:10F4B000C6C41C1D0510C6C4ECC3A1C155204F090C
:10F4C000BC8083874A24C070084620407041504069
:10F4D000402441300A220020A820800204100204A7
:10F4E000043200836F220B00011992009E082FF452
:10F4F0004024403033E86487BD864A24C0700C70D5
:10F500000A218004A820400304110B044024423047
:10F510001C620433C09004716F220B0040AC6E0873
:10F520002FF4402440301BE84587BE864A24C07033
:10F530004A200000A820400304120C24402441303B
:10F540001B610434809004716F210B0020AB3E08D6
:10F550002FF44024403003E8BF86018736877D863C
:10F5600002350B1057870031C1029C8601304100E3
:10F570000032C0000435409021A7CA214503043160
:10F5800000808943D0F6BE866843003240030431D0
:10F590000080CAF67F86A9430032C0000431008093
:10F5A000C2F6684302877FDB17BB073000030733CF
:10F5B00001030130C00004304080CA210500073338
:10F5C0004200614020A70432C082CA20890000188E
:10F5D00000200287013300100430C080CA20C90017
:10F5E0000430C08002A705F40019C320CCC7043042
:10F5F000808F003F000045F600194320CCC700195A
:10F600008320CCC7EAC382240C385041084588C007
:10F610008A220C00220AAFEB284600854024833062
:10F620004024043240240537402406314024C730AA
:10F63000C14122422E0EAFF2021C033302C604EE79
:10F64000C140CAC703148F3055251018CD700C70F7
:10F65000F8E802148130EF78E90924800477C308C0
:10F660001503252000000DF012F018F01CF022F018
:10F6700026F02CF030F03BF040F047F04CF088C022
:10F68000460DEFF581C1901D04104BF088C0320E7D
:10F69000EFF681C10CA545F088C0260EEFF681C1BA
:10F6A00014A53FF088C01A0EEFF681C115A539F0F8
:10F6B00088C00E0EEFF681C118A533F088C0020E87
:10F6C000EFF681C119A52DF088C0F60DEFF681C1C6
:10F6D0001AA527F088C081C12E0B6FFB83C283C19E
:10F6E00010DA5609AFEB02401BF088C0D20DEFF6DE
:10F6F00081C1AC1D001015F088C0C20F6FF481C12C
:10F700006D1D02100DF088C0B60DEFF681C1CC1D45
:10F71000001007F088C0AA0DEFF681C10BA501C04B
:10F720008A213E063270CA264D102C713C210020E1
:10F7300006793F678EF1E078EEC3ADC1A8470A2095
:10F740000021304108462F2685F012002300001DBD
:10F7500003000C714678361E02102F26C5F00E00ED
:10F7600023000C716678351E0210784E4024C23298
:10F770008AC3220F6FFE22413616801008E8351624
:10F78000801006E80B1480306E7003E86E7140261E
:10F790000D1787C10A204003760CEFF5402412377D
:10F7A0004A24C07040244136A82040030412022499
:10F7B0000C700432808F00470000CA2069000119D4
:10F7C00012004E0FEFF34024403608E80C7002A5FB
:10F7D00001A500A5341E02107670040222008AC121
:10F7E00081C240248332C140D20CEFFF4024123A40
:10F7F0004A24C0704A200000A820400315260110AA
:10F80000F0210320218115220220047102334100DE
:10F8100020A201C44A24C070046E8AC2A820C0027B
:10F8200004120104608000344110013341000418C7
:10F8300050002A168010549604710F793072A0017E
:10F840002D002A1E02104A24C0702C702A1E03109C
:10F85000A820000315264010448001808AC3357B10
:10F8600002308000247100A38AC087C1A20BEFF58B
:10F87000402411373F8601C04A24C0704C700730C5
:10F8800041000C86021C8230031C823000310C00C7
:10F89000A8208003041103240C7040244136043353
:10F8A000008359614471CA206A0000A9620EEFF317
:10F8B00040244036BB0830004C70B01600107FDC8E
:10F8C00017BC013001032C160B10C340204100006F
:10F8D0004A24C07004310080CA2045004024083703
:10F8E000B01E0010A8208003041009142C704024BE
:10F8F00043360431C0925B634471CA21690020AB76
:10F9000007341110C340CC3ECDCC043100A0CA2135
:10F910000520FE0DEFF3402440368AC22BE8C60EC8
:10F92000A0038AC06B864A24C07083C487C283C187
:10F93000A82080020412000404330080CA20C500FD
:10F94000041910004A24C0704A200000A8200004B6
:10F950008AC10149034C1526021000314B20248234
:10F960000033C31004710131C10024A211F02C70C6
:10F9700025F04A24C070284EA820C00204120104B9
:10F9800060800031412001334100041850004024C0
:10F9900081304024C230920C2000C1404A24C07003
:10F9A00040260014A82040010410010422A00314E2
:10F9B00082300214813080D800AF0A1483303416AC
:10F9C0009110A609EFFFC140341680100D090020E8
:10F9D000008F87B8001F02102A1E03104A24C0702F
:10F9E000A82080010415001404181020341680107B
:10F9F0004830000000180020CEC7E078E8C3A2C15C
:10FA00000846008060444024C3304024053140242F
:10FA1000863048470A254010A60AAFF2031C03337C
:10FA20000214803055261018031481300F78930982
:10FA3000240004777F081503252000000CF014F043
:10FA400014F016F016F018F018F01AF01FF022F06B
:10FA500028F02BF09016001181C3A1417E09EFF52B
:10FA6000E14229F00C8622F0148620F015861EF063
:10FA700018861CF019861AF01A8618F081C3024005
:10FA8000A141A20F2FFBE14215F0AC1600100EF0C1
:10FA90006D16801081C3A1412E0C6FF4E1420BF072
:10FAA000CC16001002F00B8681C3A1412E0AEFF69E
:10FAB000E142021480300471021C0230B6F101C030
:10FAC0004128010200AD21ADC8C7E078E8C3A1C15B
:10FAD000504028452C7010DA604088469E0B6FF924
:10FAE0006847B570AD702FF44A240071C34213000B
:10FAF000A85F0C70A82080020412030480C11C615E
:10FB000004713823010420ACA60EAFF480C01BE8BA
:10FB10000CDD0B1FC3130A1F8313091F4313081F98
:10FB20000313071FC312061F8312051F4312041F6E
:10FB30000312031FC311021F0311011F8310001FB3
:10FB40004310A0A6C8C7E078F2C3A2C108450415B7
:10FB5000001460444024C3304024053140248630E2
:10FB6000484630455A09AFF2031CC33302148030B3
:10FB7000402510135525111B5525D21B5525D31C87
:10FB80005525941D40250F16031481300F78AF09B9
:10FB9000240004779B08D503252000000FF012F005
:10FBA00013F016F017F01AF01BF01EF01FF022F001
:10FBB00023F026F02BF02EF034F081C3E14022F048
:10FBC0003015801028F02615801026F081C3A14042
:10FBD00018F03115801020F0321580101CF09815A7
:10FBE000001022F081C302400CF081C322400AF0D1
:10FBF00081C3424006F081C3624004F081C3824069
:10FC0000A241460BEFF6C14213F0E415801004F058
:10FC1000E515801081C3A241AE0A6FF4C14209F01C
:10FC2000AC15001081C3A241B208EFF6C142021424
:10FC300080300471021C0230A8F101C04128010289
:10FC4000001D0220011D4220D2C7E078F903000206
:10FC5000F0C382240C375044084587C08A220C0028
:10FC6000D60B6FEB284600854024833340240435AF
:10FC700040240536402406344024C733C141824223
:10FC8000E20F6FF20E1CC333141411300D09302033
:10FC900055254F1B2240D0C70F148E305525101C00
:10FCA0005525121D5525D31D2E700C70F4E80E1429
:10FCB0008130CF78E109248004778EE04E010D0079
:10FCC000252000000FF01BF020F027F031F038F075
:10FCD0003DF044F04EF05AF067F076F083F08AF091
:10FCE0008FF087C084C1460AEFF680C200C201C10E
:10FCF00002C047A528A509A589F087C0BE096FF4F1
:10FD000084C1341D021083F087C0B2096FF484C12E
:10FD10002A1D02107BF087C084C1120AEFF680C250
:10FD200000C201C102C041A522A503A56FF087C092
:10FD30008A096FF484C1351D021069F087C07E09FD
:10FD40006FF484C1361D021061F087C0720FAFF6E8
:10FD500084C19C1D00105BF087C084C1CE09EFF602
:10FD600080C200C201C102C044A525A506A54FF06E
:10FD700087C084C1B609EFF680C200C201C102C0CB
:10FD800040A721A702A743F087C084C19E09EFF6D0
:10FD900080C200C201C102C00018802004184020A7
:10FDA0000818002033F087C084C18209EFF680C2B2
:10FDB00000C201C102C0001A8020041A4020081AA3
:10FDC000002025F087C084C16209EFF680C200C21E
:10FDD00001C102C0001B8020041B4020081B002022
:10FDE00015F087C0D6086FF484C1E81D02100FF02B
:10FDF00087C0CA086FF484C1E91D021007F087C0EC
:10FE0000BE0EAFF684C1B01D001004C08A213E06AC
:10FE10009270CA214D202C713C24002006793E6648
:10FE200046F1E078E6C0484308415520C20C0C700A
:10FE30004A260000001B02105D0EF50015218D11F1
:10FE400055254C1B6485C38455250F1C04338083C2
:10FE5000C9F660A7A082013548130233030260A4EB
:10FE60000CF0A084043340834BF760A480820134FB
:10FE70000C130133030360A7001B43100AF06082D8
:10FE80000133C3000136CE100235C310CAA467A4E3
:10FE9000C471D4F1001902005508F50015210310B2
:10FEA00055230E0DA4838386043500935523CC0D72
:10FEB000CDF6E082A0A400378B1F80C00000013582
:10FEC000CF12E0A600194300A48360860435C090D9
:10FED0004CF76082A0A60033830F804000000135FC
:10FEE000C31060A4001943000471D8F1C6C4E078BF
:10FEF000ECC3A7C1483101000736527048470000E3
:10FF000008461880D340803F0000CB45C841000020
:10FF10000230002055260F197A096FFD073591141C
:10FF2000EA0F2FFD00310020043100A42241CA2134
:10FF300009042F36400020975020C2252D7007322B
:10FF40004B23483101000735431002300C200036A6
:10FF5000400040410033001097A604304082CA217F
:10FF60008C0F00BF00000130400004334082483055
:10FF7000C10234B604F6C34200BF00000133800062
:10FF8000307C4830C0021078483002000736887054
:10FF900000410000C34300BF000048348010073216
:10FFA0000120023080210030C00001300B040033FA
:10FFB00000120030410004314082C4F63FDB18BB20
:10FFC00007368270804000004834001007320C2051
:10FFD0000131C300003380104C70003001034833FE
:10FFE000C00204318080641F0210C5F63FD818B8E3
:10FFF00004F0C34000BF0000013100004830C002DF
:020000040803EF
:10000000F51E02100031802F24BDCAA5FE0E0FFD83
:100010004A240071023000202C7017A7A82040034A
:10002000152640108010000083C5152542100230AF
:100030000020247100A2420A600283C04A24007199
:10004000A820C001008500310020041D101083C0CD
:100050000A0A600240240D334A2400715426001E0F
:10006000A820000204150114023041200418500099
:100070001F865D863E8687874A24C0705526031AF0
:1000800042C080C040C241C1A82000020410010447
:1000900007344110041B5000361E43102A1E031063
:1000A000351E4310CCC7E078E4C208455F20020F3C
:1000B000C340A000704CC341F0002C015E600019E9
:1000C000410067861CEB0022820FA000A94CC340B0
:1000D000F0000000001A0300B578CB44A0001442E1
:1000E000289013884084C5B8027926A606EA607A6B
:1000F000A14086E8678626860709C500C4C60016A3
:100100000270A000E841201E011005EA607AA140BB
:10011000C4C60F0DF110A1406A09CFEAC4C68E0B08
:100120008FEAC4C6E6C208475F270E1FC340F0002F
:100130002C01CB45A000A04C00184100D865060F4B
:100140002FFB09180300C340A0001442408006EAB8
:10015000A166607AE14084E80C708B58C6C6E078EE
:10016000E4C2E1C4FC1CC8B2FC1C88B2FC1C48B24E
:10017000FC1C08B2FC1CC8B1FC1C88B1FC1C48B1BA
:10018000FC1C08B1E1C3E1C2E1C1E1C0FC1C88B7BD
:100190006A25C010E1C56A258010E1C5FC1C08BFB6
:1001A000A1C1C340F000440100180102CA0E4FFB78
:1001B000147143F2CB45A000846ECD70A140001CA9
:1001C00001302F260C102F2188830CF2C340A00091
:1001D0009C7E00804C716C70EA0D6FFB40240430F3
:1001E0000426819FFF0000000BF2C340A000807E28
:1001F00000804C716C70CE0D6FFB402404300426DF
:10020000819F000F00000AF2028508E84C716C70B3
:10021000B20D6FFB402404306C26C19609F20185B3
:1002200007E84C716C709E0D6FFB4024043000C0D9
:1002300003E8160E8FFC8774C1C50A244073C1C53C
:100240006B258010C1C56B25C01004141E34C1C0BD
:10025000C1C1C1C2C1C3041404340414053404145C
:100260000634041407340414083404140934041440
:100270000A3404140B34C1C4C4C26F243F00E078B4
:10028000E9048FEAE6C3A3C108462040C94580C1FE
:1002900080250C177A09AFF580C700C28D712C71CB
:1002A0004A204000034F0C7204338080CA22C900E8
:1002B00034702C70F8F5268604324080CEF7248600
:1002C00004324080D9F705860432008048002E00B1
:1002D0008D741515C1102AF0008D218D49680969AA
:1002E0004D7A0D7988223E028C213E8240AD5EF629
:1002F00088D90C7129F0208D418D6969296A6D7A40
:100300002D7988223E028C213E8240AD99F621ADA6
:100310008D720DF0018D1415C21004770D798C21AA
:100320003E8240AD8FF68D7321AD0B0932000C7407
:10033000C6C780260C170016C210814006F088D967
:1003400003F088D90C7321ADE90A12800C73C6C77B
:10035000F2C382240C3D504408458DC08A220C0013
:10036000D60C2FEB284600854024833340240435E7
:100370004024053C402406344024C733C141824216
:10038000E2086FF20E1C433505C003E8D2C70F1414
:100390008F30B140B141B1420A23402355258E1E12
:1003A00056251518802004278021042D802205233E
:1003B0008023052F0E148130EF783070C6012D0098
:1003C0002C70047794E020010D002520000016F029
:1003D0001AF020F024F02AF02EF034F03BF041F037
:1003E00048F051F058F067F074F084F089F098F01C
:1003F0009DF0A4F0B1F0C0F08DC0D20D6FEE84C1BD
:1004000000A672F08DC0C60D6FEE84C101A66CF01F
:100410008DC0AE08AFF684C102A666F08DC0A208FA
:10042000AFF684C103A660F08DC09608AFF684C114
:1004300004A65AF08DC0960D6FEE84C105A654F047
:100440008DC084C10E0AEFF986C286C118DAA240B7
:1004500048F08DC06A08AFF684C10CA644F08DC088
:1004600084C1F209EFF986C286C118DA02403AF077
:100470008DC084C1DE09EFF986C286C118DA224038
:1004800030F08DC084C1CE09EFF986C286C118DA7A
:10049000424028F08DC084C1220AEFF780C200C21A
:1004A00001C102C0591D98105A1D58105B1D18102B
:1004B0001AF08DC084C1060AEFF780C200C201C1E4
:1004C00002C05C1D98105D1D58105E1D18100CF0C8
:1004D0008DC084C17E09EFF986C286C118DA6240F8
:1004E000560B0FEB04C09270CC06EEFFE57154F092
:1004F0008DC0CE0F6FF684C1AC1E0010F4F18DC01C
:1005000084C1BA09EFF780C200C201C102C0661DF2
:100510009810671D5810681D1810E6F18DC0AE0CBC
:100520006FEE84C1BC1E0010DEF18DC09E0C6FEE1C
:1005300084C1C01E0010D8F18DC084C1EE09AFF691
:1005400080C200C201C102C06B1D98106C1D581002
:100550006D1D1810C8F18DC084C1D209AFF680C2DC
:1005600000C201C102C06E1D98106F1D5810701D91
:100570001810BAF18DC0560C6FEE84C1DC1E00104D
:10058000B2F18BB9C34213002460760EE001A140A2
:100590000C70D2C78A203E06D2C7E078EEC3ADC148
:1005A00008450488B1430A208021A8477042484684
:1005B000304180230C2909E80013802005E8A14080
:1005C000220C600022414A24C0708D70CB43003F52
:1005D00000002C70001B4320041D0213A82080067D
:1005E000204E0A20C01280C20030800F7A3D0000E9
:1005F0008BC304300083CA208C1F00BF0000013071
:100600000802357A347B247100A24830C01200B34E
:10061000A9468026091F8BC22C711E09EFF1C1402B
:1006200056704E701CF480C15E0CEFFFA1404A244E
:10063000C070004340240038A82080020411012427
:100640000031810FCC3DCDCC04185000A14288C1AF
:1006500080220C01DA0E2000A1401042CE150116B6
:1006600016E98A200B04086592E88BC2C1404A094A
:10067000EFF14024113B4A24C07080C0A820000242
:10068000021141254831810004185000CD15001693
:10069000B14180210C210030820F7449002480C1B7
:1006A00040240434C3432B3277CC22409E0BAFF15D
:1006B00080C684C110DA82092FEB224084C14A0A25
:1006C000AFF1224084C110DA6E092FEB22404024A2
:1006D000C133402482338E082000A1400E148030A4
:1006E000001803200520BE8404F280D800180220E0
:1006F0007515021676150116771500164A24C07076
:1007000040C241C1081C0030A82080020416001419
:100710000030800F20410000041F10100F148030A3
:100720004830000000A7CEC7A3C14A24C07080C4CF
:1007300040240230A820C00104100104BFB9041AEB
:10074000500000C04C712C71234C2C72043300807B
:10075000CA20C90054704C70F8F5E07FA3C0E0785F
:10076000E8C38224023A4847284608455620010F2C
:1007700086C090DAC2082FEB402410364A248071DC
:1007800040240030A82080011C1003240418D0004D
:1007900004C103C0C015021004310080CA20490002
:1007A00004330080CA20C9000430808044F7001E52
:1007B000C31011F0BC1501100430408044F7001E36
:1007C000831009F0B8150110043040806F200B0031
:1007D00000AE8A204C05086509089101001E03102F
:1007E000001F031080250C15208D008E0D08400081
:1007F000001F4310008E00ADC8C7E078FAC3A2C145
:100800001047008060444024C33040240531402418
:100810008630484538405527992EA60C2FF2031CE8
:10082000433502148030EA460A27C0150A20C02545
:100830000A21C0250A22C025562713285627942BA3
:100840005627D52C5627D62D8027052F8026061B08
:10085000802704178020042D80210523802205296C
:10086000031481300F78E30924000477CF0855057D
:100870002520000015F017F017F019F019F01BF003
:100880001BF01EF01FF022F023F026F027F02AF0D4
:100890002FF037F03CF03FF040F043F048F02740B5
:1008A00048F02F4046F0374025F03F4023F02744E2
:1008B00021F02F443EF081C3624016F03011003029
:1008C00019F081C3E14010F081C302400CF081C3F4
:1008D00022400AF081C3424015F081C3824013F0E8
:1008E00081C3E24003418A0DAFF9A14227F0AC1168
:1008F000003081C30341E60B6FF6A1421FF081C3B4
:10090000A2400341D20DAFF7A14219F0BC11003053
:1009100010F0C01100300EF081C3C14003F081C35C
:10092000C2400341220E6FF6A14209F0DC110030F3
:1009300081C30341B2086FEEA142021480300471FA
:10094000021C02308EF101C0412801020018023061
:1009500001184230DAC7E078E8C3A1C160404845D9
:1009600028462C7010DA8847120DEFF87040D570C9
:10097000CD7008F2470D911900188321CD711FF039
:100980004A240071C342130014600C70A820800236
:100990000412030480C11C6104713823410320AC9C
:1009A0000E086FF480C00BE8CD740318C321021841
:1009B00043210118832000184320C0A7C8C7E0784E
:1009C000F4C3A2C10846008060444024C3304024E0
:1009D00005314024863050462845E60A2FF2031C94
:1009E000C33102148030D1430A2280238A214C254E
:1009F0008A208C258A270C195626551E5626141F28
:100A00008023092C80220C21031481300F78850962
:100A1000240004777108D5012520000007F01FF09D
:100A20000CF013F018F022F028F081C3A240A1418D
:100A30006E0DEFF9C24228F081C36240A1410A0D58
:100A40006FF6C24220F081C34240A1417E096FF996
:100A5000C2421AF0322640140AF081C38240A141FA
:100A6000E20A6FFAC24210F03226001481C3A1419B
:100A7000560CEFF3C24208F0E86681C3A141760844
:100A80002FF9C242021480300471021C0230BEF100
:100A900001C04128010200AD21ADD4C7EEC38224BC
:100AA00007355041284510405624803D2C7024DAEB
:100AB000A8460A2300217042C20BEFF856248F3D4E
:100AC0004A24C070A820800104160014101F1010C2
:100AD0008D700A2140146C700A2080144A22000094
:100AE0005A2280014A24807156244E3B7960357E1B
:100AF0000A23401201410C70001E0013A82080023E
:100B00000C110704181306140036C60101308001C9
:100B100044710574CD0AF48000A66471BD0BB481E4
:100B2000402109115524C83F5524C93F0A26800495
:100B3000152005134C700A2340140C704A24807150
:100B40001420010015254E00C0432C70001E80109B
:100B5000A8208002041304140C13070400370701B3
:100B60000131C1010471D908B48120A60A2480048E
:100B70004A2480716D7021410A200001A820800262
:100B80000C1007040C1103040033C3010133CB1014
:100B9000142280005624813D986001490024833F3F
:100BA000000044014471013341108474157BC50A6F
:100BB000F48020A385712574790CF490C4745624B4
:100BC000403B0024813F000044015524423B1E0B62
:100BD000EFF855244E3B2C704A24C070C14262404D
:100BE0004A230000A820800204100B0418120C04F1
:100BF0000034CC1201330303204D15204220247110
:100C000001330000C574D509B481721A1800552447
:100C100000392C704A220009620AEFF855240D3978
:100C20004A248071A8200001071D5310CC70552460
:100C3000483B8D700A2180144A2300004A24C0706A
:100C400001406D70A82080020411021418100104E4
:100C50000031810001334B105A23800155240139A2
:100C6000402404309860332101001524020064718F
:100C7000483180000230C002C50BB48100A28571EA
:100C8000B50CB49105744C70152087200A204014CF
:100C90004A2100005A2180014A248071804315278F
:100CA0000C000C70781C9811A82000030410091483
:100CB00018130B0400334B120130C002781C1810BB
:100CC0002471D50994814471C10AB4818474CEC75A
:100CD000E8C3822402344A24807150400A2500105F
:100CE00056204E0EA820800104110004041E10108E
:100CF00080C02C7090DA8609EFF880C74A24807192
:100D0000A8208001041000241C1F101080C190DA5C
:100D1000260BEFEA0A2080034A24C0708025091CB4
:100D2000A8200001041D1110C8C7E078EEC3ABC1B4
:100D300028470846AD70104188C1E14070435042D9
:100D40001B1C423380264C15C60E2FF5402410384C
:100D50004A24C0704A200000A82040041521012028
:100D6000F0200320D8110100402442371A620433D6
:100D7000408004716F210B0020AA12086FF34024F9
:100D80004037208E2EE834768C010D00252040005F
:100D900007F0C2F02EF0C0F04DF05FF06BF0C6111E
:100DA0000026CE110126416830706C012B00C61957
:100DB0009820CC110220D0110120D411002043C270
:100DC00044C145C04021022880C12240C619582391
:100DD000001E831040C541C5FA0EEFFF42C59CF0CE
:100DE0000709500121AE001E4311C619582394F083
:100DF000C6110026402404304024C5360471C619AB
:100E00001820E1414242624352092000224087C13A
:100E100080C25209EFFF224027C0F508D000CB1155
:100E20000126C6110026F1090300C6195823A0AEF9
:100E300072F0402404304024C5362240E141424251
:100E40001A092000624320C0CD081000C0195823A1
:100E5000001E831160F0C6110026C811012604711E
:100E6000B5086200C6191820018EC619582300AEB5
:100E700052F0C61110264A24C07040204020C619E6
:100E800018200C70A820400315210120044F9C114C
:100E9000030688C2157A0234C110047120A28E089C
:100EA000EFFF88C0C0110126E7168F901043013074
:100EB00042001F0FB512C01998201521C023B51884
:100EC000D804C0111226E571E71EC29312F0B511C5
:100ED0000326224022410232D20080200B058021CD
:100EE0000B0624DA0A0FAFF8C0199824BE19D824CB
:100EF000B4110120EF7848300000003100000432C6
:100F000000A04DF7E71E4293C0195823C619582375
:100F1000001E03111B148030CEC7CA110026F90829
:100F200002A0CC110220D0110120D411002043C214
:100F300044C145C04021022880C12240E71E42939F
:100F4000C0195823C619582340C541C5860DEFFF67
:100F500042C5001E8310E0F1F2C38224053A084620
:100F60000A2440210A2100217043484330401042A6
:100F700055204F08AD7080264C15001D4203570BBD
:100F80007100001C42034A24C0700C70A820400469
:100F900015220220F02001209C1203060024823F2B
:100FA00000005C01157A0231C100047120A2002406
:100FB000803F00005C01760F8FFF2C87043040805B
:100FC0005E000C0000194320098E14700602020016
:100FD000D2C7098E02E8A9AE5624C1396140320F4A
:100FE0002FF15624D5390C700024813F00001401E4
:100FF0004A24C0700A224005A82080010C12030474
:101000000419D0000471ED08F480A674410BF0209F
:101010005422812D350B31215422812A18F02716B4
:101020008110498E3072680106000430808F2041A3
:101030000000A2012C0044719F17011649AE013037
:1010400040009F1F1810D2C74022012F5524C03FD7
:10105000E60FAFEA18DA95C02C7090DA1E0EAFF8E2
:101060005424953A4A2480715524C03FA820800119
:10107000041001041C1D50204A2400795622012F1F
:1010800095C0E078A8204002041103044080013399
:101090008200041890005622412E5524403E9A0F9B
:1010A000AFEA18DA0D708D704A24C0701424001352
:1010B000A82000053320820F1300C05F0024813F69
:1010C000000014010349402409331521011048325E
:1010D0008200047160A149A18571D10CD4902C705B
:1010E0004A24807115220C225524423E21430C7063
:1010F0009C1C5813A8208002041206040C130B0435
:1011000000338B110130C00205712574D508F490AD
:101110009C1C18104A24C070A820400415224020AE
:10112000F02043209C1000060024823F00005C0158
:10113000357A02330000247100A2230B1021002411
:10114000803F00005C01E60D8FFF2C87043040805B
:10115000C5F6008E6508B1006C7140872187028753
:101160006C7040C241C142C00019C2205524413EAA
:1011700095C283C30024843F00005C0140240530F5
:101180001E09EFFF4240001C4320D2C71AF4483228
:10119000010000304300013140009F170116023367
:1011A0000C0004310083D7F60133000004310080C5
:1011B00051F7016A09AE12F1438724870587D3F1FD
:1011C00030721006CEFF0430808F803F00000C0686
:1011D000C6FF9F1F5813A9AED2C7E078390080011F
:1011E000E8C3A6C11040802007054A08EFF828464A
:1011F0000430808F7A4400007C0026004A24C070AE
:1012000083C583C0A8208002041601140031810F19
:10121000CC3DCDCC041850004A24C0706D700C70C9
:10122000A820400315200120044D7511030680C23B
:10123000157A0234C110047120A200C601C502C48F
:1012400003C304C205C17FD817B8C318D822C21877
:10125000D822C118D822C4181820721898237318DD
:101260005823741818239C18D8209D1898209E186D
:101270005820C8C70209A0010240C8C7F4C382248D
:101280000F35504408455524403D8A220C00AA0DD4
:10129000AFEA284600854024833340240435552492
:1012A000053D402406344024C733C1418242B6097B
:1012B000EFF10E1CC33105C603EEC140D4C70F14B5
:1012C0008F30B143B140B141B1425625551E56252C
:1012D000161FCD704A20000080230C2180204C2551
:1012E00080218C2580220C29E9E80E148130EF78CA
:1012F000CB0924800477AB08D5012520000008F035
:1013000012F01CF02AF036F03CF044F05524403D39
:1013100084C1720CAFF95524823B5524813B18DA05
:10132000A24025F05524403D84C1FE092FFA8AC20F
:101330008AC190DAC2401BF05524403D84C1EE0BB7
:101340002FF680C200C201C102C09C1D98109D1DD5
:1013500058109E1D181025F05524403D84C1520898
:101360002FF986C286C110DA6240CE0C8FEA19F0DE
:101370005524403D460BAFF384C10018022011F004
:101380005524403D360BAFF384C10019022009F00B
:101390005524403D520FAFF884C1001A022004C00A
:1013A0008A213E069270CA264D102C713C240020E2
:1013B00006793F679AF1E078ECC3A6C14092CB442E
:1013C0004847000008454832020007348B10CB47DD
:1013D000C8410000F141C343833A6F123FDA4831FC
:1013E0000000073412106A150016691501160D70F9
:1013F00018BA483080004831810048410433C09316
:10140000CA21C52200310020003141200030C00037
:101410000031C60004300082CA218C1F00BF0000CA
:10142000013040025525901E043600824830C0022B
:10143000CB1D1810404005F6C34000BF00007FDE02
:1014400017BE07368914064100258C1F00001C03B7
:101450004831810000314B20013601000031C012BB
:101460004831CB020030C100CA1DD81204310082BD
:10147000CD1D581204F6C34200BF0000EC15001049
:10148000013181006D704830800000310020003152
:1014900000100030C2004831C0020432C08214ACD7
:1014A000C4F63FD818B805F0C34000BF0000FC15D3
:1014B00001100132000048318100003241204830E3
:1014C000C0020031C20015AC0432C082C4F63FD85D
:1014D00018B805F0C34000BF000071150B160132AB
:1014E00008002C704833801000310020C61D5810B1
:1014F0000030C2004830C0120432408020B422AC18
:10150000CE1D1810C4F63FD818B805F0C34000BF70
:101510000000013200000031822FCC3ECDCC48309B
:10152000C00204324080C81D1810C5F63FD818B854
:1015300004F0C34000BF000001320100A140802040
:10154000090F4831C102B20A6FF1201C4210A140BC
:1015500080200B052C7029DA2209AFF8C01D191064
:10156000184DE0DAD20AAFEA0241A1418021040716
:1015700080C0C60AAFEA18DA073740144A248071DF
:101580000030800FC8420000073090044025121F31
:1015900040240030043080A3CA208923A820000200
:1015A0000410010400304120041A5020A141802180
:1015B000040D80C0820AAFEA18DA4A24807180C024
:1015C000A82000020410010400304120041A502019
:1015D000A1418021050380C05E0AAFEA18DA4A24DF
:1015E000807180C0A8200002041001040030412056
:1015F000041A5020C34148420000043140A0C340B7
:1016000048410000CA214920043100A0CA21052018
:1016100007374114B4150010041D431000310000B9
:10162000B41D0010CCC7E078E6C0210AB2008D716D
:101630000A230000E383C483A5838571E0A3C1A3CB
:10164000A2A3F50CA2900CE34A24C070547A6B6AF2
:101650004A220000A820000244491520CD00447110
:10166000647180A5C6C4E078F2C382240C3B504369
:1016700008468BC08A220C00BE09AFEA28450086C6
:1016800040248333402404354024053A4024063462
:101690004024C733A1416242CA0DAFF10E1C03358D
:1016A000141410300B083020D1420240D2C70F145E
:1016B0008F30D1415526CD18552694190E700C70D7
:1016C00080220A2B80210A2FF1E80E148130EF7856
:1016D000DB092480047793E088010D0025200000B9
:1016E00014F01AF01EF02AF034F049F051F05BF0DB
:1016F0005FF065F069F06FF073F082F087F092F0C0
:1017000097F09DF0A1F0A8F08BC0C20AEFED84C164
:1017100002A6A8F08BC0B60AEFED84C100A5A2F026
:101720008BC09E0DEFF584C10030800F804000001B
:101730007A1D181001A596F08BC0860DEFF584C1B7
:101740000030800F80400000801D181002A58AF034
:101750008BC084C180C2D60FEFF5402415304A24D7
:10176000C0708240A8208002041501240031810F3E
:10177000804000000418500074F08BC0420DEFF55B
:1017800084C10030800F8040000007A56AF08BC044
:101790002E0DEFF584C10030800F804000001BA5A6
:1017A00060F08BC0260AEFED84C10AA55AF08BC009
:1017B0001A0AEFED84C10FA554F08BC00E0AEFEDAD
:1017C00084C113A54EF08BC0020AEFED84C116A5AB
:1017D00048F08BC0F609EFED84C11DA542F08BC027
:1017E00084C1DA0E2FF780C200C201C102C0A71E59
:1017F0009810A81E5810A91E181034F08BC0EA0AC1
:10180000AFF884C1001902202CF08BC084C1FA0902
:101810006FFA86C286C110DA1E08AFEA424022F093
:101820008BC09E0CEFF584C1871D18101AF08BC079
:10183000B60AAFF884C10CAE14F08BC08E09EFED80
:1018400084C110A50EF08BC0760CEFF584C1961DF7
:10185000181008F08BC06A0CEFF584C1971D1810A2
:1018600004C08A213E067270CA204D202C713C2390
:10187000002006793F672AF1F6C3822402394A2400
:10188000C07010410A2780210A2640210A25002124
:101890006846484708455520900880210B2480C0A1
:1018A000A8208002041102040032820FCC3ECDCC6D
:1018B00004189000120AEFF380C0A84D8BC078DAAC
:1018C000760F6FEA304206428BC0620DEFFF80C197
:1018D0008BC178DA620F6FEA42403A0F2000A140D4
:1018E0002C8D10440BE902851308F30080C1A14040
:1018F000FE0860008242104304F06E70EE1903A1EE
:10190000EC1181A00D8D34701042CA222220767015
:10191000CA220120A140B209200042410437809F21
:101920001C44004079260010C52066007823012061
:101930002478522001007A0B6000A140A94680263D
:101940000A10084780C1A140C142DA0F200042437B
:10195000EE1183A022854E70782382007F21410002
:101960004B7904F4650B1101ED1181A01EE9792773
:1019700002107920000056254F18047AA1406243D6
:10198000720E2000E1410042A140CA0D2000E14159
:1019900010421AE84086218602866018802064186A
:1019A00040206818002010F001C202C11E4000C390
:1019B00044C245C146C05625001D83C110DA7A0EC7
:1019C0006FEA43C3ED1943A00F0B3020A140ED7027
:1019D0000E1D031004F05E090000084702866D8D9D
:1019E0004086218681100E2656708A243E10CA2415
:1019F0002110767042C03823C003CF24621040C249
:101A000041C1001F022394E885244210130FF110F6
:101A1000001F0223021100210019042008F0A14038
:101A20005625811FBA0B6FF580200B05048DEDAD97
:101A300003E8041D03100011002143087100A141B7
:101A400080210B0583C010DAEE0D6FEA40241033BD
:101A50004A24007140240037A82080020410012489
:101A60000031810FCC3DCDCC041850005625811F8C
:101A70006E0B6FF587C00C7002F004774A24C070BB
:101A80000019042080C0C34120400000A8200002AB
:101A90000410020400324200041D90200036401061
:101AA00048370210001D8020001E002000178020F3
:101AB00000344120C6B848300000081E4020041EF3
:101AC0000020D6C7E4C3B4C16509F1000845048D00
:101AD0002EE8A14180210B0590C010DA5A0D6FEA63
:101AE00090C64A240071E078A820400200860030A9
:101AF000800FCC3DCDCC041E101080C02C7040DA7D
:101B00007A0B6FF880C64A24007190C0A82080012B
:101B100004100104141E50105625801F80C11A0D98
:101B20006FEA40DA80250B14001D0510C4C7E07869
:101B3000E4C3B4C108455620810D84C040DAFA0CD4
:101B40006FEA84C64A24007180C480C0A820800146
:101B5000141601140418500000C32C714A204000D0
:101B6000024C0C720432C080CA23890034702C707D
:101B7000F8F5A61500162C73043300808DF7A51513
:101B800000162C720433008087F7A4150016043366
:101B900000806F210B002F78C4C7E078F0C3A8C184
:101BA0000846008060444024C33340240534402468
:101BB0008633504230405526CD180609AFF10F1C30
:101BC00003350E148030D1430A2480238A210A2F42
:101BD00055268F1980230A2780240A2B0F14813061
:101BE0000F78307006012D000477EB0815052520CD
:101BF000000015F015F017F017F019F033F035F07C
:101C00003EF040F040F042F042F044F049F04CF039
:101C100051F054F059F065F066F0028656F00085F8
:101C200054F0018522F0028520F021870287408749
:101C30004A24C07041C142C080C185C0001C8030B0
:101C4000A8208002041102040032820F803E0000AE
:101C50000418900085C084C30241EE0AEFF54242A9
:101C600039F0078502F01B850030800F803E0000B0
:101C700084C302416608EFF542422DF00A8526F042
:101C80000F8524F0138522F0168520F01D851EF0A7
:101C900084C362400241420A2FF742421BF03226BF
:101CA00040140DF084C3824002417A0D2FFA424263
:101CB00011F087150016DEF10C8E84C30241360E3A
:101CC0006FF8424207F0108584C302411A0DAFED50
:101CD00042420E14803004710E1C023080F19615C1
:101CE0000016C8F197150016C4F104C0412801027E
:101CF0000018022001184220D0C7E078E8C3A3C131
:101D0000504028462C7010DA604088456E096FF804
:101D100068474C70C34113009C601EEE4A24C0709B
:101D2000A820C00204110304402440315C604471C7
:101D30003823000400ACAA092FF54024403130E8D4
:101D4000CD74031FC310021F4314011F8313001F10
:101D5000431127F04A24007140210103A82080028A
:101D60000411030482C05C6044713823000400AC99
:101D70003E0CAFF382C026E808DE071F8313061F60
:101D80004313051F8310041F8311031FC311021F78
:101D90004311011F0311001F431015F0CD7078206F
:101DA000C02C7820012E031C02304024C030D20900
:101DB000EFF561C107E8D867C5710018830303F028
:101DC000CD70C0A5C8C7E078F8C3B2C1084600808E
:101DD00060444024C33040240531402486305041C3
:101DE00028455526CF1ADA0E6FF1031CC3350214AD
:101DF0008030D140D142D1430A2480235626951DFC
:101E00005526961E562657185626181D80200B2438
:101E100080220A2080230B2280240B25031481308A
:101E20000F7830701C012D00047796E008010D003A
:101E30002520000017F01AF01BF022F022F024F009
:101E400025F028F028F02AF02AF02CF02CF033F0BE
:101E50003DF040F046F04DF04EF056F05BF05EF095
:101E600064F081C3424007F081C3C24003F081C3E4
:101E7000E240A141D208EFF522425EF00D8E2CF037
:101E80000E8E2AF0ED1080A026F07817001636F09E
:101E9000168729F0038727F0098725F00C8723F0A0
:101EA000008721F081C30340A141220DAFF82242F7
:101EB00042F082C040DA82096FEAA24182C081C347
:101EC000A141E6086FF5224236F0EE1080A004F042
:101ED000EF1080A081C3A141EE0F2FF322422CF01E
:101EE000048781C3A141020BAFED224224F0851784
:101EF000001604F08617001681C3A141DE0DAFF570
:101F000022421AF081C36240A1419E0FEFF42242A7
:101F100012F00010002104F00210002181C3A14141
:101F2000BA0CAFF4224208F081C38240A141F60A04
:101F30002FFA2242021480300471021C023070F128
:101F400001C04128010200AD21ADD8C7A101400167
:101F5000E4C3A7C10845990A30000C704715021662
:101F60008D0A120160814181228146C05625001DE3
:101F700045C183C143C39A092FEC44C268150216B8
:101F8000691501166A1500164A24C0703FDE40C26A
:101F900080C218BE6D7041C1081C0030A82000042A
:101FA0002082C1400431C082CF20EC070131000003
:101FB0004830C00248308000041A10006B1501162A
:101FC00000C301C20431C082CF26EC170131810366
:101FD00002C44831C1020C7148318100A01DD810E3
:101FE000A11D9810A21D1813A31D5810C4C7E07896
:101FF000E4C2684608450C7006EAA14036082FEC9A
:102000008020040505EE671D5910471D1910C4C630
:10201000ECC3ACC10845048088151010258540C06C
:1020200006857FDE17BE42C042204020483088200F
:1020300048308B002D08B22041C1402502172C7278
:102040004A24C07040240030A8204002808004123E
:102050000304013303030418D00012712471B2F693
:10206000073608124A24C0704A2100000736D112F0
:10207000A820400480C3357B008315254C10448480
:102080000030001089C602320200357E247100A3A0
:1020900040A689C083C17A0C6FF883C66108B2205C
:1020A0004A2780104A24C0701427C0134B680C7054
:1020B000A820C00380C115258310044910130B000C
:1020C00089C3157B023301130471447120A389C0B5
:1020D00086C13E0C6FF8402412364A24C07083C07B
:1020E000A82040024080041201240131810004181C
:1020F00050001277B007EBFF40274F104A24C07002
:10210000A820C001008600310220041E901004C1E6
:1021100003C001304000013080002F300000CCC7E8
:10212000E8C3A6C14A24C070704008454A20000098
:10213000A8208002074A064983C4157C0236C313CF
:10214000047160A483C0CA0B6FF880C1EE0A2FF936
:1021500080C00F08F1202F310010048D07E80C71AA
:10216000B11D5812B01D5812C8C7B21500167FDA3B
:10217000B3150116B015031617BA00310C10023250
:102180000000B1150B16003148100232410000303A
:10219000C000013402100031C002B01D981001309F
:1021A00003100C71B11DD81080250B14209505E982
:1021B000247720B5C8C70232C100BFB90431808F6F
:1021C00080400000CFF602318110C3424041000040
:1021D000BFB90431808009F60231C110BFB90431A2
:1021E00080808807CCFF0C70C8C7E078EEC3A7C119
:1021F0003040104155200D09084684C1024050432B
:102200008026CA1F0A0AAFF4402412344A24C07040
:10221000ED700C70A820400415210320F02201204D
:1022200098130300402442331A620431C0800471C1
:102230006F210B0020AA560BAFF240244033FF164B
:1022400081901FE8347652020D00242040001F00C8
:102250000000470200003B0000003F020000490070
:102260000000BD0000001301000013853485E0AEBE
:10227000307080012A0004711B02200013A5090997
:10228000500120AEFF1E4391E7A50C71CEC70D1182
:102290008020001E83101473FA0122000C70FF1EB0
:1022A0000391CEC74A24C0704A200000001E0311CB
:1022B000A820800315210120F0200320E81101004F
:1022C00080C2157A02334100047120A280C084C10B
:1022D0003E09AFF44024103480854A24C0700C704D
:1022E000A820400304100324402441331A6104331E
:1022F000008304716F210B0020AA920AAFF24024E0
:10230000403385E8EAA5FF1E839105850430C0842B
:1023100082010900F0A5FF1E8391B9F184C102403A
:10232000EE08AFF4402412344A24C0704A20000062
:10233000A820400415210120F0220320981101005B
:10234000402442331A620433408004716F210B0031
:1023500020AA3A0AAFF240244033A30810000785B0
:102360004885047150702E012B0007A5208E47A5CB
:10237000FF1E429091F04A24C0700C70A820800388
:1023800015210120F0200320E811010080C2157AF8
:1023900002334100047120A280C084C17208AFF4EE
:1023A0004024103440854A24C0700C70A82040039B
:1023B00004100C24402441331B61043480900471C8
:1023C0006F210B0020ABC609AFF24024403308E870
:1023D000208EFF1680902F0861004C700B854C8575
:1023E0006C702168EAA51B08A3002BA5204215F0FC
:1023F0000C70FF1E8390F3A5CEC7E7A54BF04BA54D
:102400000BF00A856D8504717070EBA50AA5CA23CF
:102410000B0083F66AA505850430C084CAF63085B2
:10242000118524711109220030A510A5004104F086
:102430002C70F0A50D85170B010011850F09010007
:10244000008E4C70EBA5FF1E02900C85470A02001F
:1024500011854309010001850D19C223FF1E8390D8
:102460007F1D1810EA0EEFEB5621002D7F15001688
:10247000C3411300546040DA471D18105621802DC7
:10248000441DD813451DD813AE0B2FEA461DD81393
:10249000EBA5FF1681903474F405EDFF0C712D78D7
:1024A0003220800F13009460CEC7E078E8C3A9C142
:1024B000004255204D090C7003E91CA5C8C73C8596
:1024C0007A852471F909E2803CA52D8A0D09F10075
:1024D0008A210B04316206E9404180210B0905F095
:1024E000404180210B0AF4150C90C0817CA55A2430
:1024F00001134A24C070596181816281238140C4E3
:1025000041C342C1A82080031522010080C34211AB
:102510000B06044B86C3157B0234C112047120A341
:1025200086C083C1EA0E6FF483C718854A24C07041
:102530007FD90036031017B94A200020A820800256
:1025400040870C7004338080CA204500041F10109F
:10255000EA0EEFF883C00846E20EEFF883C00436B7
:102560000094C5F63FD918B904F0C34100BF00007C
:10257000013040004830C0028B20838F09F200C335
:1025800001C202C10C717DA55EA53FA5C8C70C7034
:10259000C8C7E078F4C382240D3D504408459DC06F
:1025A0008A220C00920A2FEA2846008540248335AF
:1025B000402404375424053E402406364024C735C1
:1025C000C14182429E0E2FF1161CC3351C141230DD
:1025D0000B0A3020B1414240D4C717148F30B143A9
:1025E0005525CE1A5525901E5625151D5625961D86
:1025F0004E700C7080210B2480230B25EDE81614FF
:102600008130EF78D3092480047796E0B0010D0083
:102610002520000017F026F033F042F046F04CF091
:1026200051F058F05CF062F066F06CF070F079F008
:1026300080F087F08CF092F097F09EF0A8F0AFF069
:10264000B4F09DC086C1E608AFF580C200C201C1EA
:1026500002C0A01D9810A11D5810A21D1810B0F0A6
:102660009DC086C1C608AFF580C200C201C102C0CC
:10267000001880200418402008180020A0F09DC0F9
:1026800086C1AA08AFF580C200C201C102C0421DC6
:102690009810431D5810441D181092F09DC01E083C
:1026A0002FF386C10DAD8CF09DC012082FF386C1AB
:1026B0000EAD86F09DC006082FF386C1ED1902A06D
:1026C0007EF09DC0FA0D6FF586C1781E181078F067
:1026D0009DC0FA0A6FED86C116A672F09DC0EE0A83
:1026E0006FED86C103A66CF09DC0E20A6FED86C156
:1026F00009A666F09DC0D60A6FED86C10CA660F0F3
:102700009DC0CA0A6FED86C100A65AF09DC086C161
:102710009E0C6FF898C298C110DAA2404EF09DC08E
:1027200086C1D20CEFF988C288C140DAC24046F0B7
:102730009DC08A0FEFF286C1EE1902A040F09DC045
:102740007A0FEFF286C1EF1902A03AF09DC07E0A1F
:102750006FED86C104A634F09DC0660D6FF586C18D
:10276000851E18102CF09DC0560D6FF586C1861E73
:10277000181026F09DC086C1120FAFF483C203C1AA
:1027800004C0B21D5810B31D18101AF09DC03A0CA9
:102790006FF486C10019042012F09DC02A0C6FF45A
:1027A00086C1021904200CF09DC086C15A0AEFF9B7
:1027B00098C298C110DA62407E080FEA06C08A21EA
:1027C0003E069270CA224D202C713C2400200679CE
:1027D0003F6716F1F8C3A8C1104255208D081909AA
:1027E000800F0000FFFF4831000007361170484796
:1027F000000005F0D34100450000402200242C7069
:102800007A0EEFF778DAD343C84100000733542437
:102810000185CB44833A6F12D340003F00006D70B6
:1028200048308000003100200030010302400431B4
:10283000C082CA208C0F00BF000001310000288533
:102840004830C00249208002482002014834C0229A
:102850001108300140A51F08B000147127A518F019
:102860000731800FC84300000030800F164300007E
:1028700009F0C340C843000007310100B8B8003177
:1028800000000030800F8040000007A50B853085D8
:1028900074855185D78548308000483181004833A0
:1028A000830000310620FE85483282000031482036
:1028B0000031C0200031812000361F0348368E10C1
:1028C0000030151300300803003180230A2400046F
:1028D000003116030437C0B248378F100A250004B0
:1028E000CA248C0F00BF00000435C0A200300603CC
:1028F0000031C0230A2600340F70CA258C0F00BF98
:1029000000000436C0A20A210014CA268C3F00BF72
:10291000000004300096003000030A270004CA219A
:102920008C1F00BF0000043600860A270024CA2737
:102930008C0F00BF000004300086CA278C2F00BF18
:1029400000000130C00586150B164830C20248321F
:1029500080000730400487150C16831DD8127C8533
:10296000841D181301354B2101368C278515171648
:10297000424180210A0B5DA510DA84C6821DD8155C
:102980000730CF03013700314830C0020AA5483371
:10299000C01201304B120FA54834C0120136CC01D1
:1029A0000EA54833C01213A54834C01216A5003333
:1029B000C0031BA5820EEFE984C04A24007180C0C9
:1029C000A82000020416011400344120041850000D
:1029D0005622812F0A0CEFF480C00731C3248815DA
:1029E00000164C700031812F20410000043180809E
:1029F000003300006A1D181004F6D34000BF000029
:102A000001310004041A432080228B244830C00284
:102A1000001A0420D8C7E078E8C382240C34504060
:102A2000084584C08A220C0028470E0EEFE984C6B0
:102A3000008540248331402404324024053340245F
:102A400006304024C731E14102421A0A2FF1061C28
:102A5000833002C002E8C8C707148F304A204020E4
:102A600006148130EF78350924002F2607F41F085B
:102A7000B00080C12108510000C00966047140C047
:102A8000DA0A2000A140104006F0320CEFF284C0B8
:102A9000391D0210E571E6F10C70DFF58A207E0623
:102AA000C8C7E078E2C2848806EC001F030004185F
:102AB000030004F0001F43004A24C07040200C02B1
:102AC0000A258011A820800104140B14041DD012C3
:102AD0003A108C0048340C1080A58D70A383043507
:102AE0000093C5F63FDC18BC04F0CB4400BF0000E7
:102AF00001350C134834CD12AF7C8C24C39F1EF2D9
:102B000039108B00210CE4124A24C07040200B02C3
:102B10000A24C010A820800104140814041B1012F9
:102B20003A1842034A240071001F0300A8208001C4
:102B300004130C04041E10038043B60A20000A2468
:102B40004001C2C6E6C3A2C10846008060444024DA
:102B5000C330402405314024863048470A254010C0
:102B60005E092FF1031C833002148030031481307E
:102B70000F782F090400110890001B085100381627
:102B8000801004F03916801081C3A1413A0BEFF296
:102B9000E142021480300471021C0230E8F101C0ED
:102BA0004128010200AD21ADC6C7E078ECC3A2C147
:102BB0005041304008472C7010DA60400A22002152
:102BC000BA0AEFF76845CD714A24C070041C03357A
:102BD000031C83302F083020021C823340244031F4
:102BE00040248130A82000020111820438224204CE
:102BF00001189200EA0AAFF4402440311AE80E723C
:102C00006BF00C70A820000340248130096140243F
:102C100042311A6204713821410420AAC20AAFF479
:102C2000402440311FE80E72011D8310C0AD1CF01E
:102C30000087130971250E700B089101C0AD008744
:102C40000E711509D1251108510200250014C0A8E4
:102C500006710087890991258508F10102750671C1
:102C60003DF00E7000872B08B1017821C127782133
:102C7000002860C080C00A0B6FF5011C423008E8D4
:102C800000250014067201188300C0A800872908D7
:102C9000F101782140287821C12760C080C0E20A74
:102CA0006FF5011C423008E8002500140672011877
:102CB0008300C0A80087A0B82508310278218028A9
:102CC0007821C12760C080C0B60A6FF5011C423070
:102CD00006E802750672011D8310C0AD001A0024BB
:102CE000CCC7E078E6C3A2C10846081600146044C9
:102CF0004024C330402405314024863048472845CD
:102D0000BE0FEFF0031C83300214803003148130B7
:102D10000F78370904001B08B00081C31F08710039
:102D200081C3C140A141220A6FF5E14207F032168A
:102D30008010A1419209EFF2E14202148030047147
:102D4000021C0230E4F101C04128010200AD21ADB6
:102D5000C6C7E0788904C00000429FE10C70E02003
:102D6000CD070C71E07F381A4200E078E6C3822478
:102D70000C374847084587C08A220C00BA0AEFE999
:102D800028460085402483344024043340240536FB
:102D9000402406354024C734C141E142C60EEFF05D
:102DA000121C833003C003E8C6C713148E301214FC
:102DB0008130CF78350904002308B00085C1290887
:102DC000710087C085C166096FF580C200C201C16C
:102DD00002C042A523A504A506F0E208EFF287C0D1
:102DE0003A1D0210C571E5F103C0C6C7EEC3AAC102
:102DF00038108C000845884768465041410C3F1008
:102E000030404A24C07002400A21C003A82080013B
:102E100004100204041990003A1580104A24C0706E
:102E20004830020040A122410A208003A8208001EE
:102E3000041103040418D00040A068F042852385E3
:102E400004853A15921043C244C11B0CFF1045C0C3
:102E500003C204C105C00A23802440C241C142C04C
:102E600013F04F85308511854815931040C241C13C
:102E7000170C3E1142C000C201C102C00A22C02488
:102E800043C244C145C04A24007122410A20800344
:102E9000A8208001041102040418900080C22C7341
:102EA0002240BE08EFF1C1436086418622864A2453
:102EB00000714833002049C046C30C7086C347C226
:102EC000201C4030A8200003014B1526021020A230
:102ED000F020012015270210047120A283C22C7358
:102EE00002407E08EFF1E143418722876087483244
:102EF000002049C047C248C186C110DAE1403A0902
:102F0000EFE946C338158C10270C7F102C74210C68
:102F1000BE1014E52C740240E1430E0A2FF3A142C7
:102F20002C742240A142020A2FF3C143CEC714E5FC
:102F30000240E1435A08EFF1A1422C742240A14221
:102F40004E08EFF1C143CEC74A24C0704020010FA4
:102F500040200202A8208001041203040419D000BA
:102F60003A10810004184300E07F48184200E078DE
:102F7000ECC3A9C1304086C14847960DEFF708451C
:102F8000BA0CAFF886C0D341DB2EFFE60430408494
:102F9000D3F6020C4FF633083028CD7043081124C5
:102FA0002185608542855221C10742C641C3003058
:102FB0008E0040C115F0408521850285CD7040C24C
:102FC00041C142C00DF04085228561855222C20771
:102FD0005221C10742C640C300304E0041C280C0EA
:102FE00083C12E0DEFF740241230D340803F000004
:102FF000013601145020C025003100002F3500108B
:103000003A0CAFF883C004304084DAF604360094FA
:10301000CA26091401300100023080234A24C070FE
:10302000073040002F310000A820000204120024C5
:1030300000310000041F1010A0A7CCC70C70A3A77C
:1030400002A701A700A7CCC7F4C3B1C1284610440A
:103050008EC1C1400A2540210A2300217040B20CD4
:10306000EFF74845401412300FC73814113001866D
:10307000013796140031822F6B3CFAED228604361C
:1030800080A05220C0074DF7013242246C702F32CD
:1030900080000431C080404103F65222C107A20FD4
:1030A0000FF22F31800500A5960F2FF20086001831
:1030B000002000858D705220C00700A502860430D4
:1030C000008388F706405220C007001800200286BF
:1030D00021863FDA0430008318BA47F701374314DA
:1030E000043380808BF70132432404338080C43161
:1030F0000583CA00260004310083408646C045C1CE
:1031000044C284C080C26E0EEFFF20D902C303C048
:1031100001C100C241C05221C1075223C00742C2AF
:1031200043C140C080C187C2D608200082400AC186
:103130000E0F2FF209C00030800F00C000004C704D
:103140000430808045F70130800FC940DB0F001B41
:103150000020008622864BC001860431808080C218
:103160004CC08BC04DC152F70A0EEFFF20D901C3EE
:1031700003C000C102C240C05221C1075223C00790
:1031800041C243C142C005F0EA0DEFFF10D980C132
:1031900087C26E08200082400AC1A60E2FF209C025
:1031A000013001000C700431008046F70131810FBD
:1031B000C940DB0F001D4020D4C7608656F7C342CC
:1031C00035BFF30404318080D0F6043000834EF71D
:1031D00004308080CAF60433808F353FF30446F70D
:1031E000043380801607C9FF46C045C184C080C231
:1031F00010D9820DEFFF44C396F1E078E6C08081DC
:1032000063800C110B00E080C181A28000330C03AD
:103210000037C31200358813C281A1800133030334
:1032200002330C02003583130134C31060A2808185
:103230006280C281A08000330B03838161800035EE
:103240008813C181A380003303030133CC0200350E
:1032500083130134C3100233030261A280816180B1
:10326000C381A28000330C0300358313C281023373
:103270000B0381816080A380003303030133CC10F2
:10328000003583130134C31062A280816080C38142
:10329000A380003308038181618000358B13A281F4
:1032A0002280003303030233001200314103023055
:1032B000C0000230400003A2C6C4E078408102A1F1
:1032C0005470E07C2181007AECC270424847084685
:1032D000C4E1C80025000E70CB45A0006C7E008DB7
:1032E0000B087100FFD8088D04F0001D431008ADD5
:1032F0000B0881030C15101022F00F0E5119CB444E
:103300001200EC4A04F0CB441200F04A40250611AA
:10331000C340A000307EC342A000D8CB8A23100057
:10332000C344A000D8CF8A25080023200003C14150
:103330000E7005E8001D021430F0C8AD5320802146
:1033400000AF01854028912154210128170924004C
:1033500040DE4F20C02100AF0185001D0310022078
:103360004E04C1AF01852C7040DA02AF018528B848
:1033700003AFE574060BAFF7E1400021812FA000F9
:10338000D8CBCF7AB20CAFE9E1404020412044D8FD
:103390000E7123A5001A04200240CCC6EAC20846DA
:1033A000B30930006C700012D1000D093220C4E165
:1033B000A2000500CB45A0006C7E008D0B08B1007B
:1033C000FFD8098D04F0001D831009AD0B08A1037F
:1033D0002240E18508F0E38A028AC9AD08BF057F73
:1033E000E1A5008A8C27109038002D0006B8618A6C
:1033F0000420810F0000C01F7861290F0410D34002
:10340000A000D8CB00210004246A2E0CAFE9604252
:1034100041091320150E5119CB461200F44A09F048
:103420006C70001D031017F0CB461200F84AC34021
:10343000A000307EC343A000D8CF8A2408000241F8
:1034400023208003E1426C700B083200001D031042
:103450006C716040CAC6E078E2C20844FDE068458D
:1034600009F2FEE40CF44040DF59001D05110C7117
:10347000C2C625D8560EEFFFA143C2C6BFE40C70EA
:1034800038F7130C5010130C5011E90CD19021D8BF
:10349000F2F120D8F0F122D8EEF1E078F1C000434B
:1034A000FDE006F425D8FA0ECFFF0DF0BFE30C7057
:1034B00009F7170B5000170B50010B0BD10021D847
:1034C000F3F1D1C0E07E20D8EFF122D8EDF1E07821
:1034D000E4C3A1C180C0C3411300B8785A0BAFE95F
:1034E0004C743B5808462845FED880C18C70C142B8
:1034F000A1436B58F8D880C18C70C142A1436B586E
:10350000C340F0003F00208884B920A8C4C7E078F9
:10351000E6C208451218850728DA0C180105681854
:103520008102C341C0490092C3400749002440259D
:103530000E1750AD22A501A52C703CDAC140641DC8
:1035400081123A09AFF7581DC310AE0A6FF0C1409F
:103550001A8519087202ED70198511087002C140B0
:10356000960A6FF0641D41120995CB44C8420000D1
:10357000C343833A6F12483000000030000300302C
:10358000C1000431C083C5F63FD818B804F0C34069
:1035900000BF000001310000308D4830C002107AB9
:1035A0008BE248310100CA20A602003101031078E5
:1035B0004820C0000CB5B6082FF40031C0004830D8
:1035C000C00205A5C6C6E078E6C208458A200A0002
:1035D000CB4616430000C341FD44002010B501A5B1
:1035E0005525401CC7A5160B6FEB24A50A0D6FEBE4
:1035F0005625801A5625001DC34113007C5E3A0AE9
:10360000AFE940DA07857FD917B9073109000415FA
:103610000B10C3421C490040C3404841000046A56E
:1036200048338B1000330210CB47833A6F12CB44E0
:10363000484400000032C203CC708A1D1813502188
:10364000CC05CB40104200008B1D9813C343964419
:103650000000CB46AF4900C8814104328081781D0B
:103660001812891DD810C5A5C41D4012CF21EC0722
:103670007095013241004831C202483301000031E7
:103680000000492202020030C10348220001043137
:10369000808102A502F69FBC013100034830C002C0
:1036A000492040064820000109A50E082000A1403D
:1036B000C6C6E078E8C3A4C14A2400760846402084
:1036C0000D0B0C70A8200001041D11104A248077F6
:1036D000CC1E00100C1E00105526001D531E591044
:1036E000A8200001041811004A24C07055264F1A62
:1036F0000A20C003A82000010418110000180300CC
:103700005626801A4A0C6FEB10404187028760876B
:10371000C3417A44000043C141C242C080C110DAB3
:1037200002401609AFE940C356260F1BC3411300E0
:10373000BC5E40DA0209AFE90A20C0034A24C07027
:10374000A8200001041D11104A24C0700A20800F17
:103750007AC40000A8200001041D101080C1E140BF
:10376000B11E4310E20AA000281E01105526401B7E
:1037700080C1C608AFE910DAC8C7E078EEC382247A
:10378000063D0846542000092C70F20E6FF714DA3B
:103790004A244071D1415426931B80218E21AD7063
:1037A000A8200001041B11202C7028478FBF40DC8B
:1037B00000194223FE1944A3FC1944A347097501CB
:1037C000152643104D831D0A700114264010230A4C
:1037D000510252184403481844037FD817B810F018
:1037E0005218C403481804034FD818B808F05218E8
:1037F000C40348180403C3407F7FFFFF17A324714D
:10380000DEF1C1408020070D4A2100006E0E6FF7E7
:103810008A220600DFE594002D001526521374124B
:1038200003204A24807BD3401300B8604A20000064
:1038300040200C23A820800204140B1481C11A61BB
:1038400004713823C11020AA260EE00181C0147033
:103850000C700AF214264113FA191C0080210A0D7B
:1038600000B122F0741203204A24C070A820C002C4
:1038700004100124402442301A6204713821C1002E
:1038800020AA402440305A0E2FF41426501302412F
:1038900080210A0D04E88A20040003F040D8E0B13A
:1038A000FA181C20A571B8F18DC02C708A22060070
:1038B000CA0D6FF740240D3D8A2401785426891ED5
:1038C000A820820704110214C3408B3A58A0D5E205
:1038D000960029008D71EE6AD50F751F6C706D71A1
:1038E0000D714C712520C00365F062F063F060F04B
:1038F00061F05EF05FF05CF05DF05AF05BF058F064
:1039000059F056F054F054F052F052F058F050F094
:1039100056F04EF054F04CF052F04AF050F048F0AF
:103920004EF046F04CF044F042F042F040F040F0EF
:1039300019F03EF017F03CF015F03AF013F038F0C3
:1039400011F036F00FF034F00DF032F027F030F0D7
:1039500025F02EF023F02CF02DF02AF02BF028F09B
:1039600029F08D7025F08C22428DCFF68C22828D2D
:1039700018F28C22028E18F28C22828EF3F38C22A3
:1039800003800AF214F08022BE0A250A750115D8B8
:103990001D088E008A2144000BF06D706C710BF0D5
:1039A0006C7008F00D716D714C710AF02C706C71B7
:1039B0006D71C340CC3DCDCC4C70684052240C108E
:1039C000757052230310857ACA20810F1C410AE8C2
:1039D000157052200B10457BCA20810F203C12AC81
:1039E0000523FE821C714129030641290204412955
:1039F000000220AD63AD42AD01ADA574001382207D
:103A0000DF1600168E0F20018DC17FDAC343C84236
:103A1000000017BAC34174490024C3407A4400002F
:103A2000FB1943A0DE1E1910DD1ED8104CA62BA6D4
:103A30000AA6CEC7EAC21040820A2FFD55204D08C3
:103A4000CB404843000083DB8A2744308A250109A4
:103A5000C344A0420000C34720410000C346C03F0A
:103A60000000CB43FA440000CB470E3D4DF3CB465C
:103A7000D63C62A1CB44033B6F12CB41233C0AD717
:103A80008A21072D8A26043B17BBC342C841000088
:103A9000C3417A450000C340704100007018002205
:103AA0008A2087107A188320781805206C18C4277C
:103AB00074184022901D00125C1D4011581D001109
:103AC000541DC011501D80114C1DC012E2A5C1A58E
:103AD00080A5881D4014781D80177DA55CA53BA599
:103AE0000EA5CAC6EAC3BEC1A84708460C7002A705
:103AF00001A700A78A863041CB4582445535022470
:103B00000103848648318B0021860034CC12281EA4
:103B1000001104344090CA21050304314083CA25B2
:103B20004910B6A602EBCAC74A24C070A8200002FA
:103B300004120104003141000130400028860430A5
:103B4000408019F64A24C0700E7022414A220000BB
:103B5000A82000020411000400300000013202001D
:103B600038860132800F80BF000004304080900111
:103B70000C00241680101C16101004E85C1E0310A4
:103B80004A24C070AD700C70A820C0031526011027
:103B90003381F021032097C200304120157A02338F
:103BA0004100047120A23C1680104026101B3CE806
:103BB00097C180C20240B20DEFEF3C1E4213C60C0B
:103BC0006FF180C002C680C0BA0C6FF142C57FD8C9
:103BD00017B8013601105020C205023080030031B1
:103BE0008100003080002F33400001C145C52F32D5
:103BF000000000C05220C00746C3003181000032DF
:103C0000000043C144C083C09AC2920CEFEF02414E
:103C10009AC0F60CEFEF83C183C110DA1A0C6FE97A
:103C20000240CAC79AC010DA0E0C6FE902419AC06E
:103C3000A209EFEF83C183C0B209EFEF8AC197C039
:103C40008AC18DC2FA092FF44024103D86864A2489
:103C5000C07054260D18A141A82080030410002430
:103C6000568660810034001000308000013300006F
:103C7000041910004085028521854A24C07047C27E
:103C800049C040C242C00E7080C287C30C7048C198
:103C9000041C4030A820800204120C040413010408
:103CA00000310103013040000430808F233C0AD7EB
:103CB00024000C00DE0ECFF54A24C070A8200003BB
:103CC00000150110003041000031810FCC3DCDCCFA
:103CD000041D50104A24C070A82040048DC04586A1
:103CE000F020000415260114308100320000152751
:103CF000031401304000067100A317F12416801050
:103D0000147040F3DC4E9AC02E0B6FE910DA9AC0A3
:103D1000C208EFEF93C193C0D208EFEF90C190C1FA
:103D20008DC222401A092FF48DC55C16801025160D
:103D300081100F08650004715C1E021022F14A24F4
:103D4000C0700E704A210000A82000020415001463
:103D50000030000001310100198604310080240682
:103D6000ECFF4A24C070542680190E703C1E43108C
:103D7000A82000010418110004F1E078E2C2DA0C76
:103D8000AFFC08454A24C0707FD817B84C70542542
:103D900001180EA54DA54CA54BA54AA5A8200001CC
:103DA000041911004A24C070A82000010419110050
:103DB000C341C8420000C3409C4600405C1D8210C5
:103DC0003D1D43103AA501A5C2C6E078E2C22477A2
:103DD0002909B5020845252040000BF00FF015F029
:103DE00019F01FF023F02AF02FF03BF033F04040A1
:103DF000F60C6FF760410CADC2C64040C20EAFF486
:103E0000604105A5C2C64040B60EAFF4604106A5AC
:103E1000C2C64040AA0EAFF4604107A5C2C64040EA
:103E20009E0EAFF4604108A5C2C64040BA0C6FF7C1
:103E30006041241D0210C2C6404082086FF26041FA
:103E4000251D0210C2C64040760EAFF4604118A591
:103E5000C2C640406A0EAFF4604104A5C2C64040ED
:103E60005E0EAFF4604119A5C2C6E078E2C3A4C1FA
:103E7000896940412B0CB51108452520000307F046
:103E800010F016F01BF027F031F080C22040220D18
:103E9000AFF760415C4D80C19E096FE910DAC2C77F
:103EA00020402A0BAFEC60410AA5C2C720403A0C63
:103EB0006FF760413C1D0210C2C780C220406E08EF
:103EC000EFF4604100C201C102C050A531A512A5A6
:103ED000C2C780C220405608EFF4604100C201C151
:103EE00002C053A534A515A5C2C72040D20DAFF41A
:103EF00060411AA5C2C7E078E2C3A4C14845628008
:103F000056802CE0460BEFEFA14480C010DA2A095E
:103F10006FE9A14180C0F209EFEFA141C2C7E0788B
:103F2000E6C20845120BEFFF5520CE097A0BAFFC15
:103F3000A140E8160990C340C8420000CB43C841E5
:103F400000000031091071860731C91298861AA540
:103F5000CB40833A6F123FDF483383000033C00207
:103F6000C342233D0AD700300002C3419C460040B3
:103F7000CC7018BF48348C105FA521A5E1420034F5
:103F8000C11204308081CA228C0F00BF00000031B2
:103F9000030201308000043380814830C002F41EE7
:103FA00043903C1D431012A6E41E4092E14105F6E9
:103FB000C34100BF00001E86483080000030C202AE
:103FC00001334000003203024830C00204338081D4
:103FD00019A605F6CB4700BF00000133C003C3425A
:103FE0001300485F4830C002C3412B3C40EB1DA684
:103FF00001827E1E5810608222827B1E1810A14012
:104000007A1ED810CA0A6FFD7C1E58101C864830D4
:1040100080000030C002003001020C7004310080CA
:10402000C4F63FD818B805F0C34000BF0000013106
:1040300000004830C00249200005482080001FA62B
:10404000C6C6E078E8C3A7C1084555204E086D18DC
:10405000030247DCC3423B4AC1BFC341DC44304E8C
:10406000C3407B3ED75E18BCC343A3420BD7CB47AC
:10407000D33E98DD55A534A50CA555250018C341A0
:1040800013007C6110DA9AA579A5F8A5AA0F2FE98B
:104090000C1E85114A2400718A211002F7A57FDFCA
:1040A000CB43513F18B7CB44983DC2B5C3434C3FB7
:1040B000CDCCC34283413B6CC340213DE061701EC7
:1040C00044102C7017BF281D8511481EC0128AA6E7
:1040D0007BA64BA5681E0010A82080031525401064
:1040E00080100000402410331520422002370010B9
:1040F000247100A28209600083C06209600083C04D
:104100004A2400715425001EA82000020410012436
:1041100002374110041850003E851F855D856A8670
:104120004A24C0705525101A41C142C080C10240C6
:10413000001C8030A8200002041102040733820012
:10414000041890004A24C07040250017351D431004
:10415000361D4310A8200001041811004A24C07025
:1041600040250014A8200001041811004A24C07042
:10417000A140ED70A820000104180900784D341DFD
:10418000C213060F2FFC2A1DC21302864086218609
:104190008A864A24C070C343513917B745C083C0CB
:1041A000E6A6E4A6361D4310351D431065A643C29E
:1041B000101C4030A82000020410010407344110F4
:1041C000041850204A24C0700C705525411B0BA6C2
:1041D000A8200001041911004A24C070A820000181
:1041E000041911004A24C0705525001DA8200001A3
:1041F000041811004A24C070A820000104181100FE
:104200008A211002E91D0310701E441000180300DB
:10421000C8C7E078E8C24A2480711040FC18010049
:10422000C3400000409C8D70C343A03F0000C342C8
:104230007A440000C341FA430000EC180020E8185B
:10424000002056200028CB451300B85FF818C02086
:10425000F4188020F0184020A82040023324411395
:1042600085714831810004185000C341204200008C
:10427000024040250E18461858208020040718DAFE
:10428000B60D2FE9C14102408020040DF84DAA0D62
:104290002FE918DA02408020050318DA9A0D2FE979
:1042A000C1414A24C07002407DD98020050917B958
:1042B000A8200001041850004A24C0700A21800F71
:1042C00074490024A8200001041850004A24807179
:1042D00081D917B9A820000104185000858566858A
:1042E00047854A24C0707DDE0241CB47C8410000AB
:1042F000CB431200804F05BE8021060B0018C0037F
:104300006A18D822691898236718D82066181823C5
:1043100068189820A8200001041911000A46C3401B
:10432000A24400808026091F8A230F0AC3421C452D
:10433000004000A16F181820C1407118D820DA0B76
:10434000EFEF7018982008D9EA0CEFEFC140542520
:104350000D1A8A2108000240A6082000A1422C70F4
:104360008BB902409A082000A1420E0820000240AA
:10437000C8C6E078E6C3A6C108478027091F0846DB
:10438000760CEFEFE1404A2480727FD9C140AD70D6
:104390004029C10580200B05C01F8312A01F4413B4
:1043A000C41E5810C31E5813C21E5813C11E5813E2
:1043B000A21F4213C61E58139A1F4213981F44137C
:1043C000801F4213A820000104181100CC1602100F
:1043D000D0160110D416001043C244C145C0402677
:1043E000021880C1C140C01E581340C541C5E6082F
:1043F0006FFE42C5A81F4213C6C7E078F0C3A6C12E
:104400004092CB4448470000084548320200073438
:104410008B10D340C84100000A220024C343833AD2
:104420006F123FDA48310000073413106A15001686
:10443000691501160D7018BA4830800048318100A6
:10444000484104330094CA22C522003200200032C1
:1044500041200030C0000031CB0004300082CA216E
:104460008C1F00BF0000013040025525911E04330F
:1044700000924830C002CB1D1810404004F6C340E3
:1044800000BF00007FDF17BF0737C9142641002592
:104490008E1F00001C034831810000324C20013384
:1044A0000110003100134831CC020030C100CA1D98
:1044B000181304310082CD1D581205F6C34200BF07
:1044C0000000EC150010013181008D704830800033
:1044D00000320020003100100030C2004831C0021C
:1044E0000432008314AEC5F63FD818B804F0C340B8
:1044F00000BF0000FC1501100132000048318100AE
:10450000003341204830C0020031C20015AE0432F1
:104510000083C5F63FD818B804F0C34000BF0000C0
:1045200071150C1601320B002C70483480100032CB
:104530000020C61D58100030C2004833C01204329B
:10454000408020B622AECE1D1810C5F63FD818B850
:1045500004F0C34000BF0000013200000032822F8F
:10456000CC3ECDCC4830C00204324080C81D18106B
:10457000C4F63FD818B805F0C34000BF00000132B0
:104580000100A1408020090F4831C1026A0AEFEF03
:10459000201E42104A248072A1402C7080200B05FE
:1045A000E01E4290A820000104181100184DE0DA26
:1045B0002241860A2FE9C01D1910A141802104075C
:1045C00080C018DA720A2FE94024143007308024A2
:1045D0004A2480714025111F0030800FC84200001E
:1045E0000730CE040436C093CA26C913A82000029F
:1045F000041400240036001004191020A141802169
:10460000040D80C018DA320A2FE980C74A2480716D
:10461000A82000020417001400360010041910200E
:10462000A1418021050380C018DA0E0A2FE980C756
:104630004A248071A82000020417001400360010DC
:1046400004191020C34148420000043240A0C34076
:1046500048410000CA224920043200A0CA22052095
:1046600007308124B4150010041D431000310000F0
:10467000B41D0010D0C7E078ECC3A4C11041552090
:10468000CD088A21050033A52FA52241C342F0425F
:104690000000C3431C460040D3401300306080211B
:1046A0000A0F081881000C184300C340A24500807F
:1046B000801D981042A565A50019030016421E43EF
:1046C000064583DF04A503A52240CB40A04300009C
:1046D0008A2706048A23031217BF8A260A00CB46BC
:1046E000000088138A210F1ACB44C84300008020A1
:1046F0000405041D0012001DC011741DC012FBA58D
:10470000581D8011D0A5281D401287A5841D981022
:10471000851DD810E609EFEA861D5810DA0BEFEA7E
:104720005621002D0A22402480220A2B40200125F8
:1047300010DA06092FE9424001854A2480777FDAA2
:10474000C3434040000017BA0A21800F9442000082
:1047500040210C24971DD810961D9810871D5810C5
:104760007A1D1810A8200001041C11100085C342F6
:10477000C8410000C343833A6F12483080000030C4
:1047800080003FDE0030C10018BE8C70C140043193
:104790000081CA208C0F00BF000001310000E785B6
:1047A0004830C0024920800248200001E6A500A44C
:1047B0000A8593853085483087000F8548348C10F2
:1047C00000379E00483080000030870000348010A1
:1047D00048318100003181000030CC001685003660
:1047E000CF300031DE003D85483080000037DF00EB
:1047F00000308000C1450437009148318100C94034
:10480000CA258C0F00BF0000043700B10030C7007C
:1048100000318000C146CA208C1F00BF0000043652
:1048200000B1C941CA268C0F00BF000004340091BA
:104830000030C000C943CA218C1F00BF00000437EC
:104840000081CA238C1F00BF000004300081CA26EB
:104850008C1F00BF0000013080034830C302483382
:10486000800007308000A71102267CA5811D9810CA
:104870000136823107304400A9110026A811012613
:10488000831D181001374011821D58100137013265
:104890004830C00209A54831C002013441120EA5BA
:1048A0004832C0020137C2020DA54831C0023B8523
:1048B00012A54832C00215A50031000110DA1AA570
:1048C00080C0760FEFE842415621812F120DEFF3A1
:1048D00080C087150016FAD90419432080218B2443
:1048E00000194420691D1810CCC7E078E8C20846BA
:1048F0008A0DEFFF55204D094A2480774026001489
:10490000A8200001041811004A24C0700A2780134F
:1049100080270A10A8200001041F11104A24C0702B
:104920005526801E4A210000A8200001041811000D
:104930004A24C07056264018A8200001041811000F
:1049400040854A248077C1405626031980204A0FAB
:104950000E702EAE2DAE3CA532A52FA52AA5241D86
:104960008110421D5910181D011520A8881D4010E6
:10497000001F8010A8200001041B1100D209EFEADB
:104980005626001D0087CB4713003060CC4F461DD4
:1049900018105626801D40DA451D1814441D1814A1
:1049A000960EEFE8431D1814C14080208A0F2C702A
:1049B000CA0CEFF60ADA20870187C342FA00FA0030
:1049C00080260B158F1D98108E1D18108D1D5810E8
:1049D000AC4F10DA620EEFE8C140C8C6E4C3A3C111
:1049E0004A24C0700A25001040200E0238184500E5
:1049F000A8200001041E1110402440302C7007DA5A
:104A00007A0CEFF63A1D03104A2440720C7180C1F3
:104A100062C061C0001C0230A82000020111C00465
:104A200048308000041E10104A24C0707C4D984D00
:104A3000A82080010411020404189000481D0310EE
:104A4000C4C7E0784A240071A82080011410020431
:104A500004199000E07EE078E4C208464A25001080
:104A6000AA0CEFFA0086A571F90D3491041E1010FE
:104A7000C4C6E078E4C208464A250010160EEFFAD4
:104A80000086A571F90D3491041E1010C4C6E0789B
:104A9000E07F00A131880DE918881B085100C34050
:104AA000A0004D7E0088147080D805F2E07EE07F83
:104AB0000C70E07FFFD8E07878884A24C070C3404B
:104AC000A00030ACA820C00140800D0AE0004C706E
:104AD00008E0E07E01806C700430808F7F4700FF2B
:104AE000CA226B000430C080CA208E0F803F0000B5
:104AF0005470CA202100E07F00A1E078E6C24A2479
:104B0000C070C343A000F0AB28476041A82040021A
:104B10001C110204090A0100E8190380E078588892
:104B20004A24C07054230008A820800120800B096B
:104B3000800008E0C6C6C1800436C093FCF3CB45B4
:104B4000F000490055D83E0C6FF740AD4837411290
:104B500048364012031D4410051D0410C6C6E078F7
:104B6000FAC2FC1CC8B6260AAFF4A9C1AA0D6FF49C
:104B7000184346C03B58CB47A00030AC0E700F70B6
:104B80006E70D347A000307E44C045C1341F00146E
:104B9000381F00143C1F0014401F001406C00C20D6
:104BA00000B0820226004028CE316376078614705A
:104BB00026F46E8E498E318E1816941004EB0D87F4
:104BC00004710DA778220C007921000004240C90B8
:104BD00004F20E8704710EA704E90F8704710FA772
:104BE00004EA1087047110A72F260525D670080245
:104BF0002C0052240010782301000B79F8012200C8
:104C00004E71C1401C1CC1301A09EFF3201C8034C6
:104C10004D8630161110AD702F21000504304083F1
:104C200042C1CAF74226012D2F7934735401060080
:104C3000104105F0D3417F4700FF50454A21003025
:104C400082C188C240240437E143E240181F431068
:104C50000C1C4034965A6E0CEFFB10441C1780203D
:104C60002F087E00181F031045870C170710081720
:104C700086100417051000178410908F27C303C1F6
:104C800022C041C22F220705F20FAFF640C48C2488
:104C90003FAD0CF40B87A5710031912F003F000050
:104CA000090865032F71ABA78240043140A5B920E4
:104CB0003F0DC5206B000520800489085180CB453D
:104CC000F0003400A10C322052D81909303052D8EB
:104CD000B20A4FF74E240020483141220CB52DB5C1
:104CE00007C16E092FFCE14003C54226002D0F7855
:104CF0001472C3407F4700FF07F70435009045F763
:104D00007FDD17BD43C5043500902C700C70CA20A0
:104D10006B000435409044161110CA258E1F803F49
:104D200000001470CA252110C1401609AFF5B0A6C5
:104D300023E8043140A35EF20C70043500906C004F
:104D40002C003C96B2E94E1682108A21BF0F0C77D8
:104D50008C22C38FCA204100381E45104E1E0210FF
:104D6000FFD82AF01E0A4FF74E2400204831412276
:104D70000CB52DB53FF02C715A0BAFF3C1403AF092
:104D8000398E25097F016C70C3414844000004310D
:104D900040A0CA2369005021FEA731F27470CA21D5
:104DA00042202EF02E704BF1043500900FF70FE9E2
:104DB0001CB60C70E2084FF404C314140430004213
:104DC0002C73AC70AA0E6FF7C140C3407F43000044
:104DD00004350090CA2045034830400204C314142F
:104DE00004300F7A782205002C72860E6FF7C140CE
:104DF000B1A66671A905EFFF07713041D345C83FE1
:104E0000000004324085CA258920043040856F2186
:104E10000B000430408405F6E0B9BE7010414E70BE
:104E20000EF1490B30202E7106C01BE818DE40DD64
:104E30003323803317085200302341335021FE873B
:104E400005F26E09E0000F780AE806C006715525E4
:104E50000D18E10824A055260E1803F02E70C3404B
:104E6000A0004D7E001842040C870B08C504301FBB
:104E7000C014920ECFFBA9C004141B34DAC6E0782C
:104E8000F1C0360BAFE80C71C341120084FD0A0873
:104E90006FF70C72C3411200C8FD92086FF70C72D5
:104EA0002609C000D1C0E07E0430808F7F4700FF1C
:104EB0002C704C70CA226B0004304080CA208E0FC8
:104EC000803F00005470E07FCA202100E6C30845FF
:104ED0000380008027801F09F000A3C173095101DE
:104EE0004880248261920081238282BB61B240C0EB
:104EF0000AF0288022895D097F0080C14480407AC1
:104F0000004127E804854024C33240240431C08096
:104F10001185E486F20D6FFB42870B148030110877
:104F2000510000C0238601A76079C1400185078038
:104F30000B20808F000818000BF2048501C101804E
:104F40006480428320A200C14380607A21A3C6C747
:104F50003A0A8FF6C6C7E078E2C21180AE0E6FFB48
:104F6000884500A5C2C6E07811806D076FFB2F79D8
:104F7000E2C21180B60F6FFB884500A5C2C6E0787B
:104F8000AD00AFFB1180E07865046FFB1180E07825
:104F90005504AFFB1180E0783506AFFB1180E07857
:104FA000FAC2FC1CC8B6A1C1CB46A000906E0A860E
:104FB0000A8014705E0162008A20FC000B8680204B
:104FC0004E002088220CA001C1402A860B86C60E06
:104FD000E000301941000B8630D9ED70DF189803DE
:104FE0007018420080200E00E0A8B20F6FF6784ED5
:104FF000AD70D34613008C618FBDD3407F7FFFFF20
:10500000C3420000EFFF402407305626C12B40DB8F
:10501000CC75C140A1440A25000440C7001EC073DE
:10502000A00070902A0E60015047D3411300146411
:10503000402407305821C12A40DBCC75C140E242F0
:10504000A1440E0E60010A2500045821C12F4024FE
:10505000073040DBCC750A250004C140E242F20D66
:105060006001A144C3401300F07340C7760F6FF591
:105070001841C341A00068910C71B20A6FF3384324
:10508000562100283A0FAFF52C7140260025320F2B
:10509000AFF52C71D34513002068552500293E0A31
:1050A000E00110D9572501294024053040DA8A242F
:1050B0000108C140120AEFF5A143562501294024F9
:1050C000053040DA8A240108C140FE09EFF5A1430A
:1050D000422501294024053040DA8A240108C140D4
:1050E000E609EFF5A143D3431300B0714024053026
:1050F0004223012940DA8A240108C140CA09EFF598
:10510000A143D3421300846A402405305922012967
:1051100040DA8A240108C140AE09EFF5A143C60E6A
:105120006FF5552100395523813A020A6FF30C734C
:105130004026002F8A0EAFF52C715426002A820ECD
:10514000AFF52C715525802D9209E00110D9CB4780
:1051500013004C6F402405305727811D40DA8A2404
:105160000108C1406209EFF5A14340220129402412
:10517000053040DA8A240108C1404E09EFF5A14309
:10518000572701194024053040DA8A240108C1401C
:105190003609EFF5A1435821C13F4024053040DADC
:1051A0008A240108C1402209EFF5A14354220129B4
:1051B0004024053040DA8A240108C1400A09EFF58D
:1051C000A143220E6FF5542100395423813A5E0920
:1051D0006FF30C72D34413001C665824402FE20D69
:1051E000AFF52C714026002AD60DAFF52C71552550
:1051F000402BEA08E00110D954250129402405304C
:1052000040DA8A240108C140BE08EFF5A1435822C4
:10521000812D4024053040DA8A240108C140AA08C3
:10522000EFF5A1435425812D4024053040DA8A242E
:105230000108C1409208EFF5A143542301294024FD
:10524000053040DA8A240108C1407E08EFF5A14309
:105250005822412B4024053040DA8A240108C140FD
:105260006608EFF5A1437E0D6FF52240C341A00013
:105270008490560DE0000C762C71460DAFF5C240BF
:10528000582180293A0DAFF52C715824002E320D8B
:10529000AFF52C705527401B4208E00110D9552767
:1052A00000193A08E0012C705427801D2E08E001F7
:1052B0002C705825412B4024053040DA8A240108FF
:1052C000C1400608EFF5A1435723812D4024053046
:1052D00040DA8A240108C140EE0FAFF5A1435525FD
:1052E000C12F4024053040DA8A240108C140DA0F7A
:1052F000AFF5A143EE0C6FF555210029C341A00085
:105300001C91C60CE00009D85824802BB20CAFF5D4
:105310002C715721802BAA0CAFF52C715824402AF0
:105320009E0CAFF52C705823802DB20FA00110D920
:105330005823C02FA60FA0012C70592300299E0FBF
:10534000A0012C709E0C6FF554210029C341A000D0
:10535000D090760CE00007D858214028620CAFF5B9
:105360002C715721002E5A0CAFF52C715824C02CEB
:105370004E0CAFF52C7056270019620FA00110D902
:105380005527C01F560FA0012C705527801D4E0FAA
:10539000A0012C704024053040DA8A240108C14065
:1053A000A241260FAFF5A1434024053040DA8A24FC
:1053B0000108C1406241120FAFF5A1435822C12F2D
:1053C0004024053040DA8A240108C140FA0EAFF5C6
:1053D000A143120C6FF5582100395623C13EAA0E85
:1053E0002FF310D85521C02ED60BAFF52C705825B1
:1053F0000029EA0EA00110D9EA0B6FF557210039F8
:10540000C341A000E095760AE0000BD85524002A9D
:10541000AE0BAFF52C705521802DA60BAFF52C707F
:105420005825802DB60EA00110D95725812D402476
:1054300005304C706C708A2401088E0EAFF5C140A7
:1054400057230129402405304C706C708A240108D0
:10545000760EAFF5C1408E0B6FF557240029C3417E
:10546000A000A89A2A0BE0000DD859250028520B5D
:10547000AFF52C705524802C460BAFF52C705927B6
:1054800000195A0EA00110D9D3401300E86C552022
:10549000C02F4A0EA00140D94A0B6FF58240C3418C
:1054A000A000949D060BE0000ED85524C02D120BD1
:1054B000AFF52C705827C01F220EA0012C7056206B
:1054C00000291A0EA00110D91A0B6FF554240029D7
:1054D000C341A00024906A086FF329D85825C02E34
:1054E000DE0AAFF52C705823402BF20DA00110D925
:1054F000DB40A000266F0010003150D90420800F3F
:1055000000007FFF00180430D20DA00158230029AD
:10551000141000315827411B402405300420800F0F
:1055200000007FFF1418043040DA8A240108C140CB
:10553000960DAFF5A143562301294024053040DAEA
:105540008A240108C140820DAFF5A14340240530F3
:1055500040DA8A240108C14042416E0DAFF5A143F3
:105560005827811D402405304C706C708A24010836
:10557000560DAFF5C1405523C12F402405304C7066
:105580006C708A240108420DAFF5C140560A6FF5D0
:105590005521803D5623413BBE0E2FF312D8552492
:1055A000002F1E0AAFF52C70582700192E0DA001F0
:1055B00010D9320A6FF557210029C341A000B893D2
:1055C000B209E0000CD85524402BF609AFF52C7039
:1055D0005520802D060DA00110D955200029FE0C64
:1055E000A00140D95520402BF20CA00140D9402504
:1055F0000129402405304C706C708A240108CA0CC3
:10560000AFF5C14040230129402405304C706C7037
:105610008A240108B20CAFF5C140CA096FF55526BE
:10562000002AC341A000B094420D2FF315D8542690
:10563000802C8E09AFF5E2415522402B9E0CA00133
:1056400010D956220029960CA0012C705522802DCD
:105650008A0CA0012C70D345A000D66E0015002145
:105660002C70A2B8001D0420720CA0015522C02F7E
:10567000141500214220012940240530A2B8141D30
:10568000042040DA8A240108C1403E0CAFF5A14352
:10569000552301294024053040DA8A240108C140FD
:1056A000260CAFF5A1435722812D4024053040DA66
:1056B0008A240108C140120CAFF5A14326096FF5F9
:1056C000582400295523C13F4A08E00017D8542622
:1056D000002FEE08AFF5E2415820C02FFE0BA001CD
:1056E00010D959200029F60BA0012C705720012950
:1056F0004024053040DA8A240108C140CA0BAFF5C6
:10570000A1435423812D4024053040DA8A24010826
:10571000C140B60BAFF5A143582201294024053002
:1057200040DA8A240108C1409E0BAFF5A143B608B8
:105730006FF55526802EC341A0001098F20FA000EF
:1057400018D85526C0287A08AFF5E241582000291C
:105750008A0BA00110D95820802D820BA0012C703B
:105760005820402B760BA0012C70281500212C709E
:10577000A2B8281D0420660BA0015720802D5427B5
:1057800001194024053040DA8A240108C1403A0B4F
:10579000AFF5A1435821413B4024053040DA8A242B
:1057A0000108C140220BAFF5A14355220129402435
:1057B000053040DA8A240108C1400E0BAFF5A14341
:1057C00022086FF556268029C341A0000C90820F55
:1057D000A0002AD85821802EE60F6FF5E24158210B
:1057E000402DDE0F6FF5E2415821002CD20F6FF5EE
:1057F000E2412C70E60AA00102403C15002110D9BC
:105800000420800F00007FFF3C1D0420CE0AA00171
:105810004020002954200029C20AA00110D9542098
:10582000802DBA0AA00110D94A24C07055244229FB
:10583000A820C00204120004088021900421810FD6
:1058400000007FFF21B0AD708FBD422701194024B9
:10585000053040DA8A240108C1406E0AAFF5A14341
:105860005523412B4024053040DA8A240108C140E9
:10587000560AAFF5A143572201294024053040DAEA
:105880008A240108C140420AAFF5A14340240530F3
:1058900040DA8A240108C140E1412E0AAFF5A14354
:1058A0005523812D4024053040DA8A240108C14067
:1058B000160AAFF5A143422201294024053040DAFF
:1058C0008A240108C140020AAFF5A143CC4F40240D
:1058D000053040DA8A240108C140EE09AFF5A14342
:1058E0005821813D4024053040DA8A240108C14016
:1058F000D609AFF5A1435422812D4024053040DA6A
:105900008A240108C140C209AFF5A1435E0CEFF53E
:10591000C140877404141B34DAC6E078ECC3A7C115
:10592000838008470084A880021509114F21801048
:1059300001B50184C8800216081163864F208010CB
:1059400001B6028444850880001211000C100B007F
:105950000F0B30102385419082BA41B005F04024EE
:105960000B32081C013003844128881008804380D2
:10597000404506EA419082BA41B006F04024053124
:10598000041C013050878095A096019215083E00B6
:10599000442044105B099F10570C3100A0B801B29D
:1059A0004834021048350010073086000487498FBC
:1059B00080809140110AB40010141210A180C48597
:1059C000828603F083C408120720654211877E098E
:1059D000EFFB40C4041A40241E4160790240098F45
:1059E0000F08B400A140041E401423854079CCC7A1
:1059F000E8C263800041008361834880688310812E
:105A0000E19200120801A1904F278C1081B284828C
:105A1000C193001309010C130700438200141010F6
:105A20004F268B1022BE021BC402150D3E104426C9
:105A30004310390F9F109AEBA0BDA1B0A48148304C
:105A40000C104831001007300503A0851181E0419A
:105A50000A240004C485DA0BEFFB08160610238520
:105A6000A1406079041E0014C8C6E078E2C211802B
:105A70007A0DEFFB884500A5C2C6E07811801D06AF
:105A8000EFFB2F79E2C21180DA0EEFFB884500A50B
:105A9000C2C6E07821022FFC1180E0781903EFFBE9
:105AA0001180E07805032FFC1180E07869042FFC59
:105AB0001180E078E6C2A3C1238040818281E88220
:105AC000418123810217051148820C170B104F25C5
:105AD000830061B70212040168840C1209004F248C
:105AE0008C0081B2021307010C1308004F278C00B1
:105AF00081B388812487A194C081150DBF102C70BB
:105B0000238482BDA1B4208985213E009080A09786
:105B1000E093001206016194412C84001D0B3E00AD
:105B2000412F87000527020144250501C0BA05223F
:105B30007E8126F4A0BB61B44835051048370210B9
:105B400007324C014480118044244400483603004D
:105B500007334301A082442746002F2747002141F5
:105B6000E485C145428741C442C2614240C3A20D9F
:105B70002FFC01432385A1406079C1A7A3C0C6C6FD
:105B8000E2C21180E60E2FFC884500A5C2C6E0786F
:105B9000118005006FFC2F79E2C21180F2086FFCC2
:105BA000884500A5C2C6E07821076FFC1180E07827
:105BB000E5042FFC1180E0781500AFFC1180E0783F
:105BC000D900AFFC1180E078EAC2A080684750415C
:105BD0008A85CB850C84170871003040C140802035
:105BE0000E00301C01100018030081083E208026A2
:105BF0000E10008E0F08E503A140620F0001E0AE19
:105C000002F028EFF571E142CA226E000A2480708A
:105C1000402108242C706C708D70CD700A204004D7
:105C2000A820800418100B157571CA2601100BF2FC
:105C30007575CA23010007F2090BD110084403F05F
:105C4000218018E003EC218408F006EE218606F09E
:105C50000C77CAC602EB21830A2480704021002100
:105C6000A820000118185000A14002412242220A37
:105C70002001E143CAC6E0783E78E07E48880019FA
:105C8000050042223C80E07C83806C70A8200003E9
:105C900004140014088042880B0A9F010590057BBC
:105CA00060B1E078E07EE07854D90318C3000118B1
:105CB000030000180301E07F22A8E078FAC2FC1C70
:105CC000C8B6B9C1C380084744171910D14000862F
:105CD00086C528800191448182B801B103810012F8
:105CE0001B002C7045C086C092096FF614DA4A2456
:105CF000C07082C0A82040010843A0A00474081707
:105D0000891002C203C3CC704A20401040240436DC
:105D10004D08451204100C22088420903D09850F7F
:105D20000000F0FF219035099F008C948C2405958C
:105D30000AF28C2485960CF28C2405960DF484804E
:105D4000438008F084800C10040004F08480638099
:105D500082B921B0C084C4710571DCF19087001B49
:105D6000001142C2019419083E0043C316118B3042
:105D70002F2187019109E102A0B801B40487298F7E
:105D8000081016000410140080801016172010143C
:105D90001520101413101D09340191428480A38032
:105DA000914010141810101511101740364104F0CE
:105DB0008BC090C10817072008150620081305207E
:105DC00040C105C141C0820AAFFC2340041BC0266C
:105DD0005E4160794240041DC0269E416079824048
:105DE000041F8023DE416079C240098F1908340105
:105DF000A1400419802323854079041880331E4173
:105E000060790240B9C004141B34DAC6E2C21180C2
:105E1000720BAFFC884500A5C2C6E0781180ED0387
:105E2000AFFC2F79E2C21180560CAFFC884500A56B
:105E3000C2C6E078E6C0C380718008108B00AD71E7
:105E40004086E48B4882412F081185920019040393
:105E5000330DE5124C70041603120C9380203A0B9C
:105E60000F08F5010E783220820F13008078EB7A4C
:105E7000CB22018205F208830590057C80B1A571D3
:105E8000E8F1C6C45504AFFC1180E078FD00AFFC1A
:105E90001180E0786504AFFC1180E078F0C208451D
:105EA0000380918528460080548C041494109142FC
:105EB00068802193A4B98F0A300021B30915861098
:105EC0002C70CB400000FFFF4A2600304A2500001E
:105ED0005F09A5016D7044858D70274A02178910EE
:105EE0004B0C451242870A2480073022C2024882A6
:105EF00040920F0A20020A2740018C71EC70382270
:105F00001F02782142000527BEB00AF40F0E303080
:105F1000EC718C710A27400102F08C7065748571F8
:105F20000A2600310A25C001DCF12471D2F11B0DD3
:105F3000300040DAE493E141060C2FF6E3B3E0B61B
:105F40000BF0308503F0308543B3F60B2FF620912C
:105F50001085009000B6412C13212E704A2040205D
:105F6000088DA70825204C700385F0200004688068
:105F70002C90819380213A0B50240F111109F501C7
:105F8000E1B32E793221820F130080780B22008535
:105F900005F2308584BC81B32AF00B22C08424F240
:105FA00024858D700D7062814A21000002138B00E0
:105FB0001D09C50242832471826285744882409221
:105FC000D3720000FFFFCA206210F4F11F085010C6
:105FD000C3410000FFFF6A0B0FF6142600140018DF
:105FE000C50F0FF01512812074E93085520B2FF682
:105FF00020911085142601142671009000B1161A04
:1060000042240671AEF1D0C65903AFFC1180E0788E
:10601000ECC3A8C1084501804385ED70CD70278091
:106020000B21808F2000010002F2C1821709BE00FF
:1060300000820421810F2200000052217E8403F29D
:10604000E28227801D09D000670951010880219054
:1060500044800C10120082B921B0208240C10BF0A4
:106060002880228937097F0080C14480407A10420D
:106070001FE82E700E7026EE088621904509BF009D
:106080000E7047862D0AD000270A710182B944801C
:1060900021B02082038043C110F0F2080FF605EE14
:1060A000EA082FF6C14005EFE2082FF6E140CCC721
:1060B000448683C1607AC1400010900085203E2054
:1060C00019EF488721922F099F0007871708D000F2
:1060D000DF08718182B9648221B20382208342C1C8
:1060E00005F0448782C1607AE1400010910085216B
:1060F0003E2001851E8815087F0040240434048555
:10610000C080E4860817041011852F2207042F236E
:1061100047044024C531260EAFFC424101851E884C
:106120008F085F800714C0308708138000C001A764
:1061300023866079C140CCC7E2C21180C208EFFC5F
:10614000884500A5C2C6E07811808501EFFC2F7953
:10615000E2C21180F609EFFC884500A5C2C6E078CE
:10616000ED02EFFC1180E0789D04AFFC1180E07837
:10617000E102EFFC1180E0787905EFFC1180E07816
:10618000C341A000906E498120A0007A5E78E07E35
:10619000E8C25040284708450FEA2C704A264010B4
:1061A00006ED048520487E0CEFF5E141CF79C571FD
:1061B000F1092484E5740C70C8C6E078E8C2284769
:1061C000504008452C708A220600B20C2FF6E140A0
:1061D0001F0830202C70CD7106ED04852048DA0BA5
:1061E000EFF5E141CF79C571F1092484E574C8C6A2
:1061F000ECC3A5C1084701804387AD703E880B09F9
:106200003F000082A18227801909D0005B0951015B
:1062100028804191648182BA41B1208340C106F057
:106220002880228937095F004480607A80C110424B
:106230001BE801874C708780570C3F146C710785F1
:106240002908710182C1288501914708BF0082B8E1
:10625000438101B16C7040821BF0320FCFF505ED28
:106260002A0FEFF5A140CCC7658500C2607BA14035
:106270008D714C7007E827850F09F1006C70408024
:1062800004F06C7102F08D706FEC018787800487D9
:106290004B240096A080C48508F221803040101164
:1062A00011000811052004F04024053208160410DE
:1062B00011874024C631C60DAFFD4241071480301E
:1062C0008B20428006F200C001A623856079A140A0
:1062D00001871C884B200086C7F300C004190020EA
:1062E0001E4160790240CCC7E2C21180B208EFFDC6
:1062F000884500A5C2C6E07811800502EFFD2F7920
:10630000E2C21180C60AEFFD884500A5C2C6E0784A
:106310003D04EFFD1180E0785103AFFD1180E0787E
:1063200075022FFE1180E078AD042FFE1180E07819
:10633000EAC3A4C1238008460181A0814880288542
:1063400087806192E191230CF010442311015B0CD2
:1063500051115709312082BB04820C12100061B226
:10636000008040C008F0390B7F0080C14480407A33
:1063700010401BE807853508F00081C12B0871012A
:1063800022BF4427439019F408856C7044808190A3
:106390002380408282BC81B041C217F0EE0DCFF560
:1063A000EA0DEFF5A140CAC7658500C2607BA14038
:1063B00008E8004107F06F20430083C141C005F0A9
:1063C00083C1782003005086019211083E00052306
:1063D0007E84EBF5A0B801B204860014043040249A
:1063E000C6320242A0801186E485B6092FFD081747
:1063F00005100B14C030B308138000C0238501A71B
:106400006079A140CAC7E078E2C21180F20B2FFD8B
:10641000884500A5C2C6E078118041052FFD2F797F
:10642000E2C211809E0D2FFD884500A5C2C6E0780E
:10643000AD056FFD1180E0781907EFFC1180E07861
:106440003D066FFD1180E07871076FFD1180E078E7
:10645000E2C22908B1004C73CB45A000587E2185CB
:10646000C340A000886E0080247121A52C71D20A3F
:106470006FF86C70001D4310C2C6E078F0C3A9C16C
:10648000638020832881419182BA41B14183A882EF
:10649000E195C4854F27821041B581804385A48151
:1064A00023819E8C0016141000151110190C3F103A
:1064B000F14362838883A1940D0DBF1082BD638474
:1064C000A1B40BF08D70CB457F43000080C342C464
:1064D00041C440C443C58480118040240435402415
:1064E000C734C284A0840414121010161010E4855E
:1064F00008100620B20D2FFE08170510041F4014C7
:106500000418402423856079A140170BBF2085C162
:1065100042406A0EA00082425E41607942401314FC
:10652000803003E8D0C723866079C140D0C7E078C7
:10653000E2C21180120E2FFE884500A5C2C6E07887
:1065400011806D062FFE2F79E2C211809A0F2FFE67
:10655000884500A5C2C6E07825078FFFF9072FFE02
:106560001180E078B5042FFE1180E07801006FFE05
:106570001180E07815020000D1016FFE1180E078F3
:10658000F0C3A9C1638020838881219482B921B49A
:1065900021834881E192C4824F27811021B221805A
:1065A000A484438200161410278100151110F143B2
:1065B00004218B0F22000000238452237E940BF2CF
:1065C00062838883A1940F0DBF1082BD6384A1B440
:1065D0000AF08D70CB457F43000080C342C441C4A4
:1065E00040C443C584801180402404354024C7340E
:1065F000C284A0840414121010161010E485081030
:106600000620A60C2FFE08170510041F40140418BE
:10661000402423856079A140150BBF2085C14240ED
:106620005A0DA00082425E416079424013148030CE
:1066300002E8D0C723866079C140D0C7E2C211808A
:10664000060D2FFE884500A5C2C6E07811806105C1
:106650002FFE2F79E2C211808E0E2FFE884500A5F5
:10666000C2C6E07819068FFFED062FFE1180E07894
:10667000A9032FFE1180E078F5062FFE1180E07847
:1066800009010000C5006FFE1180E078F0C3A9C1C8
:10669000438020828881219482B921B4218268813B
:1066A000E193C4834F27811021B322824383648402
:1066B00000161410A8812384001311008195110C79
:1066C000BF10F143638582BC81B50BF08D70CB4563
:1066D0007F43000080C342C441C440C443C584809A
:1066E0001180402404354024C734C284A08404149B
:1066F000121010161010E48508100620AA0B2FFEA9
:1067000008170510041F40140418402423856079DD
:10671000A140170BBF2085C14240620CA0008242FD
:106720005E41607942401314803003E8D0C723866D
:106730006079C140D0C7E078E2C211800A0C2FFE18
:10674000884500A5C2C6E078118065042FFE2F7928
:10675000E2C21180920D2FFE884500A5C2C6E078E6
:106760001D058FFFF1052FFE1180E078AD022FFE91
:106770001180E078F9052FFE1180E0780D0000000F
:10678000C9072FFE1180E078E6C2084750870380D2
:106790002845C0920080AA0BEFF5C1410387C14193
:1067A000C0B59E0BEFF50180C1B5C6C64128C1003A
:1067B000442101073021810FA000B8CB012900003E
:1067C000E07FC0B8C341A000B8CB018140816281A5
:1067D00005208C0FFFF900000522820FFF0F00FC3F
:1067E0000523800F0070F97881A140A1E07F02A10C
:1067F0008C200288E020C5074128C1004421010700
:106800000021820FA000B8CB2082C4B80F21000065
:10681000E07F00A269048FFFE6C2D18008451080A6
:106820002847448E2F0A7100009095E803852C704C
:106830000E0BEFF500800385C3410000FFFF001F32
:106840000510FE0AEFF501801085021FC51F448E5A
:10685000009094E8250A91000385C3410000FFFFE2
:10686000DE0AEFF5008003852C70001FC51FD20AD9
:10687000EFF50180021F0510C6C6E078FAC2FC1CC5
:10688000C8B6EC1C08B1A08000C000121300CB47B2
:106890007F4700FF2C1519100080584330440F70BB
:1068A000D342103AE02D2E7044C00C70F147F145F0
:1068B00043C341C0081C0030DD09E52416244E24E2
:1068C0000086D1083000EAE019F2E8E030F41D8DCE
:1068D000C1083E0068D8218642C00431C0833045DB
:1068E00055F2043580A48A203F2D97F7043580AFF8
:1068F00048420000D9F6430300001D8D95083E0074
:106900006AD8218641C00431C083304741F2043740
:1069100080A48A203F2D22030500043780AF48421F
:10692000000016030900041E001634F0018604302E
:10693000008660000C000430808F7F4700EF540019
:106940000D00D340C83F0000073000041E0D6FF259
:1069500010464830400229682B7808F4483000007F
:10696000043600A00FF416F04A2400714A2080007B
:10697000A8208001052902000C784579016948307A
:1069800000000030000401A604F0F14502F0F147D8
:10699000267194F1234380230E01008B2DE802859C
:1069A0002088284327E9C180ED70CB440000FFFF19
:1069B000E04E20903909D1022888508042213C8045
:1069C00080B20BF20C100200A820C00104120104D6
:1069D000288184B183B1298842213C8008F2048057
:1069E000A820800104100104248180B1E571C50F45
:1069F000C492001B0206234380234E01008BAF0884
:106A0000100002852088A309300028438180CD70C2
:106A10000A22800F0000FFFFC04C2090390991032B
:106A20002888F08042213C8040B70BF20C100F0008
:106A3000A820C00104170114288144B143B129885A
:106A400042213C8008F20480A82080010410010447
:106A5000248140B1C571C50EC492CD700A22800F49
:106A60000000FFFFC04C2090390951032888F080B6
:106A700042213C8040B70BF20C100F00A820C0014F
:106A800004170114288144B143B1298842213C8074
:106A900008F20480A820800104100104248140B180
:106AA000C571C50EC492001B020680218E310011F3
:106AB00080302DE80285C08827EE8180ED70C343C9
:106AC0000000FFFFE04C2090390911032888508016
:106AD00042213C8060B20BF20C100200A820C001E1
:106AE00004120104288164B163B1298842213C80E9
:106AF00008F20480A820800104100104248160B100
:106B0000E571C50F84930019023603C300140430E5
:106B1000A1408241BA0D6FF56342E908310010408F
:106B20000785E1081E0202C019E80285020DAFF4D4
:106B30001FD9043580AF7F4700EF11F70FE8308091
:106B40002091483101000035412007364270484706
:106B500000003180483240021FA101C01AE80285BE
:106B6000CE0CAFF41FD9043780AF7F4700EF12F788
:106B700010E830802091483101000037412007366D
:106B800042704847000031804832400284190000BA
:106B9000CD708A4767406D0E051008170014EAE0B3
:106BA00011F2E8E02AF48E400430808F7F4700FF26
:106BB00024F202857A0CAFF41FD9318010803F8116
:106BC0000FF08E400430808F7F4700FF16F2028561
:106BD0005E0CAFF41FD93180108084110100009049
:106BE0004831010048300000003040000736007096
:106BF00048470000041C002040241422C571CCF139
:106C00004A856C704A240010301A41002C1A000684
:106C100004C18F782308450003C11621000020809D
:106C200009E901800430808F7F4700EF03F764712A
:106C30006BA28571EEF10240A5C004141B34DAC6C4
:106C4000F2C382240C3F2845228908468A223E2727
:106C50008C21838F18F44A24C073C94780278E1073
:106C60000C702E714A214000A820C00181C21A6216
:106C7000047120AA2471038D08E88A22FE261108D7
:106C8000340461C04240D2C74A21C023D1435426B4
:106C900014195426951B4E700E710C708023072D0D
:106CA000001C0131E10924A42F2607F0ECF581C076
:106CB00004773220000404778EE024010D002520A3
:106CC000000010F019F028F032F046F04AF050F0D1
:106CD00054F05BF060F067F06BF071F075F07BF0F2
:106CE00080C15624423D260B2000A1405624413D40
:106CF00014DA824019F080C10024823F0000940120
:106D00008E0B2000A1400024813F0000940114DA82
:106D1000A2400BF080C185C26E0C2000A14085C14D
:106D20008A2206006240120BCFE75AF080C100248D
:106D3000823F0000BC01760E2000A1407016821038
:106D40000024813F0000BC014A0CAFFFDF16001693
:106D5000104246F080C1F20E2000A1400AA640F089
:106D600080C1E60E2000A1400BA63AF080C1DA0EE9
:106D70002000A1400CA634F080C1CE0E2000A1401E
:106D8000DD1E18102CF080C1BE0E2000A140DE1EBA
:106D9000181026F080C1FE086000A140FF1F02907D
:106DA0001EF080C1EE086000A14000AF18F080C165
:106DB000E2086000A14001AF12F080C1D608600077
:106DC000A14002AF0CF080C1CA086000A14003AF2F
:106DD00006F080C1BE086000A14004AF5670782262
:106DE00001200C71C020612026785EF16D706C71FD
:106DF000CB4480BF00002C7015204100408104323C
:106E0000C08244F780A106F0C4F65024C21740A106
:106E100074706C702C71F2F5E07EE078F1C0004186
:106E200014730C7707F7F026417013001C9103E9E7
:106E30004079D1C0E07EE078E6C3A5C168456083B3
:106E4000284714E3310AE400004180C014DAEA095B
:106E5000EFE780C64A2400754A200000A8204002BF
:106E600020850116821419610471F96140A9008519
:106E700014E000A5C6C7E078E4C2084620402845D3
:106E80004A0F2FFE00190100C0A5A140C4C6E0783A
:106E9000E4C2084570180300542000092C70DE0F6E
:106EA000AFF514DA4A2440715425801BA820000154
:106EB00004181100A1408020070D2C70BE0FAFF503
:106EC0008A2206004A2440714025001DA8200001A6
:106ED000041811008A2401785425801E4A260010C7
:106EE000A820000104181100A14096086FFEDF1DC4
:106EF00098134A244071A140A8204001C1A008185D
:106F00001100A14080200E0000180300A140C4C65B
:106F1000E6C20847CD7020402845660E6FFEC0A12E
:106F2000D6A53C1D8213E0A5A140C6C6E4C2084612
:106F300020402845EE0F6FFE00190100A140E60F2A
:106F40006FFE581D0110C0A5A140C4C6C342130066
:106F50009C5F00A16182828200820419430016199D
:106F600043001419050063A184A102A1E07F204021
:106F7000E4C2084678492845C60EAFFA0019010058
:106F8000C608AFFEA140C0A5A140C4C6E4C20846E1
:106F900020402845041903005609EFFE001901009E
:106FA000C0A5A140C4C6E078E4C2084620402845F8
:106FB00004190300620AAFFE00190100C0A5A14038
:106FC000C4C6E078E4C208460C703819020004A96F
:106FD00000A120400A0AEFFE2845C0A5A140C4C672
:106FE0004A24C070A820000440802C7004324080E5
:106FF00045F7C34180BF000004F0C5F67FD917B93B
:1070000020A00474E07EE078E2C22845208140435D
:1070100014DA1961DA0DAFF56040008514E000A5BF
:10702000C2C6E078E6C3A5C168456083284714E37B
:10703000310AE400004180C014DAFE0FAFE780C6D9
:107040004A2400754A200000A8204002208501162D
:10705000821419610471F96140A9008514E000A54A
:10706000C6C7E0788D048FF8F1C00041018084200C
:10707000030C1308300890E00C7008F400819B5A50
:1070800004F01A0DAFF80081D1C0E07EE2C22845BD
:107090002081404314DA1961560DAFF56040008538
:1070A00014E000A5C2C6E078E6C382240630684535
:1070B000608328475623030C330AE400004180C054
:1070C0008A220600720FAFE780C68A2406700C7011
:1070D000A820400220850116821419610471F9610B
:1070E00040A900855620000C00A5C6C7E2C208458D
:1070F00004716E0AAFF20F7810D9A1400C58C3404A
:10710000A0008C7E2080C340120050B809092000E6
:10711000B571C2C660D8CA202106B570CA20A101C7
:107120000F58C2C6E6C2484528467A0BEFF2084718
:1071300014700C7026F28CD85F270117EA78302182
:10714000820FA000A84D3020800FA000104A507080
:107150000C71D8F780852D0C85105F27011F302119
:10716000830FA000CC4C99620AE11909E5006C2458
:10717000411040865961001901002085247420A522
:10718000C6C6E078E2C22845208140438A22060034
:1071900019615E0CAFF5604000855620000C00A51B
:1071A000C2C6E078E6C3822406306845608328477B
:1071B0005623030C330AE400004180C08A220600F3
:1071C000760EAFE780C68A2406700C70A8204002B5
:1071D00020850116821419610471F96140A90085A6
:1071E0005620000C00A5C6C7E2C0084414701CD885
:1071F0002AF22AE96091E1D84D0B810F00002B663D
:107200007681B684410B4103A1940D0DDE11390B3B
:10721000340470BB80233E012D0B84004191290A68
:10722000410362944291210AC10063944391190A77
:10723000C10078845881110AC10059843981090933
:1072400081000C70C2C4E078E2C2084514701CD8FA
:107250001AF220953109810F00002B665E8578D9DE
:107260004E0C2FEBA14014701DD80EF21B855685D5
:107270000AB81072E1D808F7388580223E09090A59
:1072800044000C70C2C6E078E8C2CB451200004052
:107290002D0D811F120000402C70ED711769002028
:1072A0008E0FA000E05E00963508800F00002B6670
:1072B0000169ED08B4802C71CD7012F03825811F62
:1072C000200000703825801F2000002025780F083E
:1072D0007100CD70CB461200843FED706E0FEFFF52
:1072E000C140C3081100C34113008486B249FE0E99
:1072F000EFFFC140AF0811000A0900004E0FEFFF79
:107300000845A308110001962D085E009708BE00ED
:1073100016D816852C774128BC800AF25425801F88
:10732000A82080010410020406398100178577081F
:10733000610013D87C150B10002340135420810FDB
:10734000A140AA0EEFFF6142ADE85425821F5423ED
:10735000831FC140920CAFF8A1411040001600708D
:10736000A000D85E2C70160BAFF580DADE08200185
:10737000A14099E816EF368516861670C2212204C0
:10738000386000208E0F12007C4002260D70EDFF49
:1073900085BFA20F0FEE1A652C70E20AAFF5C1404F
:1073A000C8C6EE0D2FED2C71E2C228452081404366
:1073B0008A22060019613A0AAFF56040008556201E
:1073C000000C00A5C2C6E07880838574290A2403D6
:1073D000A1C14A2400714C70001C0030A82040025A
:1073E000008380C44C6458604471386080A8008376
:1073F000047400A3E07F877469016FF3C0D8E0785C
:10740000C3401300F08FE07EE2C2A20A6FF308458A
:107410008C25839F0CF28C25839E12F28C25C39EB3
:107420000CF28C25439E0FF40C730BF0A60AAFE907
:107430000C73A20AAFE90C720C7103F00C72960A7D
:107440008FE9C2C6E4C040815860846A438861887D
:10745000C288A08808BA08BBC57A0523400310BAC1
:10746000457880A1C4C4E078E1C5A083816D110A8C
:107470002403B96100A90083047100A3C2C4E078A9
:1074800042223C80E07C40214306A82000030713F1
:1074900001000D090100208B87B920AB552303089B
:1074A000E07EE0781470E07C398887B939A80080E4
:1074B000FCE8E07EE8C3A1C1C341A000987E00893A
:1074C00004E800190300915A8A20422CCB47F000AF
:1074D0004B00CB460000FC7F0C70C3410000FFFF57
:1074E00080C2A20CEFF76C7700C078E8AD705AD973
:1074F000001F0214AB21080E0EF00B09500005E925
:1075000016F0605806E8C340A000907E00804078E6
:1075100000C00EF019086E03AF794A69DF0A55837F
:10752000C4789A5A00C1D278247840C0A571AD0DB4
:107530001594F2E8D2F1E078F1C004770F7804E90D
:10754000215803F01D58D1C0E07EE078F1C02F7BB8
:107550008CD86A780020800FA000254A2F27BF0012
:107560006F233F006F263F0420880018C30F2F268B
:10757000BF008C21C38F07F2F026C0701300AC78D7
:107580008C58D1C0E07EE078E2C24D08D101C34002
:10759000F0005B00A0882088E078FD0D4190C3409A
:1075A000A000B2412088350D4010A0A84A092FE75D
:1075B000A140AA0D2FEDA140CB45F0004700CA0A1B
:1075C0002FE7008D0BE8008D00160170A000947E5F
:1075D000407907F0BA0B8FF3C2C60C700F58C34046
:1075E000A000A04220882F27FF006F233F00C34246
:1075F000F000500200821020400000A22F26FF0061
:10760000C2C6E078E07F00A1408102A15470E07C16
:107610002181007AE2C3A3C108B88FB897B8884522
:10762000FFDCC3441300303F40240532CC7098B8CF
:1076300042C4BA08EFF340C52608AFF882C1C2C7FA
:10764000E2C3A3C108B897B88845FFDCC344130060
:10765000303F40240532CC7098B842C48E08EFF316
:1076600040C5FE0F6FF882C1C2C7E07808444C7075
:107670004A20000049643470C02261007821030070
:107680007A22810BCA2062002B7BF6F5E07EE0783F
:10769000408148604471E07F40A1E078E6C3AAC120
:1076A00068456083284728E3310AE400004180C030
:1076B00028DA8609AFE780C64A24007A4A2000000B
:1076C000A820400220850116821419610471F96115
:1076D00040A9008528E000A5C6C7E078E2C2C34201
:1076E000A000AE4AFFD8CB44A000224AC341A0006C
:1076F0003A4BF5DDFBDB03AA03AC03A9A0AC60AAFF
:10770000960AEFF360A9C341A00004420019800F5C
:107710001300B43EC2C6E078F1C000160270A000AB
:10772000687FC3401300E03DC3411300BC786C7018
:10773000C345A100F005C346A0007CD386086FF9BD
:107740008A248200001E0070A0009C7ED1C0E07ED2
:10775000E4C2C340F0003E00208881B920A8001692
:107760008070F0000C011B083E01AD70CE090FEBDC
:10777000084529680C7097B81071CA250610B60B19
:107780000FEE9E0B2FEE08460041A142CE0DEFF802
:10779000C14042094FF70C70C4C6E078E4C3A2C1EF
:1077A000CB45A000D8D10C71D60AAFF79C4D00167E
:1077B0000270A000707FCB46A0007C7E00A65425FE
:1077C000861AC34013003858C341130096786C7072
:1077D000C345A000F0FBEE0F2FF98A24C20001A6DA
:1077E0004A260010C34069724E5640C074D8041C2B
:1077F00004306A4E60C054D8CC78F0268273A00062
:10780000747FF0268573A000807F5525811A0020A3
:107810004600626E4E26C411C3401300B45DA60F2D
:107820002FF980C115258113C571BD0EF49000A1FB
:10783000C4C7E078F2C27042504530430846CB4797
:10784000F000340097D834700601210017AF2E7075
:107850008A24032032401A200D25DD653215C1101F
:1078600029093200532100012108750625B9532149
:107870004200D20A2FF4A141321581100C71C3428B
:10788000F0006002387800A208858420030CA0E094
:10789000560022008D712E1580102F158210002C9D
:1078A00001102F27FF006F233F00C340F00040026C
:1078B000110A10004580267A45A02F26FF0007F008
:1078C0004580457925A02F26FF002E158210587C73
:1078D00086A02F27FF006F233F0024801021810006
:1078E00024A02F26FF0006710C20C0A46A07C5FF44
:1078F0006F26FF0598D8AD7017AF5AD90C70AB2121
:10790000080EAA1E0210AD1E0210AF1E02104E0A73
:10791000EFF3C1402508B400084300868A0BEFFF4F
:10792000071E4310C140A2415A0BEFFF4242188E7E
:107930000A21C02216AF07F0321680102A08AFF2D3
:10794000C4B8A571B70DE49455260E1C06F06F2639
:10795000FF0598D82E7017AF99D8350A302017AF89
:10796000CD70B76EA275A140720BEFF33A1D0510F2
:107970001708B4000042A1402E0BEFFF071D431073
:10798000188D504116AFC571DB0E84949AD85AD920
:1079900017AF2F204704AB21080ED2C6E2C22845FC
:1079A0002081404328DA1961460C6FF5604000855C
:1079B00028E000A5C2C6E078488123920B08440065
:1079C000249209210100E07F2040E078F6C3A3C1A2
:1079D00050473044C60E2FF40845D3420000FFFF45
:1079E0008F08A00410410E70D3450000EFFF402423
:1079F00016304A47088D4D082520F07E0385F0207B
:107A00000E0407860B08F100C140820F0FF5170D19
:107A100064240A2380242240C14123200005E2423D
:107A20001043C1401A096FF5624114260024001862
:107A3000C404F078360D2FF4624108470671DCF17A
:107A40001085850DA423E0B0478505EA80C1607AE2
:107A5000A140698505EB80C2C141607BA1402E0D2C
:107A60002FF4A1401085219080B921B02CF0088D11
:107A700011E8ED70402410304A2600100385E060C4
:107A800023804079088DC5710218D52FF10E2490FE
:107A9000E574698510850018840406EB80C24241B4
:107AA000607BA140098D10E8CD70ED700485C34165
:107AB0000000FFFFB20F6FF4C060098DE571F10F98
:107AC0002490C574D6C7E078F1C08881628C0F0B12
:107AD0009E016594647A170AC100C3420000FFFF4B
:107AE0001908800087E8439408F0C3420000FFFFB4
:107AF00004F0CA0ECFFF0042D1C0E07F5078E0789A
:107B0000E2C28881A1940F0D9E116594647A1B0ACC
:107B1000C100C3420000FFFF1D08800003E8130DF1
:107B20001F11449408F0C3420000FFFF04F08E0EC2
:107B3000CFFF00425078C2C6F1C08881628C0F0B23
:107B40009E016594647A170AC100C3420000FFFFDA
:107B50001908800087E8449408F0C3420000FFFF42
:107B600004F05A0ECFFF0042D1C0E07F5078E07899
:107B70000A80E07F0A80E078E6C064808D7041A3CF
:107B8000088B2D0C0510038B10E81A240D104C7077
:107B9000C68347494471B57E00860137001000A6B0
:107BA000038BF10A2480A5718571ECF1C6C4E078DD
:107BB000E6C2C48008450096B708850F0000F0FFB4
:107BC00091083000A140CA0900000C1608101C16CC
:107BD00009106D704A220000028D750B0510028598
:107BE000F020C10208818090610C801F0000FFFF1F
:107BF00004854F7B0090052C0C100C701508E500D7
:107C00001421CF10F4210610290C80110471F8F111
:107C10000020C01240A8038E80B744711F20CC0002
:107C2000E48608812586757FE4A0957923A00EF06F
:107C30000020C31200AB838E6486E5860C7C28810D
:107C4000157B957F64A1E3A16571C8F148AE13F07F
:107C5000028D42203C800FF2448665860815011093
:107C6000A820C00104110004088044A063A0081EDD
:107C700003100C70C6C6E078EAC224800845009163
:107C8000DB083000CD700C111100E8811C110800D8
:107C90004A22000008899B0A250014278B10F4272C
:107CA00080100471001B0410F42083101078410828
:107CB000C100638917EB2D7006814C7BF420861080
:107CC0000021CC1080484836030025710730C300DE
:107CD0000581957860A006819578C0A06389DD094B
:107CE000C49004816181001B84131FF03F0B94003A
:107CF0002411800037085100038913E84A2100103D
:107D000086814C7865812170044C157B257180A398
:107D10006681157B001B01000389E9090490048139
:107D20006181001B0510557860A04471B4F10E709C
:107D300024198203028D4B08052001118024F427A9
:107D400000108AE80285C0602880228909091E0087
:107D5000E2094FF4C5740671EEF1228D11E9CD7080
:107D60004A2700100285C0604880428A0B0A1E0024
:107D7000C2094FF4228DE571ED0F6490C574CAC637
:107D80000480658060A10480E07F00A2E4C2C4801A
:107D9000084542882C700386241E4310081E0310D9
:107DA000DA086FF5041E0110228D04865269CE0890
:107DB0006FF52C70228D038E0A7905865269BE08F4
:107DC0006FF52C70228D038E0A7906865269AE08F3
:107DD0006FF52C70228D07863B7AA2086FF52C7008
:107DE000228D08863B7A96086FF52C70C4C6E07821
:107DF000E4C2A48022880846048552697E086FF593
:107E00002C70228E08853B7A72086FF52C70228EBA
:107E1000038D0A790685526962086FF52C70C4C615
:107E200044802288041A010005823B7A4D006FF5D8
:107E30002C70E078F1C021800D09500086E9E60F32
:107E4000CFFF04F0AE0FCFFFD1C0E07EEEC2E84717
:107E5000CB80A0870A8070436091B47815265013B8
:107E60000418C50F204040410A2140210A22002168
:107E70004E096FF43418C020B47E016D5C184024A4
:107E8000521E8414481EC41400A7CEC6F8C3AAC14B
:107E90008A800845704591430A84504638401474DE
:107EA0008A20FC00EEF42C15141085C0FFD914DADA
:107EB000CA0F2FF54024173580C02C70BE0F2FF548
:107EC00014DAB6700E702D7098F2181591102D708E
:107ED0000D70CA474A22002042213CA088F2238527
:107EE00068974C70A8204002404900900D0B20007C
:107EF00015278B2044717CF065401477B9F4D37258
:107F00000000FEFFE8002D00142380200290E1080D
:107F1000800F0000FFFF138F14715A012D000C77A2
:107F200015240022778012179F102C704833C4024A
:107F3000EC7048334E0260462F2506012F2605318E
:107F40008B0FE50780C403878C68957618012D0098
:107F50008A20BF0F62872520000308F012F019F075
:107F60001BF023F024F02CF0236304338081F8000D
:107F700029005223C3070436C0804C00060074F069
:107F80002363E50CE200737B3D0CC3006CF02363BC
:107F9000350EC51068F035234300CD0DE200737B2C
:107FA000250DC30060F03463D07B0CF03323430015
:107FB000B50EE230737B110EC33056F02C63CF7BCD
:107FC000A50B04032474E471BCF1018716248120FD
:107FD000152383202571152482104228CC07001B0D
:107FE000001200A100A281A1101B800405710C20C9
:107FF0004095E806E5FF18E7782103107925012070
:108000008A223C018A20BF0F0421C1805D09301003
:108010005C70188D4908252085C0F0200E04D577A6
:108020001CF2038580C1F02101045A260E16F020AF
:108030000004C276848021A4328E0EE92C704C702C
:108040006286E284447123633F6760A7728EF50AFB
:10805000E4802474238040790671DDF10E718A205A
:10806000BF0F09F00E7007F05221100003F08A20B4
:10807000BF0E1108302003410A0B6000A1400C70B4
:10808000D8C7E078E2C20B80B60E6FFA884500A52B
:10809000C2C6E078E2C20B801E08AFFA884500A590
:1080A000C2C6E078E6C0B98860822841AB0B6403A1
:1080B0008A267F0C42253C90CC704EF210100B00AB
:1080C0000D70CB460000EEFFA8208101F0230C12BA
:1080D0005A200015E8848C942170609780A0296B49
:1080E0003079150E64104833010007364370484755
:1080F000000008F074706C70CA23820F7F4700FF85
:10810000839761A0296C3079130E641048340110F4
:10811000073643704847000007F095706C70CA231B
:10812000820F7F4700FF849762A0296C3079150E7B
:10813000641048340110073641704847000008F0C9
:1081400005ECC3417F4700FF02F02C706597057175
:1081500023A068B0A0A2C040C6C4E078FAC2FC1C4C
:10816000C8B6ADC10A23C0310A2180310A2240219C
:108170000A2300217047504438401040CD70041C41
:10818000013442C69D0A300040C6990B1020950A62
:108190001422281000200A804C200080AA0121000F
:1081A0008A25FC204C2700A89E0125008A25FF2651
:1081B000CF0830308A27BC102E70ED701640208812
:1081C000670F651083C301804024043C2C70E54890
:1081D0000342402415338E8523200003A140CE7036
:1081E0000CC03D0E252040240430011583248D85CC
:1081F000A140624123200003424200C30EEB81C232
:108200008240E2410A24C0040A096FF40A2580046E
:10821000084686E82671CD70C671E4F1E571D0F1AB
:108220008A25BC2091F083C34024043B2C7002407B
:108230000342720F6FF483C74A2500100BC03F0D35
:1082400025104024043201178314024062414A0E73
:10825000EFFF424202C011E800C381C28240E24106
:108260000A24C004AE086FF40A2580048708310090
:1082700010452671CD70A571E2F1D1453BF02E700D
:10828000AD7063C6164020883D0D65104024043053
:10829000018023C3C06042428D80232000036241DD
:1082A00000C30FEB81C28240E2410A24C004660889
:1082B0006FF40A258004084786E82671ED70C574BE
:1082C000A571E2F1402404326C7002406241CA0D93
:1082D000EFFF424202C30EEB81C28240E2410A2418
:1082E000C00432086FF40A2580041045267103F09B
:1082F000F145370D31202F2547042F0D300081C265
:1083000001C0824170B841C0024062430A24800427
:108310000A260006C20B6FF40A27C00601C0AE7021
:10832000001900300CF00B0D11008A25FF262C706F
:108330008240E242460B2FF5001901302C7062405A
:108340003A0B2FF54242A240ADC004141B34DAC6EA
:1083500065066FFA0B80E078ECC20847018004E8FC
:10836000C20DCFF34E70CD7002872088590E451094
:108370000180C548688D17EB2E700E700385302084
:10838000400448802780819234734624811182B949
:1083900021B205F4F60DCFF4688D0671E108E4A072
:1083A0002674098D0EE82E704A20002004858A0A62
:1083B000EFFF30204004098D0671F50824A02674D3
:1083C000C571D4F1388F0FE94A250010038730209A
:1083D000800405E8620ACFFF388FA571F10D649023
:1083E0004674CCC61509F0000A801B0991002418B8
:1083F000800F13002C44E07E2418800F1300F443F8
:10840000E07E2418800F13006444E07EF2C3A6C10E
:108410000A20002170455044304308462E705470A5
:10842000041C013006F276708A21BC2002F2B6707C
:108430008A0221004C2000A2820205000A868A21BD
:10844000FC200A800477147172022D002C70EB86D8
:10845000A2402A0A2FF50242402405324024063465
:1084600040248733C14062418242A243760FAFF479
:108470000A240004147046022200104102C52E7026
:108480004A22002037ED6F0A112004C06508250537
:1084900084C24024C5334024C6354024073162409D
:1084A0008241A2432208AFF40A2400041042A3E848
:1084B0000F1481308C21838F07F401C2C140060A5A
:1084C0002000A24109F06A0BEFF302860FE86A80F0
:1084D00001C2607BA2414E7002C02C700242A968AA
:1084E000A2409A092FF542C5CEF18A22BC20F6F1AE
:1084F0004E704C870A872A86003080004830C002C0
:108500000DA10B87003200004830C002130A312051
:108510000EA10E1480300B08150128198100701768
:10852000801042203C8013F210160310A820C003D4
:10853000F023400414274214FA120C0726712880F5
:108540008A200A0D83B1106204B1188E2E70084380
:1085500019E843862C700D71204A609082880028AB
:10856000C31042243C90001CC4300AF208100000E2
:10857000A820800104100C04888465B42471DD09EE
:10858000C4820E70028620887B086520E945018040
:10859000F0200D04488508EA80C1607AA1400014EB
:1085A000033119F0088D6C70001C443442203C806B
:1085B00011F243854A230000A8204003041200045E
:1085C000088022880D099F010590057B001CC4309E
:1085D000E078098D084015E884852C70204C42888D
:1085E00042223C801400010008100B00A8208001EA
:1085F00004130014088065B02471E5090482067133
:10860000C2F1C140B20B200080254E10208D1041D8
:10861000D60DEFFFC140018D04E8DA082000C1400B
:108620008027CE10008F910830000E704A2700106E
:10863000198E850F0510048630200D040C9500411D
:108640008021BE0A1B09740115DA004180213D001A
:10865000230975028A2245000B0A4F000BF0EF0A2E
:108660004E808A20840040C080C1BA0FAFF4A14080
:108670000C952108D5041D0E0E7005004051C34015
:1086800020BC12AC40C080C19A0FAFF4A1400C9541
:108690004220000E1B08750115D917092E0080C154
:1086A000C3401CC10AE840C07A0FAFF4A140067471
:1086B000E571C0F15670CA2182242240D2C7E07809
:1086C000F1C01A0B6FFA0B8014708A207C00D1C0A5
:1086D000E07FCA202100E078F1C0060B6FFA0B8022
:1086E00014708A207C00D1C0E07FCA202100E0788D
:1086F000E6C218108400EB80AC706C704B0B250147
:108700006D7023808D7065491427C11052110901C5
:1087100048110E01021588102B0C051222853021FC
:10872000C1022881439105EA08194402C3B1C3423A
:108730000000FFFF090E811044B143B165748571DB
:10874000ECF16471DCF122800A26403000119F00B8
:108750000C25C0875E022600EC7004160030F02065
:108760004C01088C004610E823840A248071EC70C8
:10877000A8208002041100040880028824B8C0B830
:1087800000270700A98CCD706D706C704A20000026
:10879000310B65030D7124846149428942223C807A
:1087A0000EF222810A220000A82080020411000497
:1087B000088005901072C523021000426471EAF12E
:1087C0004E870D872F872F23C80200288B100F2379
:1087D00002100F224D007D0DE110002809104226E5
:1087E0003C80E6F20C140D10A820C00CC04D2F21C7
:1087F000C7014F09B50008800A1008014027061D6F
:108800008D7052DB490C25112C7104160204587925
:108810000421028212F223903172CC22C28209F426
:108820000CE924900AE9716724B023B006F006E948
:10883000249004E9716724B064728571E4F1239097
:1088400006E9249004E95217011124B0C571B0F073
:1088500000284810052040126308E10042263C80B1
:10886000A6F2A384A820800A2F20C7014B08B500D8
:108870004027081DC04D8D7052DA08800A100B0188
:10888000370C25112C710410031478790421C3824C
:1088900010F2170B610223900CE924900AE951674A
:1088A00024B023B006F006E9249004E9516724B00F
:1088B00044728571E6F1C5717AF05F0AE1004226E3
:1088C0003C8076F20C140D10A82080092F20C701DF
:1088D0004308B5004027091DC04D8D7052DA28802D
:1088E0000A1103012F0C25110C7104110814002822
:1088F00000020420C0800CF21508C102039108E8B0
:10890000049106E8506722B804B103B1447285713E
:10891000EAF1C5714CF00520C0126708E10042265B
:108920003C8046F2C384AD70A820800A2F20C70186
:108930004B08B5004027091DA04E52DA8D70088003
:108940000A100B01370C25112C71041103147879CE
:108950000421C38210F2150B210223900CE924900C
:108960000AE9516724B008F006E9249004E9516748
:1089700024B023B044728571E6F1A57118F0310E70
:1089800010002D08E1100A2480712384A82000041F
:108990000411000408804590130B8100439007EAFE
:1089A000449005EA5617021144B0E078A505EFFFA0
:1089B000A471C6C6EEC2181086002C100700084726
:1089C000CD704C704A200020490AA5010D70038724
:1089D0006D70444814278000481003010214891068
:1089E0002D0B4512028430200002088023900D09CF
:1089F000C5004A20C02363B0C3410000FFFF0B0B3A
:108A0000410024B023B005746571ECF14471DEF1CE
:108A10000A23802F0000FFFF02872088B70E651011
:108A200062420180C548088D12E84E702E70624285
:108A300003853020800408802390320DAFF35078F6
:108A4000288D26710042ED0964A04674096A1078E9
:108A50004D08850F0000EFFF091586104A2300001E
:108A6000430BA5010D7004856D70644802148910D4
:108A7000290B4512028430200002088023900BE964
:108A80001309850024904A20C0230B09A50043B098
:108A900044B005746571EEF16471E4F10B0AE00411
:108AA0004C70C571BAF1298DFB0A45800485404898
:108AB000628842233C800DF208100000A82040028A
:108AC000041003046883081BC50F061BC50F4471FF
:108AD000ECF10240CEC6E07808808421410E852169
:108AE00002010A1805000018C50FE07F21B0E078E8
:108AF00008800018C50F21906C21810082B9E07FA9
:108B000021B0E078E4C0288031118B000B810F0880
:108B1000E502047161910BA10BF04A816191016A38
:108B200081BB61B10B08E4020AA1281901003011D0
:108B30008D008981A2BB61B110ED1A2442130C7023
:108B40008381C581034C0471557E4471F5086483AB
:108B500060A631118B008981048166814080957BFC
:108B600040A309814B816D8104717170CA20260078
:108B70000B0BA50009A14F780DA10C71C4C4E078BE
:108B8000E2C227093E000845020EAFF300850185C9
:108B90000BE8248809E9C341FFFF8888320D8FF371
:108BA000018504180300C2C6ECC2CB45F0003400B6
:108BB00093DA2C7094D857AD001E4270A000B441D7
:108BC00017ADA25A34E8A35A95D8560EEFF717AD51
:108BD00096D817AD345810423E5810412E581040C8
:108BE0002F5808470241224200434240A45A0846F7
:108BF00003E8C14067589BD99CD837AD020EEFF708
:108C000017AD9DD8160B6FFF17AD9ED8920B6FFF57
:108C100017AD9FD83E0B6FFF17ADA0D8D4AD17ADE1
:108C2000424002412242E143B15A06F0148D84E8E9
:108C300020D814ADA2D80A0EEFF717ADA3D817AD00
:108C40004058E078C340A000A07E01184300001601
:108C50008170F0000601E07F20A8E078C341A00009
:108C6000A07E618915EB208953218201002080803C
:108C70000E0024008C20028084F67FD802F00C7055
:108C8000842102002578001E0270F0000601E07FBA
:108C900079230000E07EE078EAC3A7C168470410AA
:108CA0000800A280838060804047304008465471AD
:108CB0000035011200340B1200334203003006125B
:108CC00000354913003300030033C4000130410074
:108CD0000232C00202318B11013149000130020021
:108CE0000233011100340013041C403201304100F2
:108CF00040C242C151F2230F300183C1190FB100AC
:108D0000446F4027031280C140270513C1403E0B2A
:108D10002FFDE144CAC7960D2FF0C140438622863D
:108D20008186008605C603C300318200003000033F
:108D3000023381037FDD023080000131410017BD25
:108D400001300000023541106A0A6FEF024201C291
:108D5000084600A7003281005222C00702354110A8
:108D600002422F3140004E0A6FEF0131410304C22D
:108D700003C10130030000C402318000024201300F
:108D800001005224C017023541102A0A6FEF61A773
:108D9000C3A702A7CAC70133C200013400130032BF
:108DA000420300300002023080000A0A6FEF0242E4
:108DB0001041218600864286638601300C00003215
:108DC0008900003148000133CB0000300600003438
:108DD0004C10023041120033C000003382100130C9
:108DE00041000232000302318101CA096FEF0242E1
:108DF0002C7004304080C7F602360D70C940DB0F7E
:108E000003F05220CD07C34049C0DB0F043100A05E
:108E100046F702365074C9C0DB0F04F05221D02748
:108E2000043000A045F70130902FC940DB0FA0A708
:108E30000386608642860130010001860031C10050
:108E4000013000000030800062096FEF0130400007
:108E50005220C007A3A7081F001401A7CAC7E078C3
:108E6000E2C3084501808420030C15083104A1C128
:108E70000E8D001504101D789D5AC2C7FFD840C042
:108E8000C3441300BC1340240530A140AA5AA1409A
:108E9000175800C0C2C7E078EAC208464830000050
:108EA00048473040C3411300783E60420A21002108
:108EB00068458358147712F29F250213C341A0001E
:108EC000CC49B96100258D1FA000254AE5A11019E4
:108ED0000004CAA100ADCAC6F02640731300A078F2
:108EE000090910208D58CAC68B58CAC60041147093
:108EF0000C70E07CAB11800014700C71E07DAC1143
:108F000081003470E07DE07F0C70E078ECC3A1C19B
:108F1000345810403E5808472E5808462F580845E8
:108F200010D88D588A21822CFFD90C7010B980C2BC
:108F3000520A2FF76C7700C078E84A220024001EFE
:108F40004274F0004B0003F000C0112080843CF21A
:108F50002F2087041D0810044B08B00491E034F45E
:108F60000240C141E142A143995A4C20C0882CF4EF
:108F700000160070A0007C7E2C704C77560BEFF62C
:108F80006C7078E80240C141E142A143985A001652
:108F90000070A0007C7E2C704C70960CEFF66C700C
:108FA00012F02F27FF006F233F00C340A000744939
:108FB00026804780181801001C1801002F26FF008A
:108FC000FFD8455846714C22C0A48007CEFFAEF1B1
:108FD000E2C22C7030DAA60EAFF408457FD817B87D
:108FE000341D01100CA5C2C6C341A0004C7EE07F19
:108FF00000A9E078F1C02C7100290000B35AD1C05B
:10900000E07EE078F1C02C7100290000B45AD1C094
:10901000E07EE078F1C02C71002900008E58D1C0AC
:10902000E07EE0782F27FF006F233F00C342A000BF
:10903000846E2082257800A22F26FF00C340F00016
:10904000400100180102E07EE4C3A1C108452F27BA
:109050007F006F233F00AA209002AB20D002CB46B6
:10906000A000846EAA2088010F7814730CF7008684
:10907000A57800A62F267F00C340F000400100180D
:109080000102C4C72F267F00EE0FCFF63D08700007
:109090002F214883001C013005F2C340A0009C7EB4
:1090A00009F00425819FFF00000011F2C340A000D9
:1090B000807E00804C716C700A0FEFF64024043003
:1090C00000C004E8820F0FF8C4C70425819F000F79
:1090D000000004F20286F0E86C25C196F2F30186E6
:1090E000EAE8F0F1E2C2920FEFF608452D087000B1
:1090F0002F21488305F2C340A0009C7E09F004257F
:10910000819FFF0000000BF2C340A000807E008022
:109110004C712E0EEFF66C70C2C60425819F000FB5
:109120000000C342A000846E03F20282F2E86C25C4
:10913000C196F4F30182EEE8F0F1E078F1C062B894
:109140003908F500A1C10F78F0260070A000D8D131
:1091500007E92C714C73EA0DEFF66C700EF02C7170
:109160004C736C70402404305A0EEFF6001C013032
:1091700000C004E8D20E0FF88774D1C0E07EE0781A
:10918000F1C09F2002030020810FA000254A008922
:1091900005E80D780019C30F8558D1C0E07EE0784E
:1091A000E4C2084612580845A4160011B570CA2535
:1091B0006110B1700C700AF2568605EAB078607AD8
:1091C000C1410C71A41E4413C4C6E078EAC28CDB12
:1091D0000A7B0845C340A000244A1F63008F28462D
:1091E000504035E9B2E8C340A0006441218FB67811
:1091F0004180E0808C21C38FCB44A000CC4906F293
:1092000078640A80450E0510166E412E8B160027D5
:1092100011900122CF828C21C38F10F278642580B7
:1092200044803B2740103D2182203077CA208100B6
:109230008CE8520FEFFFA140C1402241E142A1431F
:109240005A0CEFFF0A240004CAC692E8360FEFFF5B
:10925000A140A1409F200203C342A000CC492C7032
:109260005860001F431025A024A02AA0F0264073B8
:109270001300A078090810208D58CAC68B58CAC69A
:10928000E2C25988C1BA547217F22F277F036F23A5
:109290003F005080043240800DF24C7004318080D9
:1092A000C5F730A00E18430003F01318430010D880
:1092B0008D582F267F03C2C6E2C25988C1BA5472A4
:1092C00011F22F277F036F233F004C100201130A76
:1092D00040004C1844000F18430010D88D582F261A
:1092E0007F03C2C6E6C3A4C1084519882846C1B891
:1092F000147227F24024C13383C2402483324024B5
:10930000043040240531A140395800C1C1404C709F
:1093100004318083CA20450004318080CA260910A8
:109320002F27FF036F233F0010850430808307F24F
:1093300010D8D0A50E1D43108D582F26FF03C6C789
:10934000CB441300289180849570E0200203E07ED6
:10935000CB441300249180849570E07C007CE078FD
:10936000E8C2DE0E0FF8CB451300F0902A851040BE
:10937000DA0E2FF809694D08740208460885CE0EEA
:109380002FF80477A6096FED0847390F7512216F82
:109390005526831F2F794020C2206F7E0820400071
:1093A0004F7AD960250A64002C710F78A2096FEDFD
:1093B000C141560A6FEDC1403A0920010085C8C677
:1093C0002FD8CE0D2FEC2C71C60D2FEC2DD8E078B8
:1093D000C3401300EC9019022FF50080EAC2CB4580
:1093E0001300F49000852185E485C585027926B9AE
:1093F0001E21810FAAAAABAA081511100C15101076
:10940000660A2FF52F790285F24E0220412427B9F2
:1094100027BA2F79B20A2FF54F7ACAC6E4C2CB45D4
:1094200013000C910E0F2FEDC0856385428500411E
:109430006477C140A55AC4C6F1C05AD8AB20080E03
:10944000975AD1C0E07EE078E2C208450090D37020
:1094500000002B661CD817F45E8578D9520A2FEAD3
:10946000A14014701DD80FF24A2400710C704C708A
:10947000A82040024F79152541104B11010604E93F
:109480004471C2C61ED8C2C6E4C3A1C10F7D110D6E
:10949000B5110C73482580108020830FD368C3401A
:1094A000A000744984261F1E1E662C770C7080C293
:1094B000D20CEFF6204300C079E89E7841862086E2
:1094C000041E0110001E0110BE78A1404558EFF1A6
:1094D000E2C3084501808420030C15083104A1C1B2
:1094E0000E8D001504101D78A15AC2C7FFD840C0C8
:1094F000C3441300BC1340240530A140B55AA14019
:10950000175800C0C2C700000000000000000000A3
:10951000000000000000000000000000000000004B
:10952000000000000000000000000000000000003B
:10953000000000000000000000000000000000002B
:109540002000000001000000020000001F000000D9
:10955000BD3786350000000000000000000000005C
:1095600000000000BD37863500000000000000004C
:109570000000000000000000BD378635000000003C
:1095800000000000000000000000000000000000DB
:1095900017B7D138000000000000000000000000F4
:1095A0000000000017B7D1380000000000000000E4
:1095B000000000000000000017B7D13800000000D4
:1095C000000000000000000000000000000000009B
:1095D000AA413200ACC5A736ACC5A736ACC5A73684
:1095E00000000000ACC52737ACC52737ACC527370E
:1095F00000000000D302B738A9689237A968123773
:1096000002000000290000002C0000000100000002
:1096100002000000290000002C000000D302B7382F
:10962000A9689237A9681237DB0F4940F366DF3E1D
:10963000C2B8B23D02000000290000002C0000006A
:109640002D000000010000000200000029000000C1
:109650002C0000002D00000035FA0E3C88C3E43ACF
:1096600088C3643A0100000002000000030000000B
:10967000F3665F3FF366DF3E5077563E2100000001
:1096800001000000020000001F00000006060604A2
:1096900004040000010000000100000001000000BF
:1096A0000000803F9A99193E9A99993D0AD7A33CA8
:1096B0000AD7A33C0AD7A33CBD378635BD378635CC
:1096C000BD3786350024F4490024F4490024F449C8
:1096D0000000000000000000000000000008000082
:1096E0000000000000000000220000000100000057
:1096F000020000001F000000000800000000000041
:10970000000000000AD7233D6F12833B6F12033A1B
:1097100017B7D138ACC5273895BFD63295BFD632EA
:1097200095BFD632ACC527350000803E0000000052
:109730000000000000000000000000000000803E6B
:109740000000000000000000000000000000000019
:109750000000803E0000000000000000000000004B
:109760000000000000008040000100010000000037
:10977000020000001F000000230000002200000083
:1097800001000000020000001F0000005000000067
:1097900052000000540000000A000000B600000063
:1097A0001C000000B80000002E000000BA000000FD
:1097B0005C0000005E00000060000000620000002D
:1097C000860000008800000064000000BC0000006B
:1097D00066000000680000006A0000006C000000E5
:1097E0006E000000700000007E000000800000009D
:1097F00076000000780000007A0000007C00000085
:109800007200000074000000960000009800000044
:10981000E4000000E6000000F6000000F800000090
:109820009A0000009C0000008A0000008C000000EC
:109830008E0000009E0000008200000084000000F6
:10984000A0000000A2000000A4000000A60000008C
:1098500017B751396F12033B5305A33CB6F33D3E96
:109860006B00050000000000687713007CD2110037
:109870007876A0007700040001000000D87613007D
:10988000A44513003C7DA000790004000100000005
:10989000E8761300A4451300647DA000690004006D
:1098A00000000000F87613007CD211000C75A000B7
:1098B000750004000100000008771300A4451300A0
:1098C0008C7DA000BD02040000000000187713008A
:1098D0007CD211002875A000C10204000000000025
:1098E000387713007CD211004475A000C302040035
:1098F00000000000487713007CD211006075A000C2
:1099000015000000906EA0000401000028771300ED
:109910002C751300C06EA000482213000000000048
:10992000000000004C66110034661100046611004E
:10993000406611001C6611001066110028661100B7
:10994000F86FA000B094A00018000000906EA00076
:10995000040100005877130034751300C06EA00096
:10996000E02313000000000000000000EC241300BE
:10997000DC241300AC241300E4241300C4241300DB
:10998000BC241300D42413000870A0001098A00079
:109990002A000000906EA00004030000AC661300D3
:1099A0000C761300C06EA000E8251300C827130032
:1099B0006027130034291300B82713003827130039
:1099C000C02713005027130048271300B0271300A7
:1099D0001070A0000C90A000010003000000000027
:1099E000F47513007CD211006474A000030003001E
:1099F00000000000007613007CD21100B874A000B3
:109A00002303030000000000187613007CD211002D
:109A10007C75A000250303000000000024761300DD
:109A20007CD211009875A0002903030000000000FB
:109A3000307613007CD21100B475A000050003003D
:109A400000000000547613007CD211002476A000A0
:109A50007B000300010000006C761300A445130096
:109A6000B47DA0006D0003000000000084761300A8
:109A70007CD21100B076A0007D0003000100000040
:109A80009C761300A4451300DC7DA0008100030038
:109A900001000000C0761300A4451300047EA0005E
:109AA0000C000000906EA000030100003C76130043
:109AB0003C751300C06EA0003C291300000000009C
:109AC00000000000A42A1300942A1300642A130043
:109AD0009C2A13007C2A1300742A13008C2A13007A
:109AE0001470A000B893A00006000000906EA000C3
:109AF000030300007876130060761300C06EA000A8
:109B0000A82D1300A02E1300842E1300A42E1300E2
:109B1000902E13005C2E1300982E1300742E130049
:109B20006C2E1300882E13003C70A0008490A000BF
:109B300007000000906EA00003030000A876130049
:109B400090761300C06EA000AC2E1300AC2F130053
:109B5000902F1300B02F13009C2F1300682F1300B9
:109B6000A42F1300802F1300782F1300942F1300BD
:109B70004870A000D090A00009000000906EA000E6
:109B800003030000CC761300B4761300C06EA0006F
:109B9000B82F1300A83013008C301300AC30130022
:109BA0009830130064301300A03013007C30130091
:109BB00074301300903013005470A0001C91A0006A
:109BC000CB00020000000000647513007CD211007D
:109BD0004874A0002D010200000000006C75130005
:109BE0007CD211008074A00065000200000000001B
:109BF000847513007CD21100D474A00067000200A9
:109C000000000000947513007CD21100F074A000D5
:109C10008900020000000000CC7513007CD2110006
:109C20009476A0008700020000000000D4751300A5
:109C30007CD21100CC76A000710002000000000070
:109C4000DC7513007CD21100E876A00085000200CC
:109C500000000000E47513007CD211000477A0001E
:109C600017000000906EA00002010000AC75130008
:109C700030751300C06EA0001C231300000000000C
:109C800000000000D8231300C823130098231300FA
:109C9000D0231300B0231300A8231300C023130004
:109CA0000070A0006492A0000D000000906EA00063
:109CB00002020000BC751300B4751300C06EA00052
:109CC0001C2B13000000000000000000542C1300A7
:109CD000442C1300142C13004C2C13002C2C1300B8
:109CE000242C13003C2C13002070A000A89AA00084
:109CF0000E000000906EA00002010000C475130069
:109D000048751300C06EA0005C2C1300000000001A
:109D100000000000742D1300642D1300342D130077
:109D20006C2D13004C2D1300442D13005C2D1300DB
:109D30002470A000949DA00029000000906EA00057
:109D400002010000EC75130060751300C06EA000E6
:109D5000FC77110044311300403113007879110071
:109D6000EC78110094781100F8781100AC781100AB
:109D7000A0781100E07811006870A0002490A00085
:109D8000E86C1300546D1300306D13000C6D13005C
:109D9000C900010000000000187513007CD21100FA
:109DA0009C74A000D300010000000000387513006F
:109DB0007CD21100D075A000DF000100000000007F
:109DC000407513007CD21100EC75A000E700010083
:109DD00000000000447513007CD211000876A0003A
:109DE00031010100000000004C7513007CD211000D
:109DF0004076A000DD00010000000000587513004F
:109E00007CD211005C76A000270301000000000056
:109E10005C7513007CD211002077A000A87313009A
:109E200014651300B8EC1100C4EC1100A0EC110093
:109E3000B4EC1100CC00000005000000C871A000C7
:109E4000000000007C631300B8EC1100C4EC1100AA
:109E500000000000000000000800000006000000F4
:109E60003C77A000607313008C611300B8EC110004
:109E7000C4EC1100A0EC1100B4EC1100E8000000EB
:109E800005000000DC71A000000000003C6513002C
:109E9000B8EC1100C4EC110000000000000000004C
:109EA0000A000000060000005C77A000000000002F
:109EB00004631300B8EC1100C4EC110000000000B2
:109EC0000000000002000000060000007C77A000F7
:109ED00000000000A0611300B8EC1100C4EC1100F8
:109EE0000000000000000000060000000600000066
:109EF0009C77A00000000000A4631300B8EC1100E0
:109F0000C4EC110000000000000000001A00000076
:109F100006000000BC77A0000000000050651300A0
:109F2000B8EC1100C4EC11000000000000000000BB
:109F30001C00000006000000DC77A000000000000C
:109F400018631300B8EC1100C4EC1100000000000D
:109F5000000000001400000006000000FC77A000D4
:109F600000000000B4611300B8EC1100C4EC110053
:109F700000000000000000001800000006000000C3
:109F80001C78A000F073130004631300B8EC1100F8
:109F9000C4EC1100A0EC1100B4EC1100AC00000006
:109FA00005000000F071A00038741300186313005E
:109FB000B8EC1100C4EC1100A0EC1100B4EC1100DD
:109FC000AE000000050000000472A00080741300C1
:109FD00068631300B8EC1100C4EC1100A0EC110090
:109FE000B4EC1100B0000000050000001872A000E1
:109FF000000000007C631300B8EC1100C4EC1100F9
:10A00000000000000000000010000000060000003A
:10A010003C78A0000000000004631300B8EC1100BD
:10A02000C4EC11000000000000000000040000006B
:10A03000060000005C78A00000000000A061130092
:10A04000B8EC1100C4EC110000000000000000009A
:10A0500012000000060000007C78A0000000000054
:10A06000A4631300B8EC1100C4EC11000000000060
:10A070000000000022000000060000009C78A00004
:10A080000000000018631300B8EC1100C4EC1100CC
:10A0900000000000000000001600000006000000A4
:10A0A000BC78A00000000000B4611300B8EC1100FF
:10A0B000C4EC1100000000000000000024000000BB
:10A0C00006000000DC78A00000000000046213001D
:10A0D000B8EC1100C4EC110000000000000000000A
:10A0E0004E00000006000000FC78A0000000000008
:10A0F000F0611300B8EC1100C4EC11000000000086
:10A100000000000054000000060000001C79A000C0
:10A11000000000002C631300B8EC1100C4EC110027
:10A1200000000000000000003C00000006000000ED
:10A130003C79A0000000000040631300B8EC11005F
:10A14000C4EC11000000000000000000420000000C
:10A15000060000005C79A00000000000B863130056
:10A16000B8EC1100C4EC1100000000000000000079
:10A1700034000000060000007C79A0000000000010
:10A1800068631300B8EC1100C4EC1100000000007B
:10A190000000000028000000060000009C79A000DC
:10A1A00000000000DC611300B8EC1100C4EC1100E9
:10A1B0000000000000000000360000000600000063
:10A1C000BC79A0000000000054631300B8EC11003B
:10A1D000C4EC110000000000000000005A00000064
:10A1E00006000000DC79A0000000000018621300E7
:10A1F000B8EC1100C4EC11000000000000000000E9
:10A200004800000006000000FC79A0002C6213004A
:10A210008C611300B8EC1100C4EC1100A0EC11002B
:10A22000B4EC1100EE000000050000002C72A0004C
:10A230002C621300EC641300B8EC1100C4EC1100A4
:10A24000A0EC1100B4EC1100BC01000005000000FE
:10A25000D46EA0002C621300E4661300B8EC110069
:10A26000C4EC1100A0EC1100B4EC1100C20100001C
:10A2700005000000E86EA0002C6213006465130066
:10A28000B8EC1100C4EC1100A0EC1100B4EC11000A
:10A2900034010000050000004072A0008C6513002E
:10A2A0008C611300B8EC1100C4EC1100A0EC11009B
:10A2B000B4EC1100F0000000050000005472A00092
:10A2C0008C65130090631300B8EC1100C4EC11000E
:10A2D000A0EC1100B4EC11001A0100000500000010
:10A2E0006872A000746213008C611300B8EC110056
:10A2F000C4EC1100A0EC1100B4EC1100F20000005D
:10A30000050000007C72A000746213000065130059
:10A31000B8EC1100C4EC1100A0EC1100B4EC110079
:10A320009A01000005000000FC6EA000746213009A
:10A3300090631300B8EC1100C4EC1100A0EC110004
:10A34000B4EC11001C010000050000009072A00098
:10A350007462130064651300B8EC1100C4EC1100C2
:10A36000A0EC1100B4EC1100320100000500000067
:10A37000A472A0000000000004621300B8EC1100F9
:10A38000C4EC110000000000000000004A000000C2
:10A39000060000001C7AA00000000000F06113001D
:10A3A000B8EC1100C4EC1100000000000000000037
:10A3B00050000000060000003C7AA000BC621300C0
:10A3C0008C611300B8EC1100C4EC1100A0EC11007A
:10A3D000B4EC1100F400000005000000106FA000B4
:10A3E000BC621300F0611300B8EC1100C4EC110062
:10A3F000A0EC1100B4EC11005401000005000000B5
:10A40000B872A000BC62130004621300B8EC110023
:10A41000C4EC1100A0EC1100B4EC11005A010000D2
:10A4200005000000CC72A000BC621300186213008B
:10A43000B8EC1100C4EC1100A0EC1100B4EC110058
:10A440005801000005000000E072A000CC6313007A
:10A4500000651300B8EC1100C4EC1100A0EC110071
:10A46000B4EC11009601000005000000F472A00099
:10A47000CC6313000C671300B8EC1100C4EC11009E
:10A48000A0EC1100B4EC1100B001000005000000C8
:10A490000873A000CC63130028651300B8EC11000A
:10A4A000C4EC1100A0EC1100B4EC1100D0000000CD
:10A4B000050000001C73A000D4651300EC641300B9
:10A4C000B8EC1100C4EC1100A0EC1100B4EC1100C8
:10A4D000BA010000050000003073A0001C661300E4
:10A4E00090631300B8EC1100C4EC1100A0EC110053
:10A4F000B4EC11001E010000050000004473A00030
:10A50000D4651300C8611300B8EC1100C4EC11004D
:10A51000A0EC1100B4EC1100D60000000500000012
:10A520005873A0001C661300C8611300B8EC11003A
:10A53000C4EC1100A0EC1100B4EC1100D800000034
:10A54000050000006C73A000000000007865130097
:10A55000B8EC1100C4EC1100000000000000000085
:10A560002E000000060000005C7AA0000000000041
:10A57000B8631300B8EC1100C4EC11000000000037
:10A58000000000002C000000060000007C7AA00003
:10A59000C8741300C8611300B8EC1100C4EC1100BA
:10A5A000A0EC1100B4EC1100DA000000050000007E
:10A5B0008073A0000000000068631300B8EC110075
:10A5C000C4EC1100000000000000000026000000A4
:10A5D000060000009C7AA00000000000DC6113006F
:10A5E000B8EC1100C4EC11000000000000000000F5
:10A5F0002A00000006000000BC7AA0000000000055
:10A600002C631300B8EC1100C4EC11000000000032
:10A61000000000003800000006000000DC7AA00006
:10A620000000000040631300B8EC1100C4EC1100FE
:10A6300000000000000000003E00000006000000D6
:10A64000FC7AA0000000000054631300B8EC110075
:10A65000C4EC1100000000000000000056000000E3
:10A66000060000001C7BA000000000001862130020
:10A67000B8EC1100C4EC1100000000000000000064
:10A6800044000000060000003C7BA000146413009E
:10A69000BC661300B8EC1100C4EC1100A0EC110072
:10A6A000B4EC110038010000050000009473A00014
:10A6B00014641300A0611300B8EC1100C4EC110085
:10A6C000A0EC1100B4EC1100DC000000050000005B
:10A6D000A873A0001464130014651300B8EC1100F3
:10A6E000C4EC1100A0EC1100B4EC1100CA00000091
:10A6F00005000000BC73A0005C641300D06613006A
:10A70000B8EC1100C4EC1100A0EC1100B4EC110085
:10A710003A01000005000000D073A0005C64130043
:10A72000B4611300B8EC1100C4EC1100A0EC1100EE
:10A73000B4EC1100DE00000005000000E473A0008E
:10A740005C64130028651300B8EC1100C4EC110020
:10A75000A0EC1100B4EC1100CE00000005000000D8
:10A76000F873A000A464130034671300B8EC110060
:10A77000C4EC1100A0EC1100B4EC11003E0100008B
:10A78000050000000C74A000A4641300DC61130039
:10A79000B8EC1100C4EC1100A0EC1100B4EC1100F5
:10A7A000E2000000050000002074A000A464130073
:10A7B000C8611300B8EC1100C4EC1100A0EC11004A
:10A7C000B4EC1100D4000000050000003474A000B7
:10A7D0006466130020671300B8EC1100C4EC11008C
:10A7E000A0EC1100B4EC11004001000005000000D5
:10A7F000246FA00064661300F8661300B8EC110023
:10A80000C4EC1100A0EC1100B4EC110042010000F6
:10A8100005000000386FA000000000007C631300FA
:10A82000B8EC1100C4EC11000000000000000000B2
:10A830000C000000060000005C7BA000000000008F
:10A840003C651300B8EC1100C4EC110000000000DE
:10A8500000000000B6000000060000007C7BA000A5
:10A8600000000000A0611300B8EC1100C4EC11005E
:10A8700000000000000000000E00000006000000C4
:10A880009C7BA00000000000A4631300B8EC110042
:10A89000C4EC110000000000000000001E000000D9
:10A8A00006000000BC7BA000000000005065130003
:10A8B000B8EC1100C4EC1100000000000000000022
:10A8C000B800000006000000DC7BA00000000000D3
:10A8D000B4611300B8EC1100C4EC110000000000DA
:10A8E000000000002000000006000000FC7BA0002B
:10A8F0000000000004621300B8EC1100C4EC110069
:10A9000000000000000000004C00000006000000F5
:10A910001C7CA00000000000F0611300B8EC1100E6
:10A92000C4EC110000000000000000005200000014
:10A93000060000003C7CA000000000002C63130017
:10A94000B8EC1100C4EC1100000000000000000091
:10A950003A000000060000005C7CA000000000003F
:10A9600040631300B8EC1100C4EC110000000000BB
:10A970000000000040000000060000007C7CA000F9
:10A980000000000078651300B8EC1100C4EC110061
:10A990000000000000000000BA00000006000000F7
:10A9A0009C7CA00000000000B8631300B8EC11000C
:10A9B000C4EC1100000000000000000030000000A6
:10A9C00006000000BC7CA00000000000DC61130059
:10A9D000B8EC1100C4EC1100000000000000000001
:10A9E0003200000006000000DC7CA0000000000037
:10A9F00054631300B8EC1100C4EC11000000000017
:10AA0000000000005800000006000000FC7CA000D0
:10AA10000000000018621300B8EC1100C4EC110033
:10AA200000000000000000004600000006000000DA
:10AA30001C7DA00010000000906EA000010100002D
:10AA40001475130010751300C06EA0008061110012
:10AA50000000000000000000FC611100E461110032
:10AA6000B4611100F0611100CC611100C0611100EE
:10AA7000D8611100B46FA0004093A0000B0000004B
:10AA8000906EA000010200001C7513007475130085
:10AA9000C06EA000F81713000000000000000000C6
:10AAA000C4181300B418130084181300BC18130042
:10AAB0009C18130094181300AC181300C46FA00066
:10AAC000E095A00001000000906EA00001020000CF
:10AAD000207513008C751300C06EA000BC631100BC
:10AAE0000000000000000000446411002C6411000C
:10AAF000FC63110038641100146411000864110033
:10AB000020641100CC6FA0006891A000020000003A
:10AB1000906EA00001020000247513009C751300C4
:10AB2000C06EA00050641100000000000000000092
:10AB3000D8641100C064110090641100CC6411004D
:10AB4000A86411009C641100B4641100DC6FA000C3
:10AB5000BC91A00003000000906EA0000102000064
:10AB600028751300A4751300C06EA000E4641100E2
:10AB700000000000000000006C6511005465110029
:10AB800024651100606511003C65110030651100FD
:10AB900048651100EC6FA0001092A00012000000A8
:10ABA000906EA00001010000547513005075130051
:10ABB000C06EA000647011000000000000000000E2
:10ABC000E0701100C870110098701100D47011006D
:10ABD000B0701100A4701100BC7011002C70A000A6
:10ABE000D092A0000065130090671300B86F1300A7
:10ABF00048671300B0681300D4681300F8681300A6
:10AC0000F061130004621300186213002470130033
:10AC1000D0661300806B130020711300F8661300D8
:10AC20009C6D13000C671300BC6E1300FC701300C6
:10AC30009070130034671300E46D13005C6B130015
:10AC4000786D1300346C1300BC661300EC641300C1
:10AC5000110000007C771300486713000070130098
:10AC600014651300A0611300C06D13006C70130015
:10AC700028651300B4611300C8611300DC61130080
:10AC8000EC6B1300C86B130020671300E46613001D
:10AC90002C6E1300E46D1300506E1300086E130049
:10ACA000B46713006871130044681300D471130073
:10ACB000A46B13007C6C1300746E1300AC72130051
:10ACC000FC70130020711300B0681300D8671300E4
:10ACD00040691300D468130068681300AC6913005E
:10ACE0002C6313004063130054631300286F130098
:10ACF000647213003C6A13004C6F130088721300D7
:10AD0000606A1300706F130018731300F06A130069
:10AD1000C06D1300786D13009C6D13000463130065
:10AD20006863130018631300F8681300E06E1300E3
:10AD3000A86A13008C6113007C6313003C65130048
:10AD40006C671300447113001C691300007013003A
:10AD5000DC6F1300B86F1300086E1300EC6B130068
:10AD6000586C130090631300A46313005065130024
:10AD700020681300B0711300886913006C70130011
:10AD8000487013002470130064651300B863130047
:10AD900078651300986E1300D0721300846A130054
:10ADA000D8701300B470130090701300DC6F1300A0
:10ADB000FC6713008C711300646913004870130062
:10ADC0008C681300F8711300D0691300BC6E130077
:10ADD0002C6E1300506E1300D8701300B470130063
:10ADE000046F1300F4721300CC6A13000C6D13008F
:10ADF000C46C130040721300186A1300386B130000
:10AE0000A46B13005C6B1300806B1300306D130098
:10AE1000A06C13001C721300F4691300546D13002E
:10AE2000946F13003C731300146B1300586C1300E1
:10AE3000106C13007C6C1300346C130090671300CB
:10AE4000386B1300C86B1300106C1300E86C130010
:10AE5000F07313008074130038741300C874130067
:10AE6000A8731300D46513001464130060731300F7
:10AE7000CC6313005C6413001C661300646613004B
:10AE8000A46413002C6213008C6513007462130019
:10AE9000BC621300D867130040691300FC671300FD
:10AEA0008C71130064691300E06E1300A86A13002C
:10AEB000046F1300F4721300CC6A13006868130067
:10AEC000AC6913008C681300F8711300D06913008B
:10AED0006C671300447113001C6913002068130091
:10AEE000B071130088691300B46713006871130010
:10AEF000986E1300D0721300846A1300746E1300EE
:10AF0000AC72130044681300D4711300C46C1300B6
:10AF100040721300186A1300A06C13001C72130017
:10AF2000F4691300946F13003C731300146B130047
:10AF3000286F1300647213003C6A13004C6F1300F7
:10AF400088721300606A1300706F13001873130087
:10AF5000F06A13000400000001000243616C6962A2
:10AF6000425358004E566972740053656E736F7287
:10AF700000000000030000000400000005000000C5
:10AF8000060000000700000008000000106717001E
:10AF9000486F737400A91AA1AB551748656C6C6FA4
:10AFA00020776F726C642100506172616D2025758D
:10AFB000206C656E2025752074696D6520256C6C8C
:10AFC000752E20200025642E2054657374696E67E9
:10AFD000207072696E746620627566666572696E4D
:10AFE0006720746573742025752E202000546865D1
:10AFF00020717569636B2062726F776E20666F785F
:10B00000206A756D706564206F766572207468655E
:10B01000206C617A7920646F672E202054686973F0
:10B02000206973206120746573742C2074686973BF
:10B03000206973206F6E6C79206120746573742EA3
:10B0400020204520706C75726962757320756E756D
:10B050006D2E2020436F6769746F206572676F20C3
:10B0600073756D2E202056696E692C20766964698F
:10B070002C20766963692E0049646C65000000002D
:10B0800065787066000000000000003F000000BF0F
:10B090008071313F807131BFD1F71737D1F717B7C2
:10B0A0006C6F6766000000000000000000000000F8
:10B0B00042CE0200EB3CEBAE1FA4E4A1AF7B987F35
:10B0C0006BC88E6D7B9DC1980232968948A410CDC5
:10B0D00017CEB83C4D124F2B3211C03A421529EA17
:10B0E0000000000000000000000000000000000060
:10B0F0000000000000000000000000000000000050
:10B10000000000000000000000000000000000003F
:10B11000000000000000000000000000000000002F
:10B12000000000000000000000000000000000001F
:10B13000000000000000000000000000D4791300AF
:10B14000D87913000000000000000000000000009B
:10B1500000000000000000000000000000000000EF
:10B16000000000000000000000000000D87913007B
:10B17000DC79130000000000000000000000000067
:10B18000000000000000000000000000C3401200AA
:10B1900000406B2040090A22808F1000842BE2209F
:10B1A00082000A22808F1300187BE220820056085A
:10B1B0000000DB44A000205CAB240939DB44A00084
:10B1C000206CAB244939C6080FFE6A2080028EB875
:10B1D00029200080DB42A0001C5C6F702220800FC1
:10B1E0001300B87DDD018FE59C841300C34012007D
:10B1F000804BD3701200804BE07CAB208A04E07E51
:10B20000FAC3AEC1CB46F00034000C7014AE16AEDB
:10B2100015AE00160D70A000D85E0AD84C744025FB
:10B220008F127E0C2FEBE141088D278D08B8257811
:10B2300010B835B88C208F83CC20828F0000EA05AF
:10B24000CC20828F0000D507CC20828F0000DD0744
:10B2500007F2018E6C2040014520C00001AE66154A
:10B26000801006E8001E0270F0000601660DEFFE79
:10B2700080C00017C0101470C2012B005425C01CE0
:10B28000E60B2FEB1AD92D8D3820420030706DC19E
:10B29000351C8230D3F4701583107415811073152A
:10B2A0008C10751582106815931072158E10671525
:10B2B0009710771590107615921078158F107B15D2
:10B2C0009E10711580107A159F107E1589106E15CD
:10B2D00084106F159610791591107D1585107C15C9
:10B2E0008710402B0B0140291403402C1511402AD4
:10B2F0000D02402B032108BE402F172240280C23AB
:10B30000402A022108BF402E1E320524542505255F
:10B3100055106F7D4028080340290912C578857AA9
:10B3200005270C140526CE370525CD150520C81296
:10B3300005214B110E7F4E7A8E7CCE78AE7D2F2666
:10B34000C612422A0B015C6C9C681C6D4830800060
:10B350000030800F75378FC2DB41803F0000013025
:10B360004006402E162207310030402F133340296B
:10B370001221402D1103402F0701052484050522C9
:10B38000C124052743042F270601C34600B8000047
:10B390002F2606322F2006152F2146152E796E7B7B
:10B3A000422F07015026D807422E1E3144BF4228A3
:10B3B00008114229091144B944BB44BE48379F00D3
:10B3C00048369130483790104830881048318F10F7
:10B3D00048339E104832850048318400483482103A
:10B3E000483381004836921000370C3600318721EF
:10B3F000003089210030081600370B1600368F31D7
:10B4000000358E0100348D010032830100310206C7
:10B410000032012642C45224CC17141CC0310C1C2B
:10B420004032041C0032101CC03248C746C64BC50F
:10B4300049C347C24AC140C44CC0C340A100FF7FBA
:10B440000A0E0FF7410874020845F60D0FF768BDA4
:10B450000846DA086FECAF7D236EB8602F792B09B0
:10B4600024002DD8C6084FECE6086FECA1419A09DC
:10B470006FECA14080C1C3401300345EBA0BAFE54E
:10B4800038DADAC72FD80A0D2FEB2C71F1C0CB4474
:10B49000F00034002294C34000002E1410784F09AD
:10B4A00021001AD8C340A000F87FC341A100FC11BD
:10B4B0001249C34300004C090D0A720063B4BE096F
:10B4C000AFF32C70C340130000872A080000C3406C
:10B4D0000000000003E8EE0E4FE5001E0170F000D2
:10B4E0004402920E0000D1C0E07EA60C2FEB2C701F
:10B4F000E8C3A1C1084507E8860C6FE5A14005E84F
:10B50000C8C70C70C8C7038D0D08F40040250F1282
:10B51000C18512F0E46DCB461000CC2A0CF0046F0C
:10B52000E4680AF04E2002202C705209AFF38140EB
:10B5300040270F1201878087147010400EF2F4F636
:10B54000184F80C38142607E02414020C0206C20A1
:10B5500040001F6708E7F0F1E3ECC343D0BAAD0B3E
:10B56000C342AD0BD0BAC34100000B0A0C7060A7F8
:10B5700041A7021D431320B5C8C7E078E6C20C718D
:10B58000A65ACB45A000B47E02A50C71A75A04A50B
:10B590000C71C3411200E455AE5A08460C71C34108
:10B5A0001200D856AF5A08470C73A65A03A50C735D
:10B5B000C3411200BC55AE5A00410C7004EE04EFBA
:10B5C00079210000C6C6E078F1C0C3401200585788
:10B5D000AC5AC341A000CC7ED1C0E07F00A1E0788E
:10B5E000E2C242213C80C3430000FFFFAD7015F270
:10B5F00040200C07A820400400841B0881002E8CEA
:10B600000694C0B98420CF8F257D05F27070CA23BF
:10B61000050055240C1C8382BB782C8CA1B90579BC
:10B620002CAC2382CE09EFF16040C2C6084442220E
:10B630003C804A200000E07C40210307A820C00194
:10B64000C0130104382101032578E07EEEC2CB4708
:10B65000F0000001138FCB45F000400280B813AF1B
:10B66000128F80B812AF118FA0B811AF018521855C
:10B670004420420050210000457801A500160170C9
:10B68000A000806EC340A000206C2E0ECFF6AA2032
:10B6900049091A0EEFF6AA210909CA0CCFFE820F3A
:10B6A000AFFD0C702E0DCFFE360DCFFE720DCFFE0E
:10B6B0007E090FF110401470D8F24A0DCFFD0390AF
:10B6C000CB46F000340004B60E108020228522B84C
:10B6D000A0B9C0B8257802A502108120088F0F09F3
:10B6E0007F006C20400080B802F081B808AF4209AA
:10B6F0002FF1171E83142F1081002E108200402975
:10B70000000245781108800F0000FFFF8C20538F46
:10B71000C6F708F0001E4370A0009C428A20930FD9
:10B72000A95A147092F2C340A000205CC341A0004B
:10B73000206C420C2FEB171EC314CB45A0004C808D
:10B7400028D9C342A00054405625001C171E43159B
:10B750003A0A2FF7171E8315C340A000EC84C3429A
:10B76000A0007440260A2FF728D9C340A0000C88F7
:10B77000C342A000EC40E208AFEC20D9C340A000D7
:10B780000C8CC342A0000841CE08AFEC20D9108F2A
:10B7900010D980B810AFA1406A09EFF4171EC31585
:10B7A000D20820000240AB083000AD70345810437E
:10B7B0002E5810423E5810412F580044024062411A
:10B7C0004242DA0A20002243870810002209CFEB08
:10B7D0000EE80B8E19085F00345810402E580042B6
:10B7E00030D80241335804E89608CFEB3E0D0000F4
:10B7F0002FE891D8CA09AFF617AE148EA9E8820DCA
:10B80000CFFF8A20080EAADA2C70C168AB22080E7E
:10B810002B218003088FC343FA0280F0C34131011A
:10B82000002DC1B8147255DCCA21C100016EC94394
:10B83000AB24081E2B210000C340A000E04200887A
:10B84000AD7109E80C750DF02AD8AD7014AEA140A9
:10B85000CEC6C340A000E14200887BE80C73AB2257
:10B86000080E2B20C002F5F12ED826092FEB2C70E4
:10B87000E6C2CB45F0003400171D03162F884D8813
:10B88000CE888C8808B908BA257E857A10BEC34355
:10B89000F00040025322C102457E3AB32CBE958887
:10B8A00053264B11D7883488568808BC08BE257C9F
:10B8B000052681104A24407610B985792D700D71C6
:10B8C000CD7024A3A8204102717645F20F0E141406
:10B8D0005C883D88FF889E8805F058883988FB88F9
:10B8E0009A8808B908BF45790527021310BA457927
:10B8F00001294102C1B934713E00210034720FF2B6
:10B9000034731FF42F27BF006F233F0025830F21BF
:10B91000810325A32F26BF000BF02F27BF006F2325
:10B920003F0025831021810325A32F26BF002C7102
:10B93000D87926A30FF00028811328A30BF02F2716
:10B94000BF006F233F0027830F21810327A32F26EA
:10B95000BF002572C5716140AD5AA70830004A2466
:10B96000407111D84A210000A820C001AB20D002AC
:10B970000471AB2188014A24807116DC6C7123DAD2
:10B980000C7224D9AB24D012AB238801AB22D00295
:10B99000AB208801AB21D002AB20880117D82C74D2
:10B9A000A820C001AB20D0020471AB2188014A2439
:10B9B000C0701DDC1EDB4C731FD8AB24D012AB2132
:10B9C0008801AB23D002AB228801AB20D00215D86E
:10B9D000AB218801A820C0024020020442200104BB
:10B9E0000471AB22D002AB21880128DA07D90C718F
:10B9F000AB22D002AB218801171D4316C6C6B0D9B1
:10BA00000C7034ADC6C6E078EAC230410E7136E93A
:10BA100040200F07AD7045DE01871D0892042908FC
:10BA200090042F0850083B089108001F801FA000B9
:10BA300008411CF012E82B085104001F801FA000D1
:10BA4000544014F0001F801FA00074400EF0001F2F
:10BA5000801FA000EC400AF0001F011006F00E70DD
:10BA6000001E8273F0004900FA0FEFF6E140A57165
:10BA7000A90D649455270F1C0240CAC6F1C0A85AEC
:10BA800014700C7107F429DAC341F00048000C70FF
:10BA900040A9D1C0E07EE078ECC250423041104075
:10BAA000CB45F0004B002040404160428043D20F24
:10BAB000EFFF001D831614700C704FF2C342A000FC
:10BAC0005440224042411E0BEFFF001DC316C342EB
:10BAD000A000744022400E0BEFFF4241CB46F00025
:10BAE0004002C341F0007702E0862D1083200089D8
:10BAF0006C20420053234000457800A902402241B7
:10BB00004242020A2000001D031728BFCABF0DE8E9
:10BB100002402241BA092000424205E88527071069
:10BB200003F08527031022414242F6092000001D40
:10BB3000431760868A2118001470C52742104627D3
:10BB4000021008BA0423810FF8FFFF000C71457939
:10BB500020A6001D8317CCC6F1C0C3401300F08F90
:10BB6000EA08CFFE83E8D1C0E07E260EEFEA2C7112
:10BB7000E2C2C341A000E042CB45F0003400C34024
:10BB8000A000E14200190300171D4314CE0FEFFF80
:10BB900000184300BA0ACFFF05E892D80E08AFFE9E
:10BBA00017AD148D83E820D814ADAFD817AD405829
:10BBB000EEC2704350413042830B30001040AD70F4
:10BBC000D76D2276C14035580B0895003E1E831074
:10BBD00005F00B0854013E1EC31F198E40260F1797
:10BBE000C1B823087100E140019717E84830000010
:10BBF000C3411200644BC142B25A2308330001AF63
:10BC00001AF002419E082000424209E800410080EB
:10BC1000FEE8C0A103F0011FC31F28860CE921160E
:10BC20008010C1B814720C7005F42F7802414242A2
:10BC3000335808A6A5718D0DC4940240CE0DEFFFB8
:10BC400042415B0B30201042ED70CD7011F0355841
:10BC50001040A1403A5835580C2000A0E14056F75A
:10BC6000A1403A5835583E1D02100C710EF0176E67
:10BC700000210DA009F2A1403A5807E8198DC1B87A
:10BC8000CF087180A140E140C57172763C26CF1487
:10BC9000CA262610047FADF7EBE84240CEC6E07816
:10BCA000E2C261880845402B80074228BE870E000B
:10BCB0002400808D81403D5807F0C1BB0B0BB100C3
:10BCC0000C708140335800A5C2C6E0788D7017EA29
:10BCD0002D108300270B70000A2480703C49C3425A
:10BCE000A0000841A820C00220800F0981003488EC
:10BCF00007099F008D715520000CE07F8140E0789E
:10BD00002D1080000F085100C340A00054402101B5
:10BD1000CFFFC340A00008411501CFFFC340A000E2
:10BD200074400D01CFFFE078C342F0004B001BD9F7
:10BD30000C70001AC307AB21D002AB208801C340AE
:10BD4000F000200120D926A020A06F26FF0590D961
:10BD50000C71E07F20AA00002B66000000004C0957
:10BD600000000000000000000000000000000000D3
:10BD700000000000000000000000000000000000C3
:10BD800000000000000000000000000000000000B3
:10BD900000000000000000000000000000000000A3
:10BDA0000000000000000000000000000000000093
:10BDB000F04F010000000000DC3901002E140000EB
:10BDC00000000000F0000000000000000000000083
:10BDD00000000000494E4903543B1100D479130080
:10BDE0000500000001F87EA000000000D8791300D3
:10BDF0000500000001D87EA000000000206CA0001B
:10BE0000B8080000002000FC231000CC02045422DB
:10BE10001000B4FF1100B8E200001000AC001200E6
:10BE20004036110018A01100503900001100043AEA
:10BE3000110084A11100F4A31100AC5B00001300F9
:10BE400004A4110000A21100801D1200281E000889
:10BE50001200581F12002C0A1200040204F40912E6
:10BE6000000200DC02040C6C1200A4011200E800C5
:10BE70001200B8670000120068041200B49F11009D
:10BE80001080110098050080120078021200FC5DFD
:10BE90001300804B1200C002040CA0004C0274027C
:10BEA0000434271000004D12002002044002042C2C
:10BEB000088C5702240218C002049C24100060025F
:10BEC0001494391300A0208C131100A00204B802AE
:10BED0000494AE11003C0204F47E80B211002C1ACE
:10BEE0001200B00204BC0204541B028402041802B3
:10BEF0000C0498146B0270181200D81912009403E5
:10BF000010020CF0170274412002F4FCFD120084B0
:10BF1000025CAC171300E413025C1413140400C099
:10BF20000208280208789312006C0204AC2A13005D
:10BF3000D409000220347502646911000C921200C9
:10BF400054671000C01014661000E00208FC68106E
:10BF5000000C02084C020820691054150068020801
:10BF6000D802042C020414020430024450020414C7
:10BF700097124010007055130088020448F5110014
:10BF8000C012404024121404004C0204600204CC8D
:10BF9000261200F0020430271200A805150204C87A
:10BFA000020400291200980204EC0204FC0204506E
:10BFB0002A1294A000600204DC0204C437122C5E32
:10BFC0001200EC6812643802084105020494391228
:10BFD00000A00204B80204C40204883A1200AC4172
:10BFE000190204243C1200BC0204A40268E03102DD
:10BFF0006802040432129455001402048002040002
:10C000003312D0021C300204340204580288A8956E
:10C01000590214D80204FC0204003512EC02043068
:10C020003612300204940204DC55A502040802848E
:10C030001002041C0204400204900204D47702841B
:10C04000F312EC2210000D01C06EA004117C7513D8
:10C050000048761268771300002014A6A000033071
:10C0600000006F00403E000201CC180102021C904B
:10C07000A00054A8A000C8063014A7A00001000426
:10C08000EE0050021F00FFFF00000403090A040332
:10C0900014030A10030B03140FFC0234030B0804EF
:10C0A000031404004000008008130F5004190528F1
:10C0B000040B0F05FFFF0F100F100F100F100F10C4
:10C0C0000F1004900B15038C03100708030C0304D6
:10C0D0000F100B10070CFFFF0F08031003040340A1
:10C0E0000304030C0304070C0308070407180310D8
:10C0F0000F0C03140B040B20FFFF0B180F0C0F1079
:10C100000F100F100F100F100F100F100F100F1037
:10C110000F100F100F100F100F107FF80F100F10CF
:10C120000F100F100F100710136004000010020210
:10C13000071324280F140528EFEF2FE033300F14D6
:10C140000F1400065032195283076505500F14066C
:10C150003C080726073C02647DDE0F14000F140F15
:10C160003C073C02640E3C05000214020307660310
:10C170008C0503500F14FBC00F1442200107350635
:10C1800008033C0F140314040000020008062502F3
:10C1900007DFF803140F2803140F280614080F3CB8
:10C1A00002280800200249060308280F140620FF71
:10C1B000FF07070528122C0EDC4FAC0528073605B3
:10C1C0000805140F3C16680F50053308060F3C0392
:10C1D000190FA00F14031402041417A86FA000185D
:10C1E00071A000B00208AC02040E00540204021C4C
:10C1F00002F7000070A1A000ECA0A00080706855BC
:10C20000A00078020480051C0438B8020C20023813
:10C21000C00208BC020456AB5A0204073880023838
:10C22000C802105A02045802044C0204071C90026F
:10C230001CF855550254900250880204840A1CA030
:10C24000021C280254D40214D002045CAB5A02042B
:10C250000738C0021C40021CE40214E002045E0223
:10C2600004071CE0021CF055010204600220580281
:10C2700004F0051C0502200010A3A00010A2ABAA28
:10C2800002C40218780204FC0A1C24021C20021CAE
:10C29000900218880204040290AB5A023404383821
:10C2A000021C30021CA002189802040C051C141871
:10C2B00040021804D5AA0270A0021498020488054E
:10C2C00054041C50021C10021CB00218A802045690
:10C2D000B58C051C04544C02541C021CC00218B836
:10C2E000020490051C0438600238AAAB18021462DC
:10C2F00002146002044D0204028C74032802341CF0
:10C30000021C660214BAAA6402044E0204021C044F
:10C310003870023828021C6A02146802044F0204B2
:10C3200055AD071C80021C34023CD00220C8020418
:10C3300094051C14C03002103402046A556E0214B5
:10C340006C0204500204073890023838021C720252
:10C350001470020451AB5A0204071CA0021C6002B4
:10C36000C8E012C4D40204700228071CB0021CA842
:10C370005555122C440214400204740A38C0021CA1
:10C380004C028CF00218E802049C55550A1CD0029D
:10C390001CB002385002184C0204760A1CE0021C41
:10C3A000B8021C5C55550218580204780A1CF002A9
:10C3B0001CC0021C6402186002047A0A1C0055E3C7
:10C3C00002A46C02147E02147C020452020435089A
:10C3D0000100EF425002B40403E3FF1445020A3C9B
:10C3E000E71156300F20021D02030F200213040331
:10C3F0000740030D0F6003149FF907200F40031C33
:10C4000003040F2004000F80032600000F400516D0
:10C410004314070A5778FFFF0F4005200F40051609
:10C4200009400F200F2003100FE003140FC00FC0AE
:10C430000F200F200720034CEFFF0F60031407208D
:10C4400007A0051F200325060403400F2007400313
:10C450002303200F8007200760FFDF0F200F200F2E
:10C46000200F200F2007200F800310030407200750
:10C47000800FC0072010C2A803C0FFFF0F200720B5
:10C48000034C0F2003140F200F400F200FC0072074
:10C4900007A00F200F200F200720038CFFFF03A011
:10C4A0000F2007200F60033003040F200F400F20E0
:10C4B0000FE007201F40035C03040720030CFFFF6D
:10C4C0000FA0031407200FA0031C03040F200FA0CC
:10C4D0000F200F200F200F200F200F200F201F00F4
:10C4E000FFFF072003AC03E00F200F200F600720A1
:10C4F0001F00035003040F200F400F200F200F20B8
:10C500000F20FF2B0F200FC007201FE0039C030408
:10C510000720030C0204080FD86210B06290D4A464
:10C52000A857A00094020438624830020402240391
:10C53000030828E80228D002285450AFA5A0001410
:10C540000204500224480204032502040828F402CD
:10C5500028006290AA57D40224940204700224682E
:10C560000204022403030828980228400250A4D59C
:10C57000AB62A0740204E062A4D8020403250204A2
:10C580000828A0022858022804029C6A55D40228D0
:10C5900000024CF80F280231A40228640228640229
:10C5A0002834020410BD3F0228080204021B0F03B6
:10C5B0000C10FF02010C110F0D0A1023380A0F088E
:10C5C0000B50B8000612009C821100D44A125296F9
:10C5D00008170050CA1200FCB1D4C90904031A8418
:10C5E0007503090F0406109321F47E13060E0F073E
:10C5F00000B49748A3F85C12B2DEF000036DB004FB
:10C6000051090CA001F0B4A7A00718B5E4C204803A
:10C61000030C08C2FD1256E8030C00A002590400E6
:10C62000053C02180256E3210518B3CD80004804EA
:10C630002402230303937A020000800E04F0D51035
:10C6400000A000F0DF0204E9A0000B0B070B0206BC
:10C65000030D00000D090D0208051F1F131D061014
:10C66000072525150000250614097965695D146202
:10C670000B79777777140000760D00000E0E090E07
:10C6800003080411110B110300000A0727271924BE
:10C690000908092F2F1A2F08190C00C0987F8474DD
:10C6A0001A7B0E989595951A9411037D0504000048
:10C6B00027CF449F60C40000C47712000000000030
:10C6C000000000002B66020002004026918C2279B7
:10C6D0002A7140658778406FBDBA7D4B1EBF8E9032
:10C6E00088A04D1733D692076C4EF18C00000000E5
:10C6F0008A43392136E9E4A34BC9813B762CE5F026
:10C70000482327F0000000008911E8CAF0B3EADFEF
:10C71000B37EF2D4310CF588BB02A30948DA0000DD
:10C72000A3D54F03000000004C09000000000000EA
:10C73000F00000000000000000000000195B391C40
:10C74000040000002B6602000200402600000000EA
:10C7500000000000000000000000000000000000D9
:10C7600000000000000000000000000000000000C9
:10C7700000000000000000000000000000000000B9
:10C7800000000000000000000000000000000000A9
:10C7900000000000000000000000000048DA000077
:10C7A00000000000000000004C0900000000000034
:10C7B000F000000000000000000000000000000089
:10C7C000403D140060421400C841A100084AA10085
:10C7D000084AA100885EA100885EA100085FA10050
:10C7E000703D140000801400485FA1000080A1008B
:10C7F0002C421400349113005C91130044911300F7
:10C8000027CF449F60C40000C342F0004C00008268
:10C8100021680C70E07F20A26844C343A100C01FC0
:10C82000567B408361830A2500010101E0048144B5
:10C830006044C343A100C01F567B40832D076004A2
:10C840006183E078E4C2760820000846047769082E
:10C85000B400C9452C703A092000C14059F652264F
:10C86000CE17F20D6FF0C140C1418209200008458A
:10C870003FDE18BE1A092000C14188F64F26C115B7
:10C880007E092000A14008455225CD1714F0C60DA1
:10C890006FF0C140C1415609200008453FDE18BE77
:10C8A000EE082000C14188F64F26C115520920002C
:10C8B000A1400845A140C4C6E2C208455020FE87F9
:10C8C00008F232082000A14014700C7104F2C2C6B4
:10C8D0000C75C2C62A082000A14014700C72F9F52C
:10C8E00036082000A140782000000473C2C6E0781A
:10C8F000BFB83820800F807F0000E07EFFDA17BAD3
:10C900005320810544787921010038208000E07FA0
:10C910002478E078E4C208455020FE87CD7016F2F6
:10C92000D6B80425811F807F00007920020078217D
:10C9300000004B780AF4BE0FEFFFA14086E8C20F5B
:10C94000EFFFA14078200E00C140C4C6307007F24E
:10C950003B791B78E07F05207E801B78C34100FF78
:10C9600000003070E07FCC200E805320BE8517F28F
:10C970000C712F200300E07F422040805321BE85B0
:10C9800012F2F8F1084420408141E078CB44807FE6
:10C99000000006243E90D607E1FF06247E90E007C3
:10C9A000E1FF084407207E802000040002204C8024
:10C9B000E07C107007244090E120C307CA2061800A
:10C9C0000C71E07F2F2003801B783B79052040808D
:10C9D000E120C107147040244C90E020C3070C7183
:10C9E000E07F2F200380E0780720800F0080000088
:10C9F0000D0000000721810F008000001A603B61DC
:10CA00007072CA220500CA204500CA218500C344AD
:10CA100000FF0000402C8500142402001424430071
:10CA2000B072CC234E81CA000D004128C2054129B5
:10CA3000C305744AC7BC99E4E120CD0707207E8076
:10CA400040280002402901029FB89FB93800240005
:10CA50000129030300230380C2226600C023C6808D
:10CA60002F23C400412B0082402AC205E120C607C3
:10CA7000586051200080D323A181D3210183E07F1E
:10CA8000C02062000E2303802E0023000C70412B77
:10CA9000008261BA402AC205E120C607586013210E
:10CAA0000183C079CA21610004210180D323A181BF
:10CAB000E07FC0206200E120C1075322C5012F287A
:10CAC000C1000471002B03000E2040818422040069
:10CAD000C0206100C12B6100B607E6FFC522060039
:10CAE0004E204000012B0300A707EFFF44712F22C7
:10CAF000009041260470000000004E0201002F2328
:10CB00004090412605700000000008000200E07E11
:10CB10000C238092004210000E00204040418042D1
:10CB2000A04440452F260000412E0686532088054C
:10CB3000CF20E215140002002F2A010267BA002854
:10CB4000881061BA022686002F274000412F0786F1
:10CB500053218905CF21E215140002002F2A41023A
:10CB600067BA0029891061BA022787008C26C38F13
:10CB7000E40121008C27C38F160221000226CB017D
:10CB80004C234096627B08000C00E07E422382909A
:10CB90002F20001228000100140009002F2140124C
:10CBA0004022428019002000C0214B124A22001866
:10CBB00002228A1000298312012989100C24408145
:10CBC0002F200012FA000200002048120420BE9F0D
:10CBD000000400000E000100C4712F200292C52342
:10CBE00065004420BE90260021007470CB20619126
:10CBF000C020A210160001000420BE9F0004000007
:10CC00000A0001002F200212C4712F2002122F20CF
:10CC10000212D47022000C008C26C38F8E000A00F2
:10CC20000620801F80000000402EC20545789470C9
:10CC3000CF20E207E07E022682710000000042223F
:10CC4000428036000C0074701C0002004D77A0E298
:10CC5000C2228A1208000A00002A8A108722FF1FB7
:10CC600004208312A0E2C2200A120A000A0001284E
:10CC700088100B000000C0200B124420BE9014004E
:10CC80000100442042110522FE80080001000572C7
:10CC90002F2002122F200212022686010420809FDC
:10CCA00080000000C0266200BCF18A26C30FCB4082
:10CCB00080000000B6F18107EFFF02200012022081
:10CCC00048120420BE9F00020000C020011216007E
:10CCD0000200422646000420BE9F000200003E00E3
:10CCE00001004420BE903600210044207E90C020E8
:10CCF000A2101800020074702200020044203E912D
:10CD0000C020A210160001000420BE9F00040000F5
:10CD10000A0001002F200212C4712F2002122F20BE
:10CD200002120C20809F80000000EA06CAFF1570E6
:10CD3000C3F32F2A010267BA0226868000288810D2
:10CD4000F606CCFF6EF1D371008000003C70CA2063
:10CD50000100E07E0C20809F8000000006000100A2
:10CD6000E07E8C27C38F08000100E07E0C21809FAD
:10CD7000800000003C7008000100E07E0C2440812F
:10CD800006000200E07EC340C07F0000E07E20403D
:10CD9000E07EE078E6C055200308601001017C10B9
:10CDA00008019E804583002048103C8000248B10A1
:10CDB0009980DD804383A083E4835961BC64FE666F
:10CDC000552102085524011855260C1828BC552356
:10CDD0000F18907E28BF28BA8C26829C54002D0004
:10CDE00028B9A2839B8004130B007A80BC6455246D
:10CDF0000C18842C041061732F200802552303089B
:10CE0000FEE062002D0028BBF07D970D3516BDE0D9
:10CE10000E010D003079AAE1C0012D009AE0AA02AE
:10CE20002D0034748803260050780CDA8CBA64F034
:10CE30002F2008028C20038760002D008C20C282E6
:10CE40009E002D008C26C39CFC002D003078F079CC
:10CE5000C3400000E731C3420000FC258C21C98497
:10CE600048F030798C21438A90002D008C218280FB
:10CE7000F2002D00507A8C225F8498012D008C20C6
:10CE8000C28B5C022D008C229F8138032600D5E1E5
:10CE9000C34200003B5330F0E8DA8EBA2CF0307C0D
:10CEA0008C24C891F0002D00A5E570012D00E3E071
:10CEB00034022D008C24C49D16032D007078D3708D
:10CEC0000000C00AF6032D005079C34000006E48F0
:10CED000C34200002B28D371000011080AF03079FA
:10CEE000C34000007F22C342000018328C21D6804C
:10CEF000CA2205005078C6C4707BC10B850F0000A4
:10CF00004C0B8C20848324010D00D3730000720A23
:10CF1000C34000008555C3420000B247EAF1507A91
:10CF2000D37200000B0818012D00DBE0D0012D00AA
:10CF30008E788C20B480A2022A00D573C3420000F0
:10CF40000315DAF18C20908E14012D005079C34026
:10CF50000000A230C34200009723D37100001110DB
:10CF6000C8F18C221F8800012D008C20C28DA601E3
:10CF70002D007078D3700000E60C80022D008E78B2
:10CF80008C20498740032A008C22DF81C3420000A5
:10CF90007C54B2F15079EF09850F00002A09D37152
:10CFA0000000AD0876012D00C9E0C34000007B19E8
:10CFB000C342000050599EF18C208286E8002D006B
:10CFC0008C21448850795EDAC34000007B5A8DBAC8
:10CFD000D3710000A40A8EF1F9E152012D00507ABC
:10CFE0008C221F8E1C022D007079D3710000670CFB
:10CFF000E4022D008E798C22DF82B6032D008C2175
:10D00000C586C34000002F12C3420000DD445BF020
:10D01000C3420000275170F1AAE02A01260050798E
:10D02000C3420000C72A68F1D3730000160B300119
:10D030002600F079C3420000C7515EF130798C219F
:10D0400003812C012D00CBE0C6012D008EE59A0254
:10D050002600EBE1C3420000F7564EF1C342000048
:10D060000F304AF194E618012D00D571AE012D0064
:10D070008C20C385800226008E78C3420000E854CD
:10D080003AF18C26429300012D008C24D094960115
:10D090002D0073DAD3710000A90DC34000000427EE
:10D0A0008DBA28F1F2000D00F07890E07E012D009D
:10D0B0008E79C34000008543C342000035558C2162
:10D0C0008F8E6D0300005078D37000004C0866010D
:10D0D00026007079C3420000E4570EF1C3420000FD
:10D0E00063510AF15079C3400000E354C342000089
:10D0F0007322D37100009E08F905CFFFB570D4F2FA
:10D100003078E7E0A8012600D574C3420000EB5256
:10D11000D8F0C34200002852D4F0DAE6C340000041
:10D120008B2BC34200000735D4F0D5721A012D00B5
:10D130008C210288C34000007F18C3420000A61360
:10D14000C8F0D37100000A0810012D00E3E0C340CD
:10D1500000004325C3420000FA49BCF0C340000070
:10D160002B47C3420000F45598E1B4F0E1E0C3401E
:10D170000000FD18C34200007558ACF0C342000027
:10D18000D044A0F08C254699C34000007632C342BB
:10D19000000012259EF0D70EB5108C20C6837801B2
:10D1A00026008E79C342000048448CF0D370000002
:10D1B0004D08760126007079C34200001A1282F0F1
:10D1C000780126007078C342000081527AF0C34291
:10D1D0000000D01A76F080012D007078D370000026
:10D1E000950CE8012D008C229F81C3400000B049BE
:10D1F000C3420000BF176EF0C34200008D5162F0C1
:10D20000A9E068010600C34200006D145AF0B57031
:10D21000C5F2C3420000C65254F0C3420000A452FB
:10D2200050F0C3420000152C4CF0C3420000F657EA
:10D2300048F0C34000002155C3420000C814D37118
:10D240000000B20B46F08C210388C3400000F62595
:10D25000C342000075173EF08C244693200126003F
:10D26000CAE5C34200005C212CF0D3730000B90B67
:10D270001A012D005079D37100008B0866012D0032
:10D280008E788C20CF8994012900D6E0D001290026
:10D290008C207581DE012A008C203A88C342000070
:10D2A000044310F0C342000087160CF0C340000096
:10D2B000D458C342000076560CF0C34200000F233E
:10D2C0003504CFFFC3400000F652C34200007A127B
:10D2D0002104CFFF8C21B48A12012A008DE0C342C1
:10D2E00000005312EEF1C34000007B50C342000027
:10D2F0000E24F0F18C20CF82000129007079D371C7
:10D300000000060B1C0126008C203B8AC342000053
:10D310002F51D8F1C34000003D45C3420000525494
:10D320008C213E8884F0E4DAC340000009588CBAAE
:10D33000D3710000CB0BCEF1C908850F0000E00CC3
:10D340008E79C34000003551C342000022128C2167
:10D35000078D6EF0D3700000E40AC34000005D4406
:10D36000C34200002F5AB6F1D37200001008C34028
:10D370000000B114C34200008E58ACF1C34000005D
:10D38000282BC34200002023A4F18109850F00004F
:10D390000308C3420000675494F1D37200003608BA
:10D3A000C34000000858C34200003B5492F18C2156
:10D3B0003688820029008C213482C3400000081680
:10D3C000C3420000834534F030788C2002866E0022
:10D3D0002D00B4E0C3400000F218C3420000314900
:10D3E00078F1C34200000A486CF1C34000002314E6
:10D3F000C34200008D426EF1C3420000DE5162F173
:10D40000C34200007B505EF18E7A8C22028436008B
:10D410002A0083DA07BA56F1C3420000CD5752F111
:10D42000C34000007E56C34200009445CA220B0050
:10D4300048F1C3420000A61444F1C3420000AB18F7
:10D4400040F12509850F000031088C20C581C340BB
:10D450000000A245C342000031513CF1C34200002C
:10D460006F4230F18C20458F4CF7C34200001C42C4
:10D4700028F1C34000003854C3420000A346D8F14D
:10D48000F078D8E00CF7D3730000D70CC34000004D
:10D490009F44C342000041575902CFFFC3420000DE
:10D4A000BD425502CFFFE078F1C0C3411300E0A1B7
:10D4B000E6092FF30FD8C341130034A26E0A2FF3ED
:10D4C0000FD8320BAFFC9AD8D1C0E07EF6C3A4C10E
:10D4D00055208F0960870846029F3042216B20A7A4
:10D4E0002C71BA0A2004504302B7F20EA004624025
:10D4F0002F2606F00E00230000B6C3400000FF7F79
:10D5000000B6A21600110E705F200D0700258D13C6
:10D51000F523012440174611DA164511D21644119D
:10D520007E9FD6164211162600140209A00430E090
:10D53000170832048C203F8C14260014CA104001B6
:10D540003108130008F016F614260014CA10400122
:10D550002108520060154011420A20042C71601D00
:10D56000041014260014CA1001013379CA184400AB
:10D570000671A108D4A0209E2E70A2161711224079
:10D580008BB8720A20040BDA1044AE7040241632B5
:10D59000021E0410F523402508DAAE0A2004824159
:10D5A0001426501504180420084514961426412505
:10D5B000A0B184E82A1844234020802AC3410000F7
:10D5C000717DD208A004A1422A104021A6710C7DD1
:10D5D000C50DF4A00021512300218D2F0000004033
:10D5E0000E702FBD281E45100A1E44131426011468
:10D5F00082C03599F5201104AE784E0A20040DDA68
:10D600000041A20A2004224080C1142101040671B5
:10D61000DD08F4A000B15F270D2780C0DD65BE0DD9
:10D62000A00464151010A216011123B800200220D6
:10D630005F2101072E700A24C02459A500264D1031
:10D64000420DA004021440253A8526713860F50980
:10D65000F4A01AA5A2160B114A24C0700E70C34282
:10D66000A100AE4162430C70A820800202120105A5
:10D6700002134C05F5234120897938605F230D178B
:10D68000802010004BB8DD653B8538606C1D0010B4
:10D690005A208022209ED860E2104601E410450105
:10D6A000DC104401DE104301E01042011626001494
:10D6B0007A0F6004542000090C78152501145C8150
:10D6C0008020100006712BB85860C908F4A01CA176
:10D6D0003C9702975F0864002C71C2082004049FE5
:10D6E00010792F09B40004B7AE0EAFFFC14000128D
:10D6F000012100422CB807E95526401A420E2000AD
:10D7000042419E1601110B0900009E1E0410A21634
:10D710000011047110793471CA202D005F200107B7
:10D72000A21E0410D9616E0B20005421000C041FAE
:10D730000510D6C7E2C21608200028450A082000B6
:10D74000A140C2C6C9050000EAC3A3C110405520CC
:10D750008D090C702C1800202818002002A502B595
:10D7600000A5001804202E0B20005420002C260BAE
:10D7700020005420802FB60D20005520402A4A2436
:10D78000C070FFD9024080DA08B980208302301DC2
:10D7900085125CB59E184420A8200001021855008F
:10D7A000C3410000033FC340FEC00000C34200006D
:10D7B000053EC3430008000837A516A5D618442027
:10D7C00030B88A214502CB400000A567CB4300005A
:10D7D0005CCE8A219C1B2E70CB47D3F8E863CB46E6
:10D7E000F5D64901CB4492024901601D8410DA1834
:10D7F000842042C341C31EB5542000294024063270
:10D80000402407318A228A042043C3440000E8638D
:10D81000C345FFFFF5D6EE180422541DC412EA18C2
:10D820004422501D4414F3A5D2A591A5401D4414D3
:10D830006E0D6004D218442454154511EE10442195
:10D84000E610432150154211EA1041215420002ACC
:10D850004024063240240730460D6004001C40344A
:10D86000F61045216015441158154311F21042215C
:10D870005C1541115420002B40240632220D600417
:10D880004024073040200E2C40154511DA10442169
:10D89000D21043215E9DD6104121402406324024FF
:10D8A0000730FE0C6004C1402671E109F4A008E6CF
:10D8B000CAC7E078E4C248454D087100CD704909F7
:10D8C0003403001B05032C700CDAB20D6FF2A1407B
:10D8D000C341A10008170091CBADCAAD00AD28B877
:10D8E00001AD0191CD7102AD28B803AD029104AD37
:10D8F00028B805AD039106AD28B807AD049108AD71
:10D9000028B809ADC140C4C6E6C000474F08710041
:10D9100020464B0E1403C18AE38A658A078A0912DE
:10D920008800A08A228A848A06128B000812890045
:10D9300008BE08BF08BB08B840280812C342A100AF
:10D940000817C57DE579857B0520C00205204C12AE
:10D95000A0B221B262B203B284B27D26010378275D
:10D9600040002478C6C4E0786A2480125124809351
:10D97000E020820F12000C92CB4400004E003E7952
:10D980006A24801251248093E020820F1000C06628
:10D99000CB44000050003E796A24801251248093C9
:10D9A000E020820F10000C67CB44000053003E794A
:10D9B0006A24801251248093E020820F12006C931D
:10D9C000CB44000049003E796A24801251248093A0
:10D9D000E020820F12007893CB44000048003E798B
:10D9E0006A24801251248093E020820F1200149741
:10D9F000CB4400005C003E79E1C5A2918480412DBA
:10DA0000411250746C2182000EF42490170A6500B4
:10DA10005449C3BD0F0D0213269044B064A0247175
:10DA200026B0C2C4FFEC84901D0A0403279007E9C6
:10DA3000412D0112C3B9110C45100818050010182A
:10DA40000100C2C444B064A0C2C4E078E6C3A1C16E
:10DA5000BF8040200E0728474024C2302FD96C7168
:10DA6000C1407A09E004031CC3318025C513522745
:10DA7000001000AD031C02304024C2303AD96C7152
:10DA80005A09E004C140260A6FEF64D8C6C7E0789F
:10DA90004A24C0702C7023A022A021A010181500C9
:10DAA000A820000104181100E07EE078E4C3CB4513
:10DAB000A1000C1F2846608121853B09E000A1C11F
:10DAC00040853D21CC0030739962C6F71709840F59
:10DAD00001000000D3710000FFFFCA212D00204289
:10DAE00020A510BA796240C1360A600480C1008660
:10DAF00001A50C70C4C7E078F1C0260A60042C7040
:10DB0000D1C0E07F0C70E078F4C2284620917044C8
:10DB100008454129830153214B000196C1BB757310
:10DB20003042CA23A110CB44A1008441090BB100AB
:10DB300081419C4C7470726802F4B84CF522C202A8
:10DB4000041610114128D50104238F0F0000FC0F8B
:10DB5000320E20042C4D8795104104956595429D09
:10DB60007924011040259312402516110471796122
:10DB700004B51D0A630425B50195F4780E791608DD
:10DB8000A00422404C726C7102B511F0239D9109E2
:10DB900063204128502201951720C0030E79EE0F13
:10DBA0006004224003B54C716C72A1404E0EEFFF31
:10DBB000C1410E70026DC341000071FD2242CE0EC4
:10DBC000E0036C259520419DCB460000C3F5C24083
:10DBD000BA0EE003C1412195029DF961AE0F6004C8
:10DBE0002E79419D02B5066DA20EE003C14121953B
:10DBF000039DE2799E0F60042E7925950B08312054
:10DC000003B517094405412A92203D2142054422CB
:10DC10004020490A0500AD70B078D4C6107A6C2057
:10DC200081200B098500048533E8029624B8C3B827
:10DC300038608508A5800E7006952DE8209623B9DA
:10DC4000C2B91309040084EC001B0424016C0E719A
:10DC500007B5081D051024F06795290B150121084B
:10DC6000A100496B0C7158780B200085084508F21B
:10DC700013096505012CFEA0D0F505F09B0944852C
:10DC8000AD702C700ADAF6096FF26240C6F124B565
:10DC900091F10485081D041402E824B5101D01103B
:10DCA0000C1D051088F1E078E2C20845009085E877
:10DCB000260820002040184D2C7014DABE096FF29F
:10DCC000021D0510C34000F80008001DC51001A585
:10DCD000C2C6E0782DDAC343000064688EBA76D9F4
:10DCE00062B041B0E07F20A8588888E2E07D1080D3
:10DCF000E07F00A16A24801251248093E020820FEB
:10DD00001000B8E2CB44000004003E79C34200009A
:10DD1000660A8A215B080618850200184500081863
:10DD2000850242B0E07F21B02C702418850222B019
:10DD300021B00618150045016FF21EDAE8C26191A4
:10DD400028475322C10208460F0B6500412A1003E1
:10DD500000961B0801208C210C8D48000600046EE3
:10DD60002C701A096FF20CDA1CF002971308650088
:10DD70001426011402960E70047102B612F002917C
:10DD80004A2440710E71047102B1449740268011FB
:10DD9000A820C00102100105C709858006710E7018
:10DDA000249702963D0865002F210884A09649F229
:10DDB000019614260210101A040404714397107B74
:10DDC0000B0BA40001B6021E051031096103129667
:10DDD00004711079090A650012B652B60A4531F08D
:10DDE000AD70066E2C701EDAA2B6A1B68E086FF268
:10DDF000A0B6039712B625F089685D7990783F0840
:10DE00006500402609146C7042223C800C700DF2B3
:10DE10002F20C81021410C70A820C00102110B0551
:10DE200038230F12F8609079107808204C80CA25AA
:10DE3000C91064717078D508948192B6A0B6B07894
:10DE4000C8C6E078E6C3A2C1BF80CD701CE080C226
:10DE500074D96C7561C69A0E200440C621C20C703C
:10DE60003B0ABE012C7001148E3003148F30021453
:10DE70008C304422010C44220003402A83030AB957
:10DE80000CB806BE566F06BCC57B457985786E7AA0
:10DE90002E790E78DE6A46B946B8981D5C10971D3B
:10DEA0001C10961D9C13C6C7F0C2E20EEFEF084788
:10DEB000660AEFEF10421044AA0EEFEF9AD8CD7029
:10DEC0006E7005E8220DC00310434A2000268A2107
:10DED0000120AD702F0D0515332200241B08100200
:10DEE00017085200302241245021FE8705F2C20853
:10DEF0006FFC0F7807E85521112855201028A571CF
:10DF0000EAF1118F0DE8043380AFCC3DCDCCC8F6DB
:10DF10000D0D241580DE188F07085000FFDEC1406C
:10DF2000D0C6E078E4C3ADC12845084680C02C7057
:10DF30004A0F2FF234DA290DB41080C18C250290DB
:10DF4000CC25829F0000FF0009F4C3404842000036
:10DF500042C080C1AE0C6004C140C4C7C140A60C21
:10DF60006004081C0130CB45A100F81E008D09E8B3
:10DF7000226D00A9C140AA0D200401190300C3416C
:10DF8000A10008171C49B20FAFFF011D0310C4C741
:10DF9000E8C200160070F000440235081E00FA0ABC
:10DFA000CFEF6A09EFEF10400847CD714A254010C6
:10DFB000A1400241DA0AEFEFE14206E808801308C7
:10DFC000B00431D8A571C0E5C571B4F7C8C6001E4C
:10DFD0008473F0004C00220DEFFF2C71E4C23F80EF
:10DFE0000845B91080004181C281C6B8B91D021030
:10DFF00005EAB912C00025081200560AA000A14087
:10E0000007EE0F089100B916C010110812002C7409
:10E010004C70660FA001A1400C70C4C6E4C2084554
:10E02000B910C000330812001F852180C28006E9A4
:10E03000B911C00023081200160AA000A14008EE82
:10E040000D089100B916C0100F0812002C744C7105
:10E05000260FA001A140B91581100C7087B9B91D18
:10E060004210C4C61F805620800BE07F0088E078F5
:10E07000F81CC8B71CE01F09B000061C05301F09BA
:10E080007000402482314C7095E94024823171D96E
:10E0900006F04024823173D902F072D9520C200468
:10E0A0006C720714C0300F7A1470C5228B0F0000F9
:10E0B00000FF08141F34E07F4040E0781F80E07FBD
:10E0C0005E1000061F80E07F5A1000061F80E07F70
:10E0D00059100006EAC3A2C1BF83704150402847CF
:10E0E00088E0CD7092F2690850016F08F001147158
:10E0F00091F40010002123DE14761A0125002C7003
:10E100004C767A0D2FF2E1402C706A0FEFFF22401F
:10E1100041280102BE1D1C1000AF21AF2C71560F0B
:10E12000EFFF224041280102BF1D1C1002AF23AFA8
:10E130002C72420FEFFF224041280102C01D1C102B
:10E1400004AFCD7025AF0018852165F080258610BD
:10E15000008DC1B85CF00010002161C6021C843340
:10E16000B308B40123DE40210027402482307CD94B
:10E170006C727E0B20041041031480303815061099
:10E1800040248231071C0230A0B8061C02307CD922
:10E190006C718C70AC7022406A0AA004CD7040246F
:10E1A00082312FD96C712240320AA004061C433000
:10E1B0004024823034D96C73360B2004224003147F
:10E1C000803021C18C704128830153204C00C0B99C
:10E1D00041284B014128C20022B825AF44234110F9
:10E1E000C1BAC0B864AF80AF23AF42AF01AF38153A
:10E1F00006104024C2317CD96C71AC702240060AF2
:10E20000A0040018852107F0E715801000AF001862
:10E210004520C140CAC7E078E6C2DF8008452C70BF
:10E22000C9478027C21F14DA520C2FF2E1400C704C
:10E230007FD923DA17B95E1E1810951F0210301E01
:10E240000210541E1810A140A0A64DA63608A00129
:10E250002EA6C6C63F800C715E1102068C22C38FAB
:10E26000CC22828F00008000E07C8BEA54110106F2
:10E270008C210280CC21828F0000FF00E07CE07FB7
:10E280000C70E078FAC2FC1CC8B6A7C108457C1027
:10E2900014005AD8081C0130AB20080E7609A000E3
:10E2A000A1407FDB40D9A7DA17BBEA0B2002A140CF
:10E2B000FFD9A140A60F600040251B174A26C012B7
:10E2C000C5772F2687F311F2C340B0410000A6099D
:10E2D0000FEF80C22C736C72160A20046340011485
:10E2E000C030E1081380CD70ED700E704A2200201E
:10E2F0008A23812680C20CD907DB6340F2092004FF
:10E30000AB23082E01149930021497300314953072
:10E310000414913005149630061498308E092FEFAE
:10E3200016D84028183240291122402F0122467168
:10E3300005208C3505214025052143062F22870421
:10E340008E7C0E796E789E663F67AD0A348200201F
:10E350001020442E0E1280C241D96C726340442FAB
:10E360000F1245C64428102244C7860920040C1CFD
:10E370000034468D011481300C7100289E00136911
:10E380003474012E007008100204CA2026002F25C4
:10E3900007002F204001042E1E3083C082C2AB2311
:10E3A000082E060FA0032F2188071470AAF4268DCB
:10E3B0000B14CB300A14833009148C301A25890FC2
:10E3C0001E00808422C2CB4000003D0F0129411075
:10E3D0001E23C9021E24C3121E22C2021E218B1735
:10E3E0001E238C070F0924021E2283074529C20918
:10E3F00005F0052E4270050070F332E2852A01090E
:10E400000226CD12944F0E2303044F7E130E70107C
:10E410004A2300104D7A5C7AFD0A71806571117192
:10E42000CE232610AE7E8E7D6E7C2F20C512D17B32
:10E43000B1791570917AD5F6422049106D712E7F11
:10E44000002B41126E7B4E7A30793B633F673A6214
:10E45000022B0302022F0112022A02020DF04DF6D6
:10E460006E7B4E230B102E794E7A002BC3020029AF
:10E47000C102002AC202130C32104E7F8C27029078
:10E4800089F67FDA07F08C27429085F6C3420000B8
:10E4900080FF130D32102E7F8C27029089F67FD9D2
:10E4A00007F08C27429085F6C341000080FF130ED1
:10E4B00032106E7F8C27029089F67FDB07F08C2765
:10E4C000429085F6C343000080FFC01CDC20BF1CC7
:10E4D0005C20110C3310BE1C9C20537ABE1C9C2067
:10E4E0000B0D13103379BF1C5C20D570CE232A008E
:10E4F000337C5379BF1C1C23BE1C5C20C01CDC2059
:10E50000A7C004141B34DAC6E4C3A1C17F814A2426
:10E51000C070CB44A100802028452C700A22000343
:10E52000A820C00108128E040B0E051024712C7354
:10E5300010DE367C2184018C381306005623820BB2
:10E54000C0AA591B5800031C02303C4D4024C23065
:10E5500041D96C718C70AE0E6004AC700C70DA0B2B
:10E560002004A141C140C4C7E2C3A1C1BF801CE0D7
:10E570002909B000031C8230370970004024C230E2
:10E580008BE94024C23071D9520E60046C710314BF
:10E590008030AD1D0210C2C74024C23073D93E0E78
:10E5A00060046C7103148030AF1D0210C2C772D9B1
:10E5B0002A0E60046C7103148030AE1D0210C2C7B5
:10E5C000F8C3A4C1FF812846250873040845510DEE
:10E5D000B5100417111008171010FE0E6001C1408D
:10E5E00014700A03210080D90503000091E52A0276
:10E5F00021003C4E8C2502900BF28C25C39F11F418
:10E600008A20860008671472F0032200FFD980D99F
:10E610004A0C6000C140ED03200080D890E5E8037B
:10E6200022000C70834105B1061C023002B140C0CB
:10E630003C4E402482327DD96C72B60EE00310420B
:10E640000B1480304024C2327DD982B80B1C0230BA
:10E650006C714240860D60044024D8327FDD17BDC6
:10E66000120EEFEEA14041D94C73C14026082002A2
:10E67000A1436DD908DAC1401A082002A14340D94C
:10E68000ACDAC1400E082002A143C3404040000064
:10E69000E20DCFEE402482326DD96C72520EE0034F
:10E6A00042400B1480304024C2326DD982B80B1C1A
:10E6B00002306C71260D60044240402482326DD9D4
:10E6C0006C722E0EE00342400B1480304024C232A4
:10E6D0006DD980B80B1C02306C71020D6004424091
:10E6E000CB45704200008E0DEFEEA14080C20CD9E8
:10E6F00007DBFE0DE003424003149730041494300E
:10E70000011496300214933005149530061490309D
:10E71000402482326DD96C72D60DE00342400B1456
:10E7200080304024C2326DD9A2B80B1C02306C710B
:10E73000AA0C60044240402482326DD96C72B20D42
:10E74000E00342400B1480304024C2326DD980B8BF
:10E750000B1C02306C71860C60044240160DEFEE0B
:10E76000A14080C20CD907DB860DE00342400214B1
:10E770008C300114873004148630402801220314A1
:10E780008930402B00220521420508BC402C0B2279
:10E79000052081052F2486000524C2110523C015FC
:10E7A0002E79402E0B024E7A0614833042790523CF
:10E7B000421205148D300E784E7A427808BB9A21A9
:10E7C0000F0A9A200F0AA57BCB40000000086E7B41
:10E7D00004290102042802020224C0009A200F0A20
:10E7E0002F274620042800024E7B2F22C90571796D
:10E7F000507A3079D3710000973A3C22900F000094
:10E80000803E24012D007046792001204F205020A9
:10E81000402155008AF05E1711164024823340D9FA
:10E820006C720D1C03300E1C0530C60CE003104248
:10E830000F148D303786C140C3BD60790D1C423343
:10E840000F79150930023040568608D8607AC141E8
:10E850000D148D30320AEFFFC140BE17021710436E
:10E860002C700A0DEFFFC140BF1702172C71FE0C70
:10E87000EFFFC140C01702172C72F20CEFFFC1402E
:10E88000CE0B6000C140C140D209600022410F148C
:10E89000803038170610C3BD6C20C000A5780D1C51
:10E8A00002304024423340D96C718C70AC70560BEE
:10E8B000600442400D08302202405686607AC14111
:10E8C000EA0BEFEE0AD8C0174417BF174317BE175D
:10E8D0004217C140620CE00362418C21C3AF11DDDD
:10E8E00098F22240C14137FF94F02C706E0960000D
:10E8F000C14025091020B911C0201D0812000F08C1
:10E900001020B910C020110812002C744C706A0E2F
:10E910006001C140B9168010C6B8B91E02105E1F52
:10E92000581372F00A2500242F2306202F20C90433
:10E93000D34400000F27107D9275402482326DD998
:10E940006C724240AA0BE003C0256E200B1480308D
:10E950004024C2326DD9A0B8001802306C717E0A12
:10E9600060044240B6D8001802304024C2327ED93A
:10E970006C718C70AC70C346803F0000860A6004E6
:10E9800042402F2047052508B50060D99275CF2059
:10E99000AE2019083F2061D911087F2062D951208B
:10E9A00080A064D9CA21A100C140E242C243A20BA7
:10E9B000E0030A24C0042D8623D80DA76079C14046
:10E9C0005686A4160011607AC141250930202240E4
:10E9D00034110120407958110220A4110021607ADD
:10E9E0002241381102200C71607A22410C70320FE2
:10E9F000E003C14110DD0EF062086000C140FFD8A5
:10EA00005E1F18100C701A0FE003C1415E170D163F
:10EA1000A140D8C7F8C3A1C17C1111001043ED700B
:10EA200020403042920A6001021CC433CB45A10051
:10EA3000201ED340A100A02039E8542015288E7054
:10EA40004A26001000208023041516244A08AFEF40
:10EA500038109700B60E6FEF18400042E2403208BF
:10EA6000AFEF03410EE82F8040798C20C38FCC207C
:10EA7000828F0000800006F4043480A5CA24852516
:10EA8000C571C50ED491541100260434C0A4CA2403
:10EA9000C5248C20C38F0C1D0015CC20828F000054
:10EAA00080000AF40815131007F054110026081D01
:10EAB000C01403F06E708C200280E4ADE0AD15F45C
:10EAC000160A6001424086E8EE09600142400DE806
:10EAD000238502850430408047F70731000030432A
:10EAE0004830400200AD4A24807140221427CD7086
:10EAF0000240ED70A820000208100104043340A079
:10EB0000D0F7E5712A4580258610008D1508B100E3
:10EB1000ED76FFD84241AE0AEFFFC0AD001D831075
:10EB20005E1100268C20028008F220DD8CE8541152
:10EB300000268C20028008F4EF780F08740110DDA5
:10EB4000ED7503F080DE42400E0FAFFFEF7F1CE853
:10EB50004024823040D96C729609E003824016202E
:10EB6000C023048838110620C57DC3B8A578011CD0
:10EB700002304024423040D96C718C70AC708608F1
:10EB8000600482401620C023A0800C704241C20D58
:10EB9000E0035A195823A140D8C7E078EAC3A2C1BC
:10EBA000684597083002284681087001ED70950885
:10EBB000F0012C701471A8F454764E01250023DF67
:10EBC000FF855E1710168C20C3AF06F2FFD8F6093A
:10EBD000EFFFA141418E008E08BA057A5522000848
:10EBE00010788C2004805CF7BE1F9C10038E228E50
:10EBF00008B825785520010830798C21048050F719
:10EC0000BF1F1C10058E248E08B8257855200108DA
:10EC100030798C210480F60025002C700240A60972
:10EC2000EFFFA14124DF71F03F85008E8021860037
:10EC3000C1B800A969F08209E001A140084765F068
:10EC40007C15101023DF834021B0BF0AB40122B02D
:10EC50003C4D81C27CD96C729608E00310410514CA
:10EC600080303810062040248230071C0230A0B8C3
:10EC7000021C02307CD96C718C70AC70860F200441
:10EC80002240402482302FD96C7122404E0F200444
:10EC9000021C4330058E418E208E628E838E44206E
:10ECA0004B00126AA48EC1B9536B44200001756CED
:10ECB00044220206257844230308057A966D05222E
:10ECC000C000057C4024823034D96C722240031C81
:10ECD000C2320A0F2004021C023381C221D96C7295
:10ECE0000E08E0032240051480301F087F014024F5
:10ECF000C231381006207CD96C718C70AC70060F54
:10ED000020042240ED70E140CAC7C01F1C105E08FD
:10ED1000EFFFA140BF1702172C715208EFFFA1406F
:10ED2000C01702172C724608EFFFA140220F2000E7
:10ED3000A1408C20C3AFE8F302408A08EFFFA14155
:10ED4000E2F1E078E6C3A2C140200F070845402465
:10ED5000423157D96C729A0FA003E14006148030FB
:10ED60004024823157D9A2B8061C02306C718C70D5
:10ED7000AC70C346803F00008A0E2004E140B91504
:10ED80008010DF8580C2C6B8B91D02107CD96C72B4
:10ED9000E1405E0FA003071C0330011480303816D9
:10EDA00006104024423050200100011C4230071C54
:10EDB00002307CD96C718C70AC704A0E2004E1403A
:10EDC0004024C2302FD96C71E140120E2004031C84
:10EDD000833180C232D96C73160FA003E140021454
:10EDE0008030011481304024C230A5B8031C423069
:10EDF00061C032D96C72E60D2004E140381606106D
:10EE00004024C2317CD96C718C70AC70F60D20043A
:10EE1000E1400C70C6C7E078E8C3A2C108451CE019
:10EE20004024423157D96C72C60EA003104006141C
:10EE300080304024823157D982B8061C02306C7170
:10EE40008C70AC70C346803F0000BA0D20040240B5
:10EE5000B9158010DF854024823087B8B91D0210B3
:10EE60007CD96C7202408A0EA003071C0330031485
:10EE700080303816061080C2071C0230A0B860C06F
:10EE80007CD96C718C70AC707A0D2004024080C209
:10EE90002FD96C710240460D2004001C83314024A0
:10EEA000823032D96C734A0EA003024021C0031491
:10EEB000813080C285B860C1011C023032D96C72C9
:10EEC0001A0D20040240E60DAFEE32D838160610B7
:10EED0004024C2317CD96C718C70AC70260D20043A
:10EEE00002400C70C8C7E078E07FA6100001E0780F
:10EEF0001F80E07F75100006E07F9C100000E07826
:10EF000014702040E07D3F80761101060079E078A2
:10EF1000E4C2DF8008452C70C1408020C20F5E0F24
:10EF2000AFF114DA7FD823D917B82DA60EA60C702E
:10EF3000A141751E19100E082000A3A60C70C4C6AE
:10EF4000E6C2FF8128453108B40008468C260290AD
:10EF5000CC26829F0000FF0018F480D9FE0A200012
:10EF6000A140C34048420000AE0AEFFFA141751F17
:10EF700098130CF02C70E60A2000A1400C70A141FF
:10EF8000960AEFFF751F98130C709609E003A141D4
:10EF900075170016C6C6E078E2C20C70B209E0032D
:10EFA00028459C150010C2C6E4C3A1C140200E072D
:10EFB00008454024823057D96C72360DA003C140F9
:10EFC000031480304024C23057D98420C20F031C60
:10EFD00002306C718C70AC70C346803F0000260C10
:10EFE0002004C140B91581100C70C6B9B91D42107A
:10EFF000C4C7E078E4C3A1C140200E0708454024FF
:10F00000823057D96C72EA0CA003C14003148030DF
:10F010004024C23057D986B8031C02306C718C7002
:10F02000AC70C346803F0000DA0B2004C140B91524
:10F0300081100C7087B9B91D4210C4C7E07FA610BB
:10F040000001E0781F80E07F83100006E6C2BF81E8
:10F050002846EA0C6FEF0847861D1810C140607FF4
:10F06000871D5810C6C6E078E07F9C100000E0784D
:10F07000E8C3A2C15040F10871002845DF83402356
:10F080000F0780C27CD96C72E140660CA003061C9D
:10F0900003300114803038160610402442305020CE
:10F0A0000100011C4230071C02307CD96C718C704D
:10F0B000AC70520B2004E140402482312FD96C7196
:10F0C000E1401A0B2004061C43300E86DE0BAFEE27
:10F0D0004830C00280C23CD96C75160CA003E140D8
:10F0E0000214823021C40114813003148330381695
:10F0F0000610C2BC53220E0108BE402C0012C57976
:10F100006578CB46A100641E20B601B6412A810174
:10F11000412A4001412AC301C0B9C0B864B623B630
:10F1200002B64024C2317CD96C718C70AC70D60AA6
:10F130002004E140008E00AD068E248E618E56685C
:10F14000888E1569C4BB44200008842201006578BC
:10F15000376C4578257801AD028E02AD038E03AD84
:10F16000001805210C70C8C7E4C2DF8008453208CA
:10F17000E00307A60C7012082000A1410C70831E4A
:10F180001910C4C6E6C2BF8128463908B400084732
:10F190008C270290CC27829F0000FF0025F480D9A5
:10F1A000BA082000C140C340484100006A08EFFF90
:10F1B000C1412C71520F2003C140831DD81315F09B
:10F1C0002C70460F2003C1402C7092082000C140D3
:10F1D000B9168010C141C6B8B91E02100C703A08A9
:10F1E000EFFF831DD8130C70360FA003C1418315A8
:10F1F0000016C6C6E2C20C70560FA00328459C1527
:10F200000010C2C6E6C24308710023D83D0A1401AB
:10F21000A1890389E089C28908BD08B8C342A10059
:10F22000641EE57DC578A0B201B2018925B8C0B8D9
:10F2300002B2018926B8C0B803B2018927B804B266
:10F240005E0FA00360400C70C6C6E0783F8080214E
:10F250000709E07F0089E078E8C3A1C1BF800846C4
:10F260003040560A2001021C05300A4714E85E159A
:10F2700000168C20C38FCC20828F0000800005F404
:10F28000541D1810C8C7520A2001C140147080DFF5
:10F29000CA27011454150016F170B9F28C27C39FC8
:10F2A0001CE64024823039F28C27029083F440D946
:10F2B0006C723E0AA003C14003148030381506105A
:10F2C0004024C230C6B8031C023040D96C718C7027
:10F2D000AC7032092004C140402482307CD96C7269
:10F2E0000E0AA003C14003148030381506104024D4
:10F2F000C23080B8031C02307CD96C718C70AC7049
:10F3000002092004C140402482307DD96C72E20998
:10F31000A003C14044F040D96C72D609A003C1409B
:10F3200003148030381506104024C23087B8031CFF
:10F33000023040D96C718C70AC70CA082004C14096
:10F34000402482307CD96C72A609A003C14003140A
:10F350008030381506104024C230A0B8031C02309B
:10F360007CD96C718C70AC709A082004C140402428
:10F3700082307DD96C727A09A003C14003148030B9
:10F38000381506104024C230A2B8031C02307DD9C3
:10F390006C718C70AC706E082004C1400314803016
:10F3A000381506104024C23082B8031C02307DD9C3
:10F3B00027F07DD96C723A09A003C1400314803054
:10F3C000381506104024C230A2B8031C02307DD983
:10F3D0006C718C70AC702E082004C14040248230C7
:10F3E0007CD96C720A09A003C1400314803038151F
:10F3F00006104024C23080B87CD9031C02306C71E6
:10F400008C70AC70FE0FE003C140541DD813C8C708
:10F41000E2C3A1C140200D074024823070D96C7234
:10F42000A140CE08A003021C053003148030402404
:10F43000C23070D9A3B8031C02306C719E0FE00378
:10F44000A1406A08AFEE0C71C2C7E078E2C3A1C167
:10F4500040200D074024823070D96C72A140920880
:10F46000A003021C0530031480304024C23070D940
:10F4700083B8031C02306C71620FE003A1402E08B8
:10F48000AFEE0C71C2C7E078F81CC8B71CE040248E
:10F49000C23170D96C71460FE003071C43300E086F
:10F4A000AFEE0C7108141F34E07EE078E6C2284607
:10F4B00002E8C6C6BF8655258F1D008F1F08BE00F7
:10F4C000A142802243063C4E20D96C72C3441300F3
:10F4D0002CB83608A003C145008F33087E0055269E
:10F4E0008E18458509EAB912C0000F08130021865D
:10F4F000160CA0030086448509EAB912C0000F0863
:10F5000013002186020CA0030086008F1B081E0139
:10F5100046850BEAB912C1000F0913002186EA0BD8
:10F52000A0030086008F13085E0121860086DA0B97
:10F53000A0034985008F1308DE0021860086CA0BD0
:10F54000A0034A85008F6F089E8121860086BA0B32
:10F55000A0034785C6C6E078E8C3A1C1BF802FD904
:10F560004C7008472E09A0016E8540271017C8DE91
:10F570004024823069D96C72760F60030240031414
:10F5800080301F08BE005AD8AB20080EC34020416F
:10F590000000E20E4FEEC5772F2687F3EAF56E8561
:10F5A0002FD94C70EE08A001E1404024823038D9B8
:10F5B0006C723E0F6003024003148E30A142802221
:10F5C000460B78D96C742A0F60030240C340A040F8
:10F5D0000000A20E4FEE402482307DD96C72120FD3
:10F5E00060030240031482306E857DD9A2BAE140E7
:10F5F000A208A001031C8230402482307CD96C72A6
:10F60000EE0E60030240031482306E857CD980BA0E
:10F61000E1408208A001031C82300C70560E6FEE90
:10F620009EB823BE53268E9018F24024823077D99C
:10F630006C72BE0E60030240031480303815061051
:10F640004024C230C6B8031C023077D96C718C706C
:10F65000AC70B20DE0030240C140C8C7E8C3A1C10D
:10F66000BF802FD94C7108462A08A0016E853C4EF8
:10F67000402482303BD96C72760E60031040031434
:10F6800080303708FE0014DF5AD8AB20080E402423
:10F6900082303BD96C725A0E6003024003148030F2
:10F6A0001708DE00C340C8420000CA0D4FEEE577E0
:10F6B0002F26C7F3EAF56E852FD94C70D60F60015F
:10F6C000C1404024823038D96C72260E600302405B
:10F6D00003148F30402482307DD96C72120E600387
:10F6E0000240031482306E857DD981BAC140A60FD5
:10F6F0006001031C8230402482307CD96C72F20D90
:10F7000060030240031482306E857CD980BAC14008
:10F71000820F6001031C82300C705A0D6FEE9EB890
:10F720004B27009E60D8CA202100C8C7F1C05F8067
:10F73000B910810060824282C6B9B918420006EB56
:10F74000B913C1001709120005EAB912C1000F0967
:10F7500012002C74220820014C70D1C0E07F0C7084
:10F76000EAC3A1C1DF8008451CE0402482307CD977
:10F770006C727E0D60031040031482306E867CD95B
:10F78000A0BAA1400E0F6001031C82300C70E60C81
:10F790006FEE9EB84024823077D96C72520D6003B0
:10F7A0000240031482306E8677D987BAA140E60EF4
:10F7B0006001031C8230402482307DD96C72320D8E
:10F7C00060030240031482306E867DD982BAA14064
:10F7D000C20E6001031C8230C340C8420000960C78
:10F7E0004FEE4024823069D96C72060D60030240EE
:10F7F000031482306E8669D982BAA140960E6001E8
:10F80000031C82306E862FD94C718A0E6001A14094
:10F810006E8633D94C717E0E6001A1406E867ED912
:10F820004C72A1402E726E0E6001031C8330C8DF43
:10F830004024823069D96C72B60C60030240031414
:10F8400080302508BE00402482305AD8AB20080EF4
:10F85000C340404000001E0C4FEEE5772F26C7F353
:10F86000E8F512F07DD96C72860C60030240031437
:10F8700082306E867DD9A2BAA1401A0E6001031CA7
:10F8800082302E702240CAC7E8C3A1C1BF81284779
:10F890002188A9468026861B20AE228840248230FB
:10F8A0006C7221AE03885625811D00A93C4F7CD97E
:10F8B0003E0C600310400314803021083E005020AD
:10F8C00002006E857CD9E140CA0D6001031C8230C4
:10F8D0007FD8A20B6FEE17B83815061078D96C7365
:10F8E0008C70AC70C1421E0BE00302407FD8860BC7
:10F8F0006FEE17B84024823077D96C72F20B600338
:10F90000024003148030381506104024C23087B8F6
:10F91000031C023077D96C718C70AC70E60AE0037E
:10F9200002400C70C8C7E078EAC3A1C14847084646
:10F93000ED09B4014A20C028BF873C4F40248230E3
:10F940007CD96C72AA0B60031041031482306E855F
:10F950007CD9A0BAE1403E0D6001031C82304024F6
:10F96000823077D96C728A0B600322400314803096
:10F97000381506104024C23087B8031C023077D9EE
:10F980006C718C70AC7022407A0AE0030E70018EAC
:10F99000208E08B80579DC1D5C10038E428E08B8F5
:10F9A0004578DD1D1C10058E448E08B84578DE1D97
:10F9B0001C102E7A2C70F20D6000E140DD1542170C
:10F9C0002C71E60D6000E140DE1542172C72DA0D55
:10F9D0006000E1406E852FD94C71BA0C6001E140A6
:10F9E000458E6E853BD983BAAA0C6001E140402464
:10F9F00082307DD96C72FA0A60032240031482308F
:10FA00006E857DD9A1BAE1408A0C6001031C823069
:10FA10006E857ED94C737E0C6001E1400240CAC7FE
:10FA2000E2C2B910C300310B320008451F85408087
:10FA3000228006EAB912C0001D08120005E9B911BA
:10FA4000C000150812002C744C712E0DE000A1406E
:10FA5000B915831087BB0C70B91DC210C2C6E078FF
:10FA6000FAC2FC1CC8B6ACC1FF8010416117001679
:10FA7000CA1718174BC0CE0EA00322401470FA020A
:10FA800022008A234139402100274024823042D974
:10FA90006C725E0A60031047031480304024823089
:10FAA0007CD94AC06C724A0A6003E2400314823077
:10FAB0006E877CD9A0BA2240DA0B6001031C823029
:10FAC0000C70B2096FEE9EB82C706A0F6000224075
:10FAD000E1408020060BA3108180008803E98AE8BA
:10FAE00004F004E82C7103F02C70660FEFFE224046
:10FAF0002C70F20AA0002240402482307DD96C7222
:10FB0000EE096003E24003148030381706104024E9
:10FB1000C23081B8031C02307DD96C718C70AC701E
:10FB2000E208E003E2400BDDA5775AD82F2647F321
:10FB3000AB20080E11F2C340B041000036094FEE71
:10FB4000402482302C736C72A6096003E2400314D7
:10FB50008030D9089E81C340A042000016094FEEB4
:10FB60007C111020CD7042D9A7DA38100320224032
:10FB700043C642C61E0B600141C6181C003406C0B5
:10FB80008A21063BCE70AE704E708020050346C0C1
:10FB90005AD8AB20080EC340A0410000D6084FEE53
:10FBA00084C212D907DB4A096003E2401614803090
:10FBB00025C11214823015148C30131483301114A3
:10FBC0008D3032204B2608B808B908BA0520140336
:10FBD0000521D3004B0B3010457D06C222D96C7332
:10FBE0000E096003E2402F2006052F21C604AE7ADD
:10FBF00048308000483181004832820049C048C105
:10FC000047C287C181C2B20A2001224003C202C199
:10FC100001C04832D4024831D3024830CD02AE7818
:10FC2000C5712F21C6042F22060500221220CF788D
:10FC3000002555205D08348200269620322040267B
:10FC40001470C42E2122C42D2122C42A21221EF286
:10FC50001FDD4832922019BDEE0B6FFE00324023AB
:10FC6000483595200846E20B6FFE003540234836A4
:10FC700096201040D20B6FFE003640234830D6024B
:10FC80004830D5224836D2124241A240C242802199
:10FC9000080080200800802208002578057A507826
:10FCA0008C20CF8FD2002D004E2610204E250E2006
:10FCB0004E220D2081C02241081C04348342C3B26D
:10FCC0008A086001A2B22C712240DB1F1C14DA1FCB
:10FCD0009C13620D6000D91F5C13402482307CD9D4
:10FCE0006C720E086003E240031482306E877CD988
:10FCF00080BA22409E096001031C82300C70760F8E
:10FD00002FEE9EB80BC08B20838F19F440248230D5
:10FD10007DD96C72DA0F2003E2400314803038176B
:10FD200006104024C230A1B8031C02307DD96C718A
:10FD30008C70AC70CE0EA003E2408C2041BF0EF25E
:10FD40008C2083BE0CF28C2007BD0CF28C200FBAE5
:10FD50002C7009F42C7107F02C7405F02C7303F04F
:10FD60002C728208A00022406E870AC242D926095E
:10FD7000600122406F736340ACC004141B34DAC6C8
:10FD80001F80E07FCA100007E4C3A1C108451F809F
:10FD900028462FD94C716E80FA086001A1402F0EC1
:10FDA000B0101CE5410E7010402482300C70AFEE94
:10FDB0004024823036D96C72360F2003A1400314E0
:10FDC0008E304024823037D918F0402482303AD91E
:10FDD0006C721E0F2003A14003148E304024823029
:10FDE0003BD90CF038D96C72060F2003A1400314E4
:10FDF0008E304024823039D96C72F60E2003A14037
:10FE000003148030C2B808B8C578C4C7E4C3A1C120
:10FE10003D09B00040200D075D097000402482308C
:10FE20007F0931000C704024823074D96C72C20E8C
:10FE30002003A14003148E304024823077D96C72A5
:10FE4000AE0E2003A1400314803027F040248230FE
:10FE500076D96C729A0E2003A14003148E30402490
:10FE6000823077D96C728A0E2003A140031480304F
:10FE700024B813F075D96C72760E2003A1400314D8
:10FE80008E304024823077D96C72660E2003A140F8
:10FE90000314803022B80EB80E7846B8C578C4C7AF
:10FEA0001F80E07F61100006ECC33041B911C10032
:10FEB00009093200A6C1CCC77C1110208A21070392
:10FEC000CB451300345E32204120A3093000621874
:10FED0001820881100207010022671100326701857
:10FEE00018208C11012002208080711858200208EF
:10FEF0006FE30321C1800846060DE00222402C85F5
:10FF000000304000073601707A470000023180035C
:10FF1000073040005020C1070431808F4C3ECDCCCB
:10FF20004A000600C3428F3D295C043080800AF6F7
:10FF3000C3418FBD295C043040800042CA22450085
:10FF400072100126C340C842000000320300013293
:10FF50004100B7B80031000072185820013300008A
:10FF60004830C002220D20030D78D2108020CE1020
:10FF70008320D0108120D1108220CD108B20CF1073
:10FF80008C2008B808B908BB457885790523C302D9
:10FF90000E7A2E796E7848328200483181004830DE
:10FFA000800042C241C140C080C183C222400A0FCA
:10FFB000E000402412302B8504C003C26885EA8526
:10FFC000C9851C150B10A685003049000032C10000
:10FFD00005C401304800003040034A24C07001329B
:10FFE00001000032C00301304302003480130130AD
:10FFF00002100034C01241C2013101000134C010AE
:020000040804EE
:100000008D7040C1081C0030A820800815200023F6
:1000100015220D235520830E0085208301304200D8
:10002000C3410000FF7F4832C00248308B0040A52A
:100030000232C2021309220040A3C341FFFF008025
:100040003070CA210A008571B01B4000C340A10076
:10005000381E208804E900180300CCC7621001266E
:1000600060792240CCC7E0781F80E07F64100006F2
:100070001F80E07F63100006ECC3A1C128472968F8
:10008000704050418D09750224D87C100D20252028
:1000900040000AF01FF023F026F03DF041F03AF066
:1000A00043F04AF02C706A0DEFFF0240D91D1C107E
:1000B0002C715E0DEFFF0240DA1D1C102C72520DE8
:1000C000EFFF0240DA150317D9150217DB1D1C10CC
:1000D0006BF05625401D208803F0D61581100C705A
:1000E000C0B926F0A9460240720CAFFF8026061B5D
:1000F000792000001B7800AE00AF028E01AF238E86
:100100005625801D22AF20880C7023AF00190521D1
:10011000CCC78025861A208D0C70C1B908F08025C7
:100120000713208D03F0E71581100C7020AF001924
:100130004520CCC702402A0DAFFF40200E271042B9
:100140004024823077D96C72A60B2003C140130A79
:1001500030200314803038150610C6B804F0381566
:10016000061087B8031C02304024C23077D96C7166
:100170008C70AC708E0AA003C1402C700E0CEFFF87
:100180000240DC1D1C102C71020CEFFF0240DD1D33
:100190001C102C72F60BEFFF0240DD150317DC1567
:1001A0000217DE1D1C104128010240AF62AF28BAC1
:1001B00028BB04AF0C7025AF41AF63AF0019852198
:1001C000CCC7E078FAC382240239BF804CC02C70BF
:1001D000A1408020C20FA60C2FF114DA0CC0CD7004
:1001E00023D901A57FD817B80EA50CC0611D98139F
:1001F0002DA51F8071189803701898037218980322
:10020000802007036A0A2003C0A80CC00CC5002484
:10021000823F0000A3007DD91F801CE56C71A118EE
:100220009C03A140A31C8330B209A003A01C84330B
:100230008A26BF1D0AE68C26C39134032D0055245F
:10024000023A2C736C72AA0A2003A1405E0A2FEEB8
:100250000AD8A1148030E1089E81CD700024823F2D
:100260000000A3007DD96C71A1407209A003A31CFA
:1002700082330CC0DA0FAFFE2C710CC02C7025DA63
:100280001F804BC05520800E4AC0F20B2FF180C05A
:100290000AC080C25ED9C2A0C1A0C0A025DB520A9C
:1002A0002003A1400114803018149F302214933091
:1002B0005DC0031480300D149230101490305CC077
:1002C0000514803013148F30171494305BC023C092
:1002D0000B1491300E148B3053C012148030111453
:1002E0008E301D148C3052C0402F0036981C0030C8
:1002F000402B0026941C0030402A80268C1C0030A5
:1003000040288026881C0030402F8016841C003036
:1003100044248020801C0030532340205FC06C2286
:1003200040215EC04029802154C06C204021901C97
:100330000030402B801155C06C27401108148530C7
:100340004EC0166E2114843056C0442780300A14E3
:1003500089304FC0402C8013091488309C1C003019
:10036000402D80011E14813050C0402C80031F148A
:1003700083304DC04029801128C251C040288011CF
:1003800057C0166958C0166B02149E3059C0166AC1
:100390005AC01DC0402E1E320614963005261E304F
:1003A00098140030402FCE336C141F30422897062B
:1003B0009414003007149530402E162205279F35DF
:1003C000422896068C140030402DD526422DD0268A
:1003D0004228950688140030402C18260F148D30C2
:1003E00042289406841400302314863010C2422818
:1003F00093060EC0402D4B1144260D0640281902CD
:100400009C140030402D81120DC5057A11C00414D2
:10041000873070141130057D0AC0402F0702052176
:10042000D12118188407422898360BC06C244F013C
:100430004424080C81185C04442412030AC080146C
:1004400004307C1405301C18C4071EC30BC04424A0
:100450000913402C440283181C04402D05020AC0D5
:1004600008BB90140C3020180406052444010BC06E
:1004700008BC842601088518DC05402EC7000AC088
:100480003C1406300526CE1224188405402E460260
:100490000BC04029091308BF87185C0540288B1240
:1004A0000AC0402A0823AE7D2818040526BD0BC0CB
:1004B0008918DC0414C00520C50015C005264310AA
:1004C0004E7E05201E0316C018C205278C0105218B
:1004D000193017C0E57A6E7F0520460219C012C395
:1004E0001AC10520C002657C4E7B0E7A0AC0052128
:1004F00001022F20461126BE41288811DCB0BEB073
:100500002C1804022F2786070BC0412F87012F21AB
:1005100046168B18DC01412989110AC025BF2F26F8
:10052000860130184402FAB0412E86010BC026BB6A
:100530004C140B3091189C019318DC0026BA0AC0A9
:1005400005230B112E7940188400402B4B150BC04E
:1005500015BC26B9422B4B1555BC95185C008D185F
:10056000DC028F181C03E208EFFE0CC00CC16A0D00
:1005700020000C700C70DAC7ECC3A1C1DF80104101
:1005800060DF5E1600168C200280CC20828F000077
:10059000FF00B1F2611600168C200280CC20828F01
:1005A0000000FF00A7F240210027402482307CD9C0
:1005B0006C723E0FE0021042031482306E867CD9CA
:1005C000A0BA2240CE082001031C82300C70A60E77
:1005D000EFED9EB8402482307DD96C72120FE0029C
:1005E0004240031480306E867DD94620800182B857
:1005F000031C02300F7A9E08200122406E862FD9FC
:100600004C719208200122406E8633D94C708608C6
:10061000200122406E867ED94C727A082001224049
:100620008A2503128A208126402482306ED96C727A
:100630004240BE0EE002AB20082E031480301908A1
:100640001F00C340204100002A0ECFEDA5772F26C2
:1006500047F3ECF56E862FD94C703A082001224002
:100660004024823038D96C72860EE0024240031476
:10067000803023B853208080031C02303BF4402498
:1006800082306ED96C726A0EE002424003148D30E3
:10069000402482307DD96C72560EE0024240031431
:1006A00080306E867DD9462082012240E60FE00030
:1006B000031C8230402482307CD96C72320EE002FE
:1006C0004240031482306E867CD980BA2240C60F25
:1006D000E000031C82300C709A0DEFED9EB8170DF0
:1006E0007E1061DF0F0DBE1062DFE3BD64DFCA273D
:1006F000A210E140CCC7E078E6C3A1C1DF814A2463
:1007000000710043C340A1005C4128452C700042A9
:10071000A820C00108120F050D0FC51024712C74FC
:100720008A271F14367841802288A140631E9810C2
:10073000B20E2000CA1EDC133C4D4024823043D947
:100740006C72AE0DE002021C05300314803080266E
:100750000511A14100AEE20920030C70E140C6C7BB
:10076000E6C3A1C1BF8040200E0728474024823045
:100770007CD96C727A0DE002C140031480303815C8
:100780000610F570A2B8CF20A200031C023040244E
:10079000C2307CD96C718C70AC706A0C6003C14043
:1007A000C6C7E078E8C3A1C1DF80484730402FD9F1
:1007B0006E864C71DE0EE00008458308B0201CE513
:1007C000E7087020402482307108312040248230B4
:1007D00036D96C721A0DE002A1404024423036D95D
:1007E0006C71A140F60B6003011CC233BE0CEFED2F
:1007F0000C71011480304024823037D9721E0210EF
:100800006C72EE0CE002A1400314823028BF532723
:1008100081106C2280002578011C02304024423077
:1008200037D96C71B60B6003A140820CEFED0C71EF
:1008300001148030731E0210C8C7402482303AD998
:100840006C72AE0CE002A140402442303AD96C7187
:10085000A1408A0B6003011CC233520CEFED0C71F6
:1008600001148030402482303BD9761E02106C7215
:100870007E0CE002A1400314803028BFC2BF6C2070
:100880008000E578011C0230402442303BD96C7175
:100890004A0B6003A140160CEFED0C71011480307F
:1008A000771E0210C8C738D96C72460CE002A1400E
:1008B0004024423038D96C71A140220B6003011CE6
:1008C000C233EA0BEFED0C7101148030402482300A
:1008D00039D9741E02106C72160CE002A140031488
:1008E000803028BFC2BF6C208000E578011C023038
:1008F0004024423039D96C71E20A6003A140AE0B4A
:10090000EFED0C7101148030751E0210C8C7E0783D
:10091000E6C3A1C1DF8048476109B00040200D0750
:10092000A509700040248230347082F44024823063
:1009300074D96C72BA0BE002A1404024423074D9E1
:100940006C71A140960A6003011CC2335E0BEFED8F
:100950000C71011480304024823077D9B01E02100F
:100960006C728E0BE002A1400314803028BFC1BF1F
:100970006C204000E5784CF04024823076D96C72CF
:100980006E0BE002A1404024423076D96C71A14048
:100990004A0A6003011CC233120BEFED0C71011403
:1009A00080304024823077D9B21E02106C72420B24
:1009B000E002A1400314803024BF4427011C4620DC
:1009C000000C25F075D96C72260BE002A140402482
:1009D000423075D96C71A140020A6003011CC23318
:1009E000CA0AEFED0C71011480304024823077D9AF
:1009F000B11E02106C72FA0AE002A14003148030AA
:100A000026BF44270113462000032578011C02302D
:100A10004024423077D96C71C2096003A1408E0A2C
:100A2000EFED0C7101148030B31E0210C6C7E078E0
:100A3000E6C3A1C1BF8040200F0728464024823072
:100A400077D96C72E140021C0530A60AE002011C55
:100A5000033003148130166E842001008421C20FFC
:100A60002578011C02304024423077D96C716E0920
:100A70006003E1400E85360AEFED4830C002C6C77C
:100A8000E6C3A1C1BF8040200E0728474024823022
:100A90006BD96C725A0AE002C14003148130792785
:100AA0000210146AA4B9381506100579A1408020F7
:100AB000460A40A8031C42304024C2306BD96C71F6
:100AC0008C70AC703E096003C14003148030A71DD8
:100AD0000210C6C7EAC3A1C1BF81284608478908DA
:100AE000730440211107F572380126005625401D78
:100AF0000088147036F4402482307DD96C72F2097B
:100B0000E002224003148030B1150216502041004B
:100B1000110AB500031C423046208102031C4230FA
:100B20006E852F7A7DD96E0BE000C1404024823063
:100B30007CD96C72BA09E0022240031482306E85BF
:100B40007CD980BAC1404E0BE000031C82300C708F
:100B50002209EFED9EB8B9168010C6B8B91E021072
:100B60006D02000091E79CF28C270290CC27829FB7
:100B70000000FF00640222008A20860A09654024E2
:100B8000823034713040B6F442D96C726209E002AE
:100B9000224003148030381506104024C2308520CE
:100BA0000300031C023042D96C718C70AC70560883
:100BB00060032240402482307DD96C723209E00209
:100BC00022400314803090150117911503179215D8
:100BD00002173815061045208002A31D5C10A41DC5
:100BE000DC10A51D9C10031C02304024C2307DD9AE
:100BF0006C718C70AC700E0860032240402482300F
:100C00007CD96C72EA08E0022240031482306E85BF
:100C10007CD9A0BAC1407E0AE000031C8230D8F023
:100C200090E7DCF45609EFFFC140611D5910B91679
:100C300082106C708C70C6BAB91E82104C70004164
:100C40000E09E002C140E0850DEF2D876079E1409B
:100C50005687A4170011607AE1414E870C71607AC3
:100C6000E1412D8623D80DA56079C1405686A41692
:100C70000011607AC141402482307DD96C727208C3
:100C8000E0022240031482306E857DD9A1BAC140B2
:100C9000020AE000031C823010DDA2F061150F167D
:100CA0008C27C39F04F2FFD8C1418BFFC140B60D12
:100CB0006FFF8A20062B32250114104085E92C7124
:100CC0008E0D6FFEC1408209AFFEC140DB15441797
:100CD000DA154317D9154217C1405E08E0020241F8
:100CE0008C27C39F11DD7CF2E140C1417AFF78F08F
:100CF0007CD96C72FA0FA00222404108B120031483
:100D000080303815061080B8031C02304024C230F1
:100D10007CD96C718C70AC70EA0E200322404024A8
:100D2000823042D96C72CA0FA00222400314803074
:100D300038150610C5B81DF038150610A0B8031CEC
:100D400002304024C2307CD96C718C70AC70B60E0D
:100D5000200322404024823042D96C72920FA002BC
:100D600022400314803038150610C5B887B8031C1C
:100D700002304024C23042D96C718C70AC70860E47
:100D800020032240402482307DD96C72620FA00281
:100D900022400314803093150117941503179515FD
:100DA00002173815061045208002A31D5C10A41DF3
:100DB000DC10A51D9C10031C02304024C2307DD9DC
:100DC0006C718C70AC703E0E200322400C70C141DF
:100DD0004E0BE002611DD81361150D16A140CAC764
:100DE000F81CC8B75F80C2B9071C42301CE038123B
:100DF00006004024C23143D96C718C70060E20036A
:100E0000AC7008141F34E07EECC3A1C1BF814A243A
:100E10004071CB46A10044413041402112072C7063
:100E20000A228003A820800204120305483303002D
:100E30000433008043F624712C75357E0B69270836
:100E4000F500E28EB1408020862A0010802017082D
:100E5000B100FFD82241820CEFFF001803200018D8
:100E6000832000964024823042D948300000641D1F
:100E700018106C727A0EA0024240031480303815AC
:100E80000610C3BF6C20C000E578031C023040246C
:100E9000C23042D96C71C344140078324240660DAE
:100EA00020030A2540044024823043D96C72420E4C
:100EB000A0024240031481306415001680250511FC
:100EC00020ADCCC7E8C204777040284588E0040113
:100ED0002D0024DE7C100F202520000009F03CF0BE
:100EE00050F05AF066F03DF074F041F043F0018D9F
:100EF000608D08B8057BD91FDC10238D028D6E7CB8
:100F000008B90579DA1F5C10058D448D2E7908B873
:100F10004578DB1F1C100E7A4E0AE0028140B508AE
:100F200031002C700240EE09EFFF8142DA174217C0
:100F30002C71E209EFFF0240DB1742172C72D60931
:100F4000EFFF02402C71EE0AEFFF0240FA0E6FFE37
:100F5000024020F0A1408208200002411AF0008DDA
:100F600080270713CD70C0B829F04E0EA0000240B4
:100F700006F0A1404041B6096FFF024208462AF040
:100F8000008D442041000240DA0FAFFFD61F42100F
:100F9000CD7020F02C70BA0A6FFE0240008D11E86F
:100FA0002908710023DEBE0F2FFF024008460EF015
:100FB000008D8027861ACD70C1B800AF0AF0A1401D
:100FC0000241CA086FFFCD702C71860A6FFE024085
:100FD000C140C8C6E4C20088BF8128464420418081
:100FE0005625401D20A819F48A20460A08651D08C8
:100FF00071002C708E0AEFFFC140D615801086E874
:101000002C70620FAFFFC140611500161BE83F084E
:1010100071000C7118F02C70360A6FFEC1401F86EB
:101020008020460A00888AE82C713A0FAFFFC14041
:101030002C71520AEFFFC1402C71160A6FFEC1409D
:1010400005F00C70920AEFFFC1410C70C4C6E07845
:101050005F8120456C72761A18008022C3053C49D6
:10106000C3441300D8BDA104A0021CD95F81204550
:1010700016DB5D1A18008022420F3C49C34413005E
:1010800050E98504A0022C73F8C3A3C1304103E8E2
:10109000D8C77C111020B911C0202C1015200810C1
:1010A000182004101420147044F6BE10C0201470D0
:1010B0005C012A0055208E2F820C4FEE1043D4166F
:1010C000C0903042D016C190CB108820C7108B2022
:1010D000CA10C32008B8C9108C20C3421300345E64
:1010E00008B9052000020521C10248308B000282A8
:1010F00008BB857B48318C002582003000034833D3
:1011000083000130C60004820031C9002082003013
:101110000003CB45A100201E0031C1000130430275
:1011200001820131080323820030C002101516101D
:101130000031C102013000101415171001364200B1
:101140000133C102FC8640C0022380A542C10322B4
:10115000C1A59E0DAFE241C20730800F7A47000063
:1011600007360270803F00000037801F8C3FCDCCD7
:1011700004320080900026003D26C1243D278024B3
:101180000C22C0A5CA2041007D0811000037801F35
:10119000663F6666043200806C002C004A24C070F2
:1011A0004A240010A82040081520002380C15520A3
:1011B000430F95794083008101308200C3400000D5
:1011C000FF7F40A14832C10248318B000232C20287
:1011D0001308620040A3C340FFFF00801071CA20C3
:1011E0004A00857119A3208D0BE9048D0D090100BA
:1011F0003F86607922400C70047104AD04F03F8694
:1012000060792240101DC014141D8014530C30202E
:1012100055218D28B914C02047081300BE10802026
:101220003F08BE0182422185DE0EA0020085330DFB
:101230001020B915C0202B081300E510812011E9FA
:10124000E610802015092100A2422185BA0EA002D5
:1012500000850C70E61803200471E6180220177050
:1012600018F3B910C03014702806CAFFBE108020D1
:10127000E5B810F3218500858E0EA0020342D8C781
:10128000E8C3A1C10845B6D8021C0430FE092FFFEF
:10129000A14040250F17402482307ED96C713E0951
:1012A0002003E140060AAFED0C72E2092FFFA140D6
:1012B000402482302C706C72360AA002E140E108B2
:1012C000310022DE03148030D508B10A21DED608B1
:1012D0002000A140D340803F00004024423053D939
:1012E0006C718C70AC70E1400A260004011C8332E2
:1012F00012092003CD704024423055D96C718C7096
:10130000AC70E1400A260004FA082003011C823375
:101310004024423056D96C718C70AC70E1400A2682
:101320000004E2082003011C82334024423054D9D7
:101330006C718C70AC70E1400A260004C608200372
:10134000011C83322C702E0D6FFEA14010402C71B9
:10135000220D6FFEA14008472C721A0D6FFEA140AE
:101360000041FFDA80213E0008BA30792909A40043
:101370008A213E003B67707B1D0BA400027130790F
:101380001509A40005270F1405273E9004F2C20892
:101390002FFFA1404E850C70607AA141C140C8C7A3
:1013A000EAC3A1C108461F80CB45A100FC206C7098
:1013B00008D940250C168DBB24DA8CB9C218580305
:1013C000C118180380208C0F40260F1760B0A21898
:1013D0008280C018C381BE184480402482307CD9EA
:1013E0006C720E09A002E140031480304024C23028
:1013F0007CD9A0B8031C02306C71E20FE002E1401E
:101400001040AA08AFED0C71AB08312040248230A7
:1014100059D96C72DA08A002E140031480304024EC
:10142000C23059D9A0B8031C02306C71AE0FE00273
:10143000E1408308310054251019AD708A21022043
:10144000B07AC140BE0CE00202411B09852F0000AA
:101450000020552111285520102855250D1872E817
:1014600029F0A9E84024823059D96C728208A00280
:10147000E140031480304024C23059D980B8031CA5
:1014800002306C71560FE002E14014DD40248230DE
:1014900021D96C725A08A002E14003148030170869
:1014A00070007FD8CE0F6FED17B8A5772F2647F3C2
:1014B000EEF5CAC778880C700A21800FA100D820E9
:1014C000011182040B0BA00014760471BAF7E07FBF
:1014D00038238000EAC20845CD70CB47A100D82050
:1014E00001179014188D33080004AE0D0FEE1E0C7A
:1014F0002FEE104100420240960D2FEE22410DE8E2
:101500002F80407900418C2002800C71CC21828F89
:101510000000FF0005F2C571C90ED4910C70CAC657
:10152000E4C3A1C140200E0708454024823057D9AA
:101530006C72BE0F6002C140031480304024C23080
:1015400057D9A5B8031C02306C718C70AC70C346BF
:10155000803F0000AE0EE002C140B91581100C7052
:10156000C6B9B91D4210C4C7E4C3A1C140200E07CB
:1015700008454024823057D96C72760F6002C14012
:10158000031480304024C23057D985B8031C023080
:101590006C718C70AC70C346803F0000660EE00238
:1015A000C140B91581100C7087B9B91D4210C4C76C
:1015B000E07FA6100001E0781F80E07F9F1000060A
:1015C000E6C2BF812846760F2FEE0847A11D1810EE
:1015D000C140607FA21D5810C6C6E078E07F9C1015
:1015E0000000E078E6C03F085100C343A100701E30
:1015F000008B00A9038B828BC18BB668E48B156CC2
:10160000C4BE4420000884250110C578976FA578D2
:10161000857801A9068B02A9078BC2B803A9001A15
:1016200005010C70C6C4E078E2C2BF80004109A584
:10163000120820000C700C709F1D1910C2C6E078B3
:10164000EAC3A1C1BF8128463508B40010408C20F0
:1016500002A0CC2082AF0000FF0054F480D9FE0B22
:10166000EFFEC140560B2002C140C340484100007C
:10167000A60BAFFEC1419F1D181444F02C70DE0B69
:10168000EFFEC140FF863C4E80C22FD96C71001C1A
:1016900083304A0DE00210410E87120E6FED483084
:1016A000C002C341A100701E6091039182894389E9
:1016B00060C3021C023028B8248928BB05BC06BAC6
:1016C0004420CF09C4BB442400188422010065785B
:1016D00007B945782578011C023080C230D96C7476
:1016E0002240FA0CE002031CC233B9168010C1413B
:1016F000C6B8B91E02100C701E0BAFFE9F1D181449
:101700000C701E0AA002C1419F150016CAC7E078DE
:10171000E2C20C703A0AA00228459C150010C2C60D
:10172000E6C24F08710023D8490A1401E1890389F0
:10173000C089A28908BF08B804278C1F0000001FB9
:1017400084201C00C342A100701EC57CA57880B215
:1017500003B2018925B8C0B802AA018926B8C0B869
:1017600003AA018927B804AA520A200260400C701B
:10177000C6C6E078E4C3A1C145093101484640200E
:101780000D074024823058D96C72660D6002A1406A
:1017900003148230126E442001015022800025780B
:1017A000031C02304024C23058D96C718C70AC706C
:1017B000C346803F00004E0CE002A140C4C7E07861
:1017C000E4C3A1C140200E0708454024823057D908
:1017D0006C721E0D6002C140031480304024C23080
:1017E00057D9A1B8031C02306C718C70AC70C34621
:1017F000803F00000E0CE002C140B91581100C7052
:10180000C6B9B91D4210C4C7E4C3A1C140200E0728
:1018100008454024823057D96C72D60C6002C14012
:10182000031480304024C23057D981B8031C0230E1
:101830006C718C70AC70C346803F0000C60BE00238
:10184000C140B91581100C7087B9B91D4210C4C7C9
:10185000E07FA6100001E0781F80E07F9610000670
:101860005F8120456C73951A18008022C3063C499D
:10187000C3441300D0E7910460021ED9E07F9C109E
:101880000000E078E8C3A6C1504028461471031C4C
:10189000033080F440230D0781C27CD96C72520C56
:1018A0006002A14005148030402482307CD9031CA2
:1018B0000230A0B8021C02306C718C70AC70C34650
:1018C000803F00003E0BE002A140402482302FD92F
:1018D0006C71A140060BE002021CC33081C230D9FA
:1018E00011DB0E0C6002A1404024413110DA4A0F96
:1018F0006FE2C140402482302FD96C71A140DE0AD2
:10190000E002021C033181C230D911DBE20B60021C
:10191000A140284E402441311E0F6FE210DA4024CE
:1019200082302FD96C71A140B20AE002021C43310F
:1019300081C230D911DBBA0B6002A140484E40246D
:101940004131F60E6FE210DA402482302FD96C71EB
:10195000A1408A0AE002021C833181C230D907DB30
:101960008E0B6002A140684E40244131CA0E6FE2E6
:101970004C764024C2307CD96C718C70AC70C346FC
:10198000803F00007E0AE002A14036D80018042003
:101990000C70C8C7F1C000411F807FDB4C7017BBC3
:1019A0009618980024A0DC188400DB1882006EA032
:1019B0000E0820000C70D1C0E07F0C70ECC3A2C1F7
:1019C0007C1110002845D908B40010418C2102A0D8
:1019D000CC2182AF0000FF00BDF480D97E08EFFE6D
:1019E000A140DF8540250F174024C2307CD96C729E
:1019F000E140FE0A6002071C033021C038160610C1
:101A000040244230071C0230A0B8011C02307CD9AF
:101A10006C718C70AC70EE09E002E1404024423001
:101A20002FD96C71E140B609E002011C83314024DA
:101A3000C23032D96C73BA0A6002E14021C2051487
:101A400081306C7280BA84B9011C8230021C423031
:101A50004024423032D98609E002E140402442303D
:101A60002FD96C71E1407609E002011C03303E0A77
:101A70006FED32D8381606104024C2317CD96C7113
:101A80008C70AC707E09E002E140C3404842000027
:101A9000860F6FFEA141961858245DF02C70BE0F82
:101AA000AFFEA140FF85CD703C4D4024C2307CD9B3
:101AB0006C72061C82333A0A6002104221C0381749
:101AC000061081C25020010061C1061C02307CD981
:101AD0006C718C70AC702E09E002424040244230A0
:101AE0002FD96C714240F608E002011C833140247A
:101AF000C23032D96C73FA0960024240051480305A
:101B00004024423032D9A4B8021C02306C724240E8
:101B1000CA08E002011C8233402442302FD96C7184
:101B20004240BA08E002011C823382096FED32D8CC
:101B300038170610402482317CD96C718C70AC70DF
:101B4000C208E00242400C70A141CE0E6FFE961812
:101B500058240C70CA0D6002A14196100026CCC713
:101B6000E2C20C70EA0D600228459C150010C2C646
:101B7000E4C3A1C128452C70D3087100011C423078
:101B8000CB0AB40D23D940230E07402482307CD9E0
:101B90006C725E096002C1400314803080C27CD93F
:101BA000011C0230A0B860C06C718C70AC70C34670
:101BB000803F00004E08E002C14080C22FD96C7106
:101BC000C1401A08E002001CC33030D910DBC1400C
:101BD0000A08E002A14280C22FD96C71C140FE0FF9
:101BE000A002001C03314025021430D910DBEE0F97
:101BF000A002C14080C22FD96C71C140DE0FA0028B
:101C0000001C43314025021830D910DBCE0FA00252
:101C1000C14080C22FD96C71C140C20FA002001C0C
:101C200083314025021C30D96C76B20FA002C1402E
:101C3000402442307CD96C718C70AC70C346803FBC
:101C40000000C20FA002C1402C702040C4C7E07841
:101C5000E4C3A1C140200E0708454024823057D973
:101C60006C728E086002C140031480304024C23080
:101C700057D9A1B8031C02306C718C70AC70C3468C
:101C8000803F00007E0FA002C140B91581100C708A
:101C9000C6B9B91D4210C4C7E4C3A1C140200E0794
:101CA00008454024823057D96C7246086002C14012
:101CB000031480304024C23057D981B8031C02304D
:101CC0006C718C70AC70C346803F0000360FA00270
:101CD000C140B91581100C7087B9B91D4210C4C735
:101CE000E07FA6100001E0781F80E07F8A100006E8
:101CF0007F810042941B18002040007AE07F9C10F6
:101D00000000E078F1C05F8000417FD817B80EA2D4
:101D10000C708A1A19001208200025A2D1C0E07F99
:101D20000C70E078EAC3A2C1BF812846BB08B400AA
:101D300010408C2002A0CC2082AF0000FF00A5F450
:101D400080D91A0DAFFEC140FF863C4E4024423080
:101D50007CD96C72071C0330960F200210410214CC
:101D600080303817061081C2071C0230A0B861C04D
:101D70007CD96C718C70AC708A0EA002224081C23A
:101D80002FD96C712240560EA002041C83314024CE
:101D9000423032D96C735A0F200222400314803033
:101DA0000214813081C283B861C1051C023032D96E
:101DB0006C722A0EA0022240F20E2FED32D8381794
:101DC00006104024C2317CD96C718C70AC70360E18
:101DD000A0022240C340484200003E0C6FFEC141B9
:101DE0008A1D181451F02C70720CAFFEC140FF8692
:101DF0003C4E402442307CD96C72061C0330F20EFB
:101E0000200210410214803038170610402482301E
:101E100050200100021C4230061C02307CD96C713B
:101E20008C70AC70DE0DA002224081C22FD96C7183
:101E30002240AA0DA002041C83314024423032D932
:101E40006C73AE0E200222400314803002148130E5
:101E500081C2A3B861C1051C023032D96C727E0DFB
:101E6000A002224038170610402482317CD96C71C0
:101E70008C70AC708E0DA00222400C70C1419A0B88
:101E80006FFE8A1D18140C70960A6002C1418A15F3
:101E90000016CAC7E2C20C70B60A600228459C153B
:101EA0000010C2C614702040E07D3F8095110106ED
:101EB0000079E078E6C1A3C19F80AD7042C5814042
:101EC000802045036188C088F7108F8008BB657E3D
:101ED000C2BF41C540C5DB0E801F00000080A114B9
:101EE0000017CF0E2010CE788314431748308B0094
:101EF000483380000030830F004300000033801F10
:101F0000003F00004A24C0700130C000A11C9C1397
:101F1000412803040030880F00380000CD70C3470B
:101F2000003C0000991C1C109A1CDC10A8204100E9
:101F30001424801380C38A104B071523860387104F
:101F400043074833841084104B07483385008D10B5
:101F500043078010400748338B10483383004830D4
:101F60009E000033C01100338B0F00390000003099
:101F700000100034840F003A00000130830F803FCE
:101F800000000030C0120035C50101340B000033E1
:101F90008007152489130030C00200304311C57139
:101FA0009B191C1030B8001EC0009C191C100C712D
:101FB0004A24C0700028C00348308700A820800C45
:101FC0001424401315244B13961043079C130E172B
:101FD00040240930A310400748338600F021431302
:101FE000402E09149B130E1748308000F02148033F
:101FF00001338B0F803F0000013003000521801367
:102000000030C00101338301013000100033C301EF
:102010000030C00215224F030130C000A57100A797
:10202000C6C5E0785F8120453C498022050322D95E
:10203000C3441300B4D9D10420026C73E4C3A1C11A
:1020400040200E0708454024823057D96C72A20CFC
:102050002002C140031480304024C23057D9A4B8B4
:10206000031C02306C718C70AC70C346803F000062
:10207000920BA002C140B91581100C70C6B9B91DF0
:102080004210C4C7E4C3A1C140200E070845402444
:10209000823057D96C725A0C2002C1400314803030
:1020A0004024C23057D984B8031C02306C718C7044
:1020B000AC70C346803F00004A0BA002C140B91576
:1020C00081100C7087B9B91D4210C4C7E07FA610FB
:1020D0000001E0781F80E07F77100006E4C2DF8116
:1020E00028456C72781E18103C495526021E20D9CE
:1020F0008C70160C2002A145781601166079A1405B
:10210000C4C6E078E07F9C100000E078E6C06B0871
:10211000F1014046C340A1003C1E62908490C690ED
:1021200060A9412B08026E9082A9E8904A90AC9079
:10213000412C0B12412B09026CA9709092900088DF
:10214000C4A9E6A948A9AAA928BE28BF28BA28BDBB
:102150006EA990A928BB28BC12A901190202031973
:10216000C202C5A9E7A949A9ABA90D1942026FA9E5
:1021700091A9001EC5040C70C6C4E078E6C23FDA1F
:102180000041C340A1003C1E8A231E010ABA66B06A
:1021900048B04022C30F5F818A2319108A240A1F86
:1021A000CB47000012F9CB4600005178CB45000028
:1021B000717D0418C40284B0ECB0CEB0B0B0241865
:1021C0000504001803006AB00C70771A19000E0895
:1021D000200026A20C70C6C6EAC3A2C1BF81284651
:1021E000CB08B40010408C2002A0CC2082AF0000AD
:1021F000FF00B0F480D96608AFFEC140FF863C4EB8
:10220000402442307CD96C72071C0330E20A200261
:1022100010410214803038170610402482305020BC
:102220000100021C4230071C02307CD96C718C709A
:10223000AC70D209A002224081C22FD96C71224019
:102240009A09A002041CC3314024423038D96C736F
:102250009E0A20022240031481300214803081C281
:10226000051C42304520010545208005021C4230F6
:1022700061C038D96C726609A00222402E0A2FED87
:1022800032D8381706104024C2317CD96C718C705A
:10229000AC707209A0022240C340484200007A0F8D
:1022A0002FFEC141771D181454F040260F1740240B
:1022B00042307CD96C72E140360A2002061C0330A1
:1022C000021480303815061040248230502001005E
:1022D000021C4230061C02307CD96C718C70AC70D0
:1022E0002209A002E14081C22FD96C71E140EE08C1
:1022F000A002041CC3314024423038D96C73F20967
:102300002002E140021480300314813081C2A1B860
:10231000051C423061C038D96C72C208A002E1408D
:102320008A092FED32D838150610402482317CD925
:102330006C718C70AC70CE08A002E1402C701E0F46
:102340006FFEC1400C70C141CE0E2FFE771D1814D8
:102350000C70CE0D2002C14177150016CAC7E07877
:10236000E2C20C70EA0D200228459C150010C2C67E
:10237000F4C3A4C1604687E0AD70E6F493E2C801FF
:10238000250023DD001192000111900082896389EC
:102390000411910005894689E7890811880009110F
:1023A0008B000A119F000B118400121194000C1174
:1023B00087000D1189000E119E000F11850010116C
:1023C000950031894028132208BB4028100208BF1D
:1023D00040290912402D0502402900027C161600F2
:1023E000CB46A1003C1E402B0B12402C0402857BE7
:1023F000457F0521C2110525810705204005AD70E7
:102400000522D2240520502405230B120524CC07D5
:1024100064B64EB630B612B64026000783C27CD9E9
:102420006C72081C443341C540C50E1C42330C1C61
:1024300044330F1C4233001E0215041E84140C1E6C
:102440000414E8B6141EC4128CB6A608200210406C
:102450000D148030381606204024423350200100ED
:102460000D1C42300F1C02307CD96C718C70AC702A
:10247000920F6002024080C22FD96C7102405E0F41
:102480006002001C833102962496469668968A96CE
:1024900060C0021C423061C2061CC23028B828B994
:1024A00028BA28BB62C428BC011C0230031C42307D
:1024B000051C8230071CC23080C236D90ADB0240BC
:1024C0001A0F6002091C023380C22FD96C710240BE
:1024D0000A0F6002001CC3310C962E96509672961D
:1024E00060C0021C423061C2061CC23028B828B944
:1024F00028BA28BB011C0230031C4230051C823064
:10250000071CC23083C238D96C73E60FE001024069
:10251000208E0D1480300E1482300ADB2578091CC1
:10252000823062C080C230D9B20E600202403816DA
:1025300006204024C2337CD96C718C70AC70C60EFE
:1025400060020240A140D4C7E6C3A1C1DF8140219F
:102550000F0708454024823077D96C72E140920F12
:10256000E001001C01306195809542950314803094
:1025700038160610412C0E12412B8B01412A0801FE
:10258000C1BE4423011344200D1CC579A5796C20DC
:1025900040012578031C0230021C8230011CC2302D
:1025A00080C274D96C748C70AC70E140560E6002BD
:1025B00060C4C6C7ECC3A1C1DF800845F8884024C9
:1025C0008230E71680107CD96C720F20C003E71EA2
:1025D00002103C4D1A0FE0011041031480304E717F
:1025E00044205080031C023409F26E867CD94C7062
:1025F000A140A2082000031C03306E862FD94C7125
:10260000A14092082000002ACF236E8635D94C7451
:1026100082082000A140960EEFEC28D8402482309A
:102620006AD96C72CA0EE0012240031482306E86B1
:102630006AD981BAA1405E082000031C82306E86F0
:102640007ED9A0DA4E0820000A2040035E0EEFEC8F
:102650000C75402482302C736C72960EE00122407F
:102660000314803024B844204080031C0230F0F36F
:10267000110830207CD96E864C711A082000A140C8
:10268000E71681100C70E679E71E4210CCC7E0789F
:10269000E6C3A1C1DF806847031C82301CE04024F0
:1026A000C2306C71360D600228450137801F803FB3
:1026B0000000C20DCFEC03148030DD653C1D02101C
:1026C000C6C7E078E4C3A1C140200E0708454024F6
:1026D000823057D96C721A0EE001C1400314803069
:1026E0004024C23057D9A3B8031C02306C718C70DF
:1026F000AC70C346803F00000A0D6002C140B915AE
:1027000081100C70C6B9B91D4210C4C7E4C3A1C181
:1027100040200E0708454024823057D96C72D20DF4
:10272000E001C140031480304024C23057D983B83F
:10273000031C02306C718C70AC70C346803F00008B
:10274000C20C6002C140B91581100C7087B9B91D67
:102750004210C4C7E07FA6100001E0781F80E07F30
:10276000A8100006E6C2BF812846D20DAFED08478B
:10277000AA1D1810C140607FAB1D5810C6C6E07876
:10278000E07F9C100000E078EAC3A4C15041F90842
:1027900071002846BF833C4B80C27CD96C720E1CF2
:1027A00003304E0DE0011040011480303815061042
:1027B0004024423050200100011C42300F1C0230E6
:1027C0007CD96C718C70AC703A0C60020240402471
:1027D00082332FD96C710240020C60020E1C8330D0
:1027E0000E85CA0CEFEC4830C00280C236D90BDB34
:1027F000FE0CE00102400214803021C70114833036
:10280000031482300A14813005148C300614883089
:10281000071487300814893009148B3038150610D6
:1028200008BF08B8CB45A1007A1E6578E57A29ADC6
:1028300000B541B54024C2337CD96C718C70AC704A
:10284000024084AD051D0212061DC211071D421271
:10285000B20B6002081DC212008D00AE018D01AEE8
:10286000028D02AE038D03AE048D04AE058D05AE60
:10287000068D06AE078D07AE088D08AE098D09AE30
:10288000001985220C70CAC7E4C2DF800845E2093E
:1028900020020AA60C7012082000A1410C70A81E8C
:1028A0001910C4C6EAC3A3C1BF812846BF08B4003B
:1028B00010408C2002A0CC2082AF0000FF00B0F4BA
:1028C00080D99A096FFEC140C340484200004A09BE
:1028D0002FFEC141FF863C4E81C27CD96C72120C26
:1028E000E0011041051480303817061040244231B1
:1028F00050200100051C42300B1C02307CD96C7149
:102900008C70AC70FE0A6002224080C22FD96C71BC
:102910002240CA0A6002001C83300E878E0BEFEC47
:102920004830C00281C234D96C73C60BE00122402A
:102930000514803080C234D984B860C06C719E0A9E
:10294000600222400E87660BEFEC4830C002381759
:1029500006104024C2327CD96C718C70AC70A60A0F
:1029600060022240A81D18145AF040260F17402478
:1029700082307CD96C727A0BE001E1400314803024
:10298000381506104024C23050200100031C42308C
:102990000A1C02307CD96C718C70AC70660A6002C3
:1029A000E14080C22FD96C71E140320A6002001C04
:1029B00083300E85F60AEFEC4830C00240248230A6
:1029C00034D96C722A0BE001E1400314803080C2DC
:1029D00034D9A4B860C06C71020A6002E1400E856F
:1029E000CA0AEFEC4830C002381506104024823283
:1029F0007CD96C718C70AC700A0A6002E1402C705A
:102A00005A086FFEC140B9168010C141C6B8B91E40
:102A100002100C7002082FFEA81D18140C70020F73
:102A2000E001C141A8150016CAC7E078E2C20C70E7
:102A30001E0FE00128459C150010C2C6F1C04508D4
:102A4000710023D83F0A940201898089C342A10002
:102A50007A1E08B8857800B20389828908B885781B
:102A600001B2048904AA058905AA068906AA07896C
:102A700007AA088908AA098909AAF60FE001604097
:102A80000C70D1C0E07EE078F1C0C340A100C84125
:102A9000B910C1000909130031804079C340A10079
:102AA000F81D008005E8298803E931804079D1C00C
:102AB000E07EE078E4C3A1C12846C341A100E01D47
:102AC00020890845CE0D20020C76004127ED3C4EB2
:102AD000402442301A0AE0016C7308442F2607F0A4
:102AE0001EF4031480308D704128430144204200BD
:102AF000412801014128CB00412888001D7865AD9F
:102B000040AD442143004423421044204110C0B84A
:102B100064AD43AD22AD01AD02F0FFDC8D78C4C7DA
:102B2000E4C3A1C12846C341A100041E2089084571
:102B3000760D20020C76004127ED3C4E40244230B9
:102B4000AE09E0016C7308442F2607F01EF403144D
:102B500080308D704128430144204200412801010A
:102B60004128CB00412888001D7865AD40AD442147
:102B700043004423421044204110C0B864AD43AD2B
:102B800022AD01AD02F0FFDC8D78C4C7C343A100C4
:102B900069130F08500115085100178B03F0008BC3
:102BA000C1B800A9001A8500E07F0C70E8C3A3C17A
:102BB000C341A100941220810846041C0530001C6A
:102BC000013008E9C340A10000124079004176F0CD
:102BD00080C0E60EEFFFC141C341A100E01D208986
:102BE0000845B20C20020C750847B570AD711DF494
:102BF00003148030330871004024423240260D1700
:102C00006C73E141EA08E001A1400B1480304024DC
:102C1000C2316C716C20C000071C0230A140BE0F95
:102C20002002E141AD703C4E82C26C71E141081C52
:102C3000C331AA0F200210407208EFEC0AD880C0FE
:102C4000760EEFFFC14191E8051480301B08F101B9
:102C500082C26C710240E141820F2002081C4331A4
:102C60004A08EFEC0AD880C04E0EEFFFC141004188
:102C700087E8051480300B0870012C70ECD92F26E2
:102C800047F0C5256210350D3F10402442326C7369
:102C900002405E08E001E1410B1480304024C23163
:102CA0006C716C20C0004520C000071C023002403F
:102CB0002A0F2002E1412C702D78C8C7E8C3A3C1B8
:102CC000C341A100641320810846041C0530001C88
:102CD000013008E9C340A100D0124079004176F0EC
:102CE00080C0420EEFFFC141C341A100041E2089F4
:102CF0000845B60B20020C750847B570AD711DF480
:102D000003148030330871004024423240260D17EE
:102D10006C73E141DA0FA001A1400B148030402414
:102D2000C2316C716C20C000071C0230A140AE0E95
:102D30002002E141AD703C4E82C26C71E141081C41
:102D4000C3319A0E20021040620FAFEC0AD880C047
:102D5000D20DEFFFC14191E8051480301B08F1014D
:102D600082C26C710240E141720E2002081C4331A4
:102D70003A0FAFEC0AD880C0AA0DEFFFC141004165
:102D800087E8051480300B0870012C70ECD92F26D1
:102D900047F0C5256210350D3F10402442326C7358
:102DA00002404E0FA001E1410B1480304024C2319B
:102DB0006C716C20C0004520C000071C023002402E
:102DC0001A0E2002E1412C702D78C8C7EEC3A4C1B1
:102DD00098108000AD70CB46A10090121471B6F42B
:102DE000008E011C42330F1C42330E1C423390E014
:102DF0007E052500AD70CB47A100E01D208F960A0F
:102E000020020C76D342A100E4414024C2326C730C
:102E10000041DE0EA00142400D1480304420138298
:102E20001DF2208F6E0A20020C7508454024C23224
:102E30006C734240BA0EA001A1410D1480304024B1
:102E400082336C716C20C0000E1C0230A1418E0DCB
:102E500020024240560EAFEC0AD878D8011C02304E
:102E6000402442307ED96C71720D200242403E0EE9
:102E7000AFEC0AD860D8011C0230402442307ED921
:102E80006C715A0D20024240220EAFEC0AD8AED827
:102E9000011C0230402442307ED96C713E0D20026C
:102EA00042400A0EAFEC0AD84024C2327FD96C737C
:102EB0003E0EA001424081D8011C02304024423025
:102EC0007FD96C71160D20024240402442307DD9DA
:102ED0006C714240060D2002011C83304024C23236
:102EE00021D96C730A0EA00142402F2607F0400240
:102EF00001004024423135D96C73F60DA0014240E7
:102F000008452F2607F00E70CD702E701CF40714A4
:102F100090304024823029D96C73D60DA0014240F4
:102F200082C22AD96C73CA0DA00142400A148030B3
:102F300021C16C20512103B8C2B944200E0E532088
:102F40005021257E79020000008E021C423390E061
:102F50001E04250062C5CB47A100E01D208F360965
:102F600020020C76D340A100E441402442316C732E
:102F700000417E0DA00102400714803044201182E0
:102F80001BF2208F0E0920020C75084540244231A7
:102F90006C7302405A0DA001A1410714803082C217
:102FA0006C716C20C00062C0A141320C2002024052
:102FB000FA0CAFEC0AD878D8021C023040248230D8
:102FC0007ED96C71160C20020240E20CAFEC0AD8DC
:102FD00060D8021C0230402482307ED96C71FE0B16
:102FE00020020240C60CAFEC0AD8AED8021C023058
:102FF000402482307ED96C71E20B20020240AE0C7C
:10300000AFEC0AD8402442317FD96C73E20CA001A6
:10301000024081D8021C0230402482307FD96C717A
:10302000BA0B20020240402482307DD96C710240EC
:10303000AA0B2002021C83304024423121D96C7338
:10304000AE0CA001024008452F2607F009F4008EBF
:103050000F08940407148030F7E003F2EADD2F260E
:1030600047F346F4402482307DD96C7102406E0BE8
:103070002002021C033080D8021C0230402482301F
:103080007FD96C71560B20020240208F0C75060808
:103090002002021CC331402482306C7100413E0B7F
:1030A00020020240060CAFEC0ED8208FE60FE001A4
:1030B0000C76EE0BA001E0D908459AE8208F0C753C
:1030C000D20FE001021C4331402482306C71004178
:1030D0000A0B20020240D60BAFEC12D8208FB60F9D
:1030E000E0010C76BA0BA001A0D9084536701EF29B
:1030F0002F2647F31AF4208F9A0FE0010C7508452C
:10310000402442316C730240E60BA001A141071438
:10311000803082C26C716C20C00080B862C0A14156
:10312000BA0A20020240AD7047020000208E130947
:1031300074040D148030F1E0BA05C2FF04F0E1E040
:10314000B205C2FF80D8011C02304024423021D990
:103150006C718A0A20024240008E91E09605E5FFDC
:103160004024823029D96C73860BA001424082C270
:103170002AD96C737A0BA0014240041490300A14CF
:103180008E304024423153209020C2BE35D96C731A
:103190004240041C02345A0BA0010A1C8233084529
:1031A000071480302F2647F3336E6C2051015320D3
:1031B0004E0105205020CA212220C07E2F2647F331
:1031C000D7F4052180230F1C02304024C23335D9A7
:1031D0006C710A0A20024240402442307DD96C7151
:1031E0004240FA092002011C033080D8011C023041
:1031F000402442307FD96C71E20920024240208F86
:103200000C75920EE001011CC331402442306C71F8
:103210000041CA0920024240920AAFEC0ED8208F2A
:10322000720EE0010C767A0AA001E0D9084514700C
:103230009FF4208F0C755E0EE001011C4331402489
:1032400042306C7100419609200242405E0AAFECA8
:1032500012D8208F3E0EE0010C76460AA001A0D9BC
:103260000845147085F481D8011C02304024423096
:103270007FD96C71660920024240402442307DD9DA
:103280006C71424056092002011C833005205024F5
:103290004024C23335D96C714240420920020F1CD0
:1032A0000234412EC01053268110C2B8051C423092
:1032B000021C02304024423129D96C711E092002BF
:1032C0004240402482302AD96C71120920024240C7
:1032D0004024423075D96C71424002092002011C21
:1032E0000331CA09AFEC0C75AD704024423075D97A
:1032F0006C714240E6082002011C423361D8011C77
:1033000002304024423021D96C71D2082002424060
:10331000402442307DD96C714240C2082002011C19
:103320004233402442307FD96C714240AE082002C3
:10333000011C42333B0B30200C755A0DE001208FED
:1033400008464024C2326C734240A609A001C14124
:103350000D148030402482336C716C20C0004520F5
:10336000C0000E1C0230C141720820024240AD78FC
:10337000CEC7E078EEC3A4C198108000AD70CB46F4
:10338000A10060131471B6F4008E011C42330F1CAF
:1033900042330E1C423390E07E052500AD70CB47D2
:1033A000A100041E208F020DE0010C76D342A10083
:1033B000A4424024C2326C7300413609A00142404D
:1033C0000D148030442013821DF2208FDA0CE001AE
:1033D0000C7508454024C2326C7342401209A001AA
:1033E000A1410D148030402482336C716C20C000E8
:1033F0000E1C0230A141E60FE0014240AE08AFECE6
:103400000AD878D8011C0230402442307ED96C7131
:10341000CA0FE00142409608AFEC0AD860D8011C00
:103420000230402442307ED96C71B20FE00142403C
:103430007A08AFEC0AD8AED8011C023040244230E2
:103440007ED96C71960FE00142406208AFEC0AD859
:103450004024C2327FD96C739608A001424081D8C3
:10346000011C0230402442307FD96C716E0FE001A4
:103470004240402442307DD96C7142405E0FE001F1
:10348000011C83304024C23221D96C736208A00130
:1034900042402F2607F0400201004024423135D936
:1034A0006C734E08A001424008452F2607F00E70AD
:1034B000CD702E701CF4071490304024823029D92E
:1034C0006C732E08A001424082C22AD96C73220874
:1034D000A00142400A14803021C16C20512103B860
:1034E000C2B944200E0E53205021257E79020000DF
:1034F000008E021C423390E01E04250062C5CB47BB
:10350000A100041E208FA20BE0010C76D340A10085
:10351000A442402442316C730041D60F6001024046
:1035200007148030442011821BF2208F7A0BE001B7
:103530000C750845402442316C730240B20F6001A3
:10354000A1410714803082C26C716C20C00062C03F
:10355000A1418A0EE0010240520F6FEC0AD878D8E0
:10356000021C0230402482307ED96C716E0EE00164
:1035700002403A0F6FEC0AD860D8021C0230402497
:1035800082307ED96C71560EE00102401E0F6FEC46
:103590000AD8AED8021C0230402482307ED96C7129
:1035A0003A0EE0010240060F6FEC0AD84024423187
:1035B0007FD96C733A0F6001024081D8021C02303F
:1035C000402482307FD96C71120EE0010240402409
:1035D00082307DD96C710240020EE001021C833002
:1035E0004024423121D96C73060F60010240084526
:1035F0002F2607F009F4008E0F089404071480307A
:10360000F7E003F2EADD2F2647F346F44024823048
:103610007DD96C710240C60DE001021C033080D8D8
:10362000021C0230402482307FD96C71AE0DE00163
:103630000240208F0C75720AE001021CC331402445
:1036400082306C710041960DE00102405E0E6FEC1D
:103650000ED8208F520AE0010C766E0E6001E0D980
:1036600008459AE8208F0C753E0AE001021C4331A0
:10367000402482306C710041620DE00102402E0E48
:103680006FEC12D8208F220AE0010C763A0E60010E
:10369000A0D9084536701EF22F2647F31AF4208F62
:1036A000060AE0010C750845402442316C73024063
:1036B0003E0E6001A1410714803082C26C716C2003
:1036C000C00080B862C0A141120DE0010240AD709F
:1036D00047020000208E130974040D148030F1E0BD
:1036E000BA05C2FF04F0E1E0B205C2FF80D8011CB8
:1036F00002304024423021D96C71E20CE00142409A
:10370000008E91E09605E5FF4024823029D96C7344
:10371000DE0D6001424082C22AD96C73D20D600175
:103720004240041490300A148E3040244231532019
:103730009020C2BE35D96C734240041C0234B20DD5
:1037400060010A1C82330845071480302F2647F396
:10375000336E6C20510153204E0105205020CA21A8
:103760002220C07E2F2647F3D7F4052180230F1C8B
:1037700002304024C23335D96C71620CE001424002
:10378000402442307DD96C714240520CE001011C52
:10379000033080D8011C0230402442307FD96C7144
:1037A0003A0CE0014240208F0C75FE08E001011C3C
:1037B000C331402442306C710041220CE001424090
:1037C000EA0C6FEC0ED8208FDE08E0010C76FA0CC4
:1037D0006001E0D9084514709FF4208F0C75CA0869
:1037E000E001011C4331402442306C710041EE0B7A
:1037F000E0014240B60C6FEC12D8208FAA08E0011D
:103800000C76C60C6001A0D90845147085F481D8E7
:10381000011C0230402442307FD96C71BE0BE001A4
:103820004240402442307DD96C714240AE0BE001F1
:10383000011C8330052050244024C23335D96C71DB
:1038400042409A0BE0010F1C0234412EC010532657
:103850008110C2B8051C4230021C023040244231A3
:1038600029D96C71760BE0014240402482302AD97C
:103870006C716A0BE00142404024423075D96C7192
:1038800042405A0BE001011C0331220C6FEC0C7515
:10389000AD704024423075D96C7142403E0BE0015E
:1038A000011C423361D8011C02304024423021D92E
:1038B0006C712A0BE0014240402442307DD96C718A
:1038C00042401A0BE001011C4233402442307FD9B0
:1038D0006C714240060BE001011C42333B0B30206F
:1038E0000C75C60FA001208F08464024C2326C73AD
:1038F0004240FE0B6001C1410D14803040248233F0
:103900006C716C20C0004520C0000E1C0230C1410B
:10391000CA0AE0014240AD78CEC7E078E6C2CB47A4
:10392000A1009C12251782103D8F2617871024179F
:1039300080107C8F08BA402905043B8F402F070474
:103940001A62CB418000000022178D1008BBE07284
:10395000C34600FF00009F8F21178B1079613172E1
:1039600063872317881020178E101E8FC0228601B0
:1039700008BD4832820008BC617500339E000817FC
:103980000710418700170B108C704028081410BED8
:10399000986000204813D860043600B1002143012C
:1039A000C5F6248702365E3005F045F724870136D8
:1039B0005E303173CB44A1000012C0238601317008
:1039C0002584C0208601C344803F00004830850024
:1039D000078401311F01218400324D0101300201B1
:1039E0000036C037003582100131050023840F8472
:1039F00048338300013182002A84023505000D849A
:103A0000003141010033C310003040010132410058
:103A1000013000010C20409207310D0006842984FA
:103A2000C02086110130020102840033820000317F
:103A30004101013082000C8401324100483088107D
:103A4000003040010130000107310E003084118444
:103A5000003102000031430302349F000236C210DD
:103A600064840732DE070030820702358210AE849C
:103A70000732CB07488401320901003702022C14B7
:103A8000081000324202013383000030421101333A
:103A9000830000354211B3840132020107338800EC
:103AA000528400304003003183000230810002352F
:103AB000C010003641100030C0020231000048330F
:103AC000C1120730C2072BA74836C0320AA70130FF
:103AD00080104830C0020CA7C6C6E078E6C2CB47CB
:103AE000A1006C13251782103D8F2617871024170D
:103AF00080107C8F08BA402905043B8F402F0704B3
:103B00001A62CB418000000022178D1008BBE072C2
:103B1000C34600FF00009F8F21178B10796131721F
:103B200063872317881020178E101E8FC0228601EE
:103B300008BD4832820008BC617500339E0008173A
:103B40000710418700170B108C704028081410BE16
:103B5000986000204813D860043600B1002143016A
:103B6000C5F6248702365E3005F045F72487013616
:103B70005E303173CB44A100D012C0238601317076
:103B80002584C0208601C344803F00004830850062
:103B9000078401311F01218400324D0101300201EF
:103BA0000036C037003582100131050023840F84B0
:103BB00048338300013182002A84023505000D84D8
:103BC000003141010033C310003040010132410097
:103BD000013000010C20409207310D000684298439
:103BE000C0208611013002010284003382000031BE
:103BF0004101013082000C840132410048308810BC
:103C0000003040010130000107310E003084118482
:103C1000003102000031430302349F000236C2101B
:103C200064840732DE070030820702358210AE84DA
:103C30000732CB07488401320901003702022C14F5
:103C40000810003242020133830000304211013378
:103C5000830000354211B38401320201073388002A
:103C6000528400304003003183000230810002356D
:103C7000C010003641100030C0020231000048334D
:103C8000C1120730C2072BA74836C0320AA701303D
:103C900080104830C0020CA7C6C6E078E2C30F0807
:103CA000F100A1C11709B5006C7111083101204361
:103CB0000B09D4006C7203F020435320C100146B35
:103CC0004420000C257840220D07031C02304024BC
:103CD000C2302C746C71060FA001A140C340A1003A
:103CE000E01D20880C75AE0BA001031C8330004141
:103CF0004024C2306C71E60EA001A1407FD8760F3F
:103D00002FEC17B8C2C7E078E2C30F08F100A1C1D9
:103D10001709B5006C711108310120430B09D4005B
:103D20006C7203F020435320C100146B4420000C3C
:103D3000257840220D07031C02304024C2302C7429
:103D40006C719A0EA001A140C340A100041E2088FE
:103D50000C75560BA001031C833000414024C23077
:103D60006C717A0EA001A1407FD80A0F2FEC17B812
:103D7000C2C7E078ECC3A3C1CB47A100E01D30402F
:103D8000208F1041CD700C7561C6021C8433060B68
:103D9000A0010A1C823300414020002740248230C9
:103DA0006C7330424A0F2001104021C09708550221
:103DB0000B093120CD718F0810000B0951208708A5
:103DC000500004772708B500AD70402482326C7132
:103DD00042410240060EA0010A1C4233C340C040CB
:103DE0000000920E0FEC5F091020208F0C750B1C49
:103DF000423462C59E0AA001061C44334024C232EC
:103E00006C710041D60DA0010240402482312C7417
:103E10006C73DE0E2001024022C03671C341A10046
:103E2000402024B8CA25A1190F093021C1B80F09B3
:103E3000D120054903F01579A4813A0E2FEC4835BD
:103E40000010C140CCC7E078ECC3A3C1CB47A100B0
:103E5000041E3040208F1041CD700C7561C6021CCD
:103E60008433460AA0010A1C823300414020002707
:103E7000402482306C733042760E2001104021C005
:103E8000970855020B093120CD718F0810000B09DE
:103E900051208708500004772708B500AD704024F2
:103EA00082326C7142410240320DA0010A1C423341
:103EB000C340C0400000BE0D0FEC5F091020208FF2
:103EC0000C750B1C423462C5DE09A001061C44338C
:103ED0004024C2326C710041020DA0010240402416
:103EE00082312C746C730A0E2001024022C036719C
:103EF000C341A100602024B8CA25A1190F093021AF
:103F0000C1B80F09D120054903F01579A481660DC8
:103F10002FEC48350010C140CCC7E078E4C3CB4457
:103F2000A10069134F08B002A1C15B0850019308BA
:103F3000710023D8570AB400CD70A089031C8233C6
:103F4000021C8233001C843340230E0780C22C7471
:103F50006C73C1409A0D2001B7AC350DD0103B0DEC
:103F60005010430D9010A6ED021480304620000C36
:103F70001EF000892D837920000001AC607960403B
:103F80001FF020890C70C1B920ACC4C70214803066
:103F90004520000C0CF0021480304620000C84B840
:103FA00006F0021480304620000C85B8031C023055
:103FB0004024C2302C746C71220CA001C1400C70E2
:103FC000C4C7E078E4C2CB45A100E01D084609154E
:103FD000C0104E0B6001081D4310B9168110C3407C
:103FE000A1009912081D0310C6B9001803000C7037
:103FF000B91E4210C4C6E078E2C20845C340A10021
:104000000C1E1E0B60010010C000B9158110C340CA
:10401000A100691300180300C6B90C70B91D421045
:10402000C2C6E078E4C2CB45A100E01D08460915F0
:10403000C010020B6001081D4310B9168110081D45
:1040400003100C7087B9B91E4210C4C6E2C20845FD
:10405000C340A1000C1EDE0A60010010C000B915AB
:1040600081100C7087B9B91D4210C2C6C340000050
:10407000FF7FE07EC3400000FF7FE07EC340A100E1
:10408000EC1DE07F0080E078C340A100101EE07FBF
:104090000080E078C343A100E01D488B20455470A8
:1040A000E07D05A34025000730D9C342A100B4122A
:1040B000C3441400D42B510420010FDBE4C3A1C17D
:1040C000C342A100041E2846208A05A2DA0F60011F
:1040D0000C7540260D174024C2306C718C70AC708A
:1040E0000041A1400A0BA001031C033130D9C34297
:1040F000A10084130FDBC3441400382CA1400A0C28
:104100002001C145C4C7E078C340A100E41DE07FA1
:104110000080E078C340A100081EE07F0080E078C6
:10412000C34020410000E07EC34020410000E07E0B
:10413000C343A10099120F08500115085100178BB5
:1041400003F0008BC1B800A9001A8500E07F0C7055
:10415000FAC2FC1CC8B6ABC141C0B6D8291C02309B
:1041600001C0AD704024423A1CE07ED96C710A1C3B
:104170004233081C44331B1C4233620AA00140C076
:104180002A0B2FEC0AD800C04024423A7ED96C7129
:104190004A0AA001291C4233120B2FEC0AD800C096
:1041A00082C22C704A0B20016C73147022DD09F45A
:1041B0000A1481301F09F00C8C21028821DD4A0489
:1041C0000200001E4370A100F01DC340AB437B14EE
:1041D00008F0C340CB4185EB001E4370A100E01DF9
:1041E000CB45A1000012ED700E70CD70001D421085
:1041F000AC1D00104F2040212B1C023000C0402479
:10420000C23A50D94A2340000E1CC233CE09A00145
:104210000C1CC433960A2FEC0C7100C083C255D914
:10422000CE0A20016C730E1480304620BE8747C032
:10423000F2F307C02908350883C200C052D9B20A78
:1042400020016C7300C00E148E3083C253D9A20AB1
:1042500020016C730E14803008BE057E14250014F6
:104260000671950834A8501884037A1500116C154E
:1042700010118C1503116A150C116E150F117015A4
:10428000011144C07C150011CB43000000080FDA77
:104290005320D122DB43FFFF00F008BA29BB412C99
:1042A000C4110C21C0A245C004278E102F782F27DF
:1042B000070328BCC5BB84240400C021C626D860DF
:1042C000901DC2107C238E040224031148318C20DF
:1042D0004129D401412912024128012180150511EB
:1042E00082A5EF7C4479483383003C6404C178158F
:1042F00008117415091149C3402B0311042343010C
:1043000072151E11761506111725D6008424042077
:104310002F7B05C14128D51102220F254129D21139
:1043200041280212412914128425042084220420E9
:10433000981D8213C344803B0000412ECE31412E94
:1043400013322F218727412ED701412E18022F2605
:104350008731022246052F7A02248124483696208E
:104360004837951048318F005024C10571700036D0
:104370004120C020C606842604102F204722022395
:104380008923842704200131930FB841000048306D
:10439000810009C02F2507020220C835DB41803883
:1043A0000000483189104836940048308E1050245F
:1043B000C8050031121100300902003440268A2756
:1043C0003C308C2702800130880FD1B817B704C069
:1043D000C027C607717400364B1600374E1604C747
:1043E00027B88420040028BF104F24A5C024C61677
:1043F0008C2102A0C3414844000048308000C02105
:10440000C6278C2502800730540005C0C025C6078A
:104410008C2602B005C7C026C6378C2002A027B85C
:10442000C020C6278C23028028BF84200400C0231C
:10443000C6078C220280104FC022C607483787006B
:10444000483080004833830048328200003506211E
:104450000737870FA04000003C1DC014201D8014AA
:10446000181D8011141D401207304F00381D001216
:10447000341DC012CCA5441D001507335500041D82
:10448000C01107324000F3A548319120483585001E
:10449000003101210035820F003D00000131810F04
:1044A000233C0AD74BA507C248369E30483090209F
:1044B00027A50036813F003D00000030832F003DDE
:1044C000000048348C1083A52AA569A5401D40151D
:1044D0002F0A350812A580D81B1C023000C04024CA
:1044E000C23650D9F60E60016C71C340A10094121F
:1044F0000018800F1300F8F6B60E2FFF01C000C0A1
:1045000082C22C75EA0FE0006C7300168070A10067
:10451000E01D07E80A1480304520C0010AF00016AB
:104520008070A100F01D08E80A1480308520010C7D
:104530001B1C023000C04024C2362C759E0E600148
:104540006C7100168070A1009A12AD70001E42734B
:10455000A100B01291E800160070A100E41DC34153
:1045600014007C2CF60D200101C2001E0270A10077
:10457000E91DAE0D000101C001C14E80607A0C70D2
:1045800001C0B9108100C6B90E0DAFECB9184200D8
:104590007A0BAFEC0846004215D8F60CAFECC141DF
:1045A000001E0070A100F81DC340E73B47AB001E92
:1045B0000070A100A012001E0070A1009C1200C09B
:1045C000C342803A5B9EC341EB3BF61B001E8070EA
:1045D000A100A812001E4070A100A41288C22ED90A
:1045E0006C73221C42330A0FE000201C4433221457
:1045F00080304024823A2ED987B82A1C023000C06D
:10460000DA0D60016C71A140ABC004141B34DAC632
:10461000FAC2FC1CC8B6ABC141C0B6D8291C0230D6
:1046200001C0AD704024423A1CE07ED96C710A1C76
:104630004233081C44331B1C4233A20D600140C0AE
:104640006A0EEFEB0AD800C04024423A7ED96C7162
:104650008A0D6001291C4233520EEFEB0AD800C0CC
:1046600082C22C708A0EE0006C73147022DD09F493
:104670000A1481301F09F00C8C21028821DD4A04C4
:104680000200001E4370A100141EC340AB437B1404
:1046900008F0C340CB4185EB001E4370A100041E0F
:1046A000CB45A100D012ED700E70CD70001D4210F0
:1046B000AC1D00104F2040212B1C023000C04024B4
:1046C000C23A50D94A2340000E1CC2330E0D60017D
:1046D0000C1CC433D60DEFEB0C7100C083C255D94E
:1046E0000E0EE0006C730E1480304620BE8747C06B
:1046F000F2F307C02908350883C200C052D9F20D71
:10470000E0006C7300C00E148E3083C253D9E20DEA
:10471000E0006C730E14803008BE057E1425001472
:104720000671950834A8501884037A1500116C1589
:1047300010118C1503116A150C116E150F117015DF
:10474000011144C07C150011CB43000000080FDAB2
:104750005320D122DB43FFFF00F008BA29BB412CD4
:10476000C4110C21C0A245C004278E102F782F271A
:10477000070328BCC5BB84240400C021C626D8601A
:10478000901DC2107C238E040224031148318C201A
:104790004129D40141291202412801218015051126
:1047A00082A5EF7C4479483383003C6404C17815CA
:1047B00008117415091149C3402B03110423430147
:1047C00072151E11761506111725D60084240420B3
:1047D0002F7B05C14128D51102220F254129D21175
:1047E0004128021241291412842504208422042025
:1047F000981D8213C344803B0000412ECE31412ED0
:1048000013322F218727412ED701412E18022F2640
:104810008731022246052F7A0224812448369620C9
:104820004837951048318F005024C105717000360B
:104830004120C020C606842604102F2047220223D0
:104840008923842704200131930FB84100004830A8
:10485000810009C02F2507020220C835DB418038BE
:104860000000483189104836940048308E1050249A
:10487000C8050031121100300902003440268A2791
:104880003C308C2702800130880FD1B817B704C0A4
:10489000C027C607717400364B1600374E1604C782
:1048A00027B88420040028BF104F24A5C024C616B2
:1048B0008C2102A0C3414844000048308000C02140
:1048C000C6278C2502800730540005C0C025C607C6
:1048D0008C2602B005C7C026C6378C2002A027B898
:1048E000C020C6278C23028028BF84200400C02358
:1048F000C6078C220280104FC022C60748378700A7
:104900004830800048338300483282000035062159
:104910000737870FA04000003C1DC014201D8014E5
:10492000181D8011141D401207304F00381D001251
:10493000341DC012CCA5441D001507335500041DBD
:10494000C01107324000F3A5483191204835850059
:10495000003101210035820F003D00000131810F3F
:10496000233C0AD74BA507C248369E3048309020DA
:1049700027A50036813F003D00000030832F003D19
:10498000000048348C1083A52AA569A5401D401558
:104990002F0A350812A580D81B1C023000C0402405
:1049A000C23650D9360A60016C71C340A10064134D
:1049B0000018800F1300A0FC060B2FFF01C000C0E1
:1049C00082C22C752A0BE0006C7300168070A10067
:1049D000041E07E80A1480304520C0010AF00016C2
:1049E0008070A100141E08E80A1480308520010C94
:1049F0001B1C023000C04024C2362C75DE09600149
:104A00006C7100168070A1006A13AD70001E4273B5
:104A1000A100801391E800160070A100081EC34198
:104A20001400982C3609200101C2001E0270A1005A
:104A30000C1EEE08000101C001C14E80607A0C70AE
:104A400001C0B9108100C6B94E08AFECB9184200D8
:104A5000BA0E6FEC084600420C753608AFECC14147
:104A6000001E0070A1001C1EC340E73B47AB001EA8
:104A70000070A1007013001E0070A1006C1300C034
:104A8000C342803A5B9EC341EB3BF61B001E807025
:104A9000A1007813001E4070A100741388C22ED9A3
:104AA0006C73221C42334A0AE000201C4433221457
:104AB00080304024823A2ED987B82A1C023000C0A8
:104AC0001A0960016C71A140ABC004141B34DAC632
:104AD000E8C3AAC12845084784C02C709E0BEFEE9E
:104AE00018DACB46A100E01D330FB4100C704D0F47
:104AF00030140C708C270290CC27829F0000FF009E
:104B00000BF40C74720AAFFFA14107E80C70A141CD
:104B10000E0EE000E3A60386C8C7A1415A0AAFFF04
:104B2000081E431006E80C70A141F60DE000E3A654
:104B30000386081E0310C8C7208E834206B202B245
:104B400040C00E1C02304E0D20010C75CB47A10059
:104B5000E44183C26C7300419609E000E1400C70AF
:104B6000160AAFFFA1410C742C713609AFFFA142A8
:104B7000208E220D20010C7570DA40251017071CBD
:104B800082304024C2316C71004152086001024001
:104B90001A09EFEB0C71208EFA0C20010C750846F7
:104BA0004024C2316C710240C14132086001071CCF
:104BB0004331FA08EFEB1ED880C0FE0EEFFEA14194
:104BC00091E8051480301F0871014024C2316C71D6
:104BD0000240C14106086001071C0332CE08EFEB1A
:104BE0000C7480C0D20EEFFEA14192E80514803013
:104BF0001D08F1014024C2316C710240C141DE0F39
:104C00002001071C0331A608EFEB10D880C0AA0EC4
:104C1000EFFEA14188E8051480300D0831010C71C8
:104C20008A08CFEB84C10DD8860AE000A14260DE7D
:104C3000B6E884C10BD87A0AE000A142B0E884C18A
:104C400015D86E0AE000A142AAE884C113D8620A0E
:104C5000E000A142A4E882C260D96C73E1400A1C62
:104C600003308E08E000081C05300A148030402410
:104C7000823260D96C2000010A1C02306C715E0F18
:104C80002001E1402608EFEB0C710E148030110872
:104C90007100CD720C71E208AFFFA14109C208C0DA
:104CA0008C704830C1024832C0022E7A0E7BC1415E
:104CB0009E08E000A1404E850C70607AA14110D89A
:104CC000C8C7E078E8C3AAC12845084784C02C704B
:104CD000AA09EFEE18DACB46A100041E1D0FB4108E
:104CE0000C702F0F30140C708C270290CC27829FF1
:104CF0000000FF000BF40C745209AFFFA14107E85C
:104D00000C70A1411A0CE000E3A60386C8C7208EF0
:104D1000834206B202B240C00E1C02308A0B200150
:104D20000C75CB47A100A44283C26C730041C20F33
:104D3000A000E1400C701609AFFFA1410C742C716A
:104D4000CA0F6FFFA142208E5E0B20010C7570DA36
:104D500040251017071C82304024C2316C7100417D
:104D60007A0E20010240460FAFEB0C71208E3A0BF9
:104D700020010C7508464024C2316C710240C141CB
:104D80005A0E2001071C4331220FAFEB1ED880C002
:104D9000920DEFFEA14192E8051480301D087101CB
:104DA0004024C2316C710240C141320E2001071C07
:104DB0000332FA0EAFEB0C7480C06A0DEFFEA14116
:104DC00091E8051480301F08F1014024C2316C7154
:104DD0000240C141060E2001071C0331CE0EAFEB8D
:104DE00010D880C03E0DEFFEA14189E80514803047
:104DF0000B0831010C71B60E8FEB84C10DD8DE09A2
:104E0000E000A14260DEB7E884C10BD8CE09E00023
:104E1000A142B1E884C115D8C209E000A142ABE8C3
:104E200084C113D8B609E000A142A5E882C260D9C6
:104E30006C73E1400A1C0330B60EA000081C05305C
:104E40000A1480304024823260D96C2000010A1C90
:104E500002306C71860D2001E140520EAFEB0C71F7
:104E60000E1480300F087100CD720C71DE0F6FFFD1
:104E7000A14109C208C08C704830C1024832C0024A
:104E80002E7A0E7BC141CA0EA000A1404E850C7047
:104E9000607AA14110D8C8C7E8C3A1C108450C7009
:104EA000D60E6FFF28471470CB46A100E01D85F297
:104EB0009C170110A0170010C342484300000431A2
:104EC0004083CA25451004350090CA2505100435D5
:104ED000809052F6C340C842000004350090540050
:104EE0002B00043580904C0026002C7101A6AD7477
:104EF000004205F041A62C70AD73C340A100991289
:104F000000885108B0000E708BE80132830F48C34F
:104F10000000BFBB0433808F833A6F129AF70432CC
:104F2000808F4843000055F7304094E80E7112F02E
:104F3000C342484200000435809082002B000435B3
:104F400000907A0026002C7241A6AD75D7F1304052
:104F5000F60BE0000916C010218602310000BFB830
:104F60000430808F833A6F124A000C00B20BE000CD
:104F70000916C010FA0BE0000916C010A14002414A
:104F80001E0D6FFFE142208E0A0920010C750041C1
:104F90003C4F4024C2306C718C70AC70520C2001BC
:104FA000031C033116092001E1400C70A209E00046
:104FB000E141081E03100186C8C7C340C841000074
:104FC0000435009088F60435809046F701A62C73CE
:104FD000AD7690F1C342484100000435809089F6D7
:104FE0000435009045F741A62C7307DD87F1C340D7
:104FF000C84000000435009088F60435809046F7DC
:1050000001A62C7308DD76F1C34248400000043548
:10501000809089F60435009045F741A62C7309DD90
:105020006DF1C342C83F00002C730ADD41A667F151
:10503000E8C3A1C108450C70120E6FFF2847147019
:10504000CB46A100041E83F29C170110A01700108C
:10505000C3424843000004314083CA25451004354B
:105060000090CA2505100435809052F6C340C8420E
:1050700000000435009054002B00043580904C0053
:1050800026002C7101A6AD74004205F041A62C70DB
:10509000AD73C340A100691300885108B0000E70C1
:1050A0008BE80132830F48C30000BFBB0433808FFD
:1050B000833A6F129AF70432808F4843000055F705
:1050C000304094E80E7112F0C342484200000435AB
:1050D00080907E002B0004350090760026002C7214
:1050E00041A6AD75D7F130405E0AE0000816C01049
:1050F000218602310000BFB80430808F833A6F12DE
:105100004A000C001A0AE0000816C010620AE0000B
:105110000816C010A1400241F20B6FFFE142208E41
:10512000860FE0000C7500413C4F4024C2306C718A
:105130008C70AC70BA0A2001031C0331A20FE0008E
:10514000E1400C700A08E000E1410186C8C7C34095
:10515000C84100000435009088F60435809046F779
:1051600001A62C73AD7692F1C3424841000004358C
:10517000809089F60435009045F741A62C7307DD31
:1051800089F1C340C84000000435009088F604351A
:10519000809046F701A62C7308DD78F1C3424840A1
:1051A00000000435809089F60435009045F741A64B
:1051B0002C7309DD6FF1C342C83F00002C730ADD78
:1051C00041A669F1E4C3CB44A10099124F08B00293
:1051D000A1C15B0850019308710023D8570AB4009D
:1051E000CD70A089031C8233021C8233001C8433DF
:1051F00040230E0780C22C746C73C140F20AA000D9
:10520000B7AC350DD0103B0D5010430D9010A6EDEE
:10521000021480304620000C1EF000892D83792076
:10522000000001AC607960401FF020890C70C1B9AA
:1052300020ACC4C7021480304520000C0CF00214CE
:1052400080304620000C84B806F0021480304620DE
:10525000000C85B8031C02304024C2302C746C71E1
:105260007A092001C1400C70C4C7E0786A2480121A
:1052700051248093E020820F1300C013CB44000020
:1052800046003E796A24801251248093E020820FE8
:1052900013002814CB44000047003E796A24801292
:1052A00051248093E020820F1300E413CB440000CC
:1052B00044003E796A24801251248093E020820FBA
:1052C00013008C14CB44000045003E79F2C39424B3
:1052D0002F3AC340A000307E2E0C20001042CB4756
:1052E000F000340003E850D92DF0CB461400004202
:1052F000008E1EE8AD70D341140004420A20802FB6
:105300001400184204110224041001240024833FD5
:10531000000030068A240800060C200042402708BE
:10532000320058D9008EA571DD0D04904FD840C0D1
:1053300081C180C24240BA0B20004024143106E8EB
:1053400057D934AF15AFD2C74A22002000C0930A04
:1053500005205A220E25302480231D78060A6FEC82
:10536000104308453BE80785B9E881C01E66028600
:10537000341511100E0920003015101010450609C3
:1053800020000386043040A54C706C70CA2369006D
:10539000043080A0A241C5F774700241BE7104318F
:1053A00000A0CA204904043580A0D1F7043040A0F1
:1053B00005F25021FE8703F22CA5043100A00FF264
:1053C0005020FE870BF20DA509F059D814AF161F17
:1053D000C21455AF198D87B819AD4671B8F1C340E5
:1053E000A100084A860D0FFCD2C7E0786A2480121B
:1053F00051248093E020820F1300AC17CB440000AF
:1054000043003E79ECC38224183C4FD840C081C190
:10541000C340A000307EDA0A200080C202E8CCC778
:10542000760E0FECE60C2FEC104210414A270010CC
:1054300000C0EF0F259081C05A270D15A0602609E6
:105440006FEC1D7808461BE8078699E881C0B860B4
:10545000101010014A25001015086E23A14042418A
:105460002E0E2FEC224208E8078886E8A571ED0D84
:10547000149805F0198E87B819AEE571DAF1E07865
:105480006A24801251248093E020820F1300D417E5
:10549000CB4400004B003E79E6C22846460D2FFC67
:1054A0000845188D6308730842200302970B3505E1
:1054B0001472C341A1001018C342A100A0182520F6
:1054C000C00015F051F0E4F05DF0E2F0E0F0E0F043
:1054D000DEF0DEF065F077F0DAF083F0D8F0D8F0A7
:1054E000D6F0D6F0D4F08BF097F042868B856A85A3
:1054F00000820CA101820DA102820EA1038291A162
:1055000070A10FA1C4F0A1E0C342A100201993F241
:10551000A4E0C341A100E8189BF2A7E0A9F2ADE026
:10552000B6F422868B856A85008100A2018101A2E2
:10553000028102A2038103A2048186A265A204A2C1
:10554000A6F0A6F42286CB85EA85C340A1001018F8
:105550004181628183812081C5A0E4A020A083A035
:1055600062A041A094F042868B856A85008206A1E4
:10557000018207A1028208A103828BA16AA109A16D
:1055800086F042868B856A85008212A1018213A172
:10559000028214A1038297A176A115A178F0428618
:1055A0008B856A8500821EA101821FA1028280195B
:1055B000000003828C1900038819C00084190000C0
:1055C00066F042868B856A85008218A1018219A146
:1055D00002821AA103829DA17CA11BA158F0228600
:1055E0008B856A85008100A2018101A2028102A24D
:1055F000038185A264A203A24AF022868B856A8574
:1056000000810CA201810DA202810EA2038191A250
:1056100070A20FA23CF022868B856A85008106A2CB
:10562000018107A2028108A203818BA26AA209A2BA
:105630002EF022868B856A85008107A2018108A24F
:10564000028109A203818CA26BA20AA220F04286E9
:105650008B856A85008207A1018208A1028209A1C7
:1056600003820AA104828DA16CA10BA110F04286D5
:105670008B856A85008200A1018201A1028202A1BC
:10568000038203A1048286A165A104A14A27001018
:105690005B0FF5130C705A270E1E3226801FA100D7
:1056A000881923E8720D2000E140BA0E0FEC1DE8C6
:1056B00055801BEA298819E9C341A1008919788D11
:1056C0002C66270B21033E66228E8DE92A85618E8A
:1056D0002AA02B852BA0C341A1001018607A62AECE
:1056E000228E096902AEE571D4F1C6C66A24801221
:1056F00051248093E020820F11002C69CB440000DC
:105700004D003E796A24801251248093E020820F5C
:105710001300AC2ACB4400004A003E796A24801270
:1057200051248093E020820F11003475CB44000097
:105730004C003E79788860428022BD03270A7403BA
:105740004A6B0F0A15081F0E8F700583C182422312
:10575000020989E2E020CD078A23480211238080D4
:10576000E07C1080E07F00A16A24801251248093A5
:10577000E020820F1100F47ECB44000033003E791C
:105780006A24801251248093E020820F110010803F
:10579000CB4400001C003E7907213E8026002400F7
:1057A0001A61072201002F2646F01A002300BF20AD
:1057B000FF0FC3410000FF7FC342FFFF0080147052
:1057C0003C72E07F4E78E07807213E801E00240086
:1057D000196107213E8016002300BF20FF0FC3413F
:1057E000FF7FFFFF1470C0216100E07F2040E07860
:1057F000F1C005E9160820005878C3410000FF7F7A
:105800009A0B8000D1C0E07EE1C5004317E9317CEE
:10581000717A052A00031A200D03A27A5B7A150A11
:1058200024030721FE800A000300170C8510047171
:105830000721FE800A000400C2C46040C2C413787D
:10584000C2C4E078E8C2504028463A0BA0000845A0
:105850000847320BA000C140EC784220412016706E
:1058600001284200C3430000FF7F01280104C0BAA1
:10587000CA2221001109E100C77D090D12104C70E8
:10588000604109F0016B0F092400A4782FB84C7017
:1058900079605961B570CE212B002E78C8C6E078AA
:1058A0003248072103000722010064792F2646F0C1
:1058B00018002300BF20FF0FC3410000FF7FC34239
:1058C000FFFF008014703C72E07F4E78EAC20590C2
:1058D0007041504041280D020F7EB04EA60AA00034
:1058E000284789E00C700EF70926401365B800B709
:1058F000104D0018042020970C71314E00194420DF
:10590000CAC6E078E6C3A2C1BF8040200E07284780
:1059100080C27CD96C72DA0B6000C1400114803007
:10592000381506104024423050200100011C42303E
:10593000071C02307CD96C718C70AC70C60AE00018
:10594000C140402442312FD96C71C1408E0AE00021
:10595000051C43300E85560B6FEB4830C00280C2E9
:105960003ED96C738A0B6000C14002148030011470
:105970008230F5708A213E00C6B8C5204200051C61
:105980008230061C0230402442313ED96C724E0AED
:10599000E000C1400E85160B6FEB4830C002381591
:1059A00006104024C2317CD96C718C70AC70560AE0
:1059B000E000C140C6C7E078E6C3A2C1DF80402056
:1059C0000D07402482317CD96C72260B6000A14007
:1059D00007148030381606104024C231A0B8071CC6
:1059E00002307CD96C718C70AC701A0AE000A14056
:1059F00080C22FD96C71A140E209E000001C833005
:105A00000E86AA0A6FEB4830C002C341A100701E87
:105A10000091E2894389639160C0248928B8956F19
:105A200006BA53200F0144240018021CC23028BBC0
:105A300084220100E57807B9C2BB45788523020CB2
:105A40002578031CC230011C023080C230D96C742E
:105A50008A09E000A140402482317CD96C72920A0C
:105A60006000A14007148030381606104024C2316F
:105A700080B8071C02307CD96C718C70AC708609C0
:105A8000E000A140C6C7E078E1C580986C7090BB8B
:105A9000354B2C7C4C7D7D7B99653B6330BB60B086
:105AA000C2C4E078E1C5618048310C004833810010
:105AB0000731040320800280483181000731070349
:105AC0004830800007300603003401010037C00170
:105AD0000130410000368001013101000431808F26
:105AE00010400000B400260065D80431808F803E4D
:105AF0000000A8002C006C700437C080E844D22459
:105B0000EC170434C0800A230011D223EC170434AC
:105B1000C0922C708941CA216500CA21C512043681
:105B2000C0800A208011D220EC1704310092CA21D3
:105B3000A500CB45663F6666290970000433409393
:105B40009BE904344093540005000434809F8C3F4B
:105B5000CDCC480029000437C080001A430019F05A
:105B60009CF70433809F8C3FCDCC18F6011A43007C
:105B70000434C0800DF00430409390F70430809FCF
:105B80008C3FCDCC0AF60436C080021A43002C7735
:105B90000C70CA21660023AAC2C4E0786A2480126D
:105BA00051248093E020820F1100B49FCB44000069
:105BB0001B003E79C340A100BC1EE07F00184300DB
:105BC000C340A100CC1EE07F001843006A2480126D
:105BD00051248093E020820F110084A1CB44000067
:105BE0000A003E796A24801251248093E020820FBB
:105BF0001100F4A3CB4400000B003E796A2480120C
:105C000051248093E020820F110004A4CB440000B3
:105C10000D003E790F08D5033220800FA100B4415A
:105C2000E07EE07FFFD8E078E2C208446609200009
:105C30000C742084A18448314102307948310B0032
:105C40000435C09289F64E09200012D84835411219
:105C5000307948310B00A2840435C09289F63609A8
:105C6000200010D848354112307948310B00A68405
:105C70000435C09289F61E09200028D84835411203
:105C8000307948310B00A7840435C09289F60609A3
:105C9000200036D848354112307948310B00A884AD
:105CA0000435C09289F6EE08200034D848354112F8
:105CB000307948310B00A9840435C09289F6D608A2
:105CC000200048D848354112307948310B00A38470
:105CD0000435C09289F6BE08200016D84835411216
:105CE000307948310B00A4840435C09289F6A608A7
:105CF000200024D848354112307948310B00A58462
:105D00000435C09289F68E08200022D84835411209
:105D1000307948310B00AA840435C09289F67608A0
:105D200020004ED848354112307948310B00AC8400
:105D30000435C09289F65E08200042D848354112E9
:105D4000307948310B002B840431C08284F6460838
:105D500020005AD8C2C6E0784A2440730A22800F35
:105D6000A100201FA8208001298A0D0900000AE255
:105D7000E07F0C70C340A100A41F008004E80192E2
:105D8000209204F00392229210B8E07F2578E07808
:105D90004A244073C341A100281F1D7B0A224000F2
:105DA000A8208001018A0D0B00000AE2E07F0C7040
:105DB0003F813470E07CE07F008AE078EAC3A5C1CF
:105DC00028460845C708300023DFC30E3010A14025
:105DD000FE0DEFFF68151010388D1041ED70101C8E
:105DE000C4333909750643C7310E4E70400170A0A7
:105DF00002864E1583100380483040020F7A1D0B37
:105E0000A000AC702C1504106A854E1D02102C7673
:105E1000560F2000A140388D0B69730895076F0E4F
:105E20000E706C361F36C342FF4600FE00308120E4
:105E30004831002007310900028680C3CB4400C7E7
:105E40000000402408332080C18002806D7040C172
:105E500041C642C0310BF51083C1008300310110EF
:105E600040400431808020A306F604310083814045
:105E7000CA204600041B10004830C0026571021899
:105E80001410EAF19A0E2000A140E140CAC7E07860
:105E9000E8C3A2C16D811040C34050430BD74C8171
:105EA0002E8100330300003202000031000048332D
:105EB000C1028B4421B4C341A10008174832C20279
:105EC0004830C00240210D0340B402B480C2020E2B
:105ED000AFFBA1409E150111AD70C2B9096915084B
:105EE00075014C700021800FA100A841FF10828035
:105EF000CB46A100F81E018E2B08A00040AE09E899
:105F0000226E00A902401A0E2000A1A9408E0AEAC2
:105F1000226E024041A90A0E2000A0A9408E03F083
:105F20004C700C7041AEC8C7E8C3A2C128460845F2
:105F3000147023D85DF2BB0E10101A85CB47FF46B4
:105F400000FE0030D0038A0CEFFFA1404830000073
:105F50000730082082864A24C07080C1C34300C72E
:105F600000008142A820C005041200042846E14137
:105F7000003000100430C0806F230B100430C08349
:105F800005F6512300907C7000414831C002226E1A
:105F900000B603844E158110483040020F7A1B0969
:105FA000A0002C762C1504106A854E1D0210AC70D2
:105FB000B60D2000A140C340A100BC1E20888096E1
:105FC0008342619240928BE92290130A410024900F
:105FD0000B0B41002690190C401042B00018030032
:105FE00064B086B080C13A0D2000A1400C70C8C7D3
:105FF000E8C3A2C128460845147023D85DF2BB0E41
:1060000010101A85CB47FF4600FE0030D003C20BAC
:10601000EFFFA140483000000730082082864A2464
:10602000C07080C1C34300C700008142A820C005E2
:10603000041200042846E141003000100430C08002
:106040006F230B100430C08305F6512300907C7041
:1060500000414831C002226E00B603844E15811003
:10606000483040020F7A1B09A0002C762C15041032
:106070006A854E1D0210AC70EE0C2000A140C3409A
:10608000A100CC1E208880968342619240928BE9C9
:106090002290130A410024900B0B41002690190C0A
:1060A000401042B00018030064B086B080C1720C8A
:1060B0002000A1400C70C8C7E4C3A2C1284608450F
:1060C000147023D831F231EE22864E1583100481EC
:1060D000483040020F7A1D0BA000AC702C15041044
:1060E0006A854E1D02102C767E0C2000A14022866F
:1060F000428161812381C340A2453DF80032020004
:1061000000330300003100004833C1024830C002B0
:106110004832C202834321B300B380C1A140020CC4
:10612000200042B30C70C4C76A24801251248093AB
:10613000E020820F11003CAECB44000032003E79DB
:106140006A24801251248093E020820F110094AEC3
:10615000CB44000031003E79C342F000400280D8B9
:1061600008A20C822F2605F0E020C4072F277F000D
:106170006F233F000482A7B804A22F267F00E07E91
:10618000E8C3A2C12846504008454024813181C25D
:10619000402483303A0FAFFFC1409B0830000C70A1
:1061A00004140731629E06144031419E249EE09EF5
:1061B00006164911AC7142274B001E230E04696874
:1061C0002F240880002DC002041506100E78002D23
:1061D000C3001E66CA232100022ECE11021408310C
:1061E0006E7BC076DB631E220204022B0301422079
:1061F0005E101E270B146C791A2349028085002D2E
:106200008F07EE7F1A626170022AC201F96121775D
:106210000228C0019A6202290C02022F0112386082
:106220009A6200A5C3410000FF7F60406E096000D4
:1062300041A5C8C7F1C04089C341A100141FC2BA1B
:10624000DE0A200040A9D1C0E07F0C70F1C0C3413C
:10625000A100141FCA0A0000D1C0E07F0C70E078D2
:10626000E4C2CD70410E55135A268012CB45A100D1
:10627000201F1D65EE0AEFEB088D4128010400B5D3
:1062800021B50AE8C341A100A41F00810F208003AB
:1062900000A108F0CE0AEFEB098D02B530B803B5C6
:1062A000C571E2F1C4C6E078E4C3A1C128459DE808
:1062B000098D1BE8CB46A100E01D088E95E8620E13
:1062C0008FFE25866079A140208ECA0D60000C7576
:1062D00000413C4D4024C2306C718C70AC7012098E
:1062E000A000031C0331C4C7F41CC8B79E786081AA
:1062F00041812281BE788B4424B481C143B4220AF7
:10630000200062B40C141F34E07F0C70E4C3A1C100
:10631000284503E8C4C7CA0F8FFECB46A100041E60
:1063200025866079A140068676E80988F4E8208E03
:10633000760D60000C7500413C4D4024C2306C71FC
:106340008C70AC70AA08A000031C0331C4C7E078AD
:10635000E2C2C340A100E81D0088284502E8C2C689
:10636000DA09CFEBA20D2000A142C2C6E2C2CE09DB
:10637000EFEB2845920D2000A142C2C6F1C0C341F7
:106380001400C82C120BAFEE0DD8C3411400202D01
:106390009A0BAFEE0DD8D1C0E07EE078F1C0484452
:1063A000004214720C7012F2490A5100450934017E
:1063B000001B0501C341A100E21E208903AC02AC11
:1063C00001AC0C7120AC16F029093402001B050247
:1063D00007AC06AC05AC04AC03AC02AC01AC00AC41
:1063E000C341A100DC1E4C764E0C2FE081400C71A5
:1063F000D1C0E07EF1C048441D08B0006C702D088B
:10640000510029091401408CC341A100E21E6C71A6
:1064100040B10CF0150934024C76C340A100DC1EDB
:10642000160C2FE081416C71D1C0E07F6040E078B4
:10643000E4C3ADC12845084680C02C703E0A2FEE4B
:1064400034DA1F0DB4108C250290CC25829F0000F9
:10645000FF000DF4C3404843000042C003F0081C95
:10646000013080C19E0F2000C140C4C76A24801241
:1064700051248093E020820F13007055CB4400001C
:106480005D003E796A24801251248093E020820FBF
:1064900013008855CB4400005E003E79E2C3A1C1E1
:1064A0002845004140244230C340A100E441420855
:1064B00020006C73031481308A207F0AB171CA20D6
:1064C0002100C2C7E2C3A1C1284500414024423097
:1064D000C340A100A4421A0820006C730314813049
:1064E0008A207F0AB171CA202100C2C76A248012A3
:1064F00051248093E020820F13008C57CB4400007E
:1065000028003E796A24801251248093E020820F73
:106510001200804CCB44000029003E796A2480128E
:1065200051248093E020820F1200E800CB44000049
:1065300018003E796A24801251248093E020820F53
:106540001200A401CB44000017003E796A24801297
:1065500051248093E020820F12000C6CCB44000089
:1065600016003E796A24801251248093E020820F25
:1065700012009805CB4400001D003E79F1C0C341D4
:10658000A100F81E408908EA247241A9920FEFFF8A
:1065900000190300D1C0E07F0C70E078FAC2FC1C47
:1065A000C8B6A3C10A26C0210A2780210A2040318B
:1065B0000A21003178431040AE712E704024123110
:1065C000ED70CD70001C8030B670CA4500C0CA2581
:1065D000C1150A240026209D0A234026CA24C1266C
:1065E000CA23012081C08C70AC70CC70824262439F
:1065F000001A402436082000081C4034219D1E66E5
:1066000081C08C70AC70CC70824222082000624342
:106610001F67B670AE70DAF50418C0230018802327
:10662000A3C004141B34DAC6EEC208461E22400082
:10663000AD7030428DBD2186B8604EB80A218021F0
:106640000A2040210A2300218209AFFF68471E2744
:10665000811408470086B9617209AFFF4EB91A2745
:106660000114B9616609AFFF4EB91E23812401A64A
:10667000B8611A2741144EB8B9615209AFFF4EB93B
:1066800000A6C3410000FF7F120D2000E140CEC6EE
:10669000E1C580986C708FBB354B2C7C4C7D7D7B2D
:1066A00099653B632FBB60B0C2C4E078E6C3A6C166
:1066B000161C02300C7040220F0748462845141C57
:1066C000043044C04024823560D96C71E1400E0D25
:1066D0006000171C0331D60DEFEA0C71C340A10016
:1066E000E01D2088AE0960000C754024C2356C7135
:1066F0000041EA0C6000E140B20DEFEA0C7684C084
:10670000B60B2FFEC141D108310008461514803068
:10671000C5083101CD70CD7080C231D90EDBE140AA
:106720000C1C843342C641C6C60DEFFF40C606149A
:106730008230161480300514813007148C30031415
:10674000833002148B3021C708BA6BB810BC08BB69
:10675000596157688420830FCB4000FF0000CB4174
:106760008000000010BF617399611D780A26000245
:10677000FB6331714578C342A1009C12CA262500F3
:1067800031738082C0230602483383002F23079091
:106790000034C31012F241820026400048308000CD
:1067A0001D0B701100320200190B1011290B711012
:1067B000F8DE60A5CD7010F061A50EF042A50CF0DA
:1067C00021850085628543A50230410002338000A7
:1067D00024A505A5CD78C6C7E6C3A6C1161C023000
:1067E0000C7040220F0748462845141C043044C052
:1067F0004024823560D96C71E140E20B6000171CC7
:106800000331AA0CEFEA0C71C340A100041E2088DA
:10681000960860000C754024C2356C710041BE0BB7
:106820006000E140860CEFEA0C7684C0F60A2FFE89
:10683000C141D1083100084615148030C508310126
:10684000CD70CD7080C231D90EDBE1400C1C843399
:1068500042C641C69A0CEFFF40C606148230161499
:1068600080300514813007148C30031483300214F7
:106870008B3021C708BA6BB810BC08BB5961576888
:106880008420830FCB4000FF0000CB41800000003C
:1068900010BF617399611D780A260002FB63317194
:1068A0004578C342A1006C13CA262500317380824B
:1068B000C0230602483383002F2307900034C310FF
:1068C00012F2418200264000483080001D0B7011FA
:1068D00000320200190B1011290B7110F8DE60A5AF
:1068E000CD7010F061A50EF042A50CF02185008559
:1068F000628543A5023041000233800024A505A52E
:10690000CD78C6C76A24801251248093E020820F7C
:106910001200DC09CB44000015003E796A24801285
:1069200051248093E020820F1200F409CB44000030
:1069300014003E796A24801251248093E020820F53
:106940001200040ACB44000013003E796A2480122E
:1069500051248093E020820F12002C0ACB440000C7
:1069600012003E7900438C20C78F24D8E020C9074D
:106970008C233880E020CB078C21C78FE020C9070B
:106980008C213880E020CB078C22C78FE020C907FC
:106990008C223880E020CB07E07F0C70E6C3A3C1D7
:1069A000BF8040200E0781C27CD96C72420BEFFF82
:1069B000C140051480303815061080C20B1C02300F
:1069C000A0B860C07CD96C718C70AC70360A600065
:1069D000C14080C22FD96C71C140020A6000001C06
:1069E00043300E85C60AEFEA4830C00281C23CD966
:1069F0006C75FE0AEFFFC140CB44A100641EE09419
:106A000022946194039422C260C7849428BF05B97C
:106A1000021CC23028BB06B8C4BF4421010884222E
:106A20000200C2BB84200100E57907BC657A2578A5
:106A30004522020E8578031C8230011C023080C280
:106A40003CD96C7496096000C1400E855E0AEFEA7D
:106A50004830C002381506104024C2327CD96C710F
:106A60008C70AC709E096000C140C6C7E4C3A4C16D
:106A7000BF8040200E07402442337CD96C72720ADA
:106A8000EFFFC1400E1480303815061080C20F1C75
:106A90000230A0B860C07CD96C718C70AC70660993
:106AA0006000C14080C22FD96C71C1402E096000C6
:106AB000001C83300E85F609EFEA4830C002C3405F
:106AC000A1007A1E2090419082906390049060C152
:106AD000021C823028B928BA061CC430081C0430B5
:106AE000011C4230031C823080C236D90ADBC1400F
:106AF000EA086000041C04330E85B209EFEA48304E
:106B0000C002381506104024C2337CD96C718C70D9
:106B1000AC70F2086000C140C4C7E0786A248012FB
:106B200051248093E020820F1200FC183BDC3E7958
:106B30006A24801251248093E020820F1200146B8B
:106B40003ADC3E796A24801251248093E020820F3F
:106B50001200181A39DC3E796A248012512480937D
:106B6000E020820F1200B01A35DC3E796A248012D0
:106B700051248093E020820F1200541B37DC3E79B1
:106B80001178E07F1078E078E07F08204000E0781E
:106B9000E07F09204000E07800421071CA224B00DB
:106BA00085F632785070CA220900E07F4E78E0788E
:106BB0002C709EB92042107122B93EF72C700CEA5D
:106BC0005B617070D4218600C220C600412A828099
:106BD0003D79F8F5E07F3078809861984298897C1B
:106BE000697B497A9863CD07EFFF58606A24801269
:106BF00051248093E020820F1300AC5B0CDC3E79C3
:106C0000FAC2FC1CC8B6ADC108440C724E09AFFFF5
:106C100020434CC04609AFFF09D840C03E09AFFF32
:106C200008D841C03609AFFF0BD842C02E09AFFFCC
:106C300012D843C02609AFFF11D844C01E09AFFFC8
:106C400014D845C01609AFFF1BD846C00E09AFFFC8
:106C50001AD847C00609AFFF24D848C0FE08AFFFC6
:106C600027D849C0F608AFFF21D84AC0EE08AFFFC9
:106C70002DD8588C404180213E04110975034BC02A
:106C8000210E4F700000071F40408020FD098BE05F
:106C9000F6030D00112600F00000A70AEA03010028
:106CA0002B0975038022FD09252040000DF022F0FC
:106CB00022F02EF02CF02CF02AF02AF01EF020F01A
:106CC00020F022F022F00CDD2DF0450A3503AD70E6
:106CD0002520800027F00CF01CF01AF018F01CF0B2
:106CE00016F01CF014F01CF012F01CF0AD711BF04B
:106CF00007DD19F00DDD17F0AD7415F0AD7513F06B
:106D0000AD7611F00ADD0FF00BDD0DF0AD770BF075
:106D1000AD7209F0AD7307F008DD05F009DD03F091
:106D20000EDD00830C130700081304000413050094
:106D30005020FE870A26003032F45025FE8730F4BA
:106D40005024FE872CF45027FE872AF4E483502732
:106D5000FE9726F4C5835026FE9722F42C835021FB
:106D6000FE871EF40A835020FE871AF44B835022BC
:106D7000FE8716F486835024FE9712F41C130B0032
:106D80005023FE970CF4201308005020FE9708F4BF
:106D900024130600EF705026FE870FF2241306001E
:106DA000201308001C130B0086834B832C830A835B
:106DB000C583E483EF715E25091ECB45A1005419FC
:106DC0000021491324190010604030194010201987
:106DD00080131C19C0131819C011081900110419C7
:106DE0004011001980173419C2172C198010281966
:106DF0008011141900121019C012320E6FFF0C19F5
:106E000000134A24C0732C700E702E704E706E707A
:106E10008E70AE70CE70EE700F702F706F70CD7080
:106E20000D706D7035190210A82041025A23021E00
:106E300065715865A2628C806B8004320082CA2121
:106E40008900CA208910498004348093CA26091316
:106E50000433C086CA23C930688004324086CA2100
:106E60008930478004330085CA24C92066800432F3
:106E7000C084CA2389204A8004338084CA22C9205E
:106E8000658004320086CA20893044800433C0857E
:106E9000CA27C920638004328085CA26892042809F
:106EA000018004334085CA25C92004324084CA21A8
:106EB000892004300084CA2009204A24C0736D70E0
:106EC000A82002055A23031E6C4D686014708DF2D1
:106ED0006D4D68603B08F30942200202650A150502
:106EE0000C702520800062F05BF074F04FF072F0BF
:106EF00070F070F06EF06EF04EF044F06AF038F022
:106F000068F068F066F066F064F037F015F0004263
:106F10008022BD03450A5503252080004FF023F051
:106F200052F017F009F024F027F02CF02FF034F095
:106F300037F041F03AF0786504800736002048F0D9
:106F40007308900077087008A4E00C7042F478652C
:106F50000A80073000303CF06D08F009ADE00C709D
:106F600038F478650B800733003032F078650380A1
:106F7000073500202CF0786505800737002028F0C1
:106F8000786507800733002022F078650680073295
:106F900000201EF0786508800734002018F078651E
:106FA00001800730002014F078650280073100204E
:106FB0000EF0A063073100000AF078650C800736F8
:106FC000001006F078650980073100304830400233
:106FD0004025821D6C620F7A0F0CA0107A65361A5C
:106FE0000200371A030065710CC005E8020CEFFFC0
:106FF0000CC000C005E800C0F60BEFFF024101C065
:1070000005E801C0EA0BEFFF224102C005E802C01B
:10701000DE0BEFFF424103C005E803C0D20BEFFFD8
:10702000624104C005E804C0C60BEFFF824105C001
:1070300005E805C0BA0BEFFFA24106C005E806C08F
:10704000AE0BEFFFC24107C005E807C0A20BEFFF80
:10705000E24108C005E808C0960BEFFF034109C0F4
:1070600005E809C08A0BEFFF23410BC005E80BC000
:107070007E0BEFFF63410AC005E80AC0720BEFFF09
:10708000C1411E0B4FFFADC004141B34DAC6E078BB
:10709000004265B80B0875013470C0226200E07FC1
:1070A0004F78E078004265B80B0875013470C02253
:1070B0006200E07F4F78E078E2C2CB45A100E01D9E
:1070C0000042C34114007C2C920AEFFF0185660A3E
:1070D000EFFF09ADD60BAFEA0C71C2C6E2C2CB45D9
:1070E000A100041E0042C3411400982C6E0AEFFF59
:1070F0000185420AEFFF08ADB20BAFEA0C71C2C6C0
:10710000E4C3A1C1284615E940200D075D78412A56
:107110004101C3B8031C4230021C023040248230BB
:107120005BD96C72B60A2000A14005E8C4C70C7791
:10713000C4C75ED980DBA140A20A2000C142C4C7F7
:10714000EEC3A3C1FF801CE082C27DD96C72A20B8A
:10715000AFFF104209148030381706104024423225
:1071600082B8091C02307DD96C718C70AC704240C1
:10717000920A20002E708A2381260E70CD70AD7089
:10718000C340C8420000EE0AAFEAAB23082E80C21B
:107190000CD907DB5A0BAFFF42400614813021C3E4
:1071A00002148B300514823003148C3001148830A3
:1071B000267108B908BB402B0B122F2047044579D4
:1071C000657C0523031214742E788E796E7A002064
:1071D00010203E66AC07E5FF5D654024823241D950
:1071E0006C720E0BAFFF4240442D0D110B14823018
:1071F000442E0E11AC7D44281021CC7EB9661A2095
:107200000024AD703860483080002F3000004830D6
:10721000C1028AEA0021800FFFFF47C18C20CA8388
:107220003C000500130A51000021800FFFFFA3E07E
:107230008C20C58194F7150A91000021800FFFFF73
:1072400051F08C20C2888CF78021200A65D8D1E1CA
:1072500065DDCA2025005473CA2501105417001695
:107260008C200280CC20828F0000FF0011F20914D4
:1072700080303817061040244232A2B8091C023070
:107280007DD96C718C70AC707A0920004240A140AD
:10729000CEC7E078F1C0C341A10008179A0C2FFBBC
:1072A0001C49D1C0E07F0C70E2C2084507800CE8A1
:1072B0002C706E0AAFFFA1402C703609EFFFA14081
:1072C0000C70C2C622D8C2C6F1C0278006E9520A95
:1072D000AFFF2C700C7003F022D8D1C0E07EE078B4
:1072E000E4C3A2C16D814C812E810846C340504346
:1072F0007FD600330300CB45A100DC1E0032020024
:10730000003100004833C10263954832C202483060
:10731000C0028B4440B421B402B480C2C340A10077
:10732000EC16EA0F2FFBA141984D2F2607F000A97C
:1073300004F2EE09AFFFC1400C70C4C7F1C0C340F6
:10734000A100EC16C341A100DC1E62096FFB00180E
:107350000500D1C0E07F0C70F1C0C341A100E41E64
:10736000BE098FFFD1C0E07F0C70E078F1C02780AC
:1073700006E9AE09AFFF2C700C7003F022D8D1C023
:10738000E07EE078E07F0C70F1C0278006E992098A
:10739000AFFF2C700C7003F022D8D1C0E07EE078F3
:1073A000F1C0278006E97A09AFFF2C700C7003F05A
:1073B00022D8D1C0E07EE078E2C2084507800CE820
:1073C0002C705E09AFFFA1402C702608EFFFA14092
:1073D0000C70C2C622D8C2C66A248012512480937F
:1073E000E020820F1300FC5D1FDC3E796A248012CE
:1073F00051248093E020820F1200804B20DC3E79E4
:107400006A24801251248093E020820F1200404CA5
:1074100023DC3E799BC900000B2A00004C090500C3
:10742000000800000000000002004E0500AAAA0AA1
:10743000000000000000000000000000000000004C
:1074400000010000035400040010004002006F001F
:1074500000003E0000000340083F0004000103005C
:1074600008000005005600002700CB00035400046C
:107470000018004003006F0000003E000000177A73
:107480000841000A0000187A0841000A0000FE7A4C
:1074900008410007008D00003900F9000354000482
:1074A0000028004004006F0000003E0000000DFABC
:1074B000104400050000FAFA0044004400000D00EA
:1074C0000800000E00010D000800001100000DA0D2
:1074D0000842000300280000230057000354000462
:1074E0000030004002006F0000003E0000000380FA
:1074F000283F0002000000000000000000000080A3
:10750000003F0000000000000000000000000080BC
:10751000003F0000000103000800000600BF00005B
:107520002500870003540004009800400F006F03FB
:1075300000003E0000000100080000010000030000
:107540000800000100000200080000010001060020
:10755000080000010000060008000002000107000A
:1075600008000001000007000800000200010900F7
:1075700008000001000009000800000200122A00B3
:10758000080000010040FE8018000001004040009B
:1075900040100000080000000080800800FFFE7F0F
:1075A000187FFF0200FF007F007FFF4FFFFF7F7FFC
:1075B000FF7FFF7F0140FE408800000300404080C5
:1075C00040000000008080808000000000404040BB
:1075D00040000000004040404000000000404000EB
:1075E00040000000008080800000000000000000DB
:1075F000000000000080804080000000004040400B
:10760000400000000040404040000000004040407A
:10761000400000000040404040000000004040406A
:10762000400000000040404040000000004040405A
:10763000400000000040404040000000004040404A
:10764000400000000040404040000000004040403A
:10765000400000000040404040000000004040402A
:10766000400000000040404040000000004040401A
:1076700040000000000040004080800080000000CA
:1076800000808080800000000080808080000000FA
:1076900000808080800000000080808080000000EA
:1076A000000080800000000000808080000000005A
:1076B000000000008000000000808080800000004A
:1076C00000808080800000000080808080000000BA
:1076D00000808080800000000080808080000000AA
:1076E000008080808000000000808080800000009A
:1076F000008080808000000000808080800000008A
:107700000080808080000000008080808000000079
:107710000080808080000000008080808000000069
:107720000080808080000000008080808000000059
:107730000080808080000000000000800100FE00CA
:107740008800000400120020003CAC00AC12202095
:10775000123CAC3C0000000000000000CCCDCCCCC2
:10776000CD3DCC3DCC00CC00CD00003D0058008B81
:10777000003AA000A0588B8B583AA03AAC122020B7
:10778000123CAC3CAC58208B123AA03CA0588B8BDE
:10779000583AA03AAC122020123CAC3CCCCDCCCC18
:1077A000CD3DCC3DCCCDCCCCCD3DCC3DCC58CC8B07
:1077B000CD3AA03DA0008B005800003A0000000028
:1077C00000000000000000000000000000000000B9
:1077D000000000000000000000000000E80A1C1C7F
:1077E0000A41E841E8121C200A3CAC41AC122020BE
:1077F000123CAC3C0101000001000100010000004E
:107800000100000000000000000000000000000077
:107810000000000000000000000000000000000068
:107820000000000000000000000000000000000058
:107830000000000000000000000000000000000048
:107840000000000000000000000000000000000038
:107850000000000000000000000000000000000028
:107860000000000000000000000000000000000018
:107870000000000000000000000000000000000008
:1078800000000000000000000000000000000000F8
:1078900000000000000000000000000000000000E8
:1078A00000000000000000000000000000000000D8
:1078B00000000000000000000000000000000000C8
:1078C000000000000001FE000800000A0041000066
:1078D0000100950005000000B0030000300000002A
:1078E000400000004800000028000000503E140046
:1078F000983D1400C83D1400083E1400703D14006B
:10790000F1C00E080000D1C0E07F0C70E4C2AD7081
:107910000A26801FA100C01F0086218602790D095A
:10792000720122B91E084FFFA571F10D349408E6CB
:10793000C4C60000494E4903543B1100E01DA1009C
:107940000801000000C262000401C84200FF0409EF
:107950000C050A020EB4F31302060303C8DE8342C9
:107960000F2303160F0407100107090F080F100259
:10797000100500AA00010402000200000500010138
:107980000100900216EE06F205808020A216F10298
:107990000205020E981B14021C0000C80608B0065F
:1079A000086AC4E00208060220F802080328181D2D
:1079B00014024A0000300208021737880F030F1024
:1079C00002100702040378000014A6130464A82C14
:1079D0001408149033D49D13001308D4A717080477
:1079E0001B0428842A05280312BE08333303060328
:1079F00004BD0203060304BC0903060304BB110310
:107A0000060304BA0B33CB03060304B912030603BF
:107A100004B81A03060304B70851B61B0310030485
:107A2000CCCCB52403060304B42703060304B32D0A
:107A300003060304B221030605C00400602005FC10
:107A40008C2B140005000000BCA81300C01FA1006F
:107A5000EF1C000000B0DA485FA1000F040B100813
:107A6000022010060418020803041C02080B046E0E
:107A70000F2002100F04031028021803044002080C
:107A800003040B58070C0F000000AAEA11020414AB
:107A900002041C0204040204050204090204100288
:107AA000040F200F20028002022414057A3D0401F5
:107AB0000000D6FFF93D0802114010D6FF793E10B4
:107AC0000304103E0000484103500000C84C6441CC
:107AD00006022C021042070408C842080408484362
:107AE000036C02204312900A0510440B0208342351
:107AF0003720213839020A484202341E0041060468
:107B0000030C0804024808000413000609000828B2
:107B10000080000C26000E27000E023223010229ED
:107B200001032A010000032501042101052B0105A1
:107B300009010604010C00000502000302041C03F5
:107B400000060602070602080000060213060614D5
:107B50000700C82E002E802E65B101080508DB0045
:107B6000802EB402802EE30105101202503020084E
:107B7000212E59F51002066AF5802ED70262000008
:107B8000014D00000100220080000010001079006B
:107B9000A9F7802EFC3F00C10F040F100F100F102B
:107BA0000F100F100F100F100F100F100F100710E5
:107BB000FD2D0C50D8B904D5060533010100030092
:107BC0001801060F00020901F73F13F80710030818
:107BD0001202240218030B0F040F100F100F100FC6
:107BE000100F100E101A24010012782E00B0205031
:107BF000E77FF67F06320F2E61F50020FE09C0B345
:107C0000042F17302F2EA1002D0210F66F0000E771
:107C10006FE05FC82E0F800A8202301242410E00D0
:107C200000FC2FB82ED152002E604041400DBC9870
:107C3000BC4046C02E010A0FB81302FD2D0E611282
:107C4000DC0000880615050000E0AA3805E0903049
:107C50000400EE06F2058080160000F102022D01FC
:107C6000D47B3B01DB7A04003F7BCD00006CC30476
:107C70008509C304ECE60C46010027001910340006
:107C80009600A012320C00F03C00122403020C23D8
:107C900094320000004006BC02840700FC3FFC1246
:107CA000F95178717D3800100014021C06670C072A
:107CB0009D00000CFF0F0004C00000005BF598F170
:107CC000D400D3001EF219F466F5FF00000064F53D
:107CD000A200E000A500FF7FB4164DE9B544000006
:107CE00069EDCF008A00BE008C008E00FF3FFFFBD5
:107CF0000008310100380030FDF5D7008002865FB2
:107D0000FF004000004D0FEB007FFFC2F568F74712
:107D10000F3B0F410F0000600F58F75BF7630F0038
:107D2000808600520F650F0004B3F15F0F6CF7B946
:107D3000F1C6F10259FFD1F5670F00006A0FFF038A
:107D400000FCF03F0B010E011001B90000002DF501
:107D5000CAF5D50020F2B801FF1F802EC008000030
:107D60001D6CAD00590131D10008EE7AE40C12020D
:107D70000000B300B4046203C0021FF8E107D30798
:107D8000DD010000D901BF01C901CB01C301C2015E
:107D9000C501E3010000A000C801DC01F0004CF7C0
:107DA000030212020002FC016FF70CED0F0D0F1021
:107DB0000F100F100810251046300F2EA4F1BE0032
:107DC000000980B3062F0D2E920084AF022F1630CB
:107DD0002D90812E850086020660F5271A35D2C0C7
:107DE0002E212E4AF1084303000F090A109050F784
:107DF0007FE67FD57FC47FB37FA17F0000907F8225
:107E00007F7B7F982EF40000B26E2F012E000011B0
:107E100001072E0F01052E31010FBABFB9A3BC0017
:107E200000DC0A1FBA24BC1C0B0FB822BD032E3C79
:107E30000100002FB9200A9EBC072E1201820A9F62
:107E4000B8BBBD0000910A3FB8900A252E18000566
:107E50002EC1F52EBC02040503AAA20EB83130884B
:107E60000407025018000090030500020883026016
:107E7000192FA5509152982E3D03052E82104000D7
:107E8000252EA0023482008090022F12302502128B
:107E900001221A2E0326103005024E012F21020660
:107EA000250212030E80B22001000244C0F5F23018
:107EB000020807AA7330032E840018000022411A1A
:107EC000052F032E66F59FBC9FB840900C00402FF5
:107ED000A752033053422B3090045B4221022224EC
:107EE0000000BD7E808184434202420232252E6220
:107EF000F50500042E94008182052E0A0123020A52
:107F00009750900801000031232E60F580B20B2FAE
:107F1000F23E012ECAF582140108250206055224FC
:107F2000E03F90020C59F5906FB36FC400406FD5DD
:107F30006FE66FF76F7B6F826FA16F70328EA0104C
:107F40004150807FE71644A27F9132BE7B7F002E96
:107F500001024C600180144C626F0132910880B2C2
:107F60000D2F00B2032F04C2008090052FAB5602E4
:107F700030C142C286002EC2420378200000900029
:107F8000300602E88200A950212E5AF2982E006A8B
:107F9000FFB3F66F806F916FA20676E702746002FE
:107FA00070137A200000301330C23308088B098A1E
:107FB000083050A2B8004440B2F112C8DB7F311241
:107FC0000489004190072F0052D889006000032ED9
:107FD0008800B150982ED60380B31320328430200D
:107FE000084104232E9D126E88009156B11282E042
:107FF000B110252020E06F00B20512569D0002301E
:10800000100421022040B20200060210D200823F7A
:108010000208010A212ED200DB6F00A0F06FD05FB2
:10802000802E95CFF06F01309802080302161005DC
:10803000803F48086344890023020EDB0222B82EE9
:108040004386250000400440D8BE2C0B2211544228
:1080500003804B0EF68FFF42A843960B045B689A91
:108060000134725A2A990F0B0F100F100F100F10B6
:108070000F10041000006050D17FF37FE27FC07FBB
:10808000BB7F1325982E000074C0C16F00A0B354AD
:108090001022E36F4240C3881200A03218020F2260
:1080A000B230C06F2A2C01424042C4800004D16F1C
:1080B0004884C140834003420330A16FC10F0200D6
:1080C000042FE06FF16F0142002EC1122200AC4379
:1080D00040E200006F10300130082FC2908284010E
:1080E0002281400800000090422030092C8042810B
:1080F000848288C190000A00430516800234BB6F59
:10810000A05FB82E078A43817A85000003301430BF
:108110004343438B934243437E8B680E80009342DC
:10812000F72F86805252DC124201423280002E200C
:10813000000442802EED12D6910016B802344A0C8B
:10814000212E80112DF5C02E232E9172DE7DAAFDE9
:108150002D3012F8BD0E50001032982EFA0100306A
:10816000F07F1030008212D02E020101029C002EFE
:10817000418248A2FB222EA0004090042F258111AD
:1081800012BC212E1900192D33123398C7C10532A4
:1081900074F07F809000B20E2F91024A4DC3030607
:1081A0005AC7982E49B4982E4004EC02982EFDB27E
:1081B00013F8190001629E00B2042F9828082EE2DD
:1081C000B32376A10212920004AE0B2240A000005D
:1081D000B2042A072F0350740E00B2022F03328715
:1081E000022087420A902E60AA1BB1012E9502221E
:1081F000033C150E033C85021C85021212023C0A48
:10820000A0920224020256050E092D982E5D0D0142
:10821000424E044220450407D22142FE012E86022E
:108220002E902E33024A8600023102129608058AE9
:1082300047CB036A190082300322031661327A09A0
:10824000010344000028BD28B905B29B58232F071D
:1082500090955200300000372F15410441DCBE4498
:10826000BEDCBA2C01A20000209B56510F0C2FD26D
:108270004224B9C24212425E6AF702909C4354B251
:108280001022982E2AB4212D6242A09200030C01E4
:108290000103B25AF5182DE27F503210FA019B54B7
:1082A000935090000042703099528142BE84E16F39
:1082B00040B281420514242F2102B81002202AB4B2
:1082C000032D60329692000386069002921802E413
:1082D000810097549352E042287AC122361A4022F4
:1082E00036A5A2033020023016B405EA0502FE1EB0
:1082F000141E92004208D026023E82029802FC0D13
:108300002F01901D02DC3F52AC9900A1329F58050D
:10831000001288B6039A9800122D9D58A33210417E
:108320001141180040B9044198BC410A940A982EA2
:10833000D4B612028699902100212ED4527898004A
:10834000152A03328600182D039C03AA4000012F32
:10835000982E2B0E030C3F8003A2012F002E0291BA
:10836000140286410E30029835B4032C8700059E16
:1083700001223600B22401000230F5CB052E930015
:10838000A152020A7C8243862100012ED300E040E4
:10839000A354C422BE98B9914243BE930000420444
:1083A0000A9042E27FF0318240F16F95BC100540A7
:1083B0004258D002FAA8CF06BCD26FE16F100A4033
:1083C0003254C01550244419029EA0126442B78052
:1083D0002E08B0C094142672046194A0F52F12F2F6
:1083E0000F0204BE09536C807F80B3D532A6B362FE
:1083F000B80000112FAD501A251240427F7482122E
:1084000040527F058822EE4053826AD6012E61F7E2
:10841000013143C661F78012D22840860008222825
:108420004022FE090117BC96BC0FB86334214400FA
:108430002E96120C01302A0218920044B2052F47E2
:10844000B2001090302D2F21026E2B2D032EFDF542
:108450009E2308901402202880FCF599040C0E023B
:108460000C49F1AF544A084090081204218A733A2B
:108470001030032FB35C920010123416142E8600B5
:108480000A325A000A69F72DBD2FB980B201025491
:108490008752308600E03112042196D8806F57E869
:1084A0007B6F916F4052E810514F80E000017F04D4
:1084B00080D17F54889242A4B47FA37F8B7F120027
:1084C00000300140982EFEC9C26FB16F8042858096
:1084D00044500084627F70081671024640428380D7
:1084E0004A256F825000007F2F8F717F7A82477FED
:1084F0000430BB50B75AB900045CB5568240377F90
:10850000217FF0127667CCD26F3100006F8240403D
:10851000428190062FA46F706F0B410300008444CA
:10852000400B428442418E706F0180A26F70001038
:108530007F8184506F246F0283500EA20846DB2F88
:1085400001000025D56F966F3982878D4442478B95
:10855000A57F7600107F307FBD88716F124141404A
:1085600024025C16B73001000240246F516F610E87
:10857000307FF22F916F438A3D0000884241438B48
:1085800004410B30A20E957F5B7F1600002F4284C2
:108590000B308240A20F5B7F102FA26F4400008A35
:1085A000818845410441A50E0430072F4582824051
:1085B00000844140824091020E002F1430547F1AF3
:1085C0002572B01382446FA112D605684408680270
:1085D0001606683E84722E7F7A880504033A740476
:1085E00020716FA06F326F00228401288440200028
:1085F000241EA042A27F8280916F7B0424907F077B
:1086000026A46F0000906F624004410540A228AA92
:108610001E224202840440036F2360982E9103A01F
:108620006F3F800684131296A2030002540510E4E3
:108630006F01400281018B40B2042F616F093052FB
:108640004E4040221800400090D06F022F12078247
:1086500046B16F04234282051A072FB16F41060C01
:10866000335AED00507270272F0600C0023A0334CF
:10867000202F514142418A016F8184AF1504002FA0
:10868000B50216454140B30E2F044100A5012F410C
:108690000101524200AD0430092F8173D82E062CFF
:1086A0005430042C80004430022C0430343290EDDD
:1086B00000042C0425022C0000003000308B6FF0E9
:1086C0005EB82ECB50F0501240000006401A256CC8
:1086D000BE768A7480FB7F68BFCD5600000B30D316
:1086E000084CBA6CBB5B7F4B430B42C0B28080C668
:1086F0007FB47FD07FE52256902EACB3012E9042FE
:108700004E00820B2FC152012E8B009202EABBCC8D
:1087100001302302160000926FA36F1A2526BC8633
:10872000BA25BC0FB854B1002000B2967F0C2FC3FD
:1087300050C5540B300BA21CC95800021B429B426F
:108740006C090B422B020E8B427184CF50002258D1
:1087500009C7529150827F750248C2C0010252E59A
:108760006F0800D46F739234C152BF5C982E06CD4F
:10877000656FA06F0080C35240B304BD5340AFBAD1
:108780004440E17F029200080040B302323EC55CE3
:1087900012309343844303BF6FBB000080B3202F8C
:1087A000466FDE00566F2603444240910000272E9C
:1087B0008C00C552142FC55C002E954186410000E7
:1087C0005D05A60780AB042F80910A2F966F750F69
:1087D0001022072F956F02562F53424452BE042C8D
:1087E000111228113081020206BC0FB8D27F00227C
:1087F000EC3102D6D100232E8A0028080B2C01521E
:10880000508A920CD100101A023296D100012D86A6
:10881000080172EE83DED16FB06F0308E26FBD1204
:10882000148C008240009A5042112C424210303188
:1088300052409002420546C06F950E8280B00608F5
:10884000002EFB6F1072D4BD501050D35205729C95
:10885000A200FB22B6134093D2B0FB4224ED039852
:108860002E87CF012E1200971270FB6F732669F7C7
:10887000B13F01080130F05F2311010216212E697A
:10888000F278E2B3F00244032EFCF5012EC00001A1
:10889000F8D554D75682080B021ACB0AD9588090C3
:1088A000DD0001BE4C085FB959228022120334C397
:1088B00008F23A0A0004080235C0904A0A4822C069
:1088C0008210FCF51050FB0514127C5673B0C311D6
:1088D000303030FB6F035E9B02B6890021514002AD
:1088E000FC232E19020C90020CD100B82E03BC21DF
:1088F00052BC033100020440B21002DE72D63005D1
:108900002F052E960080900150002F232E6F826637
:1089100021029C11308108012E6AF77180503F239B
:10892000BD0108020AC36A6AF7302563125A02744D
:1089300021470272945330037C2AB440024A9200C9
:10894000037A0325802E16B4020003C22A003108E0
:1089500008F23020504A08E17F00B22028FB7F0156
:10896000301562CA9B0001900302689B52F4CAB69C
:108970000010982EA8CF11304108232EDB019266FB
:10898000B41025A02AFB6FE06FE0A47CE0149411E2
:1089900012C49B025AE01224505100009154EB7F04
:1089A00011300A254D575F5D9540C44000002501F8
:1089B000D4424D17C4406503D542560EF52F000032
:1089C00063570230C640B129E642002EC340C0B210
:1089D00000000A234C14710ED47F902EC6B60331CA
:1089E0003153000033555C058A282B8251572D5F87
:1089F0002E80DE8C008A3089FF29967F607FC5D269
:108A000016A4D214777F5112C2000090419241D334
:108A10006FC0B2467F317F082FD0A00000022FA088
:108A20006F052C1010C66F96140312020A00200561
:108A30002ED9018090295540424A2F4152A4D9C0D5
:108A400020102B55DB52201286FEC9726F10255361
:108A5000B6226FE3028030030A0FCA916F7686DB7D
:108A6000522D55D04293042205850B1A2F024479CA
:108A700080DB5290041A820F3CCA936F31025A185D
:108A800050D042130420093A136F355FC042F702F9
:108A9000AC2242AE3100005B33592F5D3157982E26
:108AA00067CCB16F022C40020042428680326F8157
:108AB00082626F466F967F4A0EB000107F942FF14E
:108AC0003D4F551030536F91220AD9016600006F57
:108AD000D140804001009042091685402802800064
:108AE00004429A802955D67FC37FB0026CD9C00555
:108AF00030F500047F2025B16F2D592B5D2D045AD0
:108B0000D66FC36FB200006F616FA7849043590E98
:108B1000DF2F10308140080000289042D27F02A051
:108B2000272F27555153033096010002540817157B
:108B3000306509B501C30261B8948CB600C17FBF2E
:108B4000BD2955C17F438290D9C03555F204560BDB
:108B5000B20080B26F0330C16FAB84595D93425055
:108B6000424EB20C2808DB2F8312C0D12200B3C0C2
:108B7000616FC00290B3C0516F09400398B3C0B297
:108B8000B6520822B26FC16FA07FB352140F040017
:108B9000CAB2021AB3303753982E5ACAD66F02306F
:108BA00061C0046FD27F907F81021E4245417602F0
:108BB0003E0FCAD26F8100016F10284140926FD0E2
:108BC0000218982E0FCA816F7600106F59555042C7
:108BD000720EE92FC26FA1026CFEC910101025B3EE
:108BE000302112BE0FCA2025615139025216B7C575
:108BF00000006F61513B5D124075053130118653A5
:108C00005DC100007F150F0040082F3F8000A821A4
:108C10002EC901002018300A2F9043B2F243018080
:108C200003A00312C2122F914300028043002E3D85
:108C300055006F82C256F06E3F55020F2000142F70
:108C4000E16EC3028E74C0C36F41550130C17F0015
:108C500000C20F0A2FF06E4353810E1130042F0013
:108C60006F801000A41130002F21021AF180C24041
:108C700033F25555B804008612E23ED786232ECB38
:108C800001C242388A02400A00041A5555003002D7
:108C90002F91420EC268032ECC01121000304A28D8
:108CA00023020850A0042F57558982C36F83040004
:108CB00042401242052E9A00848C4741A141A95698
:108CC000C00000B30B09C40544898541F3BF828D00
:108CD000A77F9400007F0A2F092ECA010091062F5A
:108CE000818047590B000040495B847F0C2C49511F
:108CF0002B0998B94404D80040BA828453BC455F1C
:108D0000B3BE8B4013BE871236864010414B53B220
:108D10006F76322E557F4B7F3402CA0FCAD11005B1
:108D20006F880E0332D6C20100E2F2004206C4018F
:108D3000102D0302442E0206304828726FA8B92372
:108D4000020C0B0EC1126C0300C02F904291420026
:108D5000308042B330B26F41127203407200081289
:108D600020012E024042160340C601122D012EC6DC
:108D7000017100016FA95401804A0821020C010E03
:108D8000072F5B510210008001302152EA01422579
:108D90002EC501916F7E8443010082387C809A2920
:108DA00003404642C3B2063000302BBB2A736A929E
:108DB000CC27029402DCF26A05D29C03021603025D
:108DC0000C1C1264836F02A083B262172FF36E50E3
:108DD0006F980F00301232DC98021220440E2FE3FD
:108DE0006E600412092F306F0312052F80024A02B1
:108DF00004202F2D029E1030424082AC5682012F5B
:108E0000F33E5B55288082842D02848612645D5572
:108E1000564256424A0EFB02280000DC01012D009A
:108E200030EB6FB05EB82E2751013080015D5511D7
:108E300042420EFC322A533EC20140500A253C45B4
:108E40005072A4013234E37F3244207AC1FB6FC0F8
:108E500042DC70021C39000080F37F0342A17FC214
:108E60007FD17F03300343E40500E2AE220626D221
:108E70006F02170408C16F0C09041A1000003004B7
:108E800030202201B2142F65591409F330930000E9
:108E90000824BD44BA940A0217F36F4C089A088A52
:108EA00000000A09535108A958940828BD98B8E44D
:108EB0006F5144000A01228EBB6F900268F556057F
:108EC0004069180D17E10000181905162537254AC5
:108ED000175418EC18043064000007EA188E005F7D
:108EE00002DB5693004C022FB9910000BC910A029C
:108EF00042B82E675369514340052E250000F3B850
:108F0000BD9A0A124242826B5564404340480000B9
:108F1000BEE30A13424382420EF72F802E78B70138
:108F200000402E3D010FBC8FB81050012E9C004117
:108F30009216011011900E2F70221268F7FB222C4E
:108F400064B7980226062CFB00086F0090003001E1
:108F50002F212E68F705340FB8F05F02002102348C
:108F6000B82E6F556D51A140838A834018BE08000A
:108F7000624141A246230B28BD6341510A1442B805
:108F8000BD8000424111425A0A0102949B50013FA8
:108F90000240510800101142013201423E8021314D
:108FA000C02EF396802E00FEFFC10F040F100F108D
:108FB0000F100F100F100F100F100F100F100F10B9
:108FC0000F100F100F100F1001000310012E5DF78E
:108FD00008BC80AC0EBB022F0030410000048206AA
:108FE000C0A40030112F40A9032F40910D00002F85
:108FF00000A70B2F80B3DB58022F90A126132088E7
:109000008023809043A4CC0E00022EB82EE356DDC0
:1090100054D0724C00000B2EFDF3E3529042944268
:1090200095420530E55008200F8806B2289642C5C3
:109030004248BE73300D82224FBA000A8442034276
:1090400081B3022F2B822806C2E877F7E156002071
:109050009308252E77F7DF54252EC2F507024442E8
:10906000308080B433DA0A4C0027020C4340D43FEE
:10907000DC084332280020002E43402430DC0A4321
:1090800042048003021A4A0A920823020661341538
:10909000BAD0512324CF0D5A527EF60D6B870800AB
:1090A000ED54E1A2AEB37FB288E752C27F658BE98F
:1090B000560800847F61A264D07F957F537F14306F
:1090C000EB54816F0000427F002E5340458C42409C
:1090D0009041BB8386410000D804160600AC817F16
:1090E000022F0230D30410060400C1845264020B24
:1090F00016040914019902C1B9AFBC0008590A64E9
:109100006F5143A1B4124113225D357F647F040087
:109110002631A3AE982E37CA326F756F8340424115
:109120002300027F127FF630402551250316146F6D
:109130002005706F2000256F6907A2D2440B300410
:10914000429B428B4255428050327F40A9C36F718F
:10915000A2CAD040C37F13661512661300002F0009
:10916000A4112F84BD982E79CA556FF5545401016E
:10917000C20BF33F4541CB02F662AA37CA336FA454
:109180006FC1000042032C0043A46F336F002E42D6
:109190006F556F91000440428B00414100014355DF
:1091A00002D8C14095404D004002C56FF350680E93
:1091B000756FD142A37F8A52A69600000001B322A8
:1091C0002FED58906F17301341B66FE4015402FA37
:1091D000914114409241154017128AB6B2DECB324B
:1091E000640000010C0715C26F140B290214C3A3FD
:1091F000C18FE46FD0C0006FE62F14300502100558
:1092000016442DEF540132F55800000530A9508363
:1092100040D8089101B8BD38B5E67F00000A16B104
:109220006F2ABBA6BD1C0106BC5240060AA0005313
:10923000404503B1120898121A1ABD16B686BA0034
:10924000A90000AA0AB3520F2F0091B352032FB303
:109250005A550F0400B3527206A1042F3F91032FF9
:10926000F558D40F002F0000F5541225F233982E34
:10927000D9C0E46FF5374509000421850543053061
:10928000F152510E0374C52FD55409050B222A2221
:1092900002A077F7FB6F305226432E92B31E7F5DFC
:1092A0002F010000B2542F02B24E2F0390632FFB08
:1092B000503982020040408188FD544140035704E8
:1092C00042002E94121AD80000BE2C0B45406C01AF
:1092D00055420C1745402C0354000042530EF22F08
:1092E00005573E82E240C34028BD9300400A4340F8
:1092F000DA0053428A1643409A0252023641000075
:1093000040D5544A0E3B2F3A8200304140212E6511
:1093100010000F40B20AB29A610C982E2B0E982EB4
:10932000410EFB0300B22E62942E35B40155F75660
:1093300083428F867430FF080054C442A3789200A1
:10934000A1422330272E9500212E00829400BA825C
:10935000182C81423042D29200132D21626E0802F5
:10936000232E92021A7BF70C2D7712E01F0CF95076
:109370000C82200E123040422502182F2E7B02E470
:10938000B3DA54DA86FB7FE1040032620226C2C4FB
:10939000A956A56FAB08916F4B0807000057C46F23
:1093A00023094DBA93BC8C0BD16F0B09ED400052D1
:1093B000095F5642AF021223BD940AE56F68BBEB0A
:1093C000000408BDB963BEFB6F5242E3B282434260
:1093D000905FF3000050032E25F31240004028BA9E
:1093E0009BBC88BD930020B4E30A891608B6C02E42
:1093F00019006202C50C5D0D025401028231300871
:1094000004FB6F0130C30E9402A895B2FE01450023
:1094100002CC0302CC480E0152B6050EB82E0B51F9
:109420002134010000428230C132252E62F5010054
:10943000223001404A42040A53660B55F03B232474
:109440000D538372B683305042C4000132272E641C
:10945000F5940050825ED33F84407D82E310010882
:10946000404283529201530002F87C86DD52092E5D
:109470005004400FE31240D3865440554094428537
:1094800042210274420410402532EEC0427E820521
:109490002E87008062BA052E0980000127BD2FB9F2
:1094A0008090D38E6FF50C2D072E510F2080143035
:1094B0001C09052224E15647BE9308940A25020C94
:1094C00020800F5550424A7246B82E505002304309
:1094D000860D422C8002E37FD27FC07FB1320841EB
:1094E000120A4804982E74C000001EAAD36F1430CC
:1094F000B16FE322C06F5240E46F00004C0E124285
:10950000D37FEB2F032E660F409011302800032FDE
:1095100023020A02F23ED06FFB6FB05FB82E4050BC
:109520000008F17F0A253C86EB7F413322149CD34F
:109530006FF4300000DC091359C26F940915596AA1
:10954000BBDC08B4B90000B1BD115B950821BDF6C4
:10955000BF770B51BEF16F0000EB6F52425442C017
:109560002E4342C05F50501F51000251301142FB48
:109570007F7B300B223402802333014240100300F2
:10958000072E8003E310AD52E27FD302AA982E9CEF
:1095900000C00ED16F080A1A257B86D07F013312D6
:1095A000046E0312800800B20D2FE36F01023051E8
:1095B00030C792E621F208BC0000C042982EED03AD
:1095C000002E002ED02EB06F0BB80042032E1B00D1
:1095D000081AB07F70A226212E21F2051A980040A9
:1095E0002E6DC0982E5DC01751982E44CB190206DF
:1095F000460440C31B020653C72026C06F01311129
:1096000042E1028C9800002E2EB7215300314340D6
:10961000180A4042F2370900002E5EF72357A208CD
:109620002551C24285311542220040334A00FC8652
:109630000B403230C2420B42E0827A9840802EC00A
:10964000B3D16F8012D00330E06F1D55043003702A
:1096500080030189620EFA2F4302E482B0726EB079
:109660005FB44800000000A25500007D6F0000A814
:10967000FFFFFF4E0100000000280000006EE7FF22
:10968000FF76F3FFFF7CF4FFFF9FFF020F0F030F36
:10969000100F100610802E7FCC0F100F100F100F20
:1096A000100F100F100F100F10FF030F100F100FDF
:1096B000100F100F100F100F100F100F10091019AE
:1096C00000060032000000070064000800C800091E
:1096D0000090010A00200320080B007D0004124EB8
:1096E000803DFA00030208003EF401421002020825
:1096F000803EE80312AB00003FD007020F00803F1E
:10970000000052205DBF522095EEDC2F0E0EBF12DE
:1097100083DA0040BF1206F500000E0E0040018003
:10972000004003240E00020E010204081000010094
:109730000342999A9B9E787900007A71A0A27B7C63
:109740007072A400C841A100F103000000622A0069
:1097500002010A060F02060D03050A051011020791
:10976000F00204E80306002802060303A0007C0AB6
:109770001400FC131400A80914404100C41714007D
:1097800034021050020CF00814004C020CC00B8E76
:10979000020C032A980208F01A14005C0214031049
:1097A0000B04C412A10B0F09400A0C803E090D489E
:1097B000430000C83F0000FF7F071401B5650209A0
:1097C000FF030403020506030E0FC00218150FC0A5
:1097D000032A02160303A00004003C0F1400F01536
:1097E0001400B402A05C19140040551702A07802BE
:1097F0000C24020454020CE80208042A020848025D
:10980000D4B8F413F30B030F0C0494130FC0071F09
:109810000FC00FC002CE022BFF0AC01A0110003584
:10982000000F010106C02102191580000010271940
:109830000003780200000044AB1300ECAE1300E814
:10984000A9130040B31300AAA0F0020848020408BC
:109850000204F8020498D9130034022090020C7418
:1098600030C8B402BCAA020402480B03F814A100D9
:10987000A00FC40221B81E827C051B804400004852
:1098800041027A0008021C0303138004040AC01971
:10989000E210010FC00000030FC0023005C08000BD
:1098A000F0CA0290D413000400CCC702A8D713005A
:1098B00094C913004CC3130058C028B013009C0275
:1098C0000CD4021824D01300ACC602DC0220A4027F
:1098D00014325E000E0138150FC00521666666223F
:1098E00030050C02BC02C0C802C0D0B85307D00774
:1098F000051404BC020B010290020704031B010FB4
:10990000C00022D40003A804011F80037823003C78
:10991000B813006C02041C0204C40204029B24025B
:109920000444B7130070B602D802367C12800207D6
:1099300000140218775803080F0403107A1F8003DD
:109940001502048FC2753D020706038002CC48F859
:109950001142000003B60513030A040403050513AE
:10996000002E010FC000002107051F8002F01780A4
:1099700030E61300500204140204C0E7130028412B
:10998000CD0208C4E513007C02040002011C021091
:109990000207000C0608030C3B4B0F040310A02F1A
:1099A0004002150FC000000FC005CE010AC02F01F4
:1099B0000FC000CC0000200FC00AC0C0E222FC0291
:1099C0000484E113008CE413004A55A80208340211
:1099D00004ECE015808C020C0002017C02089C0261
:1099E00020B0F74F0208020F0C037C1F80061E0FE9
:1099F000C00FC003B704040305063430010FC000D4
:109A00000C0C00380FC00AC0A8EA130004EB02AC2B
:109A100002088CEC1300829A300208B0E913006847
:109A20000204000201080210020700F80210BA7FC7
:109A30009C022038061003140704810FC006190F7A
:109A4000C00FC003B70404030506342B6210010FD6
:109A5000C00000230FC00AC094BA1300B002047003
:109A6000B913B8AA0020BB32C003080204D426F000
:109A700078020C000201680208300220FE0F9C02EE
:109A800008020F0F034F8004200FC00FC003B7045C
:109A9000040305043200002C01310C0FC000003714
:109AA0000FC008C0A00054DF32C00204E4DE13007F
:109AB000AAAA3C223408020C94020C4C02040002B4
:109AC00001EC0608DC02084C0220FE0F1002200206
:109AD000170F030FC004200FC00FC003B704040307
:109AE0000504320000310131200FC00000390FC0E1
:109AF00008C08000B4F11300D0020488F02D615238
:109B000034F352280208380204F0EF225400000017
:109B100090020C020700EA1F800208680220B402CB
:109B20000803100F043FC003200FC00FC003B7018C
:109B30000000000000010100000000000000000023
:109B4000084AA1005B05000000B269000201F001B3
:109B500002050E03C00E10090F4844090C03090B3F
:109B6000060AF4F06DA21300DC0204060F0F070FC3
:109B7000100410F10F8002160402040303010632E0
:109B80000203060B04C8430000C83F051202060585
:109B9000080D06E826869B140D11020E7FD6D03DD7
:109BA00002070F030410D10F80021605200205FFE3
:109BB0007C02030F80027C0280021904030F8004E0
:109BC0001500E80F8002170F8002130803CDFFDE97
:109BD0000F80021A07130F8005801F0002310A034D
:109BE000AC1F800A1C0F0B0310CB076D030DFFB7D2
:109BF000060417DA0F800F80062F0C071F00031DC5
:109C00001F0003140704FC0F800219250204B7B3D8
:109C10000F0305102C000A05140D06C41F000D1FAC
:109C20000F0E00FD0F800222280204F563030305D6
:109C30002F80000F8003260D040F800D1E0F0E00D5
:109C400000F70F8002231CFFB7020403031F801FCD
:109C50008003240F041F8003201F8003140704F6D1
:109C60000F8002191F0204FFDB03030F800F800324
:109C7000240F040F8003200F8003140704F30F80C8
:109C800002190D020403037EB8031F801D804F00DC
:109C900003333F800414E12E654204090F050210CE
:109CA000D00F80FD9102140E46000F801500022196
:109CB00004034F0004150054284580E0240508EFF4
:109CC000FF03160F8003140704CF0F80021927D952
:109CD0000F8005804F0002310A034F000A1B0F0B53
:109CE000EDFF0410F40F8002160C020403030F8032
:109CF0000F8003240F042F0003201F000314070408
:109D0000F6EFF20F80021916020403033F800F8062
:109D100003240F040F800520806634050E0B06F621
:109D200053D20F80021D1726000F80021B0A032F3B
:109D300000051B1C2915F8EC2A00006EFF000F809F
:109D4000052C0306CE0F80021513020403030F80B7
:109D50001F0003240F042F000F20EDFF0F10F50F3D
:109D600080022115020403030F800F8003240F04D7
:109D70001F8005201F0005160306F6FBFE0F80025C
:109D8000152B02040F0305105C804F000423E4161A
:109D900080040D0F050F100210F67FFB0F800214D8
:109DA0002202040F0305100C8037A7051B06066F5F
:109DB0000006170F070810C0FBDF0F80021A069677
:109DC000015F801F80022B0F035F0004205F80046F
:109DD000150605CC0F800218FE6F070F80021405D0
:109DE000031C001F8004232F0003150F800314079A
:109DF00004C80F80021926FFDB0680020B0E030C3D
:109E0000801F80042C1F8004150F050A10C90F80C5
:109E1000021C2906803F00E7ED1E800F80023A00F9
:109E2000000F8004150F050A10C60F80021C1D06C6
:109E3000802F000E80FBF61F80023A002F000414D2
:109E40001F8004150605C20F8002180F06806F00E0
:109E50000F80022BBFFD0F030F8004206F0004153D
:109E60000605C30F800218100F80021405032C0092
:109E70001F000423DFFE2F8003150F800314070447
:109E8000C50F8002192006801F801F00022B0F03C0
:109E90001F000420B7FF1F8004150605C10F8002B4
:109EA000181806802F800F80022B0F030F800620CA
:109EB0005F800617EDFF0207C40F800214190F80A0
:109EC000021405031F8005160B061F80051C0F805A
:109ED00005160306F6BFCA0F8002152C0680020B7A
:109EE0000E030F800E1F020F6F0002130F030C10E2
:109EF000C70F80FD6F021E230F80021405030C8024
:109F00004F0004234F0004150F050A10830F800231
:109F10001C087CDE800004012F802F0004250E0524
:109F2000C41D85800B172F800B1CB60F80021D7E71
:109F300081999600020B0E0313C803040317060F42
:109F40003A00683C14000C020472CC8402045C2DBC
:109F50000F8803340F040000ED0F4602239A3402E9
:109F6000050F032F000410037C0304030D02CF1E12
:109F700000C03B1400BC271400A8E00D2E140050B4
:109F8000A89746032C0F040910F80F80021B893094
:109F90000000FE3921025E0304020F0F03061002C7
:109FA00021060A0B0724A40F780B1E0F0C0000D605
:109FB00037F90F80022388028020025F0304020F1A
:109FC0000F030610022FA60418D8A36F7D0F80047C
:109FD000170F050810E40F80021A9C1280380280C7
:109FE0000304020F0F03061002836F0F3A04186078
:109FF0002B1400780204040D0F050F100210BF0F80
:10A000004602148FFDF502802302800304020F0F25
:10A010000306105FFF0517D42204F40204050E0F97
:10A02000060F10583F0000B20F8002239E028039B5
:10A0300002800304020F0F0306100F800000EA598C
:10A04000B022F8980204B4020406250F070F10008E
:10A05000B50F8002229F0280377F3D0280030402F9
:10A060000F0F0306100F800517E4027CCC020405D5
:10A070000E0F060F100000443F7A030F1400006516
:10A0800002131502800304020B0E03EF800D1F1450
:10A090002C81003FF80000CDCCCC3D0D2600000007
:10A0A00000000000885EA100360000000032DD00E4
:10A0B0000201E00102050E03D04103111903050F4F
:10A0C000040A10030A0C090B1800AC2014090D0F28
:10A0D0000A00000000000000000000000000000076
:10A0E00000000000085FA1000900000001FC1DA1A4
:10A0F000008C1EA100000000105FA10009000000FC
:10A1000001E81EA100A81FA100000000185FA10027
:10A110000500000001941EA1000000001C5FA100CA
:10A1200005000000019C1EA100000000205FA100AE
:10A130000900000001841EA100041FA1000000000E
:10A14000285FA1001900000001A41EA100AC1EA1FF
:10A1500000F01EA100FC1EA100181FA100B81FA145
:10A1600000000000405FA1000900000001B41EA132
:10A1700000B01FA1000000000012A10020F4FFFFAA
:10A1800000000000000000005365702032332032D0
:10A190003032362031343A30303A34380000000062
:10A1A0001618156566A0A10001020304050607083C
:10A1B0000900000001020607080900000607080957
:10A1C0000000000000000000010203040607080967
:10A1D000000000000102030412010001EF0201402F
:10A1E000332815B0000101020301000009025D00DF
:10A1F0000301008032080B00020202000009040083
:10A2000000010202000405240020010524010001D0
:10A21000042402020524060001070581030800103A
:10A2200009040100020A00000007050202400000C4
:10A23000070582024000000904020000FE0101053A
:10A2400009210DE8030010010100000009040000CD
:10A250000203060400120203060401007475645F21
:10A260006364635F6E5F77726974655F666C757354
:10A2700068000000636463645F6F70656E000000D7
:10A28000636463645F786665725F63620000000008
:10A290005DD5010805D6010869D601088DD80108E9
:10A2A00061DA01080000000005DC010813DC010888
:10A2B00029DC0108A5DC0108000000000000000006
:10A2C0007475645F696E697400000000636F6E6688
:10A2D000696775726174696F6E5F7265736574002A
:10A2E0007475645F7461736B5F657874000000005F
:10A2F00070726F636573735F636F6E74726F6C5FA0
:10A30000726571756573740070726F636573735FE6
:10A310007365745F636F6E666967000070726F6368
:10A320006573735F6765745F646573637269707486
:10A330006F7200006F73616C5F71756575655F7337
:10A34000656E6400757362645F6F70656E5F6564EF
:10A3500070745F7061697200757362645F656470C8
:10A36000745F6F70656E0000757362645F65647022
:10A37000745F7866657200007475645F636F6E74F5
:10A38000726F6C5F786665720000000075736264BE
:10A390005F636F6E74726F6C5F786665725F636225
:10A3A0000000000000000050430000000600000014
:10A3B00000050000000004404D00000009000000FE
:10A3C00000100000636865636B5F647763320000B0
:10A3D0006463645F656470745F6F70656E00000035
:10A3E00074755F656470745F76616C6964617465CF
:10A3F0000000202020202020202020282828282875
:10A40000202020202020202020202020202020204C
:10A4100020208810101010101010101010101010A4
:10A4200010100404040404040404040410101010A4
:10A43000101010414141414141010101010101015F
:10A4400001010101010101010101010101101010CF
:10A450001010104242424242420202020202020232
:10A4600002020202020202020202020202101010A2
:10A4700010200000000000000000000000000000AC
:10A4800000000000000000000000000000000000CC
:10A4900000000000000000000000000000000000BC
:10A4A00000000000000000000000000000000000AC
:10A4B000000000000000000000000000000000009C
:10A4C000000000000000000000000000000000008C
:10A4D000000000000000000000000000000000007C
:10A4E000000000000000000000000000000000006C
:10A4F0000000494E4600696E66004E414E006E6196
:10A500006E0030003031323334353637383941421D
:10A5100043444546003031323334353637383961BB
:10A52000626364656600496E66696E697479004E9F
:10A53000614E005245454E54206D616C6C6F632036
:10A54000737563636565646564002F6275696C6427
:10A550002F676E752D746F6F6C732D666F722D7310
:10A56000746D33325F31312E332E72656C312E3281
:10A57000303233303931322D313630302F7372630F
:10A580002F6E65776C69622F6E65776C69622F6CD0
:10A590006962632F7374646C69622F64746F612ED7
:10A5A000630042616C6C6F632073756363656564FF
:10A5B0006564002F6275696C642F676E752D746F0A
:10A5C0006F6C732D666F722D73746D33325F313122
:10A5D0002E332E72656C312E3230323330393132B7
:10A5E0002D313630302F7372632F6E65776C696250
:10A5F0002F6E65776C69622F6C6962632F73746468
:10A600006C69622F6D707265632E6300000000003C
:10A610000080E03779C34143176E05B5B5B893465E
:10A62000F5F93FE9034F384D321D30F94877825A2A
:10A630003CBF737FDD4F1575000000000000F03F48
:10A64000000000000000244000000000000059400D
:10A650000000000000408F40000000000088C34060
:10A6600000000000006AF8400000000080842E41D5
:10A6700000000000D01263410000000084D7974121
:10A680000000000065CDCD41000000205FA0024227
:10A69000000000E876483742000000A2941A6D429C
:10A6A000000040E59C30A2420000901EC4BCD6428F
:10A6B00000003426F56B0C430080E03779C341433A
:10A6C00000A0D8855734764300C84E676DC1AB43B0
:10A6D000003D9160E458E143408CB5781DAF1544CE
:10A6E00050EFE2D6E41A4B4492D54D06CFF08044A9
:10A6F000F64AE1C7022DB544B49DD9794378EA44BE
:10A7000005000000190000007D000000232D302B03
:10A710002000686C4C006566674546470043005062
:10A720004F534958002E002C2066756E6374696F74
:10A730006E3A2000617373657274696F6E20222512
:10A740007322206661696C65643A2066696C6520D5
:10A75000222573222C206C696E65202564257325C3
:10A76000730A0000DB0F49BFE4CB1640E4CB16C0F0
:10A7700000000080DB0F4940DB0F49C00000003FB4
:10A78000000000BF8071313F807131BFD1F71737B2
:10A79000D1F717B70000000000000080000FC93F8C
:10A7A000000F494000CB9640000FC9400053FB40CA
:10A7B00000CB164100ED2F41000F494100316241AD
:10A7C00000537B41003A8A4100CB9641005CA34193
:10A7D00000EDAF41007EBC41000FC94100A0D54152
:10A7E0000031E24100C2EE410053FB4100F203425E
:10A7F000003A0A420083104200CB164200141D4268
:10A80000005C234200A5294200ED2F42003636426B
:10A81000007E3C4200C74242000F4942A2000000B5
:10A82000F9000000830000006E0000004E000000F0
:10A83000440000001500000029000000FC0000009A
:10A840002700000057000000D1000000F5000000C4
:10A8500034000000DD000000C0000000DB0000004C
:10A860006200000095000000990000003C0000001C
:10A87000430000009000000041000000FE000000C6
:10A880005100000063000000AB000000DE0000008B
:10A89000BB000000C500000061000000B700000020
:10A8A000240000006E0000003A000000420000009A
:10A8B0004D000000D2000000E00000000600000093
:10A8C000490000002E000000EA000000090000001E
:10A8D000D1000000920000001C000000FE000000FB
:10A8E0001D000000EB0000001C000000B100000093
:10A8F00029000000A70000003E000000E800000062
:10A900008200000035000000F50000002E0000006D
:10A91000BB0000004400000084000000E9000000CB
:10A920009C0000007000000026000000B400000041
:10A930005F0000007E0000004100000039000000C0
:10A9400091000000D60000003900000083000000E4
:10A950005300000039000000F40000009C000000DB
:10A96000840000005F0000008B000000BD000000BC
:10A97000F9000000280000003B0000001F0000005C
:10A98000F800000097000000FF000000DE0000005B
:10A9900005000000980000000F000000EF0000001C
:10A9A0002F000000110000008B0000005A00000082
:10A9B0000A0000006D0000001F0000006D00000094
:10A9C000360000007E000000CF00000027000000DD
:10A9D000CB00000009000000B70000004F0000009D
:10A9E000460000003F000000660000009E000000DE
:10A9F0005F000000EA0000002D000000750000006C
:10AA000027000000BA000000C7000000EB000000B3
:10AA1000E5000000F10000007B0000003D000000A8
:10AA20000700000039000000F70000008A00000065
:10AA30005200000092000000EA0000006B000000DD
:10AA4000FB0000005F000000B10000001F000000DC
:10AA50008D0000005D0000000800000056000000AE
:10AA6000030000003000000046000000FC00000071
:10AA70007B0000006B000000AB000000F000000055
:10AA8000CF000000BC000000200000009A00000081
:10AA9000F4000000360000001D000000A9000000C6
:10AAA000E300000091000000610000005E00000073
:10AAB000E60000001B000000080000006500000028
:10AAC00099000000850000005F00000014000000F5
:10AAD000A000000068000000400000008D000000A1
:10AAE000FF000000D8000000800000004D000000C2
:10AAF0007300000027000000310000000600000085
:10AB0000060000001500000056000000CA0000000A
:10AB100073000000A8000000C900000060000000F1
:10AB2000E20000007B000000C00000008C0000007C
:10AB30006B0000003863ED3EDA0F493F5E987B3FC3
:10AB4000DA0FC93F6937AC3168212233B40F1433AF
:10AB50006821A2330000C93F0000F0390000DA3755
:10AB60000000A2330000842E0000502B0000C227FA
:10AB70000000D0220000C41F0000C61B00004417C4
:0CAB8000040000000700000009000000B5
:08AB8C00A862FB7F010000003C
:04AB9400F5010008BF
:04AB9800D1010008DF
:10AB9C00010101001B00000000000000000000008B
:10ABAC000000000000000000000000000000000099
:10ABBC000000000000000000000000000000000089
:10ABCC000000000000000000000000000000000079
:10ABDC000000000000000000000000000000000069
:10ABEC000000000000000000000000000000000059
:10ABFC000000000000000000000000000000000049
:10AC0C000000000000000000000000000000000038
:10AC1C000000000000000000000000000000000028
:10AC2C000000000000000000000000000000000018
:10AC3C000000000000000000000000000000000008
:10AC4C0000000000000000000000000000000000F8
:10AC5C0000000000000000000000000000000000E8
:10AC6C0000000000000000000000000000000000D8
:10AC7C0000000000000000000000000000000000C8
:10AC8C0000000000000000000000000000000000B8
:10AC9C0000000000000000000000000000000000A8
:10ACAC000000000000000000000000000000000098
:10ACBC000000000000000000000000000000000088
:10ACCC000000000000000000000000000000000078
:10ACDC000000000000000000000000000000000068
:10ACEC000000000000000000000000000000000058
:10ACFC000000000000000000000000000000000048
:10AD0C000000000000000000000000000000000037
:10AD1C000000000000000000000000000000000027
:10AD2C000000000000000000000000000000000017
:10AD3C000000000000000000000000000000000007
:10AD4C0000000000000000000000000000000000F7
:10AD5C0000000000000000000000000000000000E7
:10AD6C0000000000000000000000000000000000D7
:10AD7C0000000000000000000000000000000000C7
:10AD8C0000000000000000000000000000000000B7
:10AD9C0000000000000000000000000000000000A7
:10ADAC000000000000000000000000000000000097
:10ADBC000000000000000000000000000000000087
:10ADCC000000000000000000000000000000000077
:10ADDC000000000000000000000000000000000067
:10ADEC000000000000000000000000000000000057
:10ADFC000000000000000000000000000000000047
:10AE0C000000000000000000000000000000000036
:10AE1C000000000000000000000000000000000026
:10AE2C000000000000000000000000000000000016
:10AE3C000000000000000000000000000000000006
:10AE4C0000000000000000000000000000000000F6
:10AE5C0000000000000000000000000000000000E6
:10AE6C0000000000000000000000000000000000D6
:10AE7C0000000000000000000000000000000000C6
:10AE8C0000000000000000000000000000000000B6
:10AE9C0000000000000000000000000000000000A6
:10AEAC000000000000000000000000000000000096
:10AEBC000000000000000000000000000000000086
:10AECC000000000000000000000000000000000076
:10AEDC000000000000000000000000000000000066
:10AEEC000000000000000000000000000000000056
:10AEFC000000000000000000000000000000000046
:10AF0C000000000000000000000000000000000035
:10AF1C000000000000000000000000000000000025
:10AF2C000000000000000000000000000000000015
:10AF3C000000000000000000000000000000000005
:10AF4C0000000000000000000000000000000000F5
:10AF5C0000000000000000000000000000000000E5
:10AF6C0000000000000000000000000000000000D5
:10AF7C0000000000000000000000000000000000C5
:10AF8C0000000000000000000000000000000000B5
:10AF9C0000000000000000000000000000000000A5
:10AFAC000000000000000000000000000000000095
:10AFBC000000000000000000000000000000000085
:10AFCC000000000000000000000000000000000075
:10AFDC000000000000000000000000000000000065
:10AFEC000000000000000000000000000000000055
:10AFFC000000000000000000000000000000000045
:10B00C000000000000000000000000000000000034
:10B01C000000000000000000000000000000000024
:10B02C000000000000000000000000000000000014
:10B03C000000000000000000000000000000000004
:10B04C0000000000000000000000000000000000F4
:10B05C0000000000000000000000000000000000E4
:10B06C0000000000000000000000000000000000D4
:10B07C0000000000000000000000000000000000C4
:10B08C0000000000000000000000000000000000B4
:10B09C0000000000000000000000000000000000A4
:10B0AC000000000000000000000000000000000094
:10B0BC000000000000000000000000000000000084
:10B0CC000000000000000000000000000000000074
:10B0DC000000000000000000000000000000000064
:10B0EC000000000000000000000000000000000054
:10B0FC000000000000000000000000000000000044
:10B10C000000000000000000000000000000000033
:10B11C000000000000000000000000000000000023
:10B12C000000000000000000000000000000000013
:10B13C000000000000000000000000000000000003
:10B14C0000000000000000000000000000000000F3
:10B15C0000000000000000000000000000000000E3
:10B16C0000000000000000000000000000000000D3
:10B17C0000000000000000000000000000000000C3
:10B18C0000000000000000000000000000000000B3
:10B19C0000000000000000000000000000000000A3
:10B1AC000000000000000000000000000000000093
:10B1BC000000000000000000000000000000000083
:10B1CC000000000000000000000000000000000073
:10B1DC000000000000000000000000000000000063
:10B1EC000000000000000000000000000000000053
:10B1FC000000000000000000000000000000000043
:10B20C000000000000000000000000000000000032
:10B21C000000000000000000000000000000000022
:10B22C000000000000000000000000000000000012
:10B23C000000000000000000000000000000000002
:10B24C0000000000000000000000000000000000F2
:10B25C0000000000000000000000000000000000E2
:10B26C0000000000000000000000000000000000D2
:10B27C0000000000000000000000000000000000C2
:10B28C0000000000000000000000000000000000B2
:10B29C0000000000000000000000000000000000A2
:10B2AC000000000000000000000000000000000092
:10B2BC000000000000000000000000000000000082
:10B2CC000000000000000000000000000000000072
:10B2DC000000000000000000000000000000000062
:10B2EC000000000000000000000000000000000052
:10B2FC000000000000000000000000000000000042
:10B30C000000000000000000000000000000000031
:10B31C000000000000000000000000000000000021
:10B32C000000000000000000000000000000000011
:10B33C000000000000000000000000000000000001
:10B34C0000000000000000000000000000000000F1
:10B35C0000000000000000000000000000000000E1
:10B36C0000000000000000000000000000000000D1
:10B37C0000000000000000000000000000000000C1
:10B38C0000000000000000000000000000000000B1
:10B39C0000000000000000000000000000000000A1
:10B3AC000000000000000000000000000000000091
:10B3BC000000000000000000000000000000000081
:10B3CC000000000000000000000000000000000071
:10B3DC000000000000000000000000000000000061
:10B3EC000000000000000000000000000000000051
:10B3FC000000000000000000000000000000000041
:10B40C000000000000000000000000000000000030
:10B41C000000000000000000000000000000000020
:10B42C000000000000000000000000000000000010
:10B43C000000000000000000000000000000000000
:10B44C0000000000000000000000000000000000F0
:10B45C0000000000000000000000000000000000E0
:10B46C0000000000000000000000000000000000D0
:10B47C0000000000000000000000000000000000C0
:10B48C0000000000000000000000000000000000B0
:10B49C0000000000000000000000000000000000A0
:10B4AC000000000000000000000000000000000090
:10B4BC000000000000000000000000000000000080
:10B4CC000000000000000000000000000000000070
:10B4DC000000000000000000000000000000000060
:10B4EC000000000000000000000000000000000050
:10B4FC000000000000000000000000000000000040
:10B50C00000000000000000000000000000000002F
:10B51C00000000000000000000000000000000001F
:10B52C00000000000000000000000000000000000F
:10B53C0000000000000000000000000000000000FF
:10B54C0000000000000000000000000000000000EF
:10B55C0000000000000000000000000000000000DF
:10B56C0000000000000000000000000000000000CF
:10B57C0000000000000000000000000000000000BF
:10B58C0000000000000000000000000000000000AF
:10B59C00000000000000000000000000000000009F
:10B5AC00000000000000000000000000000000008F
:10B5BC00000000000000000000000000000000007F
:10B5CC00000000000000000000000000000000006F
:10B5DC00000000000000000000000000000000005F
:10B5EC00000000000000000000000000000000004F
:10B5FC00000000000000000000000000000000003F
:10B60C00000000000000000000000000000000002E
:10B61C000000000000000000010202001C000000FD
:10B62C00000000000000000000000000000000000E
:10B63C0000000000000000000000000000000000FE
:10B64C0000000000000000000000000000000000EE
:10B65C0000000000000000000000000000000000DE
:10B66C0000000000000000000000000000000000CE
:10B67C0000000000000000000000000000000000BE
:10B68C0000000000000000000000000000000000AE
:10B69C00000000000000000000000000000000009E
:10B6AC00000000000000000000000000000000008E
:10B6BC00000000000000000000000000000000007E
:10B6CC00000000000000000000000000000000006E
:10B6DC00000000000000000000000000000000005E
:10B6EC00000000000000000000000000000000004E
:10B6FC00000000000000000000000000000000003E
:10B70C00000000000000000000000000000000002D
:10B71C00000000000000000000000000000000001D
:10B72C00000000000000000000000000000000000D
:10B73C0000000000000000000000000000000000FD
:10B74C0000000000000000000000000000000000ED
:10B75C0000000000000000000000000000000000DD
:10B76C0000000000000000000000000000000000CD
:10B77C0000000000000000000000000000000000BD
:10B78C0000000000000000000000000000000000AD
:10B79C00000000000000000000000000000000009D
:10B7AC00000000000000000000000000000000008D
:10B7BC00000000000000000000000000000000007D
:10B7CC00000000000000000000000000000000006D
:10B7DC00000000000000000000000000000000005D
:10B7EC00000000000000000000000000000000004D
:10B7FC00000000000000000000000000000000003D
:10B80C00000000000000000000000000000000002C
:10B81C00000000000000000000000000000000001C
:10B82C00000000000000000000000000000000000C
:10B83C0000000000000000000000000000000000FC
:10B84C0000000000000000000000000000000000EC
:10B85C0000000000000000000000000000000000DC
:10B86C0000000000000000000000000000000000CC
:10B87C0000000000000000000000000000000000BC
:10B88C0000000000000000000000000000000000AC
:10B89C00000000000000000000000000000000009C
:10B8AC00000000000000000000000000000000008C
:10B8BC00000000000000000000000000000000007C
:10B8CC00000000000000000000000000000000006C
:10B8DC00000000000000000000000000000000005C
:10B8EC00000000000000000000000000000000004C
:10B8FC00000000000000000000000000000000003C
:10B90C00000000000000000000000000000000002B
:10B91C00000000000000000000000000000000001B
:10B92C00000000000000000000000000000000000B
:10B93C0000000000000000000000000000000000FB
:10B94C0000000000000000000000000000000000EB
:10B95C0000000000000000000000000000000000DB
:10B96C0000000000000000000000000000000000CB
:10B97C0000000000000000000000000000000000BB
:10B98C0000000000000000000000000000000000AB
:10B99C00000000000000000000000000000000009B
:10B9AC00000000000000000000000000000000008B
:10B9BC00000000000000000000000000000000007B
:10B9CC00000000000000000000000000000000006B
:10B9DC00000000000000000000000000000000005B
:10B9EC00000000000000000000000000000000004B
:10B9FC00000000000000000000000000000000003B
:10BA0C00000000000000000000000000000000002A
:10BA1C00000000000000000000000000000000001A
:10BA2C00000000000000000000000000000000000A
:10BA3C0000000000000000000000000000000000FA
:10BA4C0000000000000000000000000000000000EA
:10BA5C0000000000000000000000000000000000DA
:10BA6C0000000000000000000000000000000000CA
:10BA7C0000000000000000000000000000000000BA
:10BA8C0000000000000000000000000000000000AA
:10BA9C00000000000000000000000000000000009A
:10BAAC00000000000000000000000000000000008A
:10BABC00000000000000000000000000000000007A
:10BACC00000000000000000000000000000000006A
:10BADC00000000000000000000000000000000005A
:10BAEC00000000000000000000000000000000004A
:10BAFC00000000000000000000000000000000003A
:10BB0C000000000000000000000000000000000029
:10BB1C000000000000000000000000000000000019
:10BB2C000000000000000000000000000000000009
:10BB3C0000000000000000000000000000000000F9
:10BB4C0000000000000000000000000000000000E9
:10BB5C0000000000000000000000000000000000D9
:10BB6C0000000000000000000000000000000000C9
:10BB7C0000000000000000000000000000000000B9
:10BB8C0000000000000000000000000000000000A9
:10BB9C000000000000000000000000000000000099
:10BBAC000000000000000000000000000000000089
:10BBBC000000000000000000000000000000000079
:10BBCC000000000000000000000000000000000069
:10BBDC000000000000000000000000000000000059
:10BBEC000000000000000000000000000000000049
:10BBFC000000000000000000000000000000000039
:10BC0C000000000000000000000000000000000028
:10BC1C000000000000000000000000000000000018
:10BC2C000000000000000000000000000000000008
:10BC3C0000000000000000000000000000000000F8
:10BC4C0000000000000000000000000000000000E8
:10BC5C0000000000000000000000000000000000D8
:10BC6C0000000000000000000000000000000000C8
:10BC7C0000000000000000000000000000000000B8
:10BC8C0000000000000000000000000000000000A8
:10BC9C000000000000000000000000000000000098
:10BCAC000000000000000000000000000000000088
:10BCBC000000000000000000000000000000000078
:10BCCC000000000000000000000000000000000068
:10BCDC000000000000000000000000000000000058
:10BCEC000000000000000000000000000000000048
:10BCFC000000000000000000000000000000000038
:10BD0C000000000000000000000000000000000027
:10BD1C000000000000000000000000000000000017
:10BD2C000000000000000000000000000000000007
:10BD3C0000000000000000000000000000000000F7
:10BD4C0000000000000000000000000000000000E7
:10BD5C0000000000000000000000000000000000D7
:10BD6C0000000000000000000000000000000000C7
:10BD7C0000000000000000000000000000000000B7
:10BD8C0000000000000000000000000000000000A7
:10BD9C000000000000000000000000000000000097
:10BDAC000000000000000000000000000000000087
:10BDBC000000000000000000000000000000000077
:10BDCC000000000000000000000000000000000067
:10BDDC000000000000000000000000000000000057
:10BDEC000000000000000000000000000000000047
:10BDFC000000000000000000000000000000000037
:10BE0C000000000000000000000000000000000026
:10BE1C000000000000000000000000000000000016
:10BE2C000000000000000000000000000000000006
:10BE3C0000000000000000000000000000000000F6
:10BE4C0000000000000000000000000000000000E6
:10BE5C0000000000000000000000000000000000D6
:10BE6C0000000000000000000000000000000000C6
:10BE7C0000000000000000000000000000000000B6
:10BE8C0000000000000000000000000000000000A6
:10BE9C000000000000000000000000000000000096
:10BEAC000000000000000000000000000000000086
:10BEBC000000000000000000000000000000000076
:10BECC000000000000000000000000000000000066
:10BEDC000000000000000000000000000000000056
:10BEEC000000000000000000000000000000000046
:10BEFC000000000000000000000000000000000036
:10BF0C000000000000000000000000000000000025
:10BF1C000000000000000000000000000000000015
:10BF2C000000000000000000000000000000000005
:10BF3C0000000000000000000000000000000000F5
:10BF4C0000000000000000000000000000000000E5
:10BF5C0000000000000000000000000000000000D5
:10BF6C0000000000000000000000000000000000C5
:10BF7C0000000000000000000000000000000000B5
:10BF8C0000000000000000000000000000000000A5
:10BF9C000000000000000000000000000000000095
:10BFAC000000000000000000000000000000000085
:10BFBC000000000000000000000000000000000075
:10BFCC000000000000000000000000000000000065
:10BFDC000000000000000000000000000000000055
:10BFEC000000000000000000000000000000000045
:10BFFC000000000000000000000000000000000035
:10C00C000000000000000000000000000000000024
:10C01C000000000000000000000000000000000014
:10C02C000000000000000000000000000000000004
:10C03C0000000000000000000000000000000000F4
:10C04C0000000000000000000000000000000000E4
:10C05C0000000000000000000000000000000000D4
:10C06C0000000000000000000000000000000000C4
:10C07C0000000000000000000000000000000000B4
:10C08C0000000000000000000000000000000000A4
:10C09C000000000000000000000000000000000094
:10C0AC00010303001D000000000000000000000060
:10C0BC000000000000000000000000000000000074
:10C0CC000000000000000000000000000000000064
:10C0DC000000000000000000000000000000000054
:10C0EC000000000000000000000000000000000044
:10C0FC000000000000000000000000000000000034
:10C10C000000000000000000000000000000000023
:10C11C000000000000000000000000000000000013
:10C12C000000000000000000000000000000000003
:10C13C0000000000000000000000000000000000F3
:10C14C0000000000000000000000000000000000E3
:10C15C0000000000000000000000000000000000D3
:10C16C0000000000000000000000000000000000C3
:10C17C0000000000000000000000000000000000B3
:10C18C0000000000000000000000000000000000A3
:10C19C000000000000000000000000000000000093
:10C1AC000000000000000000000000000000000083
:10C1BC000000000000000000000000000000000073
:10C1CC000000000000000000000000000000000063
:10C1DC000000000000000000000000000000000053
:10C1EC000000000000000000000000000000000043
:10C1FC000000000000000000000000000000000033
:10C20C000000000000000000000000000000000022
:10C21C000000000000000000000000000000000012
:10C22C000000000000000000000000000000000002
:10C23C0000000000000000000000000000000000F2
:10C24C0000000000000000000000000000000000E2
:10C25C0000000000000000000000000000000000D2
:10C26C0000000000000000000000000000000000C2
:10C27C0000000000000000000000000000000000B2
:10C28C0000000000000000000000000000000000A2
:10C29C000000000000000000000000000000000092
:10C2AC000000000000000000000000000000000082
:10C2BC000000000000000000000000000000000072
:10C2CC000000000000000000000000000000000062
:10C2DC000000000000000000000000000000000052
:10C2EC000000000000000000000000000000000042
:10C2FC000000000000000000000000000000000032
:10C30C000000000000000000000000000000000021
:10C31C000000000000000000000000000000000011
:10C32C000000000000000000000000000000000001
:10C33C0000000000000000000000000000000000F1
:10C34C0000000000000000000000000000000000E1
:10C35C0000000000000000000000000000000000D1
:10C36C0000000000000000000000000000000000C1
:10C37C0000000000000000000000000000000000B1
:10C38C0000000000000000000000000000000000A1
:10C39C000000000000000000000000000000000091
:10C3AC000000000000000000000000000000000081
:10C3BC000000000000000000000000000000000071
:10C3CC000000000000000000000000000000000061
:10C3DC000000000000000000000000000000000051
:10C3EC000000000000000000000000000000000041
:10C3FC000000000000000000000000000000000031
:10C40C000000000000000000000000000000000020
:10C41C000000000000000000000000000000000010
:10C42C000000000000000000000000000000000000
:10C43C0000000000000000000000000000000000F0
:10C44C0000000000000000000000000000000000E0
:10C45C0000000000000000000000000000000000D0
:10C46C0000000000000000000000000000000000C0
:10C47C0000000000000000000000000000000000B0
:10C48C0000000000000000000000000000000000A0
:10C49C000000000000000000000000000000000090
:10C4AC000000000000000000000000000000000080
:10C4BC000000000000000000000000000000000070
:10C4CC000000000000000000000000000000000060
:10C4DC000000000000000000000000000000000050
:10C4EC000000000000000000000000000000000040
:10C4FC000000000000000000000000000000000030
:10C50C00000000000000000000000000000000001F
:10C51C00000000000000000000000000000000000F
:10C52C0000000000000000000000000000000000FF
:10C53C0000000000000000000000000000000000EF
:10C54C0000000000000000000000000000000000DF
:10C55C0000000000000000000000000000000000CF
:10C56C0000000000000000000000000000000000BF
:10C57C0000000000000000000000000000000000AF
:10C58C00000000000000000000000000000000009F
:10C59C00000000000000000000000000000000008F
:10C5AC00000000000000000000000000000000007F
:10C5BC00000000000000000000000000000000006F
:10C5CC00000000000000000000000000000000005F
:10C5DC00000000000000000000000000000000004F
:10C5EC00000000000000000000000000000000003F
:10C5FC00000000000000000000000000000000002F
:10C60C00000000000000000000000000000000001E
:10C61C00000000000000000000000000000000000E
:10C62C0000000000000000000000000000000000FE
:10C63C0000000000000000000000000000000000EE
:10C64C0000000000000000000000000000000000DE
:10C65C0000000000000000000000000000000000CE
:10C66C0000000000000000000000000000000000BE
:10C67C0000000000000000000000000000000000AE
:10C68C00000000000000000000000000000000009E
:10C69C00000000000000000000000000000000008E
:10C6AC00000000000000000000000000000000007E
:10C6BC00000000000000000000000000000000006E
:10C6CC00000000000000000000000000000000005E
:10C6DC00000000000000000000000000000000004E
:10C6EC00000000000000000000000000000000003E
:10C6FC00000000000000000000000000000000002E
:10C70C00000000000000000000000000000000001D
:10C71C00000000000000000000000000000000000D
:10C72C0000000000000000000000000000000000FD
:10C73C0000000000000000000000000000000000ED
:10C74C0000000000000000000000000000000000DD
:10C75C0000000000000000000000000000000000CD
:10C76C0000000000000000000000000000000000BD
:10C77C0000000000000000000000000000000000AD
:10C78C00000000000000000000000000000000009D
:10C79C00000000000000000000000000000000008D
:10C7AC00000000000000000000000000000000007D
:10C7BC00000000000000000000000000000000006D
:10C7CC00000000000000000000000000000000005D
:10C7DC00000000000000000000000000000000004D
:10C7EC00000000000000000000000000000000003D
:10C7FC00000000000000000000000000000000002D
:10C80C00000000000000000000000000000000001C
:10C81C00000000000000000000000000000000000C
:10C82C0000000000000000000000000000000000FC
:10C83C0000000000000000000000000000000000EC
:10C84C0000000000000000000000000000000000DC
:10C85C0000000000000000000000000000000000CC
:10C86C0000000000000000000000000000000000BC
:10C87C0000000000000000000000000000000000AC
:10C88C00000000000000000000000000000000009C
:10C89C00000000000000000000000000000000008C
:10C8AC00000000000000000000000000000000007C
:10C8BC00000000000000000000000000000000006C
:10C8CC00000000000000000000000000000000005C
:10C8DC00000000000000000000000000000000004C
:10C8EC00000000000000000000000000000000003C
:10C8FC00000000000000000000000000000000002C
:10C90C00000000000000000000000000000000001B
:10C91C00000000000000000000000000000000000B
:10C92C0000000000000000000000000000000000FB
:10C93C0000000000000000000000000000000000EB
:10C94C0000000000000000000000000000000000DB
:10C95C0000000000000000000000000000000000CB
:10C96C0000000000000000000000000000000000BB
:10C97C0000000000000000000000000000000000AB
:10C98C00000000000000000000000000000000009B
:10C99C00000000000000000000000000000000008B
:10C9AC00000000000000000000000000000000007B
:10C9BC00000000000000000000000000000000006B
:10C9CC00000000000000000000000000000000005B
:10C9DC00000000000000000000000000000000004B
:10C9EC00000000000000000000000000000000003B
:10C9FC00000000000000000000000000000000002B
:10CA0C00000000000000000000000000000000001A
:10CA1C00000000000000000000000000000000000A
:10CA2C0000000000000000000000000000000000FA
:10CA3C0000000000000000000000000000000000EA
:10CA4C0000000000000000000000000000000000DA
:10CA5C0000000000000000000000000000000000CA
:10CA6C0000000000000000000000000000000000BA
:10CA7C0000000000000000000000000000000000AA
:10CA8C00000000000000000000000000000000009A
:10CA9C00000000000000000000000000000000008A
:10CAAC00000000000000000000000000000000007A
:10CABC00000000000000000000000000000000006A
:10CACC00000000000000000000000000000000005A
:10CADC00000000000000000000000000000000004A
:10CAEC00000000000000000000000000000000003A
:10CAFC00000000000000000000000000000000002A
:10CB0C000000000000000000000000000000000019
:10CB1C000000000000000000000000000000000009
:10CB2C000000000000000000010404001E000000D2
:10CB3C0000000000000000000000000000000000E9
:10CB4C0000000000000000000000000000000000D9
:10CB5C0000000000000000000000000000000000C9
:10CB6C0000000000000000000000000000000000B9
:10CB7C0000000000000000000000000000000000A9
:10CB8C000000000000000000000000000000000099
:10CB9C000000000000000000000000000000000089
:10CBAC000000000000000000000000000000000079
:10CBBC000000000000000000000000000000000069
:10CBCC000000000000000000000000000000000059
:10CBDC000000000000000000000000000000000049
:10CBEC000000000000000000000000000000000039
:10CBFC000000000000000000000000000000000029
:10CC0C000000000000000000000000000000000018
:10CC1C000000000000000000000000000000000008
:10CC2C0000000000000000000000000000000000F8
:10CC3C0000000000000000000000000000000000E8
:10CC4C0000000000000000000000000000000000D8
:10CC5C0000000000000000000000000000000000C8
:10CC6C0000000000000000000000000000000000B8
:10CC7C0000000000000000000000000000000000A8
:10CC8C000000000000000000000000000000000098
:10CC9C000000000000000000000000000000000088
:10CCAC000000000000000000000000000000000078
:10CCBC000000000000000000000000000000000068
:10CCCC000000000000000000000000000000000058
:10CCDC000000000000000000000000000000000048
:10CCEC000000000000000000000000000000000038
:10CCFC000000000000000000000000000000000028
:10CD0C000000000000000000000000000000000017
:10CD1C000000000000000000000000000000000007
:10CD2C0000000000000000000000000000000000F7
:10CD3C0000000000000000000000000000000000E7
:10CD4C0000000000000000000000000000000000D7
:10CD5C0000000000000000000000000000000000C7
:10CD6C0000000000000000000000000000000000B7
:10CD7C0000000000000000000000000000000000A7
:10CD8C000000000000000000000000000000000097
:10CD9C000000000000000000000000000000000087
:10CDAC000000000000000000000000000000000077
:10CDBC000000000000000000000000000000000067
:10CDCC000000000000000000000000000000000057
:10CDDC000000000000000000000000000000000047
:10CDEC000000000000000000000000000000000037
:10CDFC000000000000000000000000000000000027
:10CE0C000000000000000000000000000000000016
:10CE1C000000000000000000000000000000000006
:10CE2C0000000000000000000000000000000000F6
:10CE3C0000000000000000000000000000000000E6
:10CE4C0000000000000000000000000000000000D6
:10CE5C0000000000000000000000000000000000C6
:10CE6C0000000000000000000000000000000000B6
:10CE7C0000000000000000000000000000000000A6
:10CE8C000000000000000000000000000000000096
:10CE9C000000000000000000000000000000000086
:10CEAC000000000000000000000000000000000076
:10CEBC000000000000000000000000000000000066
:10CECC000000000000000000000000000000000056
:10CEDC000000000000000000000000000000000046
:10CEEC000000000000000000000000000000000036
:10CEFC000000000000000000000000000000000026
:10CF0C000000000000000000000000000000000015
:10CF1C000000000000000000000000000000000005
:10CF2C0000000000000000000000000000000000F5
:10CF3C0000000000000000000000000000000000E5
:10CF4C0000000000000000000000000000000000D5
:10CF5C0000000000000000000000000000000000C5
:10CF6C0000000000000000000000000000000000B5
:10CF7C0000000000000000000000000000000000A5
:10CF8C000000000000000000000000000000000095
:10CF9C000000000000000000000000000000000085
:10CFAC000000000000000000000000000000000075
:10CFBC000000000000000000000000000000000065
:10CFCC000000000000000000000000000000000055
:10CFDC000000000000000000000000000000000045
:10CFEC000000000000000000000000000000000035
:10CFFC000000000000000000000000000000000025
:10D00C000000000000000000000000000000000014
:10D01C000000000000000000000000000000000004
:10D02C0000000000000000000000000000000000F4
:10D03C0000000000000000000000000000000000E4
:10D04C0000000000000000000000000000000000D4
:10D05C0000000000000000000000000000000000C4
:10D06C0000000000000000000000000000000000B4
:10D07C0000000000000000000000000000000000A4
:10D08C000000000000000000000000000000000094
:10D09C000000000000000000000000000000000084
:10D0AC000000000000000000000000000000000074
:10D0BC000000000000000000000000000000000064
:10D0CC000000000000000000000000000000000054
:10D0DC000000000000000000000000000000000044
:10D0EC000000000000000000000000000000000034
:10D0FC000000000000000000000000000000000024
:10D10C000000000000000000000000000000000013
:10D11C000000000000000000000000000000000003
:10D12C0000000000000000000000000000000000F3
:10D13C0000000000000000000000000000000000E3
:10D14C0000000000000000000000000000000000D3
:10D15C0000000000000000000000000000000000C3
:10D16C0000000000000000000000000000000000B3
:10D17C0000000000000000000000000000000000A3
:10D18C000000000000000000000000000000000093
:10D19C000000000000000000000000000000000083
:10D1AC000000000000000000000000000000000073
:10D1BC000000000000000000000000000000000063
:10D1CC000000000000000000000000000000000053
:10D1DC000000000000000000000000000000000043
:10D1EC000000000000000000000000000000000033
:10D1FC000000000000000000000000000000000023
:10D20C000000000000000000000000000000000012
:10D21C000000000000000000000000000000000002
:10D22C0000000000000000000000000000000000F2
:10D23C0000000000000000000000000000000000E2
:10D24C0000000000000000000000000000000000D2
:10D25C0000000000000000000000000000000000C2
:10D26C0000000000000000000000000000000000B2
:10D27C0000000000000000000000000000000000A2
:10D28C000000000000000000000000000000000092
:10D29C000000000000000000000000000000000082
:10D2AC000000000000000000000000000000000072
:10D2BC000000000000000000000000000000000062
:10D2CC000000000000000000000000000000000052
:10D2DC000000000000000000000000000000000042
:10D2EC000000000000000000000000000000000032
:10D2FC000000000000000000000000000000000022
:10D30C000000000000000000000000000000000011
:10D31C000000000000000000000000000000000001
:10D32C0000000000000000000000000000000000F1
:10D33C0000000000000000000000000000000000E1
:10D34C0000000000000000000000000000000000D1
:10D35C0000000000000000000000000000000000C1
:10D36C0000000000000000000000000000000000B1
:10D37C0000000000000000000000000000000000A1
:10D38C000000000000000000000000000000000091
:10D39C000000000000000000000000000000000081
:10D3AC000000000000000000000000000000000071
:10D3BC000000000000000000000000000000000061
:10D3CC000000000000000000000000000000000051
:10D3DC000000000000000000000000000000000041
:10D3EC000000000000000000000000000000000031
:10D3FC000000000000000000000000000000000021
:10D40C000000000000000000000000000000000010
:10D41C000000000000000000000000000000000000
:10D42C0000000000000000000000000000000000F0
:10D43C0000000000000000000000000000000000E0
:10D44C0000000000000000000000000000000000D0
:10D45C0000000000000000000000000000000000C0
:10D46C0000000000000000000000000000000000B0
:10D47C0000000000000000000000000000000000A0
:10D48C000000000000000000000000000000000090
:10D49C000000000000000000000000000000000080
:10D4AC000000000000000000000000000000000070
:10D4BC000000000000000000000000000000000060
:10D4CC000000000000000000000000000000000050
:10D4DC000000000000000000000000000000000040
:10D4EC000000000000000000000000000000000030
:10D4FC000000000000000000000000000000000020
:10D50C00000000000000000000000000000000000F
:10D51C0000000000000000000000000000000000FF
:10D52C0000000000000000000000000000000000EF
:10D53C0000000000000000000000000000000000DF
:10D54C0000000000000000000000000000000000CF
:10D55C0000000000000000000000000000000000BF
:10D56C0000000000000000000000000000000000AF
:10D57C00000000000000000000000000000000009F
:10D58C00000000000000000000000000000000008F
:10D59C00000000000000000000000000000000007F
:10D5AC00000000000000000000000000000000006F
:10D5BC00020105021B00000000000000000000003A
:10D5CC00000000000000000000000000000000004F
:10D5DC00000000000000000000000000000000003F
:10D5EC00000000000000000000000000000000002F
:10D5FC00000000000000000000000000000000001F
:10D60C00000000000000000000000000000000000E
:10D61C0000000000000000000000000000000000FE
:10D62C0000000000000000000000000000000000EE
:10D63C0000000000000000000000000000000000DE
:10D64C0000000000000000000000000000000000CE
:10D65C0000000000000000000000000000000000BE
:10D66C0000000000000000000000000000000000AE
:10D67C00000000000000000000000000000000009E
:10D68C00000000000000000000000000000000008E
:10D69C00000000000000000000000000000000007E
:10D6AC00000000000000000000000000000000006E
:10D6BC00000000000000000000000000000000005E
:10D6CC00000000000000000000000000000000004E
:10D6DC00000000000000000000000000000000003E
:10D6EC00000000000000000000000000000000002E
:10D6FC00000000000000000000000000000000001E
:10D70C00000000000000000000000000000000000D
:10D71C0000000000000000000000000000000000FD
:10D72C0000000000000000000000000000000000ED
:10D73C0000000000000000000000000000000000DD
:10D74C0000000000000000000000000000000000CD
:10D75C0000000000000000000000000000000000BD
:10D76C0000000000000000000000000000000000AD
:10D77C00000000000000000000000000000000009D
:10D78C00000000000000000000000000000000008D
:10D79C00000000000000000000000000000000007D
:10D7AC00000000000000000000000000000000006D
:10D7BC00000000000000000000000000000000005D
:10D7CC00000000000000000000000000000000004D
:10D7DC00000000000000000000000000000000003D
:10D7EC00000000000000000000000000000000002D
:10D7FC00000000000000000000000000000000001D
:10D80C00000000000000000000000000000000000C
:10D81C0000000000000000000000000000000000FC
:10D82C0000000000000000000000000000000000EC
:10D83C0000000000000000000000000000000000DC
:10D84C0000000000000000000000000000000000CC
:10D85C0000000000000000000000000000000000BC
:10D86C0000000000000000000000000000000000AC
:10D87C00000000000000000000000000000000009C
:10D88C00000000000000000000000000000000008C
:10D89C00000000000000000000000000000000007C
:10D8AC00000000000000000000000000000000006C
:10D8BC00000000000000000000000000000000005C
:10D8CC00000000000000000000000000000000004C
:10D8DC00000000000000000000000000000000003C
:10D8EC00000000000000000000000000000000002C
:10D8FC00000000000000000000000000000000001C
:10D90C00000000000000000000000000000000000B
:10D91C0000000000000000000000000000000000FB
:10D92C0000000000000000000000000000000000EB
:10D93C0000000000000000000000000000000000DB
:10D94C0000000000000000000000000000000000CB
:10D95C0000000000000000000000000000000000BB
:10D96C0000000000000000000000000000000000AB
:10D97C00000000000000000000000000000000009B
:10D98C00000000000000000000000000000000008B
:10D99C00000000000000000000000000000000007B
:10D9AC00000000000000000000000000000000006B
:10D9BC00000000000000000000000000000000005B
:10D9CC00000000000000000000000000000000004B
:10D9DC00000000000000000000000000000000003B
:10D9EC00000000000000000000000000000000002B
:10D9FC00000000000000000000000000000000001B
:10DA0C00000000000000000000000000000000000A
:10DA1C0000000000000000000000000000000000FA
:10DA2C0000000000000000000000000000000000EA
:10DA3C0000000000000000000000000000000000DA
:10DA4C0000000000000000000000000000000000CA
:10DA5C0000000000000000000000000000000000BA
:10DA6C0000000000000000000000000000000000AA
:10DA7C00000000000000000000000000000000009A
:10DA8C00000000000000000000000000000000008A
:10DA9C00000000000000000000000000000000007A
:10DAAC00000000000000000000000000000000006A
:10DABC00000000000000000000000000000000005A
:10DACC00000000000000000000000000000000004A
:10DADC00000000000000000000000000000000003A
:10DAEC00000000000000000000000000000000002A
:10DAFC00000000000000000000000000000000001A
:10DB0C000000000000000000000000000000000009
:10DB1C0000000000000000000000000000000000F9
:10DB2C0000000000000000000000000000000000E9
:10DB3C0000000000000000000000000000000000D9
:10DB4C0000000000000000000000000000000000C9
:10DB5C0000000000000000000000000000000000B9
:10DB6C0000000000000000000000000000000000A9
:10DB7C000000000000000000000000000000000099
:10DB8C000000000000000000000000000000000089
:10DB9C000000000000000000000000000000000079
:10DBAC000000000000000000000000000000000069
:10DBBC000000000000000000000000000000000059
:10DBCC000000000000000000000000000000000049
:10DBDC000000000000000000000000000000000039
:10DBEC000000000000000000000000000000000029
:10DBFC000000000000000000000000000000000019
:10DC0C000000000000000000000000000000000008
:10DC1C0000000000000000000000000000000000F8
:10DC2C0000000000000000000000000000000000E8
:10DC3C0000000000000000000000000000000000D8
:10DC4C0000000000000000000000000000000000C8
:10DC5C0000000000000000000000000000000000B8
:10DC6C0000000000000000000000000000000000A8
:10DC7C000000000000000000000000000000000098
:10DC8C000000000000000000000000000000000088
:10DC9C000000000000000000000000000000000078
:10DCAC000000000000000000000000000000000068
:10DCBC000000000000000000000000000000000058
:10DCCC000000000000000000000000000000000048
:10DCDC000000000000000000000000000000000038
:10DCEC000000000000000000000000000000000028
:10DCFC000000000000000000000000000000000018
:10DD0C000000000000000000000000000000000007
:10DD1C0000000000000000000000000000000000F7
:10DD2C0000000000000000000000000000000000E7
:10DD3C0000000000000000000000000000000000D7
:10DD4C0000000000000000000000000000000000C7
:10DD5C0000000000000000000000000000000000B7
:10DD6C0000000000000000000000000000000000A7
:10DD7C000000000000000000000000000000000097
:10DD8C000000000000000000000000000000000087
:10DD9C000000000000000000000000000000000077
:10DDAC000000000000000000000000000000000067
:10DDBC000000000000000000000000000000000057
:10DDCC000000000000000000000000000000000047
:10DDDC000000000000000000000000000000000037
:10DDEC000000000000000000000000000000000027
:10DDFC000000000000000000000000000000000017
:10DE0C000000000000000000000000000000000006
:10DE1C0000000000000000000000000000000000F6
:10DE2C0000000000000000000000000000000000E6
:10DE3C0000000000000000000000000000000000D6
:10DE4C0000000000000000000000000000000000C6
:10DE5C0000000000000000000000000000000000B6
:10DE6C0000000000000000000000000000000000A6
:10DE7C000000000000000000000000000000000096
:10DE8C000000000000000000000000000000000086
:10DE9C000000000000000000000000000000000076
:10DEAC000000000000000000000000000000000066
:10DEBC000000000000000000000000000000000056
:10DECC000000000000000000000000000000000046
:10DEDC000000000000000000000000000000000036
:10DEEC000000000000000000000000000000000026
:10DEFC000000000000000000000000000000000016
:10DF0C000000000000000000000000000000000005
:10DF1C0000000000000000000000000000000000F5
:10DF2C0000000000000000000000000000000000E5
:10DF3C0000000000000000000000000000000000D5
:10DF4C0000000000000000000000000000000000C5
:10DF5C0000000000000000000000000000000000B5
:10DF6C0000000000000000000000000000000000A5
:10DF7C000000000000000000000000000000000095
:10DF8C000000000000000000000000000000000085
:10DF9C000000000000000000000000000000000075
:10DFAC000000000000000000000000000000000065
:10DFBC000000000000000000000000000000000055
:10DFCC000000000000000000000000000000000045
:10DFDC000000000000000000000000000000000035
:10DFEC000000000000000000000000000000000025
:10DFFC000000000000000000000000000000000015
:10E00C000000000000000000000000000000000004
:10E01C0000000000000000000000000000000000F4
:10E02C0000000000000000000000000000000000E4
:10E03C000000000000000000020206021C000000AC
:10E04C0000000000000000000000000000000000C4
:10E05C0000000000000000000000000000000000B4
:10E06C0000000000000000000000000000000000A4
:10E07C000000000000000000000000000000000094
:10E08C000000000000000000000000000000000084
:10E09C000000000000000000000000000000000074
:10E0AC000000000000000000000000000000000064
:10E0BC000000000000000000000000000000000054
:10E0CC000000000000000000000000000000000044
:10E0DC000000000000000000000000000000000034
:10E0EC000000000000000000000000000000000024
:10E0FC000000000000000000000000000000000014
:10E10C000000000000000000000000000000000003
:10E11C0000000000000000000000000000000000F3
:10E12C0000000000000000000000000000000000E3
:10E13C0000000000000000000000000000000000D3
:10E14C0000000000000000000000000000000000C3
:10E15C0000000000000000000000000000000000B3
:10E16C0000000000000000000000000000000000A3
:10E17C000000000000000000000000000000000093
:10E18C000000000000000000000000000000000083
:10E19C000000000000000000000000000000000073
:10E1AC000000000000000000000000000000000063
:10E1BC000000000000000000000000000000000053
:10E1CC000000000000000000000000000000000043
:10E1DC000000000000000000000000000000000033
:10E1EC000000000000000000000000000000000023
:10E1FC000000000000000000000000000000000013
:10E20C000000000000000000000000000000000002
:10E21C0000000000000000000000000000000000F2
:10E22C0000000000000000000000000000000000E2
:10E23C0000000000000000000000000000000000D2
:10E24C0000000000000000000000000000000000C2
:10E25C0000000000000000000000000000000000B2
:10E26C0000000000000000000000000000000000A2
:10E27C000000000000000000000000000000000092
:10E28C000000000000000000000000000000000082
:10E29C000000000000000000000000000000000072
:10E2AC000000000000000000000000000000000062
:10E2BC000000000000000000000000000000000052
:10E2CC000000000000000000000000000000000042
:10E2DC000000000000000000000000000000000032
:10E2EC000000000000000000000000000000000022
:10E2FC000000000000000000000000000000000012
:10E30C000000000000000000000000000000000001
:10E31C0000000000000000000000000000000000F1
:10E32C0000000000000000000000000000000000E1
:10E33C0000000000000000000000000000000000D1
:10E34C0000000000000000000000000000000000C1
:10E35C0000000000000000000000000000000000B1
:10E36C0000000000000000000000000000000000A1
:10E37C000000000000000000000000000000000091
:10E38C000000000000000000000000000000000081
:10E39C000000000000000000000000000000000071
:10E3AC000000000000000000000000000000000061
:10E3BC000000000000000000000000000000000051
:10E3CC000000000000000000000000000000000041
:10E3DC000000000000000000000000000000000031
:10E3EC000000000000000000000000000000000021
:10E3FC000000000000000000000000000000000011
:10E40C000000000000000000000000000000000000
:10E41C0000000000000000000000000000000000F0
:10E42C0000000000000000000000000000000000E0
:10E43C0000000000000000000000000000000000D0
:10E44C0000000000000000000000000000000000C0
:10E45C0000000000000000000000000000000000B0
:10E46C0000000000000000000000000000000000A0
:10E47C000000000000000000000000000000000090
:10E48C000000000000000000000000000000000080
:10E49C000000000000000000000000000000000070
:10E4AC000000000000000000000000000000000060
:10E4BC000000000000000000000000000000000050
:10E4CC000000000000000000000000000000000040
:10E4DC000000000000000000000000000000000030
:10E4EC000000000000000000000000000000000020
:10E4FC000000000000000000000000000000000010
:10E50C0000000000000000000000000000000000FF
:10E51C0000000000000000000000000000000000EF
:10E52C0000000000000000000000000000000000DF
:10E53C0000000000000000000000000000000000CF
:10E54C0000000000000000000000000000000000BF
:10E55C0000000000000000000000000000000000AF
:10E56C00000000000000000000000000000000009F
:10E57C00000000000000000000000000000000008F
:10E58C00000000000000000000000000000000007F
:10E59C00000000000000000000000000000000006F
:10E5AC00000000000000000000000000000000005F
:10E5BC00000000000000000000000000000000004F
:10E5CC00000000000000000000000000000000003F
:10E5DC00000000000000000000000000000000002F
:10E5EC00000000000000000000000000000000001F
:10E5FC00000000000000000000000000000000000F
:10E60C0000000000000000000000000000000000FE
:10E61C0000000000000000000000000000000000EE
:10E62C0000000000000000000000000000000000DE
:10E63C0000000000000000000000000000000000CE
:10E64C0000000000000000000000000000000000BE
:10E65C0000000000000000000000000000000000AE
:10E66C00000000000000000000000000000000009E
:10E67C00000000000000000000000000000000008E
:10E68C00000000000000000000000000000000007E
:10E69C00000000000000000000000000000000006E
:10E6AC00000000000000000000000000000000005E
:10E6BC00000000000000000000000000000000004E
:10E6CC00000000000000000000000000000000003E
:10E6DC00000000000000000000000000000000002E
:10E6EC00000000000000000000000000000000001E
:10E6FC00000000000000000000000000000000000E
:10E70C0000000000000000000000000000000000FD
:10E71C0000000000000000000000000000000000ED
:10E72C0000000000000000000000000000000000DD
:10E73C0000000000000000000000000000000000CD
:10E74C0000000000000000000000000000000000BD
:10E75C0000000000000000000000000000000000AD
:10E76C00000000000000000000000000000000009D
:10E77C00000000000000000000000000000000008D
:10E78C00000000000000000000000000000000007D
:10E79C00000000000000000000000000000000006D
:10E7AC00000000000000000000000000000000005D
:10E7BC00000000000000000000000000000000004D
:10E7CC00000000000000000000000000000000003D
:10E7DC00000000000000000000000000000000002D
:10E7EC00000000000000000000000000000000001D
:10E7FC00000000000000000000000000000000000D
:10E80C0000000000000000000000000000000000FC
:10E81C0000000000000000000000000000000000EC
:10E82C0000000000000000000000000000000000DC
:10E83C0000000000000000000000000000000000CC
:10E84C0000000000000000000000000000000000BC
:10E85C0000000000000000000000000000000000AC
:10E86C00000000000000000000000000000000009C
:10E87C00000000000000000000000000000000008C
:10E88C00000000000000000000000000000000007C
:10E89C00000000000000000000000000000000006C
:10E8AC00000000000000000000000000000000005C
:10E8BC00000000000000000000000000000000004C
:10E8CC00000000000000000000000000000000003C
:10E8DC00000000000000000000000000000000002C
:10E8EC00000000000000000000000000000000001C
:10E8FC00000000000000000000000000000000000C
:10E90C0000000000000000000000000000000000FB
:10E91C0000000000000000000000000000000000EB
:10E92C0000000000000000000000000000000000DB
:10E93C0000000000000000000000000000000000CB
:10E94C0000000000000000000000000000000000BB
:10E95C0000000000000000000000000000000000AB
:10E96C00000000000000000000000000000000009B
:10E97C00000000000000000000000000000000008B
:10E98C00000000000000000000000000000000007B
:10E99C00000000000000000000000000000000006B
:10E9AC00000000000000000000000000000000005B
:10E9BC00000000000000000000000000000000004B
:10E9CC00000000000000000000000000000000003B
:10E9DC00000000000000000000000000000000002B
:10E9EC00000000000000000000000000000000001B
:10E9FC00000000000000000000000000000000000B
:10EA0C0000000000000000000000000000000000FA
:10EA1C0000000000000000000000000000000000EA
:10EA2C0000000000000000000000000000000000DA
:10EA3C0000000000000000000000000000000000CA
:10EA4C0000000000000000000000000000000000BA
:10EA5C0000000000000000000000000000000000AA
:10EA6C00000000000000000000000000000000009A
:10EA7C00000000000000000000000000000000008A
:10EA8C00000000000000000000000000000000007A
:10EA9C00000000000000000000000000000000006A
:10EAAC00000000000000000000000000000000005A
:10EABC00000000000000000000000000000000004A
:10EACC00020307021D00000000000000000000000F
:10EADC00000000000000000000000000000000002A
:10EAEC00000000000000000000000000000000001A
:10EAFC00000000000000000000000000000000000A
:10EB0C0000000000000000000000000000000000F9
:10EB1C0000000000000000000000000000000000E9
:10EB2C0000000000000000000000000000000000D9
:10EB3C0000000000000000000000000000000000C9
:10EB4C0000000000000000000000000000000000B9
:10EB5C0000000000000000000000000000000000A9
:10EB6C000000000000000000000000000000000099
:10EB7C000000000000000000000000000000000089
:10EB8C000000000000000000000000000000000079
:10EB9C000000000000000000000000000000000069
:10EBAC000000000000000000000000000000000059
:10EBBC000000000000000000000000000000000049
:10EBCC000000000000000000000000000000000039
:10EBDC000000000000000000000000000000000029
:10EBEC000000000000000000000000000000000019
:10EBFC000000000000000000000000000000000009
:10EC0C0000000000000000000000000000000000F8
:10EC1C0000000000000000000000000000000000E8
:10EC2C0000000000000000000000000000000000D8
:10EC3C0000000000000000000000000000000000C8
:10EC4C0000000000000000000000000000000000B8
:10EC5C0000000000000000000000000000000000A8
:10EC6C000000000000000000000000000000000098
:10EC7C000000000000000000000000000000000088
:10EC8C000000000000000000000000000000000078
:10EC9C000000000000000000000000000000000068
:10ECAC000000000000000000000000000000000058
:10ECBC000000000000000000000000000000000048
:10ECCC000000000000000000000000000000000038
:10ECDC000000000000000000000000000000000028
:10ECEC000000000000000000000000000000000018
:10ECFC000000000000000000000000000000000008
:10ED0C0000000000000000000000000000000000F7
:10ED1C0000000000000000000000000000000000E7
:10ED2C0000000000000000000000000000000000D7
:10ED3C0000000000000000000000000000000000C7
:10ED4C0000000000000000000000000000000000B7
:10ED5C0000000000000000000000000000000000A7
:10ED6C000000000000000000000000000000000097
:10ED7C000000000000000000000000000000000087
:10ED8C000000000000000000000000000000000077
:10ED9C000000000000000000000000000000000067
:10EDAC000000000000000000000000000000000057
:10EDBC000000000000000000000000000000000047
:10EDCC000000000000000000000000000000000037
:10EDDC000000000000000000000000000000000027
:10EDEC000000000000000000000000000000000017
:10EDFC000000000000000000000000000000000007
:10EE0C0000000000000000000000000000000000F6
:10EE1C0000000000000000000000000000000000E6
:10EE2C0000000000000000000000000000000000D6
:10EE3C0000000000000000000000000000000000C6
:10EE4C0000000000000000000000000000000000B6
:10EE5C0000000000000000000000000000000000A6
:10EE6C000000000000000000000000000000000096
:10EE7C000000000000000000000000000000000086
:10EE8C000000000000000000000000000000000076
:10EE9C000000000000000000000000000000000066
:10EEAC000000000000000000000000000000000056
:10EEBC000000000000000000000000000000000046
:10EECC000000000000000000000000000000000036
:10EEDC000000000000000000000000000000000026
:10EEEC000000000000000000000000000000000016
:10EEFC000000000000000000000000000000000006
:10EF0C0000000000000000000000000000000000F5
:10EF1C0000000000000000000000000000000000E5
:10EF2C0000000000000000000000000000000000D5
:10EF3C0000000000000000000000000000000000C5
:10EF4C0000000000000000000000000000000000B5
:10EF5C0000000000000000000000000000000000A5
:10EF6C000000000000000000000000000000000095
:10EF7C000000000000000000000000000000000085
:10EF8C000000000000000000000000000000000075
:10EF9C000000000000000000000000000000000065
:10EFAC000000000000000000000000000000000055
:10EFBC000000000000000000000000000000000045
:10EFCC000000000000000000000000000000000035
:10EFDC000000000000000000000000000000000025
:10EFEC000000000000000000000000000000000015
:10EFFC000000000000000000000000000000000005
:10F00C0000000000000000000000000000000000F4
:10F01C0000000000000000000000000000000000E4
:10F02C0000000000000000000000000000000000D4
:10F03C0000000000000000000000000000000000C4
:10F04C0000000000000000000000000000000000B4
:10F05C0000000000000000000000000000000000A4
:10F06C000000000000000000000000000000000094
:10F07C000000000000000000000000000000000084
:10F08C000000000000000000000000000000000074
:10F09C000000000000000000000000000000000064
:10F0AC000000000000000000000000000000000054
:10F0BC000000000000000000000000000000000044
:10F0CC000000000000000000000000000000000034
:10F0DC000000000000000000000000000000000024
:10F0EC000000000000000000000000000000000014
:10F0FC000000000000000000000000000000000004
:10F10C0000000000000000000000000000000000F3
:10F11C0000000000000000000000000000000000E3
:10F12C0000000000000000000000000000000000D3
:10F13C0000000000000000000000000000000000C3
:10F14C0000000000000000000000000000000000B3
:10F15C0000000000000000000000000000000000A3
:10F16C000000000000000000000000000000000093
:10F17C000000000000000000000000000000000083
:10F18C000000000000000000000000000000000073
:10F19C000000000000000000000000000000000063
:10F1AC000000000000000000000000000000000053
:10F1BC000000000000000000000000000000000043
:10F1CC000000000000000000000000000000000033
:10F1DC000000000000000000000000000000000023
:10F1EC000000000000000000000000000000000013
:10F1FC000000000000000000000000000000000003
:10F20C0000000000000000000000000000000000F2
:10F21C0000000000000000000000000000000000E2
:10F22C0000000000000000000000000000000000D2
:10F23C0000000000000000000000000000000000C2
:10F24C0000000000000000000000000000000000B2
:10F25C0000000000000000000000000000000000A2
:10F26C000000000000000000000000000000000092
:10F27C000000000000000000000000000000000082
:10F28C000000000000000000000000000000000072
:10F29C000000000000000000000000000000000062
:10F2AC000000000000000000000000000000000052
:10F2BC000000000000000000000000000000000042
:10F2CC000000000000000000000000000000000032
:10F2DC000000000000000000000000000000000022
:10F2EC000000000000000000000000000000000012
:10F2FC000000000000000000000000000000000002
:10F30C0000000000000000000000000000000000F1
:10F31C0000000000000000000000000000000000E1
:10F32C0000000000000000000000000000000000D1
:10F33C0000000000000000000000000000000000C1
:10F34C0000000000000000000000000000000000B1
:10F35C0000000000000000000000000000000000A1
:10F36C000000000000000000000000000000000091
:10F37C000000000000000000000000000000000081
:10F38C000000000000000000000000000000000071
:10F39C000000000000000000000000000000000061
:10F3AC000000000000000000000000000000000051
:10F3BC000000000000000000000000000000000041
:10F3CC000000000000000000000000000000000031
:10F3DC000000000000000000000000000000000021
:10F3EC000000000000000000000000000000000011
:10F3FC000000000000000000000000000000000001
:10F40C0000000000000000000000000000000000F0
:10F41C0000000000000000000000000000000000E0
:10F42C0000000000000000000000000000000000D0
:10F43C0000000000000000000000000000000000C0
:10F44C0000000000000000000000000000000000B0
:10F45C0000000000000000000000000000000000A0
:10F46C000000000000000000000000000000000090
:10F47C000000000000000000000000000000000080
:10F48C000000000000000000000000000000000070
:10F49C000000000000000000000000000000000060
:10F4AC000000000000000000000000000000000050
:10F4BC000000000000000000000000000000000040
:10F4CC000000000000000000000000000000000030
:10F4DC000000000000000000000000000000000020
:10F4EC000000000000000000000000000000000010
:10F4FC000000000000000000000000000000000000
:10F50C0000000000000000000000000000000000EF
:10F51C0000000000000000000000000000000000DF
:10F52C0000000000000000000000000000000000CF
:10F53C0000000000000000000000000000000000BF
:10F54C000000000000000000020408021E00000081
:10F55C00000000000000000000000000000000009F
:10F56C00000000000000000000000000000000008F
:10F57C00000000000000000000000000000000007F
:10F58C00000000000000000000000000000000006F
:10F59C00000000000000000000000000000000005F
:10F5AC00000000000000000000000000000000004F
:10F5BC00000000000000000000000000000000003F
:10F5CC00000000000000000000000000000000002F
:10F5DC00000000000000000000000000000000001F
:10F5EC00000000000000000000000000000000000F
:10F5FC0000000000000000000000000000000000FF
:10F60C0000000000000000000000000000000000EE
:10F61C0000000000000000000000000000000000DE
:10F62C0000000000000000000000000000000000CE
:10F63C0000000000000000000000000000000000BE
:10F64C0000000000000000000000000000000000AE
:10F65C00000000000000000000000000000000009E
:10F66C00000000000000000000000000000000008E
:10F67C00000000000000000000000000000000007E
:10F68C00000000000000000000000000000000006E
:10F69C00000000000000000000000000000000005E
:10F6AC00000000000000000000000000000000004E
:10F6BC00000000000000000000000000000000003E
:10F6CC00000000000000000000000000000000002E
:10F6DC00000000000000000000000000000000001E
:10F6EC00000000000000000000000000000000000E
:10F6FC0000000000000000000000000000000000FE
:10F70C0000000000000000000000000000000000ED
:10F71C0000000000000000000000000000000000DD
:10F72C0000000000000000000000000000000000CD
:10F73C0000000000000000000000000000000000BD
:10F74C0000000000000000000000000000000000AD
:10F75C00000000000000000000000000000000009D
:10F76C00000000000000000000000000000000008D
:10F77C00000000000000000000000000000000007D
:10F78C00000000000000000000000000000000006D
:10F79C00000000000000000000000000000000005D
:10F7AC00000000000000000000000000000000004D
:10F7BC00000000000000000000000000000000003D
:10F7CC00000000000000000000000000000000002D
:10F7DC00000000000000000000000000000000001D
:10F7EC00000000000000000000000000000000000D
:10F7FC0000000000000000000000000000000000FD
:10F80C0000000000000000000000000000000000EC
:10F81C0000000000000000000000000000000000DC
:10F82C0000000000000000000000000000000000CC
:10F83C0000000000000000000000000000000000BC
:10F84C0000000000000000000000000000000000AC
:10F85C00000000000000000000000000000000009C
:10F86C00000000000000000000000000000000008C
:10F87C00000000000000000000000000000000007C
:10F88C00000000000000000000000000000000006C
:10F89C00000000000000000000000000000000005C
:10F8AC00000000000000000000000000000000004C
:10F8BC00000000000000000000000000000000003C
:10F8CC00000000000000000000000000000000002C
:10F8DC00000000000000000000000000000000001C
:10F8EC00000000000000000000000000000000000C
:10F8FC0000000000000000000000000000000000FC
:10F90C0000000000000000000000000000000000EB
:10F91C0000000000000000000000000000000000DB
:10F92C0000000000000000000000000000000000CB
:10F93C0000000000000000000000000000000000BB
:10F94C0000000000000000000000000000000000AB
:10F95C00000000000000000000000000000000009B
:10F96C00000000000000000000000000000000008B
:10F97C00000000000000000000000000000000007B
:10F98C00000000000000000000000000000000006B
:10F99C00000000000000000000000000000000005B
:10F9AC00000000000000000000000000000000004B
:10F9BC00000000000000000000000000000000003B
:10F9CC00000000000000000000000000000000002B
:10F9DC00000000000000000000000000000000001B
:10F9EC00000000000000000000000000000000000B
:10F9FC0000000000000000000000000000000000FB
:10FA0C0000000000000000000000000000000000EA
:10FA1C0000000000000000000000000000000000DA
:10FA2C0000000000000000000000000000000000CA
:10FA3C0000000000000000000000000000000000BA
:10FA4C0000000000000000000000000000000000AA
:10FA5C00000000000000000000000000000000009A
:10FA6C00000000000000000000000000000000008A
:10FA7C00000000000000000000000000000000007A
:10FA8C00000000000000000000000000000000006A
:10FA9C00000000000000000000000000000000005A
:10FAAC00000000000000000000000000000000004A
:10FABC00000000000000000000000000000000003A
:10FACC00000000000000000000000000000000002A
:10FADC00000000000000000000000000000000001A
:10FAEC00000000000000000000000000000000000A
:10FAFC0000000000000000000000000000000000FA
:10FB0C0000000000000000000000000000000000E9
:10FB1C0000000000000000000000000000000000D9
:10FB2C0000000000000000000000000000000000C9
:10FB3C0000000000000000000000000000000000B9
:10FB4C0000000000000000000000000000000000A9
:10FB5C000000000000000000000000000000000099
:10FB6C000000000000000000000000000000000089
:10FB7C000000000000000000000000000000000079
:10FB8C000000000000000000000000000000000069
:10FB9C000000000000000000000000000000000059
:10FBAC000000000000000000000000000000000049
:10FBBC000000000000000000000000000000000039
:10FBCC000000000000000000000000000000000029
:10FBDC000000000000000000000000000000000019
:10FBEC000000000000000000000000000000000009
:10FBFC0000000000000000000000000000000000F9
:10FC0C0000000000000000000000000000000000E8
:10FC1C0000000000000000000000000000000000D8
:10FC2C0000000000000000000000000000000000C8
:10FC3C0000000000000000000000000000000000B8
:10FC4C0000000000000000000000000000000000A8
:10FC5C000000000000000000000000000000000098
:10FC6C000000000000000000000000000000000088
:10FC7C000000000000000000000000000000000078
:10FC8C000000000000000000000000000000000068
:10FC9C000000000000000000000000000000000058
:10FCAC000000000000000000000000000000000048
:10FCBC000000000000000000000000000000000038
:10FCCC000000000000000000000000000000000028
:10FCDC000000000000000000000000000000000018
:10FCEC000000000000000000000000000000000008
:10FCFC0000000000000000000000000000000000F8
:10FD0C0000000000000000000000000000000000E7
:10FD1C0000000000000000000000000000000000D7
:10FD2C0000000000000000000000000000000000C7
:10FD3C0000000000000000000000000000000000B7
:10FD4C0000000000000000000000000000000000A7
:10FD5C000000000000000000000000000000000097
:10FD6C000000000000000000000000000000000087
:10FD7C000000000000000000000000000000000077
:10FD8C000000000000000000000000000000000067
:10FD9C000000000000000000000000000000000057
:10FDAC000000000000000000000000000000000047
:10FDBC000000000000000000000000000000000037
:10FDCC000000000000000000000000000000000027
:10FDDC000000000000000000000000000000000017
:10FDEC000000000000000000000000000000000007
:10FDFC0000000000000000000000000000000000F7
:10FE0C0000000000000000000000000000000000E6
:10FE1C0000000000000000000000000000000000D6
:10FE2C0000000000000000000000000000000000C6
:10FE3C0000000000000000000000000000000000B6
:10FE4C0000000000000000000000000000000000A6
:10FE5C000000000000000000000000000000000096
:10FE6C000000000000000000000000000000000086
:10FE7C000000000000000000000000000000000076
:10FE8C000000000000000000000000000000000066
:10FE9C000000000000000000000000000000000056
:10FEAC000000000000000000000000000000000046
:10FEBC000000000000000000000000000000000036
:10FECC000000000000000000000000000000000026
:10FEDC000000000000000000000000000000000016
:10FEEC000000000000000000000000000000000006
:10FEFC0000000000000000000000000000000000F6
:10FF0C0000000000000000000000000000000000E5
:10FF1C0000000000000000000000000000000000D5
:10FF2C0000000000000000000000000000000000C5
:10FF3C0000000000000000000000000000000000B5
:10FF4C0000000000000000000000000000000000A5
:10FF5C000000000000000000000000000000000095
:10FF6C000000000000000000000000000000000085
:10FF7C000000000000000000000000000000000075
:10FF8C000000000000000000000000000000000065
:10FF9C000000000000000000000000000000000055
:10FFAC000000000000000000000000000000000045
:10FFBC000000000000000000000000000000000035
:10FFCC000000000000000000000000000000000025
:10FFDC00030109031B0000000000000000000000EA
:10FFEC000000000000000000000000000000000005
:04FFFC000000000001
:020000040805ED
:1000000000000000000000000000000000000000F0
:1000100000000000000000000000000000000000E0
:1000200000000000000000000000000000000000D0
:1000300000000000000000000000000000000000C0
:1000400000000000000000000000000000000000B0
:1000500000000000000000000000000000000000A0
:100060000000000000000000000000000000000090
:100070000000000000000000000000000000000080
:100080000000000000000000000000000000000070
:100090000000000000000000000000000000000060
:1000A0000000000000000000000000000000000050
:1000B0000000000000000000000000000000000040
:1000C0000000000000000000000000000000000030
:1000D0000000000000000000000000000000000020
:1000E0000000000000000000000000000000000010
:1000F0000000000000000000000000000000000000
:1001000000000000000000000000000000000000EF
:1001100000000000000000000000000000000000DF
:1001200000000000000000000000000000000000CF
:1001300000000000000000000000000000000000BF
:1001400000000000000000000000000000000000AF
:10015000000000000000000000000000000000009F
:10016000000000000000000000000000000000008F
:10017000000000000000000000000000000000007F
:10018000000000000000000000000000000000006F
:10019000000000000000000000000000000000005F
:1001A000000000000000000000000000000000004F
:1001B000000000000000000000000000000000003F
:1001C000000000000000000000000000000000002F
:1001D000000000000000000000000000000000001F
:1001E000000000000000000000000000000000000F
:1001F00000000000000000000000000000000000FF
:1002000000000000000000000000000000000000EE
:1002100000000000000000000000000000000000DE
:1002200000000000000000000000000000000000CE
:1002300000000000000000000000000000000000BE
:1002400000000000000000000000000000000000AE
:10025000000000000000000000000000000000009E
:10026000000000000000000000000000000000008E
:10027000000000000000000000000000000000007E
:10028000000000000000000000000000000000006E
:10029000000000000000000000000000000000005E
:1002A000000000000000000000000000000000004E
:1002B000000000000000000000000000000000003E
:1002C000000000000000000000000000000000002E
:1002D000000000000000000000000000000000001E
:1002E000000000000000000000000000000000000E
:1002F00000000000000000000000000000000000FE
:1003000000000000000000000000000000000000ED
:1003100000000000000000000000000000000000DD
:1003200000000000000000000000000000000000CD
:1003300000000000000000000000000000000000BD
:1003400000000000000000000000000000000000AD
:10035000000000000000000000000000000000009D
:10036000000000000000000000000000000000008D
:10037000000000000000000000000000000000007D
:10038000000000000000000000000000000000006D
:10039000000000000000000000000000000000005D
:1003A000000000000000000000000000000000004D
:1003B000000000000000000000000000000000003D
:1003C000000000000000000000000000000000002D
:1003D000000000000000000000000000000000001D
:1003E000000000000000000000000000000000000D
:1003F00000000000000000000000000000000000FD
:1004000000000000000000000000000000000000EC
:1004100000000000000000000000000000000000DC
:1004200000000000000000000000000000000000CC
:1004300000000000000000000000000000000000BC
:1004400000000000000000000000000000000000AC
:10045000000000000000000000000000000000009C
:10046000000000000000000000000000000000008C
:10047000000000000000000000000000000000007C
:10048000000000000000000000000000000000006C
:10049000000000000000000000000000000000005C
:1004A000000000000000000000000000000000004C
:1004B000000000000000000000000000000000003C
:1004C000000000000000000000000000000000002C
:1004D000000000000000000000000000000000001C
:1004E000000000000000000000000000000000000C
:1004F00000000000000000000000000000000000FC
:1005000000000000000000000000000000000000EB
:1005100000000000000000000000000000000000DB
:1005200000000000000000000000000000000000CB
:1005300000000000000000000000000000000000BB
:1005400000000000000000000000000000000000AB
:10055000000000000000000000000000000000009B
:10056000000000000000000000000000000000008B
:10057000000000000000000000000000000000007B
:10058000000000000000000000000000000000006B
:10059000000000000000000000000000000000005B
:1005A000000000000000000000000000000000004B
:1005B000000000000000000000000000000000003B
:1005C000000000000000000000000000000000002B
:1005D000000000000000000000000000000000001B
:1005E000000000000000000000000000000000000B
:1005F00000000000000000000000000000000000FB
:1006000000000000000000000000000000000000EA
:1006100000000000000000000000000000000000DA
:1006200000000000000000000000000000000000CA
:1006300000000000000000000000000000000000BA
:1006400000000000000000000000000000000000AA
:10065000000000000000000000000000000000009A
:10066000000000000000000000000000000000008A
:10067000000000000000000000000000000000007A
:10068000000000000000000000000000000000006A
:10069000000000000000000000000000000000005A
:1006A000000000000000000000000000000000004A
:1006B000000000000000000000000000000000003A
:1006C000000000000000000000000000000000002A
:1006D000000000000000000000000000000000001A
:1006E000000000000000000000000000000000000A
:1006F00000000000000000000000000000000000FA
:1007000000000000000000000000000000000000E9
:1007100000000000000000000000000000000000D9
:1007200000000000000000000000000000000000C9
:1007300000000000000000000000000000000000B9
:1007400000000000000000000000000000000000A9
:100750000000000000000000000000000000000099
:100760000000000000000000000000000000000089
:100770000000000000000000000000000000000079
:100780000000000000000000000000000000000069
:100790000000000000000000000000000000000059
:1007A0000000000000000000000000000000000049
:1007B0000000000000000000000000000000000039
:1007C0000000000000000000000000000000000029
:1007D0000000000000000000000000000000000019
:1007E0000000000000000000000000000000000009
:1007F00000000000000000000000000000000000F9
:1008000000000000000000000000000000000000E8
:1008100000000000000000000000000000000000D8
:1008200000000000000000000000000000000000C8
:1008300000000000000000000000000000000000B8
:1008400000000000000000000000000000000000A8
:100850000000000000000000000000000000000098
:100860000000000000000000000000000000000088
:100870000000000000000000000000000000000078
:100880000000000000000000000000000000000068
:100890000000000000000000000000000000000058
:1008A0000000000000000000000000000000000048
:1008B0000000000000000000000000000000000038
:1008C0000000000000000000000000000000000028
:1008D0000000000000000000000000000000000018
:1008E0000000000000000000000000000000000008
:1008F00000000000000000000000000000000000F8
:1009000000000000000000000000000000000000E7
:1009100000000000000000000000000000000000D7
:1009200000000000000000000000000000000000C7
:1009300000000000000000000000000000000000B7
:1009400000000000000000000000000000000000A7
:100950000000000000000000000000000000000097
:100960000000000000000000000000000000000087
:100970000000000000000000000000000000000077
:100980000000000000000000000000000000000067
:100990000000000000000000000000000000000057
:1009A0000000000000000000000000000000000047
:1009B0000000000000000000000000000000000037
:1009C0000000000000000000000000000000000027
:1009D0000000000000000000000000000000000017
:1009E0000000000000000000000000000000000007
:1009F00000000000000000000000000000000000F7
:100A000000000000000000000000000000000000E6
:100A100000000000000000000000000000000000D6
:100A200000000000000000000000000000000000C6
:100A300000000000000000000000000000000000B6
:100A400000000000000000000000000000000000A6
:100A50000000000000000000000000000000000096
:100A60000000000003020A031C0000000000000058
:100A70000000000000000000000000000000000076
:100A80000000000000000000000000000000000066
:100A90000000000000000000000000000000000056
:100AA0000000000000000000000000000000000046
:100AB0000000000000000000000000000000000036
:100AC0000000000000000000000000000000000026
:100AD0000000000000000000000000000000000016
:100AE0000000000000000000000000000000000006
:100AF00000000000000000000000000000000000F6
:100B000000000000000000000000000000000000E5
:100B100000000000000000000000000000000000D5
:100B200000000000000000000000000000000000C5
:100B300000000000000000000000000000000000B5
:100B400000000000000000000000000000000000A5
:100B50000000000000000000000000000000000095
:100B60000000000000000000000000000000000085
:100B70000000000000000000000000000000000075
:100B80000000000000000000000000000000000065
:100B90000000000000000000000000000000000055
:100BA0000000000000000000000000000000000045
:100BB0000000000000000000000000000000000035
:100BC0000000000000000000000000000000000025
:100BD0000000000000000000000000000000000015
:100BE0000000000000000000000000000000000005
:100BF00000000000000000000000000000000000F5
:100C000000000000000000000000000000000000E4
:100C100000000000000000000000000000000000D4
:100C200000000000000000000000000000000000C4
:100C300000000000000000000000000000000000B4
:100C400000000000000000000000000000000000A4
:100C50000000000000000000000000000000000094
:100C60000000000000000000000000000000000084
:100C70000000000000000000000000000000000074
:100C80000000000000000000000000000000000064
:100C90000000000000000000000000000000000054
:100CA0000000000000000000000000000000000044
:100CB0000000000000000000000000000000000034
:100CC0000000000000000000000000000000000024
:100CD0000000000000000000000000000000000014
:100CE0000000000000000000000000000000000004
:100CF00000000000000000000000000000000000F4
:100D000000000000000000000000000000000000E3
:100D100000000000000000000000000000000000D3
:100D200000000000000000000000000000000000C3
:100D300000000000000000000000000000000000B3
:100D400000000000000000000000000000000000A3
:100D50000000000000000000000000000000000093
:100D60000000000000000000000000000000000083
:100D70000000000000000000000000000000000073
:100D80000000000000000000000000000000000063
:100D90000000000000000000000000000000000053
:100DA0000000000000000000000000000000000043
:100DB0000000000000000000000000000000000033
:100DC0000000000000000000000000000000000023
:100DD0000000000000000000000000000000000013
:100DE0000000000000000000000000000000000003
:100DF00000000000000000000000000000000000F3
:100E000000000000000000000000000000000000E2
:100E100000000000000000000000000000000000D2
:100E200000000000000000000000000000000000C2
:100E300000000000000000000000000000000000B2
:100E400000000000000000000000000000000000A2
:100E50000000000000000000000000000000000092
:100E60000000000000000000000000000000000082
:100E70000000000000000000000000000000000072
:100E80000000000000000000000000000000000062
:100E90000000000000000000000000000000000052
:100EA0000000000000000000000000000000000042
:100EB0000000000000000000000000000000000032
:100EC0000000000000000000000000000000000022
:100ED0000000000000000000000000000000000012
:100EE0000000000000000000000000000000000002
:100EF00000000000000000000000000000000000F2
:100F000000000000000000000000000000000000E1
:100F100000000000000000000000000000000000D1
:100F200000000000000000000000000000000000C1
:100F300000000000000000000000000000000000B1
:100F400000000000000000000000000000000000A1
:100F50000000000000000000000000000000000091
:100F60000000000000000000000000000000000081
:100F70000000000000000000000000000000000071
:100F80000000000000000000000000000000000061
:100F90000000000000000000000000000000000051
:100FA0000000000000000000000000000000000041
:100FB0000000000000000000000000000000000031
:100FC0000000000000000000000000000000000021
:100FD0000000000000000000000000000000000011
:100FE0000000000000000000000000000000000001
:100FF00000000000000000000000000000000000F1
:1010000000000000000000000000000000000000E0
:1010100000000000000000000000000000000000D0
:1010200000000000000000000000000000000000C0
:1010300000000000000000000000000000000000B0
:1010400000000000000000000000000000000000A0
:101050000000000000000000000000000000000090
:101060000000000000000000000000000000000080
:101070000000000000000000000000000000000070
:101080000000000000000000000000000000000060
:101090000000000000000000000000000000000050
:1010A0000000000000000000000000000000000040
:1010B0000000000000000000000000000000000030
:1010C0000000000000000000000000000000000020
:1010D0000000000000000000000000000000000010
:1010E0000000000000000000000000000000000000
:1010F00000000000000000000000000000000000F0
:1011000000000000000000000000000000000000DF
:1011100000000000000000000000000000000000CF
:1011200000000000000000000000000000000000BF
:1011300000000000000000000000000000000000AF
:10114000000000000000000000000000000000009F
:10115000000000000000000000000000000000008F
:10116000000000000000000000000000000000007F
:10117000000000000000000000000000000000006F
:10118000000000000000000000000000000000005F
:10119000000000000000000000000000000000004F
:1011A000000000000000000000000000000000003F
:1011B000000000000000000000000000000000002F
:1011C000000000000000000000000000000000001F
:1011D000000000000000000000000000000000000F
:1011E00000000000000000000000000000000000FF
:1011F00000000000000000000000000000000000EF
:1012000000000000000000000000000000000000DE
:1012100000000000000000000000000000000000CE
:1012200000000000000000000000000000000000BE
:1012300000000000000000000000000000000000AE
:10124000000000000000000000000000000000009E
:10125000000000000000000000000000000000008E
:10126000000000000000000000000000000000007E
:10127000000000000000000000000000000000006E
:10128000000000000000000000000000000000005E
:10129000000000000000000000000000000000004E
:1012A000000000000000000000000000000000003E
:1012B000000000000000000000000000000000002E
:1012C000000000000000000000000000000000001E
:1012D000000000000000000000000000000000000E
:1012E00000000000000000000000000000000000FE
:1012F00000000000000000000000000000000000EE
:1013000000000000000000000000000000000000DD
:1013100000000000000000000000000000000000CD
:1013200000000000000000000000000000000000BD
:1013300000000000000000000000000000000000AD
:10134000000000000000000000000000000000009D
:10135000000000000000000000000000000000008D
:10136000000000000000000000000000000000007D
:10137000000000000000000000000000000000006D
:10138000000000000000000000000000000000005D
:10139000000000000000000000000000000000004D
:1013A000000000000000000000000000000000003D
:1013B000000000000000000000000000000000002D
:1013C000000000000000000000000000000000001D
:1013D000000000000000000000000000000000000D
:1013E00000000000000000000000000000000000FD
:1013F00000000000000000000000000000000000ED
:1014000000000000000000000000000000000000DC
:1014100000000000000000000000000000000000CC
:1014200000000000000000000000000000000000BC
:1014300000000000000000000000000000000000AC
:10144000000000000000000000000000000000009C
:10145000000000000000000000000000000000008C
:10146000000000000000000000000000000000007C
:10147000000000000000000000000000000000006C
:10148000000000000000000000000000000000005C
:10149000000000000000000000000000000000004C
:1014A000000000000000000000000000000000003C
:1014B000000000000000000000000000000000002C
:1014C000000000000000000000000000000000001C
:1014D000000000000000000000000000000000000C
:1014E00000000000000000000000000003030B03E8
:1014F0001D000000000000000000000000000000CF
:1015000000000000000000000000000000000000DB
:1015100000000000000000000000000000000000CB
:1015200000000000000000000000000000000000BB
:1015300000000000000000000000000000000000AB
:10154000000000000000000000000000000000009B
:10155000000000000000000000000000000000008B
:10156000000000000000000000000000000000007B
:10157000000000000000000000000000000000006B
:10158000000000000000000000000000000000005B
:10159000000000000000000000000000000000004B
:1015A000000000000000000000000000000000003B
:1015B000000000000000000000000000000000002B
:1015C000000000000000000000000000000000001B
:1015D000000000000000000000000000000000000B
:1015E00000000000000000000000000000000000FB
:1015F00000000000000000000000000000000000EB
:1016000000000000000000000000000000000000DA
:1016100000000000000000000000000000000000CA
:1016200000000000000000000000000000000000BA
:1016300000000000000000000000000000000000AA
:10164000000000000000000000000000000000009A
:10165000000000000000000000000000000000008A
:10166000000000000000000000000000000000007A
:10167000000000000000000000000000000000006A
:10168000000000000000000000000000000000005A
:10169000000000000000000000000000000000004A
:1016A000000000000000000000000000000000003A
:1016B000000000000000000000000000000000002A
:1016C000000000000000000000000000000000001A
:1016D000000000000000000000000000000000000A
:1016E00000000000000000000000000000000000FA
:1016F00000000000000000000000000000000000EA
:1017000000000000000000000000000000000000D9
:1017100000000000000000000000000000000000C9
:1017200000000000000000000000000000000000B9
:1017300000000000000000000000000000000000A9
:101740000000000000000000000000000000000099
:101750000000000000000000000000000000000089
:101760000000000000000000000000000000000079
:101770000000000000000000000000000000000069
:101780000000000000000000000000000000000059
:101790000000000000000000000000000000000049
:1017A0000000000000000000000000000000000039
:1017B0000000000000000000000000000000000029
:1017C0000000000000000000000000000000000019
:1017D0000000000000000000000000000000000009
:1017E00000000000000000000000000000000000F9
:1017F00000000000000000000000000000000000E9
:1018000000000000000000000000000000000000D8
:1018100000000000000000000000000000000000C8
:1018200000000000000000000000000000000000B8
:1018300000000000000000000000000000000000A8
:101840000000000000000000000000000000000098
:101850000000000000000000000000000000000088
:101860000000000000000000000000000000000078
:101870000000000000000000000000000000000068
:101880000000000000000000000000000000000058
:101890000000000000000000000000000000000048
:1018A0000000000000000000000000000000000038
:1018B0000000000000000000000000000000000028
:1018C0000000000000000000000000000000000018
:1018D0000000000000000000000000000000000008
:1018E00000000000000000000000000000000000F8
:1018F00000000000000000000000000000000000E8
:1019000000000000000000000000000000000000D7
:1019100000000000000000000000000000000000C7
:1019200000000000000000000000000000000000B7
:1019300000000000000000000000000000000000A7
:101940000000000000000000000000000000000097
:101950000000000000000000000000000000000087
:101960000000000000000000000000000000000077
:101970000000000000000000000000000000000067
:101980000000000000000000000000000000000057
:101990000000000000000000000000000000000047
:1019A0000000000000000000000000000000000037
:1019B0000000000000000000000000000000000027
:1019C0000000000000000000000000000000000017
:1019D0000000000000000000000000000000000007
:1019E00000000000000000000000000000000000F7
:1019F00000000000000000000000000000000000E7
:101A000000000000000000000000000000000000D6
:101A100000000000000000000000000000000000C6
:101A200000000000000000000000000000000000B6
:101A300000000000000000000000000000000000A6
:101A40000000000000000000000000000000000096
:101A50000000000000000000000000000000000086
:101A60000000000000000000000000000000000076
:101A70000000000000000000000000000000000066
:101A80000000000000000000000000000000000056
:101A90000000000000000000000000000000000046
:101AA0000000000000000000000000000000000036
:101AB0000000000000000000000000000000000026
:101AC0000000000000000000000000000000000016
:101AD0000000000000000000000000000000000006
:101AE00000000000000000000000000000000000F6
:101AF00000000000000000000000000000000000E6
:101B000000000000000000000000000000000000D5
:101B100000000000000000000000000000000000C5
:101B200000000000000000000000000000000000B5
:101B300000000000000000000000000000000000A5
:101B40000000000000000000000000000000000095
:101B50000000000000000000000000000000000085
:101B60000000000000000000000000000000000075
:101B70000000000000000000000000000000000065
:101B80000000000000000000000000000000000055
:101B90000000000000000000000000000000000045
:101BA0000000000000000000000000000000000035
:101BB0000000000000000000000000000000000025
:101BC0000000000000000000000000000000000015
:101BD0000000000000000000000000000000000005
:101BE00000000000000000000000000000000000F5
:101BF00000000000000000000000000000000000E5
:101C000000000000000000000000000000000000D4
:101C100000000000000000000000000000000000C4
:101C200000000000000000000000000000000000B4
:101C300000000000000000000000000000000000A4
:101C40000000000000000000000000000000000094
:101C50000000000000000000000000000000000084
:101C60000000000000000000000000000000000074
:101C70000000000000000000000000000000000064
:101C80000000000000000000000000000000000054
:101C90000000000000000000000000000000000044
:101CA0000000000000000000000000000000000034
:101CB0000000000000000000000000000000000024
:101CC0000000000000000000000000000000000014
:101CD0000000000000000000000000000000000004
:101CE00000000000000000000000000000000000F4
:101CF00000000000000000000000000000000000E4
:101D000000000000000000000000000000000000D3
:101D100000000000000000000000000000000000C3
:101D200000000000000000000000000000000000B3
:101D300000000000000000000000000000000000A3
:101D40000000000000000000000000000000000093
:101D50000000000000000000000000000000000083
:101D60000000000000000000000000000000000073
:101D70000000000000000000000000000000000063
:101D80000000000000000000000000000000000053
:101D90000000000000000000000000000000000043
:101DA0000000000000000000000000000000000033
:101DB0000000000000000000000000000000000023
:101DC0000000000000000000000000000000000013
:101DD0000000000000000000000000000000000003
:101DE00000000000000000000000000000000000F3
:101DF00000000000000000000000000000000000E3
:101E000000000000000000000000000000000000D2
:101E100000000000000000000000000000000000C2
:101E200000000000000000000000000000000000B2
:101E300000000000000000000000000000000000A2
:101E40000000000000000000000000000000000092
:101E50000000000000000000000000000000000082
:101E60000000000000000000000000000000000072
:101E70000000000000000000000000000000000062
:101E80000000000000000000000000000000000052
:101E90000000000000000000000000000000000042
:101EA0000000000000000000000000000000000032
:101EB0000000000000000000000000000000000022
:101EC0000000000000000000000000000000000012
:101ED0000000000000000000000000000000000002
:101EE00000000000000000000000000000000000F2
:101EF00000000000000000000000000000000000E2
:101F000000000000000000000000000000000000D1
:101F100000000000000000000000000000000000C1
:101F200000000000000000000000000000000000B1
:101F300000000000000000000000000000000000A1
:101F40000000000000000000000000000000000091
:101F50000000000000000000000000000000000081
:101F60000000000000000000000000000000000071
:101F70000000000003040C031E000000000000002D
:101F80000000000000000000000000000000000051
:101F90000000000000000000000000000000000041
:101FA0000000000000000000000000000000000031
:101FB0000000000000000000000000000000000021
:101FC0000000000000000000000000000000000011
:101FD0000000000000000000000000000000000001
:101FE00000000000000000000000000000000000F1
:101FF00000000000000000000000000000000000E1
:1020000000000000000000000000000000000000D0
:1020100000000000000000000000000000000000C0
:1020200000000000000000000000000000000000B0
:1020300000000000000000000000000000000000A0
:102040000000000000000000000000000000000090
:102050000000000000000000000000000000000080
:102060000000000000000000000000000000000070
:102070000000000000000000000000000000000060
:102080000000000000000000000000000000000050
:102090000000000000000000000000000000000040
:1020A0000000000000000000000000000000000030
:1020B0000000000000000000000000000000000020
:1020C0000000000000000000000000000000000010
:1020D0000000000000000000000000000000000000
:1020E00000000000000000000000000000000000F0
:1020F00000000000000000000000000000000000E0
:1021000000000000000000000000000000000000CF
:1021100000000000000000000000000000000000BF
:1021200000000000000000000000000000000000AF
:10213000000000000000000000000000000000009F
:10214000000000000000000000000000000000008F
:10215000000000000000000000000000000000007F
:10216000000000000000000000000000000000006F
:10217000000000000000000000000000000000005F
:10218000000000000000000000000000000000004F
:10219000000000000000000000000000000000003F
:1021A000000000000000000000000000000000002F
:1021B000000000000000000000000000000000001F
:1021C000000000000000000000000000000000000F
:1021D00000000000000000000000000000000000FF
:1021E00000000000000000000000000000000000EF
:1021F00000000000000000000000000000000000DF
:1022000000000000000000000000000000000000CE
:1022100000000000000000000000000000000000BE
:1022200000000000000000000000000000000000AE
:10223000000000000000000000000000000000009E
:10224000000000000000000000000000000000008E
:10225000000000000000000000000000000000007E
:10226000000000000000000000000000000000006E
:10227000000000000000000000000000000000005E
:10228000000000000000000000000000000000004E
:10229000000000000000000000000000000000003E
:1022A000000000000000000000000000000000002E
:1022B000000000000000000000000000000000001E
:1022C000000000000000000000000000000000000E
:1022D00000000000000000000000000000000000FE
:1022E00000000000000000000000000000000000EE
:1022F00000000000000000000000000000000000DE
:1023000000000000000000000000000000000000CD
:1023100000000000000000000000000000000000BD
:1023200000000000000000000000000000000000AD
:10233000000000000000000000000000000000009D
:10234000000000000000000000000000000000008D
:10235000000000000000000000000000000000007D
:10236000000000000000000000000000000000006D
:10237000000000000000000000000000000000005D
:10238000000000000000000000000000000000004D
:10239000000000000000000000000000000000003D
:1023A000000000000000000000000000000000002D
:1023B000000000000000000000000000000000001D
:1023C000000000000000000000000000000000000D
:1023D00000000000000000000000000000000000FD
:1023E00000000000000000000000000000000000ED
:1023F00000000000000000000000000000000000DD
:1024000000000000000000000000000000000000CC
:1024100000000000000000000000000000000000BC
:1024200000000000000000000000000000000000AC
:10243000000000000000000000000000000000009C
:10244000000000000000000000000000000000008C
:10245000000000000000000000000000000000007C
:10246000000000000000000000000000000000006C
:10247000000000000000000000000000000000005C
:10248000000000000000000000000000000000004C
:10249000000000000000000000000000000000003C
:1024A000000000000000000000000000000000002C
:1024B000000000000000000000000000000000001C
:1024C000000000000000000000000000000000000C
:1024D00000000000000000000000000000000000FC
:1024E00000000000000000000000000000000000EC
:1024F00000000000000000000000000000000000DC
:1025000000000000000000000000000000000000CB
:1025100000000000000000000000000000000000BB
:1025200000000000000000000000000000000000AB
:10253000000000000000000000000000000000009B
:10254000000000000000000000000000000000008B
:10255000000000000000000000000000000000007B
:10256000000000000000000000000000000000006B
:10257000000000000000000000000000000000005B
:10258000000000000000000000000000000000004B
:10259000000000000000000000000000000000003B
:1025A000000000000000000000000000000000002B
:1025B000000000000000000000000000000000001B
:1025C000000000000000000000000000000000000B
:1025D00000000000000000000000000000000000FB
:1025E00000000000000000000000000000000000EB
:1025F00000000000000000000000000000000000DB
:1026000000000000000000000000000000000000CA
:1026100000000000000000000000000000000000BA
:1026200000000000000000000000000000000000AA
:10263000000000000000000000000000000000009A
:10264000000000000000000000000000000000008A
:10265000000000000000000000000000000000007A
:10266000000000000000000000000000000000006A
:10267000000000000000000000000000000000005A
:10268000000000000000000000000000000000004A
:10269000000000000000000000000000000000003A
:1026A000000000000000000000000000000000002A
:1026B000000000000000000000000000000000001A
:1026C000000000000000000000000000000000000A
:1026D00000000000000000000000000000000000FA
:1026E00000000000000000000000000000000000EA
:1026F00000000000000000000000000000000000DA
:1027000000000000000000000000000000000000C9
:1027100000000000000000000000000000000000B9
:1027200000000000000000000000000000000000A9
:102730000000000000000000000000000000000099
:102740000000000000000000000000000000000089
:102750000000000000000000000000000000000079
:102760000000000000000000000000000000000069
:102770000000000000000000000000000000000059
:102780000000000000000000000000000000000049
:102790000000000000000000000000000000000039
:1027A0000000000000000000000000000000000029
:1027B0000000000000000000000000000000000019
:1027C0000000000000000000000000000000000009
:1027D00000000000000000000000000000000000F9
:1027E00000000000000000000000000000000000E9
:1027F00000000000000000000000000000000000D9
:1028000000000000000000000000000000000000C8
:1028100000000000000000000000000000000000B8
:1028200000000000000000000000000000000000A8
:102830000000000000000000000000000000000098
:102840000000000000000000000000000000000088
:102850000000000000000000000000000000000078
:102860000000000000000000000000000000000068
:102870000000000000000000000000000000000058
:102880000000000000000000000000000000000048
:102890000000000000000000000000000000000038
:1028A0000000000000000000000000000000000028
:1028B0000000000000000000000000000000000018
:1028C0000000000000000000000000000000000008
:1028D00000000000000000000000000000000000F8
:1028E00000000000000000000000000000000000E8
:1028F00000000000000000000000000000000000D8
:1029000000000000000000000000000000000000C7
:1029100000000000000000000000000000000000B7
:1029200000000000000000000000000000000000A7
:102930000000000000000000000000000000000097
:102940000000000000000000000000000000000087
:102950000000000000000000000000000000000077
:102960000000000000000000000000000000000067
:102970000000000000000000000000000000000057
:102980000000000000000000000000000000000047
:102990000000000000000000000000000000000037
:1029A0000000000000000000000000000000000027
:1029B0000000000000000000000000000000000017
:1029C0000000000000000000000000000000000007
:1029D00000000000000000000000000000000000F7
:1029E00000000000000000000000000000000000E7
:1029F00000000000000000000000000004010D05C0
:102A00001B000000000000000000000000000000AB
:102A100000000000000000000000000000000000B6
:102A200000000000000000000000000000000000A6
:102A30000000000000000000000000000000000096
:102A40000000000000000000000000000000000086
:102A50000000000000000000000000000000000076
:102A60000000000000000000000000000000000066
:102A70000000000000000000000000000000000056
:102A80000000000000000000000000000000000046
:102A90000000000000000000000000000000000036
:102AA0000000000000000000000000000000000026
:102AB0000000000000000000000000000000000016
:102AC0000000000000000000000000000000000006
:102AD00000000000000000000000000000000000F6
:102AE00000000000000000000000000000000000E6
:102AF00000000000000000000000000000000000D6
:102B000000000000000000000000000000000000C5
:102B100000000000000000000000000000000000B5
:102B200000000000000000000000000000000000A5
:102B30000000000000000000000000000000000095
:102B40000000000000000000000000000000000085
:102B50000000000000000000000000000000000075
:102B60000000000000000000000000000000000065
:102B70000000000000000000000000000000000055
:102B80000000000000000000000000000000000045
:102B90000000000000000000000000000000000035
:102BA0000000000000000000000000000000000025
:102BB0000000000000000000000000000000000015
:102BC0000000000000000000000000000000000005
:102BD00000000000000000000000000000000000F5
:102BE00000000000000000000000000000000000E5
:102BF00000000000000000000000000000000000D5
:102C000000000000000000000000000000000000C4
:102C100000000000000000000000000000000000B4
:102C200000000000000000000000000000000000A4
:102C30000000000000000000000000000000000094
:102C40000000000000000000000000000000000084
:102C50000000000000000000000000000000000074
:102C60000000000000000000000000000000000064
:102C70000000000000000000000000000000000054
:102C80000000000000000000000000000000000044
:102C90000000000000000000000000000000000034
:102CA0000000000000000000000000000000000024
:102CB0000000000000000000000000000000000014
:102CC0000000000000000000000000000000000004
:102CD00000000000000000000000000000000000F4
:102CE00000000000000000000000000000000000E4
:102CF00000000000000000000000000000000000D4
:102D000000000000000000000000000000000000C3
:102D100000000000000000000000000000000000B3
:102D200000000000000000000000000000000000A3
:102D30000000000000000000000000000000000093
:102D40000000000000000000000000000000000083
:102D50000000000000000000000000000000000073
:102D60000000000000000000000000000000000063
:102D70000000000000000000000000000000000053
:102D80000000000000000000000000000000000043
:102D90000000000000000000000000000000000033
:102DA0000000000000000000000000000000000023
:102DB0000000000000000000000000000000000013
:102DC0000000000000000000000000000000000003
:102DD00000000000000000000000000000000000F3
:102DE00000000000000000000000000000000000E3
:102DF00000000000000000000000000000000000D3
:102E000000000000000000000000000000000000C2
:102E100000000000000000000000000000000000B2
:102E200000000000000000000000000000000000A2
:102E30000000000000000000000000000000000092
:102E40000000000000000000000000000000000082
:102E50000000000000000000000000000000000072
:102E60000000000000000000000000000000000062
:102E70000000000000000000000000000000000052
:102E80000000000000000000000000000000000042
:102E90000000000000000000000000000000000032
:102EA0000000000000000000000000000000000022
:102EB0000000000000000000000000000000000012
:102EC0000000000000000000000000000000000002
:102ED00000000000000000000000000000000000F2
:102EE00000000000000000000000000000000000E2
:102EF00000000000000000000000000000000000D2
:102F000000000000000000000000000000000000C1
:102F100000000000000000000000000000000000B1
:102F200000000000000000000000000000000000A1
:102F30000000000000000000000000000000000091
:102F40000000000000000000000000000000000081
:102F50000000000000000000000000000000000071
:102F60000000000000000000000000000000000061
:102F70000000000000000000000000000000000051
:102F80000000000000000000000000000000000041
:102F90000000000000000000000000000000000031
:102FA0000000000000000000000000000000000021
:102FB0000000000000000000000000000000000011
:102FC0000000000000000000000000000000000001
:102FD00000000000000000000000000000000000F1
:102FE00000000000000000000000000000000000E1
:102FF00000000000000000000000000000000000D1
:1030000000000000000000000000000000000000C0
:1030100000000000000000000000000000000000B0
:1030200000000000000000000000000000000000A0
:103030000000000000000000000000000000000090
:103040000000000000000000000000000000000080
:103050000000000000000000000000000000000070
:103060000000000000000000000000000000000060
:103070000000000000000000000000000000000050
:103080000000000000000000000000000000000040
:103090000000000000000000000000000000000030
:1030A0000000000000000000000000000000000020
:1030B0000000000000000000000000000000000010
:1030C0000000000000000000000000000000000000
:1030D00000000000000000000000000000000000F0
:1030E00000000000000000000000000000000000E0
:1030F00000000000000000000000000000000000D0
:1031000000000000000000000000000000000000BF
:1031100000000000000000000000000000000000AF
:10312000000000000000000000000000000000009F
:10313000000000000000000000000000000000008F
:10314000000000000000000000000000000000007F
:10315000000000000000000000000000000000006F
:10316000000000000000000000000000000000005F
:10317000000000000000000000000000000000004F
:10318000000000000000000000000000000000003F
:10319000000000000000000000000000000000002F
:1031A000000000000000000000000000000000001F
:1031B000000000000000000000000000000000000F
:1031C00000000000000000000000000000000000FF
:1031D00000000000000000000000000000000000EF
:1031E00000000000000000000000000000000000DF
:1031F00000000000000000000000000000000000CF
:1032000000000000000000000000000000000000BE
:1032100000000000000000000000000000000000AE
:10322000000000000000000000000000000000009E
:10323000000000000000000000000000000000008E
:10324000000000000000000000000000000000007E
:10325000000000000000000000000000000000006E
:10326000000000000000000000000000000000005E
:10327000000000000000000000000000000000004E
:10328000000000000000000000000000000000003E
:10329000000000000000000000000000000000002E
:1032A000000000000000000000000000000000001E
:1032B000000000000000000000000000000000000E
:1032C00000000000000000000000000000000000FE
:1032D00000000000000000000000000000000000EE
:1032E00000000000000000000000000000000000DE
:1032F00000000000000000000000000000000000CE
:1033000000000000000000000000000000000000BD
:1033100000000000000000000000000000000000AD
:10332000000000000000000000000000000000009D
:10333000000000000000000000000000000000008D
:10334000000000000000000000000000000000007D
:10335000000000000000000000000000000000006D
:10336000000000000000000000000000000000005D
:10337000000000000000000000000000000000004D
:10338000000000000000000000000000000000003D
:10339000000000000000000000000000000000002D
:1033A000000000000000000000000000000000001D
:1033B000000000000000000000000000000000000D
:1033C00000000000000000000000000000000000FD
:1033D00000000000000000000000000000000000ED
:1033E00000000000000000000000000000000000DD
:1033F00000000000000000000000000000000000CD
:1034000000000000000000000000000000000000BC
:1034100000000000000000000000000000000000AC
:10342000000000000000000000000000000000009C
:10343000000000000000000000000000000000008C
:10344000000000000000000000000000000000007C
:10345000000000000000000000000000000000006C
:10346000000000000000000000000000000000005C
:10347000000000000000000000000000000000004C
:103480000000000004020E051C0000000000000007
:10349000000000000000000000000000000000002C
:1034A000000000000000000000000000000000001C
:1034B000000000000000000000000000000000000C
:1034C00000000000000000000000000000000000FC
:1034D00000000000000000000000000000000000EC
:1034E00000000000000000000000000000000000DC
:1034F00000000000000000000000000000000000CC
:1035000000000000000000000000000000000000BB
:1035100000000000000000000000000000000000AB
:10352000000000000000000000000000000000009B
:10353000000000000000000000000000000000008B
:10354000000000000000000000000000000000007B
:10355000000000000000000000000000000000006B
:10356000000000000000000000000000000000005B
:10357000000000000000000000000000000000004B
:10358000000000000000000000000000000000003B
:10359000000000000000000000000000000000002B
:1035A000000000000000000000000000000000001B
:1035B000000000000000000000000000000000000B
:1035C00000000000000000000000000000000000FB
:1035D00000000000000000000000000000000000EB
:1035E00000000000000000000000000000000000DB
:1035F00000000000000000000000000000000000CB
:1036000000000000000000000000000000000000BA
:1036100000000000000000000000000000000000AA
:10362000000000000000000000000000000000009A
:10363000000000000000000000000000000000008A
:10364000000000000000000000000000000000007A
:10365000000000000000000000000000000000006A
:10366000000000000000000000000000000000005A
:10367000000000000000000000000000000000004A
:10368000000000000000000000000000000000003A
:10369000000000000000000000000000000000002A
:1036A000000000000000000000000000000000001A
:1036B000000000000000000000000000000000000A
:1036C00000000000000000000000000000000000FA
:1036D00000000000000000000000000000000000EA
:1036E00000000000000000000000000000000000DA
:1036F00000000000000000000000000000000000CA
:1037000000000000000000000000000000000000B9
:1037100000000000000000000000000000000000A9
:103720000000000000000000000000000000000099
:103730000000000000000000000000000000000089
:103740000000000000000000000000000000000079
:103750000000000000000000000000000000000069
:103760000000000000000000000000000000000059
:103770000000000000000000000000000000000049
:103780000000000000000000000000000000000039
:103790000000000000000000000000000000000029
:1037A0000000000000000000000000000000000019
:1037B0000000000000000000000000000000000009
:1037C00000000000000000000000000000000000F9
:1037D00000000000000000000000000000000000E9
:1037E00000000000000000000000000000000000D9
:1037F00000000000000000000000000000000000C9
:1038000000000000000000000000000000000000B8
:1038100000000000000000000000000000000000A8
:103820000000000000000000000000000000000098
:103830000000000000000000000000000000000088
:103840000000000000000000000000000000000078
:103850000000000000000000000000000000000068
:103860000000000000000000000000000000000058
:103870000000000000000000000000000000000048
:103880000000000000000000000000000000000038
:103890000000000000000000000000000000000028
:1038A0000000000000000000000000000000000018
:1038B0000000000000000000000000000000000008
:1038C00000000000000000000000000000000000F8
:1038D00000000000000000000000000000000000E8
:1038E00000000000000000000000000000000000D8
:1038F00000000000000000000000000000000000C8
:1039000000000000000000000000000000000000B7
:1039100000000000000000000000000000000000A7
:103920000000000000000000000000000000000097
:103930000000000000000000000000000000000087
:103940000000000000000000000000000000000077
:103950000000000000000000000000000000000067
:103960000000000000000000000000000000000057
:103970000000000000000000000000000000000047
:103980000000000000000000000000000000000037
:103990000000000000000000000000000000000027
:1039A0000000000000000000000000000000000017
:1039B0000000000000000000000000000000000007
:1039C00000000000000000000000000000000000F7
:1039D00000000000000000000000000000000000E7
:1039E00000000000000000000000000000000000D7
:1039F00000000000000000000000000000000000C7
:103A000000000000000000000000000000000000B6
:103A100000000000000000000000000000000000A6
:103A20000000000000000000000000000000000096
:103A30000000000000000000000000000000000086
:103A40000000000000000000000000000000000076
:103A50000000000000000000000000000000000066
:103A60000000000000000000000000000000000056
:103A70000000000000000000000000000000000046
:103A80000000000000000000000000000000000036
:103A90000000000000000000000000000000000026
:103AA0000000000000000000000000000000000016
:103AB0000000000000000000000000000000000006
:103AC00000000000000000000000000000000000F6
:103AD00000000000000000000000000000000000E6
:103AE00000000000000000000000000000000000D6
:103AF00000000000000000000000000000000000C6
:103B000000000000000000000000000000000000B5
:103B100000000000000000000000000000000000A5
:103B20000000000000000000000000000000000095
:103B30000000000000000000000000000000000085
:103B40000000000000000000000000000000000075
:103B50000000000000000000000000000000000065
:103B60000000000000000000000000000000000055
:103B70000000000000000000000000000000000045
:103B80000000000000000000000000000000000035
:103B90000000000000000000000000000000000025
:103BA0000000000000000000000000000000000015
:103BB0000000000000000000000000000000000005
:103BC00000000000000000000000000000000000F5
:103BD00000000000000000000000000000000000E5
:103BE00000000000000000000000000000000000D5
:103BF00000000000000000000000000000000000C5
:103C000000000000000000000000000000000000B4
:103C100000000000000000000000000000000000A4
:103C20000000000000000000000000000000000094
:103C30000000000000000000000000000000000084
:103C40000000000000000000000000000000000074
:103C50000000000000000000000000000000000064
:103C60000000000000000000000000000000000054
:103C70000000000000000000000000000000000044
:103C80000000000000000000000000000000000034
:103C90000000000000000000000000000000000024
:103CA0000000000000000000000000000000000014
:103CB0000000000000000000000000000000000004
:103CC00000000000000000000000000000000000F4
:103CD00000000000000000000000000000000000E4
:103CE00000000000000000000000000000000000D4
:103CF00000000000000000000000000000000000C4
:103D000000000000000000000000000000000000B3
:103D100000000000000000000000000000000000A3
:103D20000000000000000000000000000000000093
:103D30000000000000000000000000000000000083
:103D40000000000000000000000000000000000073
:103D50000000000000000000000000000000000063
:103D60000000000000000000000000000000000053
:103D70000000000000000000000000000000000043
:103D80000000000000000000000000000000000033
:103D90000000000000000000000000000000000023
:103DA0000000000000000000000000000000000013
:103DB0000000000000000000000000000000000003
:103DC00000000000000000000000000000000000F3
:103DD00000000000000000000000000000000000E3
:103DE00000000000000000000000000000000000D3
:103DF00000000000000000000000000000000000C3
:103E000000000000000000000000000000000000B2
:103E100000000000000000000000000000000000A2
:103E20000000000000000000000000000000000092
:103E30000000000000000000000000000000000082
:103E40000000000000000000000000000000000072
:103E50000000000000000000000000000000000062
:103E60000000000000000000000000000000000052
:103E70000000000000000000000000000000000042
:103E80000000000000000000000000000000000032
:103E90000000000000000000000000000000000022
:103EA0000000000000000000000000000000000012
:103EB0000000000000000000000000000000000002
:103EC00000000000000000000000000000000000F2
:103ED00000000000000000000000000000000000E2
:103EE00000000000000000000000000000000000D2
:103EF00000000000000000000000000000000000C2
:103F000000000000000000000000000004030F0596
:103F10001D00000000000000000000000000000084
:103F20000000000000000000000000000000000091
:103F30000000000000000000000000000000000081
:103F40000000000000000000000000000000000071
:103F50000000000000000000000000000000000061
:103F60000000000000000000000000000000000051
:103F70000000000000000000000000000000000041
:103F80000000000000000000000000000000000031
:103F90000000000000000000000000000000000021
:103FA0000000000000000000000000000000000011
:103FB0000000000000000000000000000000000001
:103FC00000000000000000000000000000000000F1
:103FD00000000000000000000000000000000000E1
:103FE00000000000000000000000000000000000D1
:103FF00000000000000000000000000000000000C1
:1040000000000000000000000000000000000000B0
:1040100000000000000000000000000000000000A0
:104020000000000000000000000000000000000090
:104030000000000000000000000000000000000080
:104040000000000000000000000000000000000070
:104050000000000000000000000000000000000060
:104060000000000000000000000000000000000050
:104070000000000000000000000000000000000040
:104080000000000000000000000000000000000030
:104090000000000000000000000000000000000020
:1040A0000000000000000000000000000000000010
:1040B0000000000000000000000000000000000000
:1040C00000000000000000000000000000000000F0
:1040D00000000000000000000000000000000000E0
:1040E00000000000000000000000000000000000D0
:1040F00000000000000000000000000000000000C0
:1041000000000000000000000000000000000000AF
:10411000000000000000000000000000000000009F
:10412000000000000000000000000000000000008F
:10413000000000000000000000000000000000007F
:10414000000000000000000000000000000000006F
:10415000000000000000000000000000000000005F
:10416000000000000000000000000000000000004F
:10417000000000000000000000000000000000003F
:10418000000000000000000000000000000000002F
:10419000000000000000000000000000000000001F
:1041A000000000000000000000000000000000000F
:1041B00000000000000000000000000000000000FF
:1041C00000000000000000000000000000000000EF
:1041D00000000000000000000000000000000000DF
:1041E00000000000000000000000000000000000CF
:1041F00000000000000000000000000000000000BF
:1042000000000000000000000000000000000000AE
:10421000000000000000000000000000000000009E
:10422000000000000000000000000000000000008E
:10423000000000000000000000000000000000007E
:10424000000000000000000000000000000000006E
:10425000000000000000000000000000000000005E
:10426000000000000000000000000000000000004E
:10427000000000000000000000000000000000003E
:10428000000000000000000000000000000000002E
:10429000000000000000000000000000000000001E
:1042A000000000000000000000000000000000000E
:1042B00000000000000000000000000000000000FE
:1042C00000000000000000000000000000000000EE
:1042D00000000000000000000000000000000000DE
:1042E00000000000000000000000000000000000CE
:1042F00000000000000000000000000000000000BE
:1043000000000000000000000000000000000000AD
:10431000000000000000000000000000000000009D
:10432000000000000000000000000000000000008D
:10433000000000000000000000000000000000007D
:10434000000000000000000000000000000000006D
:10435000000000000000000000000000000000005D
:10436000000000000000000000000000000000004D
:10437000000000000000000000000000000000003D
:10438000000000000000000000000000000000002D
:10439000000000000000000000000000000000001D
:1043A000000000000000000000000000000000000D
:1043B00000000000000000000000000000000000FD
:1043C00000000000000000000000000000000000ED
:1043D00000000000000000000000000000000000DD
:1043E00000000000000000000000000000000000CD
:1043F00000000000000000000000000000000000BD
:1044000000000000000000000000000000000000AC
:10441000000000000000000000000000000000009C
:10442000000000000000000000000000000000008C
:10443000000000000000000000000000000000007C
:10444000000000000000000000000000000000006C
:10445000000000000000000000000000000000005C
:10446000000000000000000000000000000000004C
:10447000000000000000000000000000000000003C
:10448000000000000000000000000000000000002C
:10449000000000000000000000000000000000001C
:1044A000000000000000000000000000000000000C
:1044B00000000000000000000000000000000000FC
:1044C00000000000000000000000000000000000EC
:1044D00000000000000000000000000000000000DC
:1044E00000000000000000000000000000000000CC
:1044F00000000000000000000000000000000000BC
:1045000000000000000000000000000000000000AB
:10451000000000000000000000000000000000009B
:10452000000000000000000000000000000000008B
:10453000000000000000000000000000000000007B
:10454000000000000000000000000000000000006B
:10455000000000000000000000000000000000005B
:10456000000000000000000000000000000000004B
:10457000000000000000000000000000000000003B
:10458000000000000000000000000000000000002B
:10459000000000000000000000000000000000001B
:1045A000000000000000000000000000000000000B
:1045B00000000000000000000000000000000000FB
:1045C00000000000000000000000000000000000EB
:1045D00000000000000000000000000000000000DB
:1045E00000000000000000000000000000000000CB
:1045F00000000000000000000000000000000000BB
:1046000000000000000000000000000000000000AA
:10461000000000000000000000000000000000009A
:10462000000000000000000000000000000000008A
:10463000000000000000000000000000000000007A
:10464000000000000000000000000000000000006A
:10465000000000000000000000000000000000005A
:10466000000000000000000000000000000000004A
:10467000000000000000000000000000000000003A
:10468000000000000000000000000000000000002A
:10469000000000000000000000000000000000001A
:1046A000000000000000000000000000000000000A
:1046B00000000000000000000000000000000000FA
:1046C00000000000000000000000000000000000EA
:1046D00000000000000000000000000000000000DA
:1046E00000000000000000000000000000000000CA
:1046F00000000000000000000000000000000000BA
:1047000000000000000000000000000000000000A9
:104710000000000000000000000000000000000099
:104720000000000000000000000000000000000089
:104730000000000000000000000000000000000079
:104740000000000000000000000000000000000069
:104750000000000000000000000000000000000059
:104760000000000000000000000000000000000049
:104770000000000000000000000000000000000039
:104780000000000000000000000000000000000029
:104790000000000000000000000000000000000019
:1047A0000000000000000000000000000000000009
:1047B00000000000000000000000000000000000F9
:1047C00000000000000000000000000000000000E9
:1047D00000000000000000000000000000000000D9
:1047E00000000000000000000000000000000000C9
:1047F00000000000000000000000000000000000B9
:1048000000000000000000000000000000000000A8
:104810000000000000000000000000000000000098
:104820000000000000000000000000000000000088
:104830000000000000000000000000000000000078
:104840000000000000000000000000000000000068
:104850000000000000000000000000000000000058
:104860000000000000000000000000000000000048
:104870000000000000000000000000000000000038
:104880000000000000000000000000000000000028
:104890000000000000000000000000000000000018
:1048A0000000000000000000000000000000000008
:1048B00000000000000000000000000000000000F8
:1048C00000000000000000000000000000000000E8
:1048D00000000000000000000000000000000000D8
:1048E00000000000000000000000000000000000C8
:1048F00000000000000000000000000000000000B8
:1049000000000000000000000000000000000000A7
:104910000000000000000000000000000000000097
:104920000000000000000000000000000000000087
:104930000000000000000000000000000000000077
:104940000000000000000000000000000000000067
:104950000000000000000000000000000000000057
:104960000000000000000000000000000000000047
:104970000000000000000000000000000000000037
:104980000000000000000000000000000000000027
:1049900000000000040410051E00000000000000DC
:1049A0000000000000000000000000000000000007
:1049B00000000000000000000000000000000000F7
:1049C00000000000000000000000000000000000E7
:1049D00000000000000000000000000000000000D7
:1049E00000000000000000000000000000000000C7
:1049F00000000000000000000000000000000000B7
:104A000000000000000000000000000000000000A6
:104A10000000000000000000000000000000000096
:104A20000000000000000000000000000000000086
:104A30000000000000000000000000000000000076
:104A40000000000000000000000000000000000066
:104A50000000000000000000000000000000000056
:104A60000000000000000000000000000000000046
:104A70000000000000000000000000000000000036
:104A80000000000000000000000000000000000026
:104A90000000000000000000000000000000000016
:104AA0000000000000000000000000000000000006
:104AB00000000000000000000000000000000000F6
:104AC00000000000000000000000000000000000E6
:104AD00000000000000000000000000000000000D6
:104AE00000000000000000000000000000000000C6
:104AF00000000000000000000000000000000000B6
:104B000000000000000000000000000000000000A5
:104B10000000000000000000000000000000000095
:104B20000000000000000000000000000000000085
:104B30000000000000000000000000000000000075
:104B40000000000000000000000000000000000065
:104B50000000000000000000000000000000000055
:104B60000000000000000000000000000000000045
:104B70000000000000000000000000000000000035
:104B80000000000000000000000000000000000025
:104B90000000000000000000000000000000000015
:104BA0000000000000000000000000000000000005
:104BB00000000000000000000000000000000000F5
:104BC00000000000000000000000000000000000E5
:104BD00000000000000000000000000000000000D5
:104BE00000000000000000000000000000000000C5
:104BF00000000000000000000000000000000000B5
:104C000000000000000000000000000000000000A4
:104C10000000000000000000000000000000000094
:104C20000000000000000000000000000000000084
:104C30000000000000000000000000000000000074
:104C40000000000000000000000000000000000064
:104C50000000000000000000000000000000000054
:104C60000000000000000000000000000000000044
:104C70000000000000000000000000000000000034
:104C80000000000000000000000000000000000024
:104C90000000000000000000000000000000000014
:104CA0000000000000000000000000000000000004
:104CB00000000000000000000000000000000000F4
:104CC00000000000000000000000000000000000E4
:104CD00000000000000000000000000000000000D4
:104CE00000000000000000000000000000000000C4
:104CF00000000000000000000000000000000000B4
:104D000000000000000000000000000000000000A3
:104D10000000000000000000000000000000000093
:104D20000000000000000000000000000000000083
:104D30000000000000000000000000000000000073
:104D40000000000000000000000000000000000063
:104D50000000000000000000000000000000000053
:104D60000000000000000000000000000000000043
:104D70000000000000000000000000000000000033
:104D80000000000000000000000000000000000023
:104D90000000000000000000000000000000000013
:104DA0000000000000000000000000000000000003
:104DB00000000000000000000000000000000000F3
:104DC00000000000000000000000000000000000E3
:104DD00000000000000000000000000000000000D3
:104DE00000000000000000000000000000000000C3
:104DF00000000000000000000000000000000000B3
:104E000000000000000000000000000000000000A2
:104E10000000000000000000000000000000000092
:104E20000000000000000000000000000000000082
:104E30000000000000000000000000000000000072
:104E40000000000000000000000000000000000062
:104E50000000000000000000000000000000000052
:104E60000000000000000000000000000000000042
:104E70000000000000000000000000000000000032
:104E80000000000000000000000000000000000022
:104E90000000000000000000000000000000000012
:104EA0000000000000000000000000000000000002
:104EB00000000000000000000000000000000000F2
:104EC00000000000000000000000000000000000E2
:104ED00000000000000000000000000000000000D2
:104EE00000000000000000000000000000000000C2
:104EF00000000000000000000000000000000000B2
:104F000000000000000000000000000000000000A1
:104F10000000000000000000000000000000000091
:104F20000000000000000000000000000000000081
:104F30000000000000000000000000000000000071
:104F40000000000000000000000000000000000061
:104F50000000000000000000000000000000000051
:104F60000000000000000000000000000000000041
:104F70000000000000000000000000000000000031
:104F80000000000000000000000000000000000021
:104F90000000000000000000000000000000000011
:104FA0000000000000000000000000000000000001
:104FB00000000000000000000000000000000000F1
:104FC00000000000000000000000000000000000E1
:104FD00000000000000000000000000000000000D1
:104FE00000000000000000000000000000000000C1
:104FF00000000000000000000000000000000000B1
:1050000000000000000000000000000000000000A0
:105010000000000000000000000000000000000090
:105020000000000000000000000000000000000080
:105030000000000000000000000000000000000070
:105040000000000000000000000000000000000060
:105050000000000000000000000000000000000050
:105060000000000000000000000000000000000040
:105070000000000000000000000000000000000030
:105080000000000000000000000000000000000020
:105090000000000000000000000000000000000010
:1050A0000000000000000000000000000000000000
:1050B00000000000000000000000000000000000F0
:1050C00000000000000000000000000000000000E0
:1050D00000000000000000000000000000000000D0
:1050E00000000000000000000000000000000000C0
:1050F00000000000000000000000000000000000B0
:10510000000000000000000000000000000000009F
:10511000000000000000000000000000000000008F
:10512000000000000000000000000000000000007F
:10513000000000000000000000000000000000006F
:10514000000000000000000000000000000000005F
:10515000000000000000000000000000000000004F
:10516000000000000000000000000000000000003F
:10517000000000000000000000000000000000002F
:10518000000000000000000000000000000000001F
:10519000000000000000000000000000000000000F
:1051A00000000000000000000000000000000000FF
:1051B00000000000000000000000000000000000EF
:1051C00000000000000000000000000000000000DF
:1051D00000000000000000000000000000000000CF
:1051E00000000000000000000000000000000000BF
:1051F00000000000000000000000000000000000AF
:10520000000000000000000000000000000000009E
:10521000000000000000000000000000000000008E
:10522000000000000000000000000000000000007E
:10523000000000000000000000000000000000006E
:10524000000000000000000000000000000000005E
:10525000000000000000000000000000000000004E
:10526000000000000000000000000000000000003E
:10527000000000000000000000000000000000002E
:10528000000000000000000000000000000000001E
:10529000000000000000000000000000000000000E
:1052A00000000000000000000000000000000000FE
:1052B00000000000000000000000000000000000EE
:1052C00000000000000000000000000000000000DE
:1052D00000000000000000000000000000000000CE
:1052E00000000000000000000000000000000000BE
:1052F00000000000000000000000000000000000AE
:10530000000000000000000000000000000000009D
:10531000000000000000000000000000000000008D
:10532000000000000000000000000000000000007D
:10533000000000000000000000000000000000006D
:10534000000000000000000000000000000000005D
:10535000000000000000000000000000000000004D
:10536000000000000000000000000000000000003D
:10537000000000000000000000000000000000002D
:10538000000000000000000000000000000000001D
:10539000000000000000000000000000000000000D
:1053A00000000000000000000000000000000000FD
:1053B00000000000000000000000000000000000ED
:1053C00000000000000000000000000000000000DD
:1053D00000000000000000000000000000000000CD
:1053E00000000000000000000000000000000000BD
:1053F00000000000000000000000000000000000AD
:10540000000000000000000000000000000000009C
:10541000000000000000000000000000050111076E
:105420001B00000000000000000000000000000061
:10543000000000000000000000000000000000006C
:10544000000000000000000000000000000000005C
:10545000000000000000000000000000000000004C
:10546000000000000000000000000000000000003C
:10547000000000000000000000000000000000002C
:10548000000000000000000000000000000000001C
:10549000000000000000000000000000000000000C
:1054A00000000000000000000000000000000000FC
:1054B00000000000000000000000000000000000EC
:1054C00000000000000000000000000000000000DC
:1054D00000000000000000000000000000000000CC
:1054E00000000000000000000000000000000000BC
:1054F00000000000000000000000000000000000AC
:10550000000000000000000000000000000000009B
:10551000000000000000000000000000000000008B
:10552000000000000000000000000000000000007B
:10553000000000000000000000000000000000006B
:10554000000000000000000000000000000000005B
:10555000000000000000000000000000000000004B
:10556000000000000000000000000000000000003B
:10557000000000000000000000000000000000002B
:10558000000000000000000000000000000000001B
:10559000000000000000000000000000000000000B
:1055A00000000000000000000000000000000000FB
:1055B00000000000000000000000000000000000EB
:1055C00000000000000000000000000000000000DB
:1055D00000000000000000000000000000000000CB
:1055E00000000000000000000000000000000000BB
:1055F00000000000000000000000000000000000AB
:10560000000000000000000000000000000000009A
:10561000000000000000000000000000000000008A
:10562000000000000000000000000000000000007A
:10563000000000000000000000000000000000006A
:10564000000000000000000000000000000000005A
:10565000000000000000000000000000000000004A
:10566000000000000000000000000000000000003A
:10567000000000000000000000000000000000002A
:10568000000000000000000000000000000000001A
:10569000000000000000000000000000000000000A
:1056A00000000000000000000000000000000000FA
:1056B00000000000000000000000000000000000EA
:1056C00000000000000000000000000000000000DA
:1056D00000000000000000000000000000000000CA
:1056E00000000000000000000000000000000000BA
:1056F00000000000000000000000000000000000AA
:105700000000000000000000000000000000000099
:105710000000000000000000000000000000000089
:105720000000000000000000000000000000000079
:105730000000000000000000000000000000000069
:105740000000000000000000000000000000000059
:105750000000000000000000000000000000000049
:105760000000000000000000000000000000000039
:105770000000000000000000000000000000000029
:105780000000000000000000000000000000000019
:105790000000000000000000000000000000000009
:1057A00000000000000000000000000000000000F9
:1057B00000000000000000000000000000000000E9
:1057C00000000000000000000000000000000000D9
:1057D00000000000000000000000000000000000C9
:1057E00000000000000000000000000000000000B9
:1057F00000000000000000000000000000000000A9
:105800000000000000000000000000000000000098
:105810000000000000000000000000000000000088
:105820000000000000000000000000000000000078
:105830000000000000000000000000000000000068
:105840000000000000000000000000000000000058
:105850000000000000000000000000000000000048
:105860000000000000000000000000000000000038
:105870000000000000000000000000000000000028
:105880000000000000000000000000000000000018
:105890000000000000000000000000000000000008
:1058A00000000000000000000000000000000000F8
:1058B00000000000000000000000000000000000E8
:1058C00000000000000000000000000000000000D8
:1058D00000000000000000000000000000000000C8
:1058E00000000000000000000000000000000000B8
:1058F00000000000000000000000000000000000A8
:105900000000000000000000000000000000000097
:105910000000000000000000000000000000000087
:105920000000000000000000000000000000000077
:105930000000000000000000000000000000000067
:105940000000000000000000000000000000000057
:105950000000000000000000000000000000000047
:105960000000000000000000000000000000000037
:105970000000000000000000000000000000000027
:105980000000000000000000000000000000000017
:105990000000000000000000000000000000000007
:1059A00000000000000000000000000000000000F7
:1059B00000000000000000000000000000000000E7
:1059C00000000000000000000000000000000000D7
:1059D00000000000000000000000000000000000C7
:1059E00000000000000000000000000000000000B7
:1059F00000000000000000000000000000000000A7
:105A00000000000000000000000000000000000096
:105A10000000000000000000000000000000000086
:105A20000000000000000000000000000000000076
:105A30000000000000000000000000000000000066
:105A40000000000000000000000000000000000056
:105A50000000000000000000000000000000000046
:105A60000000000000000000000000000000000036
:105A70000000000000000000000000000000000026
:105A80000000000000000000000000000000000016
:105A90000000000000000000000000000000000006
:105AA00000000000000000000000000000000000F6
:105AB00000000000000000000000000000000000E6
:105AC00000000000000000000000000000000000D6
:105AD00000000000000000000000000000000000C6
:105AE00000000000000000000000000000000000B6
:105AF00000000000000000000000000000000000A6
:105B00000000000000000000000000000000000095
:105B10000000000000000000000000000000000085
:105B20000000000000000000000000000000000075
:105B30000000000000000000000000000000000065
:105B40000000000000000000000000000000000055
:105B50000000000000000000000000000000000045
:105B60000000000000000000000000000000000035
:105B70000000000000000000000000000000000025
:105B80000000000000000000000000000000000015
:105B90000000000000000000000000000000000005
:105BA00000000000000000000000000000000000F5
:105BB00000000000000000000000000000000000E5
:105BC00000000000000000000000000000000000D5
:105BD00000000000000000000000000000000000C5
:105BE00000000000000000000000000000000000B5
:105BF00000000000000000000000000000000000A5
:105C00000000000000000000000000000000000094
:105C10000000000000000000000000000000000084
:105C20000000000000000000000000000000000074
:105C30000000000000000000000000000000000064
:105C40000000000000000000000000000000000054
:105C50000000000000000000000000000000000044
:105C60000000000000000000000000000000000034
:105C70000000000000000000000000000000000024
:105C80000000000000000000000000000000000014
:105C90000000000000000000000000000000000004
:105CA00000000000000000000000000000000000F4
:105CB00000000000000000000000000000000000E4
:105CC00000000000000000000000000000000000D4
:105CD00000000000000000000000000000000000C4
:105CE00000000000000000000000000000000000B4
:105CF00000000000000000000000000000000000A4
:105D00000000000000000000000000000000000093
:105D10000000000000000000000000000000000083
:105D20000000000000000000000000000000000073
:105D30000000000000000000000000000000000063
:105D40000000000000000000000000000000000053
:105D50000000000000000000000000000000000043
:105D60000000000000000000000000000000000033
:105D70000000000000000000000000000000000023
:105D80000000000000000000000000000000000013
:105D90000000000000000000000000000000000003
:105DA00000000000000000000000000000000000F3
:105DB00000000000000000000000000000000000E3
:105DC00000000000000000000000000000000000D3
:105DD00000000000000000000000000000000000C3
:105DE00000000000000000000000000000000000B3
:105DF00000000000000000000000000000000000A3
:105E00000000000000000000000000000000000092
:105E10000000000000000000000000000000000082
:105E20000000000000000000000000000000000072
:105E30000000000000000000000000000000000062
:105E40000000000000000000000000000000000052
:105E50000000000000000000000000000000000042
:105E60000000000000000000000000000000000032
:105E70000000000000000000000000000000000022
:105E80000000000000000000000000000000000012
:105E90000000000000000000000000000000000002
:105EA00000000000050212071C00000000000000B6
:105EB00000000000000000000000000000000000E2
:105EC00000000000000000000000000000000000D2
:105ED00000000000000000000000000000000000C2
:105EE00000000000000000000000000000000000B2
:105EF00000000000000000000000000000000000A2
:105F00000000000000000000000000000000000091
:105F10000000000000000000000000000000000081
:105F20000000000000000000000000000000000071
:105F30000000000000000000000000000000000061
:105F40000000000000000000000000000000000051
:105F50000000000000000000000000000000000041
:105F60000000000000000000000000000000000031
:105F70000000000000000000000000000000000021
:105F80000000000000000000000000000000000011
:105F90000000000000000000000000000000000001
:105FA00000000000000000000000000000000000F1
:105FB00000000000000000000000000000000000E1
:105FC00000000000000000000000000000000000D1
:105FD00000000000000000000000000000000000C1
:105FE00000000000000000000000000000000000B1
:105FF00000000000000000000000000000000000A1
:106000000000000000000000000000000000000090
:106010000000000000000000000000000000000080
:106020000000000000000000000000000000000070
:106030000000000000000000000000000000000060
:106040000000000000000000000000000000000050
:106050000000000000000000000000000000000040
:106060000000000000000000000000000000000030
:106070000000000000000000000000000000000020
:106080000000000000000000000000000000000010
:106090000000000000000000000000000000000000
:1060A00000000000000000000000000000000000F0
:1060B00000000000000000000000000000000000E0
:1060C00000000000000000000000000000000000D0
:1060D00000000000000000000000000000000000C0
:1060E00000000000000000000000000000000000B0
:1060F00000000000000000000000000000000000A0
:10610000000000000000000000000000000000008F
:10611000000000000000000000000000000000007F
:10612000000000000000000000000000000000006F
:10613000000000000000000000000000000000005F
:10614000000000000000000000000000000000004F
:10615000000000000000000000000000000000003F
:10616000000000000000000000000000000000002F
:10617000000000000000000000000000000000001F
:10618000000000000000000000000000000000000F
:1061900000000000000000000000000000000000FF
:1061A00000000000000000000000000000000000EF
:1061B00000000000000000000000000000000000DF
:1061C00000000000000000000000000000000000CF
:1061D00000000000000000000000000000000000BF
:1061E00000000000000000000000000000000000AF
:1061F000000000000000000000000000000000009F
:10620000000000000000000000000000000000008E
:10621000000000000000000000000000000000007E
:10622000000000000000000000000000000000006E
:10623000000000000000000000000000000000005E
:10624000000000000000000000000000000000004E
:10625000000000000000000000000000000000003E
:10626000000000000000000000000000000000002E
:10627000000000000000000000000000000000001E
:10628000000000000000000000000000000000000E
:1062900000000000000000000000000000000000FE
:1062A00000000000000000000000000000000000EE
:1062B00000000000000000000000000000000000DE
:1062C00000000000000000000000000000000000CE
:1062D00000000000000000000000000000000000BE
:1062E00000000000000000000000000000000000AE
:1062F000000000000000000000000000000000009E
:10630000000000000000000000000000000000008D
:10631000000000000000000000000000000000007D
:10632000000000000000000000000000000000006D
:10633000000000000000000000000000000000005D
:10634000000000000000000000000000000000004D
:10635000000000000000000000000000000000003D
:10636000000000000000000000000000000000002D
:10637000000000000000000000000000000000001D
:10638000000000000000000000000000000000000D
:1063900000000000000000000000000000000000FD
:1063A00000000000000000000000000000000000ED
:1063B00000000000000000000000000000000000DD
:1063C00000000000000000000000000000000000CD
:1063D00000000000000000000000000000000000BD
:1063E00000000000000000000000000000000000AD
:1063F000000000000000000000000000000000009D
:10640000000000000000000000000000000000008C
:10641000000000000000000000000000000000007C
:10642000000000000000000000000000000000006C
:10643000000000000000000000000000000000005C
:10644000000000000000000000000000000000004C
:10645000000000000000000000000000000000003C
:10646000000000000000000000000000000000002C
:10647000000000000000000000000000000000001C
:10648000000000000000000000000000000000000C
:1064900000000000000000000000000000000000FC
:1064A00000000000000000000000000000000000EC
:1064B00000000000000000000000000000000000DC
:1064C00000000000000000000000000000000000CC
:1064D00000000000000000000000000000000000BC
:1064E00000000000000000000000000000000000AC
:1064F000000000000000000000000000000000009C
:10650000000000000000000000000000000000008B
:10651000000000000000000000000000000000007B
:10652000000000000000000000000000000000006B
:10653000000000000000000000000000000000005B
:10654000000000000000000000000000000000004B
:10655000000000000000000000000000000000003B
:10656000000000000000000000000000000000002B
:10657000000000000000000000000000000000001B
:10658000000000000000000000000000000000000B
:1065900000000000000000000000000000000000FB
:1065A00000000000000000000000000000000000EB
:1065B00000000000000000000000000000000000DB
:1065C00000000000000000000000000000000000CB
:1065D00000000000000000000000000000000000BB
:1065E00000000000000000000000000000000000AB
:1065F000000000000000000000000000000000009B
:10660000000000000000000000000000000000008A
:10661000000000000000000000000000000000007A
:10662000000000000000000000000000000000006A
:10663000000000000000000000000000000000005A
:10664000000000000000000000000000000000004A
:10665000000000000000000000000000000000003A
:10666000000000000000000000000000000000002A
:10667000000000000000000000000000000000001A
:10668000000000000000000000000000000000000A
:1066900000000000000000000000000000000000FA
:1066A00000000000000000000000000000000000EA
:1066B00000000000000000000000000000000000DA
:1066C00000000000000000000000000000000000CA
:1066D00000000000000000000000000000000000BA
:1066E00000000000000000000000000000000000AA
:1066F000000000000000000000000000000000009A
:106700000000000000000000000000000000000089
:106710000000000000000000000000000000000079
:106720000000000000000000000000000000000069
:106730000000000000000000000000000000000059
:106740000000000000000000000000000000000049
:106750000000000000000000000000000000000039
:106760000000000000000000000000000000000029
:106770000000000000000000000000000000000019
:106780000000000000000000000000000000000009
:1067900000000000000000000000000000000000F9
:1067A00000000000000000000000000000000000E9
:1067B00000000000000000000000000000000000D9
:1067C00000000000000000000000000000000000C9
:1067D00000000000000000000000000000000000B9
:1067E00000000000000000000000000000000000A9
:1067F0000000000000000000000000000000000099
:106800000000000000000000000000000000000088
:106810000000000000000000000000000000000078
:106820000000000000000000000000000000000068
:106830000000000000000000000000000000000058
:106840000000000000000000000000000000000048
:106850000000000000000000000000000000000038
:106860000000000000000000000000000000000028
:106870000000000000000000000000000000000018
:106880000000000000000000000000000000000008
:1068900000000000000000000000000000000000F8
:1068A00000000000000000000000000000000000E8
:1068B00000000000000000000000000000000000D8
:1068C00000000000000000000000000000000000C8
:1068D00000000000000000000000000000000000B8
:1068E00000000000000000000000000000000000A8
:1068F0000000000000000000000000000000000098
:106900000000000000000000000000000000000087
:106910000000000000000000000000000000000077
:106920000000000000000000000000000503130745
:106930001D0000000000000000000000000000003A
:106940000000000000000000000000000000000047
:106950000000000000000000000000000000000037
:106960000000000000000000000000000000000027
:106970000000000000000000000000000000000017
:106980000000000000000000000000000000000007
:1069900000000000000000000000000000000000F7
:1069A00000000000000000000000000000000000E7
:1069B00000000000000000000000000000000000D7
:1069C00000000000000000000000000000000000C7
:1069D00000000000000000000000000000000000B7
:1069E00000000000000000000000000000000000A7
:1069F0000000000000000000000000000000000097
:106A00000000000000000000000000000000000086
:106A10000000000000000000000000000000000076
:106A20000000000000000000000000000000000066
:106A30000000000000000000000000000000000056
:106A40000000000000000000000000000000000046
:106A50000000000000000000000000000000000036
:106A60000000000000000000000000000000000026
:106A70000000000000000000000000000000000016
:106A80000000000000000000000000000000000006
:106A900000000000000000000000000000000000F6
:106AA00000000000000000000000000000000000E6
:106AB00000000000000000000000000000000000D6
:106AC00000000000000000000000000000000000C6
:106AD00000000000000000000000000000000000B6
:106AE00000000000000000000000000000000000A6
:106AF0000000000000000000000000000000000096
:106B00000000000000000000000000000000000085
:106B10000000000000000000000000000000000075
:106B20000000000000000000000000000000000065
:106B30000000000000000000000000000000000055
:106B40000000000000000000000000000000000045
:106B50000000000000000000000000000000000035
:106B60000000000000000000000000000000000025
:106B70000000000000000000000000000000000015
:106B80000000000000000000000000000000000005
:106B900000000000000000000000000000000000F5
:106BA00000000000000000000000000000000000E5
:106BB00000000000000000000000000000000000D5
:106BC00000000000000000000000000000000000C5
:106BD00000000000000000000000000000000000B5
:106BE00000000000000000000000000000000000A5
:106BF0000000000000000000000000000000000095
:106C00000000000000000000000000000000000084
:106C10000000000000000000000000000000000074
:106C20000000000000000000000000000000000064
:106C30000000000000000000000000000000000054
:106C40000000000000000000000000000000000044
:106C50000000000000000000000000000000000034
:106C60000000000000000000000000000000000024
:106C70000000000000000000000000000000000014
:106C80000000000000000000000000000000000004
:106C900000000000000000000000000000000000F4
:106CA00000000000000000000000000000000000E4
:106CB00000000000000000000000000000000000D4
:106CC00000000000000000000000000000000000C4
:106CD00000000000000000000000000000000000B4
:106CE00000000000000000000000000000000000A4
:106CF0000000000000000000000000000000000094
:106D00000000000000000000000000000000000083
:106D10000000000000000000000000000000000073
:106D20000000000000000000000000000000000063
:106D30000000000000000000000000000000000053
:106D40000000000000000000000000000000000043
:106D50000000000000000000000000000000000033
:106D60000000000000000000000000000000000023
:106D70000000000000000000000000000000000013
:106D80000000000000000000000000000000000003
:106D900000000000000000000000000000000000F3
:106DA00000000000000000000000000000000000E3
:106DB00000000000000000000000000000000000D3
:106DC00000000000000000000000000000000000C3
:106DD00000000000000000000000000000000000B3
:106DE00000000000000000000000000000000000A3
:106DF0000000000000000000000000000000000093
:106E00000000000000000000000000000000000082
:106E10000000000000000000000000000000000072
:106E20000000000000000000000000000000000062
:106E30000000000000000000000000000000000052
:106E40000000000000000000000000000000000042
:106E50000000000000000000000000000000000032
:106E60000000000000000000000000000000000022
:106E70000000000000000000000000000000000012
:106E80000000000000000000000000000000000002
:106E900000000000000000000000000000000000F2
:106EA00000000000000000000000000000000000E2
:106EB00000000000000000000000000000000000D2
:106EC00000000000000000000000000000000000C2
:106ED00000000000000000000000000000000000B2
:106EE00000000000000000000000000000000000A2
:106EF0000000000000000000000000000000000092
:106F00000000000000000000000000000000000081
:106F10000000000000000000000000000000000071
:106F20000000000000000000000000000000000061
:106F30000000000000000000000000000000000051
:106F40000000000000000000000000000000000041
:106F50000000000000000000000000000000000031
:106F60000000000000000000000000000000000021
:106F70000000000000000000000000000000000011
:106F80000000000000000000000000000000000001
:106F900000000000000000000000000000000000F1
:106FA00000000000000000000000000000000000E1
:106FB00000000000000000000000000000000000D1
:106FC00000000000000000000000000000000000C1
:106FD00000000000000000000000000000000000B1
:106FE00000000000000000000000000000000000A1
:106FF0000000000000000000000000000000000091
:107000000000000000000000000000000000000080
:107010000000000000000000000000000000000070
:107020000000000000000000000000000000000060
:107030000000000000000000000000000000000050
:107040000000000000000000000000000000000040
:107050000000000000000000000000000000000030
:107060000000000000000000000000000000000020
:107070000000000000000000000000000000000010
:107080000000000000000000000000000000000000
:1070900000000000000000000000000000000000F0
:1070A00000000000000000000000000000000000E0
:1070B00000000000000000000000000000000000D0
:1070C00000000000000000000000000000000000C0
:1070D00000000000000000000000000000000000B0
:1070E00000000000000000000000000000000000A0
:1070F0000000000000000000000000000000000090
:10710000000000000000000000000000000000007F
:10711000000000000000000000000000000000006F
:10712000000000000000000000000000000000005F
:10713000000000000000000000000000000000004F
:10714000000000000000000000000000000000003F
:10715000000000000000000000000000000000002F
:10716000000000000000000000000000000000001F
:10717000000000000000000000000000000000000F
:1071800000000000000000000000000000000000FF
:1071900000000000000000000000000000000000EF
:1071A00000000000000000000000000000000000DF
:1071B00000000000000000000000000000000000CF
:1071C00000000000000000000000000000000000BF
:1071D00000000000000000000000000000000000AF
:1071E000000000000000000000000000000000009F
:1071F000000000000000000000000000000000008F
:10720000000000000000000000000000000000007E
:10721000000000000000000000000000000000006E
:10722000000000000000000000000000000000005E
:10723000000000000000000000000000000000004E
:10724000000000000000000000000000000000003E
:10725000000000000000000000000000000000002E
:10726000000000000000000000000000000000001E
:10727000000000000000000000000000000000000E
:1072800000000000000000000000000000000000FE
:1072900000000000000000000000000000000000EE
:1072A00000000000000000000000000000000000DE
:1072B00000000000000000000000000000000000CE
:1072C00000000000000000000000000000000000BE
:1072D00000000000000000000000000000000000AE
:1072E000000000000000000000000000000000009E
:1072F000000000000000000000000000000000008E
:10730000000000000000000000000000000000007D
:10731000000000000000000000000000000000006D
:10732000000000000000000000000000000000005D
:10733000000000000000000000000000000000004D
:10734000000000000000000000000000000000003D
:10735000000000000000000000000000000000002D
:10736000000000000000000000000000000000001D
:10737000000000000000000000000000000000000D
:1073800000000000000000000000000000000000FD
:1073900000000000000000000000000000000000ED
:1073A00000000000000000000000000000000000DD
:1073B00000000000050414071E000000000000008B
:1073C00000000000000000000000000000000000BD
:1073D00000000000000000000000000000000000AD
:1073E000000000000000000000000000000000009D
:1073F000000000000000000000000000000000008D
:10740000000000000000000000000000000000007C
:10741000000000000000000000000000000000006C
:10742000000000000000000000000000000000005C
:10743000000000000000000000000000000000004C
:10744000000000000000000000000000000000003C
:10745000000000000000000000000000000000002C
:10746000000000000000000000000000000000001C
:10747000000000000000000000000000000000000C
:1074800000000000000000000000000000000000FC
:1074900000000000000000000000000000000000EC
:1074A00000000000000000000000000000000000DC
:1074B00000000000000000000000000000000000CC
:1074C00000000000000000000000000000000000BC
:1074D00000000000000000000000000000000000AC
:1074E000000000000000000000000000000000009C
:1074F000000000000000000000000000000000008C
:10750000000000000000000000000000000000007B
:10751000000000000000000000000000000000006B
:10752000000000000000000000000000000000005B
:10753000000000000000000000000000000000004B
:10754000000000000000000000000000000000003B
:10755000000000000000000000000000000000002B
:10756000000000000000000000000000000000001B
:10757000000000000000000000000000000000000B
:1075800000000000000000000000000000000000FB
:1075900000000000000000000000000000000000EB
:1075A00000000000000000000000000000000000DB
:1075B00000000000000000000000000000000000CB
:1075C00000000000000000000000000000000000BB
:1075D00000000000000000000000000000000000AB
:1075E000000000000000000000000000000000009B
:1075F000000000000000000000000000000000008B
:10760000000000000000000000000000000000007A
:10761000000000000000000000000000000000006A
:10762000000000000000000000000000000000005A
:10763000000000000000000000000000000000004A
:10764000000000000000000000000000000000003A
:10765000000000000000000000000000000000002A
:10766000000000000000000000000000000000001A
:10767000000000000000000000000000000000000A
:1076800000000000000000000000000000000000FA
:1076900000000000000000000000000000000000EA
:1076A00000000000000000000000000000000000DA
:1076B00000000000000000000000000000000000CA
:1076C00000000000000000000000000000000000BA
:1076D00000000000000000000000000000000000AA
:1076E000000000000000000000000000000000009A
:1076F000000000000000000000000000000000008A
:107700000000000000000000000000000000000079
:107710000000000000000000000000000000000069
:107720000000000000000000000000000000000059
:107730000000000000000000000000000000000049
:107740000000000000000000000000000000000039
:107750000000000000000000000000000000000029
:107760000000000000000000000000000000000019
:107770000000000000000000000000000000000009
:1077800000000000000000000000000000000000F9
:1077900000000000000000000000000000000000E9
:1077A00000000000000000000000000000000000D9
:1077B00000000000000000000000000000000000C9
:1077C00000000000000000000000000000000000B9
:1077D00000000000000000000000000000000000A9
:1077E0000000000000000000000000000000000099
:1077F0000000000000000000000000000000000089
:107800000000000000000000000000000000000078
:107810000000000000000000000000000000000068
:107820000000000000000000000000000000000058
:107830000000000000000000000000000000000048
:107840000000000000000000000000000000000038
:107850000000000000000000000000000000000028
:107860000000000000000000000000000000000018
:107870000000000000000000000000000000000008
:1078800000000000000000000000000000000000F8
:1078900000000000000000000000000000000000E8
:1078A00000000000000000000000000000000000D8
:1078B00000000000000000000000000000000000C8
:1078C00000000000000000000000000000000000B8
:1078D00000000000000000000000000000000000A8
:1078E0000000000000000000000000000000000098
:1078F0000000000000000000000000000000000088
:107900000000000000000000000000000000000077
:107910000000000000000000000000000000000067
:107920000000000000000000000000000000000057
:107930000000000000000000000000000000000047
:107940000000000000000000000000000000000037
:107950000000000000000000000000000000000027
:107960000000000000000000000000000000000017
:107970000000000000000000000000000000000007
:1079800000000000000000000000000000000000F7
:1079900000000000000000000000000000000000E7
:1079A00000000000000000000000000000000000D7
:1079B00000000000000000000000000000000000C7
:1079C00000000000000000000000000000000000B7
:1079D00000000000000000000000000000000000A7
:1079E0000000000000000000000000000000000097
:1079F0000000000000000000000000000000000087
:107A00000000000000000000000000000000000076
:107A10000000000000000000000000000000000066
:107A20000000000000000000000000000000000056
:107A30000000000000000000000000000000000046
:107A40000000000000000000000000000000000036
:107A50000000000000000000000000000000000026
:107A60000000000000000000000000000000000016
:107A70000000000000000000000000000000000006
:107A800000000000000000000000000000000000F6
:107A900000000000000000000000000000000000E6
:107AA00000000000000000000000000000000000D6
:107AB00000000000000000000000000000000000C6
:107AC00000000000000000000000000000000000B6
:107AD00000000000000000000000000000000000A6
:107AE0000000000000000000000000000000000096
:107AF0000000000000000000000000000000000086
:107B00000000000000000000000000000000000075
:107B10000000000000000000000000000000000065
:107B20000000000000000000000000000000000055
:107B30000000000000000000000000000000000045
:107B40000000000000000000000000000000000035
:107B50000000000000000000000000000000000025
:107B60000000000000000000000000000000000015
:107B70000000000000000000000000000000000005
:107B800000000000000000000000000000000000F5
:107B900000000000000000000000000000000000E5
:107BA00000000000000000000000000000000000D5
:107BB00000000000000000000000000000000000C5
:107BC00000000000000000000000000000000000B5
:107BD00000000000000000000000000000000000A5
:107BE0000000000000000000000000000000000095
:107BF0000000000000000000000000000000000085
:107C00000000000000000000000000000000000074
:107C10000000000000000000000000000000000064
:107C20000000000000000000000000000000000054
:107C30000000000000000000000000000000000044
:107C40000000000000000000000000000000000034
:107C50000000000000000000000000000000000024
:107C60000000000000000000000000000000000014
:107C70000000000000000000000000000000000004
:107C800000000000000000000000000000000000F4
:107C900000000000000000000000000000000000E4
:107CA00000000000000000000000000000000000D4
:107CB00000000000000000000000000000000000C4
:107CC00000000000000000000000000000000000B4
:107CD00000000000000000000000000000000000A4
:107CE0000000000000000000000000000000000094
:107CF0000000000000000000000000000000000084
:107D00000000000000000000000000000000000073
:107D10000000000000000000000000000000000063
:107D20000000000000000000000000000000000053
:107D30000000000000000000000000000000000043
:107D40000000000000000000000000000000000033
:107D50000000000000000000000000000000000023
:107D60000000000000000000000000000000000013
:107D70000000000000000000000000000000000003
:107D800000000000000000000000000000000000F3
:107D900000000000000000000000000000000000E3
:107DA00000000000000000000000000000000000D3
:107DB00000000000000000000000000000000000C3
:107DC00000000000000000000000000000000000B3
:107DD00000000000000000000000000000000000A3
:107DE0000000000000000000000000000000000093
:107DF0000000000000000000000000000000000083
:107E00000000000000000000000000000000000072
:107E10000000000000000000000000000000000062
:107E20000000000000000000000000000000000052
:107E3000000000000000000000000000B074020814
:107E4000B8740208BC740208C0740208C87402083E
:107E5000D47402083333733F0024F4004CA20408A6
:107E6000DC740208E4740208F0740208FC7402086E
:107E7000047502081000000001FF0000CDFC01089D
:107E8000C433012010000C000000000000000000BE
:107E9000030000000C360120000000000C36012019
:107EA00074360120DC3601200000000000000000D4
:107EB00000000000000000000000000000000000C2
:107EC00000000000000000000000000000000000B2
:107ED00000000000000000000000000000000000A2
:107EE00000000000FCD20020430000000000000061
:107EF0000000000000000000000000000000000082
:107F0000000000000000000043000000000000002E
:107F10000000000000000000000000000000000061
:107F2000000000000000000043000000000000000E
:107F30000000000000000000000000000000000041
:107F400000000000000000004300000000000000EE
:107F50000000000000000000000000000000000021
:107F600000000000000000004300000000000000CE
:107F70000000000000000000000000000000000001
:107F800000000000000000004300000000000000AE
:107F900000000000000000000000000000000000E1
:107FA000000000000000000043000000000000008E
:107FB00000000000000000000000000000000000C1
:107FC00000000000000000003D4C0208194C0208AF
:107FD00000000000F1A3040825A7040862A7040814
:107FE00062A7040862A7040862A7040862A704083D
:107FF00062A7040862A7040862A7040862A704082D
:10800000FFFFFFFFFFFFFFFFFFFFFFFFFFFF00007E
:1080100001004153434949000000000000000000F6
:108020000000000000000000000000000000000050
:1080300000004153434949000000000000000000D7
:108040000000000000000000000000000000000030
:04805000000000002C
:040000050801534952
:00000001FF
