:020000040800F2
:100000000000022049470008294100082F4100084C
:10001000354100083B410008414100080000000054
:100020000000000000000000000000004741000840
:1000300055410008000000006341000871410008BC
:100040009947000899470008994700089947000810
:100050009947000899470008994700089947000800
:1000600099470008994700089947000899470008F0
:1000700099470008994700089947000899470008E0
:1000800099470008994700089947000899470008D0
:1000900099470008994700089947000899470008C0
:1000A00099470008994700089947000899470008B0
:1000B0009947000899470008994700087D410008C2
:1000C0009947000891410008A54100089947000898
:1000D0009947000899470008994700089947000880
:1000E0009947000899470008994700089947000870
:1000F000B941000899470008994700089947000846
:10010000994700089947000899470008994700084F
:10011000994700089947000899470008994700083F
:10012000994700089947000899470008994700082F
:1001300099470008000000000000000099470008EF
:10014000994700089947000899470008994700080F
:1001500099470008994700089947000899470008FF
:1001600099470008994700089947000899470008EF
:1001700099470008CD410008994700080000000099
:100180000000000099470008000000000000000087
:10019000994700080000000000000000994700088F
:1001A0000000000000000000000000009947000867
:1001B000994700089947000899470008994700089F
:0401C0009947000853
:1001D00010B5054C237833B9044B13B10448AFF381
:1001E00000800123237010BD900300200000000058
:1001F000CC39010808B5034B1BB103490348AFF3E1
:10020000008008BD0000000094030020CC390108E4
:1002100001F0FF01102A2BDB10F0070F08D010F8B7
:10022000013B013A8B422DD010F0070F42B3F6D1BB
:10023000F0B441EA012141EA014122F007047FF0D4
:1002400000070023F0E80256083C85EA010586EA2B
:10025000010685FA47F5A3FA87F586FA47F6A5FA67
:1002600087F68EB9EED1F0BC01F0FF0102F0070273
:1002700032B110F8013B013A83EA010313B1F8D11E
:100280000020704701387047002D06BF35460338FF
:10029000073815F0010F07D1013015F4807F02BF38
:1002A000013015F4C03F0130F0BC0138704700BF89
:1002B000034613F8012B002AFBD1181A01387047A6
:1002C00081F0004102E000BF83F0004330B54FEA07
:1002D00041044FEA430594EA050F08BF90EA020F74
:1002E0001FBF54EA000C55EA020C7FEA645C7FEA07
:1002F000655C00F0E2804FEA5454D4EB5555B8BF2A
:100300006D420CDD2C4480EA020281EA030382EA9A
:10031000000083EA010180EA020281EA0303362D2C
:1003200088BF30BD11F0004F4FEA01314FF4801CFF
:100330004CEA113102D0404261EB410113F0004F11
:100340004FEA03334CEA133302D0524263EB4303C8
:1003500094EA050F00F0A780A4F10104D5F1200E66
:100360000DDB02FA0EFC22FA05F2801841F10001C1
:1003700003FA0EF2801843FA05F359410EE0A5F195
:1003800020050EF1200E012A03FA0EFC28BF4CF0C6
:10039000020C43FA05F3C01851EBE37101F000457C
:1003A00007D54FF0000EDCF1000C7EEB00006EEB89
:1003B0000101B1F5801F1BD3B1F5001F0CD3490813
:1003C0005FEA30004FEA3C0C04F101044FEA44526A
:1003D00012F5800F80F09A80BCF1004F08BF5FEAF1
:1003E000500C50F1000041EB045141EA050130BDD1
:1003F0005FEA4C0C404141EB0101013C28BFB1F5E3
:10040000801FE9D291F0000F04BF01460020B1FA2D
:1004100081F308BF2033A3F10B03B3F120020CDA00
:100420000C3208DD02F1140CC2F10C0201FA0CF0DE
:1004300021FA02F10CE002F11402D8BFC2F1200C43
:1004400001FA02F120FA0CFCDCBF41EA0C019040F9
:10045000E41AA2BF01EB0451294330BD6FEA040442
:100460001F3C1CDA0C340EDC04F11404C4F120022D
:1004700020FA04F001FA02F340EA030021FA04F33F
:1004800045EA030130BDC4F10C04C4F1200220FA96
:1004900002F001FA04F340EA0300294630BD21FAD4
:1004A00004F0294630BD94F0000F83F4801306BF9A
:1004B00081F480110134013D4EE77FEA645C18BF8E
:1004C0007FEA655C29D094EA050F08BF90EA020F25
:1004D00005D054EA000C04BF1946104630BD91EA1D
:1004E000030F1EBF0021002030BD5FEA545C05D120
:1004F0004000494128BF41F0004130BD14F580045F
:100500003CBF01F5801130BD01F0004545F0FE41D2
:1005100041F470014FF0000030BD7FEA645C1ABF07
:10052000194610467FEA655C1CBF0B46024650EA3E
:10053000013406BF52EA033591EA030F41F400216A
:1005400030BD00BF90F0000F04BF0021704730B5F0
:100550004FF4806404F132044FF000054FF00001C5
:1005600050E700BF90F0000F04BF0021704730B586
:100570004FF4806404F1320410F0004548BF40425B
:100580004FF000013EE700BF42004FEAE2014FEAB0
:1005900031014FEA02701FBF12F07F4393F07F4F8B
:1005A00081F06051704732F07F4208BF704793F08E
:1005B0007F4F04BF41F40021704730B54FF46074A1
:1005C00001F0004521F000411CE700BF50EA0102A4
:1005D00008BF704730B54FF000050AE050EA01024D
:1005E00008BF704730B511F0004502D5404261EBBD
:1005F00041014FF4806404F132045FEA915C3FF4FE
:10060000D8AE4FF003025FEADC0C18BF03325FEA9A
:10061000DC0C18BF033202EBDC02C2F1200300FA4B
:1006200003FC20FA02F001FA03FE40EA0E0021FA70
:1006300002F11444BDE600BF70B54FF0FF0C4CF45E
:10064000E06C1CEA11541DBF1CEA135594EA0C0F10
:1006500095EA0C0F00F0DEF82C4481EA030621EA4B
:100660004C5123EA4C5350EA013518BF52EA033586
:1006700041F4801143F4801338D0A0FB02CE4FF038
:100680000005E1FB02E506F00042E0FB03E54FF068
:100690000006E1FB03569CF0000F18BF4EF0010E60
:1006A000A4F1FF04B6F5007F64F5407404D25FEA5C
:1006B0004E0E6D4146EB060642EAC62141EA55510F
:1006C0004FEAC52040EA5E504FEACE2EB4F1FD0C51
:1006D00088BFBCF5E06F1ED8BEF1004F08BF5FEACF
:1006E000500E50F1000041EB045170BD06F0004681
:1006F00046EA010140EA020081EA0301B4EB5C042E
:10070000C2BFD4EB0C0541EA045170BD41F4801125
:100710004FF0000E013C00F3AB8014F1360FDEBF4A
:10072000002001F0004170BDC4F10004203C35DA26
:100730000C341BDC04F11404C4F1200500FA05F3A9
:1007400020FA04F001FA05F240EA020001F000424A
:1007500021F0004110EBD37021FA04F642EB0601C0
:100760005EEA430E08BF20EAD37070BDC4F10C04EA
:10077000C4F1200500FA04F320FA05F001FA04F2AE
:1007800040EA020001F0004110EBD37041F100019A
:100790005EEA430E08BF20EAD37070BDC4F12005A5
:1007A00000FA05F24EEA020E20FA04F301FA05F20D
:1007B00043EA020321FA04F001F0004121FA04F2B5
:1007C00020EA020000EBD3705EEA430E08BF20EA85
:1007D000D37070BD94F0000F0FD101F000464000BF
:1007E00041EB010111F4801F08BF013CF7D041EA41
:1007F000060195F0000F18BF704703F00046520045
:1008000043EB030313F4801F08BF013DF7D043EA15
:100810000603704794EA0C0F0CEA135518BF95EACB
:100820000C0F0CD050EA410618BF52EA4306D1D152
:1008300081EA030101F000414FF0000070BD50EA71
:10084000410606BF1046194652EA430619D094EAFB
:100850000C0F02D150EA013613D195EA0C0F05D1E5
:1008600052EA03361CBF104619460AD181EA030139
:1008700001F0004141F0FE4141F470014FF00000F1
:1008800070BD41F0FE4141F4780170BD70B54FF08C
:10089000FF0C4CF4E06C1CEA11541DBF1CEA13550C
:1008A00094EA0C0F95EA0C0F00F0A7F8A4EB0504EE
:1008B00081EA030E52EA03354FEA013100F08880E5
:1008C0004FEA03334FF0805545EA131343EA1263AE
:1008D0004FEA022245EA111545EA10654FEA002663
:1008E0000EF000419D4208BF964244F1FD0404F51C
:1008F000407402D25B084FEA3202B61A65EB030578
:100900005B084FEA32024FF480104FF4002CB6EB34
:10091000020E75EB030E22BFB61A754640EA0C00B4
:100920005B084FEA3202B6EB020E75EB030E22BFF4
:10093000B61A754640EA5C005B084FEA3202B6EB35
:10094000020E75EB030E22BFB61A754640EA9C00F4
:100950005B084FEA3202B6EB020E75EB030E22BFC4
:10096000B61A754640EADC0055EA060E18D04FEA82
:10097000051545EA16754FEA06164FEAC30343EA22
:1009800052734FEAC2025FEA1C1CC0D111F4801FEF
:100990000BD141EA00014FF000004FF0004CB6E7E8
:1009A00011F4801F04BF01430020B4F1FD0C88BF87
:1009B000BCF5E06F3FF6AFAEB5EB030C04BFB6EB92
:1009C000020C5FEA500C50F1000041EB045170BD85
:1009D0000EF0004E4EEA113114EB5C04C2BFD4EBB2
:1009E0000C0541EA045170BD41F480114FF0000E36
:1009F000013C90E645EA060E8DE60CEA135594EAB2
:100A00000C0F08BF95EA0C0F3FF43BAF94EA0C0FB4
:100A10000AD150EA01347FF434AF95EA0C0F7FF429
:100A200025AF104619462CE795EA0C0F06D152EA7D
:100A300003353FF4FDAE1046194622E750EA410661
:100A400018BF52EA43067FF4C5AE50EA41047FF472
:100A50000DAF52EA43057FF4EBAE12E74FF0FF3CD7
:100A600006E000BF4FF0010C02E000BF4FF0010CA8
:100A70004DF804CD4FEA410C7FEA6C5C4FEA430C21
:100A800018BF7FEA6C5C1BD001B050EA410C0CBF70
:100A900052EA430C91EA030F02BF90EA020F0020D2
:100AA000704710F1000F91EA030F58BF994208BF39
:100AB00090422CBFD8176FEAE37040F001007047F6
:100AC0004FEA410C7FEA6C5C02D150EA013C07D14D
:100AD0004FEA430C7FEA6C5CD6D152EA033CD3D098
:100AE0005DF8040B704700BF8446104662468C4692
:100AF0001946634600E000BF01B5FFF7B7FF0028C5
:100B000048BF10F1000F01BD4DF808EDFFF7F4FFED
:100B10000CBF012000205DF808FB00BF4DF808ED78
:100B2000FFF7EAFF34BF012000205DF808FB00BF9B
:100B30004DF808EDFFF7E0FF94BF012000205DF8BD
:100B400008FB00BF4DF808EDFFF7CEFF94BF012072
:100B500000205DF808FB00BF4DF808EDFFF7C4FF6B
:100B600034BF012000205DF808FB00BF4FEA410CB4
:100B70007FEA6C5C02D150EA013C0AD14FEA430C97
:100B80007FEA6C5C02D152EA033C02D14FF00000D4
:100B900070474FF0010070474FEA410212F5001212
:100BA00015D211D56FF47873B3EB625212D94FEAB4
:100BB000C12343F0004343EA505311F0004F23FA9E
:100BC00002F018BF404270474FF00000704750EAF3
:100BD000013005D111F0004008BF6FF000407047B0
:100BE0004FF00000704700BF53B94AB9002908BF51
:100BF00000281CBF4FF0FF314FF0FF3000F070B9FC
:100C0000ADF1080C6DE904CE00F006F8DDF804E063
:100C1000DDE9022304B070472DE9F047089E0D4638
:100C200004460F46002B4AD18A42944665D9B2FA4F
:100C300082F343B102FA03FCC3F120029F4020FA81
:100C400002F217439C404FEA1C4E1FFA8CF5B7FB8B
:100C5000FEF1220C0EFB117742EA074201FB05F080
:100C600090420AD91CEB020201F1FF3780F01C818F
:100C7000904240F2198102396244121AA4B2B2FBC6
:100C8000FEF00EFB102244EA024400FB05F5A542EB
:100C90000AD91CEB040400F1FF3280F00781A54261
:100CA00040F204816444023840EA0140641B0021A0
:100CB0001EB1DC400023C6E90043BDE8F0878B424B
:100CC00008D9002E00F0ED800021C6E90005084695
:100CD000BDE8F087B3FA83F1002949D1AB4202D3D2
:100CE000824200F2F880841A65EB03020120174665
:100CF000002EE2D0C6E90047DFE702B9FFDEB2FA14
:100D000082F3002B40F090808A1A4FEA1C471FFAAA
:100D10008CFE0121B2FBF7F507FB1520220C42EAFD
:100D200000420EFB05F0904208D91CEB020205F1CF
:100D3000FF3802D2904200F2CB804546121AA4B28C
:100D4000B2FBF7F007FB102244EA02440EFB00FE60
:100D5000A64508D91CEB040400F1FF3202D2A645D7
:100D600000F2BB801046A4EB0E0440EA05409FE76A
:100D7000C1F120078B4022FA07FC4CEA030C05FA6C
:100D800001F420FA07F3FD404FEA1C492343B5FB69
:100D9000F9F81FFA8CFE09FB18551C0C44EA0544AF
:100DA00008FB0EF5A54202FA01F200FA01F00BD998
:100DB0001CEB040408F1FF3A80F08880A54240F261
:100DC0008580A8F102086444641B9DB2B4FBF9F36A
:100DD00009FB134445EA044403FB0EFEA64508D96B
:100DE0001CEB040403F1FF356CD2A6456AD9023B23
:100DF000644443EA0843A3FB0295A4EB0E04AC420F
:100E0000C846AE4656D353D056B1B0EB080264EB99
:100E10000E0404FA07F7CA40CC401743C6E9007431
:100E200018460021BDE8F087C3F1200102FA03FC57
:100E300020FA01F225FA01F19D402A434FEA1C47AE
:100E40001FFA8CFEB1FBF7F007FB1015110C41EAFD
:100E5000054100FB0EF58D4204FA03F408D91CEBA2
:100E6000010100F1FF382FD28D422DD902386144A3
:100E7000491B92B2B1FBF7F507FB151142EA01429B
:100E800005FB0EF1914208D91CEB020205F1FF3877
:100E900016D2914214D9023D6244521A45EA0041E9
:100EA00038E73146304608E73946E6E61046FBE6C5
:100EB0004845A9D2B9EB020865EB0C0E013BA3E74C
:100EC0004546EAE72B4694E74046D1E7D0467BE724
:100ED000023D624432E708460AE76444023842E7CA
:100EE000704700BF80B48FB000AFF860B9607A601F
:100EF0003B6000233B6100233B753B687B637A6B5F
:100F00003B6C13447B62BB683B623A6A7B68134468
:100F1000FB61BB683B633B6B0133FB620023FB76E9
:100F2000012387F82B30BB68002B02D03B68002BD5
:100F30000AD101233B75FB681A4607F1100393E8B9
:100F4000030082E8030066E03B6C002B40D0FA6AA5
:100F5000FB699A4205D33B7D43F00203DBB23B754C
:100F600036E07B6B5A1C7A631B78FB76FB7E002B8A
:100F70000FD13B6B97F82B201A70FB6A5A1CFA6250
:100F80003B63012387F82B307A6B7B6A9A42DED36E
:100F90001EE0FB6A5A1CFA62FA7E1A7097F82B3030
:100FA000013387F82B307A6B7B6A9A420FD297F81D
:100FB0002B30FF2BCBD13B6B97F82B201A70FB6AA1
:100FC0005A1CFA623B63012387F82B30BFE700BF4E
:100FD0003A6BFB699A4207D33B7D43F00203DBB2D5
:100FE0003B75FB69FB620AE03B6B97F82B201A709C
:100FF000FB6A5A1CFA623B633B6B00221A70FA6A66
:101000003B6AD31A3B61FB681A4607F1100393E869
:10101000030082E80300F8683C37BD465DF8047BB6
:10102000704780B48FB000AF78607B681A897B68A6
:101030001B681B8A9A4201D3002356E17B681B6818
:101040001A687B685B899B0013441B68FB62FB6A20
:101050001B0ADAB27B689A75FB6A03F00303022B62
:101060005AD0022B00F29480002B02D0012B1FD00B
:101070008EE07B6801229A82FB6A9B089BB203F098
:101080003F039AB27B681A82FB6A1B0E5BB203F0C5
:101090000F0387F83330FB6A1B0CDBB27B63FB6A00
:1010A0001B0F9BB203F00F039AB27B685A82B4E025
:1010B0007B681B681A687B685B8901339B0013445B
:1010C0001B68FB61FB6A1B0C9BB2C3F30B039AB258
:1010D0007B689A82FB6A9B089BB203F03F039AB23B
:1010E000FB691B0F9BB29B019BB213439AB27B68B7
:1010F0001A82FB6A1B0F5BB203F00F0387F83330D1
:10110000FB699BB27B63FB691B0C9BB2C3F30B03B4
:101110009AB27B685A8280E07B681B681A687B6899
:101120005B8901339B0013441B68BB627B681B68AF
:101130001A687B685B8902339B0013441B687B62DF
:101140007B681B681A687B685B8903339B001344C8
:101150001B683B62FB6A1B0C9AB27B689A82FB6A33
:101160009B089BB203F03F039AB2BB6A1B0A9BB277
:101170009B019BB213439AB27B681A82BB6A87F8C1
:1011800033307B6A7B633B6A9AB27B685A8244E065
:101190007B681B681A687B685B8901339B0013447A
:1011A0001B68BB617B681B681A687B685B890233BC
:1011B0009B0013441B687B617B681B681A687B6813
:1011C0005B8903339B0013441B683B617B681B688E
:1011D0001A687B685B8904339B0013441B68FB60BF
:1011E000FB689AB27B689A82FB6A9B089BB203F009
:1011F0003F039AB2BB691B0A9BB29B019BB213438C
:101200009AB27B681A82BB6987F833307B697B634B
:101210003B699AB27B685A8200BF7B685B68002B8F
:1012200006D17B6800229A617B6800221A6241E045
:101230007B685A687B6B1A447B689A6197F93330F4
:10124000002B08D07B689A6997F933305B421A44C7
:101250007B681A621AE07B689B7D03F03003202BC9
:1012600011D17B689B7D03F0C003002B05D07B6808
:101270009B7D03F0C003802B05D17B6803F1140232
:101280007B681A6202E07B6800221A627B689B7DA1
:1012900003F0C003802B09D17B689B69002B05D02C
:1012A0007B689B691A687B68DA6103E07B689A69EE
:1012B0007B68DA617B689B7D03F00F03082B05D008
:1012C0007B689B7D03F00F03092B0AD17B681B68A9
:1012D0005A687B68DB899B0013441A687B685A62F2
:1012E00002E07B6800225A62012318463C37BD4663
:1012F0005DF8047B704780B485B000AF78607B6890
:101300001B8901339AB27B681A817B681A897B68D2
:101310001B681B8A9A420CD37B6800221A817B6867
:1013200000225A817B680022DA817B6800229A8140
:101330003CE07B681B681A687B685B899B001344F0
:101340001B68FB60FB681B0AFB72FB6803F003036E
:10135000012202FA03F33B817B685A893B891344DB
:101360009AB27B685A817B689A89FB7A03F03003D2
:10137000002B0CBF01230023DBB29BB213449AB2B3
:101380007B689A817B68DA89FB7A03F00F03082B6C
:1013900004D0FB7A03F00F03092B01D1012300E0F5
:1013A00000239BB213449AB27B68DA8100BF1437E2
:1013B000BD465DF8047B704780B584B000AFF8602F
:1013C000B9607A6028220021F86810F041FCFB68BF
:1013D000BA681A60FB687A685A60F868FFF721FEFD
:1013E000034618461037BD4680BD80B586B000AFB5
:1013F000786039603B681B689B683B613B691B6890
:101400001B68FB60FB681B0A03F0C003802B09D13B
:101410003B6804331A4639697868FFF7CDFF034605
:10142000FB7508E03B685B681A4639697868FFF726
:10143000C3FF0346FB753B6803F10C027B681A622D
:10144000FB7D18461837BD4680BD80B582B000AF21
:1014500078607868FFF74FFF7868FFF7E2FD7B68F8
:101460001B89002B14BF01230023DBB21846083769
:10147000BD4680BD80B485B000AF78607B68FB60FE
:10148000FB6818461437BD465DF8047B704780B58D
:1014900084B000AFF860B9607A607868FFF7EAFF5F
:1014A00003461A46B968F868FFF786FF03461846F0
:1014B0001037BD4680BD80B582B000AF786039601E
:1014C0003868FFF7D7FF034619467868FFF78DFFA6
:1014D000034618460837BD4680BD80B586B000AFCC
:1014E000F860B9607A607B685B8A082B25D17B68DD
:1014F000DB697B617B69002B1FD0FB68002B0CD064
:101500007B691B68002B08D07B691B687A690432F1
:101510007968F8689847034610E0BB68002B0CD048
:101520007B691B68002B08D07B691B687A690432D1
:101530007968B8689847034600E0012318461837D1
:10154000BD4680BD80B586B000AFF860B9607A60F6
:10155000FB685B687B617A697B681A44FB685A6048
:101560007A68B968786910F0F2FB012318461837D9
:10157000BD4680BDB0B48BB000AFF860B9607A6092
:101580000B4B7B61BB68BB617B68FB6100233B62EB
:1015900000237B62FB681D4607F114040FCC0FC5C6
:1015A00023682B60F8682C37BD46B0BC704700BF7D
:1015B0004515000880B584B000AFF860B9607A6066
:1015C0007B68002B37D0FB681B68002B33D0FB688F
:1015D000DA687B681A44FB68DB689A4207D3FB68C9
:1015E000DA687B681A44FB689B689A420BD9FB68EF
:1015F0001B69002B02D0FB681B6900E0134BFA68E3
:10160000136100231EE0FB681B687A68B968F868FC
:101610009847034683F00103DBB2002B0BD0FB6835
:101620001B69002B02D0FB681B6900E0084BFA68BD
:101630001361002306E0FB68DA687B681A44FB68E4
:10164000DA60012318461037BD4680BDE83901082D
:10165000F439010880B485B000AF78607B68BB6066
:101660000023FB600AE0BA68FB6813441B78002B78
:1016700001D0012306E0FB680133FB60FB68002B0F
:10168000F1D0002318461437BD465DF8047B70473F
:10169000B0B58CB000AF786039603B681B6A1B88BE
:1016A000BB84BB8C002B01D101233DE13B689B7DBA
:1016B00003F0C003802B10D03B689B8ABA8C9A42FF
:1016C0000BD97B681B69002B02D07B681B6900E08B
:1016D000974B7A681361002326E13B689B7D03F0FA
:1016E0000F03052B00F2B3803B681B8A1A460221C8
:1016F000786800F0DDFC034683F00103DBB2002BC9
:1017000001D0002310E13B689B7D03F00F03042B05
:1017100003D1BB8C9B00BB6247E03B689B7D03F021
:101720000F03052B03D1BB8CDB00BB623DE007F14F
:10173000080300221A605A609A60DA601A613B68F6
:10174000DB69FB610023FB8526E007F108033968AC
:10175000184600F0EFFD034683F00103DBB2002BD7
:1017600010D07B681B69002B02D07B681B6905E0E9
:10177000BB69002B01D0BB6900E06E4B7A68136136
:101780000023D1E03B68DB693A68528A1A443B681F
:10179000DA61FB8D0133FB85FA8DBB8C9A42D4D381
:1017A0003B68FA69DA617B69BB62BB6A00221C464E
:1017B000154622462B46786800F0F7FB034683F077
:1017C0000103DBB2002B01D00023ADE07B681B6876
:1017D000002B06D1BA6A00217868FFF7EBFE0346BA
:1017E000A2E00023FB852DE03B689B7D03F00F0307
:1017F000042B05D03B689B7D03F00F03052B0BD119
:101800003968786800F058FE034683F00103DBB2C4
:10181000002B0DD0002387E03968786800F08AFD3E
:10182000034683F00103DBB2002B01D000237BE0F1
:101830003B68DB693A68528A1A443B68DA61FB8D7F
:101840000133FB85FA8DBB8C9A42CDD36BE000232C
:10185000FB8564E03B689B7D03F0C003802B47D190
:101860003B689B7D03F00F03072B05D03B689B7DF6
:1018700003F00F03062B3BD13B68DB693B623B68FF
:10188000DB691A683B68DA613B68DB69002B1CD1B5
:101890003968786800F036FC0346002B0BD04FF017
:1018A00000024FF00003786800F07FFB0346002B36
:1018B00001D0012300E0002387F8273097F8273074
:1018C00003F0010387F8273006E03968786800F0F4
:1018D00051F9034687F827303B683A6ADA6197F88E
:1018E000273083F00103DBB2002B0DD000231BE077
:1018F0003968786800F03EF9034683F00103DBB2F3
:10190000002B02D000230FE000BF3B68DB693A6880
:10191000528A1A443B68DA61FB8D0133FB85FA8DEC
:10192000BB8C9A4296D3012318463037BD46B0BDD2
:10193000003A0108183A010880B592B000AF78600B
:101940007B689B7D87F8453097F8453003F0C003EE
:10195000002B40F0C98097F8453003F03003002B8E
:1019600001D1002300E197F8453003F03003202B2C
:1019700008D17B681B6A1B88002B0CBF0123002346
:10198000DBB2F1E097F8453003F03003302B08D19B
:101990007B681B6A1B88002B0CBF01230023DBB272
:1019A000E2E097F8453003F03003102B15D17B6847
:1019B0001B6A002B11D07B681B6A1846FFF74AFE92
:1019C0000346002B14BF01230023DBB283F0010385
:1019D000DBB203F00103DBB2C6E07B681B689B68E7
:1019E000002B01D00023BFE097F8453003F00F0330
:1019F000052B1CD87B68DB697B630023A7F8463086
:101A00000DE0B7F846307A6B13441B78002B01D0F9
:101A10000023A9E0B7F846300133A7F846307B68C9
:101A20005B8AB7F846209A42EBD301239CE097F8F3
:101A3000453003F00F03062B0AD17B68DB69BB63DB
:101A4000BB6B1B88002B0CBF01230023DBB28BE098
:101A500097F8453003F00F03072B08D17B68DB694B
:101A60001B78002B0CBF01230023DBB27CE097F82E
:101A7000453003F00F030B2B07D17B685B8A002BEB
:101A80000CBF01230023DBB26EE097F8453003F072
:101A90000F03082B05D097F8453003F00F03092BEF
:101AA00061D17B68596A7B68DA6907F10C031846D3
:101AB000FFF782FC0346002B14D007F10C031846F5
:101AC000FFF73AFF034683F00103DBB2002B01D09E
:101AD000002349E007F10C031846FFF7B6FC034664
:101AE000002BEAD101233FE097F8453003F0C00313
:101AF000802B07D17B68DB69002B0CBF01230023FF
:101B0000DBB231E097F8453003F0C003402B2AD117
:101B100097F8453003F00F030A2B0AD17B68DB6985
:101B20001B68FB63FB6B002B0CBF01230023DBB2A4
:101B30001AE07B681B68DB680D4A93420AD17B6818
:101B4000DB693B643B6C1B68002B0CBF012300234B
:101B5000DBB209E07B681B68DB68002B0CBF01234C
:101B60000023DBB200E0002318464837BD4680BDA5
:101B7000DB14000880B582B000AF786039603B6844
:101B8000DB69002B01D1012361E03968786800F03E
:101B9000B9FA034683F00103DBB2002B01D0002326
:101BA00055E03B689B7D03F00F030B2B44D801A24B
:101BB00052F823F0E51B0008F11B0008F11B000898
:101BC000F11B0008FD1B0008FD1B0008091C000894
:101BD000151C0008211C0008211C0008391C0008E5
:101BE0002D1C00083968786800F08AFB03462EE057
:101BF0003968786800F09EFB034628E03968786809
:101C000000F05AFC034622E03968786800F082FC54
:101C100003461CE03968786800F0BAFC034616E019
:101C20003968786800F012FD034610E0396878687A
:101C300000F052FD03460AE07B681B69002B02D0CE
:101C40007B681B6900E0044B7A6813610023184627
:101C50000837BD4680BD00BF203A010880B582B07C
:101C600000AF786039603B681B68DB68002B18D0D8
:101C70003B681B68DB683A68796800209847034630
:101C800083F00103DBB2002B0BD07B681B69002BB8
:101C900002D07B681B6900E0044B7A681361002363
:101CA00000E0012318460837BD4680BD343A0108DC
:101CB00080B582B000AF786039603B689B7D03F0EF
:101CC0003003302B08D13B681B6A1A883B681B8A9B
:101CD0009A4226D0012359E03B689B7D03F03003F4
:101CE000102B1ED13B681B6A002B0CD03B681B6A73
:101CF0001846FFF7AFFC034683F00103DBB2002B6D
:101D00000FD0012342E03B689B7D03F0C003002B12
:101D100007D13868FFF710FE0346002B01D00123DE
:101D200034E03B68DB69002B13D13B689B7D03F0FB
:101D30003003002B0BD17B681B69002B02D07B6822
:101D40001B6900E0134B7A68136100231EE0012336
:101D50001CE03B689B7D03F0C003402B05D1396834
:101D60007868FFF77BFF034610E03B689B7D03F03C
:101D70003003202B05D139687868FFF789FC0346CA
:101D800004E039687868FFF7F5FE0346184608371F
:101D9000BD4680BD443A010880B58CB000AF786084
:101DA000396007F1080339681846FFF784FB0346DA
:101DB00083F00103DBB2002B0BD07B681B69002B87
:101DC00002D07B681B6900E0074B7A68136100232F
:101DD00006E007F1080319467868FFF769FF034634
:101DE00018463037BD4680BD5C3A010880B584B0E6
:101DF00000AF786039603B68DB691B68FB601EE000
:101E0000FB681B685B68002B08D0FB681B685B687D
:101E1000F968786898470346FB7205E0F9687868C6
:101E2000FFF7BAFF0346FB72FB7A83F00103DBB2D4
:101E3000002B01D0002306E0FB689B68FB60FB6879
:101E4000002BDDD1012318461037BD4680BD80B57B
:101E50008EB000AFF860B9607A6007F110037A685D
:101E6000B9681846FFF713FB034683F00103DBB2A2
:101E7000002B01D001232AE097F8263003F00F034E
:101E80000A2B0DD107F110031946F868FFF7AEFFD2
:101E9000034683F00103DBB2002B0FD0002316E0D2
:101EA00007F110031946F868FFF702FF034683F0B5
:101EB0000103DBB2002B01D0002308E007F110037F
:101EC0001846FFF7C2FA0346002BD5D10123184666
:101ED0003837BD4680BD80B588B000AFF860B960C6
:101EE0007A600023FB61BB68DBB203F07F03FB7603
:101EF000BB68DB09BB6013E0FB7E63F07F03FB760E
:101F0000FB695A1CFA6120333B44FA7E03F8102C1B
:101F1000BB68DBB203F07F03FB76BB68DB09BB6009
:101F2000FB69032B05D8BB68002BE5D17B68002B30
:101F3000E2D17B68002B24D07B68DBB21B01DBB2D3
:101F400003F07003DAB2FB7E1343FB767B68DB0899
:101F50007B6013E0FB7E63F07F03FB76FB695A1C1A
:101F6000FA6120333B44FA7E03F8102C7B68DBB225
:101F700003F07F03FB767B68DB097B607B68002BCB
:101F8000E8D1FB695A1CFA6120333B44FA7E03F81E
:101F9000102C07F11003FA691946F868FFF70AFBDD
:101FA000034618462037BD4680BD90B587B000AFC8
:101FB000F860C7E90023D7E90023802A73F1000302
:101FC0000AD23B78FB7507F1170301221946F8681E
:101FD000FFF7F0FA03460FE03C68D7E900014FF045
:101FE00000024FF000030A00002313461A46214660
:101FF000F868FFF770FF034618461C37BD4690BDD2
:102000002DE9B04F8AB000AF7861C7E902234FF0E5
:10201000FF326FF00043C7E90623D7E90223002B04
:1020200015DAD7E90201D7E9062300EA020401EA3A
:10203000030523193B6045EB05037B60D7E90023CB
:102040006FEA020A6FEA030BC7E908AB07E0D7E9BA
:10205000022312EB020843EB0309C7E90889D7E919
:1020600008237869FFF7A1FF034618462837BD46C5
:10207000BDE8B08F80B582B000AF786039600422CF
:1020800039687868FFF796FA034618460837BD4660
:1020900080BD80B582B000AF7860396008223968B1
:1020A0007868FFF787FA034618460837BD4680BDB3
:1020B0002DE9B04F88B000AF78610B46FA60FB7431
:1020C000FB6800229A4693464FEA5A754FEACA04C3
:1020D000FB7C00229846914644EA08033B6045EAAF
:1020E00009037B60D7E90034C7E90634D7E9062342
:1020F0007869FFF75AFF034618462037BD46BDE80A
:10210000B08F000080B584B000AF786039603B6864
:102110009B7D03F00F030B2B26D801A252F823F06E
:1021200051210008512100085121000851210008C7
:10213000572100085D210008632100086321000881
:102140006321000863210008692100086321000859
:102150000023FB7314E00523FB7311E00123FB73E1
:102160000EE00223FB730BE07B681B69002B02D09F
:102170007B681B6900E0094B7A681361002308E063
:102180003B681B8A1A46FB7B19467868FFF790FF6D
:10219000034618461037BD4680BD00BF203A0108EF
:1021A000B0B584B000AFF860B9607A607B68002297
:1021B0001C46154622462B46F868FFF7F6FE0346F6
:1021C00083F00103DBB2002B01D0002305E07A6825
:1021D000B968F868FFF7EEF9034618461037BD46B0
:1021E000B0BD0000B0B58CB000AFF860B9607A60E7
:1021F00007F1140300221A605A609A60DA601A61CB
:1022000007F114037A68B9681846FFF720FE034601
:1022100083F00103DBB2002B04D07A6AFB681A61F9
:10222000002365E03B6AFB62FB6A00221C46154600
:1022300022462B46F868FFF7B8FE034683F00103F9
:10224000DBB2002B01D0002352E0FB681B68002B9F
:1022500006D1FA6A0021F868FFF7ACF9034647E0B7
:10226000FB68DA68FB6A1A44FB689B689A420BD9E0
:10227000FB681B69002B02D0FB681B6900E01E4B4A
:10228000FA681361002333E0FB681B687B61FB681D
:102290005B68BB61FB6AFB6100233B6200237B62DE
:1022A00007F114037A68B9681846FFF7D0FD0346B2
:1022B00087F82B30FB68DA683B6A1A44FB68DA60FF
:1022C000BA69FB685A607A6AFB681A613B6AFA6A03
:1022D0009A420BD0FB681B69002B02D0FB681B697C
:1022E00000E0064BFA681361002301E097F82B30F9
:1022F00018463037BD46B0BDE8390108703A0108CC
:10230000B0B584B000AF786039603B68DB691846CF
:10231000FFF7A0F90346FB60FB6800221C46154648
:1023200022462B467868FFF740FE034618461037D2
:10233000BD46B0BD2DE9B04F8CB000AFF861B961BA
:10234000BB699B7D03F00F03022B52D14FF00002BB
:102350004FF00003C7E90A23BB695B8A012B0BD14D
:10236000BB69DB691B78DBB200223B617A61D7E98C
:102370000434C7E90A3435E0BB695B8A022B0BD110
:10238000BB69DB691B889BB20022BB60FA60D7E99E
:102390000234C7E90A3425E0BB695B8A042B0AD101
:1023A000BB69DB691B6800223B607A60D7E90034B7
:1023B000C7E90A3416E0BB695B8A082B06D1BB6902
:1023C000DB69D3E90023C7E90A230BE0FB691B693A
:1023D000002B02D0FB691B6900E0364BFA691361E0
:1023E000002361E0D7E90A23F869FFF7DEFD034621
:1023F0005AE04FF000024FF00003C7E90823BB6921
:102400005B8A012B0AD1BB69DB6993F900305BB2AF
:10241000DA179A469346C7E908AB32E0BB695B8A94
:10242000022B0AD1BB69DB69B3F900301BB2DA17A2
:1024300098469146C7E9088923E0BB695B8A042B6B
:1024400008D1BB69DB691B68DA171C461546C7E96A
:10245000084516E0BB695B8A082B06D1BB69DB69BE
:10246000D3E90023C7E908230BE0FB691B69002BB4
:1024700002D0FB691B6900E00E4BFA69136100236F
:1024800012E0BB699B7D03F00F03032B06D1D7E954
:102490000823F869FFF7B4FD034605E0D7E90823F0
:1024A000F869FFF782FD034618463037BD46BDE8A0
:1024B000B08F00BF843A010880B582B000AF786069
:1024C00039603B685B8A042B07D13B68DB6919469E
:1024D0007868FFF7CFFD034616E03B685B8A082B60
:1024E00007D13B68DB6919467868FFF7D2FD0346E0
:1024F0000AE07B681B69002B02D07B681B6900E047
:10250000034B7A681361002318460837BD4680BD27
:10251000843A010880B584B000AF78603960002348
:10252000FB603B68DB69FB60FB68002B06D1002287
:1025300000217868FFF734FE034622E03B689B7D6C
:1025400003F0C003002B13D1FB681B881A463B68BD
:102550005B8A023B9A420BD97B681B69002B02D035
:102560007B681B6900E0094B7A681361002308E06F
:10257000FB68991CFB681B881A467868FFF710FEF9
:10258000034618461037BD4680BD00BF983A010883
:1025900080B586B000AF7860396000237B613B680E
:1025A0005B8A3B613B68DB69BB603B689B7D03F0FA
:1025B000C003802B03D14FF0FF333B6111E03B6937
:1025C000002B0BD17B681B69002B02D07B681B6939
:1025D00000E01C4B7A68136100232FE03B69013B4C
:1025E0003B61BB68002B02D100237B6120E0BB680C
:1025F000FB6005E07B6901337B61FB680133FB60B5
:102600007A693B699A4203D2FB681B78002BF1D1AF
:10261000FB681B78002B0BD07B681B69002B02D05A
:102620007B681B6900E0084B7A681361002305E0B2
:102630007A69B9687868FFF7B3FD0346184618371A
:10264000BD4680BDAC3A0108C03A010880B584B0EF
:1026500000AF786039603B685B6A002B0BD17B6808
:102660001B69002B02D07B681B6900E0194B7A685C
:102670001361002329E03B689B7D03F00F03092BC6
:102680001AD13B681B6A002B16D03B681B6A083BBB
:10269000FB60FB681B68002B0ED0FB681B68FA68A8
:1026A0000432396878689847034683F00103DBB247
:1026B000002B01D0002308E03B68596A3B68DB69C6
:1026C0001A467868FFF78EFD034618461037BD4658
:1026D00080BD00BFD43A010880B582B000AF7860F9
:1026E00039603B68D9693B685B8A1A467868FFF7AE
:1026F00057FD034618460837BD4680BD80B588B0F3
:1027000004AF786039600023FB737B6802933B68F9
:1027100001934FF480730093064B074A0749022048
:1027200008F0E4F80346FB7397F90F3018461037AA
:10273000BD4680BDD1300008753000082930000842
:1027400080B588B002AF78604FF480737B61214B15
:10275000BB600023FB747B6903F00303002B04D0F0
:102760007B699B0801339B007B610023FB6023E0B6
:10277000BA68FB68D31A7A699A420DD9BA68FB68BD
:10278000D31A7B617B6903F00303002B04D07B69C0
:102790009B0801339B007B61FB680F4A98187B689C
:1027A00000937B69FA68B96807F09AFF0346FB74E7
:1027B000FA687B691344FB60FA68BB689A4203D2EB
:1027C00097F91330002BD3D097F9133018461837E8
:1027D000BD4680BD302B0200F4410108000000001E
:1027E0002DE9F04F97B008AFF860B960BB687B6324
:1027F000FB689B780B2B7CD1FB68D3F8033007F187
:1028000014021146184609F0EAFBFB68D3F80730BA
:10281000D3E90023C7E90A23D7E90A0102460B4698
:102820004FF0000A4FF0000B4FEA431B4BEAD26B0C
:102830004FEA421A52465B46B2EB000863EB0109CD
:102840004FF000024FF000034FEA891343EA986308
:102850004FEA8812B2EB080463EB09054FF000025F
:102860004FF00003EB0043EA5473E20014461D46A8
:1028700023183B6045EB01037B60D7E90034C7E9CF
:102880000A34D7E90A011FA3D3E90023FEF7ACF904
:1028900002460B4613467B62BA6A7B6A184901FB03
:1028A00003F3D31A3B627B6B9B683B607B6B93F8B3
:1028B00000C07B6B5B787A6B9278B7F91410B7F92C
:1028C0001600B7F91840B7F91A50BE8B0696059551
:1028D0000494039002910192009363463A6A796AE4
:1028E000386800F09DFF7B6B9B685A1C7B6B9A607D
:1028F00000E000BF3C37BD46BDE8F08FAFF300807D
:1029000000CA9A3B00CA9A3B000000000000000089
:102910002DE9F04F93B006AFF860B960BB68FB6279
:10292000FB689B78072B70D1FB68D3F8033007F165
:1029300010021146184609F09EFBFB68D3F80730D9
:10294000D3E90023C7E90823D7E9080102460B466B
:102950004FF0000A4FF0000B4FEA431B4BEAD26BDB
:102960004FEA421A52465B46B2EB000863EB01099C
:102970004FF000024FF000034FEA891343EA9863D7
:102980004FEA8812B2EB080463EB09054FF000022E
:102990004FF00003EB0043EA5473E20014461D4677
:1029A00023183B6045EB01037B60D7E90034C7E99E
:1029B0000834D7E9080119A3D3E90023FEF714F975
:1029C00002460B461346FB613A6AFB69124901FB5A
:1029D00003F3D31ABB61FB6A9D68FB6A1E78FB6A2E
:1029E0005B78FA6A9278B7F91010B7F91200B7F964
:1029F0001440049403900291019200933346BA6903
:102A0000F969284600F07EFF00E000BF3437BD467C
:102A1000BDE8F08FAFF3008000CA9A3B00CA9A3B32
:102A200000000000000000002DE9F04F93B006AF59
:102A3000F860B960BB68FB62FB689B78072B72D1BA
:102A4000FB68D3F8033007F110021146184609F06D
:102A500012FBFB68D3F80730D3E90023C7E908234A
:102A6000D7E9080102460B464FF0000A4FF0000B71
:102A70004FEA431B4BEAD26B4FEA421A52465B467F
:102A8000B2EB000863EB01094FF000024FF00003C6
:102A90004FEA891343EA98634FEA8812B2EB0804BD
:102AA00063EB09054FF000024FF00003EB0043EA2F
:102AB0005473E20014461D4623183B6045EB0103A6
:102AC0007B60D7E90034C7E90834D7E9080119A3C6
:102AD000D3E90023FEF788F802460B461346FB6154
:102AE0003A6AFB69124901FB03F3D31ABB61FB6A23
:102AF0009D68FB6A1E78FB6A5B78FA6A92781432EA
:102B0000D2B2B7F91010B7F91200B7F91440049413
:102B100003900291019200933346BA69F9692846FD
:102B200000F0F0FE00E000BF3437BD46BDE8F08F96
:102B300000CA9A3B00CA9A3B0000000080B5ADF580
:102B4000875D84B002AF07F1E80343F8E40C07F1B6
:102B5000E80343F8E81C07F1E80353F8E43CD3F832
:102B600003301B7807F5875202F10302137007F157
:102B7000E80353F8E43CD3F803305B7807F5875259
:102B800002F10202137007F1E80353F8E43CD3F8B2
:102B900003309B7807F5875202F10102137007F1A9
:102BA000E80353F8E43C1B78FE2B06D18A4B07F56B
:102BB000875202F1040213600DE007F1E80353F8B5
:102BC000E43C1B78F82B40F00282844B07F58752D7
:102BD00002F10402136007F5875303F103031B7826
:102BE000013B132B00F2E48101A252F823F000BF55
:102BF000412C00085F2C00087D2C0008B12F000834
:102C00009B2C0008AD2C0008D32C0008E52C0008F4
:102C1000F72C0008B12F0008092D00082F2D0008FF
:102C2000412D00085F2D0008B12F0008712D00080C
:102C30009D2D0008BB2D00081D2E0008D32F000875
:102C400007F5875303F102031B781A4607F58753EC
:102C500003F10403196862480EF010FFBAE107F5AA
:102C6000875303F102031B781A4607F5875303F1D4
:102C7000040319685B480EF001FFABE107F58753C9
:102C800003F102031B781A4607F5875303F1040387
:102C9000196855480EF0F2FE9CE107F5875303F1E1
:102CA0000403196851480EF0E9FE93E107F58753D4
:102CB00003F102031A7807F5875303F101031B7828
:102CC00007F5875101F10401096849480EF0D6FE65
:102CD00080E107F5875303F10403196845480EF0B6
:102CE000CDFE77E107F5875303F1040319684248E5
:102CF0000EF0C4FE6EE107F5875303F10403196873
:102D00003E480EF0BBFE65E107F5875303F1020371
:102D10001A7807F5875303F101031B7807F58751EC
:102D200001F10401096836480EF0A8FE52E107F5EA
:102D3000875303F10403196832480EF09FFE49E1FE
:102D400007F5875303F102031B781A4607F58753EB
:102D500003F1040319682C480EF090FE3AE107F5E0
:102D6000875303F10403196828480EF087FE31E108
:102D700007F5875303F101031B781A0207F5875300
:102D800003F102031B7813431A4607F5875303F137
:102D9000040319681E480EF071FE1BE107F5875306
:102DA00003F102031B781A4607F5875303F1040366
:102DB000196818480EF062FE0CE107F5875303F11D
:102DC00002031B781A4607F5875303F104031968B9
:102DD00011480EF053FEFDE0E03B0108F03B010816
:102DE000083C0108303C01085C3C0108883C0108B3
:102DF000A03C0108D03C0108F03C0108103D01084E
:102E0000343D01085C3D0108703D01089C3D01080E
:102E1000B83D0108E83D0108103E010807F5875359
:102E200003F103031A7807F5875303F102031978B6
:102E300007F5875303F101031B7800930B4607F551
:102E4000875101F10401096865480EF017FE00235F
:102E500007F5865202F11B021370624B1A6907F5DF
:102E6000865303F11B0319462D2008F0F9F8034699
:102E700007F58752137007F587531A7807F58653BD
:102E800003F11B031B782D2157480EF0F7FD554B1E
:102E90001A6907F5865303F11B0319462E2008F023
:102EA000DFF8034607F58752137007F587531A7842
:102EB00007F5865303F11B031B782E214A480EF0B9
:102EC000DDFD484B1A6907F5865303F11B031946CC
:102ED0002F2008F0C5F8034607F58752137007F551
:102EE00087531A7807F5865303F11B031B782F21AC
:102EF0003D480EF0C3FD3B4B1A6907F5865303F1BD
:102F00001B031946302008F0ABF8034607F587523B
:102F1000137007F587531A7807F5865303F11B03DF
:102F20001B78302130480EF0A9FD2E4B1A6907F5A9
:102F3000865303F11B031946312008F091F803462C
:102F400007F58752137007F587531A7807F58653EC
:102F500003F11B031B78312123480EF08FFD07F18D
:102F6000E803DC3B41F2CC02002118460EF070FE73
:102F7000002307F5865202F11C02136041F2CC01D6
:102F80001A480EF07BFD174B1A6907F128031C3B0A
:102F90001146184600F030F8034607F587521370C3
:102FA00007F587531B78194611480EF067FD11E0AD
:102FB00007F5875303F103031B781A4607F5875378
:102FC00003F1040319680B480EF058FD02E000BF3E
:102FD00000E000BF07F587570837BD4680BD00BF3A
:102FE000403E010800000020683E0108943E0108B0
:102FF000B43E0108CC3E010880B584B000AF7860D3
:1030000039600023BB6007F108023B6841F2CC0144
:10301000786807F043FC0346FB7397F90F301846B6
:103020001037BD4680BD000080B58AB004AFB960DE
:103030007A603B600346FB733B687B617B691B796D
:103040007B827B8A5B0099B2FB7B9AB27B689BB2E6
:10305000192002900193BB6800930123044802F0F9
:1030600077FA03465BB218461837BD4680BD00BFED
:103070005041002080B58EB004AFB9607A603B60EB
:103080000346FB733B687B627B6A1B797B84FB7B1B
:103090003B840223FB837B68BB833223BB617B8C35
:1030A0005B0099B23A8CBB690293BB8B0193BB68FE
:1030B00000930123054802F051F90346FB7597F987
:1030C000173018462837BD4680BD00BF504100204C
:1030D00080B483B000AF78603960094B1B68002270
:1030E0005A6200BF064B1B685B6A7A689A42F9D83D
:1030F00000BF00BF0C37BD465DF8047B704700BFC2
:10310000FC41002080B582B000AF786039603A6839
:103110007968002009F026F8034618460837BD46AE
:1031200080BD000080B586B002AF0346FB71FB791D
:10313000072B14D8E023FB81FB79012202FA03F369
:10314000DBB23B7307F10C02F9896423009301237E
:10315000054802F005F803467B737B7B00E0012302
:1031600018461037BD4680BD50410020F0B587B0ED
:1031700004AF0023FB71AEE0FA795B4913469B0074
:1031800013449B000B4403331B787B71FB79FA7962
:103190004FF4427101FB03F354491944524813465A
:1031A0009B0013449B00034410331960FA794E4985
:1031B00013469B0013449B000B440C3300221A70EF
:1031C0000123BB717B791846FFF7ACFF03463B71C7
:1031D0003B79002B15D1022001F050FBFA794249CE
:1031E00013469B0013449B000B4404331B789BB293
:1031F0005B0099B2142302223D4802F0CFFB034644
:10320000BB71BB79002B13D1FB79184600F07EF817
:103210000346FB7097F90330002B09D1FA79324944
:1032200013469B0013449B000B440C3301221A707D
:10323000FA792D4913469B0013449B000B440C3331
:103240001B78002B01D02B4905E0BB79002B01D165
:10325000294900E02949FA79234813469B00134481
:103260009B0003441B781E46FA791F4813469B00B7
:1032700013449B00034401331B789C46FA791A4897
:1032800013469B0013449B00034403331B781C46E6
:10329000FA79154813469B0013449B0003440433FA
:1032A0001B781D46FA79104813469B0013449B0077
:1032B00003440C331B78002B01D0114B00E0114B61
:1032C000029301950094634632460F480EF0D6FBF8
:1032D000FB790133FB71FB79132B7FF64DAF00BFF8
:1032E00000BF0C37BD46F0BD00000020B003002039
:1032F00050410020F03F0108F83F0108004001085C
:103300000840010810400108184001082DE9F04369
:103310008BB000AF0346FB716B461E46002387F857
:103320002730132387F8253097F825100B46013BEB
:103330003B62CBB20022984691464FF000024FF01C
:1033400000034FEAC90343EA58734FEAC802CBB2FD
:1033500000221C4615464FF000024FF00003EB0020
:1033600043EA5473E2000B460733DB08DB00ADEBA6
:10337000030D6B460033FB610023FB8100237B734D
:1033800000233B730023FB72FA79794913469B00B3
:1033900013449B000B4410331868FA7913469B00C2
:1033A00013449B00724A13441946FFF7A7F90346DA
:1033B0001A46FB691A70FA796D4913469B0013444B
:1033C0009B000B4410331B68184607F04FFA034666
:1033D0001A46FB695A70FA79654913469B001344F3
:1033E0009B000B4410331A6807F10D031146184671
:1033F00007F0EBF803461A46FB699A70FA795C49C4
:1034000013469B0013449B000B4410331A6807F1CA
:103410000C031146184607F0F2F803461A46FB69FA
:10342000DA707B7B892B02D0FB690122DA700123E1
:10343000FB76FA794E4913469B0013449B000B44DC
:1034400010331A68FB7E1146184607F083F90346CD
:103450001A46FB691A712023BB76FA794449134650
:103460009B0013449B000B4410331A68BB7E11462B
:10347000184607F08BF903461A46FB695A71002378
:103480007B76FA793A4913469B0013449B000B4420
:1034900010331A687B7E1146184607F093F90346ED
:1034A0001A46FB699A7100233B76FA793049134634
:1034B0009B0013449B000B4410331A683B7E11465B
:1034C000184607F09BF903461A46FB69DA71FA7948
:1034D000274913469B0013449B000B4410331A6882
:1034E00007F10B031146184607F0BDF803461A46CC
:1034F000FB691A72FB7A03F01003002B00F01481B1
:10350000FA791B4913469B0013449B000B4410336C
:103510001B681846FFF714F903461A46FB691A722E
:10352000FB6993F90830002B06D012480EF0A6FA7A
:10353000FB6993F9083010E1FA790D4913469B00B5
:1035400013449B000B4410331B68184607F0EAF83D
:1035500003461A46FB691A72FB6993F90830002B7F
:103560000CD005480EF08AFAFB6993F90830F4E0B4
:10357000000000205C4001086C400108FA797A499B
:1035800013469B0013449B000B4410331A6807F149
:103590000E031146184607F04CF803461A46FB691D
:1035A0005A72FA79704913469B0013449B000B44EE
:1035B00010331B6800226D49FE2007F0C1F9034655
:1035C0001A46FB699A72FA79674913469B001344BD
:1035D0009B000B4410331B6800226449F82007F05D
:1035E000AFF903461A46FB69DA72FA7913469B0073
:1035F00013449B005C4A9918FA795B4813469B0078
:1036000013449B00034410331B680A465849252085
:1036100007F096F903461A46FB691A73FA791346BE
:103620009B0013449B00504A9918FA794E48134660
:103630009B0013449B00034410331B680A464D490A
:10364000132007F07DF903461A46FB695A73FA798D
:1036500013469B0013449B00434A9918FA79424849
:1036600013469B0013449B00034410331B680A4617
:103670004149652007F064F903461A46FB699A73CD
:10368000FA79394913469B0013449B000B441033CD
:103690001B68184607F0A8F903461A46FB69DA7357
:1036A000364B7B6100233B61FA792F4913469B001F
:1036B00013449B000B4410331B681A46396997ED7D
:1036C000050A252006F060FF03461A46FB691A74B6
:1036D000FA79254913469B0013449B000B44103391
:1036E0001B681A46396997ED050A132006F04CFF4E
:1036F00003461A46FB695A74FA791B4913469B0024
:1037000013449B000B4410331B681A46396997ED2C
:10371000050A652006F038FF03461A46FB699A74CD
:10372000002387F8263010E0012316E097F82630B2
:10373000FA69D25697F9273013435BB287F82730DE
:1037400097F82630013387F8263097F8262097F827
:1037500025309A42EAD397F92730B54618462C37D8
:10376000BD46BDE8F08300BF000000203D2B0008EF
:10377000E127000811290008292A00080000C84193
:1037800080B5ADF6080D00AF002387F807383BE0A1
:1037900097F80728214913469B0013449B000B44CC
:1037A0000C331B78002B2AD097F807281B491346A7
:1037B0009B0013449B000B4403331B7887F80638A7
:1037C00097F806381846FFF7ADFC034687F805382A
:1037D00097F80538002B12D197F807280F491346A0
:1037E0009B0013449B000B4410331A683B1D4FF49D
:1037F0000061184606F0C6FD034687F8053897F8BD
:103800000738013387F8073897F80738132BBFD9E3
:1038100000BF00BF07F60807BD4680BD00000020BE
:1038200080B596B000AFF860B9607A60FB7007F1C0
:1038300010034822002118460EF00AFAFB683B618B
:10384000FB783B7597F86030BB6197F86430FB619B
:10385000012387F83830BB68FB637B683B64B7F9AA
:10386000683007EE903AB8EEE77ADFED236AC7EEEC
:10387000267AC7ED117AB7F96C3007EE903AB8EEB8
:10388000E77ADFED1D6AC7EE267AC7ED127AB7F93F
:10389000703007EE903AB8EEE77ADFED176AC7EEC0
:1038A000267AC7ED137AB7F9743007EE903AB8EE7E
:1038B000E77ADFED116AC7EE267AC7ED147AB7F81A
:1038C000783007EE903AF8EEE77A9FED0C7A67EEE3
:1038D000877ADFED096A87EEA67ADFED096AC7EE1F
:1038E000267AC7ED157A07F11003184600F04AF85A
:1038F00000BF5837BD4680BD0000804600003443FD
:10390000DB0F494080B596B000AFF860B9607A60CF
:10391000FB7007F110034822002118460EF098F9B9
:10392000FB683B61FB783B7597F86030BB6197F8AB
:103930006430FB61012387F82030BB687B627B68C1
:10394000BB62B7F9683007EE903AF8EEE77AC7ED58
:103950000B7AB7F96C3007EE903AF8EEE77AC7EDDC
:103960000C7AB7F9703007EE903AF8EEE77AC7EDC7
:103970000D7A07F11003184600F004F800BF58371D
:10398000BD4680BD80B58CB002AF786007F10C03F6
:10399000802218491846FDF7EDFD07F10C037A68FF
:1039A00015491846FEF753FA034683F00103DBB2CC
:1039B000002B01D0022318E0BB6907F1200000931F
:1039C0000C4B80220D49FDF78DFA97F82430002B1F
:1039D00001D0032309E03B6A19460848FFF792FB30
:1039E0000821074801F05DFA002318462837BD4634
:1039F00080BD00BF50400020DC410108D0400020C5
:103A00000000024080B582B000AF0023FB712BE0C4
:103A1000FA79194913469B0013449B000B44033366
:103A20001B78BB71BB791846FFF77CFB03467B71A3
:103A30007B79002B15D1FB79184600F03DF8034641
:103A40003B713B79002B01D0012311E0FB79184633
:103A500000F014F80346FB70FB78002B01D0012323
:103A600006E0FB790133FB71FB79132BD0D90023DE
:103A700018460837BD4680BD0000002080B584B0E0
:103A800000AF0346FB710023FB73FA790949134623
:103A90009B0013449B000B4410331B681946FE2007
:103AA00006F0C8FE0346FB73FB7B18461037BD4685
:103AB00080BD00BF0000002080B584B000AF034689
:103AC000FB710023FB73FA79094913469B001344E9
:103AD0009B000B4410331B681946FE2006F0AAFE1B
:103AE0000346FB73FB7B18461037BD4680BD00BF05
:103AF0000000002080B58AB000AF07F11403002257
:103B00001A605A609A60DA601A6100233B61464B82
:103B10001B6B454A43F004031363434B1B6B03F0D9
:103B200004033B613B690023FB603F4B1B6B3E4A38
:103B300043F0800313633C4B1B6B03F08003FB607B
:103B4000FB680023BB60384B1B6B374A43F0010313
:103B50001363354B1B6B03F00103BB60BB68002391
:103B60007B60314B1B6B304A43F0020313632E4BD7
:103B70001B6B03F002037B607B6800233B602A4BD6
:103B80001B6B294A43F008031363274B1B6B03F09D
:103B900008033B603B6800221C21244801F068F9BF
:103BA0001C237B610123BB610023FB6100233B627B
:103BB00007F1140319461D4800F0C6FF4FF4805367
:103BC0007B614FF48813BB610023FB6100233B62E0
:103BD00007F114031946164800F0B6FF20237B6155
:103BE0000123BB610023FB6100233B6207F1140347
:103BF00019460F4800F0A8FF012220210C4801F0CF
:103C000037F94FF4C0537B610023BB610023FB6194
:103C100000233B6207F114031946044800F094FFA7
:103C200000BF2837BD4680BD00380240000002407A
:103C30000004024080B500AF174B184A1A60164BBB
:103C4000174A5A60144B00229A60134B0022DA6024
:103C5000114B4FF480421A610F4B00225A610E4BF8
:103C600000229A610C4B0022DA610B4B00221A628F
:103C7000094801F031F90346002B01D000F026FA83
:103C80000021054804F048F80346002B01D000F05D
:103C90001DFA00BF80BD00BF50410020005400400D
:103CA000801A060080B500AF124B134A1A60114B00
:103CB000124A5A600F4B00229A600E4B0022DA60C3
:103CC0000C4B4FF480421A610A4B00225A61094B97
:103CD00000229A61074B0022DA61064B00221A6229
:103CE000044801F0F9F80346002B01D000F0EEF98A
:103CF00000BF80BDA441002000580040801A06008B
:103D000080B58CB000AF786007F11C0300221A6008
:103D10005A609A60DA601A617B681B684E4A934267
:103D200034D10023BB614D4B1B6B4C4A43F0020363
:103D300013634A4B1B6B03F00203BB61BB69C023D7
:103D4000FB6112233B6200237B620123BB620423DD
:103D5000FB6207F11C031946414800F0F5FE002301
:103D60007B613E4B1B6C3D4A43F4001313643B4B99
:103D70001B6C03F400137B617B69002200211F2070
:103D800000F07BFE1F2000F094FE60E07B681B6863
:103D9000344A93425BD100233B61304B1B6B2F4A6B
:103DA00043F0020313632D4B1B6B03F002033B61D3
:103DB0003B690023FB60294B1B6B284A43F004033B
:103DC0001363264B1B6B03F00403FB60FB684FF48B
:103DD0008063FB6112233B6200237B620123BB6291
:103DE0000423FB6207F11C0319461D4800F0ACFEDA
:103DF0004FF48053FB6112233B6200237B6201235B
:103E0000BB620423FB6207F11C031946164800F04D
:103E10009BFE0023BB60114B1B6C104A43F48003D4
:103E200013640E4B1B6C03F48003BB60BB68002261
:103E30000021212000F021FE212000F03AFE002286
:103E40000021222000F019FE222000F032FE00BFE7
:103E50003037BD4680BD00BF0054004000380240EE
:103E600000040240005800400008024080B582B0C3
:103E700000AF786039603A687968002008F072F91C
:103E8000034618460837BD4680BD80B500AF002008
:103E900008F094F90346184680BD000080B500AFD5
:103EA00000F07AFC00F02AF800F09CF8FFF722FE00
:103EB000FFF7C0FEFFF7F6FE00F034FB00F048FA13
:103EC00000F0A2FA0B4805F049FA0B4805F0AEFAEB
:103ED000012009F087FC642000F0D0FC4FF47A70D8
:103EE00000F0CCFCFFF742F9FFF78CFDFFF748FC30
:103EF000FCE700BFFC4100204442002080B594B0A4
:103F000000AF07F11C033422002118460DF0A0FE7B
:103F100007F1080300221A605A609A60DA601A6199
:103F200000237B602D4B1B6C2C4A43F080531364A1
:103F30002A4B1B6C03F080537B607B6800233B6043
:103F4000274B1B68264A43F440431360244B1B68ED
:103F500003F440433B603B680123FB614FF4803333
:103F60003B6202237B634FF48003BB630823FB6344
:103F70004FF4B4733B6402237B640823BB640223C5
:103F8000FB6407F11C03184604F0FAFE0346002BFD
:103F900001D000F09BF804F043F80346002B01D059
:103FA00000F094F80F23BB600223FB6000233B6109
:103FB0004FF4A0537B614FF48053BB6107F10803BA
:103FC0000521184604F07CF80346002B01D000F0D0
:103FD0007DF800BF5037BD4680BD00BF00380240AD
:103FE0000070004080B598B000AF3B1D5C220021FE
:103FF00018460DF02DFE4FF440737B600423FB61E7
:1040000060233B620223BB6204237B6201233B6388
:104010004FF00063BB650023BB643B1D184604F0F2
:1040200055F90346002B01D000F050F800BF60376F
:10403000BD4680BD80B584B000AF78607B68DBB2E0
:104040003B7307F10C0301211846FFF70FFF7B6854
:1040500018461037BD4680BD80B586B000AFF86009
:10406000B9607A6000237B6109E0BB685A1CBA60C2
:104070001B781846FFF7DEFF7B6901337B617A69A5
:104080007B689A42F1DB7B6818461837BD4680BDD5
:1040900080B582B000AF78607B681B68094A9342A4
:1040A0000BD10421084800F0FCFE00214FF0FF3046
:1040B00009F07EFC00BFFFF7E8FE00BF0837BD46F1
:1040C00080BD00BF000401400000024080B400AF8A
:1040D00072B600BFFEE7000080B483B000AF0023DB
:1040E0007B60104B5B6C0F4A43F4804353640D4B71
:1040F0005B6C03F480437B607B6800233B60094B6F
:104100001B6C084A43F080531364064B1B6C03F08E
:1041100080533B603B6800BF0C37BD465DF8047BB5
:10412000704700BF0038024080B400AFFEE780B4A3
:1041300000AFFEE780B400AFFEE780B400AFFEE75B
:1041400080B400AFFEE780B400AF00BFBD465DF8AD
:10415000047B704780B400AF00BFBD465DF8047BB0
:10416000704780B400AF00BFBD465DF8047B704768
:1041700080B500AF00F062FB00BF80BD80B500AF2E
:10418000024801F039FD00BF80BD00BF5041002052
:1041900080B500AF024801F02FFD00BF80BD00BF19
:1041A000A441002080B500AF024801F078FE00BFB6
:1041B00080BD00BFA441002080B500AF024805F0DB
:1041C000A5F900BF80BD00BF4442002080B500AF0C
:1041D00001200CF08DFC00BF80BD80B400AF012336
:1041E0001846BD465DF8047B704780B582B000AFCD
:1041F000786039600DF07EFD034616221A604FF09C
:10420000FF3318460837BD4680BD80B582B000AF89
:1042100078604FF0FF317868FFF7E7FFFEE780B581
:1042200086B000AFF860B9607A6000237B610AE075
:10423000AFF300800146BB685A1CBA60CAB21A705C
:104240007B6901337B617A697B689A42F0DB7B682A
:1042500018461837BD4680BD80B483B000AF786083
:104260004FF0FF3318460C37BD465DF8047B7047AE
:1042700080B483B000AF786039603B684FF400527F
:104280005A60002318460C37BD465DF8047B704722
:1042900080B483B000AF7860012318460C37BD4668
:1042A0005DF8047B704780B485B000AFF860B960FA
:1042B0007A60002318461437BD465DF8047B7047CA
:1042C00080B586B000AF7860144A154BD31A7B6175
:1042D0007B693B61134B1B68002B02D1114B124AC7
:1042E0001A60104B1A687B6813443A699A4207D2E5
:1042F0000DF000FD03460C221A604FF0FF3309E079
:10430000084B1B68FB60074B1A687B681344054A1F
:104310001360FB6818461837BD4680BD00000220B8
:1043200000040000F8410020D053002080B400AF0A
:10433000064BD3F88830054A43F47003C2F888303E
:1043400000BFBD465DF8047B704700BF00ED00E094
:1043500080B588B000AF03F099FF0346274AA2FB5F
:1043600003239B0CFB6107F10C0300221A605A60C7
:104370009A60DA603B1D00221A605A60204B214A85
:104380001A60FB69013B1E4A53601D4B00229A6074
:104390001B4B4FF6FF72DA60194B00221A61184B63
:1043A00000225A61164B80229A61154804F086FF5C
:1043B0000346002B01D0FFF789FE4FF48053FB60CA
:1043C00007F10C0319460E4805F0A8F90346002B27
:1043D00001D0FFF77BFE00237B600023BB603B1D09
:1043E0001946074805F0C4FB0346002B01D0FFF730
:1043F0006DFE00BF2037BD4680BD00BF83DE1B437E
:10440000FC4100200000014080B586B000AF07F1FC
:10441000080300221A605A609A60DA603B46002264
:104420001A605A601E4B1F4A1A601D4B05225A60C3
:104430001B4B00229A601A4B4EF65F22DA60184B33
:1044400000221A61164B00225A61154B00229A6114
:10445000134804F033FF0346002B01D0FFF736FE6C
:104460004FF48053BB6007F1080319460C4805F070
:1044700055F90346002B01D0FFF728FE00233B60CF
:1044800000237B603B461946054805F071FB034657
:10449000002B01D0FFF71AFE00BF1837BD4680BDC4
:1044A000444200200004014080B584B000AF786031
:1044B0007B681B68184A93420ED10023FB60174BA0
:1044C0005B6C164A43F001035364144B5B6C03F0BE
:1044D0000103FB60FB681AE07B681B68104A93428B
:1044E00015D10023BB600D4B5B6C0C4A43F00203FB
:1044F00053640A4B5B6C03F00203BB60BB68002291
:1045000000212C2000F0B9FA2C2000F0D2FA00BFD4
:104510001037BD4680BD00BF00000140003802409A
:104520000004014080B500AF154B164A1A60144BC9
:1045300008225A60124B0222DA60114B00221A61E3
:104540000F4B02229A610E4B0022DA610C4B0022C3
:104550001A620B4B00225A62094B0022DA62084BA6
:1045600000221A63064B00225A63054803F010FC30
:104570000346002B01D0FFF7A9FD00BF80BD00BF9F
:104580008C4200200000044080B58AB000AF786003
:1045900007F1140300221A605A609A60DA601A6107
:1045A0007B681B681D4A934234D100233B611C4B3E
:1045B0001B6B1B4A43F002031363194B1B6B03F085
:1045C00002033B613B694FF440437B610223BB61C3
:1045D0000023FB6103233B620C237B6207F114037E
:1045E0001946104800F0B0FA0023FB600C4B1B6B1F
:1045F0000B4A43F000531363094B1B6B03F000534A
:10460000FB60FB68002200214D2000F036FA4D20AF
:1046100000F04FFA00BF2837BD4680BD00000440BF
:10462000003802400004024080B400AF024B18463C
:10463000BD465DF8047B70473C6D030880B483B0D1
:1046400000AF0346FB71034B18460C37BD465DF8BF
:10465000047B7047506D030880B584B000AF0346FB
:104660000A46FB711346BB80FB79002B08D1214B16
:104670001B681B889AB2204B5A800123FB7327E0EA
:10468000FB79052B01D900232FE0FB79194A52F859
:104690002330BB60B868FBF70BFE0346FB73FB7B64
:1046A0001F2B01D91F23FB730023BB730CE0BB7BC3
:1046B000BA6813441A78BB7B013391B20E4A22F8D0
:1046C0001310BB7B0133BB73BA7BFB7B9A42EED3E7
:1046D000FB7B01339BB25B009BB21BB243F4407384
:1046E0001BB29AB2044B1A80034B18461037BD46D2
:1046F00080BD00BF940100209847002080B400AF27
:10470000BFF34F8F00BF064BDB6803F4E062044940
:10471000044B1343CB60BFF34F8F00BF00BFFDE7D7
:1047200000ED00E00400FA0580B582B000AF044B54
:104730007B60044B3B603B687A681A60FFF7DEFFE2
:10474000D4327F15FCFF0120DFF834D00D480E492C
:104750000E4A002302E0D458C4500433C4188C42DB
:10476000F9D30B4A0B4C002301E013600432A24240
:10477000FBD3FFF7DBFD0DF0C3FAFFF78FFB7047AC
:1047800000000220000000208C030020D4720308E7
:1047900090030020CC53002080B500AF0E4B1B6867
:1047A0000D4A43F4007313600B4B1B680A4A43F431
:1047B00080631360084B1B68074A43F480731360DF
:1047C000032000F04FF90F2000F008F8FFF784FCF9
:1047D0000023184680BD00BF003C024080B582B077
:1047E00000AF7860124B1A68124B1B7819464FF4D1
:1047F0007A73B3FBF1F3B2FBF3F3184600F067F9F9
:104800000346002B01D001230EE07B680F2B0AD852
:10481000002279684FF0FF3000F02FF9064A7B68DC
:104820001360002300E0012318460837BD4680BD11
:1048300090010020B0010020AC01002080B400AF46
:10484000064B1B781A46064B1B681344044A136038
:1048500000BFBD465DF8047B704700BFB00100207B
:10486000D847002080B400AF034B1B681846BD46F4
:104870005DF8047B704700BFD847002080B584B046
:1048800000AF7860FFF7EEFFB8607B68FB60FB6805
:10489000B3F1FF3F05D00A4B1B781A46FB6813445F
:1048A000FB6000BFFFF7DEFF0246BB68D31AFA6861
:1048B0009A42F7D800BF00BF1037BD4680BD00BF89
:1048C000B001002080B485B000AF78607B6803F051
:1048D0000703FB600C4BDB68BB60BA684FF6FF0355
:1048E0001340BB60FB681A02BB68134343F0BF630D
:1048F00043F40033BB60044ABB68D36000BF143785
:10490000BD465DF8047B704700ED00E080B400AF69
:10491000044BDB681B0A03F007031846BD465DF82D
:10492000047B704700ED00E080B483B000AF034625
:10493000FB7197F90730002B0BDBFB7903F01F02AB
:10494000074997F907305B09012000FA02F241F8A4
:10495000232000BF0C37BD465DF8047B704700BFC5
:1049600000E100E080B483B000AF03463960FB7122
:1049700097F90730002B0ADB3B68DAB20C4997F94C
:1049800007301201D2B20B4483F800230AE03B68DF
:10499000DAB20849FB7903F00F03043B1201D2B2EB
:1049A0000B441A7600BF0C37BD465DF8047B704798
:1049B00000E100E000ED00E080B489B000AFF860F5
:1049C000B9607A60FB6803F00703FB61FB69C3F120
:1049D0000703042B28BF0423BB61FB690433062BA8
:1049E00002D9FB69033B00E000237B614FF0FF32FB
:1049F000BB6902FA03F3DA43BB681A407B699A4049
:104A00004FF0FF317B6901FA03F3D9437B680B4018
:104A1000134318462437BD465DF8047B70470000F9
:104A200080B582B000AF78607B68013BB3F1807FD6
:104A300001D301230FE00A4A7B68013B53600F2139
:104A40004FF0FF30FFF78EFF054B00229A60044BBA
:104A500007221A60002318460837BD4680BD00BFF4
:104A600010E000E080B582B000AF78607868FFF7B2
:104A700029FF00BF0837BD4680BD80B586B000AFB6
:104A80000346B9607A60FB7300237B61FFF73EFF4A
:104A900078617A68B9687869FFF78EFF024697F9FE
:104AA0000F3011461846FFF75DFF00BF1837BD46AF
:104AB00080BD80B582B000AF0346FB7197F9073027
:104AC0001846FFF731FF00BF0837BD4680BD80B5EF
:104AD00082B000AF78607868FFF7A2FF03461846FF
:104AE0000837BD4680BD80B483B000AF78607B6876
:104AF00093F83530DBB2022B04D07B6880225A65F4
:104B000001230CE07B68052283F835207B681B6855
:104B10001A687B681B6822F001021A60002318469D
:104B20000C37BD465DF8047B704780B483B000AF9E
:104B300078607B6893F83530DBB218460C37BD4699
:104B40005DF8047B7047000080B489B000AF7860E6
:104B5000396000237B6100233B610023BB6100239C
:104B6000FB6165E10122FB6902FA03F37B613B68AB
:104B70001B687A6913403B613A697B699A4240F04D
:104B800054813B685B6803F00303012B05D03B684D
:104B90005B6803F00303022B30D17B689B68BB6129
:104BA000FB695B00032202FA03F3DB43BA6913409B
:104BB000BB613B68DA68FB695B0002FA03F3BA6920
:104BC0001343BB617B68BA699A607B685B68BB61B1
:104BD0000122FB6902FA03F3DB43BA691340BB61AC
:104BE0003B685B681B0903F00102FB6902FA03F3EF
:104BF000BA691343BB617B68BA695A603B685B68FA
:104C000003F00303032B17D07B68DB68BB61FB69F0
:104C10005B00032202FA03F3DB43BA691340BB6172
:104C20003B689A68FB695B0002FA03F3BA691343B5
:104C3000BB617B68BA69DA603B685B6803F00303B9
:104C4000022B23D1FB69DA087B68083253F8223043
:104C5000BB61FB6903F007039B000F2202FA03F319
:104C6000DB43BA691340BB613B681A69FB6903F017
:104C700007039B0002FA03F3BA691343BB61FB69A4
:104C8000DA087B680832B96943F822107B681B6830
:104C9000BB61FB695B00032202FA03F3DB43BA69E1
:104CA0001340BB613B685B6803F00302FB695B0078
:104CB00002FA03F3BA691343BB617B68BA691A60ED
:104CC0003B685B6803F44033002B00F0AE800023A8
:104CD000FB605D4B5B6C5C4A43F4804353645A4B0E
:104CE0005B6C03F48043FB60FB68584AFB699B08DC
:104CF000023352F82330BB61FB6903F003039B00CE
:104D00000F2202FA03F3DB43BA691340BB617B68ED
:104D10004F4A934225D07B684E4A93421FD07B680E
:104D20004D4A934219D07B684C4A934213D07B681A
:104D30004B4A93420DD07B684A4A934207D07B6826
:104D4000494A934201D106230CE007230AE00523D8
:104D500008E0042306E0032304E0022302E0012329
:104D600000E00023FA6902F0030292009340BA695E
:104D70001343BB613549FB699B080233BA6941F8AB
:104D800023203A4B9B68BB613B69DB43BA69134004
:104D9000BB613B685B6803F48013002B03D0BA69E6
:104DA0003B691343BB61314ABB6993602F4BDB689E
:104DB000BB613B69DB43BA691340BB613B685B681D
:104DC00003F40013002B03D0BA693B691343BB61A2
:104DD000264ABB69D360254B5B68BB613B69DB43FB
:104DE000BA691340BB613B685B6803F40033002B76
:104DF00003D0BA693B691343BB611C4ABB6953606A
:104E00001A4B1B68BB613B69DB43BA691340BB614A
:104E10003B685B6803F48033002B03D0BA693B69BD
:104E20001343BB61114ABB691360FB690133FB612A
:104E3000FB690F2B7FF696AE00BF00BF2437BD463F
:104E40005DF8047B704700BF003802400038014025
:104E5000000002400004024000080240000C024032
:104E6000001002400014024000180240003C0140C3
:104E700080B483B000AF78600B467B8013467B70B4
:104E80007B78002B03D07A887B689A6103E07B886B
:104E90001A047B689A6100BF0C37BD465DF8047B3D
:104EA000704780B485B000AF78600B467B807B682C
:104EB0005B69FB607A88FB6813401A04FB68D9437E
:104EC0007B880B401A437B689A6100BF1437BD464C
:104ED0005DF8047B7047000080B584B000AF786057
:104EE0007B68002B01D101232BE17B6893F83D30D7
:104EF000DBB2002B06D17B68002283F83C20786867
:104F0000FEF7FEFE7B68242283F83D207B681B6849
:104F10001A687B681B6822F001021A607B681B68B4
:104F20001A687B681B6842F400421A607B681B6841
:104F30001A687B681B6822F400421A6003F0B2F919
:104F4000F8607B685B68814A934207D8FB68804AB7
:104F5000934294BF01230023DBB206E0FB687D4A45
:104F6000934294BF01230023DBB2002B01D0012325
:104F7000E7E0FB68784AA2FB03239B0CBB607B68DD
:104F80001B685B6823F03F017B681B68BA680A43B3
:104F90005A607B681B681B6A23F03F017B685B6873
:104FA0006A4A934202D8BB68013309E0BB684FF4F8
:104FB000967202FB03F3694AA2FB03239B090133A8
:104FC0007A6812680B4313627B681B68DB6923F401
:104FD0004F4222F0FF027B685B685C498B4219D824
:104FE000FB68591E7B685B685B00B1FBF3F3591CDF
:104FF00040F6FC730B40002B0AD0FB68591E7B68FF
:105000005B685B00B1FBF3F30133C3F30B0351E0C7
:1050100004234FE07B689B68002B11D1FB68581E6E
:105020007B6859680B465B000B44B0FBF3F301331C
:10503000C3F30B03002B0CBF01230023DBB212E0F0
:10504000FB68581E7B6859680B469B000B4499000F
:105050000B44B0FBF3F30133C3F30B03002B0CBF82
:1050600001230023DBB2002B01D0012322E07B6867
:105070009B68002B0ED1FB68581E7B6859680B4655
:105080005B000B44B0FBF3F30133C3F30B0343F4B6
:1050900000430FE0FB68581E7B6859680B469B0075
:1050A0000B4499000B44B0FBF3F30133C3F30B0340
:1050B00043F44043796809681343CB617B681B68FC
:1050C0001B6823F0C0017B68DA697B681B6A1A439E
:1050D0007B681B680A431A607B681B689B6823F423
:1050E000034323F0FF037A6811697A68D268114399
:1050F0007A6812680B4393607B681B68DB6823F057
:10510000FF017B685A697B689B691A437B681B684F
:105110000A43DA607B681B681A687B681B6842F088
:1051200001021A607B6800221A647B68202283F8DF
:105130003D207B6800221A637B68002283F83E20B2
:10514000002318461037BD4680BD00BFA086010071
:105150007F841E00FF083D0083DE1B43D34D621099
:1051600080B588B002AFF8607A601A460B467B8142
:1051700013463B81FFF776FB7861FB6893F83D307F
:10518000DBB2202B40F0E0807B69009319230122E1
:105190007049F86802F096FB0346002B01D0022309
:1051A000D3E0FB6893F83C30012B01D10223CCE023
:1051B000FB68012283F83C20FB681B681B6803F036
:1051C0000103012B07D0FB681B681A68FB681B688A
:1051D00042F001021A60FB681B681A68FB681B68D2
:1051E00022F400621A60FB68212283F83D20FB68EC
:1051F000102283F83E20FB6800221A64FB687A685C
:105200005A62FB683A895A85FB685B8D9AB2FB68E3
:105210001A85FB68504ADA6279897B693A6AF868CC
:1052200002F0A8F80346002B01D001238DE00023F3
:105230003B61FB681B685B693B61FB681B689B69A2
:105240003B613B6966E07A69396AF86802F010FCF4
:105250000346002B0DD0FB681B6C042B07D1FB68A9
:105260001B681A68FB681B6842F400721A6001230D
:105270006BE0FB685B6A1A78FB681B681A61FB6865
:105280005B6A5A1CFB685A62FB685B8D9BB2013BF0
:105290009AB2FB685A85FB681B8D013B9AB2FB688A
:1052A0001A85FB681B685B6903F00403042B1BD1A0
:1052B000FB681B8D002B17D0FB685B6A1A78FB68B4
:1052C0001B681A61FB685B6A5A1CFB685A62FB68C0
:1052D0005B8D9BB2013B9AB2FB685A85FB681B8DC4
:1052E000013B9AB2FB681A857A69396AF86802F05C
:1052F00000FC0346002B0DD0FB681B6C042B07D170
:10530000FB681B681A68FB681B6842F400721A602D
:1053100001231AE0FB681B8D002B94D1FB681B68EE
:105320001A68FB681B6842F400721A60FB6820224E
:1053300083F83D20FB68002283F83E20FB680022B2
:1053400083F83C20002300E0022318461837BD46AE
:1053500080BD00BF020010000000FFFF80B588B0D4
:1053600002AFF860084611461A4603467B810B4699
:105370003B811346FB80FFF775FA7861FB6893F871
:105380003D30DBB2202B40F0D9807B69009319239C
:1053900001226D49F86802F095FA0346002B01D00E
:1053A0000223CCE0FB6893F83C30012B01D10223AF
:1053B000C5E0FB68012283F83C20FB681B681B6882
:1053C00003F00103012B07D0FB681B681A68FB6818
:1053D0001B6842F001021A60FB681B681A68FB68D0
:1053E0001B6822F400621A60FB68212283F83D20CA
:1053F000FB68402283F83E20FB6800221A64FB68A9
:105400003A6A5A62FB68BA8C5A85FB685B8D9AB21D
:10541000FB681A85FB684D4ADA62F8883A8979890F
:105420007B690193BB6A00930346F86802F024F895
:105430000346002B52D0012381E07A69B96AF868EB
:1054400002F016FB0346002B0DD0FB681B6C042BEF
:1054500007D1FB681B681A68FB681B6842F400727E
:105460001A6001236BE0FB685B6A1A78FB681B68B3
:105470001A61FB685B6A5A1CFB685A62FB681B8DE9
:10548000013B9AB2FB681A85FB685B8D9BB2013BBE
:105490009AB2FB685A85FB681B685B6903F00403DA
:1054A000042B1BD1FB681B8D002B17D0FB685B6A9C
:1054B0001A78FB681B681A61FB685B6A5A1CFB68F8
:1054C0005A62FB681B8D013B9AB2FB681A85FB6828
:1054D0005B8D9BB2013B9AB2FB685A85FB681B8DC2
:1054E000002BAAD17A69B96AF86802F002FB034678
:1054F000002B0DD0FB681B6C042B07D1FB681B68CD
:105500001A68FB681B6842F400721A60012316E0F7
:10551000FB681B681A68FB681B6842F400721A601B
:10552000FB68202283F83D20FB68002283F83E20A0
:10553000FB68002283F83C20002300E00223184689
:105540001837BD4680BD00BF020010000000FFFFFD
:1055500080B58CB002AFF860084611461A46034683
:105560007B810B463B811346FB80FFF77BF978621A
:10557000FB6893F83D30DBB2202B40F008827B6A59
:105580000093192301227B49F86802F09BF9034636
:10559000002B01D00223FBE1FB6893F83C30012B88
:1055A00001D10223F4E1FB68012283F83C20FB686F
:1055B0001B681B6803F00103012B07D0FB681B6805
:1055C0001A68FB681B6842F001021A60FB681B68DE
:1055D0001A68FB681B6822F400621A60FB682222CA
:1055E00083F83D20FB68402283F83E20FB680022C0
:1055F0001A64FB683A6B5A62FB68BA8E5A85FB687C
:105600005B8D9AB2FB681A85FB685B4ADA62F888A0
:105610003A8979897B6A0193BB6B00930346F868EA
:1056200001F0C0FF0346002B01D00123B0E1FB686D
:105630001B8D002B13D100233B62FB681B685B6949
:105640003B62FB681B689B693B623B6AFB681B68AB
:105650001A68FB681B6842F400721A6084E1FB68F8
:105660001B8D012B1BD1FB681B681A68FB681B682C
:1056700022F480621A600023FB61FB681B685B698F
:10568000FB61FB681B689B69FB61FB69FB681B682E
:105690001A68FB681B6842F400721A6064E1FB68D8
:1056A0001B8D022B1BD1FB681B681A68FB681B68EB
:1056B00022F480621A60FB681B681A68FB681B682A
:1056C00042F400621A600023BB61FB681B685B69DF
:1056D000BB61FB681B689B69BB61BB6944E100233C
:1056E0007B61FB681B685B697B61FB681B689B696E
:1056F0007B617B6938E1FB681B8D032B00F2F18035
:10570000FB681B8D012B23D17A6AB96BF86802F014
:1057100063FA0346002B01D0012339E1FB681B68C3
:105720001A69FB685B6AD2B21A70FB685B6A5A1C22
:10573000FB685A62FB681B8D013B9AB2FB681A85B5
:10574000FB685B8D9BB2013B9AB2FB685A850BE10B
:10575000FB681B8D022B4ED17B6A0093BB6B002232
:105760000649F86802F0AEF80346002B08D0012382
:105770000EE100BF020010000000FFFF0400010066
:10578000FB681B681A68FB681B6842F400721A60A9
:10579000FB681B681A69FB685B6AD2B21A70FB6807
:1057A0005B6A5A1CFB685A62FB681B8D013B9AB20C
:1057B000FB681A85FB685B8D9BB2013B9AB2FB6864
:1057C0005A85FB681B681A69FB685B6AD2B21A705B
:1057D000FB685B6A5A1CFB685A62FB681B8D013BC5
:1057E0009AB2FB681A85FB685B8D9BB2013B9AB24B
:1057F000FB685A85B8E07B6A0093BB6B0022664960
:10580000F86802F05FF80346002B01D00123BFE0E7
:10581000FB681B681A68FB681B6822F480621A60C8
:10582000FB681B681A69FB685B6AD2B21A70FB6876
:105830005B6A5A1CFB685A62FB681B8D013B9AB27B
:10584000FB681A85FB685B8D9BB2013B9AB2FB68D3
:105850005A857B6A0093BB6B00224F49F86802F0BF
:1058600031F80346002B01D0012391E0FB681B684F
:105870001A68FB681B6842F400721A60FB681B68B8
:105880001A69FB685B6AD2B21A70FB685B6A5A1CC1
:10589000FB685A62FB681B8D013B9AB2FB681A8554
:1058A000FB685B8D9BB2013B9AB2FB685A85FB6833
:1058B0001B681A69FB685B6AD2B21A70FB685B6A84
:1058C0005A1CFB685A62FB681B8D013B9AB2FB684D
:1058D0001A85FB685B8D9BB2013B9AB2FB685A85C7
:1058E00042E07A6AB96BF86802F076F90346002B59
:1058F00001D001234CE0FB681B681A69FB685B6AF6
:10590000D2B21A70FB685B6A5A1CFB685A62FB6869
:105910001B8D013B9AB2FB681A85FB685B8D9BB2BD
:10592000013B9AB2FB685A85FB681B685B6903F010
:105930000403042B18D1FB681B681A69FB685B6AB7
:10594000D2B21A70FB685B6A5A1CFB685A62FB6829
:105950001B8D013B9AB2FB681A85FB685B8D9BB27D
:10596000013B9AB2FB685A85FB681B8D002B7FF4C4
:10597000C2AEFB68202283F83D20FB68002283F83A
:105980003E20FB68002283F83C20002300E0022335
:1059900018462837BD4680BD0400010080B58AB096
:1059A00002AFF8607A603B600B467B81FEF75AFFDE
:1059B000F8610023BB61FB6893F83D30DBB2202B1C
:1059C00040F01181FB690093192301228849F8688E
:1059D00001F078FF0346002B01D0022304E1FB68AD
:1059E00093F83C30012B01D10223FDE0FB6801223A
:1059F00083F83C20FB681B681B6803F00103012B44
:105A000007D0FB681B681A68FB681B6842F001023C
:105A10001A60FB681B681A68FB681B6822F4006246
:105A20001A60FB68242283F83D20FB6800221A6478
:105A3000FB68704ADA62FB681B681A68FB681B68BF
:105A400042F480721A60FB6900933B6800224FF0B9
:105A50000111F86801F036FF0346002B0DD0FB68FA
:105A60001B681B6803F48073B3F5807F03D1FB6868
:105A70004FF400721A640323B6E07B89DBB21A4646
:105A8000FB681B6802F0FE021A61FEF7EBFEF8618C
:105A9000FB681B685B6903F00203022B0CBF012348
:105AA0000023DBB2FB75FB681B685B6903F4806352
:105AB000B3F5806F0CBF01230023DBB2BB7525E07B
:105AC000FEF7D0FE0246FB69D31A3A689A4202D327
:105AD0003B68002B03D1FB68A02283F83D20FB68C4
:105AE0001B685B6903F00203022B0CBF0123002338
:105AF000DBB2FB75FB681B685B6903F48063B3F57D
:105B0000806F0CBF01230023DBB2BB75FB6893F8E9
:105B10003D30DBB2A02B05D0FB7D002B02D1BB7D3D
:105B2000002BCDD0FB68202283F83D20FB681B684A
:105B30005B6903F00203022B29D1FB681B681A681A
:105B4000FB681B6842F400721A6000233B61FB682B
:105B50001B685B693B61FB681B689B693B613B6938
:105B6000FB690093192301222149F86801F0AAFE7C
:105B70000346002B01D0012336E0FB68202283F886
:105B80003D20FB68002283F83C2000232CE0FB68CA
:105B90001B681A68FB681B6842F400721A60FB6895
:105BA0001B686FF480625A61FB690093192301221C
:105BB0000F49F86801F086FE0346002B01D001234F
:105BC00012E0BB690133BB61BA697B689A42FFF49A
:105BD00032AFFB68202283F83D20FB68002283F867
:105BE0003C20012300E0022318462037BD4680BD3B
:105BF000020010000000FFFF80B588B000AF7860A1
:105C00000023BB617B681B685B687B617B68DB6A28
:105C10003B617B6893F83E30FB737B6893F83D30C3
:105C2000BB73FB7B102B03D0FB7B402B40F0B18080
:105C30007B681B689B69BB617B681B685B69FB6158
:105C4000FB6903F00103002B0DD13B69B3F52A0F6B
:105C500003D03B69B3F12A4F01D1012300E00023B7
:105C6000012B00F01481FB6903F00103002B0BD022
:105C70007B6903F40073002B06D0786802F031F8DA
:105C8000786800F05EFD83E0FB6903F00803002BF9
:105C900008D07B6903F40073002B03D0786800F010
:105CA000D6FD75E0FB6903F00203002B08D07B6989
:105CB00003F40073002B03D0786800F0F2FD67E076
:105CC000BB6903F00403002B36D07B681B685B685C
:105CD00003F40063B3F5006F00F0DB80FB6903F0B1
:105CE0008003002B0DD07B6903F48063002B08D068
:105CF000FB6903F00403002B03D1786800F0D6F9A8
:105D000046E0FB6903F00403002B00F0C2807B69CE
:105D100003F40073002B00F0BC80BB7B212B03D16C
:105D2000786800F05FFAB4E0FB7B402B40F0B18074
:105D3000786800F0CDFAACE07B681B685B6803F420
:105D40000063B3F5006F00F0A480FB6903F040032B
:105D5000002B0DD07B6903F48063002B08D0FB6916
:105D600003F00403002B03D1786800F045FB0FE03B
:105D7000FB6903F00403002B00F08B807B6903F4C4
:105D80000073002B00F08580786800F0F0FB80E065
:105D90007FE07B681B6C002B04D07B681B685B6911
:105DA000FB6107E07B681B689B69BB617B681B68C4
:105DB0005B69FB61FB6903F00203002B11D07B6977
:105DC00003F40073002B0CD07B681B6C002B03D0FA
:105DD0007B681B689B69BB61B969786800F0B0FF9C
:105DE0005AE0FB6903F01003002B08D07B6903F431
:105DF0000073002B03D0786800F0EAFF4CE0BB7B17
:105E0000212B02D0BB7B292B20D1FB6903F080031F
:105E1000002B0DD07B6903F48063002B08D0FB6955
:105E200003F00403002B03D1786800F0CBFE32E0CE
:105E3000FB6903F00403002B2DD07B6903F400738E
:105E4000002B28D0786800F0FAFE24E0FB6903F00C
:105E50004003002B0DD07B6903F48063002B08D036
:105E6000FB6903F00403002B03D1786800F008FFFE
:105E700012E0FB6903F00403002B0DD07B6903F4EF
:105E80000073002B08D0786800F038FF04E000BFF2
:105E900002E000BF00E000BF2037BD4680BD80B5F6
:105EA0008AB000AF78607B681B685B693B627B6887
:105EB0001B685B68FB6100237B627B6893F83E3064
:105EC000FB763B6A03F48073002B0DD0FB6903F46F
:105ED0008073002B08D07B6A43F001037B627B68F0
:105EE0001B686FF480725A613B6A03F40073002BE5
:105EF0000DD0FB6903F48073002B08D07B6A43F05C
:105F000002037B627B681B686FF400725A613B6A14
:105F100003F48063002B3ED0FB6903F48073002BF5
:105F200039D0FB7EBB767B685B8D9BB27B617B68E7
:105F300093F83D30FB747B681B6BFB60BB7E202BB2
:105F400012D17B69002B0FD1FB7C212B08D0FB7C6D
:105F5000292B05D0FB7C282B06D1FB68212B03D1F4
:105F6000786801F065F816E07B681B686FF4806262
:105F70005A617B6A43F004037B62FB7E102B02D0E4
:105F8000FB7E402B07D17B681B681A687B681B6807
:105F900042F400721A603B6A03F40063002B0DD0D8
:105FA000FB6903F48073002B08D07B6A43F008037D
:105FB0007B627B681B686FF400625A617B6A002B0E
:105FC00008D07B681A6C7B6A1A437B681A6478680D
:105FD00001F09EF800BF2837BD4680BD80B483B075
:105FE00000AF786000BF0C37BD465DF8047B70479A
:105FF00080B483B000AF786000BF0C37BD465DF859
:10600000047B704780B483B000AF786000BF0C376A
:10601000BD465DF8047B704780B483B000AF786004
:1060200000BF0C37BD465DF8047B704780B483B079
:1060300000AF78600B46FB7013463B8000BF0C3707
:10604000BD465DF8047B704780B483B000AF7860D4
:1060500000BF0C37BD465DF8047B704780B483B049
:1060600000AF786000BF0C37BD465DF8047B704719
:1060700080B483B000AF786000BF0C37BD465DF8D8
:10608000047B704780B483B000AF786000BF0C37EA
:10609000BD465DF8047B704780B483B000AF786084
:1060A00000BF0C37BD465DF8047B704780B584B0F7
:1060B00000AF78607B6893F83D30FB737B6893F8A2
:1060C0003E30BB737B68DB6ABB607B681B8D002B3B
:1060D00050D1FB7B212B4DD1BB68082B1DD0BB6859
:1060E000202B1AD0BB6813F5803F16D07B681B6845
:1060F0005A687B681B6822F4E0625A607B68112250
:106100001A637B68002283F83E207B68202283F894
:106110003D207868FFF762FF60E07B681B685A6883
:106120007B681B6822F4E0625A607B681B681A680F
:106130007B681B6842F400721A607B6800221A6355
:106140007B68202283F83D207B6893F83E30DBB2E9
:10615000402B07D17B68002283F83E207868FFF748
:106160007DFF3BE07B68002283F83E207868FFF7E4
:1061700035FF33E0FB7B212B05D0BB7B402B2DD1A2
:10618000FB7B222B2AD17B685B8D9BB2002B08D135
:106190007B681B685A687B681B6822F480625A60BF
:1061A0001CE07B6893F83E30DBB2402B03D178686B
:1061B00000F08EF812E07B685B6A1A787B681B68D7
:1061C0001A617B685B6A5A1C7B685A627B685B8DCC
:1061D0009BB2013B9AB27B685A85FFE700BF10373C
:1061E000BD4680BD80B584B000AF78607B68DB6A57
:1061F000FB607B6893F83D30DBB2212B64D17B6878
:106200005B8D9BB2002B12D07B685B6A1A787B682F
:106210001B681A617B685B6A5A1C7B685A627B68E0
:106220005B8D9BB2013B9AB27B685A854CE0FB6860
:10623000082B1DD0FB68202B1AD0FB6813F5803F7C
:1062400016D07B681B685A687B681B6822F4E06282
:106250005A607B6811221A637B68002283F83E2013
:106260007B68202283F83D207868FFF7B7FE2BE09B
:106270007B681B685A687B681B6822F4E0625A607E
:106280007B681B681A687B681B6842F400721A609E
:106290007B6800221A637B68202283F83D207B689C
:1062A00093F83E30DBB2402B07D17B68002283F8A5
:1062B0003E207868FFF7D2FE06E07B68002283F874
:1062C0003E207868FFF78AFE00BF1037BD4680BDCC
:1062D00080B584B000AF78607B6893F83D30FB7385
:1062E0007B681B6D002B1DD17B68DB6C012B0BD1F8
:1062F0007B689B6CDAB27B681B681A617B681B6DDC
:106300009A1C7B681A6573E07B689B6C9BB21B12BE
:10631000DAB27B681B681A617B681B6D5A1C7B684C
:106320001A6565E07B681B6D012B0BD17B689B6C4C
:10633000DAB27B681B681A617B681B6D5A1C7B682C
:106340001A6555E07B681B6D022B51D1FB7B222B1C
:106350000DD17B681B681A687B681B6842F48072E9
:106360001A607B681B6D5A1C7B681A6540E07B686D
:106370005B8D9BB2002B15D0FB7B212B12D17B6850
:106380005B6A1A787B681B681A617B685B6A5A1CB7
:106390007B685A627B685B8D9BB2013B9AB27B68DB
:1063A0005A8525E07B685B8D9BB2002B20D1FB7B5F
:1063B000212B1DD17B681B685A687B681B6822F4FF
:1063C000E0625A607B681B681A687B681B6842F44D
:1063D00000721A607B6800221A637B68202283F8AF
:1063E0003D207B68002283F83E207868FFF736FE68
:1063F00000BF1037BD4680BD80B584B000AF786067
:106400007B6893F83D30DBB2222B40F0AC807B6898
:106410005B8D9BB2FB60FB68032B21D97B681B68FB
:106420001A697B685B6AD2B21A707B685B6A5A1C15
:106430007B685A627B685B8D9BB2013B9AB27B683A
:106440005A857B685B8D9BB2032B40F08C807B6808
:106450001B685A687B681B6822F480625A6082E07D
:106460007B68DB6A022B75D0FB68012B02D0FB68CE
:10647000002B6FD1786801F07DFB0346002B42D1E1
:106480007B681B681A687B681B6822F480621A604C
:106490007B681B685A687B681B6822F4E0625A605C
:1064A0007B681B681A697B685B6AD2B21A707B686A
:1064B0005B6A5A1C7B685A627B685B8D9BB2013BAE
:1064C0009AB27B685A857B68202283F83D207B68DE
:1064D00093F83E30DBB2402B0AD17B68002283F870
:1064E0003E207B6800221A637868FFF7C1FD3AE01E
:1064F0007B68002283F83E207B6812221A6378684A
:10650000FFF776FD2FE07B681B685A687B681B6885
:1065100022F4E0625A607B681B681A697B685B6AD8
:10652000D2B21A707B685B6A5A1C7B685A627B68BD
:106530005B8D9BB2013B9AB27B685A857B682022B7
:1065400083F83D207B68002283F83E207868FFF7BF
:1065500099FD08E07B681B685A687B681B6822F419
:1065600080625A60FFE700BF1037BD4680BD80B52E
:1065700084B000AF78607B68DB6AFB607B685B8D12
:106580009BB2042B1BD17B681B685A687B681B6815
:1065900022F480625A607B681B681A697B685B6AB8
:1065A000D2B21A707B685B6A5A1C7B685A627B683D
:1065B0005B8D9BB2013B9AB27B685A85BDE07B68DC
:1065C0005B8D9BB2032B29D17B681B685A687B6863
:1065D0001B6822F480625A60FB68042B0AD0FB68B7
:1065E000022B07D07B681B681A687B681B6822F443
:1065F00080621A607B681B681A697B685B6AD2B22A
:106600001A707B685B6A5A1C7B685A627B685B8D78
:106610009BB2013B9AB27B685A858EE07B685B8DAA
:106620009BB2022B76D1FB68012B02D0FB68102BAA
:1066300008D17B681B681A687B681B6822F480623B
:106640001A6019E0FB68042B02D0FB68022B08D10A
:106650007B681B681A687B681B6842F480621A605A
:106660000AE0FB68102B07D07B681B681A687B6800
:106670001B6842F400721A607B681B681A697B68A9
:106680005B6AD2B21A707B685B6A5A1C7B685A627A
:106690007B685B8D9BB2013B9AB27B685A857B68B5
:1066A0001B681A697B685B6AD2B21A707B685B6A86
:1066B0005A1C7B685A627B685B8D9BB2013B9AB225
:1066C0007B685A857B681B685A687B681B6822F464
:1066D00040725A607B68202283F83D207B6893F8E3
:1066E0003E30DBB2402B0AD17B68002283F83E208B
:1066F0007B6800221A637868FFF7BAFC1DE07B68AC
:10670000002283F83E207B6812221A637868FFF724
:106710006FFC12E07B681B681A697B685B6AD2B207
:106720001A707B685B6A5A1C7B685A627B685B8D57
:106730009BB2013B9AB27B685A8500BF1037BD46B9
:1067400080BD80B483B000AF78607B6893F83E3042
:10675000DBB2402B17D17B681B6D002B09D17B6806
:106760005B6CDBB21A467B681B6802F0FE021A61A2
:1067700067E07B685B6CDBB243F00103DAB27B68F5
:106780001B681A615DE07B681B69B3F5804F33D1EC
:106790007B6893F83D30DBB2212B09D17B685B6CC1
:1067A000DBB21A467B681B6802F0FE021A6108E041
:1067B0007B685B6CDBB243F00103DAB27B681B6879
:1067C0001A617B685B6B002B04D07B685B6BDB6BB7
:1067D000002B08D17B689B6B002B32D07B689B6BB6
:1067E000DB6B002B2DD07B681B685A687B681B68AD
:1067F00042F400625A6024E07B681B6D002B0ED1CE
:106800007B685B6C9BB2DB11DBB203F00603DBB28F
:1068100063F00F03DAB27B681B681A6111E07B68D2
:106820001B6D012B0DD17B685B6C9BB2DB11DBB266
:1068300003F00603DBB263F00E03DAB27B681B6879
:106840001A6100BF0C37BD465DF8047B704780B409
:1068500083B000AF78607B685B6CDAB27B681B68E2
:106860001A617B685B6B002B04D07B685B6BDB6B16
:10687000002B08D17B689B6B002B0CD07B689B6B3B
:10688000DB6B002B07D07B681B685A687B681B6832
:1068900042F400625A6000BF0C37BD465DF8047BCD
:1068A000704780B491B000AF78607B6893F83E3059
:1068B00087F83F307B68DB6ABB637B681B6B7B635D
:1068C0007B6893F83D30DBB2222B40F069817B6816
:1068D0001B6D002B0FD197F83F30402B0BD10023BD
:1068E0003B637B681B685B693B637B681B689B69D8
:1068F0003B633B6B60E17B681B6D002B1DD17B68AC
:106900001B69B3F5404F18D10023FB627B681B68FD
:106910005B69FB627B681B689B69FB62FB6A7B6847
:106920001B681A687B681B6842F480721A607B6877
:106930001B6D5A1C7B681A653EE17B685B8D9BB2C0
:10694000002B13D10023BB627B681B685B69BB62B1
:106950007B681B689B69BB62BB6A7B681B681A68A3
:106960007B681B6842F400721A6015E17B685B8DDE
:106970009BB2012B40F08A80BB6B13F5803F37D16F
:106980007B681B681A687B681B6822F480621A6047
:106990007B681B685B6803F40063B3F5006F13D179
:1069A0007B681B681A687B681B6822F480621A6027
:1069B00000237B627B681B685B697B627B681B686A
:1069C0009B697B627B6AE7E000233B627B681B6814
:1069D0005B693B627B681B689B693B623B6A7B68C7
:1069E0001B681A687B681B6842F400721A60D3E067
:1069F000BB6B082B2ED0BB6B202B2BD07B6B122BB1
:106A000002D1BB6B012B25D1BB6B042B0ED0BB6B12
:106A1000022B0BD0BB6B102B08D07B681B681A684D
:106A20007B681B6822F480621A6007E07B681B6841
:106A30001A687B681B6842F480621A600023FB615D
:106A40007B681B685B69FB617B681B689B69FB61FA
:106A5000FB69A1E07B681B681A687B681B6822F4ED
:106A600080621A600023BB617B681B685B69BB6145
:106A70007B681B689B69BB61BB697B681B681A6884
:106A80007B681B6842F400721A6085E07B685B8D4E
:106A90009BB2022B4DD1BB6B042B16D0BB6B022BD0
:106AA00013D0BB6B102B10D07B681B681A687B68F7
:106AB0001B6822F480621A607B681B681A687B6816
:106AC0001B6842F400621A6007E07B681B681A6862
:106AD0007B681B6842F480621A607B681B685B6895
:106AE00003F40063B3F5006F17D1BB6B13F5803F60
:106AF0000BD0BB6B012B08D0BB6B082B05D0BB6B3D
:106B0000102B02D0BB6B202B07D17B681B685A6807
:106B10007B681B6842F480525A6000237B617B686B
:106B20001B685B697B617B681B689B697B617B6918
:106B300032E07B681B681A687B681B6842F48062DD
:106B40001A607B681B685B6803F40063B3F5006F31
:106B500017D1BB6B13F5803F0BD0BB6B012B08D05B
:106B6000BB6B082B05D0BB6B102B02D0BB6B202B53
:106B700007D17B681B685A687B681B6842F48052A7
:106B80005A6000233B617B681B685B693B617B68E3
:106B90001B689B693B613B697B6800221A650BE0BF
:106BA0000023FB607B681B685B69FB607B681B687C
:106BB0009B69FB60FB68FFE700BF4437BD465DF89B
:106BC000047B704780B584B000AF78607B6893F831
:106BD0003D30FB737B685B8D9BB2002B2BD07B68B9
:106BE0005B6A1A787B681B681A617B685B6A5A1C4F
:106BF0007B685A627B685B8D9BB2013B9AB27B6873
:106C00005A857B685B8D9BB2002B14D1FB7B292BB3
:106C100011D17B681B685A687B681B6822F480620C
:106C20005A607B6821221A637B68282283F83D2002
:106C30007868FFF7E7F900BF1037BD4680BD80B424
:106C400083B000AF78607B685B8D9BB2002B11D066
:106C50007B685B6A1A787B681B681A617B685B6A71
:106C60005A1C7B685A627B685B8D9BB2013B9AB26F
:106C70007B685A8500BF0C37BD465DF8047B7047C2
:106C800080B584B000AF78607B6893F83D30FB73CB
:106C90007B685B8D9BB2002B2CD07B681B681A69CC
:106CA0007B685B6AD2B21A707B685B6A5A1C7B682D
:106CB0005A627B685B8D9BB2013B9AB27B685A85B6
:106CC0007B685B8D9BB2002B14D1FB7B2A2B11D1EF
:106CD0007B681B685A687B681B6822F480625A6074
:106CE0007B6822221A637B68282283F83D2078681B
:106CF000FFF792F900BF1037BD4680BD80B483B066
:106D000000AF78607B685B8D9BB2002B12D07B68F4
:106D10001B681A697B685B6AD2B21A707B685B6A0F
:106D20005A1C7B685A627B685B8D9BB2013B9AB2AE
:106D30007B685A8500BF0C37BD465DF8047B704701
:106D400080B584B000AF786039600023FB737B6846
:106D500093F83D30DBB203F02803282B25D17B6864
:106D60001B685A687B681B6822F480625A603B6823
:106D700003F00403002B01D10123FB733B6803F0F4
:106D80008003002B03D17B68DB68BB8102E07B685A
:106D90009B69BB817B68002283F83C20BA89FB7B1E
:106DA00019467868FFF742F90EE00023BB607B6864
:106DB0001B685B69BB607B681B689B69BB60BB68C9
:106DC0007B68002283F83C2000BF1037BD4680BDA1
:106DD00080B584B000AF78607B6893F83D30FB737A
:106DE0007B681B685A687B681B6822F4E0625A6003
:106DF0000023BB607B681B685B69BB607B681B68AA
:106E00001A687B681B6842F001021A60BB687B68E5
:106E10001B681A687B681B6822F480621A607B68B2
:106E20001B685B6803F40063B3F5006F72D1FB7BF2
:106E3000222B02D0FB7B2A2B35D17B689B6B1B68F6
:106E40005B689AB27B685A857B685B8D9BB2002B2E
:106E500005D07B681B6C43F004027B681A647B6876
:106E60001B685A687B681B6822F400625A607B6862
:106E70009B6B1846FDF759FE0346012B49D07B68F2
:106E80009B6B694A1A657B689B6B1846FDF72BFE66
:106E90000346002B3DD07B689B6B1B6D7A68926B21
:106EA0001046984735E07B685B6B1B685B689AB25D
:106EB0007B685A857B685B8D9BB2002B05D07B6815
:106EC0001B6C43F004027B681A647B681B685A6879
:106ED0007B681B6822F400625A607B685B6B184613
:106EE000FDF723FE0346012B14D07B685B6B4E4AF3
:106EF0001A657B685B6B1846FDF7F5FD0346002BB2
:106F000008D07B685B6B1B6D7A68526B10469847A4
:106F100000E000BF7B685B8D9BB2002B3ED07B689E
:106F20001B685B6903F00403042B12D17B681B68A8
:106F30001A697B685B6AD2B21A707B685B6A5A1CFA
:106F40007B685A627B685B8D9BB2013B9AB27B681F
:106F50005A857B681B685B6903F04003402B12D1A4
:106F60007B681B681A697B685B6AD2B21A707B689F
:106F70005B6A5A1C7B685A627B685B8D9BB2013BE3
:106F80009AB27B685A857B685B8D9BB2002B05D0DB
:106F90007B681B6C43F004027B681A647B681B6C83
:106FA000002B03D0786800F0B3F839E0FB7B2A2B84
:106FB00009D17B6800221A637B68282283F83D2070
:106FC0007868FFF729F87B6893F83D30DBB2282B0F
:106FD00011D17B68154ADA627B6800221A637B68EC
:106FE000202283F83D207B68002283F83E207868C9
:106FF000FFF72AF814E07B681B6B222B02D0FB7B87
:10700000222B0DD17B6800221A637B68202283F833
:107010003D207B68002283F83E207868FEF7FCFF65
:1070200000BF1037BD4680BD757700080000FFFF28
:1070300080B584B000AF78607B6893F83D30FB7317
:107040007B68DB6ABB60BB68082B02D0BB68202B67
:1070500029D1FB7B282B26D17B682C4ADA627B68FE
:107060001B685A687B681B6822F4E0625A607B6880
:107070001B686FF480625A617B681B681A687B68C2
:107080001B6822F480621A607B6800221A637B68A6
:10709000202283F83D207B68002283F83E20786818
:1070A000FEF7D2FF2EE0FB7B212B26D17B68174A0F
:1070B000DA627B6821221A637B68202283F83D20F4
:1070C0007B68002283F83E207B681B685A687B68D7
:1070D0001B6822F4E0625A607B681B686FF4806270
:1070E0005A617B681B681A687B681B6822F480629F
:1070F0001A607868FEF786FF04E07B681B686FF40F
:1071000080625A6100BF1037BD4680BD0000FFFF9E
:1071100080B584B000AF78607B6893F83D30FB7336
:107120007B6893F83E30BB73BB7B102B02D0BB7BDC
:10713000402B0AD1FB7B222B07D17B681B681A6886
:107140007B681B6822F400621A60FB7B03F0280353
:10715000282B07D17B6800221A637B68282283F8DA
:107160003D2015E07B681B685B6803F40063B3F5A2
:10717000006F0AD0FB7B602B07D07B68202283F84E
:107180003D207B68002283F83E207B6800221A6342
:107190007B681B685B6803F40063B3F5006F62D122
:1071A0007B681B685A687B681B6822F400625A601F
:1071B0007B685B6B93F83530DBB2012B20D07B68AA
:1071C0005B6B6A4A1A657B685B6B1846FDF78BFC44
:1071D0000346002B00F089807B681B681A687B6877
:1071E0001B6822F001021A607B68202283F83D2090
:1071F0007B685B6B1B6D7A68526B1046984774E036
:107200007B689B6B594A1A657B689B6B1846FDF738
:107210006AFC0346002B68D07B681B685B6903F03F
:107220004003402B0BD17B681B681A697B685B6A43
:10723000D2B21A707B685B6A5A1C7B685A627B68A0
:107240001B681A687B681B6822F001021A607B6861
:10725000202283F83D207B689B6B1B6D7A68926BC4
:107260001046984741E07B6893F83D30DBB2602BD5
:1072700025D17B68202283F83D207B6800221A6498
:107280007B681B685B6903F04003402B0BD17B6874
:107290001B681A697B685B6AD2B21A707B685B6A8A
:1072A0005A1C7B685A627B681B681A687B681B687B
:1072B00022F001021A607868FEF7EEFE15E07B68A6
:1072C0001B685B6903F04003402B0BD17B681B6894
:1072D0001A697B685B6AD2B21A707B685B6A5A1C57
:1072E0007B685A627868FEF7CDFE7B681B6CBB60DA
:1072F000BB6803F00103002B0ED1BB6803F002034F
:10730000002B09D1BB6803F00403002B04D1BB6838
:1073100003F00803002B07D07B681B685A687B6862
:107320001B6822F4E0625A607B6893F83D30FB737F
:107330007B681B6C03F00403042B13D1FB7B282B0D
:1073400010D17B680A4ADA627B6800221A637B6884
:10735000202283F83D207B68002283F83E20786855
:10736000FEF772FE00BF1037BD4680BD757700087E
:107370000000FFFF80B588B002AFF8607A603B6024
:107380000B467B81FB68DB6A7B617B69082B06D03F
:107390007B69012B03D07B6913F5803F08D1FB6823
:1073A0001B681A68FB681B6842F480721A600BE065
:1073B000FB681B6B122B07D1FB681B681A68FB6804
:1073C0001B6842F480721A603B6800937B6800225D
:1073D0004FF00111F86800F075FA0346002B0DD04C
:1073E000FB681B681B6803F48073B3F5807F03D1CF
:1073F000FB684FF400721A64032335E0FB681B69D5
:10740000B3F5804F08D17B89DBB21A46FB681B6855
:1074100002F0FE021A611BE07B89DB11DBB203F094
:107420000603DBB263F00F03DAB2FB681B681A6174
:107430003B687A680E49F86800F09BFA0346002B17
:1074400001D0012310E07B89DAB2FB681B681A6166
:107450003B687A680749F86800F08BFA0346002B0E
:1074600001D0012300E0002318461837BD4680BD37
:10747000080001000200010080B588B002AFF8608A
:10748000084611461A4603467B810B463B8113464C
:10749000FB80FB681B681A68FB681B6842F48072FB
:1074A0001A607B6A00933B6A00224FF00111F86872
:1074B00000F008FA0346002B0DD0FB681B681B6820
:1074C00003F48073B3F5807F03D1FB684FF400723F
:1074D0001A6403235FE07B89DBB21A46FB681B68F2
:1074E00002F0FE021A617B6A3A6A2D49F86800F0E0
:1074F00040FA0346002B01D001234CE000237B61BE
:10750000FB681B685B697B61FB681B689B697B612F
:107510007B697A6A396AF86800F0AAFA0346002B98
:107520000DD0FB681B6C042B07D1FB681B681A6825
:10753000FB681B6842F400721A6001232BE0FB8891
:10754000012B05D13B89DAB2FB681B681A6121E087
:107550003B891B0A9BB2DAB2FB681B681A617A6A24
:10756000396AF86800F084FA0346002B0DD0FB68F6
:107570001B6C042B07D1FB681B681A68FB681B682F
:1075800042F400721A60012305E03B89DAB2FB681D
:107590001B681A61002318461837BD4680BD00BF1E
:1075A0000200010080B588B002AFF86008461146BD
:1075B0001A4603467B810B463B811346FB80FB68E2
:1075C0001B681A68FB681B6842F480621A60FB68DB
:1075D0001B681A68FB681B6842F480721A607B6A39
:1075E00000933B6A00224FF00111F86800F06AF93D
:1075F0000346002B0DD0FB681B681B6803F48073E7
:10760000B3F5807F03D1FB684FF400721A64032343
:10761000AAE07B89DBB21A46FB681B6802F0FE0217
:107620001A617B6A3A6A5249F86800F0A2F9034687
:10763000002B01D0012397E000237B61FB681B68CE
:107640005B697B61FB681B689B697B617B697A6A0C
:10765000396AF86800F00CFA0346002B0DD0FB687D
:107660001B6C042B07D1FB681B681A68FB681B683E
:1076700042F400721A60012376E0FB88012B05D1E9
:107680003B89DAB2FB681B681A6121E03B891B0A5F
:107690009BB2DAB2FB681B681A617A6A396AF868C9
:1076A00000F0E6F90346002B0DD0FB681B6C042BA1
:1076B00007D1FB681B681A68FB681B6842F40072FC
:1076C0001A60012350E03B89DAB2FB681B681A613B
:1076D0007A6A396AF86800F0CBF90346002B0DD0BE
:1076E000FB681B6C042B07D1FB681B681A68FB68DE
:1076F0001B6842F400721A60012335E0FB681B68C6
:107700001A68FB681B6842F480721A607B6A0093F7
:107710003B6A00224FF00111F86800F0D3F80346ED
:10772000002B0DD0FB681B681B6803F48073B3F556
:10773000807F03D1FB684FF400721A64032313E0C7
:107740007B89DBB243F00103DAB2FB681B681A6184
:107750007B6A3A6A0649F86800F00BF90346002B89
:1077600001D0012300E0002318461837BD4680BD34
:107770000200010080B586B000AF78600023FB6096
:107780007B689B6B7B617B6993F83D30FB744B4B53
:107790001B68DB084A4AA2FB03231A0A13469B0014
:1077A0001344DA00D31AFB60FB68002B06D17B6917
:1077B0001B6C43F020027B691A640AE0FB68013B02
:1077C000FB607B691B681B6803F40073B3F5007FE3
:1077D000EAD07B695B6B002B03D07B695B6B00227B
:1077E000DA637B699B6B002B03D07B699B6B002268
:1077F000DA637B691B681A687B691B6822F4806204
:107800001A607B6900225A857B695B6B002B03D071
:107810007B695B6B00221A657B699B6B002B03D035
:107820007B699B6B00221A657B691B681A687B6900
:107830001B6822F001021A607B6993F83D30DBB2CD
:10784000602B0ED17B69202283F83D207B690022CA
:1078500083F83E207B6900221A647869FEF71CFCDD
:1078600027E0FB7C03F02803282B17D17B691B68DA
:107870001A687B691B6842F001021A607B691B6809
:107880001A687B691B6842F480621A607B69002277
:107890001A637B69282283F83D2007E07B69202258
:1078A00083F83D207B69002283F83E207869FEF74B
:1078B000E9FB00BF1837BD4680BD00BF9001002026
:1078C00089B5F81480B584B000AFF860B9603B604A
:1078D0001346FB7125E03B68B3F1FF3F21D0FCF775
:1078E000C1FF0246BB69D31A3A689A4202D33B6889
:1078F000002B16D1FB6800221A63FB68202283F854
:107900003D20FB68002283F83E20FB681B6C43F09F
:107910002002FB681A64FB68002283F83C200123E4
:1079200023E0BB681B0CDBB2012B0DD1FB681B688D
:107930005B69DA43BB6813409BB2002B0CBF012389
:107940000023DBB21A460CE0FB681B689B69DA4334
:10795000BB6813409BB2002B0CBF01230023DBB29A
:107960001A46FB799A42B6D0002318461037BD4616
:1079700080BD80B584B000AFF860B9607A603B60CC
:1079800051E0FB681B685B6903F48063B3F5806FAB
:1079900023D1FB681B681A68FB681B6842F40072FD
:1079A0001A60FB681B686FF480625A61FB680022F2
:1079B0001A63FB68202283F83D20FB68002283F8CD
:1079C0003E20FB681B6C43F00402FB681A64FB68F2
:1079D000002283F83C20012346E07B68B3F1FF3F9F
:1079E00021D0FCF73FFF02463B68D31A7A689A42DF
:1079F00002D37B68002B16D1FB6800221A63FB6858
:107A0000202283F83D20FB68002283F83E20FB689B
:107A10001B6C43F02002FB681A64FB68002283F8A9
:107A20003C20012320E0BB681B0CDBB2012B0CD1F6
:107A3000FB681B685B69DA43BB6813409BB2002B91
:107A400014BF01230023DBB20BE0FB681B689B69BA
:107A5000DA43BB6813409BB2002B14BF0123002301
:107A6000DBB2002B8DD1002318461037BD4680BDF8
:107A700080B584B000AFF860B9607A602DE0F86836
:107A800000F000F90346002B01D001232DE0BB6874
:107A9000B3F1FF3F21D0FCF7E5FE02467B68D31A25
:107AA000BA689A4202D3BB68002B16D1FB68002249
:107AB0001A63FB68202283F83D20FB68002283F8CC
:107AC0003E20FB681B6C43F02002FB681A64FB68D5
:107AD000002283F83C20012307E0FB681B685B69F8
:107AE00003F08003802BCAD1002318461037BD460F
:107AF00080BD80B584B000AFF860B9607A602DE0D9
:107B0000F86800F0BFF80346002B01D001232DE0F8
:107B1000BB68B3F1FF3F21D0FCF7A4FE02467B68AF
:107B2000D31ABA689A4202D3BB68002B16D1FB68FD
:107B300000221A63FB68202283F83D20FB680022A4
:107B400083F83E20FB681B6C43F02002FB681A643C
:107B5000FB68002283F83C20012307E0FB681B68D8
:107B60005B6903F00403042BCAD1002318461037C5
:107B7000BD4680BD80B485B000AF78600023FB6057
:107B8000134B1B68DB08134AA2FB03231A0A134694
:107B90009B001344FB60FB68013BFB60FB68002B10
:107BA00007D17B681B6C43F020027B681A640123B9
:107BB00008E07B681B681B6803F40073B3F5007F63
:107BC000E9D0002318461437BD465DF8047B7047A2
:107BD0009001002089B5F81480B584B000AFF8603A
:107BE000B9607A6042E0FB681B685B6903F01003D0
:107BF000102B19D1FB681B686FF010025A61FB68EB
:107C000000221A63FB68202283F83D20FB680022D3
:107C100083F83E20FB681A6CFB681A64FB6800223C
:107C200083F83C20012329E0FCF71CFE02467B6818
:107C3000D31ABA689A4202D3BB68002B16D1FB68EC
:107C400000221A63FB68202283F83D20FB68002293
:107C500083F83E20FB681B6C43F02002FB681A642B
:107C6000FB68002283F83C20012307E0FB681B68C7
:107C70005B6903F04003402BB5D100231846103751
:107C8000BD4680BD80B483B000AF78607B681B6860
:107C90005B6903F48063B3F5806F1BD17B681B685D
:107CA0006FF480625A617B6800221A637B6820222D
:107CB00083F83D207B68002283F83E207B681B6CA4
:107CC00043F004027B681A647B68002283F83C203E
:107CD000012300E0002318460C37BD465DF8047B05
:107CE000704780B483B000AF78607B68DB6AB3F51F
:107CF0002A0F03D17B680122DA6207E07B68DB6A26
:107D0000B3F12A4F02D17B680822DA6200BF0C3738
:107D1000BD465DF8047B704780B483B000AF7860E7
:107D200039607B6893F83D30DBB2202B29D17B682A
:107D3000242283F83D207B681B681A687B681B68D7
:107D400022F001021A607B681B685A6A7B681B6814
:107D500022F010025A627B681B68596A7B681B68B4
:107D60003A680A435A627B681B681A687B681B681A
:107D700042F001021A607B68202283F83D20002334
:107D800000E0022318460C37BD465DF8047B7047BF
:107D9000F0B58FB00AAF78607B68002B01D101236A
:107DA00016E17B681B68BB607B6893F8BD34DBB26F
:107DB000002B06D17B68002283F8BC247868FCF78E
:107DC000E3FB7B68032283F8BD24BB68DB6B03F411
:107DD0008073002B02D17B6800221A617B681B68CC
:107DE000184601F0B6FF7B681B683B607E686D46F5
:107DF00006F110040FCC0FC50FCC0FC594E803009B
:107E000085E80300331D0ECB386801F041FF0346BF
:107E1000002B05D07B68022283F8BD240123D7E024
:107E20007B681B680021184601F0A4FF0023FB7348
:107E30004AE0FA7B79681346DB0013449B000B444D
:107E40003D3301221A70FA7B79681346DB00134434
:107E50009B000B443C33FA7B1A70FA7BFB7B98B295
:107E600079681346DB0013449B000B4444330246FD
:107E70001A80FA7B79681346DB0013449B000B449D
:107E8000403300221A70FA7B79681346DB001344F2
:107E90009B000B44483300221A60FA7B7968134632
:107EA000DB0013449B000B444C3300221A60FA7B26
:107EB00079681346DB0013449B000B4454330022C3
:107EC0001A60FB7B0133FB73FA7B7B685B689A4229
:107ED000AFD30023FB7344E0FA7B79681346DB00E1
:107EE00013449B000B4403F27D2300221A70FA7B9B
:107EF00079681346DB0013449B000B4403F51F73A2
:107F0000FA7B1A70FA7B79681346DB0013449B00F6
:107F10000B4403F5207300221A70FA7B796813462C
:107F2000DB0013449B000B4403F5227300221A600C
:107F3000FA7B79681346DB0013449B000B4403F57E
:107F4000237300221A60FA7B79681346DB0013441E
:107F50009B000B4403F5257300221A60FB7B013361
:107F6000FB73FA7B7B685B689A42B5D37B681B68BE
:107F70003B607E686D4606F110040FCC0FC50FCC38
:107F80000FC594E8030085E80300331D0ECB386865
:107F900001F03CFF0346002B05D07B68022283F8EA
:107FA000BD24012314E07B68002283F838207B681D
:107FB000012283F8BD247B685B6A012B02D17868BB
:107FC00000F00AF87B681B68184602F0FAF80023F4
:107FD00018461437BD46F0BD80B485B000AF786058
:107FE0007B681B68FB607B680122C3F800257B6807
:107FF000002283F8F424FB689B6943F00062FB686D
:108000009A61FB685B6D43F0805343F00303FA68A9
:108010005365002318461437BD465DF8047B70474E
:1080200080B582B000AF00237B6000233B60204B13
:108030001B6C1F4A43F0805313641D4B1B6C03F0F1
:1080400080533B603B681B4B01221A60FCF70AFC23
:10805000786009E0FCF706FC02467B68D31AB3F5AA
:108060007A7F01D903231FE0134B5B6803F480334D
:10807000B3F5803FEED1114B01221A60FCF7F2FB01
:10808000786009E0FCF7EEFB02467B68D31AB3F593
:108090007A7F01D9032307E0074B5B6803F40033C1
:1080A000B3F5003FEED1002318460837BD4680BD2A
:1080B0000038024040000E420070004044000E4272
:1080C00080B584B000AF786039607B68002B01D147
:1080D0000123CCE0684B1B6803F00F033A689A4217
:1080E0000CD9654B3A68D2B21A70634B1B6803F027
:1080F0000F033A689A4201D00123B8E07B681B68FD
:1081000003F00203002B20D07B681B6803F00403FC
:10811000002B05D0594B9B68584A43F4E0539360B9
:108120007B681B6803F00803002B05D0534B9B684A
:10813000524A43F460439360504B9B6823F0F00233
:108140007B689B684D4913438B607B681B6803F019
:108150000103002B44D07B685B68012B07D1474BA0
:108160001B6803F40033002B19D101237FE07B68E7
:108170005B68022B03D07B685B68032B07D13F4B06
:108180001B6803F00073002B09D101236FE03B4B08
:108190001B6803F00203002B01D1012367E0374B7A
:1081A0009B6823F003027B685B68344913438B6050
:1081B000FCF758FBF8600AE0FCF754FB0246FB684A
:1081C000D31A41F28832934201D903234FE02B4B5B
:1081D0009B6803F00C027B685B689B009A42EBD1C2
:1081E000254B1B6803F00F033A689A420CD2224BCE
:1081F0003A68D2B21A70204B1B6803F00F033A683A
:108200009A4201D0012332E07B681B6803F004032B
:10821000002B08D0194B9B6823F4E0527B68DB6885
:10822000164913438B607B681B6803F00803002B1F
:1082300009D0124B9B6823F460427B681B69DB000A
:108240000E4913438B6000F06BFB02460B4B9B689F
:108250001B0903F00F030A49CB5C22FA03F3094A16
:108260001360094B1B681846FCF7B8FA0023184640
:108270001037BD4680BD00BF003C024000380240C0
:10828000246D030890010020AC01002080B400AFF1
:10829000034B1B681846BD465DF8047B704700BF62
:1082A0009001002080B500AFFFF7F0FF0246054BBC
:1082B0009B689B0A03F007030349CB5C22FA03F394
:1082C000184680BD00380240346D030880B58CB07C
:1082D00000AF786000237B6200233B620023FB61D8
:1082E0000023BB6100237B6100233B610023FB6013
:1082F0000023FB620023BB627B681B6803F0010361
:10830000002B10D06F4BD3F88C3023F0C0627B6809
:108310009B6B6C491343C1F88C307B689B6B002BC3
:1083200001D10123FB627B681B6803F00203002B71
:1083300010D0644BD3F88C3023F0C0527B68DB6BD9
:1083400060491343C1F88C307B68DB6B002B01D193
:108350000123FB627B681B6803F00403002B17D02A
:10836000584BD3F88C3023F440127B681B6B554973
:108370001343C1F88C307B681B6BB3F5801F01D1B0
:108380000123FB627B681B6B002B01D10123BB62C5
:108390007B681B6803F00803002B17D0494BD3F808
:1083A0008C3023F440027B685B6B46491343C1F871
:1083B0008C307B685B6BB3F5800F01D10123FB62CE
:1083C0007B685B6B002B01D10123BB627B681B6860
:1083D00003F02003002B00F08A800023BB60394BA0
:1083E0001B6C384A43F080531364364B1B6C03F00C
:1083F0008053BB60BB68344B1B68334A43F48073C3
:108400001360FCF72FFA786208E0FCF72BFA0246BB
:108410007B6AD31A022B01D9032378E22A4B1B680B
:1084200003F48073002BF0D0264B1B6F03F44073D2
:108430003B623B6A002B2FD07B681B6C03F44073BC
:108440003A6A9A4228D01F4B1B6F23F440733B6259
:108450001E4B01221A601D4B00221A60194A3B6A0A
:108460001367184B1B6F03F00103012B14D1FCF7AA
:10847000F9F978620AE0FCF7F5F902467B6AD31A4B
:1084800041F28832934201D9032340E20D4B1B6F26
:1084900003F00203002BEED07B681B6C03F44073E7
:1084A000B3F5407F14D1074B9B6823F4F8127B6827
:1084B0001B6C23F0704323F44073024913438B6019
:1084C0000CE000BF0038024000700040400E474200
:1084D0004A4B9B68494A23F4F8139360474B1A6F41
:1084E0007B681B6CC3F30B03444913430B677B6826
:1084F0001B6803F01003002B04D07B6893F858200E
:108500003F4B1A607B681B6803F08003002B0AD086
:108510003A4BD3F8943023F440027B68DB6C374944
:108520001343C1F894307B681B6803F04003002BB1
:108530000AD0324BD3F8943023F080627B689B6C76
:108540002E491343C1F894307B681B6803F4807391
:10855000002B11D0294BD3F8943023F000627B68B4
:108560005B6D26491343C1F894307B685B6DB3F1B2
:10857000006F01D10123BB627B681B6803F40073A9
:10858000002B0AD01D4BD3F8943023F080527B6827
:108590005B6C1A491343C1F894307B681B6803F481
:1085A0008063002B11D0154BD3F8943023F0005288
:1085B0007B681B6D11491343C1F894307B681B6DB8
:1085C000B3F1005F01D10123FB62FB6A012B05D0EF
:1085D0007B681B68B3F5006F40F0FF80094B0022F9
:1085E0001A60FCF73FF978620EE0FCF73BF90246AF
:1085F0007B6AD31A022B07D9032388E10038024093
:10860000E0114742680047427E4B1B6803F000635D
:10861000002BEAD17B681B6803F00103002B03D019
:108620007B689B6B002B09D07B681B6803F00203FF
:10863000002B28D07B68DB6B002B24D1714BD3F847
:1086400084301B0C03F0030301335B00FB616D4BB3
:10865000D3F884301B0E03F00F03BB617B685A68AC
:108660007B689B689B011A43FB695B08013B1B0409
:108670001A43BB691B061A437B685B691B07614988
:108680001343C1F884307B681B6803F00403002B9C
:1086900004D07B681B6BB3F5801F0AD07B681B6816
:1086A00003F00803002B35D07B685B6BB3F5800FBC
:1086B00030D1544BD3F884301B0C03F00303013347
:1086C0005B00FB614F4BD3F884301B0F03F00703B3
:1086D0007B617B685A687B689B689B011A43FB69D6
:1086E0005B08013B1B041A437B681B691B061A438A
:1086F0007B691B0743491343C1F88430414BD3F8CE
:108700008C3023F01F027B689B6A013B3D49134379
:10871000C1F88C307B681B6803F48063002B29D080
:108720007B681B6DB3F1005F24D1364BD3F88430E6
:108730001B0C03F0030301335B00BB61314BD3F827
:1087400084301B0F03F007037B617B685A687B68EA
:108750009B689B011A437B68DB685B08013B1B0439
:108760001A43BB691B061A437B691B072549134340
:10877000C1F884307B681B6803F40063002B16D0BB
:108780007B685A687B689B689B011A437B68DB683F
:108790005B08013B1B041A437B681B691B061A43D9
:1087A0007B685B691B0717491343C1F88430164B7C
:1087B00001221A60FCF756F8786208E0FCF752F8DC
:1087C00002467B6AD31A022B01D903239FE00D4B8B
:1087D0001B6803F00063002BF0D0BB6A012B40F054
:1087E00095800A4B00221A60FCF73CF878620FE093
:1087F000FCF738F802467B6AD31A022B08D9032308
:1088000085E000BF003802406800474270004742E0
:10881000414B1B6803F00053B3F1005FE8D07B6865
:108820001B6803F00403002B03D07B681B6B002B39
:1088300009D07B681B6803F00803002B2BD07B68F2
:108840005B6B002B27D1344BD3F888301B0C03F023
:10885000030301335B003B617B689A697B68DB69DA
:108860009B011A433B695B08013B1B041A437B686D
:108870005B6A1B0628491343C1F88830264BD3F89E
:108880008C3023F4F8527B68DB6A013B1B022249DF
:108890001343C1F88C307B681B6803F48073002B92
:1088A0001DD07B685B6DB3F1006F18D11A4BD3F804
:1088B00088301B0E03F00F03FB607B689A697B68AE
:1088C000DB699B011A437B681B6A5B08013B1B0445
:1088D0001A43FB681B0610491343C1F888300F4B3D
:1088E00001221A60FBF7BEFF786208E0FBF7BAFFCF
:1088F00002467B6AD31A022B01D9032307E0064BF9
:108900001B6803F00053B3F1005FEFD1002318465A
:108910003037BD4680BD00BF00380240700047427E
:108920002DE9B04FAEB000AF0023C7F8AC30002344
:10893000C7F8B4300023C7F8A8300023C7F8A43024
:108940000023C7F8B030CB4B9B6803F00C030C2B13
:1089500000F2068201A252F823F000BF91890008BC
:10896000618D0008618D0008618D000899890008FB
:10897000618D0008618D0008618D0008A1890008E3
:10898000618D0008618D0008618D0008918B0008E1
:10899000B94BC7F8B030E7E1B84BC7F8B030E3E106
:1089A000B44B5B6803F03F03C7F8AC30B14B5B6876
:1089B00003F48003002B71D0AE4B5B689B0900224F
:1089C000C7F89830C7F89C20D7F89830C3F308034D
:1089D000C7F890300023C7F89430D7E924452246E1
:1089E0002B464FF000004FF00001590141EAD261DF
:1089F000500102460B462146511A3964294663EB61
:108A000001037B644FF000024FF00003D7E91089A7
:108A100049468B01414643EA916341468A014146FA
:108A2000511AB963494663EB0103FB634FF000023F
:108A30004FF00003D7E90E894946CB00414643EA8F
:108A400051734146CA0010461946034622469B18F8
:108A50003B632B460A4642EB03037B634FF0000265
:108A60004FF00003D7E90C4529464B02214643EA63
:108A7000D15321464A0210461946D7F8AC3000229D
:108A8000C7F88830C7F88C20D7E92223F8F7ACF86C
:108A900002460B461346C7F8B43067E0754B5B6877
:108AA0009B090022C7F88030C7F88420D7F88030AF
:108AB000C3F30803BB670023FB67D7E91E452246C3
:108AC0002B464FF000004FF00001590141EAD261FE
:108AD000500102460B462146511AB962294663EB02
:108AE0000103FB624FF000024FF00003D7E90A894F
:108AF00049468B01414643EA916341468A0141461A
:108B0000B2EB010A494663EB010B4FF000024FF054
:108B100000034FEACB0343EA5A734FEACA02924674
:108B20009B4623461AEB03033B622B464BEB0303A6
:108B30007B624FF000024FF00003D7E90845294659
:108B40008B02214643EA915321468A021046194678
:108B5000D7F8AC3000223B677A67D7E91C23F8F7D7
:108B600043F802460B461346C7F8B430414B5B68E6
:108B70001B0C03F0030301335B00C7F8A830D7F8E0
:108B8000B420D7F8A830B2FBF3F3C7F8B030EBE06D
:108B9000384B5B6803F03F03C7F8AC30354B5B687C
:108BA00003F48003002B6BD0324B5B689B090022DF
:108BB000BB66FA66BB6EC3F308033B6600237B66A5
:108BC000D7E9184522462B464FF000004FF0000130
:108BD000590141EAD261500102460B462146511A21
:108BE000B961294663EB0103FB614FF000024FF0CE
:108BF0000003D7E906AB59468B01514643EA91631E
:108C000051468A015146B2EB0108594663EB01090E
:108C10004FF000024FF000034FEAC90343EA5873D4
:108C20004FEAC80290469946234618EB03033B617E
:108C30002B4649EB03037B614FF000024FF000032A
:108C4000D7E9044529464B02214643EAD153214640
:108C50004A0210461946D7F8AC300022BB65FA65C7
:108C6000D7E91623F7F7C0FF02460B461346C7F8AD
:108C7000B43065E0003802400024F40000127A00AD
:108C80003D4B5B689B09002218461146C0F3080360
:108C90003B6500237B65D7E9148942464B464FF07C
:108CA00000004FF00001590141EAD2615001024633
:108CB0000B464146511AB960494663EB0103FB601C
:108CC0004FF000024FF00003D7E902AB59468B0189
:108CD000514643EA916351468A015146541A594616
:108CE00063EB01054FF000024FF00003EB0043EA95
:108CF0005473E20014461D464346E3183B604B465E
:108D000045EB03037B604FF000024FF00003D7E90F
:108D1000004529468B02214643EA915321468A02A7
:108D200010461946D7F8AC300022BB64FA64D7E984
:108D30001223F7F759FF02460B461346C7F8B43023
:108D40000D4B5B681B0F03F00703C7F8A430D7F87F
:108D5000B420D7F8A430B2FBF3F3C7F8B03003E087
:108D6000064BC7F8B03000BFD7F8B0301846B83758
:108D7000BD46BDE8B08F00BF003802400024F400BB
:108D800080B586B000AF78607B68002B01D10123ED
:108D90008DE27B681B6803F00103002B00F08380E9
:108DA000944B9B6803F00C03042B19D0914B9B68E8
:108DB00003F00C03082B06D18E4B5B6803F4800391
:108DC000B3F5800F0CD08B4B9B6803F00C030C2B7E
:108DD00012D1884B5B6803F48003B3F5800F0BD18D
:108DE000844B1B6803F40033002B5BD07B685B680B
:108DF000002B57D101235AE27B685B68B3F5803FB3
:108E000006D17C4B1B687B4A43F4803313601DE022
:108E10007B685B68B3F5A02F0CD1764B1B68754A55
:108E200043F480231360734B1B68724A43F480330E
:108E300013600BE06F4B1B686E4A23F480331360A2
:108E40006C4B1B686B4A23F4802313607B685B6860
:108E5000002B13D0FBF706FD386108E0FBF702FD9D
:108E600002463B69D31A642B01D903231FE2614BED
:108E70001B6803F40033002BF0D014E0FBF7F2FC86
:108E8000386108E0FBF7EEFC02463B69D31A642B1D
:108E900001D903230BE2574B1B6803F40033002B6B
:108EA000F0D100E000BF7B681B6803F00203002BD9
:108EB0006FD0504B9B6803F00C03002B17D04D4B29
:108EC0009B6803F00C03082B05D14A4B5B6803F445
:108ED0008003002B0BD0474B9B6803F00C030C2B3B
:108EE0001CD1444B5B6803F48003002B16D1414B2B
:108EF0001B6803F00203002B05D07B68DB68012BA5
:108F000001D00123D3E13B4B1B6823F0F8027B68BF
:108F10001B69DB00374913430B603AE07B68DB6871
:108F2000002B20D0344B01221A60FBF79BFC3861E8
:108F300008E0FBF797FC02463B69D31A022B01D9E4
:108F40000323B4E12B4B1B6803F00203002BF0D08A
:108F5000284B1B6823F0F8027B681B69DB0025495E
:108F600013430B6015E0244B00221A60FBF77AFCD8
:108F7000386108E0FBF776FC02463B69D31A022B06
:108F800001D9032393E11B4B1B6803F00203002B61
:108F9000F0D17B681B6803F00803002B36D07B6898
:108FA0005B69002B16D0154B01221A60FBF75AFCA7
:108FB000386108E0FBF756FC02463B69D31A022BE6
:108FC00001D9032373E10B4B5B6F03F00203002B0A
:108FD000F0D01BE0094B00221A60FBF743FC38611C
:108FE0000EE0FBF73FFC02463B69D31A022B07D980
:108FF00003235CE10038024000004742800E4742F4
:109000008A4B5B6F03F00203002BEAD17B681B687D
:1090100003F00403002B00F097800023FB75834BC3
:109020001B6C03F08053002B0FD10023BB607F4BE0
:109030001B6C7E4A43F0805313647C4B1B6C03F023
:109040008053BB60BB680123FB75794B1B6803F43D
:109050008073002B18D1764B1B68754A43F48073DC
:109060001360FBF7FFFB386108E0FBF7FBFB0246F0
:109070003B69D31A022B01D9032318E16C4B1B68FF
:1090800003F48073002BF0D07B689B68012B06D122
:10909000664B1B6F654A43F0010313671CE07B6856
:1090A0009B68052B0CD1614B1B6F604A43F0040396
:1090B00013675E4B1B6F5D4A43F0010313670BE0C0
:1090C0005A4B1B6F594A23F001031367574B1B6F11
:1090D000564A23F0040313677B689B68002B15D066
:1090E000FBF7C0FB38610AE0FBF7BCFB02463B69BB
:1090F000D31A41F28832934201D90323D7E04B4B74
:109100001B6F03F00203002BEED014E0FBF7AAFB69
:1091100038610AE0FBF7A6FB02463B69D31A41F22D
:109120008832934201D90323C1E0404B1B6F03F007
:109130000203002BEED1FB7D012B05D13B4B1B6CB9
:109140003A4A23F0805313647B689B69002B00F03C
:10915000AD80364B9B6803F00C03082B60D07B6816
:109160009B69022B45D1334B00221A60FBF77AFB37
:10917000386108E0FBF776FB02463B69D31A022B05
:1091800001D9032393E0294B1B6803F00073002BE4
:10919000F0D17B68DA697B681B6A1A437B685B6A7B
:1091A0009B011A437B689B6A5B08013B1B041A43C3
:1091B0007B68DB6A1B061A437B681B6B1B071B491A
:1091C00013434B601B4B01221A60FBF74BFB3861CA
:1091D00008E0FBF747FB02463B69D31A022B01D993
:1091E000032364E0114B1B6803F00073002BF0D0E5
:1091F0005CE0104B00221A60FBF734FB386108E09A
:10920000FBF730FB02463B69D31A022B01D903233B
:109210004DE0064B1B6803F00073002BF0D145E0D6
:109220007B689B69012B07D1012340E00038024095
:1092300000700040600047421F4B5B68FB607B682A
:109240009B69012B30D0FB6803F480027B68DB69EB
:109250009A4229D1FB6803F03F027B681B6A9A425D
:1092600022D1FA6847F6C07313407A68526A9201B5
:10927000934219D1FB6803F440327B689B6A5B0818
:10928000013B1B049A420FD1FB6803F070627B68BC
:10929000DB6A1B069A4207D1FB6803F0E0427B6859
:1092A0001B6B1B079A4201D0012300E000231846E4
:1092B0001837BD4680BD00BF0038024080B582B07F
:1092C00000AF78607B68002B01D1012341E07B680F
:1092D00093F83D30DBB2002B06D17B68002283F887
:1092E0003C207868FBF7E0F87B68022283F83D2099
:1092F0007B681A687B6804331946104600F0FEFA52
:109300007B68012283F846207B68012283F83E2097
:109310007B68012283F83F207B68012283F840208C
:109320007B68012283F841207B68012283F8422078
:109330007B68012283F843207B68012283F8442064
:109340007B68012283F845207B68012283F83D2059
:10935000002318460837BD4680BD000080B485B0A4
:1093600000AF78607B6893F83D30DBB2012B01D011
:10937000012346E07B68022283F83D207B681B685E
:10938000234A934222D07B681B68B3F1804F1DD0E3
:109390007B681B681F4A934218D07B681B681E4A73
:1093A000934213D07B681B681C4A93420ED07B68A3
:1093B0001B681B4A934209D07B681B68194A934279
:1093C00004D07B681B68184A934211D17B681B68E4
:1093D0009B6803F00703FB60FB68062B10D07B68DB
:1093E0001B681A687B681B6842F001021A6007E07C
:1093F0007B681B681A687B681B6842F001021A6070
:10940000002318461437BD465DF8047B704700BF43
:10941000000001400004004000080040000C004033
:1094200000040140004001400018004080B485B0B5
:1094300000AF78607B6893F83D30DBB2012B01D040
:1094400001234EE07B68022283F83D207B681B6885
:10945000DA687B681B6842F00102DA607B681B688F
:10946000234A934222D07B681B68B3F1804F1DD002
:109470007B681B681F4A934218D07B681B681E4A92
:10948000934213D07B681B681C4A93420ED07B68C2
:109490001B681B4A934209D07B681B68194A934298
:1094A00004D07B681B68184A934211D17B681B6803
:1094B0009B6803F00703FB60FB68062B10D07B68FA
:1094C0001B681A687B681B6842F001021A6007E09B
:1094D0007B681B681A687B681B6842F001021A608F
:1094E000002318461437BD465DF8047B704700BF63
:1094F000000001400004004000080040000C004053
:1095000000040140004001400018004080B582B0D6
:1095100000AF78607B681B681B6903F00203022BB5
:1095200022D17B681B68DB6803F00203022B1BD18E
:109530007B681B686FF002021A617B6801221A7750
:109540007B681B689B6903F00303002B03D07868DA
:1095500000F0B5F905E0786800F0A7F9786800F048
:10956000B8F97B6800221A777B681B681B6903F0D7
:109570000403042B22D17B681B68DB6803F004031F
:10958000042B1BD17B681B686FF004021A617B6897
:1095900002221A777B681B689B6903F44073002BD7
:1095A00003D0786800F08BF905E0786800F07DF969
:1095B000786800F08EF97B6800221A777B681B6858
:1095C0001B6903F00803082B22D17B681B68DB684A
:1095D00003F00803082B1BD17B681B686FF008029F
:1095E0001A617B6804221A777B681B68DB6903F0C9
:1095F0000303002B03D0786800F061F905E0786878
:1096000000F053F9786800F064F97B6800221A775B
:109610007B681B681B6903F01003102B22D17B6849
:109620001B68DB6803F01003102B1BD17B681B68E1
:109630006FF010021A617B6808221A777B681B683A
:10964000DB6903F44073002B03D0786800F037F92E
:1096500005E0786800F029F9786800F03AF97B684D
:1096600000221A777B681B681B6903F00103012B3A
:109670000ED17B681B68DB6803F00103012B07D167
:109680007B681B686FF001021A617868FAF700FDC9
:109690007B681B681B6903F08003802B0ED17B68FD
:1096A0001B68DB6803F08003802B07D17B681B6895
:1096B0006FF080021A61786800F0E0FA7B681B683E
:1096C0001B6903F04003402B0ED17B681B68DB68ED
:1096D00003F04003402B07D17B681B686FF040020A
:1096E0001A61786800F0FFF87B681B681B6903F05B
:1096F0002003202B0ED17B681B68DB6803F020035E
:10970000202B07D17B681B686FF020021A617868F4
:1097100000F0AAFA00BF0837BD4680BD80B584B00E
:1097200000AF786039600023FB737B6893F83C30AE
:10973000012B01D10223B4E07B68012283F83C2095
:109740007B68022283F83D207B681B689B68BB60B6
:10975000BB6823F07703BB60BB6823F47F43BB6027
:109760007B681B68BA689A603B681B68B3F5005F4A
:109770003ED0B3F5005F00F28780B3F5805F00F064
:109780008680B3F5805F7FD8702B1AD0702B7BD882
:10979000602B50D0602B77D8502B3CD0502B73D8F7
:1097A000402B58D0402B6FD8302B64D0302B6BD847
:1097B000202B60D0202B67D8002B5CD0102B5AD0E8
:1097C00062E07B6818683B6899683B685A683B6848
:1097D000DB6800F0ADF97B681B689B68BB60BB6809
:1097E00043F07703BB607B681B68BA689A604FE000
:1097F0007B6818683B6899683B685A683B68DB6817
:1098000000F096F97B681B689A687B681B6842F4D5
:1098100080429A603CE07B6818683B6859683B6806
:10982000DB681A4600F00AF97B681B68502118466D
:1098300000F063F92CE07B6818683B6859683B6866
:10984000DB681A4600F029F97B681B68602118461E
:1098500000F053F91CE07B6818683B6859683B6866
:10986000DB681A4600F0EAF87B681B68402118465E
:1098700000F043F90CE07B681A683B681B681946E6
:10988000104600F03AF903E00123FB7300E000BF4B
:109890007B68012283F83D207B68002283F83C200E
:1098A000FB7B18461037BD4680BD80B483B000AF47
:1098B000786000BF0C37BD465DF8047B704780B40C
:1098C00083B000AF786000BF0C37BD465DF8047B05
:1098D000704780B483B000AF786000BF0C37BD46DE
:1098E0005DF8047B704780B483B000AF786000BF40
:1098F0000C37BD465DF8047B7047000080B485B02E
:1099000000AF786039607B681B68FB607B68404A09
:10991000934213D07B68B3F1804F0FD07B683D4AF0
:1099200093420BD07B683C4A934207D07B683B4A0A
:10993000934203D07B683A4A934208D1FB6823F0F4
:109940007003FB603B685B68FA681343FB607B68ED
:109950002F4A93422BD07B68B3F1804F27D07B688E
:109960002C4A934223D07B682B4A93421FD07B68BA
:109970002A4A93421BD07B68294A934217D07B68BE
:10998000284A934213D07B68274A93420FD07B68C2
:10999000264A93420BD07B68254A934207D07B68C6
:1099A000244A934203D07B68234A934208D1FB6840
:1099B00023F44073FB603B68DB68FA681343FB6089
:1099C000FB6823F080023B685B691343FB607B68A4
:1099D000FA681A603B689A687B68DA623B681A68C2
:1099E0007B689A627B680A4A934203D07B680C4A80
:1099F000934203D13B681A697B681A637B68012232
:109A00005A6100BF1437BD465DF8047B704700BF44
:109A1000000001400004004000080040000C00402D
:109A20000004014000400140004401400048014062
:109A300000180040001C00400020004080B487B0A7
:109A400000AFF860B9607A60FB681B6A7B61FB68F5
:109A50001B6A23F00102FB681A62FB689B693B6189
:109A60003B6923F0F0033B617B681B013A691343B8
:109A70003B617B6923F00A037B617A69BB6813430E
:109A80007B61FB683A699A61FB687A691A6200BF78
:109A90001C37BD465DF8047B704780B487B000AFCB
:109AA000F860B9607A60FB681B6A23F01002FB68FB
:109AB0001A62FB689B697B61FB681B6A3B617B697F
:109AC00023F470437B617B681B037A6913437B61DA
:109AD0003B6923F0A0033B61BB681B013A69134358
:109AE0003B61FB687A699A61FB683A691A6200BF58
:109AF0001C37BD465DF8047B704780B485B000AF6D
:109B0000786039607B689B68FB60FB6823F07003BA
:109B1000FB603A68FB68134343F00703FB607B6814
:109B2000FA689A6000BF1437BD465DF8047B704741
:109B300080B487B000AFF860B9607A603B60FB68C2
:109B40009B687B617B6923F47F437B613B681A02DE
:109B50007B681A43BB6813437A6913437B61FB68D4
:109B60007A699A6000BF1C37BD465DF8047B704778
:109B700080B485B000AF786039607B6893F83C3082
:109B8000012B01D102235AE07B68012283F83C209B
:109B90007B68022283F83D207B681B685B68FB6062
:109BA0007B681B689B68BB60FB6823F07003FB60ED
:109BB0003B681B68FA681343FB607B681B68FA68A4
:109BC0005A607B681B68214A934222D07B681B68DD
:109BD000B3F1804F1DD07B681B681D4A934218D09B
:109BE0007B681B681B4A934213D07B681B681A4A28
:109BF00093420ED07B681B68184A934209D07B6859
:109C00001B68174A934204D07B681B68154A93422D
:109C10000CD1BB6823F08003BB603B685B68BA680B
:109C20001343BB607B681B68BA689A607B6801223B
:109C300083F83D207B68002283F83C2000231846EF
:109C40001437BD465DF8047B704700BF000001403B
:109C50000004004000080040000C004000040140E7
:109C6000004001400018004080B483B000AF78602D
:109C700000BF0C37BD465DF8047B704780B483B0ED
:109C800000AF786000BF0C37BD465DF8047B7047BD
:109C900084B080B584B000AF786007F11C0080E824
:109CA0000E003B6B012B22D17B689B6B23F480322F
:109CB0007B689A637B68DB6823F4840323F04003AA
:109CC0007A68D3607B68DB6823F440127B68DA60D3
:109CD000FB6C012B05D17B68DB6843F480127B6849
:109CE000DA60786800F09CFA0346FB731AE07B6840
:109CF000DB6843F040027B68DA60786800F090FA35
:109D00000346FB733B6C002B06D17B689B6B43F4D3
:109D100080327B689A6305E07B689B6B23F480321A
:109D20007B689A63BB6A012B0BD17B689B6843F00D
:109D300006027B689A607B689B6843F020027B6820
:109D40009A60FB7B18461037BD46BDE8804004B0E2
:109D5000704780B483B000AF78607B689B6823F065
:109D600001027B689A60002318460C37BD465DF8F7
:109D7000047B704780B584B000AF78600B46FB7001
:109D80000023FB607B68DB6823F0C0427B68DA60FD
:109D9000FB78012B15D17B68DB6843F000527B68B0
:109DA000DA600120FAF76AFDFB680133FB6078682E
:109DB00000F028FA0346012B1ED0FB68312BF0D9A6
:109DC0001AE0FB78002B15D17B68DB6843F08042FA
:109DD0007B68DA600120FAF751FDFB680133FB6014
:109DE000786800F00FFA0346002B05D0FB68312B92
:109DF000F0D901E0012305E0FB68322B01D10123FA
:109E000000E0002318461037BD4680BD84B080B501
:109E100086B000AF786007F1240080E80E000023D0
:109E2000FB757B68FB6000233B6109E07A683B6956
:109E300040339B00134400225A603B6901333B616D
:109E40003B690E2BF2D9FB6C002B1CD1FB6803F590
:109E500000635B68FA6802F5006243F00203536036
:109E60007B689B6B23F400127B689A637B681B689A
:109E700043F040027B681A607B681B6843F08002F5
:109E80007B681A6005E07B689B6B43F400127B687B
:109E90009A63FB6803F560631A4600231360FB684E
:109EA00003F500631946FB6803F500631A460B6867
:109EB0001360BB6B012B0CD1FB6A002B04D100217A
:109EC000786800F065F908E00121786800F060F931
:109ED00003E00321786800F05BF91021786800F056
:109EE000F3F80346002B01D00123FB75786800F0DE
:109EF0001FF90346002B01D00123FB75FB6803F516
:109F000000631A4600231361FB6803F500631A46D9
:109F100000235361FB6803F500631A460023D361F5
:109F200000233B6143E03B695A01FB68134403F59E
:109F300010631B6803F00043B3F1004F18D13B6975
:109F4000002B0AD13B695A01FB68134403F51063E7
:109F50001A464FF00063136013E03B695A01FB6837
:109F6000134403F510631A464FF09043136008E062
:109F70003B695A01FB68134403F510631A4600233A
:109F800013603B695A01FB68134403F510631A46DA
:109F9000002313613B695A01FB68134403F5106306
:109FA0001A464FF67F3393603B6901333B617B6A0E
:109FB0003A699A42B7D300233B6143E03B695A01B7
:109FC000FB68134403F530631B6803F00043B3F1EF
:109FD000004F18D13B69002B0AD13B695A01FB683D
:109FE000134403F530631A464FF00063136013E027
:109FF0003B695A01FB68134403F530631A464FF07E
:10A000009043136008E03B695A01FB68134403F571
:10A0100030631A46002313603B695A01FB681344FE
:10A0200003F530631A46002313613B695A01FB684C
:10A03000134403F530631A464FF67F3393603B6950
:10A0400001333B617B6A3A699A42B7D3FB6803F5F7
:10A0500000631B69FA6802F5006223F480731361E0
:10A060007B6800229A617B686FF080425A613B6B8B
:10A07000002B05D17B689B6943F010027B689A61D5
:10A080007B689A690F4B13437A689361FB6B002BD3
:10A0900005D07B689B6943F008027B689A61FB6C82
:10A0A000012B07D17B689B6943F0804343F0040395
:10A0B0007A689361FB7D18461837BD46BDE880403D
:10A0C00004B0704700383C8080B485B000AF786041
:10A0D00039600023FB60FB680133FB60FB68134AB7
:10A0E000934201D903231BE07B681B69002BF2DA42
:10A0F0000023FB603B689B0143F020027B681A61F0
:10A10000FB680133FB60FB68084A934201D90323D3
:10A1100006E07B681B6903F02003202BF0D00023AE
:10A1200018461437BD465DF8047B7047400D0300A8
:10A1300080B485B000AF78600023FB60FB6801331A
:10A14000FB60FB68114A934201D9032318E07B6846
:10A150001B69002BF2DA0023FB607B6810221A6176
:10A16000FB680133FB60FB68084A934201D9032373
:10A1700006E07B681B6903F01003102BF0D000236E
:10A1800018461437BD465DF8047B7047400D030048
:10A1900080B485B000AF78600B46FB707B68FB60D5
:10A1A000FB6803F500631A68FB78F96801F5006144
:10A1B00013430B60002318461437BD465DF8047B3B
:10A1C000704780B485B000AF78607B68FB60FB6847
:10A1D00003F560631B68FA6802F5606223F003030D
:10A1E0001360FB6803F500635B68FA6802F50062C0
:10A1F00043F002035360002318461437BD465DF850
:10A20000047B704780B483B000AF78607B685B6983
:10A2100003F0010318460C37BD465DF8047B704718
:10A2200080B485B000AF78600023FB60FB68013329
:10A23000FB60FB68134A934201D903231BE07B6850
:10A240001B69002BF2DA0023FB607B681B6943F07B
:10A2500001027B681A61FB680133FB60FB68094AF5
:10A26000934201D9032306E07B681B6903F00103D5
:10A27000012BF0D0002318461437BD465DF8047B4F
:10A28000704700BF400D030080B483B000AF0346A9
:10A29000FB7197F90730002B02D097F9073000E0E7
:10A2A000002318460C37BD465DF8047B704790B517
:10A2B00089B002AFF860B9607A603B6000233B610F
:10A2C0000023FB754BE0FB681B7803F00603022BB1
:10A2D0000FD0FB681B7803F00603042B09D0FB6842
:10A2E0001B7803F00603062B03D07B689B68002BCA
:10A2F00029D07B6800221A607B681A697B685B68DA
:10A30000D0187B68DA687B685B68D11A7B6803F1D8
:10A3100008043B6807F110020093234601F02BFC70
:10A3200003461A46BB681A70BB6893F90030002BCD
:10A3300003D0BB6893F9003020E07B685A683B6922
:10A340001A447B685A603A687968002000F0B8FCCB
:10A3500003461A46BB681A70FB6800221A70FB6835
:10A360001B78002B03D17B689B68002B04D0BB6853
:10A3700093F90030002BA6D097F9173018461C37F8
:10A38000BD4690BD90B58FB002AFF860B9607A60FD
:10A39000002210217B48FAF76BFD0023BB627B682B
:10A3A000002B02D0FB68002B02D14FF0FF33E4E01A
:10A3B000BB68002B02D16FF00503DEE0BA68002114
:10A3C000F86807F045FC07F1100314220021184635
:10A3D00007F03EFCFB683B62BB68FB617A6807F1F3
:10A3E0002E031146184601F008FB034687F8273074
:10A3F00097F92730002B02D097F92730BDE00023D2
:10A400007B6197F82E3087F82F3007F1100207F1A3
:10A41000270107F12F007B68FFF749FF034687F804
:10A42000273097F92730002B02D097F92730A4E086
:10A4300000237B6197F82E3087F82F3047E097F89C
:10A440002F3003F01803082B0ED097F82F3003F0AD
:10A450001803102B08D097F82F3003F01803182B8F
:10A4600002D0BB69002B20D000233B613A6A7B6994
:10A47000D018FA697B69D11A7B6807F1100202F1E2
:10A48000080407F128020093234601F08AFB0346E3
:10A4900087F8273097F92730002B02D097F927301B
:10A4A0006BE07A69BB6A13447B6101221021354855
:10A4B000FAF7DEFC07F110037A681946012000F074
:10A4C000FFFB034687F82730002387F82F3097F8E3
:10A4D0002F30002B02D1BB69002B03D097F9273016
:10A4E000002BACD000237B6197F82E3087F82F30FB
:10A4F00036E097F82F3003F04003002B02D1BB6900
:10A50000002B20D000233B613A6A7B69D018FA699E
:10A510007B69D11A7B6807F1100202F1080407F188
:10A5200028020093234601F09DFB034687F827305D
:10A5300097F92730002B02D097F927301DE07A6970
:10A54000BB6A13447B6107F110037A681946022045
:10A5500000F0B6FB034687F82730002387F82F303A
:10A5600097F82F30002B02D1BB69002B03D097F94D
:10A570002730002BBDD097F9273018463437BD4619
:10A5800090BD00BF0000024080B586B000AF03461A
:10A5900087ED020A79603A60FB730023FB753B6824
:10A5A000002B0AD03A68FB7B796897ED020A1846BF
:10A5B00001F06EFB0346FB7501E0FF23FB7597F985
:10A5C000173018461837BD4680BD80B584B000AF3F
:10A5D000786039600023FB733B68002B07D03B6831
:10A5E0001946786801F0B5F90346FB7301E0FF23D3
:10A5F000FB7397F90F3018461037BD4680BD80B504
:10A6000084B000AF786039600023FB733B68002B97
:10A6100007D03B681946786801F0ABF90346FB7335
:10A6200001E0FF23FB7397F90F3018461037BD4642
:10A6300080BD80B584B000AF786039600023FB73C3
:10A640003B68002B07D03B681946786801F0A1F9F8
:10A650000346FB7301E0FF23FB7397F90F301846A5
:10A660001037BD4680BD80B584B000AF78603960DA
:10A670000023FB733B68002B07D03B6819467868C2
:10A6800001F0ABF90346FB7301E0FF23FB7397F97D
:10A690000F3018461037BD4680BD80B586B002AF7A
:10A6A00078600023BB600023FB737B68002B0FD016
:10A6B0007B6803F53A717B6807F108020093134643
:10A6C000202240F21F1001F0BCF80346FB7301E0AA
:10A6D000FF23FB7397F90F3018461037BD4680BD36
:10A6E00080B588B002AFF860B9607A603B60002343
:10A6F000FB753B6A002B02D0FB68002B02D1FF23C5
:10A70000FB7509E03B6A00933B687A68B968F868B2
:10A7100001F0CCF90346FB7597F917301846183746
:10A72000BD4680BD80B584B000AF78600023FB7368
:10A730007B68002B02D1FF23FB7305E07B68184682
:10A7400001F0FEF90346FB7397F90F3018461037F6
:10A75000BD4680BD80B584B000AF03463960FB7153
:10A760000023FB733B68002B02D1FF23FB7307E040
:10A770003B68F91D0122052000F0F4FF0346FB733E
:10A7800097F90F3018461037BD4680BD80B584B0AC
:10A7900000AF03463960FB710023FB733B68002B5D
:10A7A00002D1FF23FB7307E03B68F91D012207205C
:10A7B00000F0D8FF0346FB7397F90F3018461037A7
:10A7C000BD4680BD80B584B000AF03463960FB71E3
:10A7D0000023FB733B68002B02D1FF23FB7307E0D0
:10A7E0003B68F91D0122062000F0BCFF0346FB7305
:10A7F00097F90F3018461037BD4680BD80B584B03C
:10A8000000AF03463960FB710023FB733B68002BEC
:10A8100002D1FF23FB7307E03B68F91D01221620DC
:10A8200000F0A0FF0346FB7397F90F30184610376E
:10A83000BD4680BD80B584B000AF03463960FB7172
:10A840000023FB733B68002B02D1FF23FB7307E05F
:10A850003A68FB791146184601F04DFA0346FB733E
:10A8600097F90F3018461037BD4680BD80B584B0CB
:10A8700000AF78600023FB737B68002B02D1FF23BD
:10A88000FB7305E07B68184601F0C7F80346FB73CD
:10A8900097F90F3018461037BD4680BD80B588B097
:10A8A00002AFF860B9607A603B600023FB7500235B
:10A8B000BB823B68002B05D0FB68002B02D07B6875
:10A8C000002B02D1FF23FB750AE03B6807F114005F
:10A8D0000093BB68FA68796801F027FA0346FB75B4
:10A8E00097F9173018461837BD4680BD80B58AB035
:10A8F00004AFB9607A603B600346FB730023FB75CD
:10A90000BB6A002B14D04FF442720021B86A07F0E2
:10A910009FF9BB6AF87B02937B6A01933B6A0093C1
:10A920003B687A68B96800F0A7FE0346FB7501E052
:10A93000FF23FB7597F9173018461837BD4680BDC1
:10A9400080B487B000AFB9607A603B600346FB73A8
:10A950000023FB750023BB753B68002B02D0BB684E
:10A96000002B02D1FF23FB7535E00023BB752AE0E5
:10A97000BA7D39681346DB0013440B441C331B7843
:10A98000002B1DD1BA7D39681346DB0013440B44FC
:10A990001C33FA7B1A70BA7D39681346DB00134406
:10A9A0000B441833BA68C3F80520BA7D39681346DA
:10A9B000DB0013440B4418337A68C3F8092005E020
:10A9C000BB7D0133BB75BB7D2F2BD1D9BB7D302B1C
:10A9D00001D1F623FB7597F9173018461C37BD4691
:10A9E0005DF8047B7047000080B58AB000AF7860E6
:10A9F0007B68002B03D1FF2387F8273070E078684D
:10AA0000FFF74BFE034687F8273097F92730002BD6
:10AA100066D17B68012283F8CC21012387F8263098
:10AA20003CE097F82630DB0887F8253097F8263089
:10AA300003F00703012202FA03F387F8243097F8A2
:10AA400025307A68134493F8E82297F824301340AD
:10AA5000DBB2002B1DD07A6807F1080197F8263089
:10AA6000184601F0CEF9034687F8273097F92730CA
:10AA7000002B0ED13B7F002B03D1F82387F8273022
:10AA800014E097F82630397F7A6813440A4683F831
:10AA9000CC2197F82630013387F8263097F82630F6
:10AAA000F42B03D897F92730002BBAD0FF2387F86F
:10AAB000263011E097F82630A3F1F50297F82630FA
:10AAC0000A49895C7A6813440A4683F8CC2197F8CE
:10AAD0002630013B87F8263097F82630F42BE9D84A
:10AAE00097F9273018462837BD4680BDB46D030856
:10AAF00080B487B000AF0346B9607A60FB7300236F
:10AB0000FB750023BB757B68002B55D0BB68002B01
:10AB100052D000237B7520E07A7D79681346DB00F4
:10AB200013440B441C331B78FA7B9A4212D17A7D72
:10AB3000B86879681346DB0013440B4418330246A7
:10AB4000043318685968106051601B7A13727B7D5A
:10AB5000BB7505E07B7D01337B757B7D2F2BDBD9BE
:10AB6000BB7D302B02D1F623FB7528E0FB7BF42B59
:10AB700011D9FB7B7A68134493F8CC31002B0AD1AE
:10AB8000FB7BA3F1F502FB7B1149895C7A681344D6
:10AB90000A4683F8CC21FB7B002B10D1FB7B7A6823
:10ABA000134493F8CC31002B09D1FB7B7A68134412
:10ABB000012283F8CC2102E0FF23FB7500E000BFF7
:10ABC00097F9173018461C37BD465DF8047B70476F
:10ABD000B46D030880B485B000AFF8600B467A60AE
:10ABE000FB72FB681A68FB7A1A44FB685B689A423E
:10ABF00003D87B6800221A7002E07B6801221A7079
:10AC0000002318461437BD465DF8047B704780B4B6
:10AC100087B000AF0346B9607A60FB730023FB7511
:10AC2000FB7B022B07D8FB7B5A33DB007A681A4484
:10AC3000BB681A6001E0F923FB7597F917301846D5
:10AC40001C37BD465DF8047B704780B485B000AF0B
:10AC500078607B685B68002B2BD07B685A687B68C8
:10AC60001B689A4202D26FF0010323E07B685A68A6
:10AC70007B681B68D21A7B685A607B685B68002B14
:10AC800017D00023FB730FE07B681A697B68196893
:10AC9000FB7B0B441A447B681969FB7B0B441278DD
:10ACA0001A70FB7B0133FB73FA7B7B685B689A420B
:10ACB000EAD3002318461437BD465DF8047B70477D
:10ACC0002DE9F04F97B000AF0346B9627A6287F87A
:10ACD0002F30002387F85730002387F8563007F1CC
:10ACE00034020023136053601372002387F833305B
:10ACF0009EE1BB6A1B683B65BB6A1A693B6D1344E6
:10AD00001B7887F8573007F1400197F82F307A6A9F
:10AD10001846FFF77CFF034687F8563097F9563000
:10AD20001846FFF7B1FA034687F8563097F85730C0
:10AD3000002B27D0002BC0F21981FF2B00F31681C6
:10AD4000F42BC0F21381F43B0B2B00F20F8101A214
:10AD500052F823F07BAE000891AD0008FBAD00086F
:10AD6000B7AE00086DAF00086DAF00086DAF00080A
:10AD700091AD0008FBAD0008B7AE00086DAF00084C
:10AD800085AD0008BB6A1B685A1CBB6A1A604FE19C
:10AD900007F133031A460221B86AFFF71BFF034687
:10ADA00087F8563097F956301846FFF76DFA034684
:10ADB00087F8563097F83330002B00D038E13B6CE1
:10ADC000D3E90001BB6A1A693B6D013313441B7858
:10ADD000DBB200229A4693463B6C10EB0A02BA6142
:10ADE00041EB0B02FA61D7E90612C3E90012BB6A14
:10ADF0001B689A1CBB6A1A601AE107F133031A46F2
:10AE00000321B86AFFF7E6FE034687F8563097F944
:10AE100056301846FFF738FA034687F8563097F849
:10AE20003330002B00D003E13B6CD3E90001BB6A57
:10AE30001A693B6D013313441B781CB2BB6A1A6953
:10AE40003B6D023313441B781B021BB223431BB21E
:10AE50009BB29BB200221D4616463B6C42193A61DA
:10AE600041EB06027A61D7E90412C3E90012BB6A1A
:10AE70001B68DA1CBB6A1A60DAE007F133031A4672
:10AE80001721B86AFFF7A6FE034687F8563097F9F0
:10AE900056301846FFF7F8F9034687F8563097F80A
:10AEA0003330002B00D0C3E0BB6A1B6803F11702EC
:10AEB000BB6A1A60BCE007F133031A460621B86A80
:10AEC000FFF788FE034687F8563097F95630184644
:10AED000FFF7DAF9034687F8563097F83330002B3E
:10AEE00000D0A5E0BB6A1A693B6D013313441B789F
:10AEF0001946BB6A1A693B6D023313441B781B0267
:10AF00001943BB6A1A693B6D033313441B781B0456
:10AF10001943BB6A1A693B6D043313441B781B0643
:10AF20000B43002298469146BB6A1A693B6D053374
:10AF300013441B78DBB20022BB60FA604FF00002C2
:10AF40004FF00003B9680B000022396C48EA020098
:10AF5000386049EA03037B60D7E90034C1E9003473
:10AF6000BB6A1B689A1DBB6A1A6061E007F1340175
:10AF700097F857307A6A1846FFF7BAFD034687F804
:10AF8000563097F956301846FFF77EF9034687F892
:10AF9000563097F857207B6A134493F8CC1107F189
:10AFA00033031A46B86AFFF715FE034687F8563092
:10AFB00097F956301846FFF767F9034687F8563079
:10AFC00097F83330002B00D032E0D7F83530002B23
:10AFD00022D0BB6A1A693B6D01331344C7F847306E
:10AFE00097F82F3087F845303B6CC7F84B3097F80F
:10AFF000573087F8443097F857207B6A134493F80A
:10B00000CC3187F84630D7F83540D7F8392007F1EA
:10B01000440311461846A047BB6A196897F85720A1
:10B020007B6A134493F8CC31CA18BB6A1A6000BF1C
:10B03000BB6A1A68BB6A5B689A4204D297F83330DD
:10B04000002B3FF456AEB86AFFF7FFFD034687F8C2
:10B05000563097F9563018465C37BD46BDE8F08F3C
:10B0600080B586B000AF0346B9607A60FB730023F9
:10B07000FB757B68002B02D0BB68002B02D1FF233D
:10B08000FB7507E07B68F87B0122B96800F032FBB2
:10B090000346FB7597F9173018461837BD4680BD33
:10B0A00080B485B000AFF860B9607A603B60FB693E
:10B0B0001A68BB691B681A443B681A603B6A1B68C4
:10B0C000002B07D0FB691A683B6A1B681A447B682F
:10B0D0001A6003E03B681A687B681A607B681B682B
:10B0E00003F00303002B06D07B681B689B08013329
:10B0F0009A007B681A60FB681B88DAB2BB681A701A
:10B10000FB681B881B0A9AB2BB680133D2B21A7063
:10B11000FB681B88022B0FD17B681B689A08BB68F1
:10B120000233D2B21A707B681B689B081A0ABB688C
:10B130000333D2B21A700CE07B681A68BB68023322
:10B14000D2B21A707B681B681A0ABB680333D2B28A
:10B150001A7000BF1437BD465DF8047B704790B588
:10B16000D3B004AF044607F59C70A0F59870016059
:10B1700007F59C71A1F59A710A6007F59C72A2F51A
:10B180009C72136007F59C73A3F5957322461A8091
:10B19000002387F83731D7F85031002B00F0548165
:10B1A00007F59C73A3F59A731B68002B07D007F56E
:10B1B0009C73A3F598731B68002B00F04581D7F8AA
:10B1C0004831002B07D007F59C73A3F59C731B68CF
:10B1D000002B00F03981D7F850319B69002B00F02B
:10B1E0002D8107F58C7407F58A7207F1140107F1B8
:10B1F0000E0007F5A673029307F5A47301933B1D98
:10B2000000932346FFF74CFF0423C7F82431D7F8F7
:10B210001831C7F83031D7F83021D7F8243113442A
:10B22000C7F82031FC23C7F81C31D7F850319B698F
:10B23000D7F81C219A4240F2F780D7F850319B6929
:10B24000C7F81C31F0E0D7F83021D7F82431134487
:10B25000D7F81C219A420BD2D7F81C31C7F82C31F1
:10B26000D7F81C21D7F82431D31AC7F828311EE0AB
:10B27000D7F83021D7F824311344C7F82C31D7F848
:10B280003031C7F82831D7F82C3103F00303002BF5
:10B2900006D0D7F82C319B0801339B00C7F82C311E
:10B2A000D7F82C31FC2B02D9FC23C7F82C31D7F866
:10B2B0002831002B7ED007F59C73A3F59A731A688A
:10B2C000D7F828311344D7F830219A4215D307F123
:10B2D0001402D7F82431D018D7F81821D7F8303114
:10B2E000D31A07F59C72A2F59C7212681344D7F822
:10B2F0002821194606F02BFD5CE007F59C73A3F5A9
:10B300009A731B68D7F830219A423BD907F114028F
:10B31000D7F82431D018D7F81821D7F83031D31AFC
:10B3200007F59C72A2F59C721268D11807F59C7300
:10B33000A3F59A731B68D7F83021D31A1A4606F082
:10B3400006FDD7F82421D7F830311A4407F59C734D
:10B35000A3F59A731B68D31A07F11402D01807F5E6
:10B360009C73A3F59A731A68D7F83031D21AD7F8BC
:10B3700028311A4407F59C73A3F59873196806F0F1
:10B38000E6FC17E007F11402D7F82431D01807F5CE
:10B390009C73A3F59A731A68D7F83031D31A07F55E
:10B3A0009C72A2F5987212681344D7F828211946A6
:10B3B00006F0CDFCD7F82421D7F828311344D7F86C
:10B3C0002C219A4212D0D7F82421D7F828311344DF
:10B3D00007F11402D018D7F82421D7F828311344E4
:10B3E000C3F580731A46002106F032FC07F1140100
:10B3F000D7F85031D7F82C21002000F0B3F90346DC
:10B4000087F8373197F93731002B1BD10023C7F864
:10B410002431D7F83021D7F82831D31AC7F8303182
:10B42000D7F83031C7F82031D7F82031002B0FD0B2
:10B4300097F93731002B3FF406AF09E0FE2387F878
:10B44000373105E000BF03E0FF2387F8373100E024
:10B4500000BF97F93731184607F59E77BD4690BD76
:10B4600080B584B000AF78600023FB8127E007F14E
:10B470000C037968184600F0C0FA03467B7397F90D
:10B480000D30002B15D13B7B03F02003002B02D0A5
:10B4900000237B7317E0796842F2107000F09AF98C
:10B4A00003467B7397F90D30002B05D097F90D30CB
:10B4B0000BE097F90D3008E0FB890133FB81FB8934
:10B4C000B3F57A7FD3D397F90D3018461037BD46C0
:10B4D00080BD80B584B000AF78600023FB812FE091
:10B4E00079684CF2503000F075F903467B7397F998
:10B4F0000D30002B02DA97F90D302DE007F10C0129
:10B500007B680122252000F0F5F803467B7397F94C
:10B510000D30002B02DA97F90D301DE03B7B03F074
:10B520001003002B09D03B7B03F02003002B04D039
:10B530003B7B03F04003002B06D0FB890133FB81EA
:10B54000FB89632BCCD900E000BFFB89642B02D1BF
:10B550006FF0040300E0002318461037BD4680BD9D
:10B5600080B58AB000AFB9607A603B600346FB7378
:10B57000002387F827307B6B002B72D0BB68002B31
:10B580006FD03B68002B6CD03B6B002B69D07B6B82
:10B590009B69BB613B6B1B68002B14D107F1140145
:10B5A000F87B7B6B022200F0A5F8034687F8273072
:10B5B0003B7D1AB27B7D1B021BB213431BB29BB2B5
:10B5C0001A463B6B1A603B6B1B68002B4DD097F9FA
:10B5D0002730002B49D13B6B1B687A689A4203D213
:10B5E0003B687A681A6003E03B6B1A683B681A6034
:10B5F0003B681B683B620023FB6116E0BA68FB698D
:10B60000D118F87B7B6BBA6900F074F8034687F8B1
:10B61000273097F92730002B0CD13A6ABB69D31A2F
:10B620003B62FA69BB691344FB613A6ABB699A429F
:10B63000E4D800E000BF3B6A002B0AD0BA68FB697F
:10B64000D118F87B7B6B3A6A00F054F8034687F810
:10B6500027303B6B1A683B681B68D21A3B6B1A6039
:10B6600003E0FF2387F8273000E000BF97F9273079
:10B6700018462837BD4680BD80B487B000AFB9609A
:10B680007A603B600346FB730023FB75BB6A002BAB
:10B6900026D0BB68002B23D07B68002B20D03B68D2
:10B6A000002B1DD0BB6ABA681A60BB6A7A685A6000
:10B6B000BB6A3A689A60BB6A7A6A1A61BB6AFA7BAB
:10B6C0001A733B6A03F00303002B05D03B6A23F097
:10B6D0000302BB6A9A6105E0BB6A3A6A9A6101E0BB
:10B6E000FF23FB7597F9173018461C37BD465DF8E8
:10B6F000047B704790B587B000AFB9607A603B605B
:10B700000346FB730023FB753B68002B22D03B688C
:10B710001B68002B1ED0BB68002B1BD03B681B7B1B
:10B72000012B03D1FB7B63F07F03FB733B681C6839
:10B730003B681B69F87B7A68B968A04703461A46DC
:10B740003B681A753B6893F91430002B04D0FD2335
:10B75000FB7501E0FF23FB7597F9173018461C377E
:10B76000BD4690BD90B587B000AFB9607A603B60D0
:10B770000346FB730023FB753B68002B22D03B681C
:10B780005B68002B1ED0BB68002B1BD03B681B7B6B
:10B79000012B03D1FB7B03F07F03FB733B685C68E9
:10B7A0003B681B69F87B7A68B968A04703461A466C
:10B7B0003B681A753B6893F91430002B04D0FD23C5
:10B7C000FB7501E0FF23FB7597F9173018461C370E
:10B7D000BD4690BD80B584B000AF7860396000236D
:10B7E000FB733B68002B0BD03B689B68002B07D09A
:10B7F0003B689B683A68126911467868984701E08F
:10B80000FF23FB7397F90F3018461037BD4680BDF4
:10B8100080B588B004AFB9607A603B600346FB81B5
:10B82000F8893B68029300230193002300930023CF
:10B830007A68B968FFF793FC034618461037BD468F
:10B8400080BD80B588B002AFB9607A603B600346C6
:10B85000FB810023BB820023FB753B6A002B6ED06B
:10B86000BB68002B6BD03B68002B68D03B68002284
:10B870001A6007F113013B6A01220620FFF73AFF25
:10B880000346FB7597F91730002B5BD1FB7CBB752A
:10B89000FB7C03F07F03DBB2FB74FB7CBA7D9A4236
:10B8A00008D007F113013B6A01220620FFF75AFF77
:10B8B0000346FB7597F91730002B43D1FB8943F4FE
:10B8C000805398B23B6A00220021FFF7A1FF034694
:10B8D000FB7597F91730002B34D1386AFFF7C0FD9C
:10B8E0000346FB7597F91730002B2BD107F1140095
:10B8F0003B6A00933B687A68B96800F068F90346D0
:10B90000FB7597F91730002B1CD1FB7CBA7D9A424E
:10B910000AD0BB7DFB7407F113013B6A01220620AC
:10B92000FFF720FF0346FB7597F91730002B09D16D
:10B93000BB8AFA899A4205D0FB23FB7502E0FF23FC
:10B94000FB7500E000BF97F9173018461837BD4661
:10B9500080BD80B582B000AF786039603B6801225D
:10B9600079681C20FFF7C6FE034618460837BD4617
:10B9700080BD80B582B000AF786039603B6801223D
:10B9800079682B20FFF7B6FE034618460837BD46F8
:10B9900080BD80B584B000AF786039607B68002BD3
:10B9A00013D007F10C013B6802222020FFF7A2FE12
:10B9B0000346FB733B7B1AB27B7B1B021BB2134318
:10B9C0001BB29AB27B681A8001E0FF23FB7397F9E0
:10B9D0000F3018461037BD4680BD80B582B000AF2D
:10B9E000786039603B68012279682520FFF782FE84
:10B9F000034618460837BD4680BD80B582B000AF0B
:10BA0000786039603B68012279682D20FFF772FE6B
:10BA1000034618460837BD4680BD80B584B000AFE8
:10BA200078600123FB720023BB720F23BB8107F1F7
:10BA30000B017B6801221420FFF794FE0346FB7381
:10BA400097F90F30002B2BD11CE0796842F210706F
:10BA5000FFF7C0FE0346FB7397F90F30002B11D19F
:10BA600007F10A017B6801222520FFF743FE034608
:10BA7000FB7397F90F30002B04D1BB7A03F010034E
:10BA8000002B05D1BB895A1EBA81002BDDD100E005
:10BA900000BFBB7A03F01003002B01D1FB23FB7323
:10BAA00097F90F3018461037BD4680BD80B58AB073
:10BAB00004AFF860B9607A603B600023FB753B6AB5
:10BAC000002B33D0FB68002B30D07B68002B24D1B7
:10BAD000FB681B781AB2FB6801331B781B021BB290
:10BAE00013431BB2BB82BB8A46F22B62934201D046
:10BAF000FC23FB7597F91730002B1AD13B6A029390
:10BB0000BB6801930023009300233A68F968022080
:10BB1000FFF725FB0346FB750BE03B6A3A68F968C3
:10BB20000020FFF71FFE0346FB7502E0FF23FB75B5
:10BB300000E000BF97F9173018461837BD4680BDA2
:10BB400080B584B000AF78607B68002200210320BC
:10BB5000FFF75EFE0346FB7397F90F30002B04D10D
:10BB60007868FFF7B6FC0346FB7397F90F30184669
:10BB70001037BD4680BD80B586B002AFF860B960B1
:10BB80007A603B60BB6901933B6800937B68BA684D
:10BB9000F9680120FFF7E4FC034618461037BD465C
:10BBA00080BD80B586B002AFF860B9607A603B6056
:10BBB000BB6901933B6800937B68BA68F96802200F
:10BBC000FFF7CEFC034618461037BD4680BD80B552
:10BBD00086B000AFF860B9607A603B6007F1100191
:10BBE0003B6A04220320FFF785FD0346FB7597F9A6
:10BBF0001730002B30D13B7C1AB207F11003013310
:10BC00001B781B021BB213431BB29AB2FB681A804B
:10BC1000BB7C1AB207F11003023301331B781B02FD
:10BC20001BB213431BB29BB21A463B681A603B68B7
:10BC30001B68002B10D03B681B687A689A4202D2BE
:10BC4000FA23FB7508E03B681A683B6AB968032071
:10BC5000FFF750FD0346FB7597F917301846183764
:10BC6000BD4680BD80B586B002AFF860B9607A602D
:10BC70003B60BB6901933B6800937B68BA68F968D5
:10BC80000320FFF76DFC034618461037BD4680BD04
:10BC900080B588B000AF034687ED020A79603A604C
:10BCA000FB73BB687B61FB7B3B767B69DBB27B769E
:10BCB0007B691B0ADBB2BB767B691B0CDBB2FB76B4
:10BCC0007B691B0EDBB23B777B68DBB27B777B68E3
:10BCD0001B0ADBB2BB777B681B0CDBB2FB7707F17F
:10BCE00018013B6808220D20FFF792FD0346184615
:10BCF0002037BD4680BD80B584B000AF03463960B3
:10BD0000FB71FB793B7300237B730023BB73002320
:10BD1000FB7307F10C013B6804220920FFF778FD53
:10BD2000034618461037BD4680BD80B588B002AFC7
:10BD3000F860B9607A603B60FB68002B59D007F16E
:10BD400015013B6A01220620FFF7D4FC0346FB7570
:10BD500097F91730002B4ED17B7DBB757B7D03F0AF
:10BD60007F03DBB27B7507F115013B6A01220620D8
:10BD7000FFF7F8FC0346FB7597F91730002B3AD113
:10BD80003B6A002200210120FFF742FD0346FB75BC
:10BD900097F91730002B2ED1386AFFF761FB034665
:10BDA000FB7597F91730002B25D13B6A0093BB68D0
:10BDB0003A687968F868FFF70AFF0346FB7597F958
:10BDC0001730002B17D1BB7D7B7507F115013B6A3E
:10BDD00001220620FFF7C6FC0346FB7597F91730D2
:10BDE000002B08D1FB681B88032B04D0FB23FB75B9
:10BDF00001E0FF23FB7597F9173018461837BD4649
:10BE000080BD80B590B002AF0346B9607A60FB7325
:10BE1000BB68002B00F0DA80FB7BF52B03D9FE23F7
:10BE200087F83730D5E0FB7B9BB203F5407398B2BF
:10BE300007F1300207F114017B68009313461C22BE
:10BE4000FFF7FFFC034687F8373097F93730002BB0
:10BE500040F0BF803B6B1C2B03D0FE2387F83730AC
:10BE6000B7E03A7DBB681A707A7DBB685A70BA7DBC
:10BE7000BB689A70FA7DBB68DA703A7EBB681A714B
:10BE80007A7EBB685A71BA7EBB689A71FA7EBB68CB
:10BE9000DA713A7FBB681A727A7FBB685A72BA7FCE
:10BEA000BB689A72FA7FBB68DA7297F82020BB6889
:10BEB0001A7397F82120BB685A7397F82220BB6841
:10BEC0009A7397F82320BB68DA7397F82420BB682D
:10BED0001A7497F82520BB685A7497F82620BB6817
:10BEE0009A7497F82720BB68DA7497F82820BB6803
:10BEF0001A7597F82920BB681A7697F82A20BB682C
:10BF00005A7697F82B20BB689A7697F82C20BB6856
:10BF1000DA76BB681B791AB2BB685B791B021BB26D
:10BF200013431BB29AB2BB689A80BB689B791AB262
:10BF3000BB68DB791B021BB213431BB29AB2BB680E
:10BF4000DA80BB681B7A1A46BB685B7A1B021A430D
:10BF5000BB689B7A1B041A43BB68DB7A1B061A4337
:10BF6000BB689A60BB681B7B1A46BB685B7B1B0285
:10BF70001A43BB689B7B1B041A43BB68DB7B1B0615
:10BF80001A43BB68DA60BB681B7C1A46BB685B7CE3
:10BF90001B021A43BB689B7C1B041A43BB68DB7CF7
:10BFA0001B061A43BB681A61BB681B7E1A46BB6836
:10BFB0005B7E1B021A43BB689B7E1B041A43BB6853
:10BFC000DB7E1B061A43BB689A6102E0FF2387F8F9
:10BFD000373097F9373018463837BD4680BD80B4C2
:10BFE00083B000AF786039607B681B781AB27B68D9
:10BFF00001331B781B021BB213431AB23B681A8031
:10C000007B6802331B781AB27B6803331B781B02F0
:10C010001BB213431AB23B685A807B6804331B7807
:10C020001AB27B6805331B781B021BB213431AB28A
:10C030003B689A807B6806331B781AB27B680733AB
:10C040001B781B021BB213431AB23B68DA807B6871
:10C0500008331B781AB27B6809331B781B021BB2AA
:10C0600013431BB29AB23B681A8100BF0C37BD461E
:10C070005DF8047B704780B483B000AF78603960AE
:10C080007B681B781AB27B6801331B781B021BB2DA
:10C0900013431AB23B681A807B6802331B781AB2CA
:10C0A0007B6803331B781B021BB213431AB23B6835
:10C0B0005A807B6804331B781AB27B6805331B787F
:10C0C0001B021BB213431AB23B689A8000BF0C37A5
:10C0D000BD465DF8047B704780B584B000AF7860E2
:10C0E0000023FB737B681033184601F003FA034604
:10C0F000BB81BB89B3F5007F01D200232DE07B68B3
:10C10000DA78FB7B1146184602F07EFD034683F089
:10C110000103DBB2002B01D000231EE07B6810334B
:10C12000184601F0E7F90346BB81BB89B3F5007FF0
:10C130000BD37B68D9787B6803F58562F87B4FF475
:10C14000007302F0B5FD034607E07B68DA78FB7BFD
:10C150001146184602F082FD002318461037BD46EE
:10C1600080BD000080B586B000AF0346B9607A603C
:10C17000FB73FB7B40F6280202FB03F30E4A1344D9
:10C180007B617B691C337A6892B2B968184601F00A
:10C1900074FA03467B827B691C33184601F035F93B
:10C1A00003463F2B03D9FB7B184600F007F87B8A38
:10C1B00018461837BD4680BDDC47002080B586B0E4
:10C1C00000AF0346FB71FB7940F6280202FB03F344
:10C1D0003A4A13447B6101F0CFFA0346002B09D0A1
:10C1E00001F0DCFA034683F00103DBB2002B01D03F
:10C1F000012300E0002303F00103DBB283F001031D
:10C20000DBB2002B01D0002353E07B691C331846BE
:10C2100001F0FBF80346002B01D1002349E0002385
:10C22000FB747B699A78FB7C1146184602F0ECFCA3
:10C23000034683F00103DBB2002B01D0002338E07A
:10C240007B6903F11C007B6903F5C5634FF4007241
:10C25000194601F0ABF903463B823B8A002B20D004
:10C260007B6999787B6903F5C5623B8AF87C02F0AB
:10C270001FFD034683F00103DBB2002B0FD0C92260
:10C280000F49104805F0FAFB0F4BFB60FB681B6879
:10C2900003F00103002B00D000BE002309E03B8A1D
:10C2A00007E07B699A78FB7C1146184602F0D6FCC1
:10C2B000002318461837BD4680BD00BFDC4700206C
:10C2C000C06D0308A4400108F0ED00E080B584B023
:10C2D00002AF40F628020021254805F0B9FC0023F2
:10C2E000FB713DE0FB7940F6280202FB03F3204A94
:10C2F00013443B603B68FF225A713A68002343F0C5
:10C300007F4343F47F0343F44243D380002343F04D
:10C31000010313813B6800229A723B680022DA72A3
:10C320003B6808221A733B6803F110003B6803F175
:10C3300028010023009301234FF4007200F0D3FB87
:10C340003B6803F11C003B6803F50A71012300936D
:10C3500001234FF4007200F0C6FBFB790133FB713F
:10C36000FB79002BBED000BF00BF0837BD4680BDA3
:10C37000DC47002080B584B000AF0346FB7100238A
:10C38000FB731FE0FB7B40F6280202FB03F3114A1C
:10C390001344BB6005220021B86805F059FCBB6856
:10C3A0001033184601F08DF9BB681C33184601F0B4
:10C3B00088F9BB681C330121184601F093F9FB7B17
:10C3C0000133FB73FB7B002BDCD000BF00BF1037B9
:10C3D000BD4680BDDC47002080B59AB002AF034661
:10C3E0003960FB711346BB803B685B79022B03D13C
:10C3F0003B689B79022B01D00023F3E00023FB650F
:10C40000002387F85B301AE097F85B30774A40F6F4
:10C41000280101FB03F3134402331B78002B09D1DD
:10C4200097F85B3040F6280202FB03F36F4A13448F
:10C43000FB6508E097F85B30013387F85B3097F8CD
:10C440005B30002BE0D0FB6D002B10D140F21D12B1
:10C450006749684805F012FB674B7B647B6C1B687F
:10C4600003F00103002B00D000BE0023BAE03B68BC
:10C470009A78FB6D1A700923A7F858303B683B6423
:10C480003B6CFB63FB6B1B781A46FB6B13447B65B1
:10C4900013E07B6D3B633B6B1B789AB2B7F8583067
:10C4A0001344A7F858307B6DBB63BB6B7B637B6B1E
:10C4B0001B781A467B6B13447B657B6DFB62FB6AC2
:10C4C00001331B78242B04D1B7F85820BB889A423B
:10C4D000DFD97B6DBB62BB6A01331B78052B35D17D
:10C4E0007B6D3B65FB79396D184602F039FB0346DD
:10C4F00083F00103DBB2002B10D040F231123C4933
:10C500003C4805F0BBFA3C4BFB64FB6C1B6803F03A
:10C510000103002B00D000BE002363E03B6D9A783E
:10C52000FB6D5A707B6DFB61FB691B789AB2B7F8A3
:10C5300058301344A7F858307B6D7B627B6A3B62AE
:10C540003B6A1B781A463B6A13447B657B6DBB6173
:10C55000BB6901331B78042B3FD17B6D5B790A2BC0
:10C560003BD17B6DFB60FB681B789AB2B7F8583003
:10C570001344A7F858307B6D7B617B693B613B6955
:10C580001B781A463B6913447B65FB6D0333FA6DD8
:10C590000232F8790192009302230222796D02F0AF
:10C5A00067FA034683F00103DBB2002B10D040F2A0
:10C5B00041120F490F4805F061FA0F4BBB64BB6C89
:10C5C0001B6803F00103002B00D000BE002309E02C
:10C5D000B7F858300E33A7F85830F86DFFF77CFDE8
:10C5E000B7F8583018466037BD4680BDDC4700209C
:10C5F000D86D0308A4400108F0ED00E080B58AB0D2
:10C6000000AF03463A60FB710B46BB713B681B7879
:10C6100003F06003DBB2202B01D00023CCE0002329
:10C6200087F82730664B3B6297F82730002B01D004
:10C630000023C1E03B6A1B789AB23B689B889BB29F
:10C640009A4209D097F82730013387F827303B6AA0
:10C6500003F628033B62E7E700BF3B685B78203BBB
:10C66000032B00F29F8001A252F823F07DC6000840
:10C67000B5C60008CBC6000873C70008BB79012BFC
:10C6800007D13B6A9A1DF8790723396802F0E4FC68
:10C690008AE0BB79032B40F087804A4B002B00F0E7
:10C6A00083803B6A9A1D97F8273011461846AFF3EE
:10C6B000008079E0BB79012B78D13B6A9A1DF8792B
:10C6C0000723396802F0C8FC70E0BB79012B05D163
:10C6D000FB793968184602F04DFC69E0BB79032B01
:10C6E00066D13B685B889BB23B610023FB73FB7B9D
:10C6F0003A6922FA03F303F00103002B14BF01236C
:10C700000023DBB2FB773B685B889BB2BB610123F4
:10C71000FB75FB7DBA6922FA03F303F00103002BDA
:10C7200014BF01230023DBB2BB773B685B889BB25D
:10C73000DAB23B6A1A713B6A03F11C02FB7F002BE1
:10C7400014BF01230023DBB283F00103DBB203F04B
:10C750000103DBB21946104600F0C4FF1A4B002B50
:10C7600026D0BA7FF97F97F827301846AFF30080BC
:10C770001EE0BB79012B05D1FB793968184602F020
:10C78000F9FB17E0BB79032B14D1104B002B11D010
:10C790003B685B889AB297F8273011461846AFF38A
:10C7A000008007E0002307E000BF04E000BF02E0D4
:10C7B00000BF00E000BF012318462837BD4680BDFA
:10C7C000DC47002000000000000000000000000026
:10C7D00080B586B000AF3B600346FB710B46BB7172
:10C7E00013467B710023FB7514E0FB7D40F62802A5
:10C7F00002FB03F3584A13443B613B69DB78BA7987
:10C800009A420AD03B699B78BA799A4205D0FB7D5F
:10C810000133FB75FB7D002BE7D0FB7D002B10D097
:10C820004FF4D7724D494E4805F028F94D4BBB6087
:10C83000BB681B6803F00103002B00D000BE00237F
:10C8400086E03B69DB78BA799A424CD13B6903F1C7
:10C8500010003B6903F585633A6892B2194600F00F
:10C860000CFF414B002B29D03B695B79FF2B25D076
:10C870000023FB601EE03B695A793969FB680B4471
:10C8800003F585631B789A4211D13B691033184632
:10C8900000F0EDFD034683F00103DBB2002B06D070
:10C8A0003B695A79FB7D11461846AFF30080FB685F
:10C8B0000133FB60FA683B689A42DCD32B4B002BB8
:10C8C0000ED03B691033184600F0D1FD034683F0CB
:10C8D0000103DBB2002B03D0FB7D1846AFF30080D1
:10C8E0003869FFF7F9FB3B699B78BA799A422ED1F8
:10C8F0001F4B002B03D0FB7D1846AFF30080FB7D60
:10C900001846FFF75BFC0346002B20D13B691C3324
:10C91000184600F07AFD0346002B18D13B68002B27
:10C9200015D03B6803F03F03002B10D13B699A7888
:10C93000FB791146184602F067F90346002B06D032
:10C940003B699978F8790023002202F0B1F90123BC
:10C9500018461837BD4680BDDC470020E46D03084B
:10C96000A4400108F0ED00E000000000000000001D
:10C970000000000080B400AF00BFBD465DF8047B3E
:10C98000704780B483B000AF0346FB7100BF0C3723
:10C99000BD465DF8047B704780B48BB000AF0346A2
:10C9A0003960FB711346BB803B689B79012B03D137
:10C9B0003B68DB79012B01D0002325E03B68BB619C
:10C9C000BB697B617B691B781A467B6913443B62B8
:10C9D0000923FB843B6AFB61FB6901331B78212B34
:10C9E00011D13B6ABB60BB681B789AB2FB8C1344C5
:10C9F000FB843B6A3B613B69FB60FB681B781A4622
:10CA0000FB6813443B62FB8C18462C37BD465DF82F
:10CA1000047B704780B588B000AF03463A60FB7175
:10CA20000B46BB71BB79012B01D0012357E03B685A
:10CA30001B7803F01F03DBB2012B01D000234EE073
:10CA40003B681B7803F06003DBB2002B0AD13B6824
:10CA50005B780B2B06D1FB793968184602F08AFA0D
:10CA600001233CE03B681B7803F06003DBB2202B22
:10CA700001D0002333E03B685B78002B02D0032B0E
:10CA800008D029E0FB793968184602F073FAF7F705
:10CA90004BFE23E007F10803FB610623BB61002383
:10CAA0007B6106233B61BA693B699A4202D24FF02F
:10CAB000FF3305E03A697969F86905F0C9F80023A0
:10CAC000002B01D000230AE007F10802F8790623C1
:10CAD000396802F0C1FA01E0002300E001231846A2
:10CAE0002037BD4680BD80B485B000AFF860B96026
:10CAF00011461A460B46FB801346BB80FB88B3F5F4
:10CB0000004F01D900231BE0FB68BA681A60FB687C
:10CB1000FA889A80BB88C3F30E0399B2FA68D38867
:10CB200061F30E03D380FA68D379397E61F3C713BA
:10CB3000D371FB6800225A81FB6800221A8101230D
:10CB400018461437BD465DF8047B704780B58AB03F
:10CB500000AFF860B9601346FB80BB683B62FB889E
:10CB60009B08FB840BE03B6A1B68FA68BA617B6137
:10CB7000BB697A691A6000BFFB680433FB60FB8CF9
:10CB80005A1EFA84002BEED1FB88DBB203F00303BC
:10CB9000FB77FB7F002B09D03B6A1B683B61FA7F68
:10CBA00007F110031946F86805F0D1F800BF2837DF
:10CBB000BD4680BD80B58AB000AFF860B96013464D
:10CBC000FB80FB683B62FB889B08FB8408E0BB683A
:10CBD000BB61BB691A683B6A1A60BB680433BB60FF
:10CBE000FB8C5A1EFA84002BF1D1FB88DBB203F0D8
:10CBF0000303FB77FB7F002B0BD000237B61FA7FC5
:10CC000007F11403B968184605F0A1F87A693B6A80
:10CC10001A6000BF2837BD4680BD80B584B000AF24
:10CC2000F860B9601346FB80FB681B68FA88F968F6
:10CC3000C988C1F30E0189B201FB02F29818FB68A2
:10CC4000DB88C3F30E039BB21A46B96805F07FF880
:10CC500000BF1037BD4680BD80B58EB000AFF86014
:10CC6000B96011461A460B46FB801346BB80FB6831
:10CC70009A88BB88D31AFB84FA88FB8CD31ABB84AE
:10CC8000FB68DB88C3F30E039BB21A46FB8C13FBD5
:10CC900002F37B84FB68DB88C3F30E039BB21A4666
:10CCA000BB8C13FB02F3FB86FB681B68BA88F96830
:10CCB000C988C1F30E0189B201FB02F213443B6340
:10CCC00097F84030002B02D0012B22D09EE0FA884A
:10CCD000FB8C9A420DD8FB88FA68D288C2F30E0208
:10CCE00092B202FB03F31A46B968386B05F02FF8CD
:10CCF0008CE07B8C1A46B968386B05F028F8FB6825
:10CD000018687B8CBA681344FA8E194605F01FF830
:10CD10007CE0FA88FB8C9A420FD8FB68DB88C3F36F
:10CD20000E039BB21A46FB8813FB02F39BB21A4612
:10CD3000B968386BFFF70AFF67E07B8C23F00303C9
:10CD40003B843B8C1A46B968386BFFF7FFFE3B8C7F
:10CD50003A6B13443B637B8CDBB203F0030387F82D
:10CD60002F3097F82F30002B43D0BB68FB6197F82A
:10CD70002F309BB2C3F104039AB2FB8E7B83134620
:10CD80003B837A8B3B8B934228BF13469BB287F839
:10CD90002E3097F82E309BB2FA8ED31AFB86FB69A1
:10CDA0001B687B6107F11403BB6207E0BA6A531C7E
:10CDB000BB623B6B591C396312781A7097F82F309D
:10CDC0005A1E87F82F20002BF0D1FB681B683B63AD
:10CDD00007E0BA6A531CBB623B6B591C396312787B
:10CDE0001A7097F82E305A1E87F82E20002BF0D19B
:10CDF00002E0FB681B683B63FB8E002B05D0FB8EBB
:10CE00001A46B968386BFFF7A1FE00BF00BF38377C
:10CE1000BD4680BD80B584B000AFF860B9601346F0
:10CE2000FB80FB681B68FA88F968C988C1F30E01AA
:10CE300089B201FB02F29918FB68DB88C3F30E0389
:10CE40009BB21A46B86804F082FF00BF1037BD4697
:10CE500080BD80B58EB000AFF860B96011461A464B
:10CE60000B46FB801346BB80FB689A88BB88D31AAD
:10CE7000FB84FA88FB8CD31ABB84FB68DB88C3F382
:10CE80000E039BB21A46FB8C13FB02F37B84FB68F8
:10CE9000DB88C3F30E039BB21A46BB8C13FB02F371
:10CEA000FB86FB681B68BA88F968C988C1F30E0164
:10CEB00089B201FB02F213443B6397F84030002B28
:10CEC00002D0012B22D0A0E0FA88FB8C9A420DD828
:10CED000FB88FA68D288C2F30E0292B202FB03F317
:10CEE0001A46396BB86804F032FF8EE07B8C1A4624
:10CEF000396BB86804F02BFF7B8CBA68D018FB68DC
:10CF00001B68FA8E194604F022FF7EE0FA88FB8C3B
:10CF10009A420FD8FB68DB88C3F30E039BB21A4614
:10CF2000FB8813FB02F39BB21A46396BB868FFF714
:10CF300041FE69E07B8C23F003033B843B8C1A4663
:10CF4000396BB868FFF736FE3B8C3A6B13443B6392
:10CF50007B8CDBB203F0030387F82F3097F82F3078
:10CF6000002B45D0BB68FB6197F82F309BB2C3F113
:10CF700004039AB2FB8E7B8313463B837A8B3B8BF5
:10CF8000934228BF13469BB287F82E3097F82E3075
:10CF90009BB2FA8ED31AFB8600237B6107F1140340
:10CFA000BB6207E03A6B531C3B63BB6A591CB96216
:10CFB00012781A7097F82F305A1E87F82F20002BFE
:10CFC000F0D1FB681B683B6307E03A6B531C3B6383
:10CFD000BB6A591CB96212781A7097F82E305A1E23
:10CFE00087F82E20002BF0D17A69FB691A6002E0E5
:10CFF000FB681B683B63FB8E002B05D0FB8E1A463B
:10D00000396BB868FFF7D6FD00BF00BF3837BD46A3
:10D0100080BD80B485B000AF0346FB800B46BB806B
:10D0200013467B80BA887B881344FB81BA88FB89CE
:10D030009A4204D8FA89FB885B009A4208DBFB8895
:10D040005B009BB25B42BB81FA89BB891344FB81C5
:10D05000FB8918461437BD465DF8047B704780B5E0
:10D060008AB000AFF860B96011461A460B46FB80E3
:10D070001346BB80FB689B887B84FB883B84BB8812
:10D08000FB833A8CFB8B9A4204D33A8CFB8BD31AEA
:10D090009BB208E07B8C5B009AB2398CFB8BCB1A7D
:10D0A0009BB213449BB2FB84FB8C002B01D1002369
:10D0B00037E0FB689B88FA8C9A421BD9FB68BB61FE
:10D0C000FB88FB82BB699B88FA8A9A4205D3BB69BD
:10D0D0009B88FA8AD31ABB8204E0BB699A88FB8AD0
:10D0E0001344BB82BB69BA8A5A81BB8ABB80FB6886
:10D0F0009B88FB84FB689B887B82BB883B8203E028
:10D100003A8A7B8AD31A3B827A8A3B8A9A42F7D937
:10D110003B8ABB84BB8C1A46B968F868FFF77AFE75
:10D12000012318462837BD4680BD80B58CB002AFBC
:10D13000F860B96011461A460B46FB801346BB8067
:10D14000FB689B887B84BB883B843B8EFB833A8C4B
:10D15000FB8B9A4204D33A8CFB8BD31A9BB208E028
:10D160007B8C5B009AB2398CFB8BCB1A9BB213443D
:10D170009BB2FB84FB8C002B01D1002341E0FB68B8
:10D180009B88FA8C9A421BD9FB68BB61BB88FB82E7
:10D19000BB699B88FA8A9A4205D3BB699B88FA8A45
:10D1A000D31ABB8204E0BB699A88FB8A1344BB8212
:10D1B000BB69BA8A5A81BB8A3B86FB689B88FB8421
:10D1C000FA8CFB889A4201D2FB8CFB80FB689B881F
:10D1D0007B823B8E3B8203E03A8A7B8AD31A3B8276
:10D1E0007A8A3B8A9A42F7D93B8ABB84B98CFA88FF
:10D1F00097F8343000930B46B968F868FFF729FEBA
:10D20000FB8818462837BD4680BD80B592B002AF76
:10D21000F860B96011461A460B46FB8013467B71D5
:10D22000FB88002B01D10023BCE0FB681B89FB8736
:10D23000FB685B89FB86BB68BB63FB68DB79C3F378
:10D24000C013DBB283F00103DBB2002B36D0FB68E6
:10D250009B887B85FB8F3B85FB8EFB847B8DBB8412
:10D260003B8D7B84FB8C3B847A8C3B8C9A4204D331
:10D270007A8C3B8CD31A9BB208E0BB8C5B009AB2D1
:10D28000798C3B8CCB1A9BB213449BB2FB837A8D77
:10D29000FB8B9A4204D97A8DFB8BD31A9BB200E0A8
:10D2A00000237B86FB88FB857B8EBB85FA8DBB8D3F
:10D2B000934228BF13469BB2FB804BE0FB689B88E0
:10D2C000FA889A4217D37B79002B0ED1FB88FA6833
:10D2D00092889B1AFA68D288C2F30E0292B202FBBD
:10D2E00003F31A46BB6B1344BB63FB689B88FB804C
:10D2F000FB8EFB872EE0FB689B88BB83FB8F7B83C9
:10D30000FB8E3B837A8B3B8B9A4204D37A8B3B8B8D
:10D31000D31A9BB208E0BB8B5B009AB2798B3B8B34
:10D32000CB1A9BB213449BB2BB86BA8EFB881A44BD
:10D33000FB689B885B009A420CDBFB689888FB6863
:10D340009A88FB88D31A9AB2FB8E1946FFF761FEC2
:10D350000346FB87FB88002B23D0FB689B88FB825E
:10D36000FB8FBB8203E0BA8AFB8AD31ABB82FA8A9C
:10D37000BB8A9A42F7D9BB8A3B86398EFA887B7979
:10D3800000930B46B96BF868FFF766FCFB689B8857
:10D39000FA88F98F1846FFF73CFE03461A46FB68E9
:10D3A0001A81FB8818464037BD4680BD80B586B0DF
:10D3B00002AFF860B96011461A460B46FB8013466F
:10D3C0007B71FB681B8998B2FB685B899BB2F9880B
:10D3D0007A790192009303460A46B968F868FFF724
:10D3E000A4FE0346FB80FB689888FB685B899BB2C0
:10D3F000FA881946FFF70DFE03461A46FB685A8164
:10D40000FB8818461037BD4680BD80B487B000AF9A
:10D4100078607B6899887B681B899AB27B685B8996
:10D420009BB279823A82FB813A8AFB899A4204D381
:10D430003A8AFB89D31A9BB208E07B8A5B009AB2D6
:10D44000398AFB89CB1A9BB213449BB27A689288C3
:10D45000FB821346BB82FA8ABB8A934228BF1346DB
:10D460009BB218461C37BD465DF8047B704780B4FC
:10D4700083B000AF78607B681B899AB27B685B8958
:10D480009BB29A420CBF01230023DBB218460C3733
:10D49000BD465DF8047B704780B485B000AF78600E
:10D4A0007B6899887B681B899AB27B685B899BB291
:10D4B000F981BA817B81BA897B899A4204D3BA897E
:10D4C0007B89D31A9BB208E0FB895B009AB2B989C9
:10D4D0007B89CB1A9BB213449BB27A6892889342A1
:10D4E0002CBF01230023DBB218461437BD465DF87C
:10D4F000047B704780B487B000AF78607B68998800
:10D500007B681B899AB27B685B899BB2F982BA827D
:10D510007B82FB8A3B82BB8AFB817B8ABB81FA8947
:10D52000BB899A4204D3FA89BB89D31A9BB208E01B
:10D530003B8A5B009AB2F989BB89CB1A9BB2134430
:10D540009BB27B81FA8A7B899A4204D9FA8A7B89C9
:10D55000D31A9BB200E0002318461C37BD465DF885
:10D56000047B704780B584B000AF786039607B6819
:10D570001B899AB27B685B899BB239687868FFF730
:10D580006EFD0346FB737B6898887B685B899BB262
:10D59000FA7B92B21946FFF73CFD03461A467B68B8
:10D5A0005A81FB7B18461037BD4680BD80B584B0DC
:10D5B00000AFF860B9601346FB80FA880023B968B1
:10D5C000F868FFF7F3FE034618461037BD4680BDE6
:10D5D00080B584B000AFF860B9601346FB80FA886C
:10D5E0000123B968F868FFF7E1FE034618461037D3
:10D5F000BD4680BD80B586B000AF786039607B687D
:10D600001B89BB827868FFF747FF0346002B0CD0CD
:10D610007B68DB79C3F3C013DBB283F00103DBB2B9
:10D62000002B02D00023FB7522E07B689B883B82A5
:10D63000BB8AFB8103E0FA893B8AD31AFB813A8AD1
:10D64000FB899A42F7D9FB897B827B8A1A46396823
:10D650007868FFF7E2FA7B689B88B98A012218464E
:10D66000FFF7D7FC03461A467B681A810123FB7536
:10D67000FB7D18461837BD4680BD80B584B000AF2D
:10D68000F860B9601346FB80FA880023B968F8682F
:10D69000FFF7BBFD034618461037BD4680BD80B579
:10D6A00084B000AFF860B9601346FB80FA880123AC
:10D6B000B968F868FFF7A9FD034618461037BD465C
:10D6C00080BD80B483B000AF78607B6800225A814F
:10D6D0007B6800221A81012318460C37BD465DF88D
:10D6E000047B704780B483B000AF78600B46FB705A
:10D6F0007A68D379F97861F3C713D3710123184697
:10D700000C37BD465DF8047B7047000080B483B0E1
:10D7100000AF0346FB71144B002B12D0134B1B7848
:10D72000FA799A4208D2124B1968FA7913465B00CB
:10D730001344DB000B4410E00C4B1B78FA79D31A2E
:10D74000FB71FB79012B07D8FA7913465B00134470
:10D75000DB00084A134400E0002318460C37BD469E
:10D760005DF8047B704700BF0000000034500020CB
:10D7700030500020F46D030880B400AF064B5B7896
:10D78000DBB2002B14BF01230023DBB21846BD46D9
:10D790005DF8047B704700BF0450002080B400AFE8
:10D7A000074B1B78C3F38003DBB2002B14BF0123AC
:10D7B0000023DBB21846BD465DF8047B704700BF0E
:10D7C0000450002080B400AF054B1B78FF2B14BF22
:10D7D00001230023DBB21846BD465DF8047B704789
:10D7E000B101002080B588B000AF0346FB71FFF7A0
:10D7F000E9FF0346002B01D0012360E02B2200212A
:10D80000314804F025FA314BFB60FB6804331846BD
:10D81000FFF757FFFB682E4A13602D4B1B68002B48
:10D8200010D14FF4CA722B492B4804F027F92B4B27
:10D830003B613B691B6803F00103002B00D000BE75
:10D8400000233CE0264B002B05D02648AFF3008098
:10D850000346254A13600023FB771EE0FB7F184632
:10D86000FFF754FFB861BB69002B10D14FF4D072A1
:10D870001849194804F002F9184B7B617B691B6851
:10D8800003F00103002B00D000BE002317E0BB69AA
:10D890001B689847FB7F0133FB77124B1B785A1CA0
:10D8A000FB7F9A42DADA114AFB791370FB7918464A
:10D8B00002F03AF9FB79184602F0A8F9012318465C
:10D8C0002037BD4680BD00BF04500020B4010020B9
:10D8D000F8500020246E0308BC400108F0ED00E081
:10D8E000000000003450002030500020B101002022
:10D8F00080B586B000AF0346FB710023FB751FE0C7
:10D90000FB7D1846FFF702FF38613B69002B0FD102
:10D9100040F2B3121749184804F0B0F8174BFB60F7
:10D92000FB681B6803F00103002B1FD000BE1DE045
:10D930003B695B68FA7910469847FB7D0133FB75BC
:10D940000F4B1B785A1CFB7D9A42D9DA2B220021FF
:10D950000C4804F07DF91022FF210B4804F078F9FF
:10D960000C22FF21094804F073F900E000BF1837CA
:10D97000BD4680BD306E0308BC400108F0ED00E0FC
:10D980003450002004500020075000201750002081
:10D9900080B582B000AF0346FB71FB791846FFF7F4
:10D9A000A7FF01F0DBFB00BF0837BD4680BD0000CC
:10D9B00090B591B000AF78600B46FB70FFF702FFA7
:10D9C000034683F00103DBB2002B40F030819C4B17
:10D9D0001B68FB6207F10803BB627B687B62FB6A22
:10D9E0003B623B6A1B680020984700BFFB6A043318
:10D9F000B96A1846FFF7B6FD0346FB77FB6ABB61C1
:10DA0000BB691B680120984700BFFB7F83F00103BF
:10DA1000DBB2002B40F00D817B7A013B072B00F23B
:10DA2000F08001A252F823F049DA000859DA000820
:10DA300003DC0008A9DB0008D9DB00086FDA000866
:10DA4000DDDA0008F3DB00083B7A1846FFF7A0FF99
:10DA50003A7B7C4B9A70E9E03B7A1846FFF798FFD7
:10DA6000794B002B00F0D780AFF30080D3E0754AEC
:10DA7000137843F001031370724AD37F6FF30003EE
:10DA8000D377704AD37F6FF38203D3776D4A92F8CE
:10DA900020306FF3000382F820306A4A92F8203079
:10DAA0006FF3820382F820303A7A07F108030433D7
:10DAB0001946104600F0ECF8034683F00103DBB290
:10DAC000002B00F0AA803B7A0021184602F02EFCC1
:10DAD0003B7A8021184602F029FC9EE03B7B87F8C8
:10DAE0003F3097F83F30BB75BB7D03F07F03DBB25F
:10DAF00087F83E3097F83F30FB75FB7DDB09DBB2E2
:10DB000087F83D3097F83E2097F83D304D49520058
:10DB10000A44134403F11802D3796FF30003D3715D
:10DB200097F83E2097F83D30464952000A44134486
:10DB300003F11802D3796FF38203D37197F83E3063
:10DB4000002B07D1387A7A7B3B6997F83F1001F0B8
:10DB50003BFB6BE097F83E2097F83D303949520087
:10DB60000A44134413331B781846FFF7CFFDB863FC
:10DB7000BB6B002B0FD140F229223449344803F00B
:10DB80007DFF344B7B637B6B1B6803F00103002B31
:10DB900051D000BE4FE0BB6B1C69387A7A7B3B6981
:10DBA00097F83F10A04741E0264B1B78C3F30003D2
:10DBB000DBB2002B33D0284B002B30D0214B1B780D
:10DBC000C3F3C003DBB2002B14BF01230023DBB27D
:10DBD0001846AFF3008022E01A4B1B78C3F3000312
:10DBE000DBB2002B1DD01D4B002B1AD0AFF30080F1
:10DBF00017E0FB68002B16D0FB683A69104698477F
:10DC000011E0144B3B633B6B1B6803F00103002BDB
:10DC10000BD000BE09E000BFD9E600BFD7E600BFC9
:10DC2000D5E600BFD3E600BFD1E600BFCFE600BF18
:10DC300002E000BF00E000BF4437BD4690BD00BF1A
:10DC4000F85000200450002000000000446E03083B
:10DC5000BC400108F0ED00E0000000000000000002
:10DC600080B584B000AF0346B9607A60FB73BB68CF
:10DC7000DB68184601F07EFABB68DB68F87B7A68DF
:10DC800001219847034618461037BD4680BD000065
:10DC900080B594B000AF03463960FB71002001F0FD
:10DCA00069FA3B681B7803F06003DBB2602B10D18C
:10DCB00040F26E22A349A44803F0E0FEA34BBB61EF
:10DCC000BB691B6803F00103002B00D000BE0023DA
:10DCD00059E23B681B7803F06003DBB2402B0FD1A5
:10DCE0009B4B002B01D100234DE2994801F042FAF1
:10DCF000FB793A6801211846AFF30080034642E2FF
:10DD00003B681B78C3F30403DBB2022B00F0828173
:10DD1000022B00F32B82002B03D0012B00F0298172
:10DD200024E23B681B7803F06003DBB2202B23D195
:10DD30003B689B889BB2FB82FB8ADBB287F827306B
:10DD400097F827300F2B01D900231CE297F82730D2
:10DD5000804A1344DB781846FFF7D8FC38623B6AE8
:10DD6000002B01D100230EE2FB793A68396A18468C
:10DD7000FFF776FF034606E23B681B7803F060037B
:10DD8000DBB2002B0AD0714BBB62BB6A1B6803F08D
:10DD90000103002B00D000BE0023F4E13B685B7858
:10DDA000092B00F2D98001A252F823F00DDF000800
:10DDB000E9DE000859DF0008C5DE000859DF000869
:10DDC000D5DD0008ABDE000859DF0008F9DD0008EA
:10DDD00011DE0008386801F0DDF93B685B889BB212
:10DDE000DAB2FB791146184601F040FF594A137820
:10DDF00043F002031370BBE0564B5B78DBB2FB735E
:10DE000007F10F02F8790123396801F025F9AFE035
:10DE10003B685B889BB287F837304E4B5B78DBB250
:10DE200097F837209A4236D04A4B5B78DBB2002B0A
:10DE30000FD0FB79184602F0D9F8464B9B7887F84B
:10DE40003630FB791846FFF753FD424A97F83630D3
:10DE5000937097F83730002B1DD097F83720FB7957
:10DE60001146184600F09CF9034683F00103DBB22B
:10DE7000002B10D040F2C2223249334803F0FEFD9D
:10DE8000324B3B633B6B1B6803F00103002B00D05C
:10DE900000BE002377E12F4A97F837305370FB79A3
:10DEA0003968184601F066F862E0FB79396818466F
:10DEB00000F0B4FA034683F00103DBB2002B56D026
:10DEC000002360E13B685B889BB2012B01D00023FB
:10DED00059E1204A137843F008031370FB7939683D
:10DEE000184601F047F843E03B685B889BB2012B82
:10DEF00001D0002347E1174A13786FF3C30313706F
:10DF0000FB793968184601F035F831E0114B1B7880
:10DF10005B09DBB29BB203F001039AB20D4B1B7895
:10DF20009B08DBB29BB203F002039BB213439BB28C
:10DF3000BB8107F10C02F8790223396801F08CF8F3
:10DF400016E000BF546E0308BC400108F0ED00E08D
:10DF500000000000045000208D4BFB62FB6A1B6830
:10DF600003F00103002B00D000BE00230BE100BF33
:10DF700008E13B689B889BB2BB82BB8ADBB287F817
:10DF80003F3097F83F300F2B01D90023FBE097F883
:10DF90003F30804A1344DB781846FFF7B7FBB8637D
:10DFA000BB6B002B01D10023EDE0FB793A68B96B24
:10DFB0001846FFF755FE034683F00103DBB2002B42
:10DFC00000F0DF803B681B7803F06003DBB2002BBE
:10DFD00001D00023D7E03B685B780A3B012B16D8C1
:10DFE000002001F0C7F83B685B780A2B09D10023B9
:10DFF000FB7207F10B02F8790123396801F02CF864
:10E0000007E0FB793968184600F0B4FF01E000230F
:10E01000B9E0B6E03B689B889BB23B823B8ADBB2AF
:10E0200087F84F3097F84F30BB74BB7C03F07F0309
:10E03000DBB287F84E3097F84F30FB74FB7CDB097E
:10E04000DBB287F84D3097F84E30052B10D940F2EF
:10E0500022325149514803F011FD4D4B3B643B6C5A
:10E060001B6803F00103002B00D000BE00238AE0F0
:10E0700097F84E2097F84D30464952000A44134411
:10E0800013331B781846FFF741FBB8643B681B78D5
:10E0900003F06003DBB2002B0CD0BB6C002B01D172
:10E0A000002370E0FB793A68B96C1846FFF7D8FD99
:10E0B000034668E03B685B78032B18D0032B48DCF1
:10E0C000002B02D0012B12D043E097F84F20FB79B0
:10E0D0001146184600F004FF03469BB23B8107F14E
:10E0E0000802F8790223396800F0B6FF3DE03B688A
:10E0F0005B889BB2002B12D13B685B78012B07D168
:10E1000097F84F20FB791146184600F09DFE06E077
:10E1100097F84F20FB791146184600F049FEBB6C7A
:10E12000002B21D0FB793A68B96C1846FFF798FDAF
:10E13000002001F01FF8174B93F82030C3F30003C1
:10E14000DBB2002B10D1FB793968184600F012FFC2
:10E150000AE00F4B7B647B6C1B6803F00103002B10
:10E1600000D000BE00230EE000BF0BE0084BFB61B7
:10E17000FB691B6803F00103002B00D000BE0023E5
:10E1800001E000BF012318465037BD4680BD00BFE7
:10E19000F0ED00E004500020546E0308BC4001087C
:10E1A00080B594B000AF03460A46FB711346BB71BD
:10E1B000BB79013BDBB21846F6F740FA78647B6C1A
:10E1C000002B03D07B6C5B78022B10D040F26A32BC
:10E1D0008A498B4803F052FC8A4BBB61BB691B68C0
:10E1E00003F00103002B00D000BE002302E17B6C92
:10E1F000DB795B1103F00103D9B2834A137861F331
:10E20000041313707B6CDB799B1103F00103D9B20B
:10E210007D4A137861F3451313707B6C0933FB64FB
:10E220007B6C5B889BB21A467B6C13443B64D6E0E4
:10E23000012387F84B30FB6C7B617B6901331B78D2
:10E240000B2B0FD1FB6CFB63FB6BDB7887F84B3040
:10E25000FB6C3B613B69FB60FB681B781A46FB6803
:10E260001344FB64FB6CBB60BB6801331B78042B5D
:10E2700010D040F285326149614803F0FFFB614BE9
:10E28000FB61FB691B6803F00103002B00D000BE9B
:10E290000023AFE0FB6CBB633A6CFB6CD31AFB86CC
:10E2A000002387F84A307AE097F84A301846FFF79B
:10E2B0002DFA38633B6B002B10D140F28E324F4960
:10E2C0004F4803F0DBFB4F4B7B627B6A1B6803F01C
:10E2D0000103002B00D000BE00238BE03B6B9B684A
:10E2E000FA8EF879B96B98470346FB85FB8D082BAE
:10E2F00050D9FA8DFB8E9A424CD897F84B30012BAF
:10E3000007D13B6B9B68414A934202D1022387F8B5
:10E310004B30002387F849302AE0BB6B9A7897F896
:10E320004930134487F82D3097F82D30364A13447E
:10E33000DB78FF2B10D040F2AD323049304803F08B
:10E340009DFB304BBB62BB6A1B6803F00103002BD3
:10E3500000D000BE00234DE097F82D302A4A134428
:10E3600097F84A20DA7097F84930013387F8493036
:10E3700097F8492097F84B309A42CED397F84A3015
:10E38000FA8DB96B224802F00BFEFB8DFA6C134438
:10E39000FB640CE097F84A30013387F84A301D4B94
:10E3A0001B785A1C97F84A309A42BFF67DAF194B3A
:10E3B0001B785A1C97F84A309A4210DA4FF46F7261
:10E3C0000E490F4803F05AFB0E4B3B623B6A1B6839
:10E3D00003F00103002B00D000BE00230AE0FA6C1A
:10E3E0003B6C9A42FFF424AF0B4B002B01D0AFF3F0
:10E3F0000080012318465037BD4680BD6C6E03086F
:10E40000BC400108F0ED00E004500020D9C3000832
:10E4100017500020345000200000000080B594B058
:10E4200000AF03463960FB713B685B889BB2BB84DD
:10E43000BB8C1B0A9BB2DBB287F84B303B685B8816
:10E440009BB2FB84FB8CDBB287F84A3097F84B30E9
:10E45000013B0E2B00F2C88001A252F823F000BF4E
:10E460009DE400080DE5000881E50008E9E50008E5
:10E47000E9E50008B7E500080DE50008E9E5000852
:10E48000E9E50008E9E50008E9E50008E9E5000834
:10E49000E9E50008E9E50008B3E40008F6F7C4F888
:10E4A000B862F8791223BA6A396800F0D5FD0346DC
:10E4B0009BE0504B002B01D1002396E0AFF300808E
:10E4C00003467B647B6C002B10D140F2ED324A494D
:10E4D0004A4803F0D3FA4A4BFB63FB6B1B6803F01B
:10E4E0000103002B00D000BE00237EE07B6C0233D2
:10E4F0003B623B6A1B88A7F842307A6CB7F842301F
:10E50000F879396800F0A8FD03466EE097F84B30C3
:10E51000022B07D197F84A301846F6F78FF80346D2
:10E52000FB640BE0374B002B01D100235DE097F833
:10E530004A301846AFF300800346FB64FB6C002BA7
:10E5400010D140F207422C492C4803F097FA2C4B8B
:10E55000FB62FB6A1B6803F00103002B00D000BEC6
:10E56000002342E0FB6C0233FB61FB691B887B8666
:10E57000FA6C7B8EF879396800F06EFD034634E062
:10E580003B689B889AB297F84A3011461846F6F7CE
:10E5900063F878637B6B002B01D1002325E07B6B54
:10E5A000BB61BB691B789BB2F8797A6B396800F064
:10E5B00053FD034619E0144B002B01D1002314E056
:10E5C000AFF30080B863BB6B002B01D100230CE0DC
:10E5D000BB6B7B617B691B789BB2F879BA6B39683E
:10E5E00000F03AFD034600E0002318465037BD46D0
:10E5F00080BD00BF00000000806E0308BC40010821
:10E60000F0ED00E0000000000000000080B5AAB0BE
:10E6100000AF78600B46FB707B685B78023B032B96
:10E6200000F2B18101A252F823F000BF3DE60008DC
:10E630005FE8000807E70008B7E700088A4A137890
:10E640006FF300031370884A13786FF3410313705C
:10E65000854B00225A70844A13786FF3820313703B
:10E66000824B1B68C7F89C307B68C7F89830FB78F2
:10E6700087F8973097F8973083F00103DBB2002BCF
:10E6800009D0D7F89C30C7F89030D7F890301B6885
:10E690000020984700BFD7F89C300433D7F8981073
:10E6A0001846FEF7A7FF034687F88F3097F8973094
:10E6B00083F00103DBB2002B09D0D7F89C30C7F8F8
:10E6C0008830D7F888301B680120984700BF97F83A
:10E6D0008F3083F00103DBB2002B10D0B5226449E8
:10E6E000644803F0CBF9644BC7F88430D7F8843022
:10E6F0001B6803F00103002B03D000BE01E000BF44
:10E700008BE100BF89E1584B1B78C3F30003DBB2F8
:10E71000002B00F07D81544A137843F004031370FA
:10E72000524B1B68C7F880307B68FB67FB7887F823
:10E730007B3097F87B3083F00103DBB2002B07D0EE
:10E74000D7F880307B677B6F1B680020984700BF3D
:10E75000D7F880300433F96F1846FEF74BFF0346B5
:10E7600087F8733097F87B3083F00103DBB2002B1E
:10E7700007D0D7F88030FB66FB6E1B6801209847F6
:10E7800000BF97F8733083F00103DBB2002B0ED08B
:10E79000B5223749374803F071F9374BBB66BB6E7A
:10E7A0001B6803F00103002B03D000BE01E000BF93
:10E7B0002EE100BF2CE12C4B1B78C3F30003DBB22E
:10E7C000002B00F02781284A13786FF3820313701F
:10E7D000264B1B687B667B683B66FB7887F85F305F
:10E7E00097F85F3083F00103DBB2002B06D07B6E1D
:10E7F000BB65BB6D1B680020984700BF7B6E043370
:10E80000396E1846FEF7F6FE034687F8573097F83C
:10E810005F3083F00103DBB2002B06D07B6E3B65DB
:10E820003B6D1B680120984700BF97F8573083F075
:10E830000103DBB2002B0ED0B5220D490D4803F0C9
:10E840001DF90D4BFB64FB6C1B6803F00103002BEF
:10E8500003D000BE01E000BFDCE000BFDAE000232F
:10E8600087F8A73028E000BF04500020F8500020AF
:10E87000986E0308BC400108F0ED00E097F8A7305F
:10E880001846FEF743FFC7F8A000D7F8A030002BCA
:10E890000DD0D7F8A0305B69002B08D0D7F8A03096
:10E8A0005B697A6810787A6852681146984797F8D9
:10E8B000A730013387F8A7305A4B1B785A1C97F8BA
:10E8C000A7309A42DADA584B1B78C3F38003DBB2E5
:10E8D000002B00F0A180544A13786FF38203137069
:10E8E00007F1080300221A605A609A607B681B785F
:10E8F0003B7205237B724D4B1B68BB6407F1080319
:10E900007B64FB7887F8433097F8433083F001034A
:10E91000DBB2002B06D0BB6CFB63FB6B1B680020DB
:10E92000984700BFBB6C0433796C1846FEF762FE53
:10E93000034687F83B3097F8433083F00103DBB29E
:10E94000002B06D0BB6C7B637B6B1B680120984758
:10E9500000BF97F83B3083F00103DBB2002B0ED0F1
:10E96000B5223349334803F089F8334B3B633B6BA3
:10E970001B6803F00103002B03D000BE01E000BFC1
:10E980004AE000BF48E0294B1B68FB627B68BB6222
:10E99000FB7887F8273097F8273083F00103DBB244
:10E9A000002B06D0FB6A3B623B6A1B68002098473D
:10E9B00000BFFB6A0433B96A1846FEF71BFE034624
:10E9C000FB7797F8273083F00103DBB2002B06D0EA
:10E9D000FB6ABB61BB691B680120984700BFFB7FD6
:10E9E00083F00103DBB2002B0ED0B5221049114891
:10E9F00003F044F8104B7B617B691B6803F0010353
:10EA0000002B03D000BE01E000BF06E000BF04E021
:10EA100000BF02E000BF00E000BF00BFA837BD4656
:10EA200080BD00BF3450002004500020F85000206A
:10EA3000986E0308BC400108F0ED00E080B582B09C
:10EA400000AF0346FB71FB79002B05D0074B1B7809
:10EA5000184601F0DBF804E0044B1B78184601F07F
:10EA6000EDF800BF0837BD4680BD00BFB1010020F2
:10EA700080B58AB000AF396011461A460346FB7173
:10EA80000B46BB7113467B7100237B6259E03B68E8
:10EA90003B623B6A5B78052B08D13B6ADB78C3F3AA
:10EAA0000103DBB21A467B79934210D040F28742D1
:10EAB0002849294802F0E2FF284BBB61BB691B686B
:10EAC00003F00103002B00D000BE00233EE0FB79E1
:10EAD000396A184600F044F8034683F00103DBB2BC
:10EAE000002B10D04FF491621A491B4802F0C6FF68
:10EAF0001A4BFB61FB691B6803F00103002B00D07C
:10EB000000BE002322E03B6A9B78FB75FB7DDB099E
:10EB1000DBB2012B04D13B6A9A787B6B1A7003E05D
:10EB20003B6A9A783B6B1A703B683B613B69FB60C0
:10EB3000FB681B781A46FB6813443B607B6A013311
:10EB40007B62BB797A6A9A42A1DB01231846283797
:10EB5000BD4680BDA86E0308BC400108F0ED00E092
:10EB600080B586B000AF03463960FB71214B1B783E
:10EB7000FB713B689B78FB73FB7B03F07F03DBB28D
:10EB8000052B10D940F2AF421B491C4802F076FF1A
:10EB90001B4B3B613B691B6803F00103002B00D05A
:10EBA00000BE002322E0174B9B781946386802F01C
:10EBB00065F9034683F00103DBB2002B10D04FF45C
:10EBC00096620D490D4802F059FF0D4B7B617B6940
:10EBD0001B6803F00103002B00D000BE002305E0FA
:10EBE000FB793968184601F0ADF803461846183726
:10EBF000BD4680BDB1010020BC6E0308BC400108C9
:10EC0000F0ED00E00450002080B586B000AF034670
:10EC10000A46FB711346BB71BB79BB73BB7B03F028
:10EC20007F03DBB2FB75BB79FB73FB7BDB09DBB2DC
:10EC3000BB75FA7DBB7D520013441833064A13445A
:10EC400007333B610021386902F0B4F803461846E7
:10EC50001837BD4680BD00BF0450002080B586B087
:10EC600000AF03460A46FB711346BB71BB79BB7309
:10EC7000BB7B03F07F03DBB2FB75BB79FB73FB7BD4
:10EC8000DB09DBB2BB75FA7DBB7D52001344183340
:10EC9000064A134407333B610021386902F0C4F887
:10ECA000034618461837BD4680BD00BF04500020FB
:10ECB00080B586B000AF3A601A460346FB710B463A
:10ECC000BB711346BB80354B1B78FB71BB79BB72A4
:10ECD000BB7A03F07F03DBB2FB75BB79FB72FB7A77
:10ECE000DB09DBB2BB75FA7DBB7D2D4952000A44BE
:10ECF00013441833DB79C3F30003DBB2002B10D0CD
:10ED000040F2DB422749284802F0B8FE274BFB605F
:10ED1000FB681B6803F00103002B00D000BE00233A
:10ED200038E0FA7DBB7D1E4952000A44134403F1CA
:10ED30001802D37943F00103D371BB88B979F8790C
:10ED40003A6801F09FF90346002B01D0012321E02E
:10ED5000FA7DBB7D124952000A44134403F11802A4
:10ED6000D3796FF30003D371FA7DBB7D0C49520058
:10ED70000A44134403F11802D3796FF38203D37169
:10ED80000A4B3B613B691B6803F00103002B00D079
:10ED900000BE002318461837BD4680BDB1010020D3
:10EDA00004500020CC6E0308BC400108F0ED00E0E8
:10EDB00080B584B000AF03460A46FB711346BB71B1
:10EDC0001F4B1B78FB71BB793B733B7B03F07F03CD
:10EDD000DBB2FB73BB797B737B7BDB09DBB2BB7381
:10EDE000FA7BBB7B174952000A4413441833DB7982
:10EDF000C3F34003DBB2002B1DD1BA79FB79114676
:10EE0000184601F093FAFA7BBB7B0E4952000A4484
:10EE1000134403F11802D37943F00203D371FA7B50
:10EE2000BB7B084952000A44134403F11802D3790A
:10EE300043F00103D37100BF1037BD4680BD00BF52
:10EE4000B10100200450002080B584B000AF03461B
:10EE50000A46FB711346BB711F4B1B78FB71BB79D4
:10EE60003B733B7B03F07F03DBB2FB73BB797B73AC
:10EE70007B7BDB09DBB2BB73FA7BBB7B17495200A0
:10EE80000A4413441833DB79C3F34003DBB2002B8D
:10EE90001DD0BA79FB791146184601F059FAFA7B70
:10EEA000BB7B0E4952000A44134403F11802D37984
:10EEB0006FF34103D371FA7BBB7B084952000A44CC
:10EEC000134403F11802D3796FF30003D37100BF29
:10EED0001037BD4680BD00BFB101002004500020A6
:10EEE00080B485B000AF03460A46FB711346BB7180
:10EEF000BB793B733B7B03F07F03DBB2FB73BB79D6
:10EF00007B737B7BDB09DBB2BB73FA7BBB7B0A4980
:10EF100052000A4413441833DB79C3F34003DBB2D5
:10EF2000002B14BF01230023DBB218461437BD4663
:10EF30005DF8047B704700BF0450002080B584B0AA
:10EF400000AF03463960FB713B681B7823F07F03F9
:10EF5000DBB2002B01D0002300E08023FB73F97BA0
:10EF6000F87900230022FFF7A3FE03461846103766
:10EF7000BD4680BD80B582B000AF03463960FB71ED
:10EF80000B4B3A681068516803C3094B00229A6022
:10EF9000074B0022DA81064B00229A81FB793968FF
:10EFA0001846FFF7CBFF034618460837BD4680BD1D
:10EFB000FC50002080B588B000AF0346FB71244BA5
:10EFC0009A89234BDB89D31A9BB27B8340233B83F3
:10EFD0007A8B3B8B934228BF13469BB2BB830023A3
:10EFE000FB771B4B1B7823F07F03DBB2002B1ED07B
:10EFF0008023FB77BB8B002B19D0154B9A68BB8BFA
:10F000001449796140213961FA60BB603A69BB6893
:10F010009A4202D24FF0FF3305E0BA68F968786986
:10F0200002F095FE0023002B01D000230BE0BB8BE8
:10F03000002B01D0074A00E00022BB8BF97FF87952
:10F04000FFF736FE034618462037BD4680BD00BF99
:10F05000FC5000201051002080B588B000AFB9608E
:10F060007A601A460346FB731346BB81374BBA6876
:10F070001068516803C3354A7B689360334B0022A4
:10F08000DA81BB68DB889AB2BB897B8213463B82FC
:10F090007A8A3B8A934228BF13469AB22B4B9A81B5
:10F0A000BB68DB889BB2002B30D0284B9B89002BA0
:10F0B00012D07B68002B0FD175222549254802F01C
:10F0C000DDFC254BBB61BB691B6803F00103002B12
:10F0D00000D000BE002335E0FB7B1846FFF76AFF37
:10F0E000034683F00103DBB2002B2AD07B221849B0
:10F0F000184802F0C3FC184B7B617B691B6803F066
:10F100000103002B00D000BE00231BE0FB7BB9688D
:10F110001846FFF713FF034683F00103DBB2002B11
:10F120000FD080220A490B4802F0A8FC0A4BFB6171
:10F13000FB691B6803F00103002B00D000BE002315
:10F1400000E0012318462037BD4680BDFC5000205A
:10F15000DC6E0308D4400108F0ED00E080B500AF9C
:10F1600014220021024802F073FD00BF80BD00BFE1
:10F17000FC50002080B483B000AF7860044A7B6804
:10F18000136100BF0C37BD465DF8047B704700BFBC
:10F19000FC50002080B483B000AF7860094B7A68DF
:10F1A0001068516803C3074B00229A60054B002288
:10F1B000DA81044B00229A8100BF0C37BD465DF80E
:10F1C000047B7047FC50002080B588B000AF3B60E6
:10F1D0000346FB710B46BB7113467B71BB79FB7316
:10F1E000FB7BDB09DBB2584A1278C2F3C012D2B201
:10F1F000934226D03B68002B0FD0AD225349544890
:10F2000002F03CFC534B3B613B691B6803F001037C
:10F21000002B00D000BE002391E04F4B002B04D008
:10F22000FB7949491846AFF30080474B1B69002B17
:10F2300005D0454B1B69F879434A032198470123C0
:10F240007DE0414B1B7823F07F03DBB2002B0CD118
:10F250003D4B9B68002B01D1002370E03A4B9B682B
:10F260003A683E49184602F072FD374BDA893B682E
:10F270009BB213449AB2344BDA81334B9A683B68A1
:10F280001344314A9360304BDA882F4BDB899A4222
:10F2900002D03B683F2B36D80123FB772A4B1B69F2
:10F2A000002B07D0284B1B69F879274A0221984781
:10F2B0000346FB77FB7F002B1AD0FB7922491846C7
:10F2C000FFF73CFE034683F00103DBB2002B34D092
:10F2D000DA221E491E4802F0D1FB1E4B7B617B697E
:10F2E0001B6803F00103002B00D000BE002326E0C2
:10F2F000FB790021184601F019F8FB7980211846A6
:10F3000001F014F819E0FB791846FFF753FE0346A5
:10F3100083F00103DBB2002B10D0E5220B490C482F
:10F3200002F0ACFB0B4BBB61BB691B6803F0010334
:10F33000002B00D000BE002301E000BF01231846CF
:10F340002037BD4680BD00BFFC500020F06E030892
:10F35000D4400108F0ED00E0000000001051002052
:10F3600080B586B000AF03463960FB711346BB71B0
:10F3700007F10C0300221A605A609A60FB793B7314
:10F3800003237B733B683B61BA7907F10C03114699
:10F390001846FFF73BF900BF1837BD4680BD000097
:10F3A00080B483B000AF0346FB7197F90730002BA0
:10F3B0000BDBFB7903F01F02074997F907305B0964
:10F3C000012000FA02F241F8232000BF0C37BD46AD
:10F3D0005DF8047B704700BF00E100E080B483B0BB
:10F3E00000AF0346FB7197F90730002B12DBFB7966
:10F3F00003F01F020A4997F907305B09012000FA60
:10F4000002F2203341F82320BFF34F8F00BFBFF338
:10F410006F8F00BF00BF0C37BD465DF8047B70479F
:10F4200000E100E080B483B000AF78600B46FB7071
:10F43000FB78002B06D17B689B6B43F480327B68A2
:10F440009A6305E07B689B6B23F480327B689A6348
:10F4500000BF0C37BD465DF8047B704780B485B0B3
:10F4600000AF78600B46FB70FB78002B52D12C4B21
:10F470001B682C4A934202D30623FB6041E0284BD1
:10F480001B68294A934202D90723FB6039E0244BC9
:10F490001B68264A934202D30823FB6031E0204BCD
:10F4A0001B68234A934202D90923FB6029E01C4BC5
:10F4B0001B68204A934202D90A23FB6021E0184BC3
:10F4C0001B681D4A934202D90B23FB6019E0144BC1
:10F4D0001B681A4A934202D30C23FB6011E0104BC5
:10F4E0001B68174A934202D30D23FB6009E00C4BC3
:10F4F0001B68144A934202D30E23FB6001E00F23E2
:10F50000FB607B68DB6823F47052FB689B021A4344
:10F510007B68DA6000BF1437BD465DF8047B704736
:10F52000900100200048E801DF9DA30100366E0134
:10F530003FA44C01FF2C31019F491A018073060141
:10F540000024F400C0E1E40080B483B000AF0346BF
:10F550000A46FB8013467B71FB889B089AB27B7935
:10F560009BB213449BB25B009BB20F339BB2184615
:10F570000C37BD465DF8047B7047000080B586B04F
:10F5800000AF0346FB71FB791B4A1B0113441B6848
:10F590003B61FB79184A1B01134408331B78FB734A
:10F5A0000023FB8200237B7513E07B7D134A5B0104
:10F5B00013440A331A88FB8ABB8113467B81BA89BC
:10F5C0007B89934238BF13469BB2FB827B7D01331C
:10F5D0007B757A7DFB7B9A42E7D3FA7BFB8A1146E7
:10F5E0001846FFF7B1FF03461A463B695A6200BF4F
:10F5F0001837BD4680BD00BF086F03085851002072
:10F6000080B586B000AF0346FB71FB793F4A1B0112
:10F6100013441B683B61FB793C4A1B0113440833CC
:10F620001B78FB734FF490720021394802F010FBF5
:10F63000384B00221A70384B00221A703B69D3F8FD
:10F64000003823F4FE623B69C3F800280023FB75F1
:10F6500010E0FB7D3A6958335B0113441A68FB7D67
:10F6600042F00062396958335B010B441A60FB7D3C
:10F670000133FB75FA7DFB7B9A42EAD33B694FF07D
:10F680000112C3F81C283B690922C3F814283B69FE
:10F690000922C3F81028FB7B19464020FFF754FFCE
:10F6A00003461A463B695A621C4B10221A80FB79AA
:10F6B000164A1B0113440C331B689B08174A128817
:10F6C0009B1A43F480123B699A623B69D3F8003974
:10F6D00023F003023B69C3F800290D4B40225A81F5
:10F6E0000B4B40225A833B69D3F8103B43F0C04296
:10F6F0003B69C3F8102B3B699B6943F440223B698B
:10F700009A6100BF1837BD4680BD00BF086F03086F
:10F71000585100207E5200207F5200207C52002051
:10F7200090B48AB000AF0446084611461A462346F4
:10F73000FB710346BB710B467B7113467B80FB79E3
:10F74000714A1B0113441B687B62BB79002B21D1DA
:10F75000BA797B79520013441B016C4A13443B6213
:10F760007B796B4A32F813203B6A5B89FA81BB8153
:10F77000FA89BB89934228BF13469BB23B867B79AB
:10F78000634A32F813107B793A8E8A1A91B2604A32
:10F7900022F813107B79012B56D17B6A03F5106395
:10F7A0007B617B88DB0418463A8EBB795B01796903
:10F7B0000B4402431A61BB795B017A6913441A68EE
:10F7C000BB795B0179690B4442F004421A60BB7952
:10F7D0005B017A6913441B6803F44023B3F5802F5F
:10F7E00023D1BA797B794949520013441B010B4458
:10F7F0000C331B78012B18D17B6AD3F8083803F43B
:10F8000080733B61BB795B017A6913441A683B6979
:10F81000002B02D04FF0805101E04FF00051BB7936
:10F820005B01786903440A431A603B8E002B65D064
:10F830007B6AD3F83438BA79012101FA02F21A430B
:10F840007B6AC3F8342859E07B6A03F53063FB61B7
:10F85000BB795B01FA6913441A69BB795B01F969E9
:10F860000B4402F060421A61BB795B01FA691344F0
:10F8700019697B88DB041A463B8E1A43BB795B010E
:10F88000F86903440A431A61BB795B01FA691344BE
:10F890001A68BB795B01F9690B4442F004421A60B3
:10F8A000BB795B01FA6913441B6803F44023B3F589
:10F8B000802F23D1BA797B791449520013441B015C
:10F8C0000B440C331B78012B18D17B6AD3F8083812
:10F8D00003F48073BB61BB795B01FA6913441A6856
:10F8E000BB69002B02D04FF0805101E04FF0005176
:10F8F000BB795B01F86903440A431A6000BF2837EB
:10F90000BD4690BC704700BF086F030858510020E7
:10F910007852002080B483B000AF78607B681B69A8
:10F9200043F001027B681A6100BF7B681B6903F02A
:10F930000103002BF9D100BF7B681B69002BFBDAA8
:10F9400000BF00BF0C37BD465DF8047B704780B434
:10F9500083B000AF7860002318460C37BD465DF8D1
:10F96000047B704780B582B000AF78607B68DB684D
:10F9700043F040027B68DA6000217868FFF752FDAF
:10F980007868FFF7C7FF7B68DB6823F4705343F4A4
:10F99000A0527B68DA6000217868FFF75FFD7B6822
:10F9A000D3F8003843F003027B68C3F8002800BF97
:10F9B0000837BD4680BD80B584B000AF78607B68F5
:10F9C000DB68FB60FB6823F04003FB607B6893F817
:10F9D000483023F03F03DBB2802B10D1FB6843F0AB
:10F9E0001003FB60FB6823F08803FB60FB6823F4D3
:10F9F0004013FB60FB6823F42023FB600FE0FB68EF
:10FA000023F01803FB607B6893F8513023F03F0329
:10FA1000DBB2002B03D0FB6843F00803FB607B687C
:10FA2000FA68DA607B6893F84830C3F38113DBB27D
:10FA300019467868FFF7F6FC7868FFF76BFFFB68FC
:10FA400023F47053FB607B6893F8513023F03F033D
:10FA5000DBB2002B02D04FF4A05301E04FF410535F
:10FA6000FA681343FB607B68FA68DA607B6893F896
:10FA70004830C3F38113DBB219467868FFF7EEFC18
:10FA80007B68D3F80038BB60BB6823F00303BB601E
:10FA90007B6893F8483023F03F03DBB2802B03D11F
:10FAA000BB6843F48043BB607B68BA68C3F8002836
:10FAB00000BF1037BD4680BD80B584B000AF786010
:10FAC0007B681B6C1B0C1B04FB60FB68104A934299
:10FAD00018D0FB680F4A934214D0FB680E4A934239
:10FAE00010D04FF4EF720D490D4801F0C7FF0D4BD8
:10FAF000BB60BB681B6803F00103002B00D000BE95
:10FB0000002300E0012318461037BD4680BD00BF2A
:10FB10000000544F0000315500003255286F030893
:10FB2000EC400108F0ED00E080B584B000AF034682
:10FB3000FB71FB79334A1B0113441B68FB60F868B7
:10FB4000FFF7BAFF034683F00103DBB2002B55D168
:10FB5000FB79184600F0DAF8F868FFF7F8FE03467C
:10FB6000002B03D0F868FFF726FF02E0F868FFF7E4
:10FB7000F9FEFB68D3F8003E23F00F02FB68C3F8E0
:10FB8000002EFB68DB6843F00702FB68DA60FB6865
:10FB9000DB6823F0C04343F08042FB68DA60FB6817
:10FBA0001B6823F0D00343F0C002FB681A60FB68B7
:10FBB000D3F8003843F00402FB68C3F80028FB6860
:10FBC0005B69BB60FB685A69BB681A43FB685A6192
:10FBD000FB685B68BB60FB685A68BB681A43FB68DC
:10FBE0005A60FB68084A9A61FB689B6843F001020F
:10FBF000FB689A60FB79184600F06CF81037BD4638
:10FC000080BD00BF086F03081638008080B584B03F
:10FC100000AF0346FB71FB79FB73FB7B064A1B01BC
:10FC2000134404331B685BB21846FFF7B9FB00BFEF
:10FC300000BF1037BD4680BD086F030880B584B093
:10FC400000AF0346FB71FB79FB73FB7B064A1B018C
:10FC5000134404331B685BB21846FFF7BFFB00BFB9
:10FC600000BF1037BD4680BD086F030880B584B063
:10FC700000AF03460A46FB711346BB71FB79144A79
:10FC80001B0113441B68FB60FB68D3F8003823F4A6
:10FC9000FE63BA7912011A43FB68C3F800280023F7
:10FCA000FB720123BB72BB7A002B02D06FF07F0383
:10FCB00000E0002397F90B2013435BB2D9B2F87927
:10FCC0000023002200F0DEF900BF1037BD4680BDE2
:10FCD000086F030880B485B000AF0346FB71FB7961
:10FCE000094A1B0113441B68FB60FB68D3F8043806
:10FCF00023F00202FB68C3F8042800BF1437BD4696
:10FD00005DF8047B704700BF086F030880B485B0BE
:10FD100000AF0346FB71FB79094A1B0113441B68C2
:10FD2000FB60FB68D3F8043843F00202FB68C3F8B9
:10FD3000042800BF1437BD465DF8047B704700BF40
:10FD4000086F030880B58EB000AF03463960FB71C1
:10FD5000FB79A04A1B0113441B687B63FB799D4A16
:10FD60001B01134408331B7887F833303B689B78BA
:10FD7000BB75BB7D03F07F03DBB287F832303B6895
:10FD80009B78FB75FB7DDB09DBB287F8313097F898
:10FD9000322097F833309A4210D340F282228E49B3
:10FDA0008E4801F06BFE8E4BBB61BB691B6803F094
:10FDB0000103002B00D000BE002307E197F832209A
:10FDC00097F83130520013441B01864A1344FB62FA
:10FDD0003B68BB60BB689B889BB2C3F30A039AB2C3
:10FDE000FB6A5A813B689A79FB6A1A73FB6A5B89E2
:10FDF0003B610423FB603A69FB6813445A1EFB68AD
:10FE0000B2FBF3F37B8597F83130002B66D17B8D05
:10FE10009B009BB297F8332011461846FFF794FBDE
:10FE200003467B847B6B5A6A7B8C9A4221D27B8C03
:10FE30006D4A128813441946FB79664A1B01134424
:10FE40000C331B689B08994210D940F292226249F8
:10FE5000624801F013FE624BFB61FB691B6803F013
:10FE60000103002B00D000BE0023AFE07A8C7B6B37
:10FE70005A6297F832307A6B58335B0113441A6830
:10FE80003B68DB78C3F30103DBB29B0419463B6894
:10FE9000DB7803F00303DBB2012B02D04FF0805379
:10FEA00000E000230B43F96A49890B431A4397F892
:10FEB000323042F40042796B58335B010B441A60D4
:10FEC0007B6BD3F81C2897F832301033012101FAEC
:10FED00003F31A437B6BC3F81C2876E0424B1B8864
:10FEE0001A467B8D13441A467B6B5B6A1A44FB7976
:10FEF00038491B010B440C331B689B089A4210D9EC
:10FF000040F2B7223449354801F0B8FD344B7B62EA
:10FF10007B6A1B6803F00103002B00D000BE0023A6
:10FF200054E0314B1A887B8D13449AB22E4B1A80C1
:10FF30007B8D1B041946FB79264A1B0113440C33A5
:10FF40001B689B08284A12889A1A97F83230013B9E
:10FF50000A43796B40339B000B445A6097F8323068
:10FF60007A6B48335B011344196897F832309B056C
:10FF700043F400423B68DB78C3F30103DBB29B042C
:10FF800013431A463B68DB7803F00303DBB2012B13
:10FF900002D04FF0805300E000231343FA6A5289E5
:10FFA0001A4397F832300A43796B48335B010B44AC
:10FFB0001A607B6BD3F81C3897F83220012101FAC4
:10FFC00002F21A437B6BC3F81C280123184638370A
:10FFD000BD4680BD086F0308346F0308EC4001087C
:10FFE000F0ED00E0585100207C52002080B487B032
:10FFF00000AF0346FB71FB791F4A1B0113441B68CA
:020000040801F1
:100000003B61FB791C4A1B01134408331B78FB73CB
:100010003B694FF00112C3F81C280123FB751EE059
:10002000FB7D3A6958335B01134400221A60FB7D63
:10003000124A5B0113440A3300221A80FB7D3A699D
:1000400048335B01134400221A60FB7D0B4A5B01BD
:1000500013441A3300221A80FB7D0133FB75FA7DAD
:10006000FB7B9A42DCD3064B10221A8000BF1C3760
:10007000BD465DF8047B7047086F030858510020A7
:100080007C52002090B589B002AF3A601A46034610
:10009000FB710B46BB711346BB80BB793B733B7B4B
:1000A00003F07F03DBB27B75BB797B737B7BDB0962
:1000B000DBB23B757A7D3B7D520013441B01234A22
:1000C00013443B613B693A681A603B6900225A60FD
:1000D0003B69BA881A817B7D002B10D13B7D1C497E
:1000E000BA8821F813203B7D194A32F813303A7D43
:1000F000797DF87900930123FFF712FB20E03B693B
:100100005B89BA88B2FBF3F3FB823B695A89BB88EF
:10011000B3FBF2F101FB02F29B1AFB81FB89002B7E
:1001200002D1BB88002B02D1FB8A0133FB82FC8AFF
:100130003A7D797DF879BB8800932346FFF7F0FA82
:10014000012318461C37BD4690BD00BF5851002002
:100150007852002080B489B000AF0346FB710B4693
:10016000BB7113467B71FB796E4A1B0113441B68FC
:10017000FB61BB79BB73BB7B03F07F03DBB2FB7618
:10018000BB79FB73FB7BDB09DBB2BB76BB7E012B50
:1001900067D1FB6903F510633B61FB7E002B06D042
:1001A000FB7E5B013A6913441B68002B13DBFB7E6B
:1001B0005B013A6913441A687B79002B02D04FF037
:1001C000026101E04FF00061FB7E5B01386903448E
:1001D0000A431A6037E0FB7E5B013A6913441A68F0
:1001E000FB7E5B0139690B4442F000621A6000BF7C
:1001F000FB7E5B013A6913449B6803F04003002BCC
:10020000F6D0FB7E5B013A6913441A687B79002BB8
:1002100001D0454901E04FF08041FB7E5B01386928
:1002200003440A431A6000BFFB7E5B013A69134432
:100230009B6803F00203002BF6D0FB7E5B013A695A
:10024000134402229A60FB7E9B0143F02002FB696B
:100250001A6100BFFB691B6903F02003002BF9D171
:1002600059E0FB6903F530637B61FB7E002B06D010
:10027000FB7E5B017A6913441B68002B12DBFB7E5B
:100280005B017A6913441A687B79002B02D04FF422
:10029000001100E00021FB7E5B01786903440A4302
:1002A0001A6038E0FB69D3F8043843F40072FB6944
:1002B000C3F8042800BFFB695B6903F08003002BCF
:1002C000F9D0FB7E5B017A6913441A687B79002BB5
:1002D00001D0154901E04FF08041FB7E5B01786958
:1002E00003440A431A6000BFFB7E5B017A69134432
:1002F0009B6803F00203002BF6D0FB7E5B017A695A
:10030000134402229A60FB69D3F8043843F48062F4
:10031000FB69C3F8042800BF2437BD465DF8047BA1
:10032000704700BF086F03080000204080B582B00E
:1003300000AF03460A46FB711346BB71B979FB79DE
:1003400001221846FFF706FF00BF0837BD4680BDF3
:1003500080B485B000AF03460A46FB711346BB71FB
:10036000FB792A4A1B0113441B68FB60BB793B7273
:100370003B7A03F07F03DBB2FB72BB797B727B7A43
:10038000DB09DBB2BB72BB7A012B1CD1FB7AFA68AA
:1003900048335B0113441A68FB7A22F40012F968AF
:1003A00048335B010B441A60FB7AFA6848335B01FF
:1003B00013441A68FB7A42F08052F96848335B01B3
:1003C0000B441A601BE0FB7AFA6858335B01134454
:1003D0001A68FB7A22F40012F96858335B010B4467
:1003E0001A60FB7AFA6858335B0113441A68FB7A87
:1003F00042F08052F96858335B010B441A6000BF29
:100400001437BD465DF8047B704700BF086F0308D2
:1004100080B48DB000AF03463960FB711346BB80DA
:10042000FB79274A1B0113441B68BB62BB6A03F5B7
:1004300080537B62BB889B08FB850BE07B6A1B6853
:100440003A68BA617B61BB697A691A6000BF3B6830
:1004500004333B60FB8D5A1EFA85002BEED1BB881E
:10046000DBB203F0030387F8233097F82330002B27
:1004700020D07B6A1B68FB61FB693B613B69DAB298
:100480003B681A7097F82330012B07D93B6801337A
:10049000FA69FA60FA68120AD2B21A7097F8233031
:1004A000022B07D93B680233FA69BA60BA68120CAA
:1004B000D2B21A7000BF3437BD465DF8047B704776
:1004C000086F030880B489B000AF3A601A4603464B
:1004D000FB710B46BB711346BB80FB79234A1B01A2
:1004E00013441B687B61BB7901331B037A69134496
:1004F0003B61BB889B08FB8308E03B68BB60BB6833
:100500001A683B691A603B6804333B60FB8B5A1ED8
:10051000FA83002BF1D1BB88DBB203F00303FB733A
:10052000FB7B002B1BD03B681B78BB61FB7B012B4B
:1005300007D93B6801331B781B021A46BB6913437A
:10054000BB61FB7B022B07D93B6802331B781B0482
:100550001A46BB691343BB613B69BA691A6000BFA5
:100560002437BD465DF8047B704700BF086F030861
:1005700080B58CB000AF0346FB71FB795D4A1B016F
:1005800013441B68BB62BB6A03F580537B62BB6A82
:100590001B6A3B623B6A5B0CDBB203F00F03FB7729
:1005A0003B6ADBB203F00F03BB773B6A1B099BB2CC
:1005B000C3F30A03BB83BB7F58335B01BA6A13449E
:1005C000BB61FB7F013B052B7ED801A252F823F0D3
:1005D000DD0601080906010883060108FB0501087C
:1005E000C9060108E90501087B6A1B68424A1360D5
:1005F0007B6A1B68404A536077E0BB691B6943F024
:10060000C042BB691A6170E0BB7F5B013B4A134487
:100610003B613B695B68002B07D03B695B68BA8B29
:10062000796A1846FDF73BF80CE03B691968BA8B0C
:10063000FB791846FFF7ECFE3B691A68BB8B1A443E
:100640003B691A603B695B89BA8B9A4248D2BB69A5
:100650001B69C3F312013B691A898BB2D31A9AB290
:100660003B691A81BB7F002B3AD13B691A89244B25
:100670001B88D31A9AB23B691A81214B00221A8037
:100680002EE0BB7F002B2DD1BB8B002B2AD1BB6A68
:100690001B6C1C4A934225D9BB699B687B617A69B4
:1006A00048F220031340002B1CD00123FB627B691E
:1006B00003F02003002B03D0FB6A43F02003FB620E
:1006C000BB69FA6A9A600DE00F4BFB60FB681B6820
:1006D00003F00103002B07D000BE05E000BF04E0DB
:1006E00000BF02E000BF00E000BF00BF3037BD46E2
:1006F00080BD00BF086F03085051002058510020F2
:10070000785200200930544FF0ED00E080B596B0EB
:1007100002AF0346FB71FB79604A1B0113441B685F
:100720007B64FB795D4A1B01134408331B7887F80F
:100730004330002387F84F30A4E07B6CD3F81828AF
:1007400097F84F30103322FA03F303F00103002B24
:1007500000F0938097F84F3058335B017A6C134464
:10076000FB63FB6B9B68BB63BB6B03F00803002B55
:1007700034D00823BB64BB6B03F40043002B08D0C8
:100780007B6C1B6C464A934203D9BB6C43F4004319
:10079000BB64FB6BBA6C9A60FB7987F83330414BD2
:1007A000FB62012387F82B3007F1140300221A6043
:1007B0005A609A6097F833303B7506237B75FA6A66
:1007C00007F118031068516803C397F82B2007F14D
:1007D000140311461846FDF719FF00BFFB6B9B6819
:1007E00003F00103002B48D0FB6B01229A6097F8BD
:1007F0004F305B012C4A13447B6397F84F30002B3A
:100800000ED12A4B1B88002B0AD0284B1B8897F847
:100810004F10F879009301230022FEF781FF2CE0AE
:100820007B6B1B891A46FB7987F82A3097F84F3083
:1008300087F829307A62002387F82330012387F86C
:10084000223007F1080300221A605A609A6097F874
:100850002A303B7207237B7297F829303B737B6AFF
:100860003B6197F823307B7397F8222007F1080348
:1008700011461846FDF7CAFE00BF97F84F30013306
:1008800087F84F3097F84F2097F843309A42FFF49B
:1008900054AF00BF00BF5037BD4680BD086F03088E
:1008A0000930544F505100205851002078520020F8
:1008B00080B594B002AF0346FB71FB79884A1B01F7
:1008C00013441B683B64FB79854A1B0113440833BE
:1008D0001B7887F83F303B6C03F51063BB63002344
:1008E00087F84730F0E03B6CD3F8182897F847308A
:1008F00022FA03F303F00103002B00F0E08097F8E5
:1009000047305B011033774A13447B6397F84730D5
:100910005B01BA6B13449B6803F00103002B46D0C4
:1009200097F847305B01BA6B134401229A6097F83D
:100930004730002B0ED16C4B5B88002B0AD06A4BE2
:100940005B8897F84710F879009301230122FEF79E
:10095000E7FE2CE097F8473063F07F03D9B27B6B5A
:100960001B891A46FB7987F827300B4687F8263013
:100970003A620023FB770123BB7707F10C030022C7
:100980001A605A609A6097F827303B7307237B738D
:1009900097F826303B743B6A7B61FB7F7B74BA7FA0
:1009A00007F10C0311461846FDF730FE00BF97F81B
:1009B00047305B01BA6B13449B6803F08003002B44
:1009C0007DD03B6CD3F8343897F84720012101FAE9
:1009D00002F21340002B72D097F847305B01BA6BDC
:1009E00013441B69DB0C9BB2C3F309037B86002312
:1009F000A7F8443045E097F847305B01BA6B1344E1
:100A00001B693B867B6B5A893B8EBB8313467B837A
:100A1000BA8B7B8B934228BF13469BB2FB85FA8D22
:100A200097F847305B01B96B0B449B6999002F4BDA
:100A30000B409A422BD87B6B5B68002B0ED097F84B
:100A4000473001331B033A6C1344BB627B6B5B681A
:100A5000FA8DB96A1846FCF7BBFD0DE07B6B1A688E
:100A6000FB8D97F84710F879FFF72CFD7B6B1A6820
:100A7000FB8D1A447B6B1A60B7F844300133A7F83A
:100A80004430B7F844207B8E9A42B4D300E000BFD4
:100A900097F847305B01BA6B13441B69C3F3120329
:100AA000002B0CD13B6CD3F8343897F84720012148
:100AB00001FA02F2D2431A403B6CC3F8342897F88B
:100AC0004730013387F8473097F8472097F83F3091
:100AD0009A42FFF408AF00BF00BF4837BD4680BD53
:100AE000086F03085851002078520020FCFF0300D3
:100AF00080B59CB000AF0346FB71FB79AA4A1B018D
:100B000013441B68BB66BB6E9B697B66BB6E5B69EF
:100B10007A6E13403B663B6E03F48053002B07D084
:100B2000BB6E4FF480525A61FB791846FEF768FDA0
:100B30003B6E03F40053002B3BD0BB6E4FF40052CE
:100B40005A61BB6ED3F808385B0803F00303002B2F
:100B500002D0022B04D007E0022387F86F3007E0B1
:100B6000012387F86F3003E0002387F86F3000BF60
:100B7000FB7987F8573097F86F3087F856300123A4
:100B800087F8553007F1180300221A605A609A60FE
:100B900097F857303B7601237B7697F856303B77B2
:100BA00097F8552007F1180311461846FDF72EFD5A
:100BB00000BF3B6E03F40063002B23D0BB6E4FF4E9
:100BC00000625A61FB7987F85430042387F8533068
:100BD000012387F8523007F1240300221A605A607B
:100BE0009A6097F8543087F8243097F8533087F894
:100BF000253097F8522007F1240311461846FDF7D7
:100C000005FD00BF3B6E002B23DABB6E4FF00042A8
:100C10005A61FB7987F85130052387F8503001235A
:100C200087F84F3007F1300300221A605A609A604B
:100C300097F8513087F8303097F8503087F83130D6
:100C400097F84F2007F1300311461846FDF7DEFCF8
:100C500000BF3B6E03F00403002B28D0BB6E5B6823
:100C6000FB65FB6D03F00403002B1DD0FB7987F8B7
:100C70004E30022387F84D30012387F84C3007F1BE
:100C80000C0300221A605A609A6097F84E303B734A
:100C900097F84D307B7397F84C2007F10C03114601
:100CA0001846FDF7B3FC00BFBB6EFA6D5A603B6E91
:100CB00003F00803002B3AD0BB6E08225A603B4B6E
:100CC0001B78002B0DD0BB6ED3F808381B0AC3F37A
:100CD0000D03BB65FB790122B96D1846FEF740FB99
:100CE00005E0BB6E9B6923F00802BB6E9A61FB793D
:100CF00087F84B30032387F84A30012387F84930BF
:100D000007F13C0300221A605A609A6097F84B3052
:100D100087F83C3097F84A3087F83D3097F84920FB
:100D200007F13C0311461846FDF770FC00BF3B6E0F
:100D300003F01003002B20D0BB6E9B6923F0100240
:100D4000BB6E9A61FB791846FFF712FCBB6E5B68BD
:100D500003F01003002BF5D1154B1B78002B06D0A8
:100D6000FB791846FEF70AFC114B00221A70BB6E85
:100D70009B6943F01002BB6E9A613B6E03F4002343
:100D8000002B03D0FB791846FFF7C0FC3B6E03F441
:100D90008023002B03D0FB791846FFF789FD00BFA5
:100DA0007037BD4680BD00BF086F03087F5200202A
:100DB0007E52002080B485B000AF786039607B68D7
:100DC0001B78C3F30003DBB2002B06D17B681B78D2
:100DD000C3F38003DBB2002B01D000231EE07B684D
:100DE0001B78C3F30003DBB2002B08D17B681B78B0
:100DF000C3F38003DBB2002B01D1012300E0002309
:100E0000FB73FB7B03F00103FB73FB7B002B04D024
:100E10007A68137843F004031370FB7B1846143789
:100E2000BD465DF8047B704780B485B000AF786044
:100E300039607B681B78C3F38003DBB2012B08D1D8
:100E40007B681B78C3F30003DBB2002B01D10123C5
:100E500000E00023FB73FB7B03F00103FB73FB7BD0
:100E6000002B04D07A6813786FF382031370FB7B36
:100E700018461437BD465DF8047B704780B58AB0CC
:100E800000AF78600B46FB707B68FB60FB689B885B
:100E90009BB2C3F30A039BB2FB847B68DB78C3F38A
:100EA0000103DBB2032B4DD0032B67DC012B02D0F7
:100EB000022B1DD062E0FB78022B02D14FF480633D
:100EC00001E040F2FF33FB82FA8CFB8A9A4257D949
:100ED000A3223049304800F0D1FD304B3B613B69E3
:100EE0001B6803F00103002B00D000BE00234DE07F
:100EF000FB78022B13D1FB8CB3F5007F42D0AB22E1
:100F00002449254800F0BAFD244BBB61BB691B682E
:100F100003F00103002B00D000BE002336E0FB8C61
:100F2000402B2FD9AF221B491B4800F0A7FD1B4BBC
:100F3000FB61FB691B6803F00103002B00D000BEBE
:100F4000002323E0FB78022B02D14FF4806300E002
:100F50004023BB84FA8CBB8C9A4215D9B6220D492A
:100F60000D4800F08BFD0D4B3B623B6A1B6803F0A4
:100F70000103002B00D000BE002307E0002305E0A2
:100F800000BF02E000BF00E000BF01231846283781
:100F9000BD4680BD446F030804410108F0ED00E048
:100FA00080B48DB000AFF860B96011461A460B46A8
:100FB000FB8013467B71BB68FB62FB88FA6A1344B3
:100FC000BB6227E0FB6A3B623B6A01331B78052B5F
:100FD00016D1FB6A9B7887F8273097F82730BB77C4
:100FE000BB7F03F07F03DBB25B00FA68134497F822
:100FF0002720FA77FA7FD209D2B211467A795A5469
:10100000FB6ABB61BB697B617B691B781A467B69A4
:101010001344FB62FA6ABB6A9A42D3D300BF00BF93
:101020003437BD465DF8047B70472DE9FF4755EC2A
:10103000104B002D0E4619462B46BBBF05F1004351
:101040001D4600232D230B700D9BDDF830A091462B
:1010500023F02008BCBF22461446B8F1460F05D045
:10106000B8F1450F00D10136022100E0032103ABA6
:10107000019302AB009345EC104B5346324600F00F
:10108000FFFEB8F1470F074602D119F0010F22D039
:10109000B8F1460F07EB060910D13B78302B0AD187
:1010A0000022002320462946EFF72EFD18B9C6F18D
:1010B0000106CAF80060DAF80030994400220023E3
:1010C00020462946EFF720FD08B1CDF80C903022DC
:1010D000039B4B4507D3039B0E9ADB1B38461360DB
:1010E00004B0BDE8F087591C03911A70F0E7F7B51A
:1010F00003460029B8BF494203F8022BB4BF2D2292
:101100002B22092942702ADD0DF1070217460A2613
:10111000944691FBF6F506FB151430340CF8014C9F
:101120000C46632C02F1FF322946F1DC3031ACF180
:10113000020402F8011C411C2246BA420AD30DF1F6
:101140000902A2EB0C02BC4288BF00221344181A09
:1011500003B0F0BD12F8015B01F8015FEDE7302349
:1011600030318370C170031DF1E700002DE9F04FAD
:101170002DED028B8DB00C46DDF8608016461F46C3
:10118000054600F06DFDD0F800A05046EFF790F84E
:1011900000230A9323680593D8F8003094F818B018
:1011A000073323F0070303F10802C8F80020D3E94E
:1011B000008929F000430793CDF8188008EE100A43
:1011C000C4E91289DDE906019E4B4FF0FF32EFF7CB
:1011D000CDFC88BBDDE906019A4B4FF0FF32EFF7FB
:1011E000A7FC48BB0022002340464946EFF796FC87
:1011F00010B12D2384F84330934A944BBBF1470F31
:1012000094BF9046984603232361059B23F0040373
:1012100023604FF00009009733460BAA2146284669
:1012200000F0DAF9013040F090804FF0FF300DB05F
:10123000BDEC028BBDE8F08F42464B464046494626
:10124000EFF794FC40B14B46002BBCBF2D2384F834
:1012500043307F4A7F4BD1E763680BF0DF02069291
:101260005A1C3FD106236360059B616843F480628A
:10127000002303930AABCDE901B309AB49EC108B12
:10128000009322600DF123032846FFF7CEFE069B54
:101290000999472B804608D1C81C02DB6368994234
:1012A00041DDABF102035FFA83FBBBF1650F20D890
:1012B00001395A4604F150000991FFF718FF0A9AC4
:1012C0001318012A8146236102DC2268D20701D566
:1012D000013323619DF82330002B9CD02D2384F80B
:1012E000433098E7069A472ABED1002BBCD1012390
:1012F000B9E7BBF1660F18D1002963680BDD2161E6
:1013000013B92268D00702D501330B442361A165CC
:101310004FF00009DEE713B92268D20701D5023386
:10132000F4E70123F2E74FF0670B0A9B994205DBD4
:1013300023682161D807EAD54B1CE7E70029D4BF11
:10134000C1F1020201221344E0E723685A0507D4E1
:101350002369424631462846B84701302CD164E71C
:10136000BBF1650F40F2E080D4E9120100220023B6
:10137000EFF7CAFB002834D0374A0123314628460C
:10138000B84701303FF451AFDDE909239A4202DB4F
:101390002368D80710D518EE103A52463146284631
:1013A000B84701303FF441AF4FF0000804F11A098B
:1013B0000A9B013B434509DC23689B0700F1078139
:1013C000E0680B9B9842B8BF184630E701234A46B5
:1013D00031462846B84701303FF427AF08F10108ED
:1013E000E6E7099B002B39DC1B4A012331462846DE
:1013F000B84701303FF419AFDDE90932134302D198
:101400002368D907D8D518EE103A524631462846F7
:10141000B84701303FF409AF4FF0000904F11A0A50
:10142000099B5B424B4501DC0A9B92E70123524634
:1014300031462846B84701303FF4F7AE09F10109BB
:10144000EEE700BFFFFFEF7F567003085A700308F6
:101450005E70030862700308667003080A9AA36D41
:101460009A42A8BF1A46002A914637DC4FF0000B7B
:1014700029EAE97904F11A02A36D0593A3EB0903A4
:101480005B4533DCDDE909239A423BDB2368DA075D
:1014900038D4DDE90932A2EB0309059BD21A914544
:1014A000A8BF9146B9F1000F35DC4FF0000829EADA
:1014B000E97904F11A0ADDE909239B1AA3EB090370
:1014C00043457FF779AF0123524631462846B84756
:1014D00001303FF4AAAE08F10108ECE713463146AB
:1014E00042462846B8470130C0D19EE60123314626
:1014F00028460592B84701303FF497AE059A0BF1A4
:10150000010BB9E718EE103A524631462846B84763
:101510000130BED189E6059A4B4642443146284601
:10152000B8470130C1D180E60A9A012A01DCDB0705
:101530003AD50123424631462846B84701303FF4A8
:1015400074AE18EE103A524631462846B84701307C
:101550003FF46BAED4E9120100220023DDF828A08D
:10156000EFF7D2FAD8B90AF1FF3308F10102314698
:101570002846B84701300ED157E60123524631467E
:101580002846B84701303FF450AE08F101080A9BE5
:10159000013B4345F1DC4B4604F15002DAE64FF0E3
:1015A000000804F11A0AF2E701234246DFE70123AB
:1015B0004A4631462846B84701303FF436AE08F176
:1015C0000108E3680B995B1A4345F0DCF8E64FF03D
:1015D000000804F11909F4E72DE9F0471646994689
:1015E0008A680B69DDF820809342B8BF13463360E8
:1015F00091F8432007460C460AB101333360236853
:10160000990642BF336802333360256815F006053A
:1016100006D104F1190AE36832689B1AAB4226DC52
:1016200094F84320131E226818BF012392062BD47E
:1016300004F1430249463846C04701301ED02368B2
:10164000226903F00603042B02BFE5683368ED1A34
:10165000A3680CBF25EAE57500259342C4BF9B1A19
:10166000ED1800261A34B5421AD1002008E00123F3
:10167000524649463846C047013003D14FF0FF304B
:10168000BDE8F0870135C6E7E1185A1C302081F823
:101690004300224494F8451082F843100233C7E710
:1016A0000123224649463846C0470130E6D001367C
:1016B000D9E700002DE9FF470F7E0C9D782F91465A
:1016C00080460C469A4601F1430207D8622F0AD899
:1016D000002F00F0D480582F00F0C08004F14205A4
:1016E00084F842703AE0A7F16303152BF6D801A104
:1016F00051F823F04D17010861170108DD160108A4
:10170000DD160108DD160108DD1601086117010864
:10171000DD160108DD160108DD160108DD160108D9
:10172000651801088D1701081F180108DD1601084A
:10173000DD16010887180108DD1601088D1701085C
:10174000DD160108DD160108271801082B681A1D8F
:101750001B682A6004F1420584F8423001239FE0AF
:1017600020682B68070603F10401296001D51E6873
:1017700003E04606FBD5B3F90060002E03DA2D2303
:10178000764284F843305A480A2312E02B682068D6
:10179000191D2960050601D51E6802E04106FBD52A
:1017A0001E8853486F2F0CBF08230A23002184F89A
:1017B00043106568A560002DA2BF216821F00401D7
:1017C00021600EB9002D4BD01546B6FBF3F103FB9B
:1017D0001167C75D05F8017D3746BB420E46F4D957
:1017E000082B0BD12368DE0708D52369616899426D
:1017F000DEBF302305F8013C05F1FF35521B2261A5
:10180000CDF800A04B4603AA21464046FFF7E4FE70
:1018100001304AD14FF0FF3004B0BDE8F0872368B3
:1018200043F0200323603348782784F84570236809
:1018300029681F0651F8046B02D45F0648BFB6B290
:10184000DF0748BF43F02003296048BF23601EB96B
:10185000236823F0200323601023A7E72448E4E74C
:101860001546BDE72B6826686169181D2860350696
:101870001B6801D5196002E07006FBD519800023B2
:1018800023611546BCE72B681A1D2A601D68626833
:1018900000212846EEF7BCFC08B1401B606063687D
:1018A0002361002384F84330AAE723692A46494686
:1018B0004046D0470130ADD023689B0713D4E06881
:1018C000039B9842B8BF1846A6E701233246494613
:1018D0004046D04701309DD00135E36803995B1A3B
:1018E000AB42F2DCEBE7002504F11906F5E700BF97
:1018F0006870030879700308002310B50446C0E936
:101900000033C0E90433836081814366C28183610F
:10191000194608225C3000F09BF90D4B63620D4BB9
:10192000A3620D4BE3620D4B23630D4B24629C427B
:1019300006D003F16802944202D0D0339C4205D114
:1019400004F15800BDE8104000F0FEB910BD00BF22
:10195000A11A0108C31A0108FB1A01081F1B01087C
:1019600080520020024A0349034800F069B800BFD2
:10197000C4010020F1360108D001002041680C4B61
:10198000994210B5044601D001F0B2FEA168094B9E
:10199000994202D0204601F0ABFEE168064B994225
:1019A00004D02046BDE8104001F0A2BE10BD00BF2B
:1019B00080520020E85200205053002010B50B4BFD
:1019C0000B4C0C4A1A60204600220421FFF794FFBA
:1019D00004F1680001220921FFF78EFF04F1D00015
:1019E0000222BDE810401221FFF786BFB853002045
:1019F0008052002065190108014800F0A6B900BF17
:101A0000C1530020014800F0A1B900BFC15300201C
:101A100010B50446FFF7F0FF236A1BB1BDE8104084
:101A2000FFF7F0BF044B2362044B1B68002BF5D17A
:101A3000FFF7C4FFF2E700BF7D190108B85300208B
:101A40002DE9F8430746884614460026D4E9019557
:101A5000B9F1010905D52468002CF7D13046BDE85D
:101A6000F883AB89012B07D9B5F90E30013303D0C8
:101A700029463846C04706436835E9E70FB407B53D
:101A8000064904AB086853F8042B8168019301F000
:101A90008FFC03B05DF804EB04B070471C0200201B
:101AA00010B50C46B1F90E1000F000F90028ABBFDC
:101AB000636DA3891B1823F48053ACBF6365A381B6
:101AC00010BD2DE9F0411F468B89DB0505460C460C
:101AD000164605D5B1F90E100223002200F0D4F805
:101AE000A389B4F90E1023F48053A38132463B46F8
:101AF0002846BDE8F04100F0EBB810B50C46B1F94E
:101B00000E1000F0C1F8431CA38915BF606523F4D3
:101B1000805343F48053A38118BFA38110BDB1F952
:101B20000E1000F0A1B8F8B50E461446054618B1DF
:101B3000036A0BB9FFF76CFFA369A360A3891A07B7
:101B400025D523691BB323682269981A6369F6B205
:101B50008342374604DC2146284601F0C9FDE0B93E
:101B6000A368013BA36023685A1C22601E7062694F
:101B7000431C9A4204D0A389DB0706D50A2E04D160
:101B80002146284601F0B4FD38B93846F8BD214653
:101B9000284600F005F80028D5D04FF0FF37F4E7CD
:101BA00038B52A4B054618680C4618B1036A0BB9BC
:101BB000FFF72EFFA389B4F90C20180722D4D90609
:101BC00007D409232B6042F04003A3814FF0FF307C
:101BD00034E0580712D5616B41B104F144039942D6
:101BE00002D0284600F03EFF00236363A38923F060
:101BF0002403A3810023636023692360A38943F046
:101C00000803A38123694BB9A38903F42073B3F5B7
:101C1000007F03D02146284601F0B8FDA089B4F921
:101C20000C2010F001030AD00023A36063695B421B
:101C3000A361236943B910F08000C4D138BD810786
:101C400058BF6369A360F4E70020F7E71C02002097
:101C500002440346934200D1704703F8011BF9E7A1
:101C6000004870471003002038B5064D0023044695
:101C700008462B60F2F7F0FA431C02D12B6803B13F
:101C8000236038BDBC53002038B5074D04460846D4
:101C9000114600222A601A46F2F705FB431C02D1C6
:101CA0002B6803B1236038BDBC53002038B5074D05
:101CB00004460846114600222A601A46F2F7AFFA97
:101CC000431C02D12B6803B1236038BDBC530020F4
:101CD00038B5074D04460846114600222A601A46C8
:101CE000F2F7BAF9431C02D12B6803B1236038BD67
:101CF000BC530020014B1868704700BF1C02002035
:101D000070B50D4D0D4C641BA4100026A64209D1E0
:101D10000B4D0C4C01F05AFE641BA4100026A64289
:101D200005D170BD55F8043B98470136EEE755F8EC
:101D3000043B98470136F2E7CC720308CC720308E3
:101D4000CC720308D07203087047704770470A448A
:101D5000914200F1FF3300D1704710B511F8014BEB
:101D600003F8014F9142F9D110BD2DE9F74F0369F6
:101D70000C69A34207467EDB013C01F1140800F127
:101D8000140505EB8403019358F8243055F82420FA
:101D900001339A424FEA840B08EB8409B2FBF3F655
:101DA00031D34FF0000E4046AC46F24650F8042BBB
:101DB00093B206FB03E34FEA124E1A0C9BB2AAEB56
:101DC0000303DCF800A013FA8AF306FB0E2200934B
:101DD000009B4FEA124E92B2C2EB1A4202EB234230
:101DE000BDF80030814543EA02434CF8043B4FEA1A
:101DF000224ADBD255F80B302BB9019B043B9D42A4
:101E00001A462CD33C61384601F0A8F9002822DBA1
:101E100001362946002058F8042BD1F800C093B2AF
:101E2000C31A120C13FA8CF3C2EB1C4202EB2342CE
:101E30009BB243EA0243C14541F8043B4FEA2240CA
:101E4000E9D255F8242005EB840322B9043B9D42D6
:101E50001A460AD33C61304603B0BDE8F08F1268E1
:101E6000043B002ACED1013CC9E71268043B002A9A
:101E7000F0D1013CEBE70020EEE70000000000009D
:101E80002DE9F04F2DED048BC56993B08DED020B5C
:101E900057EC106BDDF88080079104460A920D9391
:101EA00075B9102000F02AFE0246E06120B9AE4B61
:101EB000EF21AE4801F0D8FCC0E901550560C560CE
:101EC000E369196851B15A684A60012393408B60F5
:101ED000204600F007FFE36900221A603B1EBBBFEB
:101EE00023F00043039300230122ACBFC8F8003065
:101EF000C8F800209E4BDDF80C8033EA08031BD1A4
:101F00000D9A42F20F731360C8F31303334300F0CA
:101F10009385219B63B9974B27E0974B0093083338
:101F2000219A1360009813B0BDEC048BBDE8F08FCC
:101F3000904B00930333F3E79DED027B002251ECBD
:101F4000170BB0EE478AF0EE678A0023EEF7DCFD50
:101F5000814660B10D9A01231360219B002B00F094
:101F60006885864B219A1360013B0093DAE710AA3B
:101F700011A92046B0EE480AF0EE680A01F094F983
:101F8000C8F30A558246002D7FD018EE903AC3F36D
:101F9000130343F07F5351EC180B43F44013A5F2A5
:101FA000FF35CDF8389019460022754BEEF78CF9C5
:101FB00067A3D3E90023EEF73FFB67A3D3E9002330
:101FC000EEF784F9064628460F46EEF7CBFA64A3EF
:101FD000D3E90023EEF730FB02460B463046394684
:101FE000EEF774F906460F46EEF7D6FD002283465B
:101FF000002330463946EEF791FD48B15846EEF7DA
:10200000B1FA32463B46EEF77FFD08B90BF1FF3BD4
:10201000BBF1160F57D85B4B03EBCB03D3E900237F
:1020200051EC180BEEF77AFD00284ED00BF1FF3B78
:1020300000230C93109B5B1B5A1E45BFC3F1010389
:10204000059300230023069254BF05930693BBF12A
:10205000000F3CDB069BCDF82CB05B4406930023BD
:102060000893079B092B68D8052BC4BF043B079333
:10207000079BA3F10203CCBF00250125032B00F22F
:102080008580DFE803F02E3B3958DDE910531D440D
:1020900005F23243202BC1BFC3F1400308FA03F815
:1020A00005F2124326FA03F3D6BFC3F1200348EA30
:1020B000030006FA03F0EEF745FA0122A1F1F873E6
:1020C000013D0E926FE70123B3E70C90B2E7059B49
:1020D000A3EB0B030593CBF10003089300230B93B1
:1020E000BFE7002309930A9B002B52DC01230193D5
:1020F00004931A460A920BE00123F3E700230993A5
:102100000A9B5B4401930133012B0493B8BF012365
:10211000E0690021042202F114069E423DD941608B
:10212000204600F09FFD0090002839D1164B024652
:1021300040F2AF11BDE60123E1E70125002307933B
:1021400009954FF0FF330193049300221223D1E746
:1021500061436F63A787D23FB3C8608B288AC63FAD
:10216000FB799F501344D33F97700308AE70030868
:102170000000F07F937003088A70030867700308FB
:102180000000F83F987103080671030801230993C2
:10219000D7E70A9B01930493BAE701315200BAE7EB
:1021A000E369009A1A60049B0E2B00F2A880002DB0
:1021B00000F0A580BBF1000F38DDC04B0BF00F0223
:1021C00003EBC2031BF4807FD3E900674FEA2B18AF
:1021D00019D0BB4B51EC180BD3E90823EEF756FB93
:1021E000CDE9020108F00F080325DFF8D492B8F119
:1021F000000F0AD1DDE9020132463B46EEF746FB0D
:10220000CDE902012BE00225EFE718F0010F08D01D
:1022100030463946D9E90023EEF70EFA0135064675
:102220000F464FEA680809F10809E0E700F09F80CF
:10223000CBF10006A14BA24F06F00F0203EBC20345
:10224000D3E9002351EC180BEEF7F6F9CDE90201C2
:10225000361100230225002E7ED1002BD0D10C9BFD
:10226000DDE90289002B00F08480964B0022404675
:102270004946EEF753FC00287BD0049B002B78D016
:10228000019B002B39DD904B002240464946EEF77A
:10229000D3F9CDE90201019E0BF1FF370135DDE9EC
:1022A00002892846EEF75EF942464B46EEF7C4F93E
:1022B000864B0022EEF70AF8A1F15073CDE9020136
:1022C0000393002E58D1824B002240464946EDF739
:1022D000FBFFDDE9022380468946EEF73DFC00283E
:1022E00040F09682DDE90221404601F10043494673
:1022F000EEF714FC002840F089828DED028B119BD3
:10230000002BC0F24E81BBF10E0F00F34A816B4BE4
:1023100003EBCB03D3E900890A9B002B80F2DC801E
:10232000049B002B00F3D88040F06F82684B0022A2
:1023300040464946EEF780F9DDE90223EEF702FC5C
:10234000049E3746002840F04582009D312305F861
:10235000013B0BF1010B41E2F20705D5D7E9002360
:10236000EEF76AF9013501237610083773E7022585
:1023700075E7049E5F4692E70099504B9DED027B06
:10238000314402910999B0EE479AF0EE679A03EB57
:10239000C60353E90223002944D04E490020EEF73A
:1023A00075FA53EC192BEDF78FFF009D41EC190BDB
:1023B00049464046EEF7F0FB0646EEF7D3F80246F4
:1023C0000B4640464946EDF77FFF303605F8016B76
:1023D00053EC192B80468946EEF7A0FB002864D108
:1023E00042464B4637490020EDF76EFF53EC192B60
:1023F000EEF794FB002840F0B680029B9D423FF42C
:102400007CAF314B51EC190B0022EEF715F92E4B36
:1024100041EC190B002240464946EEF70DF9804683
:102420008946C5E751EC170BEEF706F9029B009DB4
:102430000F9341EC190B49464046EEF7ADFB0646BB
:10244000EEF790F8303602460B4640464946EDF727
:102450003BFF05F8016B029B9D42804689464FF089
:10246000000224D11B4B51EC190BEDF72FFF024654
:102470000B4640464946EEF76FFB002873D153ECFC
:10248000192B14490020EDF71FFF02460B4640466A
:102490004946EEF743FB00283FF42FAF0F9D6B1E1C
:1024A0000F9315F8013C302BF8D0BB464AE0064BA1
:1024B000EEF7C2F880468946BDE700BF9871030871
:1024C000707103080000F03F0000244000001C4031
:1024D000000014400000E03FDDE90267009D424635
:1024E0004B4630463946EEF7D1F9EEF755FB0190F1
:1024F000EEF738F842464B46EEF79EF802460B469A
:1025000030463946EDF7E0FE019E049F303605F86F
:10251000016B009EAE1BB74202460B4634D1EDF76D
:10252000D5FE42464B4606460F46EEF715FBC8B9A8
:1025300042464B4630463946EEF7E6FA10B1019B6B
:10254000DB070FD45146204600F0CCFB00230D9A48
:102550002B700BF101031360219B002B3FF4E2ACC5
:102560001D60DFE45F462B461D4613F8012D392A16
:1025700006D1009A9A42F7D10099302201370A70A9
:102580001A7801321A7090E7A34B0022EEF754F844
:102590000022002306460F46EEF7B6FA00289ED02A
:1025A000D0E7099A002A00F0CA80079A012A00F3AE
:1025B000AD800E9A002A00F0A58003F23343089EF6
:1025C000059D059A1A440592069A01211A4420464F
:1025D000069200F03DFC074665B1069B002B09DD25
:1025E000AB42059AA8BF2B46D21A0592069AED1A5D
:1025F000D31A0693089BF3B1099B002B00F0A3802C
:10260000002E10DD39463246204600F0E1FC5246ED
:1026100001460746204600F031FC514680462046E0
:1026200000F060FBC246089B9A1B04D0514620462E
:1026300000F0CEFC82460121204600F009FC0B9BF5
:10264000002B064640F381801A460146204600F0E2
:10265000BFFC079B012B06467ADD4FF0000833696B
:1026600006EB8303186900F0A5FBC0F12000069B70
:10267000184410F01F0000F09480C0F12003042BD8
:1026800040F38580059BC0F11C0003440593069B25
:10269000034405440693059B002B05DD51461A466D
:1026A000204600F0EFFC8246069B002B05DD3146FC
:1026B0001A46204600F0E6FC06460C9B002B72D022
:1026C0003146504600F04AFD00286CDA002351469E
:1026D0000A22204600F028FB099B0BF1FF3B8246B3
:1026E000002B00F0B081002339460A22204600F07A
:1026F0001BFB019B002B074600F39680079B022BD8
:1027000059DC91E0109BC3F1360358E7049B5E1E31
:10271000089BB342BFBF089B0B9A0896F31AB4BF3D
:10272000D2189E1B049BBCBF0B920026002BB7BF88
:10273000DDE90423DDE904359D1A002341E7089E05
:10274000059D099F48E7089A70E7079B012B19DC54
:10275000029BBBB9039BC3F313039BB9039B23F0F9
:1027600000431B0D1B0583B1059B01330593069B9D
:10277000013306934FF001080B9B002B7FF46FAFE2
:10278000012074E74FF00008F6E79846F4E782D09E
:10279000059A1C331A440592069A1A441D4406925F
:1027A00079E70346F4E7049B002B37DC079B022BF9
:1027B00034DD049B0193019B63B931460522204619
:1027C00000F0B2FA01460646504600F0C7FC002869
:1027D0003FF7BBAD0A9B009D6FEA030B4FF000086B
:1027E0003146204600F07EFA002F3FF4ABAEB8F140
:1027F000000F05D0B84503D04146204600F072FADC
:102800003946204600F06EFA9CE600263746E1E79E
:10281000BB46374699E500BF00002440099B002BCA
:1028200000F0C880049B0193002D05DD39462A463F
:10283000204600F027FC0746B8F1000F5BD079680E
:10284000204600F00FFA054628B9834B024640F2B5
:10285000EF21FFF72EBB3A690232920007F10C011B
:102860000C30FFF774FA01222946204600F00AFCDA
:10287000009B01330493DDE9002313440893029B7A
:1028800003F00103B84606930746049B3146013B1B
:1028900050460193FFF769FA4146029000F1300972
:1028A000504600F05BFC3A4605903146204600F069
:1028B00071FCC268054602BB0146504600F04EFC62
:1028C000024629462046099200F00CFA079B099A15
:1028D000049D43EA0201069B194310D1B9F1390F57
:1028E00029D0059B002B02DD029B03F13109019BDE
:1028F00083F8009074E73846BAE70122E1E7059BC8
:10290000002B04DB07990B4306990B4320D1002AC7
:10291000EDDD51460122204600F0B4FB31468246EF
:1029200000F01CFC002803DCE1D119F0010FDED01F
:10293000B9F1390FD8D1019A392313702B461D46AE
:10294000013B15F8012C392A6CD001321A7047E787
:10295000002A07DDB9F1390FEDD0019A09F1010321
:1029600013703DE7049B089A03F8019C934243D0FF
:10297000514600230A22204600F0D6F9B845824687
:102980004FF000034FF00A024146204607D100F005
:10299000CBF980460746049B0133049375E700F0AA
:1029A000C3F93946804600230A22204600F0BCF9CC
:1029B0000746F0E7049B0193009D31465046FFF720
:1029C000D4F900F13009009B05F8019BEA1A019B3C
:1029D000934207DD514600230A22204600F0A4F965
:1029E0008246EAE7019B002BC8BF1D46009BD8BF6B
:1029F00001251D444FF0000851460122204600F0F9
:102A000041FB3146824600F0A9FB002896DC02D14A
:102A100019F0010F92D12B461D4613F8012D302AD3
:102A2000FAD0DDE6009A9A4289D10BF1010B3123ED
:102A300096E70A4BFFF799BA219B002B7FF46DAA0A
:102A4000074BFFF792BA019B002BB5DC079B022BCB
:102A50003FF7B1AEB0E700BF067103086670030828
:102A60008A70030837B5002944D051F8043C01901E
:102A7000002BA1F10404B8BFE41800F0E7F81E4AE7
:102A80000198136833B96360146003B0BDE8304047
:102A900000F0E2B8A34208D9256861198B4201BF52
:102AA00019685B6849192160EDE71A465B680BB14C
:102AB000A342FAD911685518A5420BD124682144C4
:102AC0005418A3421160E0D11C685B6853600C4449
:102AD0001460DAE702D90C230360D6E72568611990
:102AE0008B4204BF19685B68636004BF49192160A9
:102AF0005460CAE703B030BDC4530020024B014606
:102B0000186800F023B800BF1C02002070B50E4EFC
:102B10000C463168054611B900F096FE306021463A
:102B2000284600F091FE431C0AD0C41C24F0030484
:102B3000A04207D0211A284600F086FE013001D1BC
:102B40004FF0FF34204670BDC85300202DE9F843F4
:102B5000CD1C25F0030508350C2D38BF0C25002DA4
:102B6000074601DBA94205D90C233B60002630460D
:102B7000BDE8F883DFF8D08000F068F8D8F80030BE
:102B80001C465CBB29463846FFF7C0FF431C044681
:102B900055D1D8F800402646002E45D1002C48D00B
:102BA00023683146384604EB030900F04DFE8145A9
:102BB0003FD121686D1A29463846FFF7A7FF01303B
:102BC00037D023682B442360D8F80030002B38D04E
:102BD0005A68A2422BD100225A600FE02268521B91
:102BE0001FD40B2A17D96119A342256018BF596059
:102BF000636808BFC8F8001062514B60384604F1A2
:102C00000B0600F029F826F00706231DF21AAED0B5
:102C10009B1BA350ABE7A3426268DDD1C8F800203C
:102C2000ECE723466468ACE734467668B4E71346BD
:102C3000CCE70C233B60384600F00EF897E72560A0
:102C4000DCE75B60FFDE00BFC45300200148FFF7F4
:102C50007CB800BFC05300200148FFF777B800BF21
:102C6000C053002070B5C66904460D4676B91020E1
:102C7000FFF744FF0246E06120B9184B18486B216A
:102C800000F0F2FDC0E901660660C660E669F3681F
:102C900083B1E369DB6853F82500B8B9012101FA73
:102CA00005F6721D9200204600F0FCFD60B1C0E9FF
:102CB00001560EE021220421204600F0F3FDE369D5
:102CC000F060DB68002BE4D1002070BD026843F89F
:102CD00025200023C0E90333F7E700BF97700308FE
:102CE0001771030870B5C66905460C4676B9102001
:102CF000FFF704FF0246E86120B9094B09488F211C
:102D000000F0B2FDC0E901660660C6603CB1EB6947
:102D10006268DB6853F82210216043F8224070BDDE
:102D200097700308177103082DE9F0410D690746F4
:102D30000C461E4601F1140C0020DCF8003099B25C
:102D400002FB01611E0C0B0C02FB063389B2013041
:102D500001EB034185424CF8041B4FEA1346ECDCBF
:102D60000EB3A368AB4219DC616838460131FFF746
:102D700079FF804628B902460C4B0D48BA2100F075
:102D800073FD2269023204F10C0192000C30FEF74F
:102D9000DEFF21463846FFF7A5FF444604EB8503D6
:102DA00001355E6125612046BDE8F08106710308AA
:102DB00017710308030C1B04D3B90004102310F08F
:102DC0007F4F04BF0002083310F0704F04BF0001B2
:102DD000043310F0404F04BF80000233002805DBAD
:102DE00010F0804F03F1010308BF202318467047FD
:102DF0000023E4E7036813F007020CD0D90722D4BC
:102E00009A0749BF5B089B08036001225CBF03600F
:102E100002221046704799B209B91B0C1022D9B290
:102E200009B908321B0A190704BF1B0904329907A4
:102E300004BF9B080232D90703D45B0802F10102E8
:102E400003D00360E5E70022E3E72022E1E700008A
:102E500010B50C460121FFF705FF024628B9054BC6
:102E6000054840F2451100F0FFFC01234461036175
:102E700010BD00BF06710308177103082DE9F04F5C
:102E800091460A69D9F810309A42B8BF0B460C46F1
:102E9000BCBF4C4699462769D9F810A0A368616861
:102EA00007EB0A06B34285B0B8BF0131FFF7DAFE7F
:102EB00030B90246444B45484FF4B17100F0D4FCA0
:102EC00000F1140505EB86082B460022434521D36B
:102ED00004F1140303EB870709F1140303EB8A02DF
:102EE00002923A1B153A22F00302043204F1150152
:102EF0008F4238BF04220192029A03939A420CD85F
:102F0000002E03DD58F8043D002B5BD0066105B0B0
:102F1000BDE8F08F43F8042BD8E7B3F800A0BAF16E
:102F2000000F24D004F1140EA9464FF0000C5EF8F7
:102F3000042BD9F800101FFA82FB89B20AFB0B118F
:102F40004FEA124BD9F8002061444FEA124C0AFBB9
:102F50000BC202EB114289B241EA0241774549F8BE
:102F6000041B4FEA124CE2D8019A45F802C0039ABA
:102F7000B2F802900433B9F1000F21D0296804F1AE
:102F8000140CAE464FF0000ABCF800B0BEF80220A8
:102F900009FB0B22524489B241EA02414EF8041B5C
:102FA0005CF8041B4FEA114ABEF8001009FB0A1135
:102FB00001EB124167454FEA114AE5D8019AA95041
:102FC000043599E7013E9BE7067103081771030872
:102FD0002DE9F843154612F0030206460F4607D0C6
:102FE000254C013A002354F82220FFF79DFE0746A6
:102FF000AD103DD0F4697CB91020FFF77FFD02468B
:10300000F06128B91D4B1E4840F2B31100F02CFCB2
:10301000C0E901440460C460D6F81C80D8F80840B8
:103020004CB940F271213046FFF712FF0023C8F877
:103030000800044603604FF00009EB070AD5394643
:1030400022463046FFF71AFF394680463046FFF7E2
:1030500049FE47466D100BD0206838B922462146FC
:103060003046FFF70BFF2060C0F800900446E4E70D
:103070003846BDE8F88300BF607203089770030804
:10308000177103082DE9F0470C464968236903EBE3
:103090006218A368074691464FEA621A08F10106D2
:1030A000B3420BDB3846FFF7DDFD054648B9024663
:1030B000284B29484FF4EF7100F0D6FB01315B003B
:1030C000EEE7002300F1140100F110021846534509
:1030D00033DB20692AEAEA7A04F1140319F01F09A4
:1030E00001EB8A0103EB800C2BD0C9F1200E8A463C
:1030F0000022186800FA09F010434AF8040B53F84C
:10310000042B9C4522FA0EF2F3D8ACEB0403153BDA
:1031100023F00303043304F11500844538BF04236E
:10312000CA500AB108F10206013E38462E61214616
:10313000FFF7D8FD2846BDE8F08742F8040F0133B9
:10314000C5E7043953F8042B41F8042F9C45F9D8FE
:10315000EAE700BF067103081771030830B502697A
:103160000C69121B0ED100F11403143103EB84001F
:1031700001EB840150F8045D51F8044DA54203D0E1
:1031800005D30122104630BD8342F3D3FAE74FF056
:10319000FF32F7E72DE9F84F0C4606461146204668
:1031A0009046FFF7DBFF051E10D129463046FFF79A
:1031B00059FD30B93A4B024640F23721394800F008
:1031C00053FB0123C0E90435BDE8F88FA4BF434693
:1031D000A0463046D8F80410A6BF1C46002501259D
:1031E000FFF740FD20B92E4B024640F24521E5E7AE
:1031F000D8F810702669C56004F1140908F11405A7
:1032000000F1140E05EB870C09EB860608F110029D
:10321000F246002159F8043B52F804BF11FA8BF82A
:1032200099B21B0CA8EB0108C3EB1B4303EB28432B
:103230001FFA88F819144E4548EA03434AF8043B3C
:10324000E8D8331B153B23F0030304331534A6429F
:1032500038BF04231D4473449E462E4666450ED354
:103260000CF10302521B22F00302033DAC4538BFB0
:103270000022134453F8042D7AB10761A4E756F8ED
:10328000048B11FA88F2141404EB184492B242EA47
:1032900004424EF8042B2114E0E7013FEAE700BFA7
:1032A00006710308177103082DE9F7430F46012142
:1032B00059EC108B1646FFF7D5FC044630B9024690
:1032C000244B254840F20F3100F0CEFAC9F30A55DD
:1032D000C9F313032DBB0193B8F1000326D0684650
:1032E0000093FFF787FDDDE90012E8B1C0F120038C
:1032F00002FA03F30B43C24063610192019BA36195
:10330000002B14BF022201222261BDB1A5F2334578
:1033100005443D60C0F135003060204603B0BDE893
:10332000F08343F48013D6E76161E7E701A8FFF774
:1033300061FD019B636120300122E5E704EB82031C
:10334000A0F2324038601869FFF734FDC0EB42103C
:10335000E2E700BF06710308177103089368013B99
:10336000002B10B4936008DA9469A34201DB0A29A8
:1033700003D15DF8044BFEF7D6BB1368581C1060F0
:10338000197008465DF8044B7047F8B506460F46BD
:103390001446D518AC4201D1002007E014F8011BF7
:1033A0003A463046FFF7DAFF431CF3D1F8BD000080
:1033B0002DE9F04F0D469DB014469846064618B1CB
:1033C000036A0BB9FEF724FB6B6ED90705D4AB89F2
:1033D0009A0502D4A86DFEF7B8FCAB891B0701D58E
:1033E0002B699BB929463046FEF7DAFB70B16B6E4C
:1033F000DC0704D54FF0FF301DB0BDE8F08FAB897E
:103400009805F7D4A86DFEF7A1FCF3E70023099314
:1034100020238DF82930CDF80C803023DFF8B081DF
:103420008DF82A304FF0010923469A4613F8012BF4
:103430000AB1252AF9D1BAEB040B0BD05B46224620
:1034400029463046FFF7A1FF013000F0A980099A14
:103450005A4409929AF80030002B00F0A180002312
:103460004FF0FF32CDE905230AF1010A04930793D7
:103470008DF853301A935446052214F8011B544812
:10348000ECF7C6FE049AD8B9D10644BF20238DF8C4
:103490005330130744BF2B238DF853309AF8003074
:1034A0002A2B15D0079A544600204FF00A0C2146CB
:1034B00011F8013B303B092B4DD9B0B1079214E014
:1034C000A0EB080309FA03F313430493A246D2E7DF
:1034D000039B191D1B680391002BBBBF5B4242F08D
:1034E000020207930793B8BF049223782E2B0CD1C6
:1034F00063782A2B34D1039B1A1D1B680392002B7F
:10350000B8BF4FF0FF3302340593DFF8D4A0217821
:1035100003225046ECF77CFE38B1049BA0EB0A0076
:103520004022824013430134049314F8011B2948BC
:103530008DF828100622ECF76BFE00283FD0264BB2
:103540001BBB039B073323F0070308330393099B3B
:103550003B44099368E70CFB02320C460120A6E7C6
:1035600000230134059319464FF00A0C204610F849
:10357000012B303A092A03D9002BC6D00591C4E7A4
:103580000CFB012104460123F0E703AB00932A461C
:10359000124B04A93046FDF7E9FD0746781CD6D149
:1035A0006B6ED90705D4AB899A0502D4A86DFEF7D6
:1035B000CDFBAB895B063FF51DAF09981CE703AB5C
:1035C00000932A46054B04A93046FEF773F8E4E75A
:1035D0006C720308767203086D1101088B330108C1
:1035E000727203088A892DE9F041054610070C46DE
:1035F00058D44B68002B05DC0B6C002B02DC002040
:10360000BDE8F081E66A002EF9D0002312F4805262
:103610002F68216A2B6032D0606DA3895A0705D5C7
:103620006368C01A636B0BB1236CC01A0023024697
:10363000E66A216A2846B047431CA38906D1296857
:103640001D292BD8294A0A41D60727D400226260B7
:10365000D9042269226004D5421C01D12B6803B928
:103660006065616B2F600029C9D004F14403994261
:1036700002D02846FFF7F6F900206063C0E7012377
:103680002846B047411CC8D12B68002BC5D01D2B44
:1036900001D0162B01D12F60B1E7A38943F040037D
:1036A000A381ADE70F69002FA9D093070E6808BF6B
:1036B0004B690F6018BF0023A6EB07088B60B8F1B9
:1036C000000F9CDD216AA66A43463A462846B04769
:1036D000002806DCA38943F04003A3814FF0FF30AC
:1036E0008EE70744A8EB0008E9E700BFFEFFBFDF55
:1036F00038B50B6905460C4613B90025284638BD78
:1037000018B1036A0BB9FEF783F9B4F90C30002B3A
:10371000F3D0626ED00704D4990502D4A06DFEF7F1
:1037200014FB28462146FFF75DFF636EDA07054666
:10373000E4D4A3899B05E1D4A06DFEF707FBDDE788
:1037400070B50C46B1F90E10002996B015461E460C
:103750000DDAA38913F0800F4FF000010CBF4FF476
:1037600080634023002031602B6016B070BD6A4634
:1037700000F048F80028ECDB019901F47041A1F554
:103780000053594259414FF48063EBE78B8973B57D
:103790009D0706460C4607D504F1470323602361C5
:1037A0000123636102B070BD01AB6A46FFF7C8FF39
:1037B000009905463046FFF7C9F948B9B4F90C300D
:1037C0009A05EFD423F0030343F00203A381E3E758
:1037D000A389206043F08003A381009B6361019B68
:1037E00020615BB1B4F90E10304600F01DF828B12D
:1037F000A38923F0030343F00103A381A3891D439D
:10380000A581CFE738B5074D002304460846114689
:103810002B60F0F72DFD431C02D12B6803B1236010
:1038200038BD00BFBC53002038B5064D0023044608
:1038300008462B60F0F72CFD431C02D12B6803B126
:10384000236038BDBC53002038B5064D0023044624
:1038500008462B60F0F734FD431C02D12B6803B1FE
:10386000236038BDBC5300201FB514461A46094BCF
:103870001B680546D8684CB1074B0091CDE901346F
:1038800006492B4600F044F800F054F8044B1C465F
:10389000F3E700BF1C02002087720308947203083C
:1038A000C272030837B5A1FB02244CB9114601923C
:1038B000FFF74CF9019A054630B9284603B030BDF0
:1038C0000C2202600025F8E72146FEF7C1F9F4E773
:1038D00082B001B901A942B14BB113780B601278E3
:1038E000101E18BF012002B070471046FBE76FF0B2
:1038F0000100F8E749B1FF2A85BF8A2303600A70F7
:103900004FF0FF3098BF0120704708467047000015
:103910000EB403B5014603AB054853F8042B006809
:103920000193FFF745FD02B05DF804EB03B070476B
:103930001C02002008B5062000F02CF80120F0F74A
:1039400064FC1F2938B504460D4604D916230360CC
:103950004FF0FF3038BDC26B12B152F821304BB975
:10396000204600F031F82A4601462046BDE838409E
:1039700000F018B8012B0AD0591C03D1162303609C
:103980000120E7E7002442F8254028469847002018
:10399000E0E70000024B01461868FFF7D2BF00BF06
:1039A0001C02002038B5074D002304460846114686
:1039B0002B60F0F71AFC431C02D12B6803B1236083
:1039C00038BD00BFBC530020F0F707BCF8B500BFFE
:1039D000F8BC08BC9E467047F8B500BFF8BC08BCF0
:0439E0009E46704748
:1039E80073747265616D2066756C6C00696F206513
:1039F80072726F72000000006172726179206D61ED
:103A0800782073697A652065786365656465640004
:103A1800286E6F6E65290000696E76616C69642096
:103A28006669656C642074797065000063616C6C0C
:103A38006261636B206572726F7200006D697373E7
:103A4800696E67207265717569726564206669655B
:103A58006C640000696E76616C69642065787465D1
:103A68006E73696F6E0000007375626D7367207303
:103A7800697A65206368616E67656400696E76615E
:103A88006C696420646174615F73697A6500000021
:103A980062797465732073697A65206578636565F2
:103AA800646564007A65726F2D6C656E6774682052
:103AB800737472696E670000756E7465726D696EF5
:103AC8006174656420737472696E6700696E7661EB
:103AD8006C6964206669656C6420646573637269E7
:103AE80070746F72000000004E4F5F474553545585
:103AF8005245000057524953545F5348414B455F64
:103B08004A4947474C450000464C49434B5F494E9C
:103B180000000000464C49434B5F4F5554000000DD
:103B28004E4F524D414C00004C4F5720504F574577
:103B380052000000504552464F524D414E434500F9
:103B48004E4F5F544150000053494E474C455F5417
:103B580041500000444F55424C455F5441500000CD
:103B6800444F55424C455F53494E474C455F54417D
:103B780050000000545249504C455F5441500000D9
:103B8800545249504C455F53494E474C455F544148
:103B980050000000545249504C455F444F55424C28
:103BA800455F544150000000545249504C455F4411
:103BB8004F55424C455F53494E474C455F54415021
:103BC80000000000626F6F745F66726F6D5F7261F4
:103BD8006D3A2025640D0A005B4D45544120455639
:103BE800454E545D000000005B4D4554412045564C
:103BF800454E542057414B452055505D000000006C
:103C0800257320466C75736820636F6D706C6574DE
:103C18006520666F722073656E736F722069642009
:103C280025750D0A0000000025732053616D706C26
:103C3800652072617465206368616E6765642066DB
:103C48006F722073656E736F722069642025750D1D
:103C58000A000000257320506F776572206D6F642D
:103C680065206368616E67656420666F722073659E
:103C78006E736F722069642025750D0A00000000BC
:103C8800257320416C676F726974686D206576656D
:103C98006E740D0A0000000025732041636375727D
:103CA80061637920666F722073656E736F72206925
:103CB80064202575206368616E67656420746F20D1
:103CC80025750D0A00000000257320425358206511
:103CD80076656E742028646F207374657073206D28
:103CE80061696E290D0A000025732042535820652A
:103CF80076656E742028646F207374657073206312
:103D0800616C6962290D0A002573204253582065A9
:103D180076656E742028676574206F757470757485
:103D2800207369676E616C290D0A000025732053A2
:103D3800656E736F72206964202575207265706FD7
:103D480072746564206572726F7220307825303223
:103D5800580D0A002573204649464F206F76657234
:103D6800666C6F770D0A000025732044796E616DCB
:103D780069632072616E6765206368616E67656458
:103D880020666F722073656E736F722069642025D8
:103D9800750D0A002573204649464F2077617465E2
:103DA800726D61726B20726561636865640D0A00EB
:103DB8002573204669726D7761726520696E697432
:103DC80069616C697A65642E204669726D776172E3
:103DD800652076657273696F6E2025750D0A00007F
:103DE8002573205472616E73666572206361757302
:103DF8006520666F722073656E736F722069642028
:103E080025750D0A0000000025732053656E736F39
:103E180072206672616D65776F726B206576656E6C
:103E28007420666F722073656E736F7220696420E8
:103E380025750D0A0000000025732052657365740E
:103E4800206576656E742025642C20307825303204
:103E5800582C20203078253031580D0A00000000F9
:103E680052656769737465723A2030782530325824
:103E78002C204572726F7220436F64653A20256466
:103E88002C203078253032580D0A000073697A6585
:103E9800206F6620706F73746D6F7274656D207318
:103EA80074727563743A202564000000506F73744F
:103EB800206D6F7274656D20646174613A202564A9
:103EC80000000000257320556E6B6E6F776E206DB5
:103ED800657461206576656E7420776974682069F9
:103EE800643A2025750D0A004E4F5F4745535455D7
:103EF8005245000057524953545F5348414B455F60
:103F08004A4947474C450000464C49434B5F494E98
:103F180000000000464C49434B5F4F5554000000D9
:103F28004E4F524D414C00004C4F5720504F574573
:103F380052000000504552464F524D414E434500F5
:103F48004E4F5F544150000053494E474C455F5413
:103F580041500000444F55424C455F5441500000C9
:103F6800444F55424C455F53494E474C455F544179
:103F780050000000545249504C455F5441500000D5
:103F8800545249504C455F53494E474C455F544144
:103F980050000000545249504C455F444F55424C24
:103FA800455F544150000000545249504C455F440D
:103FB8004F55424C455F53494E474C455F5441501D
:103FC800000000004368616E6E656C202564206601
:103FD8006F756E64206465766963652061743A2044
:103FE8002558200D0A0000005041535300000000DE
:103FF8004641494C00000000534B49500000000066
:10400800747275650000000066616C7365000000DD
:104018005B25735D2046696E6765723A2025642CBE
:10402800204C696E6B3A2025642C204D75785F43CF
:1040380068616E3A2025642C204465765F6164646B
:10404800723A2025582C20496E69743A202573202D
:104058000D0A00004241442055504C4F4144212054
:104068000000000042414420424F4F5421200000EC
:104078004D65746120414900426F776965476C6FEF
:104088007665000031323334353637383900000070
:1040980044617461000000004446550025732025E2
:1040A800643A20415353455254204641494C4544B3
:1040B8000D0A000025732025643A204153534552C8
:1040C80054204641494C45440D0A000025732025DB
:1040D800643A20415353455254204641494C454483
:1040E8000D0A000025732025643A20415353455298
:1040F80054204641494C45440D0A000025732025AB
:10410800643A20415353455254204641494C454452
:104118000D0A000020207C007C0D00004E554C4C00
:104128000D000000253034583A2000002530305862
:104138000000000004110040081104400C1408405D
:1041480010140C401414104000000000000000007F
:104158003C41010854410108000000000000000033
:10416800050000000500000004110040081104408B
:104178000C14084010140C40141410401814144067
:104188001C141840000000000000000070410108E5
:104198009041010800000000000000000700000036
:1041A8000700000004110040081204100C11084018
:1041B80010110C4015180140140014001918014082
:1041C8002C001C000000000058410108944101081F
:1041D80000000000AC410108D041010800000000C7
:1041E8000000000006000000060000002B6600002A
:1041F80000004C094F55A498B6316E32C0C72A80CA
:10420800B12E69D4F956024A0A20337172EA65EA76
:1042180008D3AE32000000000E5A8F62DFDEAD21F7
:10422800D011387803111ED2EF48630E0000000049
:104238003206EF14F5CAA749934054DEFC9E367047
:1042480045E9CF7DF04F010084746C6CDC390100C6
:104258002E14000000000000F00000000000000024
:104268000000000074D6375FB87A1300D029100018
:10427800D0291000D0291000D0291000D029100012
:10428800D0291000D0291000D0291000DC9A100085
:10429800D0291000D0291000D0291000D0291000F2
:1042A80084460100D0291000985F12000CB110005C
:1042B800D029100068B3100068B3100068B310006C
:1042C800804D12007C6D12007C6D120064B61000E7
:1042D800ECB6100034B81000406A1200D029100063
:1042E8002C1A1000C8B5100010151000D0291000A5
:1042F800D0291000B81810006C191000246E120094
:10430800246E1200246E12008CCA1200C102CFF271
:104318005D074FF6F5040001590600014D06CFF779
:104328006906CFF78506CFF7D907CFF7E505CFF9A7
:104338003506CFF91107CFF9A1010FFAA9010FFA34
:1043480095020FFA09060FFAB100C00719014FFAD2
:10435800B5044FFAF5044FFA5D054FFA2D04C00075
:1043680059064FFA71064FFA9500C007B5018FFA42
:10437800D9018FFA0D01C00741028FFA65038FFA40
:10438800BD038FFA15048FFA61048FFA79048FFA46
:104398002901C007F9048FFAD90540014D068FFAA3
:1043A80081078FFAA501CFFAA502CFFA6D03CFFADC
:1043B8007906CFFAB502400135000FFB75000FFBF7
:1043C800A9000FFBD9000FFBE1000FFBED000FFB6D
:1043D800F5000FFB05010FFB49020FFB4D020FFB18
:1043E80055020FFB65020FFB75020FFB81020FFBE5
:1043F80075030FFBAD040FFBD5040FFBED040FFB9A
:10440800F5040FFB19050FFBC903400121060FFB3B
:104418008D03C007D9060FFB29014FFB3105C000EA
:1044280015024FFBF1024FFBAD00800065008000D4
:10443800F5074000390080001100800079008000F5
:10444800D9008000B5008000F5054FFBB9064FFB89
:10445800FD064FFB6903400151068FFB2902CFFB84
:10446800B5020FFC35040FFC81040FFC8D040FFC12
:1044780061050FFC0D018FFDA1018FFDB1018FFDBD
:10448800C1018FFD2902400191038FFD09058FFDB0
:104498007104C0009900CFFD0504C00051020FEF60
:1044A800BD04CFFD2505CFFD6D06CFFDA506CFFDCB
:1044B8005D07CFFDF507CFFD29000FFEB9014001CB
:1044C80011020FFEA1020FFE39030FFEC9030FFEF2
:1044D800B1040FFE71070FFEA5068008FD070FFE49
:1044E8000D004FFE61004FFEB5004FFEB9004FFEB4
:1044F800CD004FFEF5004FFE05024FFED9058FFE99
:1045080065068FFE7D068FFE7500400135078FFE1C
:1045180049078FFE6D078FFEE5078FFE1500CFFE5A
:104528009D00CFFEB500CFFEE500CFFE5901CFFEBE
:104538000502CFFE1D02CFFE510680085D068008E9
:1045480069068008350780084D02CFFE9D02CFFE20
:10455800A502CFFE7D0780084D03CFFEB503CFFE31
:104568001904CFFE8104CFFEA904CFFEC907800835
:10457800F1078008B1060001D906CFFE9907CFFEE2
:104588009500C008C900C008F100C0087D000FFFF1
:10459800BD000FFF890500013502C00881020FFF29
:1045A80085020FFFD502C000CD020FFF19030FFFD0
:1045B80019030FFF850540006D064FFF35008FFF7B
:1045C8005902CFEF0D03CFEFAD03CFEF0104CFEFCB
:1045D8008D04CFEF9D04CFEF1105CFEF5905CFEF35
:1045E8006905CFEF1D01000299010002AD0200022A
:1045F800AD03000275040002C5040002C5050002EF
:10460800450600027D030FF04507000261004002E5
:1046180091004002650140024903400231004FF019
:104628005D014FF009028FF051078FF02100CFF0A4
:104638004500CFF0B101CFF0FD06CFF00507CFF070
:10464800DD000FF1E9000FF1DD03400279050FF1FC
:1046580031060FF139060FF149060FF12D004FF120
:1046680081004FF16D048002E1058002510680024D
:10467800D9068002F9068002F90680026D078002D9
:10468800B907800285044FF16D074FF171074FF1AB
:1046980079074FF17D074FF181074FF19D074FF1E2
:1046A800AD074FF1B1074FF1B1074FF149018FF154
:1046B800A1018FF1DD018FF17D028FF179038FF177
:1046C80005048FF11900C002C9068FF161078FF147
:1046D800F9078FF1D500CFF19902CFF1A102CFF1FF
:1046E800BD03CFF1F101C0026102C002D502C002D0
:1046F8008D04C0023905C002FD05C002B106C00222
:104708004901000349010003950100033102000338
:10471800A5020003E1020003690300038D030003FF
:10472800CD0300030505000379050003D106000346
:10473800F9070003ED004003DD01400321074003B2
:104748002107400351074003190080038D008003AF
:10475800DD00800309068FF221068FF2FD07CFF2F4
:1047680049000FF34D010FF371010FF381010FF3AE
:10477800B5010FF3B9010FF3C5010FF311020FF3E0
:10478800690380039903800351048003890580032A
:104798000D0680037D068003D5068003F10680039D
:1047A80055078003F501C0032503C003E505C003D1
:1047B800B106C0032907C00329000004290000042A
:1047C800C5020004DD048FF359058FF309068FF342
:1047D8006D068FF37D068FF3FD068FF311078FF3B8
:1047E80085078FF335060004FD06000445014004E3
:1047F800050340049D034004F504400459054004A2
:10480800C10080046D058004090680044107800406
:10481800AD01C004E901C004F503C004A906C00441
:104828001107C0046D00000535010005B50200053B
:10483800B5020005510300056D0300054505000597
:1048480001004005E50040052103400501010FF581
:104858004D010FF5E5020FF509030FF519030FF5E3
:10486800CD030FF5D1030FF5DD030FF5B1040FF5F7
:104878003D054005C505400561064005C5064005DE
:10488800F90740056500800565008005750080050D
:10489800F100800549028005CD00CFF5E100CFF594
:1048A8003101CFF5FD01CFF5ED02CFF58103CFF54D
:1048B800E903CFF54504CFF52505CFF5ED010FF652
:1048C80009020FF685020FF6C1020FF6F9020FF67C
:1048D80025074FF67D074FF6C1074FF655008FF6AF
:1048E800C5018FF639028FF649028FF6E9028FF675
:1048F800F1028FF6BD038FF671048FF61D058FF652
:104908000500CFF68500CFF69500CFF67D01CFF6EE
:104918008501CFF6A902CFF6D902CFF6A503CFF6C7
:10492800CD05CFF66106CFF67106CFF62907CFF68B
:104938003107CFF621000FF7E1000FF765010FF7F8
:1049480021030FF74D030FF7B1030FF7C1030FF75B
:1049580091040FF7AD040FF7B1050FF721060FF714
:1049680081060FF791070FF7E5070FF705004FF7D7
:10497800A1004FF7B1004FF761014FF775014FF7ED
:10498800A1014FF7C5014FF719024FF789024FF7F9
:10499800C1024FF7F1024FF75D034FF7DD044FF700
:1049A80035054FF745054FF709064FF719064FF735
:1049B800F5064FF78D058FF7A5058FF71D078FF7BC
:1049C8005D078FF7DD00CFF77D01CFF7D9068005AA
:1049D8008D0780051D05CFF7DD05CFF73501C0052B
:1049E800E903C00551000FF8A1000FF839010FF8CD
:1049F80011020FF879020FF88104C0051507C005E8
:104A08006107C005FD07C00585000006A90000066E
:104A18003D004FF845004FF859004FF8BD0100061A
:104A280051014FF885030006690500065502400646
:104A380089008FF83D03400601018FF845018FF882
:104A4800AD018FF821028FF871028FF8C1028FF83B
:104A5800DD028FF8ED028FF835038FF8E1038FF848
:104A6800F1038FF8F5038FF821048FF83D048FF8D0
:104A780065048FF879048FF8E504C0069105C0062F
:104A8800FD000FF9B5010FF9B505C006950200073D
:104A980095020007BD0200074D05000719048FF9AC
:104AA800B9048FF9C9048FF9F9048FF909058FF949
:104AB80009058FF9CD064007D1058FF9ED068FF965
:104AC8000D0740075503CFF9450740078103CFF984
:104AD800ED03CFF92904CFF9CD074007E5074007D3
:104AE8006904CFF9FD0740071D008007FD04CFF9D1
:104AF80031008007490080074105CFF95D00800734
:104B08006505CFF97505CFF98905CFF99D05CFF969
:104B1800C105CFF9E105CFF9B906CFF90107CFF9FA
:104B28001907CFF94D07CFF99507CFF9710080071D
:104B3800890080073D060FFA89070FFAE1070FFA87
:104B4800F9070FFA2D004FFA2D004FFAD50080070C
:104B5800ED008007FD048FFA15058FFA41058FFADD
:104B6800B9018007D5018007D5058FFA51078FFA5B
:104B780069078FFA9D078FFAC50380070D06CFFADC
:104B88002506CFFA5D06CFFA4D018FFB65018FFB35
:104B98008903CFFB9103CFFBC503CFFB5906CFFB9E
:104BA8007106CFFBA906CFFBC106CFFBFD06CFFBE5
:104BB8001507CFFB4907CFFB6507CFFB05000FFCA7
:104BC8006D000FFC9D000FFCED000FFCF9000FFCC1
:104BD8004D010FFCB1010FFC8901C0072903C00773
:104BE80045030FFC81030FFCCD030FFC2103C00715
:104BF8005503C0072105C007B9060FFCC9060FFCFD
:104C08002105C0078105C00749070FFC59070FFC9C
:104C180069014FFC71014FFC81014FFC9D014FFC64
:104C28009505C007D5014FFCD9014FFCE9014FFCA0
:104C380075024FFCED05C007C9044FFCE1044FFCA9
:104C48007D054FFC25064FFC19074FFCCD07C00713
:104C5800E5008FFCD507C007F5008FFCDD07C0070E
:104C6800F5018FFC8D000008F1038FFC91048FFC87
:104C7800750200082D030008DD050008F10500088D
:104C880021078FFCDD078FFCED02CFFC6104CFFC10
:104C98006504CFFCB504CFFCBD04CFFCD904CFFC20
:104CA8001505CFFC1D05CFFC8506CFFCD9014008B2
:104CB8006D000FFDE501400819020FFD31020FFDDF
:104CC80075020FFD51024008ED030FFD05040FFDAD
:104CD80031040FFDA9050FFD55004FFD6D004FFD77
:104CE800E5004FFD95014FFD9D014FFDB1014FFDC1
:104CF800C9014FFDAD034FFD49028FFD61028FFDD4
:104D08002D03400801048FFD19048FFDC9058FFD8F
:104D1800D504CFFDED04CFFDB5020FFE9D038FFE38
:104D2800B5038FFE75000FFF8D000FFF59020FFFAF
:104D380071020FFF59028FFFB5028FFFD9000004DF
:104D4800F1060FF6CD010001FD004FF6310200011A
:104D580015038005DD05CFF8ED06CFF841024FF9C0
:104D68004D024FF9AD060007ED078000B5068FF933
:104D7800FD068FF94D07CFFAF90400001102000172
:104D88002904800779010001C50100019101000192
:104D980045048007DD048007A1008FFB2D068007EE
:104DA800AD028FFBE9020FFDF9020FFD9901C00961
:104DB80005034FFD3501000071010000FD038FFD63
:104DC8002D02CFEE65048FFDF5048FFDF906CFFDAA
:104DD80099050FFE45074FFEE1054008010640080A
:104DE8000900000085000000E2C208450180684013
:104DF8008420030C1908310448410E8D0015061053
:104E080021421D784A0E6FFB0143C2C6284D4C70E3
:104E18000208E000084300150610004161402142E5
:104E2800FA0A2FF60143C2C6E2C20845018068406B
:104E38008420030C1908310448410E8D0015061012
:104E480021421D78EE0D6FFB0143C2C6284D4C7000
:104E5800C20FA0000843001506100041614021421E
:104E6800CE0A2FF60143C2C6E2C208450180684057
:104E78008420030C1908310448410E8D00150710D1
:104E880021421D781E0E6FFB0143C2C6284D4C708F
:104E9800820FA0000843001507100041614021421D
:104EA8008A0AE0000143C2C6E2C2084501806840A0
:104EB8008420030C1908310448410E8D0015071091
:104EC80021421D78A60D6FFB0143C2C6284D4C70C8
:104ED800420FA0000843001507100041614021421D
:104EE800620AE0000143C2C6E2C208450180684088
:104EF8008420030C1908310448410E8D0015061052
:104F080021421D78E20A6FFB0143C2C6284D4C714D
:104F1800020FA0000843001506100041614021421D
:104F2800CE092FF60143C2C6E2C208450180684097
:104F38008420030C1908310448410E8D0015071010
:104F480021421D78BE0A6FFB0143C2C6284D4C7131
:104F5800C20EA0000843001507100041614021421D
:104F6800FA09E0000143C2C6F1C081808424031C11
:104F7800110C3114001005000E881D789E5A04F09B
:104F880010E08E5AD1C0E07EF1C081808424031CD9
:104F9800110C3114001006000E881D78A05A04F078
:104FA80010E08F5AD1C0E07EF1C081808424031CB8
:104FB800110C3114001006000E881D789F5A04F059
:104FC80010E0905AD1C0E07EF1C081808424031C97
:104FD800110C3114001006000E881D789C5A04F03C
:104FE80010E08D5AD1C0E07EFC1C88B7E1C0E1C159
:104FF800E1C2E1C3FC1C08B1FC1C48B1FC1C88B12F
:10500800FC1CC8B1FC1C08B2FC1C48B2FC1C88B2D1
:10501800FC1CC8B2E1C4F1C0FC1C08BF6A208000B7
:10502800E1C06A20C000E1C0C340F0002D00008844
:10503800C1B8F0260170A000A47E03E94079C1C080
:105048006B20C000C1C06B208000C1C00A24007062
:10505800D1C0C1C404140B3404140A340414093430
:1050680004140834041407340414063404140534EE
:1050780004140434C1C3C1C2C1C1C1C004141E3464
:105088006F243F00E4C22F27BF036F233F00CB45A7
:10509800A000A242208D06210000820BAFEE00ADD9
:1050A800208D1470C340F000340005F27B0020000E
:1050B80033A8A0B933A820AD00168070A000A14283
:1050C800147033F20016C070A000B042CB44A000A8
:1050D800A0421470C343F000400226002B00408C0D
:1050E8006D71E5B8002B80102F27BF006F233F009C
:1050F80012F42583067925A32F26BF0011F02F2748
:105108007F006F233F0007830F20800007A32F260F
:105118007F000BF02583257805A32F26BF00008C80
:10512800002B001006A32F26BF03C4C6E6C1A3C1E7
:105138002F273F026F233F006F263F0437886D708B
:1051480034700CF2358883E93688448005B94221E9
:1051580001083A62688A74708E00210080C4E78270
:10516800C682FFD95ADD181A800F1200E8FB87A201
:1051780040C641C74F00200042C1AB25081E00169B
:105188008170F0003500C5B9347210F46F273F0004
:105198006F233F00AA215A004B2180830BF22F2155
:1051A800BF0F000077000BF02F21BF0F0000B700E2
:1051B80005F02F21BF0F0000B7006F263F04688A53
:1051C80002C108EB8C21C38F04F477887470D7F57B
:1051D8008C21C38F6D7109F427820F09010301C166
:1051E80027A200C126A22F263F026140C6C5E0784B
:1051F80014707C00210000432F273F036F233F00DA
:105208006F263F0422F029F400168070F000350064
:10521800C5B814720FF46F273F006F233F00AA2010
:105228005A004B2080830CF22F21BF0F000077001B
:105238000AF02F21BF0F0000B70006F02F21BF0F83
:105248000000B7006F263F044C8B00815470BA07EA
:10525800E2FF8C20C38F2F263F038C20C38F004191
:10526800CA21E1085470E07FCA204100E07F23D8BA
:10527800E8C3A3C12F273F046F233F006F263F04D5
:105288002D90AD7034700CF22B9083E92C9024771C
:1052980042805A2101053A622C8A34709400210018
:1052A80080C3C482A282FFDC081A800F1300343F37
:1052B80064A240C541C65100200042C4AB21080E7B
:1052C80000168170F0003500C5B934720FF46F27ED
:1052D8003F006F233F00AA215A004B2180830CF224
:1052E8002F21BF0F000077000AF02F21BF0F000009
:1052F800B70006F02F21BF0F0000B7006F263F044C
:105308002C8A02C409E98C24C39F07F42D903470B9
:10531800AC07E2FF5AD98C24C39FAD710AF404820A
:105328001108C10001C004A200C002A291D86758A8
:105338002F263F04A140C8C700168070F000350032
:10534800C5B814720FF46F273F006F233F00AA20DF
:105358005A004B2080830CF22F21BF0F00007700EA
:10536800E07E2F21BF0F0000B700E07E2F21BF0F86
:105378000000B700E07EE078F1C002881708BF019E
:10538800F6D80211C0000D0832000C70D1C0E07EC2
:10539800F0D89209AFF42C71E4C2C34200000000B7
:1053A800C343000000002845AE0D6FF908464C7055
:1053B8006C70C140320B6008A141C4C6E4C2C3424C
:1053C80000000000C3430000000028458A0D6FF963
:1053D80008464C716C70C1400E0B6008A141C4C6F0
:1053E800E4C2C34200000000C34300000000284597
:1053F800660D6FF908464C726C70C140EA0A600885
:10540800A141C4C6E2C2C34200000000C343000079
:1054180000003E0D6FF908454C736C76CA0A6008A7
:10542800A140C2C6E4C2C34200000000C34300005A
:1054380000002845220D6FF908464C746C70C14075
:10544800A60A6008A141C4C6E4C2C3420000000025
:10545800C343000000002845FE0C6FF908464C7550
:105468006C70C140820A6008A141C4C6E4C2C3424C
:105478001300D479C3431300D8792845DA0C6FF99F
:1054880008464C766C70C1405E0A6008A141C4C6EB
:10549800E4C2C34200000000C343000000002845E6
:1054A800B60C6FF9084607DA6C70C1403A0A600812
:1054B800A141C4C6F1C0C34200000000C3430000BC
:1054C8000000860C4FF908DA1E0A60086C74D1C017
:1054D800E07EE078E4C2C34200000000C34300005D
:1054E80000002845720C6FF9084609DA6C70C14053
:1054F800F6096008A141C4C6E2C2C3420000000028
:10550800C343000000004A0C6FF908450ADA6C76BC
:10551800D6096008A140C2C6E2C3A1C13A0CEFFA9D
:10552800084540C040240530C34200000000C34382
:10553800000000008C76720BEFFAA1404024043082
:105548000BDA6C7692096008A14000C0C2C7E07807
:10555800E4C2AD700A26801F1300387A00862186BF
:1055680002790D09720122B9960BCFFAA571F10DD6
:10557800349408E6C3421300D879C3431300DC7996
:10558800C60B4FF90CDA620960086C74C4C6E0787F
:10559800F1C0C34200000000C34300000000AA0B92
:1055A8004FF90DDA420960086C74D1C0E07EE078EA
:1055B800F1C0C34200000000C343000000008A0B92
:1055C8004FF90EDA220960086C74D1C0E07EE078E9
:1055D800F1C0C34200000000C343000000006A0B92
:1055E8004FF90FDA020960086C74D1C0E07EE078E8
:1055F800E07F0C70E8C2084594E142012500ED7097
:105608000E71CD70E1ADE0ADAA09AFF5CF78618D2F
:10561800408D2F21080408BB1470C571657ACF78B6
:10562800C52242002F20402040AD28BADD087482F0
:1056380041AD09DE0E71E3AD021DC2137609AFF567
:10564800CF78638D428D2F21080408BB1470C57173
:10565800657ACF78C52242002F20402042AD28BA73
:10566800DD08B48443ADCD700E71E5AD041DC213E1
:105678006A08AFF5CF78658D448D2F21080408BBE3
:105688001470C571657ACF78C52242002F2040205A
:1056980044AD28BADD08748245ADE7ADE6AD09DF53
:1056A8004A2640103608AFF5EF78878D468D14707E
:1056B800402C0012D079E5714578EF7BC520420077
:1056C8003B7E06AD28B8E10BB48407AD0E0F400051
:1056D800060F600008ADDE0E600009ADBA0E60006E
:1056E8000AAD5A09AFF50BADD609AFF50CAD860971
:1056F800AFF50DAD0EADC341F00000010D8914DF0B
:10570800C2B80FAD0989C6B810AD0591C6B811ADBC
:105718000C89C1B812AD138D2C8900160270F000E7
:1057280090016C20430024B95B7844214200442056
:10573800810005238000257813ADE140C8C6E078D4
:10574800E8C2F0264D70A000F44D48470846B570F1
:1057580066F22F273F046F233F00018500AE608566
:10576800428528B801AE204062AE66086FF843AEA5
:10577800828E04AE5527801F22B8C5B84025031570
:10578800984E4C7009240B101FF0608320EBD48BCB
:1057980080894471C3BE6C24C010C57800A9888B69
:1057A8008420C20304BC8424011C857800A9158BBD
:1057B800C57C07B8857800A90C93968B02A928B8F0
:1057C80081A903A924744F78C308C4820CE520F08A
:1057D800A08521ED948D60894471C3BC6C23C00001
:1057E800857800A9688D8420C20304BB8423010C3A
:1057F800657800A9158D857B07B8657800A90C9593
:10580800768D02A928B861A903A924744F78C50820
:10581800C4822F263F0408D9157903F02C703078FC
:10582800C8C6E078E4C2CB44A000C07E8084607C17
:105838004845CD7009E8008DCD7107E83D582488AA
:10584800058821AD02ADC140C4C6E078EAC208456A
:105858007CB8704148461D08F50030405525401E6B
:105868000F79C1400242B7FF001904200C71CAC663
:105878000F0D74181E4E2C709609EFFC4C75CB4713
:10588800A000B47E8287A1400241C142607C2243CD
:1058980007E8710DF0100C71310D1011E9F1250DAB
:1058A80032140C70870D30140241F9E544F2FEE51C
:1058B800DFF5208F03AE02AE01AE0C7420AE3FF0D0
:1058C800410DD010AB0D1191CE0E00070845026EA8
:1058D800C3411300C178F60AEFEE4C76184EC34167
:1058E800A000EC7FE60AEFEE4C7609ED8025041F58
:1058F8001E4E4C76D60AEFEEA14100110021B6F1FA
:105908000D0835250C7000190520CAC60A0FEFF9D5
:105918000C7241280306412802044128010210AEF6
:1059280014D873AE52AE31AE09F010D86A0AA0008E
:10593800C14205F0C14002412FFF310911A098F181
:10594800E8C2CB46A000B47E648648453040607B00
:105958000847B6E8FEE70C7033F40D081020408DB8
:1059680040AE03F0408ECB451300C77805EA8C2281
:10597800C38F23F206F0F20C6FEEA140408E1AEAB4
:105988002186016901A63A0B6FEE5A4D008E250853
:1059980094003B58004320441D4DE141220B6FEE1B
:1059A8000242008E0D08F4005425401A120B4FEEE7
:1059B800048E0D081E00820C6FEE0AD80C71C8C642
:1059C800E2C2390BB00028434B0B5000A30B110067
:1059D80080905F0C1316AB0CD011B70C1012930CFF
:1059E8009112219004691109340200A253217E808A
:1059F8000C7146F20AD868F08090C341A000D0D359
:105A08004B0CD0114D0C1012670C9112D6080000E7
:105A180051F08090CB45A000C87E3F0C9016490CF1
:105A280050164F0C1116828523EC407C43F07B0CFA
:105A38001016870C50163B0C911621900C71646956
:105A48003D09300160A21AD83EF0DE0B000033F0A9
:105A58001E0C00002FF020850BE943852588607A0D
:105A6800048829F0808505EC607C048823F0CB4409
:105A7800A000CC7EA0842AED607D6141C2C6219041
:105A88000C716469F909308160A207D81CF0019093
:105A98002C686468F8E160A205F753207E800C71D9
:105AA800EEF308D810F00190246820A203E818D873
:105AB8000AF00C71C2C621900C716469C109308169
:105AC80060A219D82C7170580C70C2C6F1C0792028
:105AD8000000047104A90C716458D1C0E07EE0781C
:105AE800F8C2084604880D081F000196A108110293
:105AF8000B169410CE086FFA0A16931004E82D10AE
:105B0800920003F04E71CB47A000F4D4CB45A0001F
:105B1800D4D40C70031FC214041F02151CAD181D29
:105B280045112296081690104B210086304113F239
:105B38004129CC20532441105D09D0006B09900005
:105B48007D095100670A5F20C341A000EC4021D8BD
:105B58004DF02E581045345800410240A2423358A7
:105B680016E8BC4818DA6608EFEEA1400185F0D9BE
:105B780004796309300491E0E5093108A2E0F7F2FD
:105B8800A1E0C6212126CF21E120F5F000962C7650
:105B98007058D8C6081D8114041D8114001D801F6B
:105BA800A00074400DF03F0A5120081D4114041D47
:105BB8004114001D801FA000544003F001A5498E28
:105BC8002E8D00AF5B7AC0B91FAD194E45792EAD49
:105BD80044F00A022100567192E00F022000C5210C
:105BE8002126C341A000084122D8558DC0DB2F24AF
:105BF80002040916881006160B11442407114129BE
:105C08000C235320862002A501A520A50421C1202C
:105C180044240002442409126C24CC0026B905202F
:105C28008001412985230521C1018578842202004C
:105C38004425430005214102457873AD34AD15ADC7
:105C48000396101DC412121D02121FAD28B800AF12
:105C5800A6096000A140194E008802AF4129002220
:105C6800442117A1D342A000E07E1D1D4214011F4C
:105C780002141EAD12F2C5B8D3464C3DCDCC110866
:105C8800740163B8483080000030960527091F204A
:105C9800D3401200504B08F023093F20CE70D34068
:105CA80012004C4B4023C0246C204000001A0024F2
:105CB80010F0D34012007C4B04F0D3401200784B14
:105CC8009C4E056F6242060FAFEE001A002410D8F2
:105CD80040275511F670D347120064580DB50FF2DE
:105CE80040250516A1408241A24262430A24C0050C
:105CF800232000040A268005D8C615097F204025E0
:105D08000516A1408241A24262432CF04223512051
:105D18002F2647F41FF2402518160A2640248A46E3
:105D2800CF796C718C70A140A242232000040A250F
:105D3800000600121020C677A6712F2687F5C571B8
:105D4800F0F542238120066F2F7A00245424002284
:105D580015002F210705402505166C71A140A242A8
:105D6800232000040A24C005D8C6462111264F2145
:105D780011210895528D958D748D131589108A23DC
:105D880001101FAD42AF412802029B78366B402BB1
:105D9800C8000421862F00001F3FC2BC44215110B7
:105DA80040AF6C200901442002040421C0024420B1
:105DB8000B18457C0526C2020CBB842102004578DD
:105DC8000423830F0F0000802578402991236578EC
:105DD800052450120521112042F146211126CF2118
:105DE8002121CF21E2200E8D0E70001F02141F1DED
:105DF80002141D7833F1E078C341A000F47E40819D
:105E0800004307EA40404382FEEA63A002F060A133
:105E18000C70E07F0C1B0100C340A000E87E2180CD
:105E2800E07F0080E4C2CB45A000E87EC488088DEE
:105E3800390E0010170E9110960A4FFA21A500A5E9
:105E48003BD8C3411200B05B07F01F08B1003BD834
:105E5800C341110064A69A0E00000C716B20000467
:105E6800E078E078E078C8ADC4C6E078EAC221906E
:105E7800A468CB47A000E87E38608A2083284020A9
:105E88001101008D8C20038C48002500C16D288FDE
:105E9800B509B10000418021FC02A509750241DA6B
:105EA800770A6F0082DA7F0A6F008A220401910A5A
:105EB8004E00248E21A7418E638E208E828E08BAD2
:105EC80008BB257A0523010310B9457920A73CF0C2
:105ED8007D083000A572A38707000000A385770D11
:105EE800101020852489F9090180088F0B085100BA
:105EF8003B5821A700A7488D0185D20CAFEEC141C0
:105F08004085A88DB912C00045083300DD6521879A
:105F1800008772581CF0408E2087618700224280DB
:105F280009F0218E408E808708B961874579002461
:105F380042904123018021A740A706F0001E027469
:105F4800F0004800FA0C2FFA2C701D65370D4494A8
:105F5800CAC6E2D8001E0270F0004800CAC6E0783F
:105F6800F1C0A3C1C342A000F07E408A0AEA0488B7
:105F780041C12C7493B940C162C00C7180C164588E
:105F8800A3C0D1C0E07EE078E6C242233C8015F28F
:105F9800CD70AD70A8204004976D5C642F27FF0278
:105FA8006F233F00F38C06EFD3AC0E1C4310D0A434
:105FB8002F26FF02A5715E098FF9C6C600161D704F
:105FC800A000044709244C17F0261D73A000206C7C
:105FD800AB251030AA259030350DFE315025DD3126
:105FE800AB25903067244033FC1CC8B7AA25093874
:105FF800A7250939FC1C48B7AA254938A7254939D6
:10600800FC1C48B70A27803F11003CC86F243F009A
:10601800AA2790304F27DF31AB27903004141D3466
:10602800AB25493904141D34AB25093904141F3430
:1060380067244033AB2710306F243F00C342A000D1
:10604800007F39A2E07F18A2F1C0FA090FFDC34012
:10605800A00008474020020ACC4820E0001A800F20
:106068001200A85D0019800F1200545D0018800FFF
:1060780012008E61D1C0E07E05EB1522CC00FC1C1D
:10608800C090CD070FFEE078004206E8108AE7B816
:106098000C77E07DD901EFFE4040E078EAC20010BD
:1060A8001000084558204E0170B870417E0DEFFC75
:1060B8002847C34100801E403671D5212208E4A636
:1060C800041D50101825021407F42C70041E01102A
:1060D800A3A642A60AF0C341A000007F9881798157
:1060E8004041A1A683A662A620A6CAC60C70547019
:1060F800AB205002E07CC340A000587FE07F40A066
:10610800EEC24E70CB46A000007F8A2190285240F4
:10611800A46EAB2250220085402153200CE8208633
:10612800E18580B92B214004FE0E0FFEE5782B2077
:10613800C00406F02B2240242B22C02406710CE652
:106148002672D70834A20CE5CEC6E078EEC2D9880C
:1061580008453043C1BE76086FFBA1404E700E71F2
:106168000AE81F0EB510A1403558130B25200C71F5
:106178002E7040F00C7110413CF00D8D03E8E08565
:1061880005F00D1D4310A94702F01CEF3E086FFBF8
:10619800E14011E8E14035581B08C104558705EA7C
:1061A8003987607AE140190F6013E140320B0FF92B
:1061B80006F01A086FFBE14002E80E70E087E7F18D
:1061C800167015F21A0B2FF9A1400B0E90100D1D29
:1061D8000310108D14700BF2101D03109E782C7094
:1061E8004C71A1409158BE784E71792010200C70E6
:1061F80083E85670B1F51470CA2042240240CEC616
:10620800001E0070A000E0476A208002AEB8BFB848
:1062180029200080AA20C1005120C087BFB8AB2028
:10622800C100E7246233C740A000E047641C08B0FF
:10623800AA204909981C0030AA200909941C00309A
:10624800AA204908901C0030AA2009088C1C00309C
:106258000A20000F881C00306A208000841C00304F
:106268006A20C000801C00307C1CC037781C803736
:10627800741C4037AA2050005CC06C1CC036681CD7
:106288008036641C4036601C00365C1CC035581CC7
:106298008035541C4035501C00354C1CC034481CFB
:1062A8008034441C4034401C00344FC74EC64DC592
:1062B8004CC42C1CC032281C8032241C4032201CA8
:1062C80000321C1CC031181C8031141C4031101CB9
:1062D800003143C342C241C1AA2048004220008481
:1062E8001E0001006A2180084421C1006B2180083A
:1062F8002220800F1200D03914702A000100AB2030
:10630800480000160A70A000AC46001A00172220A8
:10631800800F1200EC2A00160A70A000AC4600128A
:106328001C1098141E30AB26493994141E30AB2625
:10633800093990141E30AB2649388C141E30AB2610
:10634800093888141E300A24807784141E306B267E
:10635800803080141E306B26C0307C141F307814B7
:106368001E3074141D306C141B3068141A306414F9
:106378001930601418305C1417305814163054143F
:106388001530501414304C1413304814123044147F
:106398001130401410300FC70EC60DC50CC42C1494
:1063A8000B3028140A3024140930201408301C1427
:1063B800073018140630141405301014043003C3C1
:1063C80002C201C11CC0AB2050009C1400346F23D2
:1063D8003F006F243F00E078FC1C08B0AA2048006A
:1063E8000B0810000C70AB20480010D8AB204800F8
:1063F80004140034E07EE208000098141E306B2676
:10640800403398141E30AB26493994141E30AB26FD
:10641800093990141E30AB2649388C141E30AB262F
:10642800093888141E300A24807784141E306B269D
:10643800803080141E306B26C0307C141F307814D6
:106448001E3074141D306C141B3068141A30641418
:106458001930601418305C1417305814163054145E
:106468001530501414304C1413304814123044149E
:106478001130401410300FC70EC60DC50CC42C14B3
:106488000B3028140A3024140930201408301C1446
:10649800073018140630141405301014043003C3E0
:1064A80002C201C11CC0AB2050009C140030AB20BC
:1064B8001000A0140030AB2090005120C087A41415
:1064C80000346F233F000A000100672440336F2423
:1064D8003F00E07800160A70A000AC4600121C10BD
:1064E800C34000400000AB205002E07EE2C0AA2476
:1064F8000A14157C92498A209F0F4478412A430147
:1065080035BA4F200D000423810F0000C0FF53222D
:10651800C0002578A0B401B4C2C4E078E8C2CB4575
:10652800A0008C7F484628471040C340A0009440F4
:106538002ADA9A0E6FEEA141DC4DC340A000C0409C
:106548008A0E6FEE2ADA0240E141EE0AAFFAC14242
:10655800C8C6E078CB44F0000001148C17089F01EE
:10656800148C13085F010B940B081F00148CE4B8FB
:10657800E07C148CC341F000340045DA15A9768C10
:1065880070D890B876A954A905A445D89507EFF313
:106598002C70E078C340F00000012D880C88C2B947
:1065A80024B8C0B84720C00109204000E07F04712A
:1065B800C340F00000012D880C88C2B924B8C0B8C7
:1065C8004720C0010920410022780471E07F0F783C
:1065D80041020FF529020FF54D020FF5F1C05E09D2
:1065E8000FF5110874024220410209095402FFD82C
:1065F800D1C0E07E5588748878D9447904BAC3BB81
:106608008422010C87B9657A35A8E07F54A8E07820
:10661800E2C06488058824BB0029CC006C7141283D
:10662800CD004128010106234003C2B947783878D4
:10663800057C8F78C2C4E078EEC3A1C108461488EF
:106648002486F5683F67288F0386001E0070F000D7
:106658002C011CE94087698F018640271114031219
:106668008B00828A442312820A20402403F40011FA
:1066780010200D71290B3F00AD711D0A30202845EF
:106688001D095401AD740CF02286001C013000C0B5
:1066980000A1CEC709093404284510DD21874286A8
:1066A80040C100C11108312020A22C7023A022A0D3
:1066B80021A020A04423138104F24A8F22864CA9EA
:1066C800002802132F273F036F233F00C341F00028
:1066D8004002130B51106581657A45A12F263F03AF
:1066E80006F06581467B65A12F263F030D08302003
:1066F8000241DA0C6FEEA142110B31205325011132
:1067080042860C7090B806F04286C3400100000132
:1067180040C060C100C02B08302001A2088F230DA3
:106728000510210A10201B0D35114E253C11B24FC2
:10673800A820C001B8673088B862A57130A8CEC754
:10674800027500194023CEC7EEC3A3C108461488BA
:106758002486F5683F67288F0386001E0070F000C6
:106768002C0118E9498F018640271114442213820D
:1067780050420A20402404F400111020290A3F2026
:10678800AD711D0B302028451D095401AD740CF066
:106798002286081C013002C000A1CEC709093404B2
:1067A800284510DD0D0830200241220C6FEEA14271
:1067B800170ABF20532501110C7090B8428641C0BA
:1067C80061C101C008F0C34001000001428640C019
:1067D80060C100C02B08302001A2088F230D0510CE
:1067E800210B10201B0D35114E253C110227421399
:1067F800A820C001B8673088B862A57130A8CEC794
:10680800027500194023CEC7F0C2084514882485B4
:1068180010DFD5683E66098E20850C161110081603
:10682800901044205480CA2762100F08BE001042FE
:106838005022802009AE1309302009271314224062
:106848008A0B6FEE6242150F25140220C024C34143
:106858001200A86608AE27F0148D4086768D047164
:106868000F797071228A8D71638ACA202600002CE4
:10687800421014AD2F273F036F233F00C340F000A1
:106888004002C3411200B066110B51006580467B7F
:1068980065A02F263F0307F06580657A45A02F265F
:1068A8003F030D0930200021C02403A6512240A037
:1068B8002E701FF23D270214792400200520BE8087
:1068C80017F205860430408426002C00A142320CC1
:1068D8008FFD14701A002B004A21C0280385001E62
:1068E8000070F0002C011F0F25142E7010F00D0FF2
:1068F8002514A14095FFD0C6A14050FF178D0477FD
:1069080017AD468604EA2786607A2240D0C6E0782A
:106918003906EFFF2040E078E2C22040284547FFD3
:10692800178D047717ADC2C6F1C0C8444A26C00106
:10693800F81CC8B10A0C6FF58147A2C0D1C0E07E2F
:10694800F1C0C8444A26C003F81CC8B1F20B6FF561
:106958008147A2C0D1C0E07EF1C0C8444A26C00128
:10696800F81CC8B10A0B6FF58147A2C0D1C0E07E00
:10697800F2C3A1C10010150108470A21C0210A224B
:1069880080210A2340210A20002170442F273F003C
:106998006F233F000DC6168E778E04771D0B0300FC
:1069A800758E0486B56B1D652AAD1909FF20E0A513
:1069B8007822030044A50FF06F263F000C70D2C761
:1069C80020EA49201021284D4041020A6FEE024278
:1069D8006C700CC0081D02140C1D0015181DC01485
:1069E8001C1D8014091D421405A580C0E1414A08F8
:1069F8006FF5A24200C001A5C14004F80C71D2C7CE
:106A08006F263F00DCF1E078E2C20845178884E889
:106A1800A1400AFFA6096FF5A1406F263F00C2C634
:106A2800F6C2304508457758782013008CD81F23C4
:106A38000F20CB46A000CC49A140560EEFF9DF67E6
:106A48002F871047304105E9624020581042EB85F6
:106A58002A852F27BF056F233F006F263F0462401A
:106A6800E142060DEFFC30408E710DE8388D6C70F8
:106A7800A24262400A240004E145A146265883E860
:106A88008E704C71E241624099582F26BF0541092A
:106A98003020624020583908640462409F20020375
:106AA800C84E1E661D0A64243A60218208860520A5
:106AB8007E800EF207200004E77905207E8008F228
:106AC80040234022201E0014E1A28D588240D6C6E1
:106AD800EAC2F269504130405CD9E1426846320F5F
:106AE8002FFC08454A240072A2A6FD650C6D2C7087
:106AF800C14203A6A820C002011180241470CA2133
:106B080061003470C078011A1200C340A000E47F0D
:106B18002080101E0014C0A025A6CAC6EAC200160E
:106B28000370A0006C7F48473040CE6BC343A00081
:106B3800F0F340230D061041C3421300A479C1416C
:106B4800A140E4FF0019802FA000F87FC0A700181B
:106B58004023CAC6EEC2C8470A21002170424845F0
:106B680030401D0D300010430AEF40250E0666BD6B
:106B78000242A043C140A141D6FF03F0A8466240AB
:106B88000241A14242430A244004C145160F6FFE48
:106B9800E146CEC6EEC2C340A000E47FE08050428A
:106BA80030436A208002AEB8292000802E7032F06F
:106BB80040201104630B442462874387604170407E
:106BC8001309A50028462086D3715C5C5C5C246EA2
:106BD800F8F300220D2008DAA140E141EE0F2FEE74
:106BE800C3A70226001441280204412801020CAD63
:106BF8004EAD2DAD248738B80FAD41298303412907
:106C0800820112696AAD49AD08ADE58736B92BAD89
:106C18002F204804CEEF6A2180028EB929204080B7
:106C2800CEC6E078EAC20847CD70AD7037F00016DE
:106C38000170A0004C405A2500161A6100120B0181
:106C4800590B7E10504016400220D18343260190F4
:106C580007D83C2042047F2100003470CA208100FC
:106C68009AE80E4040204C8041260390002111A351
:106C78000121C1807C2102227A2100003470CA20BF
:106C88008100F6E84F2380100D0BFE100018042039
:106C980002407E5808184024A5710016C070A00054
:106CA80050408F0D0290CAC6E4C2E1C4FC1CC8B2B1
:106CB800FC1C88B2FC1C48B2FC1C08B2FC1CC8B105
:106CC800FC1C88B1FC1C48B1FC1C08B1E1C3E1C242
:106CD800E1C1E1C0FC1C88B76A25C010E1C56A257E
:106CE8008010E1C5FC1C08BFCB45F000A001008561
:106CF800A0B800A50415021022850285E078FD09D8
:106D08000180CB46A000E87F008E596138609A5810
:106D1800001EC311008581B800A5A15840D9C34001
:106D2800F0002C0120A02A094FFC05E8008580B856
:106D380000A50958C1C50A244073C1C56B25801038
:106D4800C1C56B25C01004141E34C1C0C1C1C1C265
:106D5800C1C304140434041405340414063404149C
:106D68000734041408340414093404140A340414C9
:106D78000B34C1C4C4C26F243F00E078EEC281580E
:106D88001470A000210008452F27FF046F233F003F
:106D98006F263F04008DE1B842F4CB46F000A00115
:106DA8000086A0B8001E001022860286E078FD0941
:106DB800218030419A086FFC04161210D340A000BD
:106DC800E87FCB47F000200114E802854220C0810B
:106DD800CA206E0002A524871F09BF014270402106
:106DE80080219A580010802004710018022006F0B3
:106DF8000018C32104F002A5A1407C58009581B871
:106E080000B540D800A706A7008681B800A6048769
:106E18000D089F01A158008680B800A62F26FF0400
:106E2800CEC6E07805E80018840F0000E80706E9F8
:106E38000019820F00000B0005EA001A820F0000FB
:106E48000C0006EB001B820F00000B000D0C10005D
:106E5800001C820F00001800B470E07C001D820F37
:106E680000001500E07EE078A81000011470E07FB3
:106E7800CA206100E2C2E6E117F48D7666DD93BCB4
:106E8800C341A100F011001E4273F000480080A128
:106E98000519830243B1188864B10A19040104A9C9
:106EA8000C716458C2C6060F8FFCC2C6E4C3A7C1E2
:106EB8000846345808452E580042C140A14133586D
:106EC80008450FE82F856079A1402508B50010D83E
:106ED8004E85607AA141250830046FD909F04C70BD
:106EE80080C022D96C70404466C607F066D94C70E1
:106EF8006C704044A1406C58C4C7E078F1C008B831
:106F08000A27400198B84A2500025358D1C0E07EAC
:106F18000A274001B5062FF54A250002F1C00035C1
:106F28008C0F804200000A2780014834461208B8B6
:106F38002F2488110F0C341198B80024861F0000E4
:106F4800FCFFAC725358D1C0E07EE078F1C0003548
:106F58008C0F804200000A2780014834461208B886
:106F68002F2488110F0C341198B80024861F0000B4
:106F7800FCFF4A2580025358D1C0E07E0A278001D1
:106F88000A26400145062FF54A25C002F1C0003502
:106F98008C0F804200000A2780014834461208B846
:106FA8002F2488118FB8110C341198B80024861F2B
:106FB8000000FCFFAC725358D1C0E07EF1C0FC1C4D
:106FC80088B7AA084FFA04141E34D1C0E07EE078CE
:106FD800F1C0FC1C88B7620A8FED04141E34D1C0BE
:106FE800E07EE078FC1C88B7E1C0E1C1E1C2E1C302
:106FF800FC1C08B1FC1C48B1FC1C88B1FC1CC8B1C5
:10700800FC1C08B2FC1C48B2FC1C88B2FC1CC8B2B0
:10701800E1C4F1C0FC1C08BF6A208000E1C06A20FE
:10702800C000E1C0AA20900277B80F780F0850007E
:107038008AE8C340A000EC4004F0C340A000084127
:10704800CA0F8FFFC1C06B20C000C1C06B20800079
:10705800C1C00A240070D1C0C1C404140B34041484
:107068000A340414093404140834041407340414C6
:1070780006340414053404140434C1C3C1C2C1C1A4
:10708800C1C004141E346F243F00E078E8C2E1C494
:10709800FC1CC8B2FC1C88B2FC1C48B2FC1C08B220
:1070A800FC1CC8B1FC1C88B1FC1C48B1FC1C08B114
:1070B800E1C3E1C2E1C1E1C0FC1C88B76A25C01088
:1070C800E1C56A258010E1C5FC1C08BFAA20900212
:1070D8004220C108422040092F7C4C739140110C7A
:1070E800B5110F7B482082208022830FB36ACD71AF
:1070F800C340A000744984251F1ECB47F00020011F
:10710800787E1D652F273F006F233F00C9A7418563
:107118002085041D0110001D01102F263F0002408C
:1071280045580A87C478D170EEF3C1C50A24407364
:10713800C1C56B258010C1C56B25C01004141E3451
:10714800C1C0C1C1C1C2C1C304140434041405348C
:1071580004140634041407340414083404140934D9
:1071680004140A3404140B34C1C4C8C26F243F0089
:10717800F0C20845C343A000D34DD340A000A04DA2
:10718800C340A000E04D8A21870D76DA8E70001B7F
:107198004300171803200F188300081840202418EC
:1071A800402040A05D581D08850F0000F813C3401B
:1071B800F000340028D94C7034A8151803006DF07D
:1071C8008925011964D888253E17A278C8D90F7E69
:1071D800D749D141D1770C728A210A0CB20F2FF905
:1071E800CA21C52310435D5808455B5810429608CC
:1071F800AFF716400C2200A0C22585141A25511499
:107208003D278D135F250017852903220270028010
:107218000421912FFF01FCFF6A08AFF720E01478E2
:1072280020E03270CA210D20A140660F2FF92241BB
:1072380010413C278F135B5808455C5817083508E0
:1072480008461FD8A0E53C205403CA262510CA25A5
:1072580025105F2700170421D124002010202608BC
:10726800AFF71640150C30204225011809290100F6
:10727800092E0210484909F042260118092902007E
:10728800092D001020E2DD65104D5148020F2FF93D
:10729800E140042102204040D0C6E0785020C307D6
:1072A80000424128C107210B840FB1421872C34024
:1072B8001300AC793D0B840F807F01002C711906F7
:1072C80020006C703D0B840FB13E1972890B850F3D
:1072D800853F9215C3401300BC791520430008135D
:1072E8000B002348522100009900200002204C0086
:1072F8003D0B810F807F0000410A1300E07F0C7076
:107308000132800F4971CAF27FD917B90430408021
:1073180014002C008D70110B850F80310000E07F68
:10732800013240006D70650020006C700432808F5F
:10733800B14280710C000C002C71A90420006C7003
:107348000432808FCFC2B5F10C0026006C70110595
:1073580020002C71F02641701300B4790032800FA0
:10736800B83F3BAA013040004830CC024834801076
:1073780000308B0F1737D1F70030830F313F807102
:107388000232C3000233C202003280000030810F93
:1073980031334CBB0131810FDDB50EEA00304100BD
:1073A8000131810F8A3855B3003041000131810F16
:1073B80036BB610B003041000131810F2A3EABAA78
:1073C8000030400002320000430C3010003201004F
:1073D800023600700040000007310000402CC11543
:1073E8008C24FE9002330010023300000130800F1D
:1073F800803F00003860E020CA07C37000320000F8
:107408000030800F800D0000E07E0130800F00C04A
:10741800000007310000023200000130800F803F79
:107428000000E07EF81C48B3041CC0370042AD08D9
:10743800830F800000005022FE87C3401300CC79E0
:10744800AC0021002C7154703C012B004A214000F3
:107458000032820F004C00008A25FF19890A830F29
:10746800807F0000532280058D7097BC0020830F19
:107478004A0020FB412C0B12422AC105647C0023E0
:107488008B10B96137BB057C7FDA17BA04238D1FCF
:107498007F0000C07961477C9FBA80217E0001345B
:1074A80082105D0D851F000000C05022FE87F40089
:1074B800220034706C0121004A25001048318100F7
:1074C8000031800F1737D1F70031810F313F8071BC
:1074D8005101200001310D004A250010890A828FD0
:1074E800807F00003D01200001328D00F60A200057
:1074F8004A2300002D0120005220CD070132830FBE
:10750800004000000732C30002260C70350088C214
:10751800C370CFFF305C857814700033CC00003422
:10752800001300308D0F783E269E01358D1FCC3E0E
:1075380013CE00304D030030800F913EEEE901304C
:10754800800F2A3FAAAA0034001048318B0094000B
:107558002C0001304C030032800F003F0000003245
:107568000D00013500133470A8002100003301001C
:107578000033801F1737D1F7013040008100200009
:1075880002350010520B20006C70220B2FF60845B4
:10759800008091085108CB4580FF0000850000005D
:1075A8000032800FAABEABAA0130800F003F000056
:1075B8000032830061093000003300004831810047
:1075C8000031830F17B7D1F70130C3000031800FA6
:1075D800313F8071023381004900200002304D00A4
:1075E800023200034C2100803400210000330100E6
:1075F8000033801F17B7D1F7013100000230800037
:107608000033811F313F80711900200002310D00C5
:10761800023540100D00200002320D0002324D00EC
:10762800A14004141F30E07F08140D34EC1CC8B6C8
:107638000A23003741C542C643C7101CC037E84675
:10764800C84542241C386C249C308B4740C0E1401C
:107658001C1CC031181C8031141C4031101C003116
:1076680043C342C2BA0B200041C106E8C7871500D0
:107678002000A687360A2FF618130F300018C0030B
:10768800A140C1410A24C03610141F3003C702C6E6
:1076980001C5E07F14141B34F01CC8B60A23003758
:1076A80041C542C60C1CC03742241C386C249C308F
:1076B8008B45CB46F07F000041C0A140141C4031EF
:1076C800101C003143C342C247C6181C0130520B7C
:1076D8002000001CC13006E8C78519002000A685D7
:1076E800CA092FF64A2500100018800F0000220052
:1076F800A140C1410A24C0360C141F3002C601C57E
:10770800E07F10141B34E078F41CC8B60A23003755
:1077180041C5081CC03742241C386C249C308B455A
:1077280041C0A140141C4031101C003143C342C267
:107738001C1C0130181C0130E60A2000001C013115
:1077480006E827851900200018150D105E092FF688
:10775800AD702C700018800F00002200A1400A2490
:10776800C03608141F3001C5E07F0C141B34E078C4
:10777800F01CC8B60A23003741C542C60C1CC037E6
:1077880042241C386C249C308B45CB46F87F000083
:1077980041C0A140141C4031101C003143C342C2F7
:1077A80047C6181C01307A0A2000001C413006E840
:1077B800C78519002000A685F2082FF64A25001073
:1077C8000018800F00002100A140C1410A24C036E2
:1077D8000C141F3002C601C5E07F10141B34E0787A
:1077E800EC1CC8B60A23003741C542C643C7101C63
:1077F800C03708476040E60A2000484542241C3844
:107808006C249C3044C0A1408B46D20A200045C15C
:1078180042C0C14043C11C1C803FF07F0000181CBF
:10782800013041C7FA092000001CC13006E806866D
:107838001A0B200027860AF072080FF60018800F2E
:1078480000002200FFD817B80A24C03610141F30D1
:1078580003C702C601C5E07F14141B34EC1CC8B66C
:107868000A23003741C542C643C7101CC037084722
:1078780060406A0A2000484542241C386C249C3029
:1078880044C0A1408B46560A200045C142C0C140B1
:1078980043C11C1C0130181C013041C7820920005B
:1078A800001C013106E80686A20A200027860AF095
:1078B800FA0FCFF50018800F000022004A200000C0
:1078C8000A24C03610141F3003C702C601C5E07F62
:1078D80014141B34EC1CC8B60A23003741C542C631
:1078E80043C7101CC03708476040F20920004845CC
:1078F80042241C386C249C3044C0A1408B46DE09CD
:10790800200045C142C0C14043C11C1C803FF87FD4
:107918000000181C013041C706092000001C413036
:1079280006E80686260A200027860CF07E0FCFF58B
:107938000018800F000021000A20800FC07F00007F
:107948000A24C03610141F3003C702C601C5E07FE1
:1079580014141B34E81C48B341C642C70C1C00343D
:10796800101C4034141CC0376846484761822D0EED
:10797800B2104082304010414A2540102240760A19
:107988002000024108170212D60E20006187A57157
:107998000042ED0DA29320434040604114141F3073
:1079A800101411300C14103002C701C6E07F1814EF
:1079B8000D34E07848432042350B7010208131099E
:1079C800810F803F00002182410BF210013101003C
:1079D80040220C024A23800004140214647100310E
:1079E8000100F90BE2820131810010F01D0BB21089
:1079F8004A23400004120C024023430000310100D6
:107A0800F50BE28201310103E07F2040C341A00071
:107A1800F47F408100A1E07F4040E078C341A000AE
:107A2800F47F208102E90079E07F0C70E07F0C7020
:107A38004A24C002150020006F220A006F220A00A3
:107A48002F2282004A2480022F244090C022650001
:107A5800412C43158C23DF8F6C00210053210185B5
:107A68008E23D08C4E00210094B9CE2324003200FE
:107A780024004E230C08B5E3CA212900CC23EC8747
:107A8800CA204900CA2129002A0029000128C0006B
:107A980000290C030129C1001B0020008578907380
:107AA8003000290001280C030029C1000028C0006B
:107AB800857951220080E07D4E2000803279E07F78
:107AC800C0216600CC202180D1222280C022620001
:107AD80040413B78E07F1C782F230080CA210100B9
:107AE800E120C107C2200100412BC200C37200700F
:107AF80000002F218400412B0C0661BC8C24839F3D
:107B0800E120C507402B0007C521810F007F000039
:107B1800E120C107412A42052F2CC190C224041339
:107B2800C02463108571002B030369BC827A402A44
:107B380042052F2140802F218400412B0C03857999
:107B4800E07F402B0005E0782F2440900224831F1B
:107B580000700000402BC2002F2284000223830FF4
:107B680020000000D373C01F00004028030120003C
:107B78002600412840874578442041000521C180DE
:107B8800E07FC1202200E07F6C2180072F23C40002
:107B98004578412C4C1582240D9AB7F642240C9650
:107BA8005320810522002C002F2000800521C18050
:107BB8002F20840F80FF0000D020A1058C24D19FA6
:107BC800E07FD020A2054E24021097B90129800039
:107BD8002F200480E120C6074E22CC071321010381
:107BE8000521C180D1202180E07FC0206200E0789B
:107BF800CB44E0FF0000142444101424C510B5BC85
:107C08000C240083E00006000C250083D800060041
:107C1800412C4405412D45050025050182258F0F7E
:107C28008C25DF8EC00026000721CC804025470028
:107C380094B9D4B994BBCF27E402402BC302412A9C
:107C48004505402AC282052343011D2084001C20CB
:107C58008C009470CF27E2071D20C4001C20C500AB
:107C680000240C91412500001D2184001C21850061
:107C780000240C91012040811D21C4001C21C50055
:107C8800412601700000000000200081012141010F
:107C980019093F0500240C93422747000120008062
:107CA8000121410000240C93402F0405412FC707F0
:107CB80008000500E07F8071C524C191442045007B
:107CC800C5256200002040814121010015095E059B
:107CD8000024840F100000002F2142802F20040070
:107CE800E07F80712F25C0804126047000000000CD
:107CF800CC2221803C0321002F214090C72465001D
:107D0800CC2021801003010041294695D3B9CF2109
:107D180022055C002200004034700E0001001D00A6
:107D280020002F2A411014704A22C0170C000400AA
:107D38002F2A011040220A1842228A12022686029D
:107D4800C47102268BF2000020000128CB02140027
:107D5800090042220B180028C102150020000C70EF
:107D68000028800200298A0205238112412D4785B7
:107D78005323C804CF2022155A0022004042157010
:107D88000C0001001B0020002F2A011254704A2207
:107D9800C0170E0004002F2A811040220A18422220
:107DA8008A1202278702E47102268BF20000200063
:107DB800012ACB021200090042220B18002AC8022D
:107DC800130020004C70002A820200288A12052322
:107DD80088128C26DF8FEA0101008C27DF8F1402BE
:107DE80021000026C6011D208A001C208B00822647
:107DF800CF0F1D2187001C218C000023CB9141242B
:107E080002101D2007021C200C020023CB91012226
:107E180002031D2107021C210C020022C2814124F9
:107E2800091040290113412A03056579402A0703EF
:107E3800402A0003412B03156578402B0C1355701D
:107E4800C524A210D47020000C000421BE8F20008D
:107E5800000014000100C4712F2142802F200480EB
:107E68002F240413D47062000C00957036000A00A9
:107E78000424BE9FFF7FFFFF0C00020044207E8089
:107E88002200010040204080412101000421BE8FD2
:107E9800200000000E000100C4712F2142802F2015
:107EA80004008C26DF8FFE000A00D4701A000C0034
:107EB8000621810F10000000402E020545792F226F
:107EC80003014579E07E8C26FF82EA000B0002263A
:107ED8008A710000000042224A9084000B0088004A
:107EE80001004C2200982A000B0042220A1805249F
:107EF8000C906D7710000200002B8B128723FF1F58
:107F08000421CC02012980025D0020002C709570AC
:107F18006D771E0002004C220098C223CA120A0084
:107F28000A00002B8B128723FF1F0420CC02022695
:107F38008BF2000020000029CB0214000900402227
:107F48000B180129C002150020002C70012880029E
:107F5800012981020520C0020D0000002F200080A9
:107F68002F214B004420BE801800010044204A0104
:107F780005223E930C000100402080804121010031
:107F88002F2142802F2004002F2142802F2004001F
:107F9800022686010421BE8F10000000C026620060
:107FA80088F18A26DF0FC341100000000507EFFFA4
:107FB8000C70022686012C70F906EFFF0C70D37145
:107FC80010000000CC2021802F210301C521820F41
:107FD800F87F0000C07878F58C27DF8F1400010047
:107FE8002F2103010521810FF07F00000C706CF137
:107FF8000C20809F10000000CC2221802F2103013B
:10800800C521820FF87F0000C521810FF07F000095
:108018000C705AF10C25808FE0FF0000220006004A
:108028000C702C709470C521820F008000004CF1F8
:10803800C72465000C21809FE0FF0000B2F7C34110
:10804800F87F00000C7040F10721810F00800000CC
:108058000D0000000723830F00800000002144006A
:108068000023C5000C244081CC208180100006002C
:108078000844404081422844604181438A24DF1FEC
:10808800402C4C15142444101424C510402C8C107A
:108098000C240083CC250583C6010600412904056C
:1080A800412B050502244601532686020721C700F5
:1080B8004029C10241284C0585794028C002402B3F
:1080C800C302412A4C05857B402AC2029FBB4E262B
:1080D8000C881C002D00012A85018C260180012BAB
:1080E8008501CA252600170020008D70D470002B4A
:1080F8000C03C5250203012B8C01412FC7876200A1
:1081080022009FB90025058001244C90100026000C
:10811800C22466002F2404932F254401412DC082D8
:10812800402C41152578412CC112402C0405E12032
:10813800C60780714C260088CA238500CA222500FC
:108148001323830105238380D3256182D1202180D5
:10815800CA2762000020C081E07F412101000E256E
:10816800058003210C83520023000C70412DC0822E
:10817800402C41152578412CC11242244400402C42
:108188000405E120C60780714C260088CA238500B3
:10819800CA2225001323830105238380CA272200CE
:1081A80004270780D3256182CA2762000020C08186
:1081B800E07F41210100CC252180E120C1072C70FE
:1081C8002F2801039FE01400250004712F28418106
:1081D800CA202408C02063084E20018818002D00FA
:1081E800002C0C10C0E0002D0C00CA24261017002B
:1081F8002000AC701470012D4100C5244210002DE0
:108208000500532481020E2040800424840F0000BE
:10821800000812002200C02061002F2402932F259D
:1082280044014C07E6FFC52406004E2040004E20BE
:1082380001881A002D00012D0500C0E0012C051051
:10824800CA252600150020008D701470002C4110DE
:10825800C5254200012C0C101507EFFF84712F2251
:1082680040904126047000000000520201002F23B4
:10827800C0904126057000000000600201000C2338
:108288008092CC220180CC21C180084214000E00CB
:10829800404041422842604141438842A044414510
:1082A8002F264000412E4685D3B9CF2122055C00F8
:1082B8002200004034700E0001001D0020002F2A0B
:1082C800411014704A22C0170C0004002F2A011014
:1082D80040220A1842228A1202268602C471022605
:1082E8008BF2000020000128CB0214000900422272
:1082F8000B180028C102150020000C70002880020D
:1083080000298A02052381122F27C000412F4785A3
:108318005323C804CF2022155A002200404215706A
:108328000C0001001B0020002F2A011254704A2261
:10833800C0170E0004002F2A811040220A1842227A
:108348008A1202278702E47102268BF200002000BD
:10835800012ACB021200090042220B18002AC80287
:10836800130020004C70002A820200288A1205237C
:1083780088128C26DF8F380301008C27DF8F7E035D
:1083880021000226CB014C23809D022149121801AD
:10839800090042238A9088000100220009002F2248
:1083A80080802F200B1240224A90740001002F2257
:1083B80080806D0020002F200B124C2200986D70D9
:1083C80026002B0042220A180A2180901000020081
:1083D80002268B72000020000028C9120128821290
:1083E8003D0020000D7002268B7200002000002A3C
:1083F800C90202268BF2000020000028CB121400CC
:10840800090040220B180128C212150020000D7027
:10841800012A8202012888120522C2022F20008028
:108428002F214B002F2000802F214B000C2440814E
:108438009E01020000208080012101020421BE8FDC
:108448008000000012000100C4712F2142802F20FB
:108458000480C52165104420BE802E00210035709F
:10846800CB2061812200010040208080C02165006E
:108478000421BE8F800000000E0001002F214280E1
:108488002F200400C4712F2142802F2004002F21A7
:1084980042802F200400D47048000C008C26DF8F07
:1084A80014010A000621810F10000000402E020569
:1084B80045792F2203014579E07E1470B205C2FF89
:1084C800D373008000007C710C00020054707C7132
:1084D800CA2141004040E07E5470A605C2FFE07EFC
:1084E80002268A710000000042224A9082000B0096
:1084F800860001004C22009828000B0042220A182E
:10850800052109906D7712000200002B8B1287233A
:10851800FF1F0421C902012980025F0020002C707E
:1085280035706D771C0002004C220098C223CA12D5
:1085380008000A00002B8B128723FF1F0420C902A2
:1085480002268BF2000020000029CB02120009004D
:1085580040220B180129C002130020002C700128AA
:108568008002012981020520C0020F0000002F208F
:1085780000802F214B004420BE801A0001004420B7
:108588004A0105227E920E00010040208080412190
:1085980001002F2142802F2004002F2142802F200C
:1085A8000400022686010421BE8F10000000C026A8
:1085B80062007AF18A26DF0FC341100000000C70B8
:1085C80072F1022686012C70DD06EFFF0C70022086
:1085D8008080032101020421BE8F400000001E009C
:1085E80002002F2000802F214B0042264600042144
:1085F800BE8F40000000440001004420BE803C00C3
:10860800210044207E801400020035702C000200F6
:1086180044203E8124000100402080804121010047
:108628000421BE8F80000000C02662000C000100FB
:108638002F2142802F2004002F2142802F20040068
:108648002F2142802F200400D371100000004A0619
:10865800CAFF34700C0001002F2A410019000000E5
:1086680014700A000C002F2A0100C0222908ABF35D
:10867800CA22EB076ABA02268BF000002000012804
:10868800CB021400090042220B080028C102150081
:1086980020000C70002981000521C10200288000FB
:1086A800022686803C06CCFFFD05CFFFD371100063
:1086B8000000CC2021802F21030102780E00010048
:1086C8000521810FF87F0000E07E8C27DF8F2200D4
:1086D80002000C20809F10000000CC2221800C009A
:1086E80001002F214301EEF10C244081EAF5052118
:1086F800810FF07F00000C70E07E60414040E07E1A
:10870800E4C24831010007364C704847000008456C
:108718000990C343833A6F12CD704830000000348B
:1087280000100030C10004318083C5F63FD818B866
:1087380004F0C34000BF000001310000308D483014
:10874800C002107A8BE248310100CA20A602003428
:10875800411010784820C0000CB5A60AEFF7003188
:10876800C00004308083C5F63FD918B904F0C3416E
:1087780000BF0000013040004830C00205A5C4C653
:10878800EAC382240D345041084594C08A220C0063
:108798003A0C6FED2846008540248330402404328B
:1087A80054248539402406314024C730C14122422F
:1087B8004608AFF4021C433202C704EFE140CAC7BF
:1087C80003148E305625101D2C70ED70F8E9021434
:1087D8008130CF78E90924800477A908550225203B
:1087E80000000AF013F01AF01EF026F02EF038F010
:1087F8003CF042F094C081C1260B6FF883C283C15C
:1088080040DACA0B6FED02403CF094C04608EFF81E
:1088180081C1781D181036F094C0460DAFF081C1A3
:1088280001A530F094C02E08EFF881C10030000097
:1088380004A528F094C01E08EFF881C1003001009B
:10884800891D181025A51EF094C00A08EFF881C1EB
:10885800003001008A1D181026A514F094C0F60FE8
:10886800AFF881C107A50EF094C0F20EAFF781C131
:1088780010B508F094C0DE0FAFF881C18B1D181039
:1088880001C08A213E063270CA274D103C210120C2
:108898003D2100201E669CF1ECC3A7C10A210021DE
:1088A80070405042284608451E0B200055208F096D
:1088B8002285260AEFFB03854A24C07041681420EC
:1088C80001000C700C1D8010A8200002024E152516
:1088D8004310047124714BA3760C2000A1400019A9
:1088E8000020A1408A0D2000C1410041A140B60DE1
:1088F800200030410041A1403A0C20002242CD70B6
:108908000018822336E821870287408744C145C082
:108918005625801A83C146C68A0B2FEF43C200181A
:108928004320B8170210BC170110C01700104A24C2
:10893800C0703FDB40C218BB80C241C1081C003078
:10894800A82000042082604004318083CF20EC07F7
:10895800013100004830C00248308000041A10007D
:1089680002C201C100C045A724A703A700108E209A
:10897800A140C141D20A20000A2240044A24C07002
:108988005525401AA820800104100104041A50201B
:10899800008848300000001A0020CCC7E8C3B2C1E4
:1089A8000846008060444024C330402405314024F8
:1089B800863048470A2540109A0E6FF4031C43324C
:1089C800021480305626101D031481300F788F0949
:1089D800240004777B0855022520000009F015F0D3
:1089E80016F01DF01FF022F023F025F02AF082C0C7
:1089F80040DADA096FED024182C081C3A1413E0924
:108A08006FF8E14225F0781600161EF0018681C342
:108A1800A1416A0BAFF0E1421BF004862F30000041
:108A280012F08916001610F08A1600160CF0078648
:108A38000AF0109681C3A141360DAFF7E14209F063
:108A48008B16001681C3A141260EAFF8E14202142D
:108A580080300471021C0230B8F101C041280102C3
:108A680000AD21ADC8C7E078E8C3A1C15040284592
:108A78002C7010DA60408846960F2FFB6847B57057
:108A8800AD701BF44A240071C34213006C5E0C7075
:108A9800A82080020412030480C11C6104713823D9
:108AA800010420AC9E0AAFF680C007E8AD72011F32
:108AB8000311001F4310A0A6C8C7E078F2C3B2C1D3
:108AC8001045008060444024C330402405314024D0
:108AD800863048450A2440207A0D6FF4031CC332BF
:108AE8000214803056250E2B55254F2A5525D0289F
:108AF800552591295525132D4025122B0314813016
:108B08000F78AF09240004779B08D50225200000C0
:108B18000BF00EF018F01AF020F023F028F02BF0EC
:108B280030F037F038F081C3E1401DF082C040DA00
:108B38009A086FEDC14182C081C38241FE0F2FF8B0
:108B4800A14231F0BE402AF0B015802081C3824195
:108B58000A0F2FF6A14227F081C3024003F081C318
:108B680022408241760FAFF8A1421DF0281500205F
:108B780014F081C3424082412E0EEFF8A14213F057
:108B880081C3624082418E0EEFF9A1420BF0CC15F1
:108B9800002004F05315002681C38241DE09AFF09E
:108BA800A142021480300471021C0230A8F101C0F5
:108BB80041280102001C0220011C4220D2C7E07893
:108BC8009D058003E8C3B4C11040B11080003AE8A5
:108BD80055204D2A2C8D2F097000B1180320C34051
:108BE8001300005F0B0990000909D00014F010E091
:108BF800820D2FF884C15620002B84C1CE0F2FED93
:108C080040DA408521850285AC1D8010B01D4010DA
:108C1800B41D00105620012B84C040DAAE0F2FED92
:108C280084C54A24007180C0A8208001141501144D
:108C3800041850005520402B80C1920F2FED10DAF8
:108C4800C8C7E078E4C3A7C1084532E9B0EA4A24B6
:108C5800C0702C70A820800315254010A4100C00AB
:108C68009810030084C2357A02330003247100A2ED
:108C780056096FFB84C0B015811037099400322162
:108C8800830F1300FB5E0130820FFAC400006A7B79
:108C9800003080000130810F74490024483380007F
:108CA80004310080C5F6A60DA003A140C4C756250F
:108CB800001B80C12609600480C64A24007155251E
:108CC800411B2042A820C00260820416001404330D
:108CD8000080CA20C500041A100080C010DAEE0E09
:108CE8002FED80C6001400304A24C070A82000026E
:108CF8000416011204310080CA2049000430808F14
:108D0800C9369C5344F7B01DC310C4C70430808FC4
:108D18003837A48C44F7B01D8310C4C70430808F43
:108D2800D338F6CF6F200B00B01D0210C4C7E0780F
:108D3800F1C000430C7009E987EA5523400C8A0EFC
:108D4800EFEE55238109D1C0E07EE078ECC3ACC1D9
:108D580008470B8042872C8743C00D877FDC17BCF0
:108D680045C0096A48328800504048308B00310AB3
:108D7800B20044C14027021E4A2180004A24C07024
:108D880040240033A8204002A080041203040133C9
:108D980043030418D00012712471B2F60734081284
:108DA8004A24C0704A2100000734D112A820400488
:108DB80083C3357B008315274C104B84003000108B
:108DC80089C502320200357D247100A340A589C0FF
:108DD80080C1D20A6FFB80C66108B2204A25801084
:108DE8004A24C070142540134B680C70A8208003D7
:108DF80083C11527831001498B8389C3157B0234EE
:108E080041100471447120A389C086C1960A6FFB82
:108E1800402412364A24C07040240030A820400262
:108E28004080041201240131810004185000127599
:108E3800B007EBFF40254D104A24C070A820C001A0
:108E4800008600310B20041ED01201C100C000C2F0
:108E580001C302C4013040008C1F8010901FC01055
:108E68000130C002941F0013CCC7E078E2C3A3C14D
:108E78002042084580C12E0A6FFB404001C100C056
:108E880002C2013040002585013082000C71043295
:108E9800408047F7268504324080C3F60C70C2C76D
:108EA800E6C3AAC184804A24C070084528475520D3
:108EB800CE080C70A820400304160314402441393E
:108EC8001A610433008304716F210B0020AA520A2F
:108ED800AFF5402440399D0F1110990830000C70EF
:108EE80049852A8550712471CA218A008309A20004
:108EF8002AA55C4D83C1B60F6FF683C7081500100D
:108F08004A24C07048308100A820C001008707307B
:108F18004000041F10104A24C0702C70A820800341
:108F28001525401083C298100C00234A86C2357A52
:108F380002330003247100A286C06A08AFF780C11B
:108F480001C100C0478502C3013040000032810FD3
:108F5800404000000130C000043100800C7049F727
:108F680003C304C205C10C7160A641A622A6C6C7E8
:108F78000C70281D0110C6C7F6C38224103D50444A
:108F880008450024803F000034018A220C003E0C72
:108F98002FED284600854024833340240435562489
:108FA8008539402406344024C733C14182424A08E7
:108FB8006FF40E1CC332141411300F0930205525DC
:108FC800101B2240D6C70F148F3055254E1A562530
:108FD800151B5525D218552593195525171D4025BC
:108FE800161B2E704A200000EDE80E148130EF7831
:108FF800D309248004778AE04E010D002520000063
:109008000BF028F032F03BF043F055F065F06EF0CD
:109018007AF088F090F00024803F0000340184C189
:109028009E0AAFF880C200C301C202C1C3407A449D
:10903800000060A641A622A6AC1800204086218622
:109048000286541D9810551D5810561D18107DF095
:109058000024803F0000340184C1C60A2FF886C26C
:1090680086C140DAA2405BF00024803F0000340152
:10907800EE0C6FF084C103A567F00024803F000068
:109088003401CE092FF684C1001802205DF00024B7
:10909800803F0000340184C1260AAFF880C200C2B4
:1090A80001C102C0001A8020041A4020081A0020BA
:1090B8004BF00024803F0000340184C1020AAFF85D
:1090C80080C200C201C102C0001B8020041B4020D6
:1090D800081B002039F00024803F00003401820C76
:1090E8006FF084C10AA531F00024803F00003401EC
:1090F80084C19A08EFF85524023D5524013D60DAF1
:10910800C2400DF00024803F0000340184C1EA0809
:10911800EFF996C296C178DAE240B20A0FED15F07F
:109128000024803F00003401360C6FF084C11C1805
:1091380000200BF00024803F00003401220C6FF067
:1091480084C19C18002004C08A213E069270CA215E
:109158004D202C713C24002006793F6746F1E078C9
:10916800E1C54831010007364B70484700002180AF
:10917800CB45833A6F123FDC0D704831810018BC33
:109188000033411000314203814104320082CF2173
:10919800EC077090013241004831C20248330100A7
:1091A80000334110492203020031420348230101E0
:1091B8000432008222A003F69FBC01320103483129
:1091C800C102492141064821010129A0C2C4E07811
:1091D800E1C54A24C07047DDC341DC44304E18BDA8
:1091E800CB44A3420BD7C343D33E98DDC3423B4A8B
:1091F800C1BF26A0004135180302ACA08BA06AA00D
:109208001C188000A8200001041911004A24C0700D
:10921800A8200001041911003418030020180300C5
:10922800C2C4E078EAC3A7C14A24C070684048466F
:10923800284308450C7084C4A820C002024DF023BE
:1092480001101524031004710231810020A34985FF
:109258004A24C07081C381C0A820000204140114EC
:1092680000324100041850004A24C0700A2040030C
:10927800A820400240800413010401318100041831
:10928800500009854A24C0702D7002360670803F50
:1092980000000C70A820400481C284C315220C0071
:1092A800034BE0841525011023810037C310047196
:1092B8000131C10020A44A24C0700C70A82080028B
:1092C800014A152503100471003641000C1B4000AB
:1092D8004A24C070A820400215254012038015209A
:1092E8004112257100A184C16140BA0C6FF784C78F
:1092F8008C854A24C0700C70A820800304170314BE
:109308002C7040244230043300831A620471CA214D
:10931800690020AA8E0F6FF54024403067854A24E3
:10932800C07010404A200000A820C0031525021074
:10933800E3822C7040244C300437C0901A640471C6
:10934800CA216A0020AA5E0F6FF540244030668566
:109358004A24C07008470C70A82000041525021084
:109368000C120B002C7040244C300433C0901A644B
:109378000471CA21690020AA2A0F6FF540244030E1
:1093880004E8341D03100FF03415801035158110D2
:1093980004710F7A0B098500341D421003F0341D47
:1093A800021084C1A14079270F10FA0B6FF74024EF
:1093B80011348B854A24C0704A200000A8208003FD
:1093C800041103242C7040244230043300831A62B1
:1093D8000471CA21690020AACA0E6FF540244030E2
:1093E80013E882BF502740101670CF20620000AEED
:1093F800201581100F7A110A4000201D0210008EDE
:1094080087B800AECAC7DF0811A03515801034151B
:109418008110D5090580E7F14A24C0700A210000AF
:10942800A8200001041911004A24C070A8200001D6
:109438000419110034180300E07F20180300E078B5
:10944800C340A0007C7E00802C704C7075032FFDFB
:109458006C70E078E2C2CB45A000587E2185C340FD
:10946800A000886E008024778A086FFD21A5001D62
:109478000310C2C6E4C2CB45A00068B2084658250E
:10948800C3190CD81CD98C70BA092FFDA142C3414D
:10949800A000607E00A15625851A5725861AC3406C
:1094A8001200CC92C341130087788A2218008A24BC
:1094B8004200A60EAFFEC143C341A000886E00A1C2
:1094C800C4C6E078E4C3A1C180C20C702C774A08F6
:1094D8006FFD6C7714E8CB45A0007C7E00852C706E
:1094E8004C7786092FFD6C707AE8C341A000587E3E
:1094F800008908E800C6001903000BF0CD7009F0D8
:1095080000852C704C706C70BA0A2FFDCD70C1406C
:10951800C4C7E0785021C307170B23006C218107CB
:109528000021818F008000006C770122C28025789D
:10953800E07F4041E4C3A1C10A25801FA000307E1E
:10954800860FCFFF7EE8B4D9C340F0004B00C3427A
:10955800A00048AC20A8008A05E80182047101A295
:10956800F0F12C724C706C70A140DB59D60EEFFFF5
:1095780008461C8DCD089E80031C0330021C8233D4
:10958800011C03323B580042204340244130FED89E
:10959800520F6FFB8C70D6F1F81CC8B709E822810E
:1095A800208161C1AE0D6FFB81C10C7002F023D820
:1095B80008141F34E07EE078F81CC8B708E83A8041
:1095C80061C1920D6FFB81C10C7003F023D80814A0
:1095D8001F34E07EF1C062080000D1C0E07F0C704B
:1095E800E1C54A240077CB45A0007CAC2C70CB4465
:1095F800A00014AFA82000045A210006C3430601A6
:10960800FF0024711A6562A2402403167860041AC8
:10961800C10200A24A2480710A200003A820000188
:10962800041811000C1CC110141C41100C70041CEF
:109638008110C2C4C343A00048AC008B08E8028371
:1096480024834168016942A3E07F04A3248308E9D5
:1096580003830908450023A3101B0100050000002F
:10966800F6C382240238CB47A000307E28870287C1
:109678006987438700210180CD70AE700E70CE706F
:109688000122C080D344A000DCAB4BC64AC649C601
:1096980022A703A75A2503270024CD200585147087
:1096A800104258F2038522878485438708150B10DA
:1096B8000415081002210980032200833C210812A6
:1096C8003C20CC027170CA240112957042F4988D26
:1096D8003223130540240023786023A541A088EC99
:1096E800A20B20064240147018AD34F2501201202B
:1096F80042406079181CC23480121120781201206F
:10970800CF7A89C3557B47C0001B4004141C4034E2
:109718002F273F036F233F000081618122812F267D
:109728003F0343C142C35F2201065F22030341C0D6
:1097380096C08DC219617A62B609AFEE81C00D0E6E
:1097480010200587090B01205021D027C571CE7143
:10975800A671B6734007C5FF0687150822040220C4
:1097680000040D08830F00000019D6C72F26879321
:10977800181F0014FBF3AD705C8F5A25001696C1B4
:1097880019612D0A3E00041900041089228189C23A
:1097980010178610F0224703628141812081AC7046
:1097A8000A2400040E08EFFA001C0130A571CD0D43
:1097B8008493108F96C22C71047110AFE140C1439D
:1097C800301C0137DB591470BA002B000845CFF55F
:1097D800552491298CC2E1402241DD592E41104384
:1097E800422155003B58104730464E70CD70AD7041
:1097F8000CC0650A05205A221026002400249C105B
:109808000B002D0B6015A8100C01FEE407F47EDC9C
:109818000A25C022EA46CA450AF06140E241FA0C2C
:10982800EFFFC242084628450A25C022CA08AFF8F9
:109838009D7810E875800EEB4B802A80A77AC7794F
:109848000521BE8006F200204124CAA0607BABA09F
:109858004671D0F1290B50203C8F25091E00231C8E
:109868000230221CC234211CC3313B580042204321
:1098780040244138FED86E0C6FFB8C70590BD0A079
:1098880075F1960A6FFB51D8B379C340F0004C00CC
:1098980020B0D6C7F4C2960D4FF8060C6FF81042E8
:1098A80010432E70CB46A00030ACCE70ED70AE7079
:1098B8004A240020A1860C70081610140435809FD5
:1098C8007F4700FFCA206B0004354094CA258E1FCD
:1098D800803F0000147049083020CA252110043543
:1098E80040943C002E00024042413A0D6FF862421B
:1098F80013E82A0CCFF704354095CE710AF610F418
:10990800C340A00014AFE148F0200004110903008F
:10991800B1450A4704F0020A6FFB54D88671990CC6
:10992800D4A0CB45A000307E0B0E1120181DC11FFE
:10993800D4C65E0E00051EE8E20BCFF70585F508D4
:10994800C083EA0C4FF85A0B6FF808460042E14012
:10995800D20C6FF8C14108460EE8360E00050AE839
:10996800278004E90019010000A6E5A5C7A0D4C610
:1099780056D803F054D8A2094FFBD4C6EAC2A08037
:1099880008463041081843004F0D10103608AFF94B
:10999800A14021E80E0F6FF8A14032088FF91BE8AB
:1099A8001D953C95E1682D0F44101585ED70001E3E
:1099B8004170A00034411040081D43100AE80A868F
:1099C80022410AA50B860BA523200004A140E8AD7F
:1099D800FDB5A085DCED0C70081E0310CAC6E07842
:1099E800FAC23046460C6FF81841B60A6FF81840AC
:1099F8001047CD70BD0E30206E770E70ED77AE70CB
:109A08002E70D344A000DCAB162112344E405A20ED
:109A18000D27043080838275C4A564002C00C3A57B
:109A28000430808F7F4700FF54000600073600701F
:109A38006E4E286BF608CFEC00423C2588203C216E
:109A48004C200C2140A0CA24011295703C22CB0462
:109A58003C21C303CA214220CA25822030774640D0
:109A6800CA23C102747022A541A53C77CA2382206B
:109A78000341E242AE0B6FF800A504F00C70D8ADBC
:109A880006718908A4A505A50A248075A8200004E4
:109A98005A2600178270258009E9418022800E220B
:109AA8004285032141A043A024A0C571AA4604F021
:109AB800ED772E700226C294C341A000307E0321A8
:109AC800C0A32019C004E9A142A103A1DAC6E07825
:109AD800F4C382240C3F504270402845084607EAE8
:109AE8002C70A1402A0FAFFA42424A24C073FED913
:109AF80000268F1F000082030C7422AD2E7181C2D4
:109B08004A214000001C0131A8204001011A5200DE
:109B18002471190830204C20C0A32E012D00041CEC
:109B28000234031D021406F04A21C023031D03104A
:109B3800D143542615195426961B0E70402414310F
:109B48008023072D011480240477EF08D5032520EE
:109B5800000010F01CF02EF039F04DF04DF04FF0F1
:109B68004FF052F058F05BF05BF05DF05DF05FF0A5
:109B78005624403D14DA5608EFECA2415624403DE5
:109B880080C3A1414A0EE004424257F00024803FBE
:109B98000000940114DA3608EFECC2410024803F3B
:109BA8000000940180C3A14112082005424245F0FB
:109BB80085C08A2206001608EFEC624185C080C382
:109BC800A1417E082005424237F070168210002419
:109BD800813F0000BC017E09A004DF1600160024A6
:109BE800803F0000BC0180C3A141520920054242C8
:109BF80023F00A860AF00B8608F00C8606F0DD16BC
:109C0800001604F0DE16001680C3A141520B200591
:109C1800424213F0FF1780900AF0008F08F0018F7E
:109C280006F0028F04F0038F02F0048F80C3A14175
:109C3800CE0B2005424206710D0844A400C04128FD
:109C4800010200AD21ADD4C7EEC3A1C150426846A0
:109C58002845104006EA2C70A140B60DAFFA4242E2
:109C6800FED9001C013122AD07EE530EF5100C741D
:109C7800C3AD6E7105F06E72CD71031D03108A219C
:109C88000E20ED71190EB01080C3210E711080C323
:109C9800424202409E0D2005A14108F03220402496
:109CA800A1415E0B200542427277CD72ED72ACF78E
:109CB80000C04128010200AD21ADCEC7E8C2484628
:109CC80028472C7010DA60400A200021420DAFFAB4
:109CD80068450C7036EF296E2109F5004226411EB1
:109CE800041D8312031D0311021DC310011D8310DF
:109CF800001D43100C7526F04909D50225204000A7
:109D08000BF00EF00FF012F01CF01CF01AF017F028
:109D18000FF018F010F0001DC31113F0001D83128E
:109D28000FF0001DC3120DF0001D031309F0001DF4
:109D3800831307F0001DC31303F0001D43130C71B8
:109D480000180020C8C6E078E2C2CA0D2003084502
:109D58004A2440712C70A140A820400121A0081875
:109D6800110080250E10001D0310C2C66902C00430
:109D7800E8C382240E3310408BC08A220D084E0E91
:109D8800AFEC2845028D8C20838F8A203E070AF489
:109D9800238DCD7107E98A20FE060F09F400ED71C5
:109DA800C8C7ED722C710A4580250E10001C0131C0
:109DB8002309B0008BC02D78230871008BC080C1A7
:109DC800720F200581C281C128DA020EAFEC024071
:109DD80005F0560C200580C100ADF1762C72CD72CD
:109DE800A8F70C70C8C7E078E6C03FDA18BAC341D4
:109DF8004C3FCDCCCB45CC3DCDCCCB4448420000EC
:109E0800C343F93B6C098A231010CB46833A6F127F
:109E1800CB47F449002448A027A0B8B997BA0C1832
:109E28004300A6A085A079A02418C402C2A0E1A07E
:109E380038A044A0C6C4E078E6C208457A0B6000A2
:109E480055200E094A24C0707FDA17BA0C706C715D
:109E58005525411C4AA609A608A607A60AA50BA5CA
:109E68000CA50DA5301EC21074AE4EA5A820000189
:109E780004191100A141CB441300205F8021090A75
:109E880006A6801E181044A603A602A601A6C34271
:109E98004940DB0F7C1E181014A90184771E981006
:109EA8007A1E9810791E9810781E981060A9408420
:109EB8002284CB47A33B0AD7CB432B3C40EB7E1EE7
:109EC8001810A14060AEFFA5811ED8127D1E981003
:109ED800920FA0007F1E5810C6C6E078FAC38224ED
:109EE800033804150C006D700A2240210434C09216
:109EF8000A21C0210A2680210A20003170435841D6
:109F08000846C5F63FD818B804F0C34000BF0000A3
:109F180047140F364A24C07001340D100026901FD4
:109F280000002D015524403DA820800204110204A0
:109F38000032820F833A6F12041890005524413D75
:109F48005524823CC1404E09EFEE5524943C4835D7
:109F5800C0121D785524443D5524C53B4420430078
:109F6800C140624103425524CD3B42082FEF704562
:109F78004A24C0704A200000A8208003014DF02424
:109F880003205524023B00318105157A0133410035
:109F9800047120A261864986284E5524013B552428
:109FA800043A3E0E2FF310465524013A10DA1E0CDF
:109FB800AFECC2405524013AE20C2FF3C2405524BD
:109FC800013A10DA060CAFECC2403C86C1406A0A7E
:109FD800EFEEA24200108120990930001045EE7082
:109FE8008A25021140241430B96610DADE0BAFEC72
:109FF8008240E67140241424F10F74A210E510DAAF
:10A008008240CA0BAFECC241EE704024143074DDBC
:10A01800B86610DAB60BAFEC8241E67110E5F50FC1
:10A02800B4A240241424E71080A00D08B5020471DE
:10A03800E71802A03D0831305524433D56402F31E2
:10A04800400655244D3D2F320000EE08EFEEC1408A
:10A058004A24C0705626C118A8208002041500148E
:10A068000030800F6A44FBAE041910007E4000A146
:10A078004A2400710A204004A82080010416012403
:10A088000418500000184005FF1080A00FE80C705D
:10A0980004310080160006004A240071A820C0017F
:10A0A80026405220C00704191020001080200DE817
:10A0B8004A2400715626C018A82080010410010403
:10A0C800041F5010DAC70C7003A702A701A700A746
:10A0D800DAC7E078E4C081816381C281A08100335E
:10A0E8000C034A24C0700035831302330303013381
:10A0F800C30060A280816381C281A18100330C0307
:10A1080000358313013303030133C30061A2608167
:10A118008381A1810033CB000034031322810035F1
:10A128004C130233C30200314100023303030133ED
:10A13800410022A2A82040026082041001040231DA
:10A14800C100041A5000C4C4E8C382240C3450402F
:10A15800084784C08A220C00720AAFEC28450087A1
:10A1680040248330402404324024053340240631FF
:10A178004024C730A14102427E0EAFF3021C833255
:10A1880002C504EDA140C8C703148E30AD700C7031
:10A19800FAE802148030CF79ED08648084C281C364
:10A1A800FE0E2000E14001C08A213E061270CA2539
:10A1B8004D102C713C20002006793E66EAF1E078CB
:10A1C800F4C3B0C14A24C0700A2080210A210021AA
:10A1D800704348400845CD704024063D4024093A64
:10A1E8004A200000A82000050349F0200B1015267E
:10A1F800020000338C0F833A6F120033831F7A3DBD
:10A20800000015210F10047180A260A75A85C34170
:10A21800C842000004324080A60026004A2240209E
:10A228004A24C070A8200002041100140030000065
:10A2380001360E100436809FA040000018F64A240C
:10A24800C070CD708DC46C70A82000020414001476
:10A25800003000000133030098850133800F80BF70
:10A268000000043000835C002C00ED717A0FEFF7DA
:10A278000731800024853FDA6C7007364C70233C28
:10A288000AD718BA0430C0804041CA218C0F00BFD9
:10A298000000013041004831CF020034801F74496A
:10A2A80000240430C080CA228C0F00BF00002F2673
:10A2B800C7F347F2013080004830CE0202F0ED715A
:10A2C8004025141B422240200F79CC798AC24024B1
:10A2D8000537002144048DC1A14062434024153A4A
:10A2E800CE0A2000402416374A24C070402400308B
:10A2F800A8208002041602240415012401318100DB
:10A308000418500080C183C27A0F2000A14083C185
:10A3180010DABA08AFEC82401B0B31208DC080C226
:10A32800B60DEFFF824100C201C102C053A534A59A
:10A3380015A54671EF792F2087048D0905804A24D9
:10A3480000715C4D0A210004A82080010410020459
:10A358000419900000884830000000A10C8D0FE817
:10A368000C70043200804BF74A240071A820C00109
:10A3780006405220C00704181020D4C7E6C3A2C163
:10A388000846008060444024C330402405314024FE
:10A39800863048470A254010BA0CAFF3031C8332B5
:10A3A80002148030031481300F787909240004776F
:10A3B80065089502252000000AF00CF00CF00EF05C
:10A3C8000EF010F016F01EF01EF020F00C8E0CF0BF
:10A3D80005861DF006861BF0078619F0088617F01B
:10A3E8002416801081C3A1419E0AAFFAE14214F0FD
:10A3F8002516801081C3A141620E6FF5E1420CF071
:10A40800188605F0198603F0048681C3A141620C01
:10A41800EFF7E142021480300471021C0230C4F1EB
:10A4280001C04128010200AD21ADC6C7E8C3A2C1E1
:10A43800484728452C7010DA60400A200021D20DC8
:10A448006FFA68462C70C34213002C5F510D101030
:10A458004A24C070A820C0020412030440244030DB
:10A468003C6024713823C00300AC0A0E2FF7402447
:10A4780040302CE809DD081E4312071E0312061E91
:10A48800C311051E8311041E4311031E0311021E6E
:10A49800C310011E8310001E431019F04A240071D6
:10A4A80040220203A82080020412030481C03C60F9
:10A4B80024713823C00300AC8A08EFF581C017E87F
:10A4C800AD71001EC31014F0AD70AA0E6FF7782797
:10A4D800001C06E8B866A57100188301110F711EEB
:10A4E800BE66A571001E831202F0AD7000184023ED
:10A4F800C8C7E078ECC3A2C1084600806044402485
:10A50800C330402405314024863048470A2540108E
:10A51800420BAFF3031C8331021480305426111808
:10A52800542692194026101B031481300F787509A0
:10A5380024000477610895012520000006F00DF03D
:10A5480012F01AF01BF022F081C30240A141120A56
:10A55800EFFAE14220F00A8681C3A1411E08EFEF1D
:10A56800E1421AF03D16801081C3A1411A09AFFAE1
:10A57800E14212F081C3224003F081C34240A1416D
:10A588005A0DEFF7E14208F01A8681C3A141E20AA9
:10A59800EFF7E142021480300471021C0230C6F168
:10A5A80001C04128010200AD21ADCCC7EAC3BEC13C
:10A5B800A84708460C7002A701A700A78A86304161
:10A5C800CB458244553502240103848648318B00EB
:10A5D80021860034CC12281E001104344090CA2170
:10A5E800050304314083CA254910B6A602EBCAC741
:10A5F8004A24C070A820000204120104003141005E
:10A608000130400028860430408019F64A24C07082
:10A618000E7022414A220000A82000020411000402
:10A62800003000000132020038860132800F80BFFE
:10A6380000000430408094010C00241680101C1681
:10A64800101004E85C1E03104A24C070AD7097C453
:10A658004A200000A820C003152601105381F021CC
:10A66800012000308320152402100231C10004713A
:10A6780020A23D1680104026101B3CE897C180C2DE
:10A6880002407A0EEFF23D1E42138E0D6FF480C029
:10A6980002C680C0820D6FF442C57FD817B8013654
:10A6A80001105020C20502308003003181000030C3
:10A6B80080002F33400001C145C52F32000000C083
:10A6C8005220C00746C3003181000032000043C158
:10A6D80044C083C09AC25A0DEFF202419AC0BE0D1F
:10A6E800EFF283C183C110DAE20C6FEC0240CAC7F3
:10A6F8009AC010DAD60C6FEC02419AC06A0AEFF2DF
:10A7080083C183C07A0AEFF28AC197C08AC18DC219
:10A71800C20A2FF74024103D86864A24C07054266A
:10A728000D18A141A82080030410002456866081DA
:10A7380000340010003080000133000004191000BC
:10A748004085028521854A24C07047C249C040C25D
:10A7580042C00E7080C287C30C7048C1041C4030D0
:10A76800A820800204120C04041301040031010320
:10A77800013040000430808F233C0AD724000C00AD
:10A78800A60FCFF84A24C070A820000300150110B6
:10A79800003041000031810FCC3DCDCC041D50105C
:10A7A8004A24C070A82040048DC04586F0200004CB
:10A7B80015260114308100320000152703140130DA
:10A7C8004000067100A315F12416801014703EF3A2
:10A7D800DC4E9AC0F60B6FEC10DA9AC08A09EFF2D9
:10A7E80093C193C09A09EFF290C190C18DC22240E3
:10A7F800E2092FF78DC55C168010251681100F0809
:10A80800650004715C1E021020F14A24C0700E70AD
:10A818004A210000A820000204150014003000009E
:10A828000131010064160010043100801C06ECFFA1
:10A838004A24C070542680193D1E4310A8200001E8
:10A848000418110002F1E078C9000003E6C03FDAFD
:10A8580018BAC3414C3FCDCCCB45CC3DCDCCCB4435
:10A8680048420000C343F93B6C098A231010CB46C9
:10A87800833A6F12CB47F449002448A027A0B8B9FF
:10A8880097BA0C184300A6A085A079A02418C40282
:10A89800C2A0E1A038A044A0C6C4E078E2C22477F0
:10A8A8002909B5020845252040000BF00FF015F0E6
:10A8B80019F01FF023F02AF02FF03BF033F040405E
:10A8C800BA0D6FFA60410CADC2C64040860FAFF7B3
:10A8D800604105A5C2C640407A0FAFF7604106A5A2
:10A8E800C2C640406E0FAFF7604107A5C2C64040E0
:10A8F800620FAFF7604108A5C2C640407E0D6FFAEF
:10A908006041241D0210C2C6404046096FF56041EF
:10A91800251D0210C2C640403A0FAFF7604118A586
:10A92800C2C640402E0FAFF7604104A5C2C64040E2
:10A93800220FAFF7604119A5C2C6E078E8C38224A8
:10A948000C345040084784C08A220C007E0A6FEC01
:10A9580028450087402483304024043240240533AE
:10A96800402406314024C730A14102428A0E6FF3C9
:10A97800021C833102C504EDA140C8C703148E3000
:10A98800AD700C70FAE802148030CF79ED0864805D
:10A9980084C281C362082000E14001C08A213E06CA
:10A9A8001270CA254D102C713C20002006793E6695
:10A9B800EAF1E0784A24C0707FD917B96C70542046
:10A9C80002083C1843002EA06DA06CA06BA06AA0E2
:10A9D800A8200001041A11004A24C070A820000110
:10A9E800041A1100C341C84200005C18C200E07F8D
:10A9F8003AA0E078E2C3A4C1896940412B0CB511A3
:10AA080008452520000307F010F016F01BF027F08A
:10AA180031F080C220402E0DAFFA60415C4D80C1FC
:10AA2800AA096FEC10DAC2C72040360BAFEF6041BD
:10AA38000AA5C2C72040460C6FFA60413D1D0210AE
:10AA4800C2C780C220407A08EFF7604100C201C146
:10AA580002C050A531A512A5C2C780C22040620815
:10AA6800EFF7604100C201C102C053A534A515A586
:10AA7800C2C72040DE0DAFF760411AA5C2C7E07813
:10AA8800E2C3A4C14845628056802CE0520BEFF225
:10AA9800A14480C010DA36096FECA14180C0FE09DC
:10AAA800EFF2A141C2C7E078483101000736417092
:10AAB800484700003D18430007364270F449002417
:10AAC8003AA0E07F41A0E07808446C704A2000007A
:10AAD800624C043240804C70CA206900E120C907EA
:10AAE800CA226C005B63ED0B1481E07EE4C07A102F
:10AAF8008C007FDD5021FE8717BD084648340C10B6
:10AB0800CA2141030434C0908026091A0BF7EC10BF
:10AB18008C0089EC56204C08808CDD0C30104833B2
:10AB2800C302608E05EBC3434940DB0F53F0C010EE
:10AB3800830011EB5022FE875C754835C212152040
:10AB48008200A4100306A01202060132C200A41853
:10AB58009800548E0DEAEC10820086EA56204208CE
:10AB6800408A07EAC342B23DC2B8A01898004831EB
:10AB7800C1022477483181000031810F32BEC2B84A
:10AB88009B1002060131810FB23EC2B8A0100B061D
:10AB980001318100A51008060131C1029D10090686
:10ABA800C3434940DB0F02360272803F0000043184
:10ABB800C080CA234500003242020030C110A410F0
:10ABC8000C06013241009C18D800013103039D187E
:10ABD8005800C3414940DB0F04334080C342B23DB3
:10ABE800C2B8CA21C50004318080CA2185009E18D8
:10ABF8005800C4C4808EF026C3701300505F4C7098
:10AC0800141E4310A4189800A01898000D0C711079
:10AC18009B18D8008D7040AE9E10020695709D1846
:10AC2800980083F5A5F1E078E8C382240C345040FD
:10AC3800084784C08A220C00920F2FEC2845008711
:10AC48004024833040240432402405334024063114
:10AC58004024C730A14102429E0B6FF3021C4335CA
:10AC680002C504EDA140C8C703148E30AD700C7046
:10AC7800FAE802148030CF79ED08648084C281C379
:10AC8800160A6000E14001C08A213E061270CA25FA
:10AC98004D102C713C20002006793E66EAF1E078E0
:10ACA800F2C3B3C12F26C5F10A2180210A21401120
:10ACB8000A22002170455044304310002300084701
:10ACC80044274000C01F021080140D301EC64A24BD
:10ACD800C0700C705424083840240B3DA82040054F
:10ACE800F0230320F0240120152002100033830FE5
:10ACF800833A6F120031810F7A3D000015230C1042
:10AD0800047160A220A490C18DC24024053A0A248F
:10AD18004002E1400A2380046209E0024024103A1C
:10AD28004A24C070A820C0010640003080030418DF
:10AD380010208DC1402404372243E140A242402420
:10AD4800103DD60B200087C61F8736874A24C0705F
:10AD58000030800F7449002407304B004A2000005F
:10AD6800A82040048AC1F0200320044E024980C173
:10AD78001579013383000033021304710133820013
:10AD880040A180C183C20A0DE002E14040270E1BAA
:10AD980083C110DA360E2FECC1401D0A312090C055
:10ADA80080C2360BAFFFC14100C201C102C053A728
:10ADB80034A715A7BE439E427E41360DEFFFE14002
:10ADC8004A2400710A214003A820800104160214B5
:10ADD800041990009E17001600A10C8F0FE80C7044
:10ADE80004320080160006004A240071A820C00121
:10ADF80000855220C007041D1010D2C7E8C3A2C1A5
:10AE08000845008060444024C33040240531402474
:10AE1800863050400A26401055254F18360A6FF3E1
:10AE2800031C433502148030031481300F78EF0976
:10AE38002400047765089502252000000AF00CF02C
:10AE48000CF00EF00EF010F016F01EF01EF020F0D0
:10AE58000C8D0CF005851DF006851BF0078519F093
:10AE6800088517F02415801081C3C1411A086FFAAC
:10AE7800024214F02515801081C3C141DE0B2FF565
:10AE880002420CF0188505F0198503F0048581C38A
:10AE9800C141DE09AFF70242021480306BB8730873
:10AEA800D502252000000CF00DF010F011F019F07B
:10AEB8001FF021F021F023F023F025F06C1580100D
:10AEC80011F06D15801007F07815801003F07915D2
:10AED800801081C3C141B20F2FFA024219F07A15CE
:10AEE800801081C3C141760B2FF5024211F01C85F9
:10AEF8000AF0018708F0028706F01D8504F0008734
:10AF080002F00E8781C3C1416609AFF702420214FD
:10AF180080300471021C023088F101C0412801020E
:10AF280000AE21AEC8C7E078E8C3A3C148472845AA
:10AF38002C7010DA60400A200021D60A2FFA6846E1
:10AF48002C70C3421300605F650D10104A24007115
:10AF5800A82080020412030480C03C6024713823B6
:10AF6800C00300ACDE0D6FF580C038E80FDD0E1EA3
:10AF780043150D1E03150C1EC3140B1E83130A1E46
:10AF88004313091EC312081E4312071E0312061E8E
:10AF9800C311051E8311041E4311031E0311021E53
:10AFA800C310011E8310001E431019F04A2440717B
:10AFB80040220204A82080020412030481C03C60DD
:10AFC80024713823C00300ACD608AFF781C026E847
:10AFD800AD71001E031223F0AD701B0FB019B866D7
:10AFE800190F711CB866A572011883030018430372
:10AFF80004F0A5710018C3027A0B2FF77827001CFC
:10B0080005E8B866A57100188301130F711EBE66A6
:10B01800A571001E831203F0AD7000184023C8C745
:10B02800F0C3A2C10846008060444024C3304024D5
:10B0380005314024863050440A25401016086FF325
:10B04800031C4332021480305526D31A5526521950
:10B058005426101854268F194026111B03148130CA
:10B068000F78A709240004776108950125200000BE
:10B0780006F00DF012F01AF01BF022F081C3224006
:10B08800A141DE0E6FFA824220F00A8681C3A141F7
:10B09800EA0C6FEF82421AF03C16801081C3A1417E
:10B0A800E60D2FFA824212F081C3024003F081C3F9
:10B0B800E140A141260AAFF7824208F01A8681C30F
:10B0C800A141AE0F6FF7824202148030250870024A
:10B0D80081C31308300281C32308F10181C3624090
:10B0E80009F090168010A1419E0D2FFA824207F0B8
:10B0F8004240A1416A0E6FFA824202148030047104
:10B10800021C0230ACF101C04128010200AD21ADA2
:10B11800D0C7E078ECC3B3C18847484530421041F6
:10B128002C7022A721A720A702EBCCC74A24C07005
:10B1380055210E284A200000A820C002024D90C3C5
:10B14800157B0032820FCC3DCDCC047140A36D112C
:10B15800802014700C700DF24016821090C15E0BA6
:10B1680020002240562141286C1680102089052095
:10B178007E80DDF523850C7004310080C4F63FD84D
:10B1880018B805F0C34000BF0000013100007A1173
:10B1980081204830C0020F7893084480108E0FE851
:10B1A8006C1180203108B100101E03104021002BC3
:10B1B80090C14A0BAFF280C220F079118020D708E5
:10B1C800300040210D2B5521402984C2CA09AFF215
:10B1D800A14166F05521CD2A90C180C21E0BAFF265
:10B1E8000A2040034A2400714021002BA820800136
:10B1F80004100104041D5010AD7080C01A0A2FF409
:10B2080042C501C07FD917B9043040804F21C20719
:10B21800CA20490004308080F60D6FF4CA208500EA
:10B228000846C3404940DB0F0436009083F60230DD
:10B238008E0300C043C0560C6FF583C000368E1FC6
:10B24800003F000045C5C140560FAFF644C547C092
:10B258009E0CEFFAC14003C17911822000304000F2
:10B2680046C007EA5521402984C110DA0FF0402171
:10B278000D2B84C088C22209AFF2A14188C01E0AE2
:10B28800AFF28CC18CC110DAA14042090FEC1D024B
:10B29800000084C010DA36092FECA1416C1190200F
:10B2A80084C090C1560AAFF2402402301908B02079
:10B2B8004A2400715521C02AA820800104150114D0
:10B2C8000418500080C0AD704E092FF4081C0130DE
:10B2D80001C000C10430408348C145F7AE0B6FF58B
:10B2E80088C04021002B820E6FF284C184C0920E68
:10B2F8006FF2E14108C24A24C070E140A820C001B1
:10B3080020800032410004185000781180202EE877
:10B318004A24C0704C700C70A8200002041201244A
:10B3280000314100013040000430808F614400004A
:10B3380043C0C6F60030820FBC3862BE7FD817B84B
:10B3480070110320043200804A24C070CA2085008E
:10B3580000300100A82040020087003300000031BF
:10B368000000041F1010A2F04A24C07055214D2C73
:10B37800A140E142A820400260800412010401318A
:10B38800C10004185000420A2FFAA140D340C84215
:10B39800000004300084DAF602854085218542C029
:10B3A800A14040C2220A2FFA41C14A24C07080C17C
:10B3B8000A224003A8208002041103040733030073
:10B3C80000330304041AD000008608C14A860236F6
:10B3D8000370803F000024168C10003041000033B9
:10B3E8008000013042004AA607EC02865022C107BD
:10B3F8000431008011F64A24C0702C70A820000285
:10B408000412002400300000013101000F860431CD
:10B41800008040000C0074110C20408521850285B5
:10B4280070110B204A24C07080C343C440C241C17C
:10B43800081C0030A82040030413000420870034AF
:10B4480002100033401001308000041F10102EF04D
:10B45800A6EC2386BFBA0432408044002C004A245C
:10B46800C0707411012040856185028570110C201F
:10B4780040240B30241E431043C140C241C342C084
:10B48800A82040030413001440870031030000344F
:10B4980080100130C000041F101008F00C70241E2A
:10B4A800021002A701A700A7ED11802014707E04E6
:10B4B800C2FFED194320CCC7F0C3A4C155200E0D1F
:10B4C8002845104132866516001650420A0E6FFA5A
:10B4D8001C1E43100471651E181080C1C60B2FFA7C
:10B4E800A14001C100C065160F1602C2013040001C
:10B4F8004A24C070926F01308B002C6C4A200000E7
:10B50800A8204002024D1521432004712471471BD5
:10B5180098002F33C002224280220908208A152170
:10B5280000234618D8008FE96316001632860F09E3
:10B5380023002C71001A430005F004712C70631E5F
:10B54800181034708AF2B286108609205003170F3B
:10B558002314422053202D0FE1148E71F143A1438F
:10B5680018F0BF670227001404716E0D6FFAA1412D
:10B5780065160F161044422053206C72AD710AF004
:10B58800B8670220000404714E0D6FFAA141004310
:10B598007FD94830902017B94833932007310504E4
:10B5A80022408020040740240730E1420731C604C6
:10B5B8008241C60B2000A144090A1020208603F00E
:10B5C80021860A0DAFFF80C06516011642866D718F
:10B5D80004B92271461101060431808086F743863A
:10B5E8000431808002F66D708AE8150B111006860A
:10B5F800A168E4E5C2F664DDA6A605F0AD70181EE4
:10B608000110ED11802021E8090A1020288603F096
:10B618002986BA0CAFFF80C005E8562140280018DB
:10B6280043000F0B301080C0341E011011F09E0C27
:10B63800AFFF2A8614700C7003F40D8604712C86F3
:10B648000F0862000DA65621402800180300058641
:10B65800090D02101C1E0310D0C7E078590480029F
:10B668004C70562041088A24017440A90041552095
:10B67800830E8021040740A347A342B3A8200001FA
:10B6880004191100802009085F1B980040A1E07F81
:10B6980040A8E078E8C2684548463040C60AA0029B
:10B6A80008474220C0223108F502552750182520A6
:10B6B80000000CF011F018F01DF024F029F02FF024
:10B6C80034F03BF03FF046F0C140860BEFF4A14167
:10B6D8006C1F0210C8C6C140A20FEFF9A1416D1F2F
:10B6E8000210C8C6C140960FEFF9A141781F021099
:10B6F800C8C6C140860FEFF9A141791F0210C8C61C
:10B70800C1404E0BEFF4A1417A1F0210C8C6C140D8
:10B7180042096FF7A1411CA7C8C6C14036096FF797
:10B72800A14104180020C8C6C1402A096FF7A141E9
:10B7380008180020C8C6C1401A096FF7A1411DA703
:10B74800C8C6C1400E096FF7A14100180020C8C63D
:10B75800C14002096FF7A14138180020C8C6E07837
:10B76800E8C382240C345040084784C08A220C0065
:10B778005A0CEFEB284500874024833040240432DC
:10B7880040240533402406314024C730A1410242F9
:10B7980066082FF3021C433202C504EDA140C8C756
:10B7A80003148E30AD700C70FAE802148030CF7933
:10B7B800ED08648084C281C322082000E14001C0F2
:10B7C8008A213E061270CA254D102C713C2000209B
:10B7D80006793E66EAF1E078E8C3A4C168454846C0
:10B7E8002847220AA0021040210F701280C2330F8E
:10B7F8003012C140290FF11180C2C140460F2FFA03
:10B80800A1415520C02A08F0C1403A0F2FFAA141A2
:10B818005520402980C1B60BEFEB10DAC8C75E0E81
:10B82800EFF9A14190180220C8C7E078ECC248316E
:10B838000100CB44484700000734431022925520AA
:10B84800CD090846E8150090483101000734521028
:10B85800D341803F00003885D340833A6F120D7082
:10B868000030800FC84200005021C22548318100B5
:10B878000736CC70F449002448433C1E4310F41D9D
:10B8880043907AA607318F2407308604118581A654
:10B89800483080000032002000324120003000048F
:10B8A8000031090404300082CA238C1F00BF000045
:10B8B8000130C002043100924830C00212A5FFA630
:10B8C800E41D8091404005F6C34000BF00003E855E
:10B8D8004831810000324C2001310110003400143D
:10B8E8004831C1020430008239A505F6C34200BFC1
:10B8F8000000013080004A24C0704830C0021DA5F5
:10B90800C140C3411300845F80200A01A8200002BF
:10B91800041102040732C200041890000736C070F0
:10B9280080BF00000730800F723F22B07209CFFD40
:10B93800023100207E1D18102A0DEFFFC1401C8522
:10B948004830800000320020003001040C700431BF
:10B958000080C5F63FD818B804F0C34000BF000007
:10B96800013100004830C00249200005482080000D
:10B978001FA5CCC6F6C3A4C14029960042261321B0
:10B988005041284708451520C10480C010DA0A2014
:10B99800C0210A2780210A2540210A220021684661
:10B9A8002A0AEFEB402414302F0F63141525821553
:10B9B8000A21C0034A240071484480C0A8204002DC
:10B9C800608004140B140133C3100418D0002471D0
:10B9D800E509628410E2330AA223346EB961C142D8
:10B9E800422101044A24007180C02844A820400252
:10B9F800608004140B140133C3100418D00010E144
:10BA080052724471B0F64A2400718D70A820000566
:10BA1800152401230081F025C214152003230030CA
:10BA2800400585710232020066710032820000A171
:10BA3800001B8000390F63144A2400714A2000005B
:10BA48001520C203A820400480C1434D0149152098
:10BA58000C200471023341006084003141004471BC
:10BA68000133410020A4E571CD07CFFF390A8223B5
:10BA78004A240071126E6C684A210000A820400414
:10BA880080C0624D204815204C20247102320000ED
:10BA980040840030000064710132000000A4527636
:10BAA800C571A8F64A240071A820C00106400030DC
:10BAB800C00504181020D6C7E4C249684F7D9F25E9
:10BAC8000213CB44A000CC492043BA64D182542449
:10BAD800821A5965426E40B10F78C3441300643E20
:10BAE800B20E2FF84C74C4C6004302800430408064
:10BAF8000C70E020CE07438304324080C9F70483EA
:10BB080004304080C8F7C34040400000E07E7FD842
:10BB1800E07F17B80C70E07F9EB8E078EAC3822413
:10BB28000C375040084787C08A220C009E08EFEB6C
:10BB380028450087402483334024043540240536B3
:10BB4800402406344024C733A1410242AA0CEFF234
:10BB58000E1C033105C504EDA140CAC70F148E3071
:10BB6800AD702E714A200000F8E80E148130CF78AD
:10BB7800E90904802308300184C12908B00084C180
:10BB88003708F00084C13B08710087C0C20EAFF4CB
:10BB980084C104AF15F0BA0EAFF487C015AF11F029
:10BBA80087C0AE0E6FF880C200C201C102C042A7B2
:10BBB80023A704A705F09A0EAFF487C014AF04C0FA
:10BBC8008A213E0612703C200020CA254D1006210D
:10BBD80001203E66CAF1E078F2C3ACC117C75045F0
:10BBE800304208462C7024DAE140E8450A208021DA
:10BBF8000A2140210A230021160EAFF97044048E51
:10BC080013083F0014DA15087F0080C014DA624177
:10BC180007F080C0A24105F080C014DA8241AE0F5F
:10BC28008FEB04C1C60EEFFFC14044C080C03A0D7F
:10BC38002FF288C188C04A0D2FF285C1048E2308CF
:10BC48003F014A2440712B087F014A244071330880
:10BC5800BF0180C114DA760FAFEBA14021F0A140FB
:10BC6800A8208001041501240418500014F0A140F4
:10BC7800A820800104140124041850000CF04A2460
:10BC8800407162410A204003A82080010411020487
:10BC9800041890002485560EEFFFC14004A518C172
:10BCA8004A2440710A204003A8208001041002049D
:10BCB800041F9010158E4A2440710AE8A8208001BC
:10BCC800041300240419100011000000A8208001AA
:10BCD800041500140419100004C24A24C0700C7022
:10BCE80040240D350C198020A8208004014D152111
:10BCF800032015200C2020A30031810F7AC40000F6
:10BD0800F022032004710133410020A40C18802084
:10BD1800D2C7E078E8C3A2C1084600806044402446
:10BD2800C330402405314024863048470A25401056
:10BD3800220BEFF2031C033102148030402610124C
:10BD4800031481300F784B0904001F0810011F08E5
:10BD5800B00081C32308D0002B08710081C3048E72
:10BD6800E142A1410DF0158E08F00240A141FE0C00
:10BD78006FF8E14207F0148E81C3A141E142DE0C65
:10BD88008FF4021480300471021C0230DAF101C011
:10BD98004128010200AD21ADC8C7E078E8C3A1C1C0
:10BDA8006040484528462C7010DA8847620CAFF985
:10BDB8007040D570CD702BF24A24C070C342130076
:10BDC800905F0C70A820C002041203044024413084
:10BDD8001C6104713823410320AC9A0C6FF640248F
:10BDE800403006E8CD710018432011F0130D101FE4
:10BDF800150DD01E170D911B0018832006F0001892
:10BE0800032104F00018C320CD71C0A7C8C7E0788B
:10BE1800E6C3A2C10846008060444024C3314024E0
:10BE280005304024863148470A254010260AEFF29B
:10BE3800071C433007148330061481302F78230BF6
:10BE480004001708510000C041680F0FA410B86023
:10BE5800968E40C280A82471061C4230F0F100C0C2
:10BE68004128010200AD21ADC6C7E078C3411300E7
:10BE78009C5F4181608122810418430016184300A9
:10BE88001418050043A062A0E07F24A0E6C3A4C163
:10BE9800084600804024833140240432402405337E
:10BEA800402406304024C731484728454A09EFF264
:10BEB800061C433002C003E8C6C7061483300714C3
:10BEC8008C304C704A200000F8EA8F7AED0B8480A1
:10BED8000F0A710000C12A65247140C156AEF17184
:10BEE8008A223E06CA208D003C2742103D27411079
:10BEF8003C64ECF1E07EE078E6C034108C0055201C
:10BF0800CD0C0CEA0D0CD1105C8D250AB500E96A40
:10BF1800ED701C1D03100DF05C8D28158F104471F9
:10BF28004F7E0D0EC51348475CAD03F0FCADE9101C
:10BF3800820008E9210AB500CD70E91803000FF066
:10BF480028158E10216A2F7A0F0A85032846E918CA
:10BF5800420005F0C96AE918820328158B10EF79A9
:10BF68003109C5020D0CD110F51082002509850094
:10BF7800CF79B309C5020F0C9410F5108200A709F8
:10BF88008500696CA30B53006C713418430053F09F
:10BF9800216C496B2F7E4F7909238303970C61101D
:10BFA8003418C2004A24C070402009045520020CED
:10BFB8000A234012A8208002041308140015011057
:10BFC80001304110041A50004A24C0705520420B19
:10BFD8000A234012A82040020413081420850230C6
:10BFE8004110041A500020854A24C07001314B00CA
:10BFF8005520C10DA820000204110214013382103B
:10C00800041990004A24C0705520020D40200004F5
:10C01800A8200002041001040231C102041A5000D1
:10C0280009F00D0BD5003418C20005F06C723418F5
:10C0380083006F78110805030F0C9010090CD110BC
:10C048001C1D0310C6C41C1D0510C6C4ECC3A1C129
:10C0580055204F09BC8083874A24C0700846204079
:10C0680070415040402441300A220020A82080021C
:10C0780004100204043200836F220B00011992009D
:10C088009E082FF44024403033E86487BD864A2454
:10C09800C0700C700A218004A820400304110B040E
:10C0A800402442301C620433C09004716F220B009C
:10C0B80040AC6E082FF4402440301BE84587BE860C
:10C0C8004A24C0704A200000A820400304120C240F
:10C0D800402441301B610434809004716F210B00AF
:10C0E80020AB3E082FF44024403003E8BF86018788
:10C0F80036877D8602350B1057870031C1029C8632
:10C10800013041000032C0000435409021A7CA2107
:10C118004503043100808943D0F6BE866843003267
:10C12800400304310080CAF67F86A9430032C0006C
:10C1380004310080C2F6684302877FDB17BB0730F3
:10C148000003073301030130C00004304080CA21D6
:10C15800050007334200614020A70432C082CA208C
:10C168008900001800200287013300100430C080C5
:10C17800CA20C9000430C08002A705F40019C320F2
:10C18800CCC70430808F003F000045F600194320DB
:10C19800CCC700198320CCC7EAC382240C3850418D
:10C1A800084588C08A220C00220AAFEB2846008581
:10C1B800402483304024043240240537402406318B
:10C1C8004024C730C14122422E0EAFF2021C033375
:10C1D80002C604EEC140CAC703148F305525101893
:10C1E800CD700C70F8E802148130EF78E9092480EA
:10C1F8000477C3081503252000000DF012F018F08D
:10C208001CF022F026F02CF030F03BF040F047F024
:10C218004CF088C0460DEFF581C1901D04104BF01D
:10C2280088C0320EEFF681C10CA545F088C0260EF5
:10C23800EFF681C114A53FF088C01A0EEFF681C150
:10C2480015A539F088C00E0EEFF681C118A533F098
:10C2580088C0020EEFF681C119A52DF088C0F60D31
:10C26800EFF681C11AA527F088C081C12E0B6FFB9C
:10C2780083C283C110DA5609AFEB02401BF088C0B5
:10C28800D20DEFF681C1AC1D001015F088C0C20FA9
:10C298006FF481C16D1D02100DF088C0B60DEFF668
:10C2A80081C1CC1D001007F088C0AA0DEFF681C12E
:10C2B8000BA501C08A213E063270CA264D102C718A
:10C2C8003C21002006793F678EF1E078EEC3ADC1CE
:10C2D800A8470A200021304108462F2685F0120081
:10C2E8002300001D03000C714678361E02102F260D
:10C2F800C5F00E0023000C716678351E0210784ECA
:10C308004024C2328AC3220F6FFE224136168010A3
:10C3180008E83516801006E80B1480306E7003E8C4
:10C328006E7140260D1787C10A204003760CEFF581
:10C33800402412374A24C07040244136A8204003C4
:10C34800041202240C700432808F00470000CA20B7
:10C358006900011912004E0FEFF34024403608E837
:10C368000C7002A501A500A5341E02107670040207
:10C3780022008AC181C240248332C140D20CEFFF1F
:10C388004024123A4A24C0704A200000A8204003E2
:10C3980015260110F02103202181152202200471A5
:10C3A8000233410020A201C44A24C070046E8AC22C
:10C3B800A820C00204120104608000344110013337
:10C3C8004100041850002A168010549604710F7901
:10C3D8003072A0012D002A1E02104A24C0702C7051
:10C3E8002A1E0310A820000315264010448001804F
:10C3F8008AC3357B02308000247100A38AC087C1BC
:10C40800A20BEFF5402411373F8601C04A24C070C3
:10C418004C70073041000C86021C8230031C8230AD
:10C4280000310C00A8208003041103240C70402460
:10C4380041360433008359614471CA206A0000A957
:10C44800620EEFF340244036BB0830004C70B01643
:10C4580000107FDC17BC013001032C160B10C34001
:10C46800204100004A24C07004310080CA204500E1
:10C4780040240837B01E0010A820800304100914B7
:10C488002C70402443360431C0925B634471CA2146
:10C49800690020AB07341110C340CC3ECDCC043129
:10C4A80000A0CA210520FE0DEFF3402440368AC2C1
:10C4B8002BE8C60EA0038AC06B864A24C07083C4CA
:10C4C80087C283C1A82080020412000404330080BC
:10C4D800CA20C500041910004A24C0704A20000070
:10C4E800A82000048AC10149034C15260210003116
:10C4F8004B2024820033C31004710131C10024A2EF
:10C5080011F02C7025F04A24C070284EA820C002D3
:10C5180004120104608000314120013341000418F5
:10C528005000402481304024C230920C2000C14089
:10C538004A24C07040260014A820400104100104B9
:10C5480022A0031482300214813080D800AF0A146C
:10C55800833034169110A609EFFFC14034168010BD
:10C568000D090020008F87B8001F02102A1E031033
:10C578004A24C070A8208001041500140418102053
:10C58800341680104830000000180020CEC7E0782C
:10C59800E8C3A2C10846008060444024C330402458
:10C5A80005314024863048470A254010A60AAFF2D4
:10C5B800031C0333021480305526101803148130ED
:10C5C8000F789309240004777F08150325200000BD
:10C5D8000CF014F014F016F016F018F018F01AF029
:10C5E8001FF022F028F02BF09016001181C3A14112
:10C5F8007E09EFF5E14229F00C8622F0148620F03E
:10C6080015861EF018861CF019861AF01A8618F07E
:10C6180081C30240A141A20F2FFBE14215F0AC16E5
:10C6280000100EF06D16801081C3A1412E0C6FF41E
:10C63800E1420BF0CC16001002F00B8681C3A14139
:10C648002E0AEFF6E142021480300471021C023017
:10C65800B6F101C04128010200AD21ADC8C7E0789C
:10C66800E8C3A1C1504028452C7010DA60408846C4
:10C678009E0B6FF96847B570AD702FF44A240071AE
:10C68800C3421300A85F0C70A820800204120304A0
:10C6980080C11C6104713823010420ACA60EAFF4DC
:10C6A80080C01BE80CDD0B1FC3130A1F8313091F6F
:10C6B8004313081F0313071FC312061F8312051F06
:10C6C8004312041F0312031FC311021F0311011F8A
:10C6D8008310001F4310A0A6C8C7E078F2C3A2C108
:10C6E80008450415001460444024C3304024053133
:10C6F80040248630484630455A09AFF2031CC333FC
:10C7080002148030402510135525111B5525D21BC6
:10C718005525D31C5525941D40250F16031481302B
:10C728000F78AF09240004779B08D5032520000063
:10C738000FF012F013F016F017F01AF01BF01EF0BD
:10C748001FF022F023F026F02BF02EF034F081C3F6
:10C75800E14022F03015801028F02615801026F0D0
:10C7680081C3A14018F03115801020F032158010D7
:10C778001CF09815001022F081C302400CF081C310
:10C7880022400AF081C3424006F081C3624004F0AF
:10C7980081C38240A241460BEFF6C14213F0E41573
:10C7A800801004F0E515801081C3A241AE0A6FF431
:10C7B800C14209F0AC15001081C3A241B208EFF6DE
:10C7C800C142021480300471021C0230A8F101C079
:10C7D80041280102001D0220011D4220D2C7E07835
:10C7E800F9030002F0C382240C375044084587C07F
:10C7F8008A220C00D60B6FEB284600854024833331
:10C808004024043540240536402406344024C733E8
:10C81800C1418242E20F6FF20E1CC333141411306F
:10C828000D09302055254F1B2240D0C70F148E30DC
:10C838005525101C5525121D5525D31D2E700C701D
:10C84800F4E80E148130CF78E109248004778EE073
:10C858004E010D00252000000FF01BF020F027F0FE
:10C8680031F038F03DF044F04EF05AF067F076F0D1
:10C8780083F08AF08FF087C084C1460AEFF680C241
:10C8880000C201C102C047A528A509A589F087C033
:10C89800BE096FF484C1341D021083F087C0B20949
:10C8A8006FF484C12A1D02107BF087C084C1120A6C
:10C8B800EFF680C200C201C102C041A522A503A5AE
:10C8C8006FF087C08A096FF484C1351D021069F0C2
:10C8D80087C07E096FF484C1361D021061F087C0DD
:10C8E800720FAFF684C19C1D00105BF087C084C135
:10C8F800CE09EFF680C200C201C102C044A525A539
:10C9080006A54FF087C084C1B609EFF680C200C201
:10C9180001C102C040A721A702A743F087C084C174
:10C928009E09EFF680C200C201C102C00018802033
:10C93800041840200818002033F087C084C18209F9
:10C94800EFF680C200C201C102C0001A8020041A9A
:10C958004020081A002025F087C084C16209EFF63C
:10C9680080C200C201C102C0001B8020041B4020FD
:10C97800081B002015F087C0D6086FF484C1E81D95
:10C9880002100FF087C0CA086FF484C1E91D0210B5
:10C9980007F087C0BE0EAFF684C1B01D001004C0FA
:10C9A8008A213E069270CA214D202C713C24002019
:10C9B80006793E6646F1E078E6C0484308415520CE
:10C9C800C20C0C704A260000001B02105D0EF50018
:10C9D80015218D1155254C1B6485C38455250F1CC5
:10C9E80004338083C9F660A7A08201354813023357
:10C9F800030260A40CF0A084043340834BF760A4C6
:10CA0800808201340C130133030360A7001B431019
:10CA18000AF060820133C3000136CE100235C3101C
:10CA2800CAA467A4C471D4F1001902005508F5001E
:10CA38001521031055230E0DA48383860435009316
:10CA48005523CC0DCDF6E082A0A400378B1F80C003
:10CA580000000135CF12E0A600194300A4836086C8
:10CA68000435C0904CF76082A0A60033830F804045
:10CA780000000135C31060A4001943000471D8F107
:10CA8800C6C4E078ECC3A7C148310100073652702C
:10CA98004847000008461880D340803F0000CB4537
:10CAA800C84100000230002055260F197A096FFD91
:10CAB80007359114EA0F2FFD00310020043100A43E
:10CAC8002241CA2109042F36400020975020C22550
:10CAD8002D7007324B2348310100073543100230CF
:10CAE8000C200036400040410033001097A6043067
:10CAF8004082CA218C0F00BF00000130400004337F
:10CB080040824830C10234B604F6C34200BF000078
:10CB180001338000307C4830C00210784830020071
:10CB28000736887000410000C34300BF0000483446
:10CB3800801007320120023080210030C00001300F
:10CB48000B04003300120030410004314082C4F667
:10CB58003FDB18BB07368270804000004834001065
:10CB680007320C200131C300003380104C700030B4
:10CB780001034833C00204318080641F0210C5F6E7
:10CB88003FD818B804F0C34000BF000001310000CE
:10CB98004830C002F51E02100031802F24BDCAA5FE
:10CBA800FE0E0FFD4A240071023000202C7017A7DA
:10CBB800A8204003152640108010000083C51525C5
:10CBC800421002300020247100A2420A600283C091
:10CBD8004A240071A820C001008500310020041DEE
:10CBE800101083C00A0A600240240D334A240071E1
:10CBF8005426001EA820000204150114023041200A
:10CC0800041850001F865D863E8687874A24C070B8
:10CC18005526031A42C080C040C241C1A820000264
:10CC28000410010407344110041B5000361E431041
:10CC38002A1E0310351E4310CCC7E078E4C208450D
:10CC48005F20020FC340A000704CC341F0002C01CC
:10CC58005E600019410067861CEB0022820FA0006D
:10CC6800A94CC340F0000000001A0300B578CB447B
:10CC7800A0001442289013884084C5B8027926A6DB
:10CC880006EA607AA14086E8678626860709C50015
:10CC9800C4C600160270A000E841201E011005EA73
:10CCA800607AA140C4C60F0DF110A1406A09CFEA0D
:10CCB800C4C68E0B8FEAC4C6E6C208475F270E1F9C
:10CCC800C340F0002C01CB45A000A04C0018410047
:10CCD800D865060F2FFB09180300C340A0001442B3
:10CCE800408006EAA166607AE14084E80C708B58BF
:10CCF800C6C6E078E4C2E1C4FC1CC8B2FC1C88B219
:10CD0800FC1C48B2FC1C08B2FC1CC8B1FC1C88B155
:10CD1800FC1C48B1FC1C08B1E1C3E1C2E1C1E1C09F
:10CD2800FC1C88B76A25C010E1C56A258010E1C5DA
:10CD3800FC1C08BFA1C1C340F00044010018010257
:10CD4800CA0E4FFB147143F2CB45A000846ECD7020
:10CD5800A140001C01302F260C102F2188830CF2D3
:10CD6800C340A0009C7E00804C716C70EA0D6FFB84
:10CD7800402404300426819FFF0000000BF2C340CA
:10CD8800A000807E00804C716C70CE0D6FFB40243B
:10CD980004300426819F000F00000AF2028508E88B
:10CDA8004C716C70B20D6FFB402404306C26C19638
:10CDB80009F2018507E84C716C709E0D6FFB4024E9
:10CDC800043000C003E8160E8FFC8774C1C50A241E
:10CDD8004073C1C56B258010C1C56B25C0100414F4
:10CDE8001E34C1C0C1C1C1C2C1C304140434041477
:10CDF80005340414063404140734041408340414E1
:10CE0800093404140A3404140B34C1C4C4C26F2492
:10CE18003F00E078E9048FEAE6C3A3C10846204052
:10CE2800C94580C180250C177A09AFF580C700C2B3
:10CE38008D712C714A204000034F0C72043380809E
:10CE4800CA22C90034702C70F8F526860432408056
:10CE5800CEF7248604324080D9F705860432008054
:10CE680048002E008D741515C1102AF0008D218DF3
:10CE7800496809694D7A0D7988223E028C213E82E3
:10CE880040AD5EF688D90C7129F0208D418D696915
:10CE9800296A6D7A2D7988223E028C213E8240AD26
:10CEA80099F621AD8D720DF0018D1415C21004771D
:10CEB8000D798C213E8240AD8FF68D7321AD0B0923
:10CEC80032000C74C6C780260C170016C2108140A9
:10CED80006F088D903F088D90C7321ADE90A1280CD
:10CEE8000C73C6C7F2C382240C3D504408458DC05C
:10CEF8008A220C00D60C2FEB284600854024833369
:10CF0800402404354024053C402406344024C733DB
:10CF1800C1418242E2086FF20E1C433505C003E8A6
:10CF2800D2C70F148F30B140B141B1420A23402318
:10CF380055258E1E56251518802004278021042D7E
:10CF4800802205238023052F0E148130EF7830705E
:10CF5800C6012D002C70047794E020010D002520D7
:10CF6800000016F01AF020F024F02AF02EF034F029
:10CF78003BF041F048F051F058F067F074F084F05D
:10CF880089F098F09DF0A4F0B1F0C0F08DC0D20DFA
:10CF98006FEE84C100A672F08DC0C60D6FEE84C11D
:10CFA80001A66CF08DC0AE08AFF684C102A666F08B
:10CFB8008DC0A208AFF684C103A660F08DC09608A4
:10CFC800AFF684C104A65AF08DC0960D6FEE84C1E9
:10CFD80005A654F08DC084C10E0AEFF986C286C139
:10CFE80018DAA24048F08DC06A08AFF684C10CA6D2
:10CFF80044F08DC084C1F209EFF986C286C118DAFF
:10D0080002403AF08DC084C1DE09EFF986C286C1BC
:10D0180018DA224030F08DC084C1CE09EFF986C2FB
:10D0280086C118DA424028F08DC084C1220AEFF781
:10D0380080C200C201C102C0591D98105A1D581063
:10D048005B1D18101AF08DC084C1060AEFF780C264
:10D0580000C201C102C05C1D98105D1D58105E1D04
:10D0680018100CF08DC084C17E09EFF986C286C104
:10D0780018DA6240560B0FEB04C09270CC06EEFF34
:10D08800E57154F08DC0CE0F6FF684C1AC1E001050
:10D09800F4F18DC084C1BA09EFF780C200C201C1A2
:10D0A80002C0661D9810671D5810681D1810E6F11B
:10D0B8008DC0AE0C6FEE84C1BC1E0010DEF18DC0B9
:10D0C8009E0C6FEE84C1C01E0010D8F18DC084C1C3
:10D0D800EE09AFF680C200C201C102C06B1D9810F4
:10D0E8006C1D58106D1D1810C8F18DC084C1D2096F
:10D0F800AFF680C200C201C102C06E1D98106F1D3C
:10D108005810701D1810BAF18DC0560C6FEE84C1FE
:10D11800DC1E0010B2F18BB9C34213002460760EF6
:10D12800E001A1400C70D2C78A203E06D2C7E07841
:10D13800EEC3ADC108450488B1430A208021A84741
:10D1480070424846304180230C2909E800138020AA
:10D1580005E8A140220C600022414A24C0708D706D
:10D16800CB43003F00002C70001B4320041D02131A
:10D17800A8208006204E0A20C01280C20030800FEE
:10D188007A3D00008BC304300083CA208C1F00BF87
:10D19800000001300802357A347B247100A248303F
:10D1A800C01200B3A9468026091F8BC22C711E0924
:10D1B800EFF1C14056704E701CF480C15E0CEFFF59
:10D1C800A1404A24C070004340240038A8208002AF
:10D1D800041101240031810FCC3DCDCC041850003E
:10D1E800A14288C180220C01DA0E2000A140104221
:10D1F800CE15011616E98A200B04086592E88BC241
:10D20800C1404A09EFF14024113B4A24C07080C054
:10D21800A82000020211412548318100041850005D
:10D22800CD150016B14180210C210030820F7449C0
:10D23800002480C140240434C3432B3277CC2240DD
:10D248009E0BAFF180C684C110DA82092FEB224011
:10D2580084C14A0AAFF1224084C110DA6E092FEB6B
:10D2680022404024C133402482338E082000A1404C
:10D278000E148030001803200520BE8404F280D8E4
:10D288000018022075150216761501167715001676
:10D298004A24C07040C241C1081C0030A820800246
:10D2A800041600140030800F20410000041F1010E5
:10D2B8000F1480304830000000A7CEC7A3C14A240D
:10D2C800C07080C440240230A820C00104100104AA
:10D2D800BFB9041A500000C04C712C71234C2C7239
:10D2E80004330080CA20C90054704C70F8F5E07F00
:10D2F800A3C0E078E8C38224023A48472846084594
:10D308005620010F86C090DAC2082FEB4024103651
:10D318004A24807140240030A82080011C10032476
:10D328000418D00004C103C0C015021004310080E5
:10D33800CA20490004330080CA20C9000430808014
:10D3480044F7001EC31011F0BC15011004304080D2
:10D3580044F7001E831009F0B8150110043040800E
:10D368006F200B0000AE8A204C0508650908910162
:10D37800001E0310001F031080250C15208D008E41
:10D388000D084000001F4310008E00ADC8C7E078AC
:10D39800FAC3A2C11047008060444024C33040242F
:10D3A800053140248630484538405527992EA60C2B
:10D3B8002FF2031C433502148030EA460A27C015B1
:10D3C8000A20C0250A21C0250A22C025562713286D
:10D3D8005627942B5627D52C5627D62D8027052F30
:10D3E8008026061B802704178020042D8021052312
:10D3F80080220529031481300F78E309240004777B
:10D40800CF0855052520000015F017F017F019F082
:10D4180019F01BF01BF01EF01FF022F023F026F08D
:10D4280027F02AF02FF037F03CF03FF040F043F0BF
:10D4380048F0274048F02F4046F0374025F03F405D
:10D4480023F0274421F02F443EF081C3624016F0B8
:10D458003011003019F081C3E14010F081C302405F
:10D468000CF081C322400AF081C3424015F081C309
:10D47800824013F081C3E24003418A0DAFF9A14213
:10D4880027F0AC11003081C30341E60B6FF6A142CF
:10D498001FF081C3A2400341D20DAFF7A14219F09A
:10D4A800BC11003010F0C01100300EF081C3C14033
:10D4B80003F081C3C2400341220E6FF6A14209F076
:10D4C800DC11003081C30341B2086FEEA14202149F
:10D4D80080300471021C02308EF101C04128010223
:10D4E8000018023001184230DAC7E078E8C3A1C159
:10D4F8006040484528462C7010DA8847120DEFF82E
:10D508007040D570CD7008F2470D9119001883212D
:10D51800CD711FF04A240071C342130014600C70CF
:10D52800A82080020412030480C11C6104713823FE
:10D53800410320AC0E086FF480C00BE8CD740318CB
:10D54800C321021843210118832000184320C0A7D3
:10D55800C8C7E078F4C3A2C10846008060444024EC
:10D56800C330402405314024863050462845E60A19
:10D578002FF2031CC33102148030D1430A228023C6
:10D588008A214C258A208C258A270C195626551E57
:10D598005626141F8023092C80220C210314813065
:10D5A8000F788509240004777108D501252000002B
:10D5B80007F01FF00CF013F018F022F028F081C3E8
:10D5C800A240A1416E0DEFF9C24228F081C362402A
:10D5D800A1410A0D6FF6C24220F081C34240A14129
:10D5E8007E096FF9C2421AF0322640140AF081C34C
:10D5F8008240A141E20A6FFAC24210F032260014BA
:10D6080081C3A141560CEFF3C24208F0E86681C31A
:10D61800A14176082FF9C242021480300471021C1D
:10D628000230BEF101C04128010200AD21ADD4C7CE
:10D63800EEC3822407355041284510405624803DCA
:10D648002C7024DAA8460A2300217042C20BEFF896
:10D6580056248F3D4A24C070A82080010416001467
:10D66800101F10108D700A2140146C700A2080144D
:10D678004A2200005A2280014A24807156244E3BD7
:10D688007960357E0A23401201410C70001E001398
:10D69800A82080020C110704181306140036C601CE
:10D6A8000130800144710574CD0AF48000A66471CC
:10D6B800BD0BB481402109115524C83F5524C93FE9
:10D6C8000A268004152005134C700A2340140C7098
:10D6D8004A2480711420010015254E00C0432C7087
:10D6E800001E8010A8208002041304140C130704E1
:10D6F800003707010131C1010471D908B48120A69E
:10D708000A2480044A2480716D7021410A20000196
:10D71800A82080020C1007040C1103040033C30175
:10D728000133CB10142280005624813D98600149B2
:10D738000024833F00004401447101334110847484
:10D74800157BC50AF48020A385712574790CF490A3
:10D75800C4745624403B0024813F000044015524F2
:10D76800423B1E0BEFF855244E3B2C704A24C070E8
:10D77800C14262404A230000A820800204100B0422
:10D7880018120C040034CC1201330303204D152069
:10D798004220247101330000C574D509B481721A7E
:10D7A8001800552400392C704A220009620AEFF843
:10D7B80055240D394A248071A8200001071D5310F3
:10D7C800CC705524483B8D700A2180144A230000F0
:10D7D8004A24C07001406D70A82080020411021410
:10D7E800181001040031810001334B105A238001C5
:10D7F8005524013940240430986033210100152450
:10D8080002006471483180000230C002C50BB48147
:10D8180000A28571B50CB49105744C701520872051
:10D828000A2040144A2100005A2180014A248071AC
:10D83800804315270C000C70781C9811A820000351
:10D848000410091418130B0400334B120130C002E2
:10D85800781C18102471D50994814471C10AB481C7
:10D868008474CEC7E8C3822402344A2480715040AD
:10D878000A25001056204E0EA8208001041100042D
:10D88800041E101080C02C7090DA8609EFF880C74B
:10D898004A248071A8208001041000241C1F101045
:10D8A80080C190DA260BEFEA0A2080034A24C07070
:10D8B8008025091CA8200001041D1110C8C7E078A4
:10D8C800EEC3ABC128470846AD70104188C1E1409E
:10D8D800704350421B1C423380264C15C60E2FF550
:10D8E800402410384A24C0704A200000A820400470
:10D8F80015210120F0200320D811010040244237CF
:10D908001A620433408004716F210B0020AA1208A8
:10D918006FF340244037208E2EE834768C010D00BA
:10D928002520400007F0C2F02EF0C0F04DF05FF067
:10D938006BF0C6110026CE110126416830706C01CB
:10D948002B00C6199820CC110220D0110120D41127
:10D95800002043C244C145C04021022880C1224062
:10D96800C6195823001E831040C541C5FA0EEFFFA3
:10D9780042C59CF00709500121AE001E4311C6198B
:10D98800582394F0C6110026402404304024C5369C
:10D998000471C6191820E14142426243520920002D
:10D9A800224087C180C25209EFFF224027C0F508F4
:10D9B800D000CB110126C6110026F1090300C619B3
:10D9C8005823A0AE72F0402404304024C5362240CB
:10D9D800E14142421A092000624320C0CD081000EC
:10D9E800C0195823001E831160F0C6110026C81103
:10D9F80001260471B5086200C6191820018EC619DF
:10DA0800582300AE52F0C61110264A24C070402098
:10DA18004020C61918200C70A820400315210120A9
:10DA2800044F9C11030688C2157A0234C110047190
:10DA380020A28E08EFFF88C0C0110126E7168F903C
:10DA48001043013042001F0FB512C019982015214C
:10DA5800C023B518D804C0111226E571E71EC29379
:10DA680012F0B5110326224022410232D200802052
:10DA78000B0580210B0624DA0A0FAFF8C019982489
:10DA8800BE19D824B4110120EF78483000000031C5
:10DA98000000043200A04DF7E71E4293C019582336
:10DAA800C6195823001E03111B148030CEC7CA1193
:10DAB8000026F90802A0CC110220D0110120D411AF
:10DAC800002043C244C145C04021022880C12240F1
:10DAD800E71E4293C0195823C619582340C541C5AB
:10DAE800860DEFFF42C5001E8310E0F1F2C38224C9
:10DAF800053A08460A2440210A2100217043484378
:10DB08003040104255204F08AD7080264C15001D3E
:10DB18004203570B7100001C42034A24C0700C706A
:10DB2800A820400415220220F02001209C120306A0
:10DB38000024823F00005C01157A0231C1000471A3
:10DB480020A20024803F00005C01760F8FFF2C8705
:10DB5800043040805E000C0000194320098E1470C8
:10DB680006020200D2C7098E02E8A9AE5624C139BE
:10DB78006140320F2FF15624D5390C700024813FB3
:10DB8800000014014A24C0700A224005A820800120
:10DB98000C1203040419D0000471ED08F480A67473
:10DBA800410BF0205422812D350B31215422812A3A
:10DBB80018F027168110498E30726801060004306B
:10DBC800808F20410000A2012C0044719F1701168C
:10DBD80049AE013040009F1F1810D2C74022012FC4
:10DBE8005524C03FE60FAFEA18DA95C02C7090DADA
:10DBF8001E0EAFF85424953A4A2480715524C03F2C
:10DC0800A8208001041001041C1D50204A2400791A
:10DC18005622012F95C0E078A82040020411030481
:10DC2800408001338200041890005622412E55246A
:10DC3800403E9A0FAFEA18DA0D708D704A24C07012
:10DC480014240013A82000053320820F1300C05F9E
:10DC58000024813F000014010349402409331521A1
:10DC6800011048328200047160A149A18571D10C6C
:10DC7800D4902C704A24807115220C225524423EDF
:10DC880021430C709C1C5813A8208002041206041F
:10DC98000C130B0400338B110130C002057125747D
:10DCA800D508F4909C1C18104A24C070A820400481
:10DCB80015224020F02043209C1000060024823FBB
:10DCC80000005C01357A02330000247100A2230BA6
:10DCD80010210024803F00005C01E60D8FFF2C8797
:10DCE80004304080C5F6008E6508B1006C7140872D
:10DCF800218702876C7040C241C142C00019C2200E
:10DD08005524413E95C283C30024843F00005C0132
:10DD1800402405301E09EFFF4240001C4320D2C7B3
:10DD28001AF44832010000304300013140009F17C7
:10DD3800011602330C0004310083D7F601330000CA
:10DD48000431008051F7016A09AE12F14387248734
:10DD58000587D3F130721006CEFF0430808F803FE4
:10DD680000000C06C6FF9F1F5813A9AED2C7E07863
:10DD780039008001E8C3A6C11040802007054A0881
:10DD8800EFF828460430808F7A4400007C00260093
:10DD98004A24C07083C583C0A820800204160114D9
:10DDA8000031810FCC3DCDCC041850004A24C070FE
:10DDB8006D700C70A820400315200120044D7511CA
:10DDC800030680C2157A0234C110047120A200C66D
:10DDD80001C502C403C304C205C17FD817B8C3185C
:10DDE800D822C218D822C118D822C41818207218EC
:10DDF800982373185823741818239C18D8209D1832
:10DE080098209E185820C8C70209A0010240C8C718
:10DE1800F4C382240F35504408455524403D8A22D6
:10DE28000C00AA0DAFEA284600854024833340241D
:10DE380004355524053D402406344024C733C141E8
:10DE48008242B609EFF10E1CC33105C603EEC1408C
:10DE5800D4C70F148F30B143B140B141B1425625F8
:10DE6800551E5625161FCD704A20000080230C2110
:10DE780080204C2580218C2580220C29E9E80E146D
:10DE88008130EF78CB0924800477AB08D5012520B1
:10DE9800000008F012F01CF02AF036F03CF044F0D4
:10DEA8005524403D84C1720CAFF95524823B55245A
:10DEB800813B18DAA24025F05524403D84C1FE0973
:10DEC8002FFA8AC28AC190DAC2401BF05524403D1D
:10DED80084C1EE0B2FF680C200C201C102C09C1D96
:10DEE80098109D1D58109E1D181025F05524403D72
:10DEF80084C152082FF986C286C110DA6240CE0C5E
:10DF08008FEA19F05524403D460BAFF384C1001841
:10DF1800022011F05524403D360BAFF384C100199F
:10DF2800022009F05524403D520FAFF884C1001A71
:10DF3800022004C08A213E069270CA264D102C7118
:10DF48003C24002006793F679AF1E078ECC3A6C12B
:10DF58004092CB4448470000084548320200073445
:10DF68008B10CB47C8410000F141C343833A6F127D
:10DF78003FDA48310000073412106A150016691597
:10DF880001160D7018BA48308000483181004841A8
:10DF98000433C093CA21C52200310020003141203A
:10DFA8000030C0000031C60004300082CA218C1F36
:10DFB80000BF0000013040025525901E0436008243
:10DFC8004830C002CB1D1810404005F6C34000BFC2
:10DFD80000007FDE17BE07368914064100258C1F16
:10DFE80000001C034831810000314B20013601003C
:10DFF8000031C0124831CB020030C100CA1DD8120E
:10E0080004310082CD1D581204F6C34200BF00003F
:10E01800EC150010013181006D704830800000312E
:10E028000020003100100030C2004831C002043224
:10E03800C08214ACC4F63FD818B805F0C34000BF7E
:10E048000000FC1501100132000048318100003247
:10E0580041204830C0020031C20015AC0432C082F1
:10E06800C4F63FD818B805F0C34000BF00007115CA
:10E078000B16013208002C70483380100031002044
:10E08800C61D58100030C2004830C012043240800B
:10E0980020B422ACCE1D1810C4F63FD818B805F02D
:10E0A800C34000BF0000013200000031822FCC3E87
:10E0B800CDCC4830C00204324080C81D1810C5F6C7
:10E0C8003FD818B804F0C34000BF00000132010077
:10E0D800A1408020090F4831C102B20A6FF1201C0B
:10E0E8004210A14080200B052C7029DA2209AFF8D4
:10E0F800C01D1910184DE0DAD20AAFEA0241A14159
:10E108008021040780C0C60AAFEA18DA073740142E
:10E118004A2480710030800FC84200000730900404
:10E128004025121F40240030043080A3CA208923D0
:10E13800A82000020410010400304120041A5020D5
:10E14800A1418021040D80C0820AAFEA18DA4A246E
:10E15800807180C0A8200002041001040030412012
:10E16800041A5020A1418021050380C05E0AAFEA4D
:10E1780018DA4A24807180C0A82000020410010423
:10E1880000304120041A5020C341484200000431A5
:10E1980040A0C34048410000CA214920043100A0E2
:10E1A800CA21052007374114B4150010041D431077
:10E1B80000310000B41D0010CCC7E078E6C0210A89
:10E1C800B2008D710A230000E383C483A58385719F
:10E1D800E0A3C1A3A2A3F50CA2900CE34A24C0704B
:10E1E800547A6B6A4A220000A8200002444915208C
:10E1F800CD004471647180A5C6C4E078F2C382245E
:10E208000C3B504308468BC08A220C00BE09AFEA7B
:10E218002845008640248333402404354024053AA9
:10E22800402406344024C733A1416242CA0DAFF1ED
:10E238000E1C0335141410300B083020D142024054
:10E24800D2C70F148F30D1415526CD1855269419B1
:10E258000E700C7080220A2B80210A2FF1E80E1410
:10E268008130EF78DB092480047793E088010D0082
:10E278002520000014F01AF01EF02AF034F049F0BE
:10E2880051F05BF05FF065F069F06FF073F082F0C9
:10E2980087F092F097F09DF0A1F0A8F08BC0C20A29
:10E2A800EFED84C102A6A8F08BC0B60AEFED84C1D9
:10E2B80000A5A2F08BC09E0DEFF584C10030800F41
:10E2C800804000007A1D181001A596F08BC0860DBD
:10E2D800EFF584C10030800F80400000801D1810C9
:10E2E80002A58AF08BC084C180C2D60FEFF5402406
:10E2F80015304A24C0708240A820800204150124E9
:10E308000031810F804000000418500074F08BC069
:10E31800420DEFF584C10030800F8040000007A552
:10E328006AF08BC02E0DEFF584C10030800F80405D
:10E3380000001BA560F08BC0260AEFED84C10AA57A
:10E348005AF08BC01A0AEFED84C10FA554F08BC0A8
:10E358000E0AEFED84C113A54EF08BC0020AEFED53
:10E3680084C116A548F08BC0F609EFED84C11DA540
:10E3780042F08BC084C1DA0E2FF780C200C201C1FF
:10E3880002C0A71E9810A81E5810A91E181034F015
:10E398008BC0EA0AAFF884C1001902202CF08BC0A8
:10E3A80084C1FA096FFA86C286C110DA1E08AFEA7C
:10E3B800424022F08BC09E0CEFF584C1871D1810D7
:10E3C8001AF08BC0B60AAFF884C10CAE14F08BC03B
:10E3D8008E09EFED84C110A50EF08BC0760CEFF519
:10E3E80084C1961D181008F08BC06A0CEFF584C123
:10E3F800971D181004C08A213E067270CA204D204D
:10E408002C713C23002006793F672AF1F6C3822449
:10E4180002394A24C07010410A2780210A26402167
:10E428000A2500216846484708455520900880215C
:10E438000B2480C0A8208002041102040032820F3D
:10E44800CC3ECDCC04189000120AEFF380C0A84D42
:10E458008BC078DA760F6FEA304206428BC0620DC5
:10E46800EFFF80C18BC178DA620F6FEA42403A0F42
:10E478002000A1402C8D10440BE902851308F300FD
:10E4880080C1A140FE0860008242104304F06E7013
:10E49800EE1903A1EC1181A00D8D34701042CA222F
:10E4A80022207670CA220120A140B20920004241F0
:10E4B8000437809F1C44004079260010C520660060
:10E4C800782301202478522001007A0B6000A140B3
:10E4D800A94680260A10084780C1A140C142DA0F28
:10E4E80020004243EE1183A022854E7078238200DB
:10E4F8007F2141004B7904F4650B1101ED1181A0D6
:10E508001EE9792702107920000056254F18047A51
:10E51800A1406243720E2000E1410042A140CA0DB1
:10E528002000E14110421AE84086218602866018E0
:10E538008020641840206818002010F001C202C131
:10E548001E4000C344C245C146C05625001D83C1B4
:10E5580010DA7A0E6FEA43C3ED1943A00F0B30208F
:10E56800A140ED700E1D031004F05E09000008477D
:10E5780002866D8D4086218681100E2656708A246B
:10E588003E10CA242110767042C03823C003CF241D
:10E59800621040C241C1001F022394E88524421042
:10E5A800130FF110001F022302110021001904208B
:10E5B80008F0A1405625811FBA0B6FF580200B0586
:10E5C800048DEDAD03E8041D03100011002143087C
:10E5D8007100A14180210B0583C010DAEE0D6FEAAE
:10E5E800402410334A24007140240037A8208002B8
:10E5F800041001240031810FCC3DCDCC041850000B
:10E608005625811F6E0B6FF587C00C7002F00477DA
:10E618004A24C0700019042080C0C3412040000073
:10E62800A82000020410020400324200041D9020B9
:10E638000036401048370210001D8020001E0020C0
:10E648000017802000344120C6B848300000081E5A
:10E658004020041E0020D6C7E4C3B4C16509F100F8
:10E668000845048D2EE8A14180210B0590C010DAE1
:10E678005A0D6FEA90C64A240071E078A82040023B
:10E6880000860030800FCC3DCDCC041E101080C019
:10E698002C7040DA7A0B6FF880C64A24007190C05B
:10E6A800A820800104100104141E50105625801F54
:10E6B80080C11A0D6FEA40DA80250B14001D051081
:10E6C800C4C7E078E4C3B4C108455620810D84C0AE
:10E6D80040DAFA0C6FEA84C64A24007180C480C00C
:10E6E800A8208001141601140418500000C32C71CE
:10E6F8004A204000024C0C720432C080CA238900B0
:10E7080034702C70F8F5A61500162C7304330080AD
:10E718008DF7A51500162C720433008087F7A41511
:10E728000016043300806F210B002F78C4C7E078EF
:10E73800F0C3A8C10846008060444024C333402485
:10E74800053440248633504230405526CD180609FA
:10E75800AFF10F1C03350E148030D1430A248023F7
:10E768008A210A2F55268F1980230A2780240A2BED
:10E778000F1481300F78307006012D000477EB08F4
:10E7880015052520000015F015F017F017F019F001
:10E7980033F035F03EF040F040F042F042F044F003
:10E7A80049F04CF051F054F059F065F066F00286EB
:10E7B80056F0008554F0018522F0028520F021876B
:10E7C800028740874A24C07041C142C080C185C0C9
:10E7D800001C8030A8208002041102040032820F3D
:10E7E800803E00000418900085C084C30241EE0AF0
:10E7F800EFF5424239F0078502F01B850030800FA3
:10E80800803E000084C302416608EFF542422DF0C5
:10E818000A8526F00F8524F0138522F0168520F04E
:10E828001D851EF084C362400241420A2FF742420E
:10E838001BF0322640140DF084C3824002417A0D49
:10E848002FFA424211F087150016DEF10C8E84C3B0
:10E858000241360E6FF8424207F0108584C3024128
:10E868001A0DAFED42420E14803004710E1C0230B6
:10E8780080F196150016C8F197150016C4F104C06A
:10E88800412801020018022001184220D0C7E07870
:10E89800E8C3A3C1504028462C7010DA6040884570
:10E8A8006E096FF868474C70C34113009C601EEEF8
:10E8B8004A24C070A820C002041103044024403137
:10E8C8005C6044713823000400ACAA092FF5402489
:10E8D800403130E8CD74031FC310021F4314011FD9
:10E8E8008313001F431127F04A24007140210103BC
:10E8F800A82080020411030482C05C60447138239C
:10E90800000400AC3E0CAFF382C026E808DE071F07
:10E918008313061F4313051F8310041F8311031F4E
:10E92800C311021F4311011F0311001F431015F0EB
:10E93800CD707820C02C7820012E031C0230402492
:10E94800C030D209EFF561C107E8D867C571001872
:10E95800830303F0CD70C0A5C8C7E078F8C3B2C17F
:10E968000846008060444024C330402405314024D8
:10E978008630504128455526CF1ADA0E6FF1031C10
:10E98800C33502148030D140D142D1430A248023B8
:10E998005626951D5526961E562657185626181D76
:10E9A80080200B2480220A2080230B2280240B2520
:10E9B800031481300F7830701C012D00047796E025
:10E9C80008010D002520000017F01AF01BF022F0B6
:10E9D80022F024F025F028F028F02AF02AF02CF074
:10E9E8002CF033F03DF040F046F04DF04EF056F08C
:10E9F8005BF05EF064F081C3424007F081C3C2401F
:10EA080003F081C3E240A141D208EFF522425EF053
:10EA18000D8E2CF00E8E2AF0ED1080A026F07817BF
:10EA2800001636F0168729F0038727F0098725F0A6
:10EA38000C8723F0008721F081C30340A141220DF8
:10EA4800AFF8224242F082C040DA82096FEAA2415E
:10EA580082C081C3A141E6086FF5224236F0EE106C
:10EA680080A004F0EF1080A081C3A141EE0F2FF326
:10EA780022422CF0048781C3A141020BAFED224250
:10EA880024F08517001604F08617001681C3A141EB
:10EA9800DE0DAFF522421AF081C36240A1419E0FFC
:10EAA800EFF4224212F00010002104F002100021BD
:10EAB80081C3A141BA0CAFF4224208F081C382405D
:10EAC800A141F60A2FFA2242021480300471021C76
:10EAD800023070F101C04128010200AD21ADD8C754
:10EAE800A1014001E4C3A7C10845990A30000C7090
:10EAF800471502168D0A120160814181228146C0A4
:10EB08005625001D45C183C143C39A092FEC44C251
:10EB180068150216691501166A1500164A24C07090
:10EB28003FDE40C280C218BE6D7041C1081C003073
:10EB3800A82000042082C1400431C082CF20EC0705
:10EB4800013100004830C00248308000041A10002B
:10EB58006B15011600C301C20431C082CF26EC1721
:10EB68000131810302C44831C1020C71483181006E
:10EB7800A01DD810A11D9810A21D1813A31D581070
:10EB8800C4C7E078E4C2684608450C7006EAA140AC
:10EB980036082FEC8020040505EE671D5910471D27
:10EBA8001910C4C6ECC3ACC1084504808815101000
:10EBB800258540C006857FDE17BE42C04220402022
:10EBC8004830882048308B002D08B22041C14025AC
:10EBD80002172C724A24C07040240030A82040023A
:10EBE800808004120304013303030418D000127157
:10EBF8002471B2F6073608124A24C0704A21000070
:10EC08000736D112A820400480C3357B0083152520
:10EC18004C1044840030001089C602320200357E50
:10EC2800247100A340A689C083C17A0C6FF883C6FB
:10EC38006108B2204A2780104A24C0701427C013E4
:10EC48004B680C70A820C00380C1152583100449A7
:10EC580010130B0089C3157B02330113047144712F
:10EC680020A389C086C13E0C6FF8402412364A247E
:10EC7800C07083C0A82040024080041201240131E2
:10EC88008100041850001277B007EBFF40274F109F
:10EC98004A24C070A820C001008600310220041E4A
:10ECA800901004C103C001304000013080002F30B3
:10ECB8000000CCC7E8C3A6C14A24C070704008450C
:10ECC8004A200000A8208002074A064983C4157C10
:10ECD8000236C313047160A483C0CA0B6FF880C1E5
:10ECE800EE0A2FF980C00F08F1202F310010048D93
:10ECF80007E80C71B11D5812B01D5812C8C7B215DB
:10ED080000167FDAB3150116B015031617BA0031CD
:10ED18000C1002320000B1150B16003148100232F7
:10ED280041000030C000013402100031C002B01DA3
:10ED38009810013003100C71B11DD81080250B14E8
:10ED4800209505E9247720B5C8C70232C100BFB9AC
:10ED58000431808F80400000CFF602318110C34219
:10ED680040410000BFB90431808009F60231C1106A
:10ED7800BFB9043180808807CCFF0C70C8C7E07821
:10ED8800EEC3A7C13040104155200D09084684C183
:10ED9800024050438026CA1F0A0AAFF440241234A6
:10EDA8004A24C070ED700C70A8204004152103207F
:10EDB800F022012098130300402442331A620431E0
:10EDC800C08004716F210B0020AA560BAFF24024BB
:10EDD8004033FF1681901FE8347652020D0024203C
:10EDE80040001F000000470200003B0000003F02F7
:10EDF800000049000000BD00000013010000138559
:10EE08003485E0AE307080012A0004711B022000B6
:10EE180013A50909500120AEFF1E4391E7A50C7107
:10EE2800CEC70D118020001E83101473FA01220032
:10EE38000C70FF1E0391CEC74A24C0704A20000000
:10EE4800001E0311A820800315210120F0200320B3
:10EE5800E811010080C2157A02334100047120A232
:10EE680080C084C13E09AFF44024103480854A2410
:10EE7800C0700C70A82040030410032440244133C0
:10EE88001A610433008304716F210B0020AA920ACF
:10EE9800AFF24024403385E8EAA5FF1E839105853B
:10EEA8000430C08482010900F0A5FF1E8391B9F1E6
:10EEB80084C10240EE08AFF4402412344A24C070E2
:10EEC8004A200000A820400415210120F022032038
:10EED80098110100402442331A62043340800471BF
:10EEE8006F210B0020AA3A0AAFF240244033A3084E
:10EEF800100007854885047150702E012B0007A566
:10EF0800208E47A5FF1E429091F04A24C0700C70D5
:10EF1800A820800315210120F0200320E81101001A
:10EF280080C2157A02334100047120A280C084C1D6
:10EF38007208AFF44024103440854A24C0700C7025
:10EF4800A820400304100C24402441331B610434DE
:10EF5800809004716F210B0020ABC609AFF24024EA
:10EF6800403308E8208EFF1680902F0861004C700F
:10EF78000B854C856C702168EAA51B08A3002BA59E
:10EF8800204215F00C70FF1E8390F3A5CEC7E7A5AD
:10EF98004BF04BA50BF00A856D8504717070EBA5DD
:10EFA8000AA5CA230B0083F66AA505850430C08428
:10EFB800CAF63085118524711109220030A510A5E3
:10EFC800004104F02C70F0A50D85170B0100118588
:10EFD8000F090100008E4C70EBA5FF1E02900C85F6
:10EFE800470A020011854309010001850D19C22352
:10EFF800FF1E83907F1D1810EA0EEFEB5621002D9F
:10F008007F150016C3411300546040DA471D1810DD
:10F018005621802D441DD813451DD813AE0B2FEA59
:10F02800461DD813EBA5FF1681903474F405EDFF47
:10F038000C712D783220800F13009460CEC7E078D1
:10F04800E8C3A9C1004255204D090C7003E91CA56D
:10F05800C8C73C857A852471F909E2803CA52D8AC8
:10F068000D09F1008A210B04316206E94041802133
:10F078000B0905F0404180210B0AF4150C90C08162
:10F088007CA55A2401134A24C07059618181628188
:10F09800238140C441C342C1A82080031522010036
:10F0A80080C342110B06044B86C3157B0234C11280
:10F0B800047120A386C083C1EA0E6FF483C7188544
:10F0C8004A24C0707FD90036031017B94A2000209F
:10F0D800A820800240870C7004338080CA20450035
:10F0E800041F1010EA0EEFF883C00846E20EEFF88E
:10F0F80083C004360094C5F63FD918B904F0C3415B
:10F1080000BF0000013040004830C0028B20838FD0
:10F1180009F200C301C202C10C717DA55EA53FA51D
:10F12800C8C70C70C8C7E078F4C382240D3D5044AA
:10F1380008459DC08A220C00920A2FEA28460085BD
:10F1480040248335402404375424053E40240636A1
:10F158004024C735C14182429E0E2FF1161CC3358B
:10F168001C1412300B0A3020B1414240D4C7171486
:10F178008F30B1435525CE1A5525901E5625151D9D
:10F188005625961D4E700C7080210B2480230B256C
:10F19800EDE816148130EF78D3092480047796E0DF
:10F1A800B0010D002520000017F026F033F042F0E2
:10F1B80046F04CF051F058F05CF062F066F06CF0FC
:10F1C80070F079F080F087F08CF092F097F09EF074
:10F1D800A8F0AFF0B4F09DC086C1E608AFF580C2D4
:10F1E80000C201C102C0A01D9810A11D5810A21D87
:10F1F8001810B0F09DC086C1C608AFF580C200C225
:10F2080001C102C0001880200418402008180020FE
:10F21800A0F09DC086C1AA08AFF580C200C201C196
:10F2280002C0421D9810431D5810441D181092F03A
:10F238009DC01E082FF386C10DAD8CF09DC012082D
:10F248002FF386C10EAD86F09DC006082FF386C148
:10F25800ED1902A07EF09DC0FA0D6FF586C1781EEB
:10F26800181078F09DC0FA0A6FED86C116A672F0E4
:10F278009DC0EE0A6FED86C103A66CF09DC0E20A40
:10F288006FED86C109A666F09DC0D60A6FED86C1EE
:10F298000CA660F09DC0CA0A6FED86C100A65AF0A0
:10F2A8009DC086C19E0C6FF898C298C110DAA24022
:10F2B8004EF09DC086C1D20CEFF988C288C140DAF1
:10F2C800C24046F09DC08A0FEFF286C1EE1902A037
:10F2D80040F09DC07A0FEFF286C1EF1902A03AF014
:10F2E8009DC07E0A6FED86C104A634F09DC0660DF0
:10F2F8006FF586C1851E18102CF09DC0560D6FF550
:10F3080086C1861E181026F09DC086C1120FAFF464
:10F3180083C203C104C0B21D5810B31D18101AF0DF
:10F328009DC03A0C6FF486C10019042012F09DC0EC
:10F338002A0C6FF486C1021904200CF09DC086C106
:10F348005A0AEFF998C298C110DA62407E080FEAAB
:10F3580006C08A213E069270CA224D202C713C2498
:10F36800002006793F6716F1F8C3A8C1104255205E
:10F378008D081909800F0000FFFF4831000007368B
:10F3880011704847000005F0D341004500004022B5
:10F3980000242C707A0EEFF778DAD343C8410000C6
:10F3A800073354240185CB44833A6F12D340003F7E
:10F3B80000006D70483080000031002000300103EB
:10F3C80002400431C082CA208C0F00BF0000013106
:10F3D800000028854830C0024920800248200201E8
:10F3E8004834C0221108300140A51F08B00014712C
:10F3F80027A518F00731800FC84300000030800FA0
:10F408001643000009F0C340C8430000073101005B
:10F41800B8B8003100000030800F8040000007A518
:10F428000B85308574855185D785483080004831F3
:10F4380081004833830000310620FE85483282006F
:10F44800003148200031C0200031812000361F03E0
:10F4580048368E1000301513003008030031802321
:10F468000A240004003116030437C0B248378F104D
:10F478000A250004CA248C0F00BF00000435C0A26E
:10F48800003006030031C0230A2600340F70CA2555
:10F498008C0F00BF00000436C0A20A210014CA263F
:10F4A8008C3F00BF000004300096003000030A279C
:10F4B8000004CA218C1F00BF0000043600860A27FA
:10F4C8000024CA278C0F00BF000004300086CA271A
:10F4D8008C2F00BF00000130C00586150B16483080
:10F4E800C202483280000730400487150C16831D7D
:10F4F800D8127C85841D181301354B2101368C27C1
:10F5080085151716424180210A0B5DA510DA84C6BD
:10F51800821DD8150730CF03013700314830C002AB
:10F528000AA54833C01201304B120FA54834C01247
:10F538000136CC010EA54833C01213A54834C012B9
:10F5480016A50033C0031BA5820EEFE984C04A2428
:10F55800007180C0A8200002041601140034412064
:10F56800041850005622812F0A0CEFF480C007318E
:10F57800C324881500164C700031812F20410000EB
:10F5880004318080003300006A1D181004F6D3404F
:10F5980000BF000001310004041A432080228B249C
:10F5A8004830C002001A0420D8C7E078E8C3822493
:10F5B8000C345040084584C08A220C0028470E0E9F
:10F5C800EFE984C600854024833140240432402476
:10F5D8000533402406304024C731E14102421A0A6B
:10F5E8002FF1061C833002C002E8C8C707148F3009
:10F5F8004A20402006148130EF78350924002F2650
:10F6080007F41F08B00080C12108510000C0096636
:10F61800047140C0DA0A2000A140104006F0320C04
:10F62800EFF284C0391D0210E571E6F10C70DFF5C8
:10F638008A207E06C8C7E078E2C2848806EC001FEC
:10F6480003000418030004F0001F43004A24C0709C
:10F6580040200C020A258011A820800104140B14F4
:10F66800041DD0123A108C0048340C1080A58D70FF
:10F67800A38304350093C5F63FDC18BC04F0CB44E3
:10F6880000BF000001350C134834CD12AF7C8C2428
:10F69800C39F1EF239108B00210CE4124A24C0705B
:10F6A80040200B020A24C010A8208001041408146A
:10F6B800041B10123A1842034A240071001F030069
:10F6C800A820800104130C04041E10038043B60A0A
:10F6D80020000A244001C2C6E6C3A2C10846008031
:10F6E80060444024C33040240531402486304847D4
:10F6F8000A2540105E092FF1031C83300214803064
:10F70800031481300F782F090400110890001B089A
:10F7180051003816801004F03916801081C3A141B9
:10F728003A0BEFF2E142021480300471021C0230FD
:10F73800E8F101C04128010200AD21ADC6C7E0785B
:10F74800ECC3A2C15041304008472C7010DA604029
:10F758000A220021BA0AEFF76845CD714A24C07021
:10F76800041C0335031C83302F083020021C82330D
:10F778004024403140248130A82000020111820435
:10F788003822420401189200EA0AAFF440244031BA
:10F798001AE80E726BF00C70A82000034024813028
:10F7A8000961402442311A6204713821410420AAB7
:10F7B800C20AAFF4402440311FE80E72011D8310C5
:10F7C800C0AD1CF00087130971250E700B0891015C
:10F7D800C0AD00870E711509D12511085102002509
:10F7E8000014C0A806710087890991258508F101D0
:10F7F800027506713DF00E7000872B08B101782163
:10F80800C1277821002860C080C00A0B6FF5011C51
:10F81800423008E800250014067201188300C0A8C9
:10F8280000872908F101782140287821C12760C084
:10F8380080C0E20A6FF5011C423008E80025001478
:10F84800067201188300C0A80087A0B825083102F5
:10F85800782180287821C12760C080C0B60A6FF55A
:10F86800011C423006E802750672011D8310C0AD06
:10F87800001A0024CCC7E078E6C3A2C108460816DF
:10F88800001460444024C3304024053140248630AD
:10F8980048472845BE0FEFF0031C83300214803020
:10F8A800031481300F78370904001B08B00081C3A6
:10F8B8001F08710081C3C140A141220A6FF5E142CE
:10F8C80007F032168010A1419209EFF2E1420214CA
:10F8D80080300471021C0230E4F101C041280102A9
:10F8E80000AD21ADC6C7E0788904C00000429FE1A1
:10F8F8000C70E020CD070C71E07F381A4200E078E8
:10F90800E6C382240C374847084587C08A220C0082
:10F91800BA0AEFE92846008540248334402404339A
:10F9280040240536402406354024C734C141E1420D
:10F93800C60EEFF0121C833003C003E8C6C71314C9
:10F948008E3012148130CF78350904002308B000B6
:10F9580085C12908710087C085C166096FF580C215
:10F9680000C201C102C042A523A504A506F0E20811
:10F97800EFF287C03A1D0210C571E5F103C0C6C792
:10F98800EEC3AAC138108C00084588476846504124
:10F99800410C3F1030404A24C07002400A21C00385
:10F9A800A820800104100204041990003A15801060
:10F9B8004A24C0704830020040A122410A20800336
:10F9C800A8208001041103040418D00040A068F0A6
:10F9D8004285238504853A15921043C244C11B0C05
:10F9E800FF1045C003C204C105C00A23802440C2D9
:10F9F80041C142C013F04F853085118548159310D9
:10FA080040C241C1170C3E1142C000C201C102C030
:10FA18000A22C02443C244C145C04A24007122417D
:10FA28000A208003A8208001041102040418900011
:10FA380080C22C732240BE08EFF1C1436086418624
:10FA480022864A2400714833002049C046C30C70FE
:10FA580086C347C2201C4030A8200003014B15264E
:10FA6800021020A2F020012015270210047120A204
:10FA780083C22C7302407E08EFF1E143418722875D
:10FA880060874832002049C047C248C186C110DAA1
:10FA9800E1403A09EFE946C338158C10270C7F106E
:10FAA8002C74210CBE1014E52C740240E1430E0A9C
:10FAB8002FF3A1422C742240A142020A2FF3C14322
:10FAC800CEC714E50240E1435A08EFF1A1422C7475
:10FAD8002240A1424E08EFF1C143CEC74A24C0706C
:10FAE8004020010F40200202A820800104120304D4
:10FAF8000419D0003A10810004184300E07F481828
:10FB08004200E078ECC3A9C1304086C14847960D51
:10FB1800EFF70845BA0CAFF886C0D341DB2EFFE6F5
:10FB280004304084D3F6020C4FF633083028CD70E9
:10FB3800430811242185608542855221C10742C6A8
:10FB480041C300308E0040C115F0408521850285F3
:10FB5800CD7040C241C142C00DF04085228561850B
:10FB68005222C2075221C10742C640C300304E008C
:10FB780041C280C083C12E0DEFF740241230D3401C
:10FB8800803F0000013601145020C02500310000DC
:10FB98002F3500103A0CAFF883C004304084DAF6F1
:10FBA80004360094CA26091401300100023080236B
:10FBB8004A24C070073040002F310000A8200002FE
:10FBC8000412002400310000041F1010A0A7CCC7A5
:10FBD8000C70A3A702A701A700A7CCC7F4C3B1C1A3
:10FBE800284610448EC1C1400A2540210A2300211D
:10FBF8007040B20CEFF74845401412300FC7381464
:10FC080011300186013796140031822F6B3CFAEDD2
:10FC18002286043680A05220C0074DF701324224C4
:10FC28006C702F3280000431C080404103F65222AC
:10FC3800C107A20F0FF22F31800500A5960F2FF2F2
:10FC480000860018002000858D705220C00700A58E
:10FC580002860430008388F706405220C007001847
:10FC68000020028621863FDA0430008318BA47F75D
:10FC780001374314043380808BF701324324043363
:10FC88008080C4310583CA00260004310083408681
:10FC980046C045C144C284C080C26E0EEFFF20D961
:10FCA80002C303C001C100C241C05221C10752238F
:10FCB800C00742C243C140C080C187C2D6082000E5
:10FCC80082400AC10E0F2FF209C00030800F00C019
:10FCD80000004C700430808045F70130800FC94027
:10FCE800DB0F001B0020008622864BC001860431F2
:10FCF800808080C24CC08BC04DC152F70A0EEFFF06
:10FD080020D901C303C000C102C240C05221C107AB
:10FD18005223C00741C243C142C005F0EA0DEFFFBC
:10FD280010D980C187C26E08200082400AC1A60E81
:10FD38002FF209C0013001000C700431008046F731
:10FD48000131810FC940DB0F001D4020D4C76086F8
:10FD580056F7C34235BFF30404318080D0F604302F
:10FD680000834EF704308080CAF60433808F353F15
:10FD7800F30446F7043380801607C9FF46C045C11F
:10FD880084C080C210D9820DEFFF44C396F1E07899
:10FD9800E6C0808163800C110B00E080C181A280E5
:10FDA80000330C030037C31200358813C281A180C9
:10FDB8000133030302330C02003583130134C310EB
:10FDC80060A280816280C281A08000330B0383819E
:10FDD800618000358813C181A38000330303013398
:10FDE800CC02003583130134C3100233030261A22D
:10FDF80080816180C381A28000330C0300358313A6
:10FE0800C28102330B0381816080A3800033030326
:10FE18000133CC10003583130134C31062A28081F2
:10FE28006080C381A380003308038181618000352D
:10FE38008B13A281228000330303023300120031A6
:10FE480041030230C0000230400003A2C6C4E0787B
:10FE5800408102A15470E07C2181007AECC270429A
:10FE680048470846C4E1C80025000E70CB45A000ED
:10FE78006C7E008D0B087100FFD8088D04F0001D02
:10FE8800431008AD0B0881030C15101022F00F0E5B
:10FE98005119CB441200EC4A04F0CB441200F04A4A
:10FEA80040250611C340A000307EC342A000D8CB35
:10FEB8008A231000C344A000D8CF8A250800232035
:10FEC8000003C1410E7005E8001D021430F0C8ADF2
:10FED8005320802100AF0185402891215421012819
:10FEE8001709240040DE4F20C02100AF0185001D06
:10FEF800031002204E04C1AF01852C7040DA02AF16
:10FF0800018528B803AFE574060BAFF7E14000217F
:10FF1800812FA000D8CBCF7AB20CAFE9E1404020C6
:10FF2800412044D80E7123A5001A04200240CCC6F3
:10FF3800EAC20846B30930006C700012D1000D09FE
:10FF48003220C4E1A2000500CB45A0006C7E008DE4
:10FF58000B08B100FFD8098D04F0001D831009AD0E
:10FF68000B08A1032240E18508F0E38A028AC9ADA3
:10FF780008BF057FE1A5008A8C27109038002D0066
:10FF880006B8618A0420810F0000C01F7861290F1C
:10FF98000410D340A000D8CB00210004246A2E0C02
:10FFA800AFE9604241091320150E5119CB461200E2
:10FFB800F44A09F06C70001D031017F0CB461200CC
:10FFC800F84AC340A000307EC343A000D8CF8A249B
:10FFD8000800024123208003E1426C700B083200C4
:10FFE800001D03106C716040CAC6E078E2C2084484
:08FFF800FDE0684509F2FEE49A
:020000040802F0
:100000000CF44040DF59001D05110C71C2C625D803
:10001000560EEFFFA143C2C6BFE40C7038F7130CB5
:100020005010130C5011E90CD19021D8F2F120D8C6
:10003000F0F122D8EEF1E078F1C00043FDE006F4E3
:1000400025D8FA0ECFFF0DF0BFE30C7009F7170BA0
:100050005000170B50010B0BD10021D8F3F1D1C088
:10006000E07E20D8EFF122D8EDF1E078E4C3A1C121
:1000700080C0C3411300B8785A0BAFE94C743B58A9
:1000800008462845FED880C18C70C142A1436B58F8
:10009000F8D880C18C70C142A1436B58C340F000B6
:1000A0003F00208884B920A8C4C7E078E6C208458C
:1000B0001218850728DA0C18010568188102C34157
:1000C000C0490092C3400749002440250E1750AD97
:1000D00022A501A52C703CDAC140641D81123A09A9
:1000E000AFF7581DC310AE0A6FF0C1401A8519084A
:1000F0007202ED70198511087002C140960A6FF006
:10010000641D41120995CB44C8420000C343833AA1
:100110006F1248300000003000030030C10004318D
:10012000C083C5F63FD818B804F0C34000BF000034
:1001300001310000308D4830C002107A8BE2483126
:100140000100CA20A6020031010310784820C00037
:100150000CB5B6082FF40031C0004830C00205A528
:10016000C6C6E078E6C208458A200A00CB46164398
:100170000000C341FD44002010B501A55525401CD9
:10018000C7A5160B6FEB24A50A0D6FEB5625801A39
:100190005625001DC34113007C5E3A0AAFE940DAE0
:1001A00007857FD917B90731090004150B10C34221
:1001B0001C490040C3404841000046A548338B100D
:1001C00000330210CB47833A6F12CB4448440000FF
:1001D0000032C203CC708A1D18135021CC05CB40CD
:1001E000104200008B1D9813C34396440000CB4679
:1001F000AF4900C8814104328081781D1812891DE1
:10020000D810C5A5C41D4012CF21EC07709501324E
:1002100041004831C2024833010000310000492248
:1002200002020030C103482200010431808102A58E
:1002300002F69FBC013100034830C002492040064D
:100240004820000109A50E082000A140C6C6E0789C
:10025000E8C3A4C14A240076084640200D0B0C7068
:10026000A8200001041D11104A248077CC1E001024
:100270000C1E00105526001D531E5910A820000109
:10028000041811004A24C07055264F1A0A20C003D2
:10029000A820000104181100001803005626801A37
:1002A0004A0C6FEB1040418702876087C3417A4454
:1002B000000043C141C242C080C110DA02401609A9
:1002C000AFE940C356260F1BC3411300BC5E40DAA2
:1002D0000209AFE90A20C0034A24C070A820000127
:1002E000041D11104A24C0700A20800F7AC4000037
:1002F000A8200001041D101080C1E140B11E431070
:10030000E20AA000281E01105526401B80C1C60825
:10031000AFE910DAC8C7E078EEC38224063D08468C
:10032000542000092C70F20E6FF714DA4A24407141
:10033000D1415426931B80218E21AD70A82000014D
:10034000041B11202C7028478FBF40DC001942236A
:10035000FE1944A3FC1944A347097501152643104F
:100360004D831D0A700114264010230A51025218B1
:100370004403481844037FD817B810F05218C40338
:10038000481804034FD818B808F05218C403481886
:100390000403C3407F7FFFFF17A32471DEF1C14038
:1003A0008020070D4A2100006E0E6FF78A2206009A
:1003B000DFE594002D0015265213741203204A2401
:1003C000807BD3401300B8604A20000040200C23FB
:1003D000A820800204140B1481C11A61047138230F
:1003E000C11020AA260EE00181C014700C700AF220
:1003F00014264113FA191C0080210A0D00B122F0C5
:10040000741203204A24C070A820C00204100124E2
:10041000402442301A6204713821C10020AA4024CD
:1004200040305A0E2FF414265013024180210A0D39
:1004300004E88A20040003F040D8E0B1FA181C2038
:10044000A571B8F18DC02C708A220600CA0D6FF715
:1004500040240D3D8A2401785426891EA820820755
:1004600004110214C3408B3A58A0D5E2960029002B
:100470008D71EE6AD50F751F6C706D710D714C71B9
:100480002520C00365F062F063F060F061F05EF07B
:100490005FF05CF05DF05AF05BF058F059F056F008
:1004A00054F054F052F052F058F050F056F04EF034
:1004B00054F04CF052F04AF050F048F04EF046F054
:1004C0004CF044F042F042F040F040F019F03EF0C1
:1004D00017F03CF015F03AF013F038F011F036F068
:1004E0000FF034F00DF032F027F030F025F02EF060
:1004F00023F02CF02DF02AF02BF028F029F08D704D
:1005000025F08C22428DCFF68C22828D18F28C221F
:10051000028E18F28C22828EF3F38C2203800AF270
:1005200014F08022BE0A250A750115D81D088E0018
:100530008A2144000BF06D706C710BF06C7008F048
:100540000D716D714C710AF02C706C716D71C3403E
:10055000CC3DCDCC4C70684052240C1075705223A9
:100560000310857ACA20810F1C410AE815705220B9
:100570000B10457BCA20810F203C12AC0523FE8264
:100580001C7141290306412902044129000220ADC2
:1005900063AD42AD01ADA57400138220DF160016D5
:1005A0008E0F20018DC17FDAC343C842000017BA05
:1005B000C34174490024C3407A440000FB1943A09E
:1005C000DE1E1910DD1ED8104CA62BA60AA6CEC71B
:1005D000EAC21040820A2FFD55204D08CB40484307
:1005E000000083DB8A2744308A250109C344A042E6
:1005F0000000C34720410000C346C03F0000CB437A
:10060000FA440000CB470E3D4DF3CB46D63C62A1E9
:10061000CB44033B6F12CB41233C0AD78A21072DE1
:100620008A26043B17BBC342C8410000C3417A4538
:100630000000C34070410000701800228A2087101B
:100640007A188320781805206C18C4277418402263
:10065000901D00125C1D4011581D0011541DC01149
:10066000501D80114C1DC012E2A5C1A580A5881D9A
:100670004014781D80177DA55CA53BA50EA5CAC6B4
:10068000EAC3BEC1A84708460C7002A701A700A78D
:100690008A863041CB458244553502240103848645
:1006A00048318B0021860034CC12281E00110434FE
:1006B0004090CA21050304314083CA254910B6A6DB
:1006C00002EBCAC74A24C070A82000020412010429
:1006D000003141000130400028860430408019F686
:1006E0004A24C0700E7022414A220000A820000255
:1006F000041100040030000001320200388601328B
:10070000800F80BF00000430408090010C00241650
:1007100080101C16101004E85C1E03104A24C070E0
:10072000AD700C70A820C003152601103381F02194
:10073000032097C200304120157A02334100047132
:1007400020A23C1680104026101B3CE897C180C2B6
:100750000240B20DEFEF3C1E4213C60C6FF180C099
:1007600002C680C0BA0C6FF142C57FD817B80136F7
:1007700001105020C205023080030031810000309A
:1007800080002F33400001C145C52F32000000C05A
:100790005220C00746C3003181000032000043C12F
:1007A00044C083C09AC2920CEFEF02419AC0F60C8B
:1007B000EFEF83C183C110DA1A0C6FE90240CAC798
:1007C0009AC010DA0E0C6FE902419AC0A209EFEF4D
:1007D00083C183C0B209EFEF8AC197C08AC18DC2BD
:1007E000FA092FF44024103D86864A24C07054260E
:1007F0000D18A141A82080030410002456866081B2
:100800000034001000308000013300000419100093
:100810004085028521854A24C07047C249C040C234
:1008200042C00E7080C287C30C7048C1041C4030A7
:10083000A820800204120C040413010400310103F7
:10084000013040000430808F233C0AD724000C0084
:10085000DE0ECFF54A24C070A82000030015011059
:10086000003041000031810FCC3DCDCC041D501033
:100870004A24C070A82040048DC04586F0200004A2
:1008800015260114308100320000152703140130B1
:100890004000067100A317F124168010147040F375
:1008A000DC4E9AC02E0B6FE910DA9AC0C208EFEF47
:1008B00093C193C0D208EFEF90C190C18DC2224086
:1008C0001A092FF48DC55C168010251681100F08AB
:1008D000650004715C1E021022F14A24C0700E7083
:1008E0004A210000A8200002041500140030000076
:1008F000013101001986043100802406ECFF4A24EE
:10090000C070542680190E703C1E4310A8200001B0
:100910000418110004F1E078E2C2DA0CAFFC0845DB
:100920004A24C0707FD817B84C70542501180EA502
:100930004DA54CA54BA54AA5A820000104191100FE
:100940004A24C070A820000104191100C341C84204
:100950000000C3409C4600405C1D82103D1D4310BA
:100960003AA501A5C2C6E078E2C224772909B502FA
:100970000845252040000BF00FF015F019F01FF08E
:1009800023F02AF02FF03BF033F04040F60C6FF7E5
:1009900060410CADC2C64040C20EAFF4604105A537
:1009A000C2C64040B60EAFF4604106A5C2C6404084
:1009B000AA0EAFF4604107A5C2C640409E0EAFF438
:1009C000604108A5C2C64040BA0C6FF76041241DC3
:1009D0000210C2C6404082086FF26041251D02101D
:1009E000C2C64040760EAFF4604118A5C2C6404072
:1009F0006A0EAFF4604104A5C2C640405E0EAFF47B
:100A0000604119A5C2C6E078E2C3A4C1896940412A
:100A10002B0CB51108452520000307F010F016F047
:100A20001BF027F031F080C22040220DAFF760416B
:100A30005C4D80C19E096FE910DAC2C720402A0BC5
:100A4000AFEC60410AA5C2C720403A0C6FF7604185
:100A50003C1D0210C2C780C220406E08EFF4604106
:100A600000C201C102C050A531A512A5C2C780C2F3
:100A700020405608EFF4604100C201C102C053A5F6
:100A800034A515A5C2C72040D20DAFF460411AA508
:100A9000C2C7E078E2C3A4C14845628056802CE01A
:100AA000460BEFEFA14480C010DA2A096FE9A1419B
:100AB00080C0F209EFEFA141C2C7E078E6C2084565
:100AC000120BEFFF5520CE097A0BAFFCA140E816C0
:100AD0000990C340C8420000CB43C8410000003128
:100AE000091071860731C91298861AA5CB40833A3E
:100AF0006F123FDF483383000033C002C342233DFF
:100B00000AD700300002C3419C460040CC7018BF99
:100B100048348C105FA521A5E1420034C112043095
:100B20008081CA228C0F00BF000000310302013017
:100B30008000043380814830C002F41E43903C1D85
:100B4000431012A6E41E4092E14105F6C34100BFE6
:100B500000001E86483080000030C2020133400091
:100B6000003203024830C0020433808119A605F622
:100B7000CB4700BF00000133C003C3421300485FEE
:100B80004830C002C3412B3C40EB1DA601827E1EB3
:100B90005810608222827B1E1810A1407A1ED81045
:100BA000CA0A6FFD7C1E58101C8648308000003039
:100BB000C002003001020C7004310080C4F63FD83E
:100BC00018B805F0C34000BF0000013100004830F4
:100BD000C00249200005482080001FA6C6C6E07854
:100BE000E8C3A7C1084555204E086D18030247DC2D
:100BF000C3423B4AC1BFC341DC44304EC3407B3E8D
:100C0000D75E18BCC343A3420BD7CB47D33E98DD76
:100C100055A534A50CA555250018C34113007C61CA
:100C200010DA9AA579A5F8A5AA0F2FE90C1E85114F
:100C30004A2400718A211002F7A57FDFCB43513F80
:100C400018B7CB44983DC2B5C3434C3FCDCCC3424B
:100C500083413B6CC340213DE061701E44102C7009
:100C600017BF281D8511481EC0128AA67BA64BA55A
:100C7000681E0010A8208003152540108010000079
:100C8000402410331520422002370010247100A2A6
:100C90008209600083C06209600083C04A24007139
:100CA0005425001EA8200002041001240237411020
:100CB000041850003E851F855D856A864A24C070F1
:100CC0005525101A41C142C080C10240001C80302D
:100CD000A8200002041102040733820004189000C7
:100CE0004A24C07040250017351D4310361D43109F
:100CF000A8200001041811004A24C07040250014E7
:100D0000A8200001041811004A24C070A140ED7011
:100D1000A820000104180900784D341DC213060FE5
:100D20002FFC2A1DC2130286408621868A864A2409
:100D3000C070C343513917B745C083C0E6A6E4A6C7
:100D4000361D4310351D431065A643C2101C4030AC
:100D5000A820000204100104073441100418502098
:100D60004A24C0700C705525411B0BA6A820000119
:100D7000041911004A24C070A820000104191100B0
:100D80004A24C0705525001DA82000010418110038
:100D90004A24C070A8200001041811008A21100202
:100DA000E91D0310701E441000180300C8C7E07846
:100DB000E8C24A2480711040FC180100C3400000C2
:100DC000409C8D70C343A03F0000C3427A440000A2
:100DD000C341FA430000EC180020E8180020562018
:100DE0000028CB451300B85FF818C020F418802005
:100DF000F0184020A8204002332441138571483167
:100E0000810004185000C3412042000002404025E8
:100E10000E18461858208020040718DAB60D2FE95E
:100E2000C14102408020040DF84DAA0D2FE918DAC7
:100E300002408020050318DA9A0D2FE9C1414A24A7
:100E4000C07002407DD98020050917B9A820000193
:100E5000041850004A24C0700A21800F74490024ED
:100E6000A8200001041850004A24807181D917B9C4
:100E7000A8200001041850008585668547854A240E
:100E8000C0707DDE0241CB47C8410000CB43120059
:100E9000804F05BE8021060B0018C0036A18D822B7
:100EA000691898236718D82066181823681898209E
:100EB000A8200001041911000A46C340A244008082
:100EC0008026091F8A230F0AC3421C45004000A147
:100ED0006F181820C1407118D820DA0BEFEF701886
:100EE000982008D9EA0CEFEFC14054250D1A8A2149
:100EF00008000240A6082000A1422C708BB90240D5
:100F00009A082000A1420E0820000240C8C6E078DE
:100F1000E6C3A6C108478027091F0846760CEFEFF5
:100F2000E1404A2480727FD9C140AD704029C1059B
:100F300080200B05C01F8312A01F4413C41E58102D
:100F4000C31E5813C21E5813C11E5813A21F4213AA
:100F5000C61E58139A1F4213981F4413801F421332
:100F6000A820000104181100CC160210D0160110A0
:100F7000D416001043C244C145C04026021880C1A7
:100F8000C140C01E581340C541C5E6086FFE42C5AA
:100F9000A81F4213C6C7E078F0C3A6C14092CB4455
:100FA0004847000008454832020007348B10D34000
:100FB000C84100000A220024C343833A6F123FDA7B
:100FC00048310000073413106A1500166915011620
:100FD0000D7018BA48308000483181004841043310
:100FE0000094CA22C5220032002000324120003085
:100FF000C0000031CB0004300082CA218C1F00BF2A
:101000000000013040025525911E04330092483003
:10101000C002CB1D1810404004F6C34000BF0000C2
:101020007FDF17BF0737C914264100258E1F000038
:101030001C034831810000324C2001330110003183
:1010400000134831CC020030C100CA1D181304310E
:101050000082CD1D581205F6C34200BF0000EC15FA
:101060000010013181008D70483080000032002076
:10107000003100100030C2004831C0020432008349
:1010800014AEC5F63FD818B804F0C34000BF000046
:10109000FC1501100132000048318100003341206D
:1010A0004830C0020031C20015AE04320083C5F6DC
:1010B0003FD818B804F0C34000BF000071150C16EB
:1010C00001320B002C704834801000320020C61D05
:1010D00058100030C2004833C0120432408020B69D
:1010E00022AECE1D1810C5F63FD818B804F0C34084
:1010F00000BF0000013200000032822FCC3ECDCC78
:101100004830C00204324080C81D1810C4F63FD8D1
:1011100018B805F0C34000BF000001320100A14033
:101120008020090F4831C1026A0AEFEF201E4210E9
:101130004A248072A1402C7080200B05E01E429052
:10114000A820000104181100184DE0DA2241860A97
:101150002FE9C01D1910A1418021040780C018DAB1
:10116000720A2FE940241430073080244A24807109
:101170004025111F0030800FC84200000730CE0408
:101180000436C093CA26C913A82000020414002400
:101190000036001004191020A1418021040D80C0E8
:1011A00018DA320A2FE980C74A248071A820000289
:1011B000041700140036001004191020A1418021EA
:1011C000050380C018DA0E0A2FE980C74A2480710F
:1011D000A820000204170014003600100419102083
:1011E000C34148420000043240A0C34048410000CF
:1011F000CA224920043200A0CA22052007308124D7
:10120000B4150010041D431000310000B41D00107F
:10121000D0C7E078ECC3A4C110415520CD088A2185
:10122000050033A52FA52241C342F0420000C3436D
:101230001C460040D3401300306080210A0F08187C
:1012400081000C184300C340A2450080801D981007
:1012500042A565A50019030016421E43064583DF1B
:1012600004A503A52240CB40A04300008A27060422
:101270008A23031217BF8A260A00CB460000881370
:101280008A210F1ACB44C843000080200405041DA6
:101290000012001DC011741DC012FBA5581D801145
:1012A000D0A5281D401287A5841D9810851DD81033
:1012B000E609EFEA861D5810DA0BEFEA5621002DF9
:1012C0000A22402480220A2B4020012510DA060938
:1012D0002FE9424001854A2480777FDAC3434040AA
:1012E000000017BA0A21800F9442000040210C240C
:1012F000971DD810961D9810871D58107A1D18102C
:10130000A8200001041C11100085C342C841000040
:10131000C343833A6F1248308000003080003FDEC4
:101320000030C10018BE8C70C14004310081CA2059
:101330008C0F00BF000001310000E7854830C0027B
:101340004920800248200001E6A500A40A85938573
:101350003085483087000F8548348C1000379E0058
:101360004830800000308700003480104831810010
:10137000003181000030CC0016850036CF300031BE
:10138000DE003D85483080000037DF0000308000FF
:10139000C1450437009148318100C940CA258C0FEE
:1013A00000BF0000043700B10030C70000318000EA
:1013B000C146CA208C1F00BF0000043600B1C941DD
:1013C000CA268C0F00BF0000043400910030C0001A
:1013D000C943CA218C1F00BF000004370081CA2303
:1013E0008C1F00BF000004300081CA268C1F00BF84
:1013F0000000013080034830C302483380000730CA
:101400008000A71102267CA5811D9810013682312B
:1014100007304400A9110026A8110126831D1810C9
:1014200001374011821D5810013701324830C00287
:1014300009A54831C002013441120EA54832C0024C
:101440000137C2020DA54831C0023B8512A54832C2
:10145000C00215A50031000110DA1AA580C0760F70
:10146000EFE842415621812F120DEFF380C087151E
:101470000016FAD90419432080218B240019442036
:10148000691D1810CCC7E078E8C208468A0DEFFF46
:1014900055204D094A24807740260014A8200001D9
:1014A000041811004A24C0700A27801380270A10EC
:1014B000A8200001041F11104A24C0705526801E68
:1014C0004A210000A8200001041811004A24C0701D
:1014D00056264018A82000010418110040854A240F
:1014E0008077C1405626031980204A0F0E702EAE19
:1014F0002DAE3CA532A52FA52AA5241D8110421D85
:101500005910181D011520A8881D4010001F8010BB
:10151000A8200001041B1100D209EFEA5626001D85
:101520000087CB4713003060CC4F461D181056265D
:10153000801D40DA451D1814441D1814960EEFE85E
:10154000431D1814C14080208A0F2C70CA0CEFF67E
:101550000ADA20870187C342FA00FA0080260B15B9
:101560008F1D98108E1D18108D1D5810AC4F10DA5D
:10157000620EEFE8C140C8C6E4C3A3C14A24C070EC
:101580000A25001040200E0238184500A82000014E
:10159000041E1110402440302C7007DA7A0CEFF64C
:1015A0003A1D03104A2440720C7180C162C061C0B0
:1015B000001C0230A82000020111C0044830800045
:1015C000041E10104A24C0707C4D984DA820800144
:1015D0000411020404189000481D0310C4C7E078E9
:1015E0004A240071A82080011410020404199000FC
:1015F000E07EE078E4C208464A250010AA0CEFFA23
:101600000086A571F90D3491041E1010C4C6E0784F
:10161000E4C208464A250010160EEFFA0086A571AE
:10162000F90D3491041E1010C4C6E078E07F00A1CB
:1016300031880DE918881B085100C340A0004D7E79
:101640000088147080D805F2E07EE07F0C70E07FA7
:10165000FFD8E07878884A24C070C340A00030AC3E
:10166000A820C00140800D0AE0004C7008E0E07E38
:1016700001806C700430808F7F4700FFCA226B00AE
:101680000430C080CA208E0F803F00005470CA20F2
:101690002100E07F00A1E078E6C24A24C070C34385
:1016A000A000F0AB28476041A82040021C110204B2
:1016B000090A0100E8190380E07858884A24C070BC
:1016C00054230008A820800120800B09800008E036
:1016D000C6C6C1800436C093FCF3CB45F000490078
:1016E00055D83E0C6FF740AD48374112483640128E
:1016F000031D4410051D0410C6C6E078FAC2FC1C88
:10170000C8B6260AAFF4A9C1AA0D6FF4184346C0A3
:101710003B58CB47A00030AC0E700F706E70D347B3
:10172000A000307E44C045C1341F0014381F00148F
:101730003C1F0014401F001406C00C2000B08202A1
:1017400026004028CE3163760786147026F46E8E0C
:10175000498E318E1816941004EB0D8704710DA775
:1017600078220C007921000004240C9004F20E87EA
:1017700004710EA704E90F8704710FA704EA10870C
:10178000047110A72F260525D67008022C005224BC
:101790000010782301000B79F80122004E71C1403E
:1017A0001C1CC1301A09EFF3201C80344D86301602
:1017B0001110AD702F2100050430408342C1CAF7DB
:1017C0004226012D2F79347354010600104105F093
:1017D000D3417F4700FF50454A21003082C188C273
:1017E00040240437E143E240181F43100C1C4034EE
:1017F000965A6E0CEFFB10441C1780202F087E00B9
:10180000181F031045870C170710081786100417B8
:10181000051000178410908F27C303C122C041C256
:101820002F220705F20FAFF640C48C243FAD0CF415
:101830000B87A5710031912F003F00000908650357
:101840002F71ABA78240043140A5B9203F0DC520C0
:101850006B000520800489085180CB45F0003400DE
:10186000A10C322052D81909303052D8B20A4FF7A1
:101870004E240020483141220CB52DB507C16E0918
:101880002FFCE14003C54226002D0F781472C3409F
:101890007F4700FF07F70435009045F77FDD17BD50
:1018A00043C5043500902C700C70CA206B000435C1
:1018B000409044161110CA258E1F803F00001470FE
:1018C000CA252110C1401609AFF5B0A623E804319E
:1018D00040A35EF20C70043500906C002C003C9626
:1018E000B2E94E1682108A21BF0F0C778C22C38F6B
:1018F000CA204100381E45104E1E0210FFD82AF0A3
:101900001E0A4FF74E240020483141220CB52DB558
:101910003FF02C715A0BAFF3C1403AF0398E2509D4
:101920007F016C70C34148440000043140A0CA23C9
:1019300069005021FEA731F27470CA2142202EF0B6
:101940002E704BF1043500900FF70FE91CB60C70A8
:10195000E2084FF404C31414043000422C73AC703A
:10196000AA0E6FF7C140C3407F43000004350090CA
:10197000CA2045034830400204C3141404300F7ACF
:10198000782205002C72860E6FF7C140B1A66671F1
:10199000A905EFFF07713041D345C83F000004326D
:1019A0004085CA258920043040856F210B00043012
:1019B000408405F6E0B9BE7010414E700EF1490B3F
:1019C00030202E7106C01BE818DE40DD3323803343
:1019D00017085200302341335021FE8705F26E096B
:1019E000E0000F780AE806C0067155250D18E108D9
:1019F00024A055260E1803F02E70C340A0004D7E83
:101A0000001842040C870B08C504301FC014920E46
:101A1000CFFBA9C004141B34DAC6E078F1C0360B42
:101A2000AFE80C71C341120084FD0A086FF70C7215
:101A3000C3411200C8FD92086FF70C722609C0005E
:101A4000D1C0E07E0430808F7F4700FF2C704C7047
:101A5000CA226B0004304080CA208E0F803F0000F5
:101A60005470E07FCA202100E6C30845038000804F
:101A700027801F09F000A3C1730951014880248207
:101A800061920081238282BB61B240C00AF028804B
:101A900022895D097F0080C14480407A004127E8A7
:101AA00004854024C33240240431C0801185E4867B
:101AB000F20D6FFB42870B1480301108510000C0FB
:101AC000238601A76079C140018507800B20808FA4
:101AD000000818000BF2048501C101806480428374
:101AE00020A200C14380607A21A3C6C73A0A8FF6BC
:101AF000C6C7E078E2C21180AE0E6FFB884500A534
:101B0000C2C6E07811806D076FFB2F79E2C21180A9
:101B1000B60F6FFB884500A5C2C6E078AD00AFFBED
:101B20001180E07865046FFB1180E0785504AFFB0D
:101B30001180E0783506AFFB1180E078FAC2FC1C1A
:101B4000C8B6A1C1CB46A000906E0A860A80147068
:101B50005E0162008A20FC000B8680204E002088F7
:101B6000220CA001C1402A860B86C60EE000301967
:101B700041000B8630D9ED70DF18980370184200D1
:101B800080200E00E0A8B20F6FF6784EAD70D346FD
:101B900013008C618FBDD3407F7FFFFFC3420000E5
:101BA000EFFF402407305626C12B40DBCC75C140E7
:101BB000A1440A25000440C7001EC073A000709015
:101BC0002A0E60015047D3411300146440240730AB
:101BD0005821C12A40DBCC75C140E242A1440E0E1F
:101BE00060010A2500045821C12F4024073040DB42
:101BF000CC750A250004C140E242F20D6001A14407
:101C0000C3401300F07340C7760F6FF51841C3410E
:101C1000A00068910C71B20A6FF338435621002876
:101C20003A0FAFF52C7140260025320FAFF52C711D
:101C3000D34513002068552500293E0AE00110D93C
:101C4000572501294024053040DA8A240108C14083
:101C5000120AEFF5A143562501294024053040DA48
:101C60008A240108C140FE09EFF5A143422501295C
:101C70004024053040DA8A240108C140E609EFF526
:101C8000A143D3431300B0714024053042230129FE
:101C900040DA8A240108C140CA09EFF5A143D342C2
:101CA0001300846A402405305922012940DA8A242D
:101CB0000108C140AE09EFF5A143C60E6FF55521ED
:101CC00000395523813A020A6FF30C734026002F26
:101CD0008A0EAFF52C715426002A820EAFF52C71B6
:101CE0005525802D9209E00110D9CB4713004C6F88
:101CF000402405305727811D40DA8A240108C1405D
:101D00006209EFF5A143402201294024053040DA61
:101D10008A240108C1404E09EFF5A1435727011954
:101D20004024053040DA8A240108C1403609EFF525
:101D3000A1435821C13F4024053040DA8A240108DC
:101D4000C1402209EFF5A143542201294024053066
:101D500040DA8A240108C1400A09EFF5A143220EA6
:101D60006FF5542100395423813A5E096FF30C72E8
:101D7000D34413001C665824402FE20DAFF52C719C
:101D80004026002AD60DAFF52C715525402BEA08C8
:101D9000E00110D9542501294024053040DA8A2475
:101DA0000108C140BE08EFF5A1435822812D40240F
:101DB000053040DA8A240108C140AA08EFF5A143A2
:101DC0005425812D4024053040DA8A240108C14081
:101DD0009208EFF5A143542301294024053040DA4D
:101DE0008A240108C1407E08EFF5A1435822412B07
:101DF0004024053040DA8A240108C1406608EFF526
:101E0000A1437E0D6FF52240C341A0008490560D82
:101E1000E0000C762C71460DAFF5C24058218029A8
:101E20003A0DAFF52C715824002E320DAFF52C7001
:101E30005527401B4208E00110D9552700193A08E0
:101E4000E0012C705427801D2E08E0012C705825CD
:101E5000412B4024053040DA8A240108C14006089D
:101E6000EFF5A1435723812D4024053040DA8A2421
:101E70000108C140EE0FAFF5A1435525C12F402405
:101E8000053040DA8A240108C140DA0FAFF5A143DA
:101E9000EE0C6FF555210029C341A0001C91C60C22
:101EA000E00009D85824802BB20CAFF52C715721D3
:101EB000802BAA0CAFF52C715824402A9E0CAFF54C
:101EC0002C705823802DB20FA00110D95823C02F99
:101ED000A60FA0012C70592300299E0FA0012C7081
:101EE0009E0C6FF554210029C341A000D090760CC0
:101EF000E00007D858214028620CAFF52C7157211B
:101F0000002E5A0CAFF52C715824C02C4E0CAFF596
:101F10002C7056270019620FA00110D95527C01F39
:101F2000560FA0012C705527801D4E0FA0012C705C
:101F30004024053040DA8A240108C140A241260F1E
:101F4000AFF5A1434024053040DA8A240108C1409E
:101F50006241120FAFF5A1435822C12F4024053032
:101F600040DA8A240108C140FA0EAFF5A143120CF1
:101F70006FF5582100395623C13EAA0E2FF310D811
:101F80005521C02ED60BAFF52C7058250029EA0E2E
:101F9000A00110D9EA0B6FF557210039C341A00009
:101FA000E095760AE0000BD85524002AAE0BAFF579
:101FB0002C705521802DA60BAFF52C705825802D47
:101FC000B60EA00110D95725812D402405304C7044
:101FD0006C708A2401088E0EAFF5C1405723012989
:101FE000402405304C706C708A240108760EAFF5E1
:101FF000C1408E0B6FF557240029C341A000A89A59
:102000002A0BE0000DD859250028520BAFF52C7093
:102010005524802C460BAFF52C70592700195A0E09
:10202000A00110D9D3401300E86C5520C02F4A0EF0
:10203000A00140D94A0B6FF58240C341A000949D96
:10204000060BE0000ED85524C02D120BAFF52C70F6
:102050005827C01F220EA0012C70562000291A0EEE
:10206000A00110D91A0B6FF554240029C341A00018
:1020700024906A086FF329D85825C02EDE0AAFF5E0
:102080002C705823402BF20DA00110D9DB40A0008A
:10209000266F0010003150D90420800F00007FFF10
:1020A00000180430D20DA00158230029141000316B
:1020B0005827411B402405300420800F00007FFF7B
:1020C0001418043040DA8A240108C140960DAFF597
:1020D000A143562301294024053040DA8A2401080F
:1020E000C140820DAFF5A1434024053040DA8A2477
:1020F0000108C14042416E0DAFF5A1435827811D33
:10210000402405304C706C708A240108560DAFF5E0
:10211000C1405523C12F402405304C706C708A2477
:102120000108420DAFF5C140560A6FF55521803DBB
:102130005623413BBE0E2FF312D85524002F1E0A02
:10214000AFF52C70582700192E0DA00110D9320AB6
:102150006FF557210029C341A000B893B209E000F0
:102160000CD85524402BF609AFF52C705520802D46
:10217000060DA00110D955200029FE0CA00140D960
:102180005520402BF20CA00140D9402501294024C4
:1021900005304C706C708A240108CA0CAFF5C14040
:1021A00040230129402405304C706C708A240108BA
:1021B000B20CAFF5C140CA096FF55526002AC341DC
:1021C000A000B094420D2FF315D85426802C8E0910
:1021D000AFF5E2415522402B9E0CA00110D95622AA
:1021E0000029960CA0012C705522802D8A0CA0018C
:1021F0002C70D345A000D66E001500212C70A2B81B
:10220000001D0420720CA0015522C02F14150021BE
:102210004220012940240530A2B8141D042040DAD0
:102220008A240108C1403E0CAFF5A1435523012982
:102230004024053040DA8A240108C140260CAFF55D
:10224000A1435722812D4024053040DA8A24010819
:10225000C140120CAFF5A14326096FF5582400299F
:102260005523C13F4A08E00017D85426002FEE0836
:10227000AFF5E2415820C02FFE0BA00110D9592024
:102280000029F60BA0012C705720012940240530AD
:1022900040DA8A240108C140CA0BAFF5A143542398
:1022A000812D4024053040DA8A240108C140B60B54
:1022B000AFF5A143582201294024053040DA8A2491
:1022C0000108C1409E0BAFF5A143B6086FF5552636
:1022D000802EC341A0001098F20FA00018D85526F8
:1022E000C0287A08AFF5E241582000298A0BA001E6
:1022F00010D95820802D820BA0012C705820402B23
:10230000760BA0012C70281500212C70A2B8281D76
:102310000420660BA0015720802D5427011940246A
:10232000053040DA8A240108C1403A0BAFF5A143D9
:102330005821413B4024053040DA8A240108C1403D
:10234000220BAFF5A143552201294024053040DA84
:102350008A240108C1400E0BAFF5A14322086FF596
:1023600056268029C341A0000C90820FA0002AD8D5
:102370005821802EE60F6FF5E2415821402DDE0FE7
:102380006FF5E2415821002CD20F6FF5E2412C701D
:10239000E60AA00102403C15002110D90420800F5C
:1023A00000007FFF3C1D0420CE0AA0014020002930
:1023B00054200029C20AA00110D95420802DBA0A45
:1023C000A00110D94A24C07055244229A820C00277
:1023D00004120004088021900421810F00007FFF77
:1023E00021B0AD708FBD422701194024053040DA7D
:1023F0008A240108C1406E0AAFF5A1435523412B41
:102400004024053040DA8A240108C140560AAFF55D
:10241000A143572201294024053040DA8A240108CB
:10242000C140420AAFF5A1434024053040DA8A2476
:102430000108C140E1412E0AAFF5A1435523812D8A
:102440004024053040DA8A240108C140160AAFF55D
:10245000A143422201294024053040DA8A240108A0
:10246000C140020AAFF5A143CC4F4024053040DA09
:102470008A240108C140EE09AFF5A1435821813DEE
:102480004024053040DA8A240108C140D609AFF55E
:10249000A1435422812D4024053040DA8A240108CA
:1024A000C140C209AFF5A1435E0CEFF5C14087748E
:1024B00004141B34DAC6E078ECC3A7C18380084754
:1024C0000084A880021509114F21801001B50184F4
:1024D000C8800216081163864F20801001B602845E
:1024E00044850880001211000C100B000F0B3010F7
:1024F0002385419082BA41B005F040240B32081C7C
:10250000013003844128881008804380404506EA52
:10251000419082BA41B006F040240531041C0130DC
:1025200050878095A096019215083E0044204410E3
:102530005B099F10570C3100A0B801B2483402105B
:1025400048350010073086000487498F808091400D
:10255000110AB40010141210A180C485828603F001
:1025600083C408120720654211877E09EFFB40C42F
:10257000041A40241E4160790240098F0F08B400FC
:10258000A140041E401423854079CCC7E8C2638073
:10259000004100836183488068831081E1920012CA
:1025A0000801A1904F278C1081B28482C19300133F
:1025B00009010C1307004382001410104F268B10E2
:1025C00022BE021BC402150D3E1044264310390FD3
:1025D0009F109AEBA0BDA1B0A48148300C104831E7
:1025E000001007300503A0851181E0410A24000492
:1025F000C485DA0BEFFB081606102385A14060792D
:10260000041E0014C8C6E078E2C211807A0DEFFB08
:10261000884500A5C2C6E07811801D06EFFB2F7922
:10262000E2C21180DA0EEFFB884500A5C2C6E07851
:1026300021022FFC1180E0781903EFFB1180E07874
:1026400005032FFC1180E07869042FFC1180E078ED
:10265000E6C2A3C1238040818281E8824181238137
:102660000217051148820C170B104F25830061B724
:102670000212040168840C1209004F248C0081B2FC
:10268000021307010C1308004F278C0081B38881C7
:102690002487A194C081150DBF102C70238482BDA6
:1026A000A1B4208985213E009080A097E09300127C
:1026B00006016194412C84001D0B3E00412F8700D0
:1026C0000527020144250501C0BA05227E8126F4B2
:1026D000A0BB61B4483505104837021007324C01E1
:1026E00044801180442444004836030007334301EA
:1026F000A082442746002F2747002141E485C14599
:10270000428741C442C2614240C3A20D2FFC014333
:102710002385A1406079C1A7A3C0C6C6E2C21180CB
:10272000E60E2FFC884500A5C2C6E07811800500A2
:102730006FFC2F79E2C21180F2086FFC884500A57A
:10274000C2C6E07821076FFC1180E078E5042FFC19
:102750001180E0781500AFFC1180E078D900AFFC63
:102760001180E078EAC2A080684750418A85CB8515
:102770000C84170871003040C14080200E00301CCE
:1027800001100018030081083E2080260E10008EE4
:102790000F08E503A140620F0001E0AE02F028EF50
:1027A000F571E142CA226E000A248070402108249B
:1027B0002C706C708D70CD700A204004A8208004AD
:1027C00018100B157571CA2601100BF27575CA2306
:1027D000010007F2090BD110084403F0218018E032
:1027E00003EC218408F006EE218606F00C77CAC6B9
:1027F00002EB21830A24807040210021A8200001DF
:1028000018185000A14002412242220A2001E1434F
:10281000CAC6E0783E78E07E48880019050042226A
:102820003C80E07C83806C70A820000304140014BA
:10283000088042880B0A9F010590057B60B1E07813
:10284000E07EE07854D90318C30001180300001893
:102850000301E07F22A8E078FAC2FC1CC8B6B9C127
:10286000C380084744171910D140008686C52880C8
:102870000191448182B801B1038100121B002C70C8
:1028800045C086C092096FF614DA4A24C07082C02F
:10289000A82040010843A0A004740817891002C2B0
:1028A00003C3CC704A204010402404364D08451222
:1028B00004100C22088420903D09850F0000F0FFD1
:1028C000219035099F008C948C2405950AF28C2464
:1028D00085960CF28C2405960DF48480438008F0D4
:1028E00084800C10040004F08480638082B921B0DD
:1028F000C084C4710571DCF19087001B001142C2D5
:10290000019419083E0043C316118B302F21870113
:102910009109E102A0B801B40487298F08101600BC
:1029200004101400808010161720101415201014A5
:1029300013101D09340191428480A380914010142A
:102940001810101511101740364104F08BC090C1BB
:1029500008170720081506200813052040C105C1E7
:1029600041C0820AAFFC2340041BC0265E4160794F
:102970004240041DC0269E4160798240041F80238E
:10298000DE416079C240098F19083401A140041961
:10299000802323854079041880331E4160790240EA
:1029A000B9C004141B34DAC6E2C21180720BAFFC4A
:1029B000884500A5C2C6E0781180ED03AFFC2F79F1
:1029C000E2C21180560CAFFC884500A5C2C6E07873
:1029D000E6C0C380718008108B00AD714086E48B27
:1029E0004882412F0811859200190403330DE51226
:1029F0004C70041603120C9380203A0B0F08F5015B
:102A00000E783220820F13008078EB7ACB2201827D
:102A100005F208830590057C80B1A571E8F1C6C474
:102A20005504AFFC1180E078FD00AFFC1180E07828
:102A30006504AFFC1180E078F0C208450380918501
:102A400028460080548C041494109142688021938D
:102A5000A4B98F0A300021B3091586102C70CB4021
:102A60000000FFFF4A2600304A2500005F09A5014B
:102A70006D7044858D70274A021789104B0C4512E2
:102A800042870A2480073022C202488240920F0AFD
:102A900020020A2740018C71EC7038221F02782135
:102AA00042000527BEB00AF40F0E3030EC718C7175
:102AB0000A27400102F08C70657485710A26003186
:102AC0000A25C001DCF12471D2F11B0D300040DA7F
:102AD000E493E141060C2FF6E3B3E0B60BF030854A
:102AE00003F0308543B3F60B2FF62091108500904C
:102AF00000B6412C13212E704A204020088DA708D3
:102B000025204C700385F020000468802C90819370
:102B100080213A0B50240F111109F501E1B32E79F0
:102B20003221820F130080780B22008505F2308558
:102B300084BC81B32AF00B22C08424F224858D70DA
:102B40000D7062814A21000002138B001D09C5022D
:102B5000428324718262857448824092D37200005D
:102B6000FFFFCA206210F4F11F085010C34100009B
:102B7000FFFF6A0B0FF6142600140018C50F0FF0A4
:102B80001512812074E93085520B2FF620911085A3
:102B9000142601142671009000B1161A4224067101
:102BA000AEF1D0C65903AFFC1180E078ECC3A8C1E8
:102BB000084501804385ED70CD7027800B21808F03
:102BC0002000010002F2C1821709BE000082042128
:102BD000810F2200000052217E8403F2E2822780CE
:102BE0001D09D000670951010880219044800C1014
:102BF000120082B921B0208240C10BF028802289C6
:102C000037097F0080C14480407A10421FE82E704F
:102C10000E7026EE088621904509BF000E7047868B
:102C20002D0AD000270A710182B9448021B0208288
:102C3000038043C110F0F2080FF605EEEA082FF604
:102C4000C14005EFE2082FF6E140CCC7448683C1BE
:102C5000607AC1400010900085203E2019EF48871F
:102C600021922F099F0007871708D000DF08718184
:102C700082B9648221B20382208342C105F0448775
:102C800082C1607AE1400010910085213E200185DB
:102C90001E8815087F00402404340485C080E48623
:102CA0000817041011852F2207042F2347044024FE
:102CB000C531260EAFFC424101851E888F085F801A
:102CC0000714C0308708138000C001A723866079ED
:102CD000C140CCC7E2C21180C208EFFC884500A504
:102CE000C2C6E07811808501EFFC2F79E2C2118025
:102CF000F609EFFC884500A5C2C6E078ED02EFFCBE
:102D00001180E0789D04AFFC1180E078E102EFFCD7
:102D10001180E0787905EFFC1180E078C341A000D4
:102D2000906E498120A0007A5E78E07EE8C2504033
:102D3000284708450FEA2C704A26401006ED048506
:102D400020487E0CEFF5E141CF79C571F10924846B
:102D5000E5740C70C8C6E078E8C2284750400845C2
:102D60002C708A220600B20C2FF6E1401F0830209A
:102D70002C70CD7106ED04852048DA0BEFF5E141AA
:102D8000CF79C571F1092484E574C8C6ECC3A5C127
:102D9000084701804387AD703E880B093F000082E1
:102DA000A18227801909D0005B0951012880419137
:102DB000648182BA41B1208340C106F02880228913
:102DC00037095F004480607A80C110421BE80187A8
:102DD0004C708780570C3F146C710785290871016E
:102DE00082C1288501914708BF0082B8438101B1A3
:102DF0006C7040821BF0320FCFF505ED2A0FEFF516
:102E0000A140CCC7658500C2607BA1408D714C702C
:102E100007E827850F09F1006C70408004F06C71A1
:102E200002F08D706FEC0187878004874B24009639
:102E3000A080C48508F221803040101111000811D3
:102E4000052004F0402405320816041011874024A0
:102E5000C631C60DAFFD4241071480308B20428041
:102E600006F200C001A623856079A14001871C8875
:102E70004B200086C7F300C0041900201E41607972
:102E80000240CCC7E2C21180B208EFFD884500A520
:102E9000C2C6E07811800502EFFD2F79E2C21180F1
:102EA000C60AEFFD884500A5C2C6E0783D04EFFDE7
:102EB0001180E0785103AFFD1180E07875022FFE9C
:102EC0001180E078AD042FFE1180E078EAC3A4C140
:102ED000238008460181A0814880288587806192EF
:102EE000E191230CF010442311015B0C511157099F
:102EF000312082BB04820C12100061B2008040C0FD
:102F000008F0390B7F0080C14480407A10401BE8F4
:102F100007853508F00081C12B08710122BF4427C5
:102F2000439019F408856C7044808190238040821E
:102F300082BC81B041C217F0EE0DCFF5EA0DEFF57E
:102F4000A140CAC7658500C2607BA14008E8004176
:102F500007F06F20430083C141C005F083C1782092
:102F600003005086019211083E0005237E84EBF594
:102F7000A0B801B20486001404304024C6320242D4
:102F8000A0801186E485B6092FFD081705100B14E3
:102F9000C030B308138000C0238501A76079A14029
:102FA000CAC7E078E2C21180F20B2FFD884500A568
:102FB000C2C6E078118041052FFD2F79E2C2118051
:102FC0009E0D2FFD884500A5C2C6E078AD056FFDBA
:102FD0001180E0781907EFFC1180E0783D066FFD65
:102FE0001180E07871076FFD1180E078E2C2290856
:102FF000B1004C73CB45A000587E2185C340A00092
:10300000886E0080247121A52C71D20A6FF86C7033
:10301000001D4310C2C6E078F0C3A9C163802083BD
:103020002881419182BA41B14183A882E195C4854A
:103030004F27821041B581804385A48123819E8CD6
:103040000016141000151110190C3F10F143628383
:103050008883A1940D0DBF1082BD6384A1B40BF0D1
:103060008D70CB457F43000080C342C441C440C43F
:1030700043C584801180402404354024C734C28471
:10308000A0840414121010161010E48508100620F5
:10309000B20D2FFE08170510041F40140418402419
:1030A00023856079A140170BBF2085C142406A0E7D
:1030B000A00082425E41607942401314803003E8F0
:1030C000D0C723866079C140D0C7E078E2C21180C2
:1030D000120E2FFE884500A5C2C6E07811806D064D
:1030E0002FFE2F79E2C211809A0F2FFE884500A58E
:1030F000C2C6E07825078FFFF9072FFE1180E07820
:10310000B5042FFE1180E07801006FFE1180E07899
:1031100015020000D1016FFE1180E078F0C3A9C153
:10312000638020838881219482B921B421834881DE
:10313000E192C4824F27811021B22180A48443826E
:1031400000161410278100151110F14304218B0F74
:1031500022000000238452237E940BF26283888332
:10316000A1940F0DBF1082BD6384A1B40AF08D70CD
:10317000CB457F43000080C342C441C440C443C523
:1031800084801180402404354024C734C284A08444
:103190000414121010161010E48508100620A60C56
:1031A0002FFE08170510041F40140418402423851F
:1031B0006079A140150BBF2085C142405A0DA00087
:1031C00082425E41607942401314803002E8D0C7E9
:1031D00023866079C140D0C7E2C21180060D2FFE60
:1031E000884500A5C2C6E078118061052FFE2F79C1
:1031F000E2C211808E0E2FFE884500A5C2C6E0787F
:1032000019068FFFED062FFE1180E078A9032FFE2F
:103210001180E078F5062FFE1180E07809010000AA
:10322000C5006FFE1180E078F0C3A9C14380208201
:103230008881219482B921B421826881E193C48379
:103240004F27811021B32282438364840016141017
:10325000A8812384001311008195110CBF10F14344
:10326000638582BC81B50BF08D70CB457F43000038
:1032700080C342C441C440C443C5848011804024FB
:1032800004354024C734C284A084041412101016DC
:103290001010E48508100620AA0B2FFE0817051051
:1032A000041F40140418402423856079A140170BA3
:1032B000BF2085C14240620CA00082425E4160791D
:1032C00042401314803003E8D0C723866079C140A0
:1032D000D0C7E078E2C211800A0C2FFE884500A515
:1032E000C2C6E078118065042FFE2F79E2C21180FA
:1032F000920D2FFE884500A5C2C6E0781D058FFF00
:10330000F1052FFE1180E078AD022FFE1180E078EC
:10331000F9052FFE1180E0780D000000C9072FFE8F
:103320001180E078E6C20847508703802845C092A4
:103330000080AA0BEFF5C1410387C141C0B59E0BC8
:10334000EFF50180C1B5C6C64128C100442101077F
:103350003021810FA000B8CB01290000E07FC0B868
:10336000C341A000B8CB01814081628105208C0F50
:10337000FFF900000522820FFF0F00FC0523800FDC
:103380000070F97881A140A1E07F02A18C20028821
:10339000E020C5074128C100442101070021820F18
:1033A000A000B8CB2082C4B80F210000E07F00A2AB
:1033B00069048FFFE6C2D180084510802847448EFB
:1033C0002F0A7100009095E803852C700E0BEFF525
:1033D00000800385C3410000FFFF001F0510FE0AA7
:1033E000EFF501801085021FC51F448E009094E800
:1033F000250A91000385C3410000FFFFDE0AEFF5B7
:10340000008003852C70001FC51FD20AEFF50180D4
:10341000021F0510C6C6E078FAC2FC1CC8B6EC1C38
:1034200008B1A08000C000121300CB477F4700FF07
:103430002C1519100080584330440F70D342103AB5
:10344000E02D2E7044C00C70F147F14543C341C0DC
:10345000081C0030DD09E52416244E240086D1081E
:103460003000EAE019F2E8E030F41D8DC1083E00BA
:1034700068D8218642C00431C083304555F20435F6
:1034800080A48A203F2D97F7043580AF4842000082
:10349000D9F6430300001D8D95083E006AD82186A9
:1034A00041C00431C083304741F2043780A48A20F0
:1034B0003F2D22030500043780AF48420000160369
:1034C0000900041E001634F00186043000866000F6
:1034D0000C000430808F7F4700EF54000D00D34074
:1034E000C83F0000073000041E0D6FF21046483040
:1034F000400229682B7808F448300000043600A008
:103500000FF416F04A2400714A208000A8208001A0
:10351000052902000C784579016948300000003027
:10352000000401A604F0F14502F0F147267194F180
:10353000234380230E01008B2DE802852088284339
:1035400027E9C180ED70CB440000FFFFE04E2090E2
:103550003909D1022888508042213C8080B20BF288
:103560000C100200A820C00104120104288184B1BB
:1035700083B1298842213C8008F20480A820800180
:1035800004100104248180B1E571C50FC492001BB1
:103590000206234380234E01008BAF0810000285F2
:1035A0002088A309300028438180CD700A22800F33
:1035B0000000FFFFC04C2090390991032888F0805B
:1035C00042213C8040B70BF20C100F00A820C00134
:1035D00004170114288144B143B1298842213C8059
:1035E00008F20480A820800104100104248140B165
:1035F000C571C50EC492CD700A22800F0000FFFF76
:10360000C04C2090390951032888F08042213C8029
:1036100040B70BF20C100F00A820C00104170114D2
:10362000288144B143B1298842213C8008F20480BA
:10363000A820800104100104248140B1C571C50E89
:10364000C492001B020680218E31001180302DE8CB
:103650000285C08827EE8180ED70C3430000FFFF24
:10366000E04C2090390911032888508042213C8089
:1036700060B20BF20C100200A820C0010412010479
:10368000288164B163B1298842213C8008F204801A
:10369000A820800104100104248160B1E571C50FE8
:1036A00084930019023603C300140430A140824100
:1036B000BA0D6FF56342E908310010400785E10853
:1036C0001E0202C019E80285020DAFF41FD90435AD
:1036D00080AF7F4700EF11F70FE83080209148312D
:1036E0000100003541200736427048470000318014
:1036F000483240021FA101C01AE80285CE0CAFF487
:103700001FD9043780AF7F4700EF12F710E83080F1
:103710002091483101000037412007364270484768
:10372000000031804832400284190000CD708A4781
:1037300067406D0E051008170014EAE011F2E8E08A
:103740002AF48E400430808F7F4700FF24F20285E8
:103750007A0CAFF41FD9318010803F810FF08E407A
:103760000430808F7F4700FF16F202855E0CAFF4B5
:103770001FD9318010808411010000904831010070
:103780004830000000304000073600704847000015
:10379000041C002040241422C571CCF14A856C70B1
:1037A0004A240010301A41002C1A000604C18F78F8
:1037B0002308450003C116210000208009E901808B
:1037C0000430808F7F4700EF03F764716BA285712F
:1037D000EEF10240A5C004141B34DAC6F2C3822401
:1037E0000C3F2845228908468A223E278C21838F58
:1037F00018F44A24C073C94780278E100C702E71AC
:103800004A214000A820C00181C21A62047120AA86
:103810002471038D08E88A22FE261108340461C051
:103820004240D2C74A21C023D143542614195426FA
:10383000951B4E700E710C708023072D001C0131FA
:10384000E10924A42F2607F0ECF581C0047732208B
:10385000000404778EE024010D002520000010F004
:1038600019F028F032F046F04AF050F054F05BF0D6
:1038700060F067F06BF071F075F07BF080C156245A
:10388000423D260B2000A1405624413D14DA8240DF
:1038900019F080C10024823F000094018E0B2000AB
:1038A000A1400024813F0000940114DAA2400BF0F3
:1038B00080C185C26E0C2000A14085C18A2206000D
:1038C0006240120BCFE75AF080C10024823F000013
:1038D000BC01760E2000A140701682100024813FAA
:1038E0000000BC014A0CAFFFDF160016104246F084
:1038F00080C1F20E2000A1400AA640F080C1E60E71
:103900002000A1400BA63AF080C1DA0E2000A140B1
:103910000CA634F080C1CE0E2000A140DD1E181090
:103920002CF080C1BE0E2000A140DE1E181026F033
:1039300080C1FE086000A140FF1F02901EF080C100
:10394000EE086000A14000AF18F080C1E2086000FE
:10395000A14001AF12F080C1D6086000A14002AFC3
:103960000CF080C1CA086000A14003AF06F080C11E
:10397000BE086000A14004AF5670782201200C718F
:10398000C020612026785EF16D706C71CB4480BFE1
:1039900000002C701520410040810432C08244F7A1
:1039A00080A106F0C4F65024C21740A174706C7058
:1039B0002C71F2F5E07EE078F1C0004114730C77D1
:1039C00007F7F026417013001C9103E94079D1C03C
:1039D000E07EE078E6C3A5C168456083284714E32C
:1039E000310AE400004180C014DAEA09EFE780C63A
:1039F0004A2400754A200000A820400220850116B4
:103A0000821419610471F96140A9008514E000A5D0
:103A1000C6C7E078E4C20846204028454A0F2FFE7A
:103A200000190100C0A5A140C4C6E078E4C2084561
:103A300070180300542000092C70DE0FAFF514DA63
:103A40004A2440715425801BA8200001041811004D
:103A5000A1408020070D2C70BE0FAFF58A22060012
:103A60004A2440714025001DA820000104181100BF
:103A70008A2401785425801E4A260010A8200001BF
:103A800004181100A14096086FFEDF1D98134A2408
:103A90004071A140A8204001C1A008181100A14018
:103AA00080200E0000180300A140C4C6E6C20847EB
:103AB000CD7020402845660E6FFEC0A1D6A53C1DE6
:103AC0008213E0A5A140C6C6E4C2084620402845AE
:103AD000EE0F6FFE00190100A140E60F6FFE581DAA
:103AE0000110C0A5A140C4C6C34213009C5F00A141
:103AF000618282820082041943001619430014195E
:103B0000050063A184A102A1E07F2040E4C2084631
:103B100078492845C60EAFFA00190100C608AFFE65
:103B2000A140C0A5A140C4C6E4C208462040284523
:103B3000041903005609EFFE00190100C0A5A140B9
:103B4000C4C6E078E4C208462040284504190300B2
:103B5000620AAFFE00190100C0A5A140C4C6E0780A
:103B6000E4C208460C703819020004A900A12040E4
:103B70000A0AEFFE2845C0A5A140C4C64A24C07069
:103B8000A820000440802C700432408045F7C341D7
:103B900080BF000004F0C5F67FD917B920A00474D7
:103BA000E07EE078E2C228452081404314DA1961C2
:103BB000DA0DAFF56040008514E000A5C2C6E078DC
:103BC000E6C3A5C168456083284714E3310AE400D1
:103BD000004180C014DAFE0FAFE780C64A240075AA
:103BE0004A200000A8204002208501168214196195
:103BF0000471F96140A9008514E000A5C6C7E0780A
:103C00008D048FF8F1C0004101808420030C13085B
:103C1000300890E00C7008F400819B5A04F01A0DF3
:103C2000AFF80081D1C0E07EE2C228452081404348
:103C300014DA1961560DAFF56040008514E000A557
:103C4000C2C6E078E6C38224063068456083284710
:103C50005623030C330AE400004180C08A22060088
:103C6000720FAFE780C68A2406700C70A82040024D
:103C700020850116821419610471F96140A900853B
:103C80005620000C00A5C6C7E2C2084504716E0AA2
:103C9000AFF20F7810D9A1400C58C340A0008C7E21
:103CA0002080C340120050B809092000B571C2C677
:103CB00060D8CA202106B570CA20A1010F58C2C61B
:103CC000E6C2484528467A0BEFF2084714700C709C
:103CD00026F28CD85F270117EA783021820FA000E6
:103CE000A84D3020800FA000104A50700C71D8F7FA
:103CF00080852D0C85105F27011F3021830FA000C8
:103D0000CC4C99620AE11909E5006C244110408607
:103D10005961001901002085247420A5C6C6E078E9
:103D2000E2C22845208140438A22060019615E0CC8
:103D3000AFF5604000855620000C00A5C2C6E078B3
:103D4000E6C3822406306845608328475623030C67
:103D5000330AE400004180C08A220600760EAFE7F5
:103D600080C68A2406700C70A820400220850116A7
:103D7000821419610471F96140A900855620000C74
:103D800000A5C6C7E2C0084414701CD82AF22AE96C
:103D90006091E1D84D0B810F00002B667681B684CF
:103DA000410B4103A1940D0DDE11390B340470BB9E
:103DB00080233E012D0B84004191290A4103629426
:103DC0004291210AC10063944391190AC100788489
:103DD0005881110AC10059843981090981000C7088
:103DE000C2C4E078E2C2084514701CD81AF22095CB
:103DF0003109810F00002B665E8578D94E0C2FEBC0
:103E0000A14014701DD80EF21B8556850AB8107299
:103E1000E1D808F7388580223E09090A44000C7071
:103E2000C2C6E078E8C2CB45120000402D0D811FCC
:103E3000120000402C70ED71176900208E0FA00059
:103E4000E05E00963508800F00002B660169ED08E2
:103E5000B4802C71CD7012F03825811F20000070C5
:103E60003825801F2000002025780F087100CD70B4
:103E7000CB461200843FED706E0FEFFFC140C308C8
:103E80001100C34113008486B249FE0EEFFFC1400A
:103E9000AF0811000A0900004E0FEFFF0845A30804
:103EA000110001962D085E009708BE0016D81685F1
:103EB0002C774128BC800AF25425801FA82080015D
:103EC000041002040639810017857708610013D8B1
:103ED0007C150B10002340135420810FA140AA0E23
:103EE000EFFF6142ADE85425821F5423831FC14078
:103EF000920CAFF8A141104000160070A000D85EEF
:103F00002C70160BAFF580DADE082001A14099E88D
:103F100016EF368516861670C221220438600020FE
:103F20008E0F12007C4002260D70EDFF85BFA20FA0
:103F30000FEE1A652C70E20AAFF5C140C8C6EE0D4F
:103F40002FED2C71E2C22845208140438A220600D1
:103F500019613A0AAFF5604000855620000C00A5B3
:103F6000C2C6E07880838574290A2403A1C14A244B
:103F700000714C70001C0030A8204002008380C4F7
:103F80004C6458604471386080A80083047400A3B6
:103F9000E07F877469016FF3C0D8E078C3401300F5
:103FA000F08FE07EE2C2A20A6FF308458C25839F62
:103FB0000CF28C25839E12F28C25C39E0CF28C256C
:103FC000439E0FF40C730BF0A60AAFE90C73A20A20
:103FD000AFE90C720C7103F00C72960A8FE9C2C63D
:103FE000E4C040815860846A43886188C288A088A0
:103FF00008BA08BBC57A0523400310BA457880A1EA
:10400000C4C4E078E1C5A083816D110A2403B961BD
:1040100000A90083047100A3C2C4E07842223C805E
:10402000E07C40214306A8200003071301000D098E
:104030000100208B87B920AB55230308E07EE07890
:104040001470E07C398887B939A80080FCE8E07EEC
:10405000E8C3A1C1C341A000987E008904E800190B
:104060000300915A8A20422CCB47F0004B00CB46EC
:104070000000FC7F0C70C3410000FFFF80C2A20C57
:10408000EFF76C7700C078E8AD705AD9001F0214C2
:10409000AB21080E0EF00B09500005E916F0605830
:1040A00006E8C340A000907E0080407800C00EF07B
:1040B00019086E03AF794A69DF0A5583C4789A5AA2
:1040C00000C1D278247840C0A571AD0D1594F2E8F6
:1040D000D2F1E078F1C004770F7804E9215803F0B9
:1040E0001D58D1C0E07EE078F1C02F7B8CD86A7873
:1040F0000020800FA000254A2F27BF006F233F001C
:104100006F263F0420880018C30F2F26BF008C2184
:10411000C38F07F2F026C0701300AC788C58D1C062
:10412000E07EE078E2C24D08D101C340F0005B00C0
:10413000A0882088E078FD0D4190C340A000B241E6
:104140002088350D4010A0A84A092FE7A140AA0DEC
:104150002FEDA140CB45F0004700CA0A2FE7008DA4
:104160000BE8008D00160170A000947E407907F0E6
:10417000BA0B8FF3C2C60C700F58C340A000A04208
:1041800020882F27FF006F233F00C342F00050021A
:1041900000821020400000A22F26FF00C2C6E07857
:1041A000E07F00A1408102A15470E07C2181007A6F
:1041B000E2C3A3C108B88FB897B88845FFDCC344F1
:1041C0001300303F40240532CC7098B842C4BA087E
:1041D000EFF340C52608AFF882C1C2C7E2C3A3C14E
:1041E00008B897B88845FFDCC3441300303F40242B
:1041F0000532CC7098B842C48E08EFF340C5FE0F6C
:104200006FF882C1C2C7E07808444C704A200000B1
:1042100049643470C0226100782103007A22810B46
:10422000CA2062002B7BF6F5E07EE0784081486092
:104230004471E07F40A1E078E6C3AAC1684560838D
:10424000284728E3310AE400004180C028DA8609C3
:10425000AFE780C64A24007A4A200000A820400226
:1042600020850116821419610471F96140A9008545
:1042700028E000A5C6C7E078E2C2C342A000AE4A6B
:10428000FFD8CB44A000224AC341A0003A4BF5DD41
:10429000FBDB03AA03AC03A9A0AC60AA960AEFF368
:1042A00060A9C341A00004420019800F1300B43E6E
:1042B000C2C6E078F1C000160270A000687FC3405B
:1042C0001300E03DC3411300BC786C70C345A100EE
:1042D000F005C346A0007CD386086FF98A248200CB
:1042E000001E0070A0009C7ED1C0E07EE4C2C340EE
:1042F000F0003E00208881B920A800168070F000F0
:104300000C011B083E01AD70CE090FEB0845296872
:104310000C7097B81071CA250610B60B0FEE9E0BE5
:104320002FEE08460041A142CE0DEFF8C1404209F0
:104330004FF70C70C4C6E078E4C3A2C1CB45A0001F
:10434000D8D10C71D60AAFF79C4D00160270A000B0
:10435000707FCB46A0007C7E00A65425861AC34001
:1043600013003858C341130096786C70C345A00001
:10437000F0FBEE0F2FF98A24C20001A64A26001096
:10438000C34069724E5640C074D8041C04306A4E53
:1043900060C054D8CC78F0268273A000747FF026D9
:1043A0008573A000807F5525811A00204600626E2B
:1043B0004E26C411C3401300B45DA60F2FF980C16F
:1043C00015258113C571BD0EF49000A1C4C7E07816
:1043D000F2C27042504530430846CB47F0003400EB
:1043E00097D834700601210017AF2E708A2403205D
:1043F00032401A200D25DD653215C1102909320021
:10440000532100012108750625B953214200D20A23
:104410002FF4A141321581100C71C342F0006002EB
:10442000387800A208858420030CA0E05600220002
:104430008D712E1580102F158210002C01102F2742
:10444000FF006F233F00C340F0004002110A10003C
:104450004580267A45A02F26FF0007F04580457944
:1044600025A02F26FF002E158210587C86A02F270E
:10447000FF006F233F0024801021810024A02F26FD
:10448000FF0006710C20C0A46A07C5FF6F26FF0558
:1044900098D8AD7017AF5AD90C70AB21080EAA1E70
:1044A0000210AD1E0210AF1E02104E0AEFF3C14003
:1044B0002508B400084300868A0BEFFF071E43104F
:1044C000C140A2415A0BEFFF4242188E0A21C0227E
:1044D00016AF07F0321680102A08AFF2C4B8A571E3
:1044E000B70DE49455260E1C06F06F26FF0598D8EC
:1044F0002E7017AF99D8350A302017AFCD70B76E30
:10450000A275A140720BEFF33A1D05101708B40015
:104510000042A1402E0BEFFF071D4310188D5041A4
:1045200016AFC571DB0E84949AD85AD917AF2F20D5
:104530004704AB21080ED2C6E2C228452081404381
:1045400028DA1961460C6FF56040008528E000A567
:10455000C2C6E078488123920B08440024920921C6
:104560000100E07F2040E078F6C3A3C1504730440B
:10457000C60E2FF40845D3420000FFFF8F08A004A9
:1045800010410E70D3450000EFFF402416304A471B
:10459000088D4D082520F07E0385F0200E04078647
:1045A0000B08F100C140820F0FF5170D64240A2398
:1045B00080242240C14123200005E2421043C14033
:1045C0001A096FF56241142600240018C404F0781B
:1045D000360D2FF4624108470671DCF11085850D18
:1045E000A423E0B0478505EA80C1607AA1406985CF
:1045F00005EB80C2C141607BA1402E0D2FF4A1408C
:104600001085219080B921B02CF0088D11E8ED7053
:10461000402410304A2600100385E0602380407952
:10462000088DC5710218D52FF10E2490E5746985A7
:1046300010850018840406EB80C24241607BA140D3
:10464000098D10E8CD70ED700485C3410000FFFFB7
:10465000B20F6FF4C060098DE571F10F2490C5743D
:10466000D6C7E078F1C08881628C0F0B9E016594FB
:10467000647A170AC100C3420000FFFF19088000D6
:1046800087E8439408F0C3420000FFFF04F0CA0E1D
:10469000CFFF0042D1C0E07F5078E078E2C288814D
:1046A000A1940F0D9E116594647A1B0AC100C34248
:1046B0000000FFFF1D08800003E8130D1F11449444
:1046C00008F0C3420000FFFF04F08E0ECFFF00424F
:1046D0005078C2C6F1C08881628C0F0B9E01659430
:1046E000647A170AC100C3420000FFFF1908800066
:1046F00087E8449408F0C3420000FFFF04F05A0E1C
:10470000CFFF0042D1C0E07F5078E0780A80E07FA0
:104710000A80E078E6C064808D7041A3088B2D0C80
:104720000510038B10E81A240D104C70C6834749FE
:104730004471B57E00860137001000A6038BF10A94
:104740002480A5718571ECF1C6C4E078E6C2C4800E
:1047500008450096B708850F0000F0FF910830006B
:10476000A140CA0900000C1608101C1609106D7033
:104770004A220000028D750B05100285F020C1024F
:1047800008818090610C801F0000FFFF04854F7B33
:104790000090052C0C100C701508E5001421CF10AA
:1047A000F4210610290C80110471F8F10020C012C8
:1047B00040A8038E80B744711F20CC00E486088196
:1047C0002586757FE4A0957923A00EF00020C31202
:1047D00000AB838E6486E5860C7C2881157B957FF3
:1047E00064A1E3A16571C8F148AE13F0028D4220C7
:1047F0003C800FF24486658608150110A820C00190
:1048000004110004088044A063A0081E03100C706B
:10481000C6C6E078EAC2248008450091DB08300073
:10482000CD700C111100E8811C1108004A22000013
:1048300008899B0A250014278B10F4278010047127
:10484000001B0410F420831010784108C100638914
:1048500017EB2D7006814C7BF42086100021CC10C4
:1048600080484836030025710730C30005819578DC
:1048700060A006819578C0A06389DD09C490048199
:104880006181001B84131FF03F0B940024118000F2
:1048900037085100038913E84A21001086814C78BB
:1048A00065812170044C157B257180A36681157B81
:1048B000001B01000389E909049004816181001B48
:1048C0000510557860A04471B4F10E70241982036C
:1048D000028D4B08052001118024F42700108AE87E
:1048E0000285C0602880228909091E00E2094FF470
:1048F000C5740671EEF1228D11E9CD704A270010C2
:104900000285C0604880428A0B0A1E00C2094FF42B
:10491000228DE571ED0F6490C574CAC60480658070
:1049200060A10480E07F00A2E4C2C4800845428800
:104930002C700386241E4310081E0310DA086FF53E
:10494000041E0110228D04865269CE086FF52C706A
:10495000228D038E0A7905865269BE086FF52C7088
:10496000228D038E0A7906865269AE086FF52C7087
:10497000228D07863B7AA2086FF52C70228D08865F
:104980003B7A96086FF52C70C4C6E078E4C2A48028
:1049900022880846048552697E086FF52C70228EA5
:1049A00008853B7A72086FF52C70228E038D0A7988
:1049B0000685526962086FF52C70C4C6448022884F
:1049C000041A010005823B7A4D006FF52C70E078E7
:1049D000F1C021800D09500086E9E60FCFFF04F0F9
:1049E000AE0FCFFFD1C0E07EEEC2E847CB80A087FC
:1049F0000A8070436091B478152650130418C50FCF
:104A0000204040410A2140210A2200214E096FF432
:104A10003418C020B47E016D5C184024521E8414EA
:104A2000481EC41400A7CEC6F8C3AAC18A80084590
:104A3000704591430A845046384014748A20FC0023
:104A4000EEF42C15141085C0FFD914DACA0F2FF517
:104A50004024173580C02C70BE0F2FF514DAB670C5
:104A60000E702D7098F2181591102D700D70CA47A8
:104A70004A22002042213CA088F2238568974C708E
:104A8000A8204002404900900D0B200015278B20E4
:104A900044717CF065401477B9F4D3720000FEFFD6
:104AA000E8002D00142380200290E108800F000010
:104AB000FFFF138F14715A012D000C77152400226B
:104AC000778012179F102C704833C402EC70483363
:104AD0004E0260462F2506012F2605318B0FE50774
:104AE00080C403878C68957618012D008A20BF0F3B
:104AF00062872520000308F012F019F01BF023F064
:104B000024F02CF0236304338081F8002900522321
:104B1000C3070436C0804C00060074F02363E50C24
:104B2000E200737B3D0CC3006CF02363350EC510AF
:104B300068F035234300CD0DE200737B250DC300E3
:104B400060F03463D07B0CF033234300B50EE230C9
:104B5000737B110EC33056F02C63CF7BA50B04037F
:104B60002474E471BCF1018716248120152383206D
:104B70002571152482104228CC07001B001200A1C9
:104B800000A281A1101B800405710C204095E8064D
:104B9000E5FF18E778210310792501208A223C01DE
:104BA0008A20BF0F0421C1805D0930105C70188D10
:104BB0004908252085C0F0200E04D5771CF2038516
:104BC00080C1F02101045A260E16F0200004C2769E
:104BD000848021A4328E0EE92C704C706286E284AF
:104BE000447123633F6760A7728EF50AE4802474E2
:104BF000238040790671DDF10E718A20BF0F09F024
:104C00000E7007F05221100003F08A20BF0E110829
:104C1000302003410A0B6000A1400C70D8C7E07837
:104C2000E2C20B80B60E6FFA884500A5C2C6E078D6
:104C3000E2C20B801E08AFFA884500A5C2C6E07824
:104C4000E6C0B98860822841AB0B64038A267F0CDA
:104C500042253C90CC704EF210100B000D70CB46EC
:104C60000000EEFFA8208101F0230C125A2000154D
:104C7000E8848C942170609780A0296B3079150EA0
:104C8000641048330100073643704847000008F0BD
:104C900074706C70CA23820F7F4700FF839761A0F6
:104CA000296C3079130E64104834011007364370B4
:104CB0004847000007F095706C70CA23820F7F4749
:104CC00000FF849762A0296C3079150E6410483477
:104CD0000110073641704847000008F005ECC34159
:104CE0007F4700FF02F02C706597057123A068B024
:104CF000A0A2C040C6C4E078FAC2FC1CC8B6ADC1D0
:104D00000A23C0310A2180310A2240210A230021CE
:104D10007047504438401040CD70041C013442C6E6
:104D20009D0A300040C6990B1020950A14222810C5
:104D300000200A804C200080AA0121008A25FC2046
:104D40004C2700A89E0125008A25FF26CF08303079
:104D50008A27BC102E70ED7016402088670F6510F2
:104D600083C301804024043C2C70E5480342402466
:104D700015338E8523200003A140CE700CC03D0E5C
:104D8000252040240430011583248D85A1406241F3
:104D900023200003424200C30EEB81C28240E24165
:104DA0000A24C0040A096FF40A258004084686E82C
:104DB0002671CD70C671E4F1E571D0F18A25BC2071
:104DC00091F083C34024043B2C7002400342720FD5
:104DD0006FF483C74A2500100BC03F0D25104024F7
:104DE000043201178314024062414A0EEFFF42422F
:104DF00002C011E800C381C28240E2410A24C0041B
:104E0000AE086FF40A25800487083100104526712A
:104E1000CD70A571E2F1D1453BF02E70AD7063C647
:104E2000164020883D0D651040240430018023C3C6
:104E3000C06042428D8023200003624100C30FEB1B
:104E400081C28240E2410A24C00466086FF40A2548
:104E50008004084786E82671ED70C574A571E2F1FB
:104E6000402404326C7002406241CA0DEFFF42429E
:104E700002C30EEB81C28240E2410A24C004320820
:104E80006FF40A2580041045267103F0F145370DB3
:104E900031202F2547042F0D300081C201C08241EF
:104EA00070B841C0024062430A2480040A2600060A
:104EB000C20B6FF40A27C00601C0AE7000190030A3
:104EC0000CF00B0D11008A25FF262C708240E24267
:104ED000460B2FF5001901302C7062403A0B2FF56C
:104EE0004242A240ADC004141B34DAC665066FFA14
:104EF0000B80E078ECC20847018004E8C20DCFF3D4
:104F00004E70CD7002872088590E45100180C5482B
:104F1000688D17EB2E700E7003853020400448809A
:104F20002780819234734624811182B921B205F41D
:104F3000F60DCFF4688D0671E108E4A02674098DA2
:104F40000EE82E704A20002004858A0AEFFF3020E8
:104F50004004098D0671F50824A02674C571D4F1AA
:104F6000388F0FE94A25001003873020800405E8B8
:104F7000620ACFFF388FA571F10D64904674CCC6DC
:104F80001509F0000A801B0991002418800F1300F6
:104F90002C44E07E2418800F1300F443E07E241894
:104FA000800F13006444E07EF2C3A6C10A200021F2
:104FB00070455044304308462E705470041C013034
:104FC00006F276708A21BC2002F2B6708A022100B5
:104FD0004C2000A2820205000A868A21FC200A8059
:104FE0000477147172022D002C70EB86A2402A0AFD
:104FF0002FF50242402405324024063440248733F2
:10500000C14062418242A243760FAFF40A240004F9
:10501000147046022200104102C52E704A22002060
:1050200037ED6F0A112004C06508250584C24024AD
:10503000C5334024C6354024073162408241A24333
:105040002208AFF40A2400041042A3E80F148130B0
:105050008C21838F07F401C2C140060A2000A241BF
:1050600009F06A0BEFF302860FE86A8001C2607BE9
:10507000A2414E7002C02C700242A968A2409A0957
:105080002FF542C5CEF18A22BC20F6F14E704C8736
:105090000A872A86003080004830C0020DA10B87A5
:1050A000003200004830C002130A31200EA10E1455
:1050B00080300B08150128198100701780104220DC
:1050C0003C8013F210160310A820C003F023400404
:1050D00014274214FA120C07267128808A200A0D20
:1050E00083B1106204B1188E2E70084319E843860C
:1050F0002C700D71204A609082880028C3104224D1
:105100003C90001CC4300AF208100000A820800166
:1051100004100C04888465B42471DD09C4820E7007
:10512000028620887B086520E9450180F0200D0477
:10513000488508EA80C1607AA1400014033119F063
:10514000088D6C70001C443442203C8011F2438571
:105150004A230000A820400304120004088022888B
:105160000D099F010590057B001CC430E078098D76
:10517000084015E884852C70204C428842223C80EF
:105180001400010008100B00A82080010413001473
:10519000088065B02471E50904820671C2F1C1403E
:1051A000B20B200080254E10208D1041D60DEFFF50
:1051B000C140018D04E8DA082000C1408027CE10EC
:1051C000008F910830000E704A270010198E850F4D
:1051D0000510048630200D040C9500418021BE0A84
:1051E0001B09740115DA004180213D002309750275
:1051F0008A2245000B0A4F000BF0EF0A4E808A20EE
:10520000840040C080C1BA0FAFF4A1400C952108C2
:10521000D5041D0E0E7005004051C34020BC12ACD9
:1052200040C080C19A0FAFF4A1400C954220000EFF
:105230001B08750115D917092E0080C1C3401CC178
:105240000AE840C07A0FAFF4A1400674E571C0F1DE
:105250005670CA2182242240D2C7E078F1C01A0BCE
:105260006FFA0B8014708A207C00D1C0E07FCA20C6
:105270002100E078F1C0060B6FFA0B8014708A20D1
:105280007C00D1C0E07FCA202100E078E6C218107F
:105290008400EB80AC706C704B0B25016D7023802B
:1052A0008D7065491427C1105211090148110E0172
:1052B000021588102B0C051222853021C10228818D
:1052C000439105EA08194402C3B1C3420000FFFF3D
:1052D000090E811044B143B165748571ECF16471BC
:1052E000DCF122800A26403000119F000C25C08787
:1052F0005E022600EC7004160030F0204C01088C91
:10530000004610E823840A248071EC70A8208002F3
:10531000041100040880028824B8C0B800270700E0
:10532000A98CCD706D706C704A200000310B650344
:105330000D7124846149428942223C800EF222810F
:105340000A220000A82080020411000408800590B1
:105350001072C523021000426471EAF14E870D8776
:105360002F872F23C80200288B100F2302100F2233
:105370004D007D0DE1100028091042263C80E6F228
:105380000C140D10A820C00CC04D2F21C7014F09CF
:10539000B50008800A1008014027061D8D7052DBF9
:1053A000490C25112C71041602045879042102823B
:1053B00012F223903172CC22C28209F40CE92490BB
:1053C0000AE9716724B023B006F006E9249004E9E5
:1053D000716724B064728571E4F1239006E924902A
:1053E00004E95217011124B0C571B0F0002848102B
:1053F000052040126308E10042263C80A6F2A38407
:10540000A820800A2F20C7014B08B5004027081D9F
:10541000C04D8D7052DA08800A100B01370C25112F
:105420002C710410031478790421C38210F2170B35
:10543000610223900CE924900AE9516724B023B05B
:1054400006F006E9249004E9516724B0447285719E
:10545000E6F1C5717AF05F0AE10042263C8076F2FF
:105460000C140D10A82080092F20C7014308B50097
:105470004027091DC04D8D7052DA28800A110301A2
:105480002F0C25110C7104110814002800020420AF
:10549000C0800CF21508C102039108E8049106E8E7
:1054A000506722B804B103B144728571EAF1C57145
:1054B0004CF00520C0126708E10042263C8046F20D
:1054C000C384AD70A820800A2F20C7014B08B50007
:1054D0004027091DA04E52DA8D7008800A100B017A
:1054E000370C25112C710411031478790421C3821F
:1054F00010F2150B210223900CE924900AE9516760
:1055000024B008F006E9249004E9516724B023B0E0
:1055100044728571E6F1A57118F0310E10002D0866
:10552000E1100A2480712384A820000404110004DF
:1055300008804590130B8100439007EA449005EAE8
:105540005617021144B0E078A505EFFFA471C6C656
:10555000EEC2181086002C1007000847CD704C7062
:105560004A200020490AA5010D7003876D70444848
:105570001427800048100301021489102D0B4512D6
:10558000028430200002088023900D09C5004A20C3
:10559000C02363B0C3410000FFFF0B0B410024B0E8
:1055A00023B005746571ECF14471DEF10A23802F9C
:1055B0000000FFFF02872088B70E6510624201805D
:1055C000C548088D12E84E702E7062420385302067
:1055D000800408802390320DAFF35078288D267117
:1055E0000042ED0964A04674096A10784D08850FE1
:1055F0000000EFFF091586104A230000430BA501A8
:105600000D7004856D70644802148910290B4512D1
:10561000028430200002088023900BE913098500E2
:1056200024904A20C0230B09A50043B044B0057460
:105630006571EEF16471E4F10B0AE0044C70C57120
:10564000BAF1298DFB0A45800485404862884223CF
:105650003C800DF208100000A82040020410030452
:105660006883081BC50F061BC50F4471ECF102408F
:10567000CEC6E07808808421410E852102010A18F7
:1056800005000018C50FE07F21B0E0780880001801
:10569000C50F21906C21810082B9E07F21B0E078B4
:1056A000E4C0288031118B000B810F08E5020471E2
:1056B00061910BA10BF04A816191016A81BB61B1DB
:1056C0000B08E4020AA12819010030118D0089811C
:1056D000A2BB61B110ED1A2442130C708381C58105
:1056E000034C0471557E4471F508648360A6311142
:1056F0008B008981048166814080957B40A309816C
:105700004B816D8104717170CA2026000B0BA500BE
:1057100009A14F780DA10C71C4C4E078E2C2270939
:105720003E000845020EAFF3008501850BE8248892
:1057300009E9C341FFFF8888320D8FF30185041802
:105740000300C2C6ECC2CB45F000340093DA2C70E3
:1057500094D857AD001E4270A000B44117ADA25AB4
:1057600034E8A35A95D8560EEFF717AD96D817AD73
:10577000345810423E5810412E5810402F580847B8
:105780000241224200434240A45A084603E8C14075
:1057900067589BD99CD837AD020EEFF717AD9DD84F
:1057A000160B6FFF17AD9ED8920B6FFF17AD9FD8EA
:1057B0003E0B6FFF17ADA0D8D4AD17AD42400241EC
:1057C0002242E143B15A06F0148D84E820D814AD8A
:1057D000A2D80A0EEFF717ADA3D817AD4058E0785E
:1057E000C340A000A07E0118430000168170F000A5
:1057F0000601E07F20A8E078C341A000A07E618977
:1058000015EB208953218201002080800E002400A6
:105810008C20028084F67FD802F00C708421020074
:105820002578001E0270F0000601E07F7923000059
:10583000E07EE078EAC3A7C1684704100800A280B0
:105840008380608040473040084654710035011223
:1058500000340B12003342030030061200354913A6
:10586000003300030033C400013041000232C002A3
:1058700002318B1101314900013002000233011164
:1058800000340013041C40320130410040C242C1C8
:1058900051F2230F300183C1190FB100446F40272B
:1058A000031280C140270513C1403E0B2FFDE14488
:1058B000CAC7960D2FF0C140438622868186008696
:1058C00005C603C3003182000030000302338103A8
:1058D0007FDD023080000131410017BD0130000042
:1058E000023541106A0A6FEF024201C2084600A762
:1058F000003281005222C0070235411002422F318E
:1059000040004E0A6FEF0131410304C203C1013070
:10591000030000C402318000024201300100522421
:10592000C017023541102A0A6FEF61A7C3A702A76B
:10593000CAC70133C20001340013003242030030F1
:105940000002023080000A0A6FEF024210412186F5
:1059500000864286638601300C00003289000031E7
:1059600048000133CB000030060000344C100230F8
:1059700041120033C0000033821001304100023276
:10598000000302318101CA096FEF02422C7004301A
:105990004080C7F602360D70C940DB0F03F052207D
:1059A000CD07C34049C0DB0F043100A046F70236E3
:1059B0005074C9C0DB0F04F05221D027043000A07E
:1059C00045F70130902FC940DB0FA0A70386608602
:1059D00042860130010001860031C1000130000023
:1059E0000030800062096FEF013040005220C00794
:1059F000A3A7081F001401A7CAC7E078E2C308459F
:105A000001808420030C15083104A1C10E8D0015FE
:105A100004101D789D5AC2C7FFD840C0C34413006C
:105A2000BC1340240530A140AA5AA140175800C019
:105A3000C2C7E078EAC20846483000004847304014
:105A4000C3411300783E60420A2100216845835813
:105A5000147712F29F250213C341A000CC49B9610B
:105A600000258D1FA000254AE5A110190004CAA138
:105A700000ADCAC6F02640731300A07809091020B3
:105A80008D58CAC68B58CAC6004114700C70E07C91
:105A9000AB11800014700C71E07DAC11810034708A
:105AA000E07DE07F0C70E078ECC3A1C13458104079
:105AB0003E5808472E5808462F58084510D88D588C
:105AC0008A21822CFFD90C7010B980C2520A2FF79C
:105AD0006C7700C078E84A220024001E4274F0006F
:105AE0004B0003F000C0112080843CF22F2087047B
:105AF0001D0810044B08B00491E034F40240C14189
:105B0000E142A143995A4C20C0882CF40016007041
:105B1000A0007C7E2C704C77560BEFF66C7078E80A
:105B20000240C141E142A143985A00160070A00012
:105B30007C7E2C704C70960CEFF66C7012F02F2758
:105B4000FF006F233F00C340A000744926804780B8
:105B5000181801001C1801002F26FF00FFD8455817
:105B600046714C22C0A48007CEFFAEF1E2C22C7079
:105B700030DAA60EAFF408457FD817B8341D0110EF
:105B80000CA5C2C6C341A0004C7EE07F00A9E0780E
:105B9000F1C02C7100290000B35AD1C0E07EE0783A
:105BA000F1C02C7100290000B45AD1C0E07EE07829
:105BB000F1C02C71002900008E58D1C0E07EE07841
:105BC0002F27FF006F233F00C342A000846E208276
:105BD000257800A22F26FF00C340F00040010018E6
:105BE0000102E07EE4C3A1C108452F277F006F2397
:105BF0003F00AA209002AB20D002CB46A000846ECA
:105C0000AA2088010F7814730CF70086A57800A6E7
:105C10002F267F00C340F000400100180102C4C7D6
:105C20002F267F00EE0FCFF63D0870002F2148830E
:105C3000001C013005F2C340A0009C7E09F0042541
:105C4000819FFF00000011F2C340A000807E008011
:105C50004C716C700A0FEFF64024043000C004E869
:105C6000820F0FF8C4C70425819F000F000004F2C3
:105C70000286F0E86C25C196F2F30186EAE8F0F1BD
:105C8000E2C2920FEFF608452D0870002F214883DD
:105C900005F2C340A0009C7E09F00425819FFF000F
:105CA00000000BF2C340A000807E00804C712E0EDD
:105CB000EFF66C70C2C60425819F000F0000C3423E
:105CC000A000846E03F20282F2E86C25C196F4F320
:105CD0000182EEE8F0F1E078F1C062B83908F50031
:105CE000A1C10F78F0260070A000D8D107E92C716F
:105CF0004C73EA0DEFF66C700EF02C714C736C70F7
:105D0000402404305A0EEFF6001C013000C004E8B5
:105D1000D20E0FF88774D1C0E07EE078F1C09F20EA
:105D200002030020810FA000254A008905E80D78B4
:105D30000019C30F8558D1C0E07EE078E4C2084660
:105D400012580845A4160011B570CA256110B1702B
:105D50000C700AF2568605EAB078607AC1410C717F
:105D6000A41E4413C4C6E078EAC28CDB0A7B084553
:105D7000C340A000244A1F63008F2846504035E9E5
:105D8000B2E8C340A0006441218FB6784180E08032
:105D90008C21C38FCB44A000CC4906F278640A80E2
:105DA000450E0510166E412E8B160027119001220C
:105DB000CF828C21C38F10F27864258044803B27EA
:105DC00040103D2182203077CA2081008CE8520F9C
:105DD000EFFFA140C1402241E142A1435A0CEFFF35
:105DE0000A240004CAC692E8360FEFFFA140A14082
:105DF0009F200203C342A000CC492C705860001FB2
:105E0000431025A024A02AA0F02640731300A078F8
:105E1000090810208D58CAC68B58CAC6E2C25988D4
:105E2000C1BA547217F22F277F036F233F005080AF
:105E3000043240800DF24C7004318080C5F730A0F0
:105E40000E18430003F01318430010D88D582F2666
:105E50007F03C2C6E2C25988C1BA547211F22F2719
:105E60007F036F233F004C100201130A40004C18BF
:105E700044000F18430010D88D582F267F03C2C648
:105E8000E6C3A4C1084519882846C1B8147227F290
:105E90004024C13383C24024833240240430402450
:105EA0000531A140395800C1C1404C700431808394
:105EB000CA20450004318080CA2609102F27FF031D
:105EC0006F233F0010850430808307F210D8D0A5DF
:105ED0000E1D43108D582F26FF03C6C7CB44130059
:105EE000289180849570E0200203E07ECB4413006B
:105EF000249180849570E07C007CE078E8C2DE0E1E
:105F00000FF8CB451300F0902A851040DA0E2FF8D9
:105F100009694D08740208460885CE0E2FF80477EB
:105F2000A6096FED0847390F7512216F5526831F9B
:105F30002F794020C2206F7E082040004F7AD96020
:105F4000250A64002C710F78A2096FEDC141560A31
:105F50006FEDC1403A0920010085C8C62FD8CE0D8B
:105F60002FEC2C71C60D2FEC2DD8E078C340130018
:105F7000EC9019022FF50080EAC2CB451300F49093
:105F800000852185E485C585027926B91E21810F0A
:105F9000AAAAABAA081511100C151010660A2FF545
:105FA0002F790285F24E0220412427B927BA2F7992
:105FB000B20A2FF54F7ACAC6E4C2CB4513000C9142
:105FC0000E0F2FEDC0856385428500416477C14087
:105FD000A55AC4C6F1C05AD8AB20080E975AD1C0F2
:105FE000E07EE078E2C208450090D37000002B66A6
:105FF0001CD817F45E8578D9520A2FEAA140147094
:106000001DD80FF24A2400710C704C70A820400279
:106010004F79152541104B11010604E94471C2C6A0
:106020001ED8C2C6E4C3A1C10F7D110DB5110C73FA
:10603000482580108020830FD368C340A000744996
:1060400084261F1E1E662C770C7080C2D20CEFF6C1
:10605000204300C079E89E7841862086041E011006
:10606000001E0110BE78A1404558EFF1E2C308457B
:1060700001808420030C15083104A1C10E8D001588
:1060800004101D78A15AC2C7FFD840C0C3441300F2
:10609000BC1340240530A140B55AA140175800C098
:1060A000C2C7000000000000000000000000000067
:1060B00000000000000000000000000000000000E0
:1060C00000000000000000000000000000000000D0
:1060D00000000000000000000000000020000000A0
:1060E00001000000020000001F000000BD378635DF
:1060F00000000000000000000000000000000000A0
:10610000BD378635000000000000000000000000E0
:1061100000000000BD3786350000000000000000D0
:1061200000000000000000000000000017B7D13898
:10613000000000000000000000000000000000005F
:1061400017B7D13800000000000000000000000078
:106150000000000017B7D138000000000000000068
:10616000000000000000000000000000AA41320012
:10617000ACC5A736ACC5A736ACC5A7360000000035
:10618000ACC52737ACC52737ACC5273700000000A2
:10619000D302B738A9689237A96812370200000005
:1061A000290000002C000000010000000200000097
:1061B000290000002C000000D302B738A9689237EC
:1061C000A9681237DB0F4940F366DF3EC2B8B23D23
:1061D00002000000290000002C0000002D0000003B
:1061E0000100000002000000290000002C00000057
:1061F0002D00000035FA0E3C88C3E43A88C3643AA7
:10620000010000000200000003000000F3665F3F91
:10621000F366DF3E5077563E21000000010000008B
:10622000020000001F00000006060604040400002F
:106230000100000001000000010000000000803F9C
:106240009A99193E9A99993D0AD7A33C0AD7A33C3B
:106250000AD7A33CBD378635BD378635BD37863571
:106260000024F4490024F4490024F449000000000B
:106270000000000000000000000800000000000016
:1062800000000000220000000100000002000000E9
:106290001F000000000800000000000000000000D7
:1062A0000AD7233D6F12833B6F12033A17B7D138D9
:1062B000ACC5273895BFD63295BFD63295BFD632FA
:1062C000ACC527350000803E000000000000000043
:1062D00000000000000000000000803E0000000000
:1062E0000000000000000000000000000000803EF0
:1062F000000000000000000000000000000000009E
:1063000000008040000100010000000002000000C9
:106310001F00000023000000220000000100000018
:10632000020000001F0000005000000052000000AA
:10633000540000000A000000B60000001C0000002D
:10634000B80000002E000000BA0000005C00000051
:106350005E00000060000000620000008600000097
:106360008800000064000000BC000000660000001F
:10637000680000006A0000006C0000006E00000071
:10638000700000007E000000800000007600000029
:10639000780000007A0000007C000000720000001D
:1063A000740000009600000098000000E400000067
:1063B000E6000000F6000000F80000009A0000006F
:1063C0009C0000008A0000008C0000008E0000008D
:1063D0009E0000008200000084000000A000000079
:1063E000A2000000A4000000A600000017B7513969
:1063F0006F12033B5305A33CB6F33D3E6B00050013
:1064000000000000687713007CD211007876A000AD
:106410007700040001000000D8761300A4451300A3
:106420003C7DA0007900040001000000E876130024
:10643000A4451300647DA000690004000000000072
:10644000F87613007CD211000C75A00075000400D2
:106450000100000008771300A44513008C7DA00004
:10646000BD02040000000000187713007CD2110068
:106470002875A000C1020400000000003877130056
:106480007CD211004475A000C3020400000000008B
:10649000487713007CD211006075A0001500000041
:1064A000906EA00004010000287713002C751300E3
:1064B000C06EA00048221300000000000000000091
:1064C0004C6611003466110004661100406611002C
:1064D0001C6611001066110028661100F86FA000FC
:1064E000B094A00018000000906EA000040100000D
:1064F0005877130034751300C06EA000E02313001A
:106500000000000000000000EC241300DC24130055
:10651000AC241300E4241300C4241300BC2413008F
:10652000D42413000870A0001098A0002A000000D6
:10653000906EA00004030000AC6613000C761300FC
:10654000C06EA000E8251300C827130060271300C1
:1065500034291300B827130038271300C02713006D
:106560005027130048271300B02713001070A00015
:106570000C90A0000100030000000000F47513005F
:106580007CD211006474A00003000300000000002E
:10659000007613007CD21100B874A000230303001E
:1065A00000000000187613007CD211007C75A0005A
:1065B0002503030000000000247613007CD21100A4
:1065C0009875A00029030300000000003076130036
:1065D0007CD21100B475A00005000300000000008B
:1065E000547613007CD211002476A0007B000300B7
:1065F000010000006C761300A4451300B47DA000D8
:106600006D00030000000000847613007CD21100AE
:10661000B076A0007D000300010000009C7613000E
:10662000A4451300DC7DA0008100030001000000F0
:10663000C0761300A4451300047EA0000C000000E7
:10664000906EA000030100003C7613003C7513001F
:10665000C06EA0003C2913000000000000000000F4
:10666000A42A1300942A1300642A13009C2A1300FE
:106670007C2A1300742A13008C2A13001470A000C3
:10668000B893A00006000000906EA0000303000075
:106690007876130060761300C06EA000A82D13005A
:1066A000A02E1300842E1300A42E1300902E13008E
:1066B0005C2E1300982E1300742E13006C2E130002
:1066C000882E13003C70A0008490A00007000000FA
:1066D000906EA00003030000A876130090761300CC
:1066E000C06EA000AC2E1300AC2F1300902F13002F
:1066F000B02F13009C2F1300682F1300A42F13003A
:10670000802F1300782F1300942F13004870A000DF
:10671000D090A00009000000906EA00003030000CC
:10672000CC761300B4761300C06EA000B82F13000F
:10673000A83013008C301300AC30130098301300D5
:1067400064301300A03013007C3013007430130049
:10675000903013005470A0001C91A000CB000200E8
:1067600000000000647513007CD211004874A00082
:106770002D010200000000006C7513007CD2110096
:106780008074A00065000200000000008475130002
:106790007CD21100D474A000670002000000000049
:1067A000947513007CD21100F074A00089000200DF
:1067B00000000000CC7513007CD211009476A0007C
:1067C0008700020000000000D47513007CD2110085
:1067D000CC76A0007100020000000000DC75130000
:1067E0007CD21100E876A0008500020000000000C5
:1067F000E47513007CD211000477A000170000009C
:10680000906EA00002010000AC75130030751300FB
:10681000C06EA0001C231300000000000000000058
:10682000D8231300C823130098231300D023130088
:10683000B0231300A8231300C02313000070A0008E
:106840006492A0000D000000906EA0000202000003
:10685000BC751300B4751300C06EA0001C2B130090
:106860000000000000000000542C1300442C130012
:10687000142C13004C2C13002C2C1300242C13006C
:106880003C2C13002070A000A89AA0000E0000006D
:10689000906EA00002010000C4751300487513003B
:1068A000C06EA0005C2C130000000000000000007F
:1068B000742D1300642D1300342D13006C2D130060
:1068C0004C2D1300442D13005C2D13002470A000E8
:1068D000949DA00029000000906EA000020100001D
:1068E000EC75130060751300C06EA000FC771100FA
:1068F000443113004031130078791100EC78110015
:1069000094781100F8781100AC781100A07811008B
:10691000E07811006870A0002490A000E86C1300DB
:10692000546D1300306D13000C6D1300C90001008D
:1069300000000000187513007CD211009C74A000A8
:10694000D300010000000000387513007CD2110054
:10695000D075A000DF0001000000000040751300AA
:106960007CD21100EC75A000E700010000000000DF
:10697000447513007CD211000876A000310101009B
:10698000000000004C7513007CD211004076A0007E
:10699000DD00010000000000587513007CD21100DA
:1069A0005C76A00027030100000000005C75130066
:1069B0007CD211002077A000A87313001465130087
:1069C000B8EC1100C4EC1100A0EC1100B4EC110003
:1069D000CC00000005000000C871A000000000000D
:1069E0007C631300B8EC1100C4EC1100000000003F
:1069F0000000000008000000060000003C77A00036
:106A0000607313008C611300B8EC1100C4EC11002A
:106A1000A0EC1100B4EC1100E8000000050000003B
:106A2000DC71A000000000003C651300B8EC110010
:106A3000C4EC110000000000000000000A0000008B
:106A4000060000005C77A000000000000463130053
:106A5000B8EC1100C4EC11000000000000000000C0
:106A600002000000060000007C77A000000000008B
:106A7000A0611300B8EC1100C4EC1100000000008C
:106A80000000000006000000060000009C77A00047
:106A900000000000A4631300B8EC1100C4EC110066
:106AA00000000000000000001A00000006000000C6
:106AB000BC77A0000000000050651300B8EC110086
:106AC000C4EC110000000000000000001C000000E9
:106AD00006000000DC77A00000000000186313002F
:106AE000B8EC1100C4EC1100000000000000000030
:106AF0001400000006000000FC77A0000000000069
:106B0000B4611300B8EC1100C4EC110000000000E7
:106B10000000000018000000060000001C78A00023
:106B2000F073130004631300B8EC1100C4EC1100FF
:106B3000A0EC1100B4EC1100AC0000000500000056
:106B4000F071A0003874130018631300B8EC110042
:106B5000C4EC1100A0EC1100B4EC1100AE00000078
:106B6000050000000472A000807413006863130025
:106B7000B8EC1100C4EC1100A0EC1100B4EC110051
:106B8000B0000000050000001872A0000000000026
:106B90007C631300B8EC1100C4EC1100000000008D
:106BA0000000000010000000060000003C78A0007B
:106BB0000000000004631300B8EC1100C4EC1100E5
:106BC00000000000000000000400000006000000BB
:106BD0005C78A00000000000A0611300B8EC110078
:106BE000C4EC1100000000000000000012000000D2
:106BF000060000007C78A00000000000A4631300E1
:106C0000B8EC1100C4EC110000000000000000000E
:106C100022000000060000009C78A0000000000098
:106C200018631300B8EC1100C4EC11000000000060
:106C3000000000001600000006000000BC78A00064
:106C400000000000B4611300B8EC1100C4EC1100A6
:106C5000000000000000000024000000060000000A
:106C6000DC78A0000000000004621300B8EC110002
:106C7000C4EC110000000000000000004E00000005
:106C800006000000FC78A00000000000F061130086
:106C9000B8EC1100C4EC110000000000000000007E
:106CA00054000000060000001C79A0000000000055
:106CB0002C631300B8EC1100C4EC110000000000BC
:106CC000000000003C000000060000003C79A0002D
:106CD0000000000040631300B8EC1100C4EC110088
:106CE000000000000000000042000000060000005C
:106CF0005C79A00000000000B8631300B8EC11003C
:106D0000C4EC11000000000000000000340000008E
:106D1000060000007C79A0000000000068631300FA
:106D2000B8EC1100C4EC11000000000000000000ED
:106D300028000000060000009C79A0000000000070
:106D4000DC611300B8EC1100C4EC1100000000007D
:106D5000000000003600000006000000BC79A00022
:106D60000000000054631300B8EC1100C4EC1100E3
:106D700000000000000000005A00000006000000B3
:106D8000DC79A0000000000018621300B8EC1100CC
:106D9000C4EC1100000000000000000048000000EA
:106DA00006000000FC79A0002C6213008C61130027
:106DB000B8EC1100C4EC1100A0EC1100B4EC11000F
:106DC000EE000000050000002C72A0002C621300F1
:106DD000EC641300B8EC1100C4EC1100A0EC11003D
:106DE000B4EC1100BC01000005000000D46EA0004E
:106DF0002C621300E4661300B8EC1100C4EC11001F
:106E0000A0EC1100B4EC1100C2010000050000006C
:106E1000E86EA0002C62130064651300B8EC11004A
:106E2000C4EC1100A0EC1100B4EC1100340100001E
:106E3000050000004072A0008C6513008C611300F7
:106E4000B8EC1100C4EC1100A0EC1100B4EC11007E
:106E5000F0000000050000005472A0008C651300D3
:106E600090631300B8EC1100C4EC1100A0EC110009
:106E7000B4EC11001A010000050000006872A000C7
:106E8000746213008C611300B8EC1100C4EC1100A3
:106E9000A0EC1100B4EC1100F200000005000000AD
:106EA0007C72A0007462130000651300B8EC11003E
:106EB000C4EC1100A0EC1100B4EC11009A01000028
:106EC00005000000FC6EA0007462130090631300C4
:106ED000B8EC1100C4EC1100A0EC1100B4EC1100EE
:106EE0001C010000050000009072A00074621300F5
:106EF00064651300B8EC1100C4EC1100A0EC1100A3
:106F0000B4EC11003201000005000000A472A000E2
:106F10000000000004621300B8EC1100C4EC110082
:106F200000000000000000004A0000000600000011
:106F30001C7AA00000000000F0611300B8EC110002
:106F4000C4EC110000000000000000005000000030
:106F5000060000003C7AA000BC6213008C611300A4
:106F6000B8EC1100C4EC1100A0EC1100B4EC11005D
:106F7000F400000005000000106FA000BC621300C8
:106F8000F0611300B8EC1100C4EC1100A0EC11008A
:106F9000B4EC11005401000005000000B872A0001C
:106FA000BC62130004621300B8EC1100C4EC1100C1
:106FB000A0EC1100B4EC11005A0100000500000023
:106FC000CC72A000BC62130018621300B8EC110070
:106FD000C4EC1100A0EC1100B4EC11005801000049
:106FE00005000000E072A000CC63130000651300F0
:106FF000B8EC1100C4EC1100A0EC1100B4EC1100CD
:107000009601000005000000F472A000CC6313009C
:107010000C671300B8EC1100C4EC1100A0EC1100D7
:10702000B4EC1100B0010000050000000873A000DE
:10703000CC63130028651300B8EC1100C4EC1100F8
:10704000A0EC1100B4EC1100D0000000050000001D
:107050001C73A000D4651300EC641300B8EC11009D
:10706000C4EC1100A0EC1100B4EC1100BA01000056
:10707000050000003073A0001C661300906313002D
:10708000B8EC1100C4EC1100A0EC1100B4EC11003C
:107090001E010000050000004473A000D465130029
:1070A000C8611300B8EC1100C4EC1100A0EC110091
:1070B000B4EC1100D6000000050000005873A000D9
:1070C0001C661300C8611300B8EC1100C4EC110079
:1070D000A0EC1100B4EC1100D80000000500000085
:1070E0006C73A0000000000078651300B8EC11007C
:1070F000C4EC110000000000000000002E000000A1
:10710000060000005C7AA00000000000B8631300D5
:10711000B8EC1100C4EC11000000000000000000F9
:107120002C000000060000007C7AA000C874130048
:10713000C8611300B8EC1100C4EC1100A0EC110000
:10714000B4EC1100DA000000050000008073A0001C
:107150000000000068631300B8EC1100C4EC1100DB
:1071600000000000000000002600000006000000F3
:107170009C7AA00000000000DC611300B8EC110054
:10718000C4EC110000000000000000002A00000014
:1071900006000000BC7AA000000000002C63130071
:1071A000B8EC1100C4EC1100000000000000000069
:1071B0003800000006000000DC7AA000000000009B
:1071C00040631300B8EC1100C4EC11000000000093
:1071D000000000003E00000006000000FC7AA00055
:1071E0000000000054631300B8EC1100C4EC11005F
:1071F0000000000000000000560000000600000033
:107200001C7BA0000000000018621300B8EC110005
:10721000C4EC110000000000000000004400000069
:10722000060000003C7BA00014641300BC66130041
:10723000B8EC1100C4EC1100A0EC1100B4EC11008A
:1072400038010000050000009473A00014641300CE
:10725000A0611300B8EC1100C4EC1100A0EC110007
:10726000B4EC1100DC00000005000000A873A000D1
:107270001464130014651300B8EC1100C4EC110081
:10728000A0EC1100B4EC1100CA00000005000000E1
:10729000BC73A0005C641300D0661300B8EC11004E
:1072A000C4EC1100A0EC1100B4EC11003A01000094
:1072B00005000000D073A0005C641300B4611300EB
:1072C000B8EC1100C4EC1100A0EC1100B4EC1100FA
:1072D000DE00000005000000E473A0005C64130001
:1072E00028651300B8EC1100C4EC1100A0EC1100EB
:1072F000B4EC1100CE00000005000000F873A000FF
:10730000A464130034671300B8EC1100C4EC11003E
:10731000A0EC1100B4EC11003E01000005000000DB
:107320000C74A000A4641300DC611300B8EC11001D
:10733000C4EC1100A0EC1100B4EC1100E20000005C
:10734000050000002074A000A4641300C8611300AD
:10735000B8EC1100C4EC1100A0EC1100B4EC110069
:10736000D4000000050000003474A000646613001F
:1073700020671300B8EC1100C4EC1100A0EC110060
:10738000B4EC11004001000005000000246FA000D3
:1073900064661300F8661300B8EC1100C4EC110029
:1073A000A0EC1100B4EC1100420100000500000047
:1073B000386FA000000000007C631300B8EC1100DF
:1073C000C4EC110000000000000000000C000000F0
:1073D000060000005C7BA000000000003C6513007C
:1073E000B8EC1100C4EC1100000000000000000027
:1073F000B6000000060000007C7BA000000000003A
:10740000A0611300B8EC1100C4EC110000000000F2
:10741000000000000E000000060000009C7BA000A1
:1074200000000000A4631300B8EC1100C4EC1100CC
:1074300000000000000000001E0000000600000028
:10744000BC7BA0000000000050651300B8EC1100E8
:10745000C4EC11000000000000000000B8000000B3
:1074600006000000DC7BA00000000000B4611300F7
:10747000B8EC1100C4EC1100000000000000000096
:107480002000000006000000FC7BA00000000000BF
:1074900004621300B8EC1100C4EC110000000000FD
:1074A000000000004C000000060000001C7CA00052
:1074B00000000000F0611300B8EC1100C4EC1100F2
:1074C0000000000000000000520000000600000064
:1074D0003C7CA000000000002C631300B8EC1100FD
:1074E000C4EC110000000000000000003A000000A1
:1074F000060000005C7CA000000000004063130058
:10750000B8EC1100C4EC1100000000000000000005
:1075100040000000060000007C7CA000000000008D
:1075200078651300B8EC1100C4EC110000000000F5
:1075300000000000BA000000060000009C7CA000D3
:1075400000000000B8631300B8EC1100C4EC110097
:1075500000000000000000003000000006000000F5
:10756000BC7CA00000000000DC611300B8EC11003E
:10757000C4EC110000000000000000003200000018
:1075800006000000DC7CA000000000005463130033
:10759000B8EC1100C4EC1100000000000000000075
:1075A0005800000006000000FC7CA0000000000065
:1075B00018621300B8EC1100C4EC110000000000C8
:1075C0000000000046000000060000001C7DA00036
:1075D00010000000906EA00001010000147513005F
:1075E00010751300C06EA000806111000000000043
:1075F00000000000FC611100E4611100B4611100A1
:10760000F0611100CC611100C0611100D86111005E
:10761000B46FA0004093A0000B000000906EA0008B
:10762000010200001C75130074751300C06EA000E9
:10763000F81713000000000000000000C418130039
:10764000B418130084181300BC1813009C181300FE
:1076500094181300AC181300C46FA000E095A000AC
:1076600001000000906EA0000102000020751300D0
:107670008C751300C06EA000BC63110000000000F8
:1076800000000000446411002C641100FC63110030
:1076900038641100146411000864110020641100A2
:1076A000CC6FA0006891A00002000000906EA000C6
:1076B00001020000247513009C751300C06EA00029
:1076C000506411000000000000000000D8641100A8
:1076D000C064110090641100CC641100A864110012
:1076E0009C641100B4641100DC6FA000BC91A00088
:1076F00003000000906EA000010200002875130036
:10770000A4751300C06EA000E46411000000000026
:10771000000000006C651100546511002465110023
:10772000606511003C65110030651100486511006D
:10773000EC6FA0001092A00012000000906EA0005C
:10774000010100005475130050751300C06EA000B5
:10775000647011000000000000000000E0701100E3
:10776000C870110098701100D4701100B070110031
:10777000A4701100BC7011002C70A000D092A00069
:107780000065130090671300B86F1300486713007B
:10779000B0681300D4681300F8681300F061130098
:1077A000046213001862130024701300D0661300E3
:1077B000806B130020711300F86613009C6D13009A
:1077C0000C671300BC6E1300FC7013009070130064
:1077D00034671300E46D13005C6B1300786D1300C5
:1077E000346C1300BC661300EC641300110000003D
:1077F0007C771300486713000070130014651300B2
:10780000A0611300C06D13006C7013002865130095
:10781000B4611300C8611300DC611300EC6B13004A
:10782000C86B130020671300E46613002C6E13006E
:10783000E46D1300506E1300086E1300B46713005C
:107840006871130044681300D4711300A46B130013
:107850007C6C1300746E1300AC721300FC70130088
:1078600020711300B0681300D8671300406913003B
:10787000D468130068681300AC6913002C6313000C
:107880004063130054631300286F130064721300E5
:107890003C6A13004C6F130088721300606A130077
:1078A000706F130018731300F06A1300C06D13009B
:1078B000786D13009C6D130004631300686313005C
:1078C00018631300F8681300E06E1300A86A130031
:1078D0008C6113007C6313003C6513006C6713001C
:1078E000447113001C69130000701300DC6F130057
:1078F000B86F1300086E1300EC6B1300586C130084
:1079000090631300A46313005065130020681300F4
:10791000B0711300886913006C7013004870130075
:107920002470130064651300B863130078651300B6
:10793000986E1300D0721300846A1300D87013007D
:10794000B470130090701300DC6F1300FC67130019
:107950008C71130064691300487013008C68130065
:10796000F8711300D0691300BC6E13002C6E130065
:10797000506E1300D8701300B4701300046F13001E
:10798000F4721300CC6A13000C6D1300C46C130066
:1079900040721300186A1300386B1300A46B1300B5
:1079A0005C6B1300806B1300306D1300A06C130030
:1079B0001C721300F4691300546D1300946F1300CC
:1079C0003C731300146B1300586C1300106C1300FD
:1079D0007C6C1300346C130090671300386B130039
:1079E000C86B1300106C1300E86C1300F0731300E5
:1079F0008074130038741300C8741300A873130044
:107A0000D46513001464130060731300CC63130077
:107A10005C6413001C66130064661300A464130006
:107A20002C6213008C65130074621300BC62130097
:107A3000D867130040691300FC6713008C711300B2
:107A400064691300E06E1300A86A1300046F13004A
:107A5000F4721300CC6A130068681300AC69130059
:107A60008C681300F8711300D06913006C67130061
:107A7000447113001C69130020681300B0711300D7
:107A800088691300B467130068711300986E1300BF
:107A9000D0721300846A1300746E1300AC7213006A
:107AA00044681300D4711300C46C130040721300B7
:107AB000186A1300A06C13001C721300F469130001
:107AC000946F13003C731300146B1300286F1300A2
:107AD000647213003C6A13004C6F13008872130029
:107AE000606A1300706F130018731300F06A1300BC
:107AF0000400000001000243616C696242535800B7
:107B00004E566972740053656E736F720000000008
:107B10000300000004000000050000000600000053
:107B2000070000000800000010671700486F73741A
:107B300000A91AA1AB551748656C6C6F20776F725E
:107B40006C642100506172616D202575206C656E3A
:107B50002025752074696D6520256C6C752E20209C
:107B60000025642E2054657374696E6720707269F5
:107B70006E746620627566666572696E67207465EC
:107B800073742025752E2020005468652071756956
:107B9000636B2062726F776E20666F78206A756DF6
:107BA000706564206F76657220746865206C617AF8
:107BB0007920646F672E20205468697320697320D0
:107BC0006120746573742C20746869732069732054
:107BD0006F6E6C79206120746573742E20204520AF
:107BE000706C75726962757320756E756D2E2020CC
:107BF000436F6769746F206572676F2073756D2EB0
:107C0000202056696E692C20766964692C2076697B
:107C100063692E0049646C65000000006578706639
:107C2000000000000000003F000000BF8071313FF5
:107C3000807131BFD1F71737D1F717B76C6F67660F
:107C400000000000000000000000000042CE020022
:107C5000EB3CEBAE1FA4E4A1AF7B987F6BC88E6DAD
:107C60007B9DC1980232968948A410CD17CEB83CAE
:107C70004D124F2B3211C03A421529EA0000000084
:107C800000000000000000000000000000000000F4
:107C900000000000000000000000000000000000E4
:107CA00000000000000000000000000000000000D4
:107CB00000000000000000000000000000000000C4
:107CC00000000000000000000000000000000000B4
:107CD0000000000000000000D4791300D8791300E0
:107CE0000000000000000000000000000000000094
:107CF0000000000000000000000000000000000084
:107D00000000000000000000D8791300DC791300A7
:107D10000000000000000000000000000000000063
:107D20000000000000000000C340120000406B2073
:107D300040090A22808F1000842BE22082000A2250
:107D4000808F1300187BE220820056080000DB447D
:107D5000A000205CAB240939DB44A000206CAB24DC
:107D60004939C6080FFE6A2080028EB8292000809B
:107D7000DB42A0001C5C6F702220800F1300B87DD6
:107D8000DD018FE59C841300C3401200804BD3704B
:107D90001200804BE07CAB208A04E07EFAC3AEC1C7
:107DA000CB46F00034000C7014AE16AE15AE0016C3
:107DB0000D70A000D85E0AD84C7440258F127E0C3E
:107DC0002FEBE141088D278D08B8257810B835B81C
:107DD0008C208F83CC20828F0000EA05CC20828FFC
:107DE0000000D507CC20828F0000DD0707F2018E4E
:107DF0006C2040014520C00001AE6615801006E8E9
:107E0000001E0270F0000601660DEFFE80C0001734
:107E1000C0101470C2012B005425C01CE60B2FEBC0
:107E20001AD92D8D3820420030706DC1351C82303A
:107E3000D3F4701583107415811073158C1075159B
:107E400082106815931072158E10671597107715AC
:107E500090107615921078158F107B159E10711565
:107E600080107A159F107E1589106E1584106F157D
:107E70009610791591107D1585107C158710402B73
:107E80000B0140291403402C1511402A0D02402BF0
:107E9000032108BE402F172240280C23402A02212C
:107EA00008BF402E1E3205245425052555106F7D30
:107EB0004028080340290912C578857A05270C1443
:107EC0000526CE370525CD150520C81205214B11F5
:107ED0000E7F4E7A8E7CCE78AE7D2F26C612422A39
:107EE0000B015C6C9C681C6D483080000030800F7A
:107EF00075378FC2DB41803F000001304006402EC5
:107F0000162207310030402F133340291221402D13
:107F10001103402F0701052484050522C1240527EC
:107F200043042F270601C34600B800002F2606325F
:107F30002F2006152F2146152E796E7B422F070123
:107F40005026D807422E1E3144BF4228081142292C
:107F5000091144B944BB44BE48379F0048369130AC
:107F6000483790104830881048318F1048339E10A1
:107F700048328500483184004834821048338100FB
:107F80004836921000370C360031872100308921A5
:107F90000030081600370B1600368F3100358E0181
:107FA00000348D01003283010031020600320126C7
:107FB00042C45224CC17141CC0310C1C4032041C87
:107FC0000032101CC03248C746C64BC549C347C221
:107FD0004AC140C44CC0C340A100FF7F0A0E0FF746
:107FE000410874020845F60D0FF768BD0846DA0827
:107FF0006FECAF7D236EB8602F792B0924002DD84C
:10800000C6084FECE6086FECA1419A096FECA1405D
:1080100080C1C3401300345EBA0BAFE538DADAC76B
:108020002FD80A0D2FEB2C71F1C0CB44F000340097
:108030002294C34000002E1410784F0921001AD852
:10804000C340A000F87FC341A100FC111249C34303
:1080500000004C090D0A720063B4BE09AFF32C7026
:10806000C340130000872A080000C340000000003E
:1080700003E8EE0E4FE5001E0170F0004402920E80
:108080000000D1C0E07EA60C2FEB2C70E8C3A1C18C
:10809000084507E8860C6FE5A14005E8C8C70C70E5
:1080A000C8C7038D0D08F40040250F12C18512F0DA
:1080B000E46DCB461000CC2A0CF0046FE4680AF0A3
:1080C0004E2002202C705209AFF3814040270F123E
:1080D00001878087147010400EF2F4F6184F80C3A9
:1080E0008142607E02414020C0206C2040001F671A
:1080F00008E7F0F1E3ECC343D0BAAD0BC342AD0BDC
:10810000D0BAC34100000B0A0C7060A741A7021D42
:10811000431320B5C8C7E078E6C20C71A65ACB4518
:10812000A000B47E02A50C71A75A04A50C71C3412E
:108130001200E455AE5A08460C71C3411200D856DD
:10814000AF5A08470C73A65A03A50C73C34112001B
:10815000BC55AE5A00410C7004EE04EF79210000CA
:10816000C6C6E078F1C0C34012005857AC5AC341AC
:10817000A000CC7ED1C0E07F00A1E078E2C2422125
:108180003C80C3430000FFFFAD7015F240200C0798
:10819000A820400400841B0881002E8C0694C0B9DE
:1081A0008420CF8F257D05F27070CA2305005524E9
:1081B0000C1C8382BB782C8CA1B905792CAC238252
:1081C000CE09EFF16040C2C6084442223C804A20FA
:1081D0000000E07C40210307A820C001C013010477
:1081E000382101032578E07EEEC2CB47F000000184
:1081F000138FCB45F000400280B813AF128F80B8C8
:1082000012AF118FA0B811AF018521854420420023
:1082100050210000457801A500160170A000806E75
:10822000C340A000206C2E0ECFF6AA2049091A0EDA
:10823000EFF6AA210909CA0CCFFE820FAFFD0C7020
:108240002E0DCFFE360DCFFE720DCFFE7E090FF143
:1082500010401470D8F24A0DCFFD0390CB46F000C9
:10826000340004B60E108020228522B8A0B9C0B810
:10827000257802A502108120088F0F097F006C204D
:10828000400080B802F081B808AF42092FF1171EF4
:1082900083142F1081002E1082004029000245789F
:1082A0001108800F0000FFFF8C20538FC6F708F0E5
:1082B000001E4370A0009C428A20930FA95A14709C
:1082C00092F2C340A000205CC341A000206C420C8D
:1082D0002FEB171EC314CB45A0004C8028D9C342F6
:1082E000A00054405625001C171E43153A0A2FF7CC
:1082F000171E8315C340A000EC84C342A000744045
:10830000260A2FF728D9C340A0000C88C342A0003A
:10831000EC40E208AFEC20D9C340A0000C8CC34273
:10832000A0000841CE08AFEC20D9108F10D980B83A
:1083300010AFA1406A09EFF4171EC315D208200040
:108340000240AB083000AD70345810432E58104234
:108350003E5810412F580044024062414242DA0A1E
:1083600020002243870810002209CFEB0EE80B8E75
:1083700019085F00345810402E58004230D802418E
:10838000335804E89608CFEB3E0D00002FE891D853
:10839000CA09AFF617AE148EA9E8820DCFFF8A2066
:1083A000080EAADA2C70C168AB22080E2B218003BC
:1083B000088FC343FA0280F0C3413101002DC1B8D8
:1083C000147255DCCA21C100016EC943AB24081EDA
:1083D0002B210000C340A000E0420088AD7109E8F5
:1083E0000C750DF02AD8AD7014AEA140CEC6C340B6
:1083F000A000E14200887BE80C73AB22080E2B2022
:10840000C002F5F12ED826092FEB2C70E6C2CB4521
:10841000F0003400171D03162F884D88CE888C88F5
:1084200008B908BA257E857A10BEC343F000400221
:108430005322C102457E3AB32CBE958853264B1178
:10844000D7883488568808BC08BE257C052681104C
:108450004A24407610B985792D700D71CD7024A312
:10846000A8204102717645F20F0E14145C883D88F5
:10847000FF889E8805F058883988FB889A8808B953
:1084800008BF45790527021310BA45790129410231
:10849000C1B934713E00210034720FF234731FF4FD
:1084A0002F27BF006F233F0025830F21810325A3C2
:1084B0002F26BF000BF02F27BF006F233F0025831F
:1084C0001021810325A32F26BF002C71D87926A364
:1084D0000FF00028811328A30BF02F27BF006F2374
:1084E0003F0027830F21810327A32F26BF0025727A
:1084F000C5716140AD5AA70830004A24407111D8B7
:108500004A210000A820C001AB20D0020471AB2199
:1085100088014A24807116DC6C7123DA0C7224D92C
:10852000AB24D012AB238801AB22D002AB20880150
:10853000AB21D002AB20880117D82C74A820C00131
:10854000AB20D0020471AB2188014A24C0701DDC2D
:108550001EDB4C731FD8AB24D012AB218801AB2398
:10856000D002AB228801AB20D00215D8AB21880104
:10857000A820C00240200204422001040471AB2262
:10858000D002AB21880128DA07D90C71AB22D002C6
:10859000AB218801171D4316C6C6B0D90C7034AD87
:1085A000C6C6E078EAC230410E7136E940200F07B6
:1085B000AD7045DE01871D089204290890042F083C
:1085C00050083B089108001F801FA00008411CF0C4
:1085D00012E82B085104001F801FA000544014F023
:1085E000001F801FA00074400EF0001F801FA0001D
:1085F000EC400AF0001F011006F00E70001E82739E
:10860000F0004900FA0FEFF6E140A571A90D64945E
:1086100055270F1C0240CAC6F1C0A85A14700C712D
:1086200007F429DAC341F00048000C7040A9D1C01A
:10863000E07EE078ECC2504230411040CB45F00083
:108640004B002040404160428043D20FEFFF001DAD
:10865000831614700C704FF2C342A00054402240A5
:1086600042411E0BEFFF001DC316C342A000744021
:1086700022400E0BEFFF4241CB46F0004002C341C7
:10868000F0007702E0862D10832000896C204200E4
:1086900053234000457800A9024022414242020A89
:1086A0002000001D031728BFCABF0DE80240224169
:1086B000BA092000424205E88527071003F0852704
:1086C000031022414242F6092000001D4317608634
:1086D0008A2118001470C52742104627021008BAD4
:1086E0000423810FF8FFFF000C71457920A6001DBF
:1086F0008317CCC6F1C0C3401300F08FEA08CFFE49
:1087000083E8D1C0E07E260EEFEA2C71E2C2C341BD
:10871000A000E042CB45F0003400C340A000E1429D
:1087200000190300171D4314CE0FEFFF001843007C
:10873000BA0ACFFF05E892D80E08AFFE17AD148D28
:1087400083E820D814ADAFD817AD4058EEC27043BF
:1087500050413042830B30001040AD70D76D22760F
:10876000C14035580B0895003E1E831005F00B08DC
:1087700054013E1EC31F198E40260F17C1B823088F
:108780007100E140019717E848300000C341120032
:10879000644BC142B25A2308330001AF1AF00241C0
:1087A0009E082000424209E800410080FEE8C0A186
:1087B00003F0011FC31F28860CE921168010C1B8E1
:1087C00014720C7005F42F7802414242335808A607
:1087D000A5718D0DC4940240CE0DEFFF42415B0B9D
:1087E00030201042ED70CD7011F035581040A1408E
:1087F0003A5835580C2000A0E14056F7A1403A58AD
:1088000035583E1D02100C710EF0176E00210DA0A0
:1088100009F2A1403A5807E8198DC1B8CF08718014
:10882000A140E140C57172763C26CF14CA262610BD
:10883000047FADF7EBE84240CEC6E078E2C2618843
:108840000845402B80074228BE870E002400808DFB
:1088500081403D5807F0C1BB0B0BB1000C7081404B
:10886000335800A5C2C6E0788D7017EA2D1083003A
:10887000270B70000A2480703C49C342A0000841C5
:10888000A820C00220800F098100348807099F00BA
:108890008D715520000CE07F8140E0782D10800024
:1088A0000F085100C340A00054402101CFFFC34036
:1088B000A00008411501CFFFC340A00074400D0186
:1088C000CFFFE078C342F0004B001BD90C70001AB8
:1088D000C307AB21D002AB208801C340F0002001C8
:1088E00020D926A020A06F26FF0590D90C71E07F2B
:1088F00020AA00002B66000000004C0900000000C8
:108900000000000000000000000000000000000067
:108910000000000000000000000000000000000057
:108920000000000000000000000000000000000047
:108930000000000000000000000000000000000037
:10894000000000000000000000000000F04F0100E7
:1089500000000000DC3901002E14000000000000BF
:10896000F000000000000000000000000000000017
:10897000494E4903543B1100D4791300050000000F
:1089800001F87EA000000000D87913000500000067
:1089900001D87EA000000000206CA000B8080000F4
:1089A000002000FC231000CC020454221000B4FF6D
:1089B0001100B8E200001000AC00120040361100B7
:1089C00018A01100503900001100043A110084A1D0
:1089D0001100F4A31100AC5B0000130004A411000B
:1089E00000A21100801D1200281E00081200581F4E
:1089F00012002C0A1200040204F40912000200DC26
:108A000002040C6C1200A4011200E8001200B86706
:108A10000000120068041200B49F110010801100C1
:108A200098050080120078021200FC5D1300804B54
:108A30001200C002040CA0004C027402043427107F
:108A400000004D12002002044002042C088C570242
:108A5000240218C002049C241000600214943913EC
:108A600000A0208C131100A00204B8020494AE11DF
:108A7000003C0204F47E80B211002C1A1200B002F5
:108A800004BC0204541B0284020418020C0498144F
:108A90006B0270181200D8191200940310020CF027
:108AA000170274412002F4FCFD120084025CAC1732
:108AB0001300E413025C1413140400C0020828021B
:108AC00008789312006C0204AC2A1300D409000247
:108AD00020347502646911000C9212005467100072
:108AE000C01014661000E00208FC6810000C0208B8
:108AF0004C0208206910541500680208D802042CA2
:108B0000020414020430024450020414971240106C
:108B1000007055130088020448F51100C01240404F
:108B200024121404004C0204600204CC261200F04B
:108B3000020430271200A805150204C80204002907
:108B40001200980204EC0204FC0204502A1294A0C1
:108B500000600204DC0204C437122C5E1200EC68D0
:108B600012643802084105020494391200A002047C
:108B7000B80204C40204883A1200AC411902042469
:108B80003C1200BC0204A40268E031026802040442
:108B90003212945500140204800204003312D002F1
:108BA0001C300204340204580288A895590214D8D3
:108BB0000204FC0204003512EC02043036123002CA
:108BC00004940204DC55A502040802841002041C6B
:108BD0000204400204900204D4770284F312EC22CF
:108BE00010000D01C06EA004117C751300487612B0
:108BF00068771300002014A6A000033000006F0067
:108C0000403E000201CC180102021C90A00054A8B2
:108C1000A000C8063014A7A000010004EE00500216
:108C20001F00FFFF00000403090A040314030A10D5
:108C3000030B03140FFC0234030B08040314040099
:108C40004000008008130F5004190528040B0F057D
:108C5000FFFF0F100F100F100F100F100F100490C8
:108C60000B15038C03100708030C03040F100B10E3
:108C7000070CFFFF0F080310030403400304030C59
:108C80000304070C03080704071803100F0C031450
:108C90000B040B20FFFF0B180F0C0F100F100F1001
:108CA0000F100F100F100F100F100F100F100F10CC
:108CB0000F100F100F107FF80F100F100F100F1064
:108CC0000F1007101360040000100202071324287D
:108CD0000F140528EFEF2FE033300F140F140006A8
:108CE0005032195283076505500F14063C080726B9
:108CF000073C02647DDE0F14000F140F3C073C029A
:108D0000640E3C0500021402030766038C05035041
:108D10000F14FBC00F1442200107350608033C0F57
:108D200014031404000002000806250207DFF803FC
:108D3000140F2803140F280614080F3C02280800FB
:108D4000200249060308280F140620FFFF07070525
:108D500028122C0EDC4FAC05280736050805140F29
:108D60003C16680F50053308060F3C03190FA00F7F
:108D700014031402041417A86FA0001871A000B007
:108D80000208AC02040E00540204021C02F70000A8
:108D900070A1A000ECA0A00080706855A00078022F
:108DA0000480051C0438B8020C200238C00208BC3C
:108DB000020456AB5A02040738800238C802105A1F
:108DC00002045802044C0204071C90021CF855557A
:108DD0000254900250880204840A1CA0021C28023B
:108DE00054D40214D002045CAB5A02040738C00207
:108DF0001C40021CE40214E002045E0204071CE0B2
:108E0000021CF055010204600220580204F0051C07
:108E10000502200010A3A00010A2ABAA02C40218F1
:108E2000780204FC0A1C24021C20021C90021888F0
:108E30000204040290AB5A0234043838021C300297
:108E40001CA002189802040C051C141840021804F7
:108E5000D5AA0270A00214980204880554041C507C
:108E6000021C10021CB00218A8020456B58C051C86
:108E700004544C02541C021CC00218B80204900591
:108E80001C0438600238AAAB180214620214600293
:108E9000044D0204028C74032802341C021C660276
:108EA00014BAAA6402044E0204021C043870023888
:108EB00028021C6A02146802044F020455AD071C04
:108EC00080021C34023CD00220C8020494051C1409
:108ED000C03002103402046A556E02146C02045051
:108EE0000204073890023838021C7202147002041F
:108EF00051AB5A0204071CA0021C6002C8E012C455
:108F0000D40204700228071CB0021CA85555122C6C
:108F1000440214400204740A38C0021C4C028CF053
:108F20000218E802049C55550A1CD0021CB00238F5
:108F30005002184C0204760A1CE0021CB8021C5CA9
:108F400055550218580204780A1CF0021CC0021C75
:108F50006402186002047A0A1C0055E302A46C0241
:108F6000147E02147C020452020435080100EF4210
:108F70005002B40403E3FF1445020A3CE7115630E3
:108F80000F20021D02030F20021304030740030DEC
:108F90000F6003149FF907200F40031C03040F20E8
:108FA00004000F80032600000F4005164314070A33
:108FB0005778FFFF0F4005200F40051609400F208E
:108FC0000F2003100FE003140FC00FC00F200F205D
:108FD0000720034CEFFF0F600314072007A0051FB5
:108FE000200325060403400F200740032303200F1E
:108FF0008007200760FFDF0F200F200F200F200FBA
:109000002007200F8003100304072007800FC007EC
:109010002010C2A803C0FFFF0F200720034C0F2021
:1090200003140F200F400F200FC0072007A00F20B0
:109030000F200F200720038CFFFF03A00F20072025
:109040000F60033003040F200F400F200FE00720B4
:109050001F40035C03040720030CFFFF0FA0031451
:1090600007200FA0031C03040F200FA00F200F20C8
:109070000F200F200F200F200F201F00FFFF0720C1
:1090800003AC03E00F200F200F6007201F000350E8
:1090900003040F200F400F200F200F200F20FF2B65
:1090A0000F200FC007201FE0039C03040720030CC0
:1090B0000204080FD86210B06290D4A4A857A00090
:1090C000940204386248300204022403030828E8AA
:1090D0000228D002285450AFA5A000140204500268
:1090E00024480204032502040828F40228006290A0
:1090F000AA57D402249402047002246802040224B1
:1091000003030828980228400250A4D5AB62A0743B
:109110000204E062A4D80204032502040828A00285
:109120002858022804029C6A55D4022800024CF8F0
:109130000F280231A40228640228640228340204A1
:1091400010BD3F0228080204021B0F030C10FF028F
:10915000010C110F0D0A1023380A0F080B50B8002C
:109160000612009C821100D44A1252960817005031
:10917000CA1200FCB1D4C90904031A847503090F8B
:109180000406109321F47E13060E0F0700B49748CF
:10919000A3F85C12B2DEF000036DB00451090CA01C
:1091A00001F0B4A7A00718B5E4C20480030C08C2FC
:1091B000FD1256E8030C00A002590400053C0218F9
:1091C0000256E3210518B3CD80004804240223038E
:1091D00003937A020000800E04F0D51000A000F086
:1091E000DF0204E9A0000B0B070B0206030D0000D1
:1091F0000D090D0208051F1F131D06100725251553
:109200000000250614097965695D14620B7977778A
:1092100077140000760D00000E0E090E03080411ED
:10922000110B110300000A07272719240908092F29
:109230002F1A2F08190C00C0987F84741A7B0E987F
:109240009595951A9411037D0504000027CF449F3E
:1092500060C40000C477120000000000000000009D
:109260002B66020002004026918C22792A7140650B
:109270008778406FBDBA7D4B1EBF8E9088A04D177A
:1092800033D692076C4EF18C000000008A433921DE
:1092900036E9E4A34BC9813B762CE5F0482327F05F
:1092A000000000008911E8CAF0B3EADFB37EF2D40F
:1092B000310CF588BB02A30948DA0000A3D54F039F
:1092C000000000004C09000000000000F000000059
:1092D0000000000000000000195B391C04000000C1
:1092E0002B66020002004026000000000000000083
:1092F000000000000000000000000000000000006E
:10930000000000000000000000000000000000005D
:10931000000000000000000000000000000000004D
:10932000000000000000000000000000000000003D
:10933000000000000000000048DA0000000000000B
:10934000000000004C09000000000000F0000000D8
:10935000000000000000000000000000403D14007C
:1093600060421400C841A100084AA100084AA100B7
:10937000885EA100885EA100085FA100703D140016
:1093800000801400485FA1000080A1002C4214005E
:10939000349113005C9113004491130027CF449F34
:1093A00060C40000C342F0004C00008221680C70D1
:1093B000E07F20A26844C343A100C01F567B4083C6
:1093C00061830A2500010101E00481446044C34334
:1093D000A100C01F567B40832D0760046183E078A5
:1093E000E4C276082000084604776908B400C9453D
:1093F0002C703A092000C14059F65226CE17F20DC2
:109400006FF0C140C1418209200008453FDE18BE0F
:109410001A092000C14188F64F26C1157E09200097
:10942000A14008455225CD1714F0C60D6FF0C1407C
:10943000C1415609200008453FDE18BEEE08200055
:10944000C14188F64F26C11552092000A1400845A8
:10945000A140C4C6E2C208455020FE8708F2320887
:109460002000A14014700C7104F2C2C60C75C2C673
:109470002A082000A14014700C72F9F5360820006B
:10948000A140782000000473C2C6E078BFB838203D
:10949000800F807F0000E07EFFDA17BA532081053D
:1094A00044787921010038208000E07F2478E0783A
:1094B000E4C208455020FE87CD7016F2D6B80425C8
:1094C000811F807F000079200200782100004B7806
:1094D0000AF4BE0FEFFFA14086E8C20FEFFFA140E4
:1094E00078200E00C140C4C6307007F23B791B786B
:1094F000E07F05207E801B78C34100FF00003070B4
:10950000E07FCC200E805320BE8517F20C712F20F7
:109510000300E07F422040805321BE8512F2F8F123
:10952000084420408141E078CB44807F000006243D
:109530003E90D607E1FF06247E90E007E1FF084455
:1095400007207E802000040002204C80E07C107008
:1095500007244090E120C307CA2061800C71E07F9E
:109560002F2003801B783B7905204080E120C10734
:10957000147040244C90E020C3070C71E07F2F2032
:109580000380E0780720800F008000000D000000BD
:109590000721810F008000001A603B617072CA22AF
:1095A0000500CA204500CA218500C34400FF000011
:1095B000402C85001424020014244300B072CC23F4
:1095C0004E81CA000D004128C2054129C305744AD5
:1095D000C7BC99E4E120CD0707207E804028000227
:1095E000402901029FB89FB93800240001290303D4
:1095F00000230380C2226600C023C6802F23C4003C
:10960000412B0082402AC205E120C6075860512044
:109610000080D323A181D3210183E07FC020620099
:109620000E2303802E0023000C70412B008261BAB0
:10963000402AC205E120C607586013210183C07982
:10964000CA21610004210180D323A181E07FC020D1
:109650006200E120C1075322C5012F28C100047117
:10966000002B03000E20408184220400C0206100F2
:10967000C12B6100B607E6FFC52206004E20400060
:10968000012B0300A707EFFF44712F220090412612
:109690000470000000004E0201002F23409041267C
:1096A00005700000000008000200E07E0C2380929C
:1096B000004210000E00204040418042A04440453E
:1096C0002F260000412E068653208805CF20E21564
:1096D000140002002F2A010267BA0028881061BA1C
:1096E000022686002F274000412F07865321890537
:1096F000CF21E215140002002F2A410267BA002987
:10970000891061BA022787008C26C38FE4012100EB
:109710008C27C38F160221000226CB014C234096D2
:10972000627B08000C00E07E422382902F20001212
:1097300028000100140009002F214012402242801D
:1097400019002000C0214B124A22001802228A1060
:1097500000298312012989100C2440812F20001236
:10976000FA000200002048120420BE9F00040000FE
:109770000E000100C4712F200292C5236500442011
:10978000BE90260021007470CB206191C020A210F1
:10979000160001000420BE9F000400000A00010022
:1097A0002F200212C4712F2002122F200212D47017
:1097B00022000C008C26C38F8E000A000620801F1A
:1097C00080000000402EC20545789470CF20E2074B
:1097D000E07E0226827100000000422242803600B4
:1097E0000C0074701C0002004D77A0E2C2228A12A5
:1097F00008000A00002A8A108722FF1F0420831213
:10980000A0E2C2200A120A000A00012888100B00F8
:109810000000C0200B124420BE9014000100442020
:1098200042110522FE800800010005722F2002125D
:109830002F200212022686010420809F8000000053
:10984000C0266200BCF18A26C30FCB408000000016
:10985000B6F18107EFFF0220001202204812042017
:10986000BE9F00020000C020011216000200422626
:1098700046000420BE9F000200003E00010044207C
:10988000BE903600210044207E90C020A210180017
:10989000020074702200020044203E91C020A210F9
:1098A000160001000420BE9F000400000A00010011
:1098B0002F200212C4712F2002122F2002120C201E
:1098C000809F80000000EA06CAFF1570C3F32F2AAC
:1098D000010267BA0226868000288810F606CCFFAF
:1098E0006EF1D371008000003C70CA200100E07E60
:1098F0000C20809F8000000006000100E07E8C2785
:10990000C38F08000100E07E0C21809F80000000D2
:109910003C7008000100E07E0C244081060002003B
:10992000E07EC340C07F0000E07E2040E07EE07823
:10993000E6C055200308601001017C1008019E80DC
:109940004583002048103C8000248B109980DD80E6
:109950004383A083E4835961BC64FE6655210208F9
:109960005524011855260C1828BC55230F18907E35
:1099700028BF28BA8C26829C54002D0028B9A283C7
:109980009B8004130B007A80BC6455240C18842C33
:10999000041061732F20080255230308FEE06200C3
:1099A0002D0028BBF07D970D3516BDE00E010D0092
:1099B0003079AAE1C0012D009AE0AA022D0034748A
:1099C0008803260050780CDA8CBA64F02F20080245
:1099D0008C20038760002D008C20C2829E002D0009
:1099E0008C26C39CFC002D003078F079C340000029
:1099F000E731C3420000FC258C21C98448F030794E
:109A00008C21438A90002D008C218280F2002D0051
:109A1000507A8C225F8498012D008C20C28B5C02CE
:109A20002D008C229F8138032600D5E1C34200001F
:109A30003B5330F0E8DA8EBA2CF0307C8C24C8919D
:109A4000F0002D00A5E570012D00E3E034022D00AB
:109A50008C24C49D16032D007078D3700000C00ABA
:109A6000F6032D005079C34000006E48C342000049
:109A70002B28D371000011080AF03079C340000090
:109A80007F22C342000018328C21D680CA220500F2
:109A90005078C6C4707BC10B850F00004C0B8C2026
:109AA000848324010D00D3730000720AC3400000B8
:109AB0008555C3420000B247EAF1507AD3720000E4
:109AC0000B0818012D00DBE0D0012D008E788C20D2
:109AD000B480A2022A00D573C34200000315DAF154
:109AE0008C20908E14012D005079C3400000A230CC
:109AF000C34200009723D37100001110C8F18C22DB
:109B00001F8800012D008C20C28DA6012D007078C9
:109B1000D3700000E60C80022D008E788C204987DF
:109B200040032A008C22DF81C34200007C54B2F142
:109B30005079EF09850F00002A09D3710000AD08A4
:109B400076012D00C9E0C34000007B19C34200002C
:109B500050599EF18C208286E8002D008C2144888B
:109B600050795EDAC34000007B5A8DBAD371000091
:109B7000A40A8EF1F9E152012D00507A8C221F8E39
:109B80001C022D007079D3710000670CE4022D00D7
:109B90008E798C22DF82B6032D008C21C586C340CE
:109BA00000002F12C3420000DD445BF0C3420000FE
:109BB000275170F1AAE02A0126005079C342000023
:109BC000C72A68F1D3730000160B30012600F07924
:109BD000C3420000C7515EF130798C2103812C0112
:109BE0002D00CBE0C6012D008EE59A022600EBE1A8
:109BF000C3420000F7564EF1C34200000F304AF155
:109C000094E618012D00D571AE012D008C20C3857E
:109C1000800226008E78C3420000E8543AF18C2678
:109C2000429300012D008C24D09496012D0073DA0C
:109C3000D3710000A90DC340000004278DBA28F19C
:109C4000F2000D00F07890E07E012D008E79C34087
:109C500000008543C342000035558C218F8E6D0373
:109C600000005078D37000004C086601260070791F
:109C7000C3420000E4570EF1C342000063510AF1F1
:109C80005079C3400000E354C34200007322D371F3
:109C900000009E08F905CFFFB570D4F23078E7E0F8
:109CA000A8012600D574C3420000EB52D8F0C3428D
:109CB00000002852D4F0DAE6C34000008B2BC342E8
:109CC00000000735D4F0D5721A012D008C210288CE
:109CD000C34000007F18C3420000A613C8F0D37130
:109CE00000000A0810012D00E3E0C34000004325F6
:109CF000C3420000FA49BCF0C34000002B47C342F6
:109D00000000F45598E1B4F0E1E0C3400000FD1814
:109D1000C34200007558ACF0C3420000D044A0F02C
:109D20008C254699C34000007632C34200001225BC
:109D30009EF0D70EB5108C20C683780126008E7950
:109D4000C342000048448CF0D37000004D087601F7
:109D500026007079C34200001A1282F078012600B2
:109D60007078C342000081527AF0C3420000D01ADA
:109D700076F080012D007078D3700000950CE8011A
:109D80002D008C229F81C3400000B049C3420000D7
:109D9000BF176EF0C34200008D5162F0A9E0680168
:109DA0000600C34200006D145AF0B570C5F2C342FC
:109DB0000000C65254F0C3420000A45250F0C34207
:109DC0000000152C4CF0C3420000F65748F0C34089
:109DD00000002155C3420000C814D3710000B20B2B
:109DE00046F08C210388C3400000F625C3420000E2
:109DF00075173EF08C24469320012600CAE5C34225
:109E000000005C212CF0D3730000B90B1A012D0067
:109E10005079D37100008B0866012D008E788C205C
:109E2000CF8994012900D6E0D00129008C207581CA
:109E3000DE012A008C203A88C3420000044310F05F
:109E4000C342000087160CF0C3400000D458C34240
:109E5000000076560CF0C34200000F233504CFFFFC
:109E6000C3400000F652C34200007A122104CFFF23
:109E70008C21B48A12012A008DE0C34200005312E3
:109E8000EEF1C34000007B50C34200000E24F0F10D
:109E90008C20CF82000129007079D3710000060B5D
:109EA0001C0126008C203B8AC34200002F51D8F1B0
:109EB000C34000003D45C342000052548C213E88FF
:109EC00084F0E4DAC340000009588CBAD371000072
:109ED000CB0BCEF1C908850F0000E00C8E79C34092
:109EE00000003551C342000022128C21078D6EF014
:109EF000D3700000E40AC34000005D44C342000088
:109F00002F5AB6F1D37200001008C3400000B114FC
:109F1000C34200008E58ACF1C3400000282BC3425E
:109F200000002023A4F18109850F00000308C3422B
:109F30000000675494F1D37200003608C34000005B
:109F40000858C34200003B5492F18C2136888200AD
:109F500029008C213482C34000000816C34200004F
:109F6000834534F030788C2002866E002D00B4E0FA
:109F7000C3400000F218C3420000314978F1C342E7
:109F800000000A486CF1C34000002314C3420000E3
:109F90008D426EF1C3420000DE5162F1C342000007
:109FA0007B505EF18E7A8C22028436002A0083DA9E
:109FB00007BA56F1C3420000CD5752F1C34000002A
:109FC0007E56C34200009445CA220B0048F1C342AA
:109FD0000000A61444F1C3420000AB1840F125096B
:109FE000850F000031088C20C581C3400000A245C8
:109FF000C342000031513CF1C34200006F4230F1D6
:10A000008C20458F4CF7C34200001C4228F1C3400E
:10A0100000003854C3420000A346D8F1F078D8E0DD
:10A020000CF7D3730000D70CC34000009F44C34219
:10A03000000041575902CFFFC3420000BD42550204
:10A04000CFFFE078F1C0C3411300E0A1E6092FF390
:10A050000FD8C341130034A26E0A2FF30FD8320B6E
:10A06000AFFC9AD8D1C0E07EF6C3A4C155208F09B9
:10A0700060870846029F3042216B20A72C71BA0AE4
:10A080002004504302B7F20EA00462402F2606F0CF
:10A090000E00230000B6C3400000FF7F00B6A216EA
:10A0A00000110E705F200D0700258D13F52301248C
:10A0B00040174611DA164511D21644117E9FD61666
:10A0C0004211162600140209A00430E017083204D9
:10A0D0008C203F8C14260014CA1040013108130054
:10A0E00008F016F614260014CA1040012108520088
:10A0F00060154011420A20042C71601D04101426C2
:10A100000014CA1001013379CA1844000671A1086D
:10A11000D4A0209E2E70A216171122408BB8720A6E
:10A1200020040BDA1044AE7040241632021E0410D4
:10A13000F523402508DAAE0A200482411426501582
:10A14000041804200845149614264125A0B184E87B
:10A150002A1844234020802AC3410000717DD20880
:10A16000A004A1422A104021A6710C7DC50DF4A0C7
:10A170000021512300218D2F000000400E702FBDC3
:10A18000281E45100A1E44131426011482C0359956
:10A19000F5201104AE784E0A20040DDA0041A20A1F
:10A1A0002004224080C1142101040671DD08F4A0BE
:10A1B00000B15F270D2780C0DD65BE0DA0046415CA
:10A1C0001010A216011123B8002002205F21010700
:10A1D0002E700A24C02459A500264D10420DA0045B
:10A1E000021440253A8526713860F509F4A01AA5B5
:10A1F000A2160B114A24C0700E70C342A100AE41DA
:10A2000062430C70A82080020212010502134C0563
:10A21000F5234120897938605F230D1780201000D5
:10A220004BB8DD653B8538606C1D00105A208022DC
:10A23000209ED860E2104601E4104501DC10440184
:10A24000DE104301E0104201162600147A0F60046C
:10A25000542000090C78152501145C818020100021
:10A2600006712BB85860C908F4A01CA13C9702974E
:10A270005F0864002C71C2082004049F10792F0924
:10A28000B40004B7AE0EAFFFC1400012012100427E
:10A290002CB807E95526401A420E200042419E166E
:10A2A00001110B0900009E1E0410A216001104717A
:10A2B00010793471CA202D005F200107A21E0410FE
:10A2C000D9616E0B20005421000C041F0510D6C765
:10A2D000E2C21608200028450A082000A140C2C694
:10A2E000C9050000EAC3A3C1104055208D090C70B8
:10A2F0002C1800202818002002A502B500A500187F
:10A3000004202E0B20005420002C260B200054206B
:10A31000802FB60D20005520402A4A24C070FFD956
:10A32000024080DA08B980208302301D85125CB5B6
:10A330009E184420A820000102185500C3410000C7
:10A34000033FC340FEC00000C3420000053EC343BC
:10A350000008000837A516A5D618442030B88A2171
:10A360004502CB400000A567CB4300005CCE8A21AC
:10A370009C1B2E70CB47D3F8E863CB46F5D649013A
:10A38000CB4492024901601D8410DA18842042C334
:10A3900041C31EB554200029402406324024073111
:10A3A0008A228A042043C3440000E863C345FFFFB8
:10A3B000F5D6EE180422541DC412EA184422501D8A
:10A3C0004414F3A5D2A591A5401D44146E0D60045C
:10A3D000D218442454154511EE104421E6104321AF
:10A3E00050154211EA1041215420002A402406321F
:10A3F00040240730460D6004001C4034F61045210F
:10A400006015441158154311F21042215C15411199
:10A410005420002B40240632220D600440240730D3
:10A4200040200E2C40154511DA104421D210432152
:10A430005E9DD61041214024063240240730FE0C98
:10A440006004C1402671E109F4A008E6CAC7E078BB
:10A45000E4C248454D087100CD7049093403001B22
:10A4600005032C700CDAB20D6FF2A140C341A100BC
:10A4700008170091CBADCAAD00AD28B801AD019170
:10A48000CD7102AD28B803AD029104AD28B805AD79
:10A49000039106AD28B807AD049108AD28B809AD01
:10A4A000C140C4C6E6C000474F08710020464B0EAD
:10A4B0001403C18AE38A658A078A09128800A08A80
:10A4C000228A848A06128B000812890008BE08BFFF
:10A4D00008BB08B840280812C342A1000817C57D70
:10A4E000E579857B0520C00205204C12A0B221B27F
:10A4F00062B203B284B27D2601037827400024783B
:10A50000C6C4E0786A24801251248093E020820F30
:10A5100012000C92CB4400004E003E796A24801257
:10A5200051248093E020820F1000C066CB440000CD
:10A5300050003E796A24801251248093E020820FDB
:10A5400010000C67CB44000053003E796A2480124F
:10A5500051248093E020820F12006C93CB440000C2
:10A5600049003E796A24801251248093E020820FB2
:10A5700012007893CB44000048003E796A24801290
:10A5800051248093E020820F12001497CB440000E6
:10A590005C003E79E1C5A2918480412D4112507446
:10A5A0006C2182000EF42490170A65005449C3BD43
:10A5B0000F0D0213269044B064A0247126B0C2C4CB
:10A5C000FFEC84901D0A0403279007E9412D011236
:10A5D000C3B9110C45100818050010180100C2C4B9
:10A5E00044B064A0C2C4E078E6C3A1C1BF804020EB
:10A5F0000E0728474024C2302FD96C71C1407A0918
:10A60000E004031CC3318025C5135227001000ADA0
:10A61000031C02304024C2303AD96C715A09E0045C
:10A62000C140260A6FEF64D8C6C7E0784A24C070DC
:10A630002C7023A022A021A010181500A820000132
:10A6400004181100E07EE078E4C3CB45A1000C1FA4
:10A650002846608121853B09E000A1C140853D215C
:10A66000CC0030739962C6F71709840F010000000F
:10A67000D3710000FFFFCA212D00204220A510BA8F
:10A68000796240C1360A600480C1008601A50C7061
:10A69000C4C7E078F1C0260A60042C70D1C0E07F06
:10A6A0000C70E078F4C22846209170440845412996
:10A6B000830153214B000196C1BB75733042CA23FD
:10A6C000A110CB44A1008441090BB10081419C4CF5
:10A6D0007470726802F4B84CF522C20204161011AC
:10A6E0004128D50104238F0F0000FC0F320E2004F7
:10A6F0002C4D8795104104956595429D7924011054
:10A7000040259312402516110471796104B51D0A84
:10A71000630425B50195F4780E791608A00422404B
:10A720004C726C7102B511F0239D91096320412890
:10A73000502201951720C0030E79EE0F60042240CD
:10A7400003B54C716C72A1404E0EEFFFC1410E700B
:10A75000026DC341000071FD2242CE0EE0036C2564
:10A760009520419DCB460000C3F5C240BA0EE003E0
:10A77000C1412195029DF961AE0F60042E79419D82
:10A7800002B5066DA20EE003C1412195039DE27959
:10A790009E0F60042E7925950B08312003B517090B
:10A7A0004405412A92203D21420544224020490A85
:10A7B0000500AD70B078D4C6107A6C2081200B09EA
:10A7C0008500048533E8029624B8C3B8386085084C
:10A7D000A5800E7006952DE8209623B9C2B91309FD
:10A7E000040084EC001B0424016C0E7107B5081DE5
:10A7F000051024F06795290B15012108A100496B6C
:10A800000C7158780B200085084508F2130965057E
:10A81000012CFEA0D0F505F09B094485AD702C708D
:10A820000ADAF6096FF26240C6F124B591F10485A7
:10A83000081D041402E824B5101D01100C1D05109C
:10A8400088F1E078E2C20845009085E826082000FB
:10A850002040184D2C7014DABE096FF2021D05104D
:10A86000C34000F80008001DC51001A5C2C6E0786D
:10A870002DDAC343000064688EBA76D962B041B065
:10A88000E07F20A8588888E2E07D1080E07F00A16A
:10A890006A24801251248093E020820F1000B8E2D5
:10A8A000CB44000004003E79C3420000660A8A21BE
:10A8B0005B0806188502001845000818850242B09A
:10A8C000E07F21B02C702418850222B021B0061838
:10A8D000150045016FF21EDAE8C261912847532244
:10A8E000C10208460F0B6500412A100300961B08A1
:10A8F00001208C210C8D48000600046E2C701A0972
:10A900006FF20CDA1CF0029713086500142601148C
:10A9100002960E70047102B612F002914A24407140
:10A920000E71047102B1449740268011A820C00125
:10A9300002100105C709858006710E7024970296E2
:10A940003D0865002F210884A09649F2019614263F
:10A950000210101A040404714397107B0B0BA4001F
:10A9600001B6021E051031096103129604711079B7
:10A97000090A650012B652B60A4531F0AD70066E8E
:10A980002C701EDAA2B6A1B68E086FF2A0B603979D
:10A9900012B625F089685D7990783F0865004026F9
:10A9A00009146C7042223C800C700DF22F20C810EC
:10A9B00021410C70A820C00102110B0538230F1291
:10A9C000F8609079107808204C80CA25C91064710D
:10A9D0007078D508948192B6A0B6B078C8C6E078F1
:10A9E000E6C3A2C1BF80CD701CE080C274D96C7573
:10A9F00061C69A0E200440C621C20C703B0ABE01FB
:10AA00002C7001148E3003148F3002148C304422C9
:10AA1000010C44220003402A83030AB90CB806BE85
:10AA2000566F06BCC57B457985786E7A2E790E788F
:10AA3000DE6A46B946B8981D5C10971D1C10961D1D
:10AA40009C13C6C7F0C2E20EEFEF0847660AEFEFAD
:10AA500010421044AA0EEFEF9AD8CD706E7005E840
:10AA6000220DC00310434A2000268A210120AD7028
:10AA70002F0D0515332200241B0810021708520061
:10AA8000302241245021FE8705F2C2086FFC0F7866
:10AA900007E85521112855201028A571EAF1118FDA
:10AAA0000DE8043380AFCC3DCDCCC8F60D0D241598
:10AAB00080DE188F07085000FFDEC140D0C6E07866
:10AAC000E4C3ADC12845084680C02C704A0F2FF260
:10AAD00034DA290DB41080C18C250290CC25829FD8
:10AAE0000000FF0009F4C3404842000042C080C19A
:10AAF000AE0C6004C140C4C7C140A60C6004081C71
:10AB00000130CB45A100F81E008D09E8226D00A997
:10AB1000C140AA0D200401190300C341A100081778
:10AB20001C49B20FAFFF011D0310C4C7E8C20016D5
:10AB30000070F000440235081E00FA0ACFEF6A09DF
:10AB4000EFEF10400847CD714A254010A140024167
:10AB5000DA0AEFEFE14206E808801308B00431D8C2
:10AB6000A571C0E5C571B4F7C8C6001E8473F000B6
:10AB70004C00220DEFFF2C71E4C23F800845B91054
:10AB800080004181C281C6B8B91D021005EAB91220
:10AB9000C00025081200560AA000A14007EE0F08C9
:10ABA0009100B916C010110812002C744C70660F79
:10ABB000A001A1400C70C4C6E4C20845B910C00091
:10ABC000330812001F852180C28006E9B911C00038
:10ABD00023081200160AA000A14008EE0D089100FB
:10ABE000B916C0100F0812002C744C71260FA0016A
:10ABF000A140B91581100C7087B9B91D4210C4C6A7
:10AC00001F805620800BE07F0088E078F81CC8B7D2
:10AC10001CE01F09B000061C05301F09700040240D
:10AC200082314C7095E94024823171D906F040247C
:10AC3000823173D902F072D9520C20046C7207145D
:10AC4000C0300F7A1470C5228B0F000000FF08146B
:10AC50001F34E07F4040E0781F80E07F5E100006F8
:10AC60001F80E07F5A1000061F80E07F5910000609
:10AC7000EAC3A2C1BF8370415040284788E0CD702D
:10AC800092F2690850016F08F001147191F40010FC
:10AC9000002123DE14761A0125002C704C767A0DE3
:10ACA0002FF2E1402C706A0FEFFF22404128010291
:10ACB000BE1D1C1000AF21AF2C71560FEFFF2240BC
:10ACC00041280102BF1D1C1002AF23AF2C72420F9E
:10ACD000EFFF224041280102C01D1C1004AFCD70BF
:10ACE00025AF0018852165F080258610008DC1B83C
:10ACF0005CF00010002161C6021C8433B308B4016B
:10AD000023DE40210027402482307CD96C727E0BE8
:10AD1000200410410314803038150610402482317D
:10AD2000071C0230A0B8061C02307CD96C718C70F4
:10AD3000AC7022406A0AA004CD70402482312FD921
:10AD40006C712240320AA004061C43304024823039
:10AD500034D96C73360B200422400314803021C197
:10AD60008C704128830153204C00C0B941284B010D
:10AD70004128C20022B825AF44234110C1BAC0B84F
:10AD800064AF80AF23AF42AF01AF38150610402447
:10AD9000C2317CD96C71AC702240060AA004001844
:10ADA000852107F0E715801000AF00184520C1404D
:10ADB000CAC7E078E6C2DF8008452C70C947802703
:10ADC000C21F14DA520C2FF2E1400C707FD923DA43
:10ADD00017B95E1E1810951F0210301E0210541E67
:10ADE0001810A140A0A64DA63608A0012EA6C6C6E2
:10ADF0003F800C715E1102068C22C38FCC22828FA1
:10AE000000008000E07C8BEA541101068C21028056
:10AE1000CC21828F0000FF00E07CE07F0C70E078A6
:10AE2000FAC2FC1CC8B6A7C108457C1014005AD849
:10AE3000081C0130AB20080E7609A000A1407FDB82
:10AE400040D9A7DA17BBEA0B2002A140FFD9A140E5
:10AE5000A60F600040251B174A26C012C5772F2673
:10AE600087F311F2C340B0410000A6090FEF80C282
:10AE70002C736C72160A200463400114C030E10880
:10AE80001380CD70ED700E704A2200208A23812637
:10AE900080C20CD907DB6340F2092004AB23082EE3
:10AEA0000114993002149730031495300414913032
:10AEB00005149630061498308E092FEF16D84028C6
:10AEC000183240291122402F0122467105208C356D
:10AED00005214025052143062F2287048E7C0E790B
:10AEE0006E789E663F67AD0A348200201020442EA3
:10AEF0000E1280C241D96C726340442F0F1245C6B6
:10AF00004428102244C7860920040C1C0034468DB6
:10AF1000011481300C7100289E0013693474012ED5
:10AF2000007008100204CA2026002F2507002F20D9
:10AF30004001042E1E3083C082C2AB23082E060FB0
:10AF4000A0032F2188071470AAF4268D0B14CB3090
:10AF50000A14833009148C301A25890F1E0080844E
:10AF600022C2CB4000003D0F012941101E23C9021F
:10AF70001E24C3121E22C2021E218B171E238C0701
:10AF80000F0924021E2283074529C20905F0052E58
:10AF90004270050070F332E2852A01090226CD12C3
:10AFA000944F0E2303044F7E130E70104A2300109B
:10AFB0004D7A5C7AFD0A718065711171CE2326107D
:10AFC000AE7E8E7D6E7C2F20C512D17BB17915703F
:10AFD000917AD5F6422049106D712E7F002B4112D7
:10AFE0006E7B4E7A30793B633F673A62022B0302F5
:10AFF000022F0112022A02020DF04DF66E7B4E2343
:10B000000B102E794E7A002BC3020029C102002AB0
:10B01000C202130C32104E7F8C27029089F67FDA21
:10B0200007F08C27429085F6C342000080FF130D85
:10B0300032102E7F8C27029089F67FD907F08C275B
:10B04000429085F6C341000080FF130E32106E7FE0
:10B050008C27029089F67FDB07F08C27429085F6DB
:10B06000C343000080FFC01CDC20BF1C5C20110C0F
:10B070003310BE1C9C20537ABE1C9C200B0D131059
:10B080003379BF1C5C20D570CE232A00337C5379E2
:10B09000BF1C1C23BE1C5C20C01CDC20A7C00414E9
:10B0A0001B34DAC6E4C3A1C17F814A24C070CB44FB
:10B0B000A100802028452C700A220003A820C0018E
:10B0C00008128E040B0E051024712C7310DE367CD2
:10B0D0002184018C381306005623820BC0AA591B09
:10B0E0005800031C02303C4D4024C23041D96C71E1
:10B0F0008C70AE0E6004AC700C70DA0B2004A141B1
:10B10000C140C4C7E2C3A1C1BF801CE02909B0008F
:10B11000031C8230370970004024C2308BE9402480
:10B12000C23071D9520E60046C7103148030AD1DB1
:10B130000210C2C74024C23073D93E0E60046C7145
:10B1400003148030AF1D0210C2C772D92A0E6004EA
:10B150006C7103148030AE1D0210C2C7F8C3A4C1C5
:10B16000FF812846250873040845510DB5100417C2
:10B17000111008171010FE0E6001C14014700A0370
:10B18000210080D90503000091E52A0221003C4EF0
:10B190008C2502900BF28C25C39F11F48A20860027
:10B1A00008671472F0032200FFD980D94A0C6000AE
:10B1B000C140ED03200080D890E5E80322000C7028
:10B1C000834105B1061C023002B140C03C4E402410
:10B1D00082327DD96C72B60EE00310420B148030BF
:10B1E0004024C2327DD982B80B1C02306C714240BF
:10B1F000860D60044024D8327FDD17BD120EEFEEBD
:10B20000A14041D94C73C14026082002A1436DD909
:10B2100008DAC1401A082002A14340D9ACDAC14083
:10B220000E082002A143C34040400000E20DCFEED3
:10B23000402482326DD96C72520EE00342400B14EE
:10B2400080304024C2326DD982B80B1C02306C7140
:10B25000260D60044240402482326DD96C722E0E5D
:10B26000E00342400B1480304024C2326DD980B8D4
:10B270000B1C02306C71020D60044240CB457042E1
:10B2800000008E0DEFEEA14080C20CD907DBFE0D51
:10B29000E0034240031497300414943001149630B4
:10B2A00002149330051495300614903040248232F5
:10B2B0006DD96C72D60DE00342400B1480304024EF
:10B2C000C2326DD9A2B80B1C02306C71AA0C60049A
:10B2D0004240402482326DD96C72B20DE00342408C
:10B2E0000B1480304024C2326DD980B80B1C023060
:10B2F0006C71860C60044240160DEFEEA14080C2D6
:10B300000CD907DB860DE003424002148C30011497
:10B310008730041486304028012203148930402BE2
:10B3200000220521420508BC402C0B220520810586
:10B330002F2486000524C2110523C0152E79402E26
:10B340000B024E7A0614833042790523421205140B
:10B350008D300E784E7A427808BB9A210F0A9A20D7
:10B360000F0AA57BCB40000000086E7B0429010278
:10B37000042802020224C0009A200F0A2F27462028
:10B38000042800024E7B2F22C9057179507A30794A
:10B39000D3710000973A3C22900F0000803E2401B8
:10B3A0002D007046792001204F205020402155006B
:10B3B0008AF05E1711164024823340D96C720D1C3E
:10B3C00003300E1C0530C60CE00310420F148D3004
:10B3D0003786C140C3BD60790D1C42330F79150912
:10B3E00030023040568608D8607AC1410D148D3045
:10B3F000320AEFFFC140BE17021710432C700A0D2E
:10B40000EFFFC140BF1702172C71FE0CEFFFC140C8
:10B41000C01702172C72F20CEFFFC140CE0B600078
:10B42000C140C140D209600022410F14803038175A
:10B430000610C3BD6C20C000A5780D1C023040244E
:10B44000423340D96C718C70AC70560B6004424032
:10B450000D08302202405686607AC141EA0BEFEEB9
:10B460000AD8C0174417BF174317BE174217C14069
:10B47000620CE00362418C21C3AF11DD98F22240DF
:10B48000C14137FF94F02C706E096000C14025095E
:10B490001020B911C0201D0812000F081020B9108B
:10B4A000C020110812002C744C706A0E6001C1405B
:10B4B000B9168010C6B8B91E02105E1F581372F07C
:10B4C0000A2500242F2306202F20C904D34400007E
:10B4D0000F27107D9275402482326DD96C724240E4
:10B4E000AA0BE003C0256E200B1480304024C2322A
:10B4F0006DD9A0B8001802306C717E0A6004424019
:10B50000B6D8001802304024C2327ED96C718C70DB
:10B51000AC70C346803F0000860A600442402F2082
:10B5200047052508B50060D99275CF20AE201908CF
:10B530003F2061D911087F2062D9512080A064D9B1
:10B54000CA21A100C140E242C243A20BE0030A2487
:10B55000C0042D8623D80DA76079C1405686A41655
:10B560000011607AC14125093020224034110120A8
:10B57000407958110220A4110021607A224138112B
:10B5800002200C71607A22410C70320FE003C1413D
:10B5900010DD0EF062086000C140FFD85E1F181079
:10B5A0000C701A0FE003C1415E170D16A140D8C7F9
:10B5B000F8C3A1C17C1111001043ED70204030424E
:10B5C000920A6001021CC433CB45A100201ED34067
:10B5D000A100A02039E8542015288E704A260010BA
:10B5E00000208023041516244A08AFEF3810970076
:10B5F000B60E6FEF18400042E2403208AFEF034151
:10B600000EE82F8040798C20C38FCC20828F0000E1
:10B61000800006F4043480A5CA248525C571C50EB2
:10B62000D491541100260434C0A4CA24C5248C200B
:10B63000C38F0C1D0015CC20828F000080000AF4FF
:10B640000815131007F054110026081DC01403F04C
:10B650006E708C200280E4ADE0AD15F4160A600136
:10B66000424086E8EE09600142400DE823850285EC
:10B670000430408047F70731000030434830400233
:10B6800000AD4A24807140221427CD700240ED7035
:10B69000A820000208100104043340A0D0F7E5718F
:10B6A0002A4580258610008D1508B100ED76FFD85B
:10B6B0004241AE0AEFFFC0AD001D83105E110026AF
:10B6C0008C20028008F220DD8CE8541100268C20AA
:10B6D000028008F4EF780F08740110DDED7503F0B7
:10B6E00080DE42400E0FAFFFEF7F1CE84024823027
:10B6F00040D96C729609E00382401620C02304886A
:10B7000038110620C57DC3B8A578011C023040243D
:10B71000423040D96C718C70AC70860860048240F5
:10B720001620C023A0800C704241C20DE0035A19BC
:10B730005823A140D8C7E078EAC3A2C1684597085A
:10B740003002284681087001ED709508F0012C70D8
:10B750001471A8F454764E01250023DFFF855E178F
:10B7600010168C20C3AF06F2FFD8F609EFFFA141F7
:10B77000418E008E08BA057A5522000810788C2078
:10B7800004805CF7BE1F9C10038E228E08B82578BB
:10B790005520010830798C21048050F7BF1F1C1000
:10B7A000058E248E08B825785520010830798C2123
:10B7B0000480F60025002C700240A609EFFFA1418D
:10B7C00024DF71F03F85008E80218600C1B800A97A
:10B7D00069F08209E001A140084765F07C1510106E
:10B7E00023DF834021B0BF0AB40122B03C4D81C2A7
:10B7F0007CD96C729608E003104105148030381033
:10B80000062040248230071C0230A0B8021C0230FF
:10B810007CD96C718C70AC70860F2004224040245F
:10B8200082302FD96C7122404E0F2004021C43300D
:10B83000058E418E208E628E838E44204B00126ACC
:10B84000A48EC1B9536B44200001756C44220206DA
:10B85000257844230308057A966D0522C000057CEF
:10B860004024823034D96C722240031CC2320A0F49
:10B870002004021C023381C221D96C720E08E0033D
:10B880002240051480301F087F014024C231381047
:10B8900006207CD96C718C70AC70060F200422409D
:10B8A000ED70E140CAC7C01F1C105E08EFFFA14049
:10B8B000BF1702172C715208EFFFA140C0170217E3
:10B8C0002C724608EFFFA140220F2000A1408C20DF
:10B8D000C3AFE8F302408A08EFFFA141E2F1E0784C
:10B8E000E6C3A2C140200F0708454024423157D982
:10B8F0006C729A0FA003E14006148030402482311C
:10B9000057D9A2B8061C02306C718C70AC70C3465B
:10B91000803F00008A0E2004E140B9158010DF85C9
:10B9200080C2C6B8B91D02107CD96C72E1405E0FAE
:10B93000A003071C03300114803038160610402481
:10B94000423050200100011C4230071C02307CD9DB
:10B950006C718C70AC704A0E2004E1404024C230FF
:10B960002FD96C71E140120E2004031C833180C278
:10B9700032D96C73160FA003E14002148030011419
:10B9800081304024C230A5B8031C423061C032D996
:10B990006C72E60D2004E140381606104024C231D6
:10B9A0007CD96C718C70AC70F60D2004E1400C7089
:10B9B000C6C7E078E8C3A2C108451CE04024423174
:10B9C00057D96C72C60EA003104006148030402474
:10B9D000823157D982B8061C02306C718C70AC7001
:10B9E000C346803F0000BA0D20040240B915801004
:10B9F000DF854024823087B8B91D02107CD96C7273
:10BA000002408A0EA003071C03300314803038164E
:10BA1000061080C2071C0230A0B860C07CD96C71CF
:10BA20008C70AC707A0D2004024080C22FD96C71EA
:10BA30000240460D2004001C83314024823032D95C
:10BA40006C734A0EA003024021C00314813080C2EF
:10BA500085B860C1011C023032D96C721A0D200405
:10BA60000240E60DAFEE32D8381606104024C2313F
:10BA70007CD96C718C70AC70260D200402400C7067
:10BA8000C8C7E078E07FA6100001E0781F80E07F63
:10BA900075100006E07F9C100000E07814702040D4
:10BAA000E07D3F80761101060079E078E4C2DF8016
:10BAB00008452C70C1408020C20F5E0FAFF114DA30
:10BAC0007FD823D917B82DA60EA60C70A141751EDC
:10BAD00019100E082000A3A60C70C4C6E6C2FF8190
:10BAE00028453108B40008468C260290CC26829F57
:10BAF0000000FF0018F480D9FE0A2000A140C340D6
:10BB000048420000AE0AEFFFA141751F98130CF0E8
:10BB10002C70E60A2000A1400C70A141960AEFFFAC
:10BB2000751F98130C709609E003A1417517001654
:10BB3000C6C6E078E2C20C70B209E00328459C1545
:10BB40000010C2C6E4C3A1C140200E07084540242E
:10BB5000823057D96C72360DA003C1400314803077
:10BB60004024C23057D98420C20F031C02306C71AC
:10BB70008C70AC70C346803F0000260C2004C1408E
:10BB8000B91581100C70C6B9B91D4210C4C7E07850
:10BB9000E4C3A1C140200E0708454024823057D994
:10BBA0006C72EA0CA003C140031480304024C23000
:10BBB00057D986B8031C02306C718C70AC70C346C8
:10BBC000803F0000DA0B2004C140B91581100C70D1
:10BBD00087B9B91D4210C4C7E07FA6100001E07804
:10BBE0001F80E07F83100006E6C2BF812846EA0C72
:10BBF0006FEF0847861D1810C140607F871D5810E1
:10BC0000C6C6E078E07F9C100000E078E8C3A2C1DF
:10BC10005040F10871002845DF8340230F0780C2A0
:10BC20007CD96C72E140660CA003061C0330011441
:10BC30008030381606104024423050200100011C8C
:10BC40004230071C02307CD96C718C70AC70520B86
:10BC50002004E140402482312FD96C71E1401A0B5D
:10BC60002004061C43300E86DE0BAFEE4830C002C7
:10BC700080C23CD96C75160CA003E14002148230DE
:10BC800021C4011481300314833038160610C2BC5D
:10BC900053220E0108BE402C0012C5796578CB46B0
:10BCA000A100641E20B601B6412A8101412A40014B
:10BCB000412AC301C0B9C0B864B623B602B6402455
:10BCC000C2317CD96C718C70AC70D60A2004E14012
:10BCD000008E00AD068E248E618E5668888E1569A2
:10BCE000C4BB44200008842201006578376C457885
:10BCF000257801AD028E02AD038E03AD001805213B
:10BD00000C70C8C7E4C2DF8008453208E00307A60C
:10BD10000C7012082000A1410C70831E1910C4C6BB
:10BD2000E6C2BF8128463908B40008478C27029034
:10BD3000CC27829F0000FF0025F480D9BA0820009C
:10BD4000C140C340484100006A08EFFFC1412C7167
:10BD5000520F2003C140831DD81315F02C70460FDD
:10BD60002003C1402C7092082000C140B9168010F9
:10BD7000C141C6B8B91E02100C703A08EFFF831D0E
:10BD8000D8130C70360FA003C14183150016C6C628
:10BD9000E2C20C70560FA00328459C150010C2C6C5
:10BDA000E6C24308710023D83D0A1401A189038922
:10BDB000E089C28908BD08B8C342A100641EE57DC0
:10BDC000C578A0B201B2018925B8C0B802B2018914
:10BDD00026B8C0B803B2018927B804B25E0FA00329
:10BDE00060400C70C6C6E0783F8080210709E07F84
:10BDF0000089E078E8C3A1C1BF8008463040560AF8
:10BE00002001021C05300A4714E85E1500168C203C
:10BE1000C38FCC20828F0000800005F4541D1810C1
:10BE2000C8C7520A2001C140147080DFCA2701141C
:10BE300054150016F170B9F28C27C39F1CE64024FC
:10BE4000823039F28C27029083F440D96C723E0A1A
:10BE5000A003C14003148030381506104024C230BE
:10BE6000C6B8031C023040D96C718C70AC703209BA
:10BE70002004C140402482307CD96C720E0AA00399
:10BE8000C14003148030381506104024C23080B8F9
:10BE9000031C02307CD96C718C70AC7002092004D8
:10BEA000C140402482307DD96C72E209A003C140B8
:10BEB00044F040D96C72D609A003C140031480300D
:10BEC000381506104024C23087B8031C023040D910
:10BED0006C718C70AC70CA082004C1404024823060
:10BEE0007CD96C72A609A003C140031480303815B8
:10BEF00006104024C230A0B8031C02307CD96C71FB
:10BF00008C70AC709A082004C140402482307DD9E6
:10BF10006C727A09A003C1400314803038150610F2
:10BF20004024C230A2B8031C02307DD96C718C70E1
:10BF3000AC706E082004C140031480303815061020
:10BF40004024C23082B8031C02307DD927F07DD94D
:10BF50006C723A09A003C1400314803038150610F2
:10BF60004024C230A2B8031C02307DD96C718C70A1
:10BF7000AC702E082004C140402482307CD96C7201
:10BF80000A09A003C140031480303815061040246C
:10BF9000C23080B87CD9031C02306C718C70AC70DC
:10BFA000FE0FE003C140541DD813C8C7E2C3A1C1AE
:10BFB00040200D074024823070D96C72A140CE0819
:10BFC000A003021C0530031480304024C23070D915
:10BFD000A3B8031C02306C719E0FE003A1406A08F5
:10BFE000AFEE0C71C2C7E078E2C3A1C140200D07DB
:10BFF0004024823070D96C72A1409208A003021CC8
:10C000000530031480304024C23070D983B8031C3B
:10C0100002306C71620FE003A1402E08AFEE0C718C
:10C02000C2C7E078F81CC8B71CE04024C23170D900
:10C030006C71460FE003071C43300E08AFEE0C7125
:10C0400008141F34E07EE078E6C2284602E8C6C63F
:10C05000BF8655258F1D008F1F08BE00A14280227C
:10C0600043063C4E20D96C72C34413002CB83608EA
:10C07000A003C145008F33087E0055268E184585E4
:10C0800009EAB912C0000F0813002186160CA0039C
:10C090000086448509EAB912C0000F081300218602
:10C0A000020CA0030086008F1B081E0146850BEAC8
:10C0B000B912C1000F0913002186EA0BA003008604
:10C0C000008F13085E0121860086DA0BA0034985E4
:10C0D000008F1308DE0021860086CA0BA0034A8564
:10C0E000008F6F089E8121860086BA0BA0034785CA
:10C0F000C6C6E078E8C3A1C1BF802FD94C700847FD
:10C100002E09A0016E8540271017C8DE402482301A
:10C1100069D96C72760F60030240031480301F08E7
:10C12000BE005AD8AB20080EC34020410000E20EEA
:10C130004FEEC5772F2687F3EAF56E852FD94C7021
:10C14000EE08A001E1404024823038D96C723E0FE5
:10C150006003024003148E30A1428022460B78D93E
:10C160006C742A0F60030240C340A0400000A20E7E
:10C170004FEE402482307DD96C72120F6003024072
:10C18000031482306E857DD9A2BAE140A208A001D5
:10C19000031C8230402482307CD96C72EE0E600326
:10C1A0000240031482306E857CD980BAE140820857
:10C1B000A001031C82300C70560E6FEE9EB823BE99
:10C1C00053268E9018F24024823077D96C72BE0EBE
:10C1D0006003024003148030381506104024C2303A
:10C1E000C6B8031C023077D96C718C70AC70B20D7C
:10C1F000E0030240C140C8C7E8C3A1C1BF802FD936
:10C200004C7108462A08A0016E853C4E40248230BD
:10C210003BD96C72760E60031040031480303708EF
:10C22000FE0014DF5AD8AB20080E402482303BD9E0
:10C230006C725A0E60030240031480301708DE004F
:10C24000C340C8420000CA0D4FEEE5772F26C7F362
:10C25000EAF56E852FD94C70D60F6001C14040249D
:10C26000823038D96C72260E6003024003148F307E
:10C27000402482307DD96C72120E60030240031498
:10C2800082306E857DD981BAC140A60F6001031C42
:10C290008230402482307CD96C72F20D60030240FF
:10C2A000031482306E857CD980BAC140820F600150
:10C2B000031C82300C705A0D6FEE9EB84B27009E07
:10C2C00060D8CA202100C8C7F1C05F80B9108100C2
:10C2D00060824282C6B9B918420006EBB913C100A8
:10C2E0001709120005EAB912C1000F0912002C74D7
:10C2F000220820014C70D1C0E07F0C70EAC3A1C1BC
:10C30000DF8008451CE0402482307CD96C727E0DB1
:10C3100060031040031482306E867CD9A0BAA1401D
:10C320000E0F6001031C82300C70E60C6FEE9EB89D
:10C330004024823077D96C72520D6003024003149E
:10C3400082306E8677D987BAA140E60E6001031C61
:10C350008230402482307DD96C72320D60030240FD
:10C36000031482306E867DD982BAA140C20E60016C
:10C37000031C8230C340C8420000960C4FEE40249C
:10C38000823069D96C72060D60030240031482305A
:10C390006E8669D982BAA140960E6001031C823074
:10C3A0006E862FD94C718A0E6001A1406E8633D9FA
:10C3B0004C717E0E6001A1406E867ED94C72A14008
:10C3C0002E726E0E6001031C8330C8DF4024823061
:10C3D00069D96C72B60C60030240031480302508E2
:10C3E000BE00402482305AD8AB20080EC3404040E3
:10C3F00000001E0C4FEEE5772F26C7F3E8F512F08C
:10C400007DD96C72860C60030240031482306E8604
:10C410007DD9A2BAA1401A0E6001031C82302E7091
:10C420002240CAC7E8C3A1C1BF8128472188A946C5
:10C430008026861B20AE2288402482306C7221AE7A
:10C4400003885625811D00A93C4F7CD93E0C600312
:10C4500010400314803021083E00502002006E85F9
:10C460007CD9E140CA0D6001031C82307FD8A20B49
:10C470006FEE17B83815061078D96C738C70AC70E5
:10C48000C1421E0BE00302407FD8860B6FEE17B847
:10C490004024823077D96C72F20B6003024003149F
:10C4A0008030381506104024C23087B8031C023093
:10C4B00077D96C718C70AC70E60AE00302400C70A6
:10C4C000C8C7E078EAC3A1C148470846ED09B401EE
:10C4D0004A20C028BF873C4F402482307CD96C72F0
:10C4E000AA0B60031041031482306E857CD9A0BA78
:10C4F000E1403E0D6001031C82304024823077D938
:10C500006C728A0B600322400314803038150610C9
:10C510004024C23087B8031C023077D96C718C700C
:10C52000AC7022407A0AE0030E70018E208E08B8AB
:10C530000579DC1D5C10038E428E08B84578DD1D40
:10C540001C10058E448E08B84578DE1D1C102E7A0E
:10C550002C70F20D6000E140DD1542172C71E60DE4
:10C560006000E140DE1542172C72DA0D6000E140F8
:10C570006E852FD94C71BA0C6001E140458E6E85F5
:10C580003BD983BAAA0C6001E140402482307DD9B6
:10C590006C72FA0A60032240031482306E857DD9E2
:10C5A000A1BAE1408A0C6001031C82306E857ED9FD
:10C5B0004C737E0C6001E1400240CAC7E2C2B91070
:10C5C000C300310B320008451F854080228006EAF7
:10C5D000B912C0001D08120005E9B911C000150804
:10C5E00012002C744C712E0DE000A140B91583107F
:10C5F00087BB0C70B91DC210C2C6E078FAC2FC1C21
:10C60000C8B6ACC1FF80104161170016CA171817D1
:10C610004BC0CE0EA00322401470FA0222008A23DF
:10C620004139402100274024823042D96C725E0A91
:10C630006003104703148030402482307CD94AC004
:10C640006C724A0A6003E240031482306E877CD920
:10C65000A0BA2240DA0B6001031C82300C70B209D0
:10C660006FEE9EB82C706A0F60002240E14080207F
:10C67000060BA3108180008803E98AE804F004E82F
:10C680002C7103F02C70660FEFFE22402C70F20A22
:10C69000A0002240402482307DD96C72EE096003F4
:10C6A000E24003148030381706104024C23081B8AD
:10C6B000031C02307DD96C718C70AC70E208E00311
:10C6C000E2400BDDA5775AD82F2647F3AB20080EA2
:10C6D00011F2C340B041000036094FEE40248230D1
:10C6E0002C736C72A6096003E24003148030D908F1
:10C6F0009E81C340A042000016094FEE7C1110201D
:10C70000CD7042D9A7DA38100320224043C642C672
:10C710001E0B600141C6181C003406C08A21063B6E
:10C72000CE70AE704E708020050346C05AD8AB2044
:10C73000080EC340A0410000D6084FEE84C212D9B3
:10C7400007DB4A096003E2401614803025C1121449
:10C75000823015148C301314833011148D30322034
:10C760004B2608B808B908BA052014030521D300E0
:10C770004B0B3010457D06C222D96C730E09600345
:10C78000E2402F2006052F21C604AE7A48308000F3
:10C79000483181004832820049C048C147C287C140
:10C7A00081C2B20A2001224003C202C101C0483244
:10C7B000D4024831D3024830CD02AE78C5712F2162
:10C7C000C6042F22060500221220CF78002555200E
:10C7D0005D08348200269620322040261470C42E34
:10C7E0002122C42D2122C42A21221EF21FDD48321B
:10C7F000922019BDEE0B6FFE003240234835952084
:10C800000846E20B6FFE0035402348369620104064
:10C81000D20B6FFE003640234830D6024830D52276
:10C820004836D2124241A240C242802108008020F4
:10C830000800802208002578057A50788C20CF8F58
:10C84000D2002D004E2610204E250E204E220D2007
:10C8500081C02241081C04348342C3B28A086001AB
:10C86000A2B22C712240DB1F1C14DA1F9C13620D34
:10C870006000D91F5C13402482307CD96C720E0892
:10C880006003E240031482306E877CD980BA224074
:10C890009E096001031C82300C70760F2FEE9EB84B
:10C8A0000BC08B20838F19F4402482307DD96C72A9
:10C8B000DA0F2003E24003148030381706104024BA
:10C8C000C230A1B8031C02307DD96C718C70AC7081
:10C8D000CE0EA003E2408C2041BF0EF28C2083BE1E
:10C8E0000CF28C2007BD0CF28C200FBA2C7009F4CE
:10C8F0002C7107F02C7405F02C7303F02C72820855
:10C90000A00022406E870AC242D926096001224057
:10C910006F736340ACC004141B34DAC61F80E07F21
:10C92000CA100007E4C3A1C108451F8028462FD9BB
:10C930004C716E80FA086001A1402F0EB0101CE50A
:10C94000410E7010402482300C70AFEE40248230D3
:10C9500036D96C72360F2003A14003148E30402468
:10C96000823037D918F0402482303AD96C721E0FC9
:10C970002003A14003148E30402482303BD90CF0B8
:10C9800038D96C72060F2003A14003148E30402466
:10C99000823039D96C72F60E2003A1400314803026
:10C9A000C2B808B8C578C4C7E4C3A1C13D09B00086
:10C9B00040200D075D097000402482307F0931005E
:10C9C0000C704024823074D96C72C20E2003A140D6
:10C9D00003148E304024823077D96C72AE0E20035F
:10C9E000A1400314803027F04024823076D96C7245
:10C9F0009A0E2003A14003148E304024823077D950
:10CA00006C728A0E2003A1400314803024B813F006
:10CA100075D96C72760E2003A14003148E30402429
:10CA2000823077D96C72660E2003A14003148030E7
:10CA300022B80EB80E7846B8C578C4C71F80E07F0C
:10CA400061100006ECC33041B911C1000909320080
:10CA5000A6C1CCC77C1110208A210703CB45130047
:10CA6000345E32204120A30930006218182088115A
:10CA700000207010022671100326701818208C11E7
:10CA80000120022080807118582002086FE30321E2
:10CA9000C1800846060DE00222402C85003040008F
:10CAA000073601707A4700000231800307304000EA
:10CAB0005020C1070431808F4C3ECDCC4A00060087
:10CAC000C3428F3D295C043080800AF6C3418FBD8C
:10CAD000295C043040800042CA22450072100126C1
:10CAE000C340C84200000032030001324100B7B821
:10CAF0000031000072185820013300004830C00295
:10CB0000220D20030D78D2108020CE108320D0106B
:10CB10008120D1108220CD108B20CF108C2008B81E
:10CB200008B908BB457885790523C3020E7A2E79AA
:10CB30006E7848328200483181004830800042C21D
:10CB400041C140C080C183C222400A0FE00040249E
:10CB500012302B8504C003C26885EA85C9851C157F
:10CB60000B10A685003049000032C10005C4013019
:10CB70004800003040034A24C070013201000032F6
:10CB8000C00301304302003480130130021000342E
:10CB9000C01241C2013101000134C0108D7040C18A
:10CBA000081C0030A82080081520002315220D2322
:10CBB0005520830E0085208301304200C3410000D0
:10CBC000FF7F4832C00248308B0040A50232C202CB
:10CBD0001309220040A3C341FFFF00803070CA2127
:10CBE0000A008571B01B4000C340A100381E208898
:10CBF00004E900180300CCC76210012660792240C6
:10CC0000CCC7E0781F80E07F641000061F80E07FC3
:10CC100063100006ECC3A1C1284729687040504149
:10CC20008D09750224D87C100D20252040000AF0C3
:10CC30001FF023F026F03DF041F03AF043F04AF0C7
:10CC40002C706A0DEFFF0240D91D1C102C715E0D77
:10CC5000EFFF0240DA1D1C102C72520DEFFF024054
:10CC6000DA150317D9150217DB1D1C106BF05625BA
:10CC7000401D208803F0D61581100C70C0B926F035
:10CC8000A9460240720CAFFF8026061B79200000E7
:10CC90001B7800AE00AF028E01AF238E5625801D9B
:10CCA00022AF20880C7023AF00190521CCC7802546
:10CCB000861A208D0C70C1B908F080250713208DCD
:10CCC00003F0E71581100C7020AF00194520CCC788
:10CCD00002402A0DAFFF40200E2710424024823030
:10CCE00077D96C72A60B2003C140130A30200314BD
:10CCF000803038150610C6B804F03815061087B80D
:10CD0000031C02304024C23077D96C718C70AC7037
:10CD10008E0AA003C1402C700E0CEFFF0240DC1DF8
:10CD20001C102C71020CEFFF0240DD1D1C102C7238
:10CD3000F60BEFFF0240DD150317DC150217DE1DB1
:10CD40001C104128010240AF62AF28BA28BB04AFD3
:10CD50000C7025AF41AF63AF00198521CCC7E078D7
:10CD6000FAC382240239BF804CC02C70A1408020BD
:10CD7000C20FA60C2FF114DA0CC0CD7023D901A577
:10CD80007FD817B80EA50CC0611D98132DA51F8064
:10CD9000711898037018980372189803802007037D
:10CDA0006A0A2003C0A80CC00CC50024823F000002
:10CDB000A3007DD91F801CE56C71A1189C03A140C4
:10CDC000A31C8330B209A003A01C84338A26BF1D94
:10CDD0000AE68C26C39134032D005524023A2C73A5
:10CDE0006C72AA0A2003A1405E0A2FEE0AD8A11491
:10CDF0008030E1089E81CD700024823F0000A300B6
:10CE00007DD96C71A1407209A003A31C82330CC0B0
:10CE1000DA0FAFFE2C710CC02C7025DA1F804BC0CE
:10CE20005520800E4AC0F20B2FF180C00AC080C28C
:10CE30005ED9C2A0C1A0C0A025DB520A2003A14038
:10CE40000114803018149F30221493305DC00314F5
:10CE500080300D149230101490305CC00514803076
:10CE600013148F30171494305BC023C00B1491300F
:10CE70000E148B3053C01214803011148E301D14D8
:10CE80008C3052C0402F0036981C0030402B0026BA
:10CE9000941C0030402A80268C1C003040288026BC
:10CEA000881C0030402F8016841C003044248020D1
:10CEB000801C0030532340205FC06C2240215EC0A4
:10CEC0004029802154C06C204021901C0030402B10
:10CED000801155C06C274011081485304EC0166E65
:10CEE0002114843056C0442780300A1489304FC042
:10CEF000402C8013091488309C1C0030402D800188
:10CF00001E14813050C0402C80031F1483304DC04C
:10CF10004029801128C251C04028801157C016698D
:10CF200058C0166B02149E3059C0166A5AC01DC0F4
:10CF3000402E1E320614963005261E3098140030FE
:10CF4000402FCE336C141F304228970694140030C3
:10CF500007149530402E162205279F354228960645
:10CF60008C140030402DD526422DD026422895061F
:10CF700088140030402C18260F148D304228940657
:10CF8000841400302314863010C2422893060EC049
:10CF9000402D4B1144260D06402819029C140030E8
:10CFA000402D81120DC5057A11C00414873070140C
:10CFB0001130057D0AC0402F07020521D121181824
:10CFC0008407422898360BC06C244F014424080C77
:10CFD00081185C04442412030AC0801404307C14B9
:10CFE00005301C18C4071EC30BC044240913402C71
:10CFF000440283181C04402D05020AC008BB90148B
:10D000000C3020180406052444010BC008BC8426FB
:10D0100001088518DC05402EC7000AC03C14063004
:10D020000526CE1224188405402E46020BC0402946
:10D03000091308BF87185C0540288B120AC0402AD4
:10D040000823AE7D2818040526BD0BC08918DC0412
:10D0500014C00520C50015C0052643104E7E0520CE
:10D060001E0316C018C205278C010521193017C0F0
:10D07000E57A6E7F0520460219C012C31AC1052049
:10D08000C002657C4E7B0E7A0AC0052101022F206A
:10D09000461126BE41288811DCB0BEB02C1804020F
:10D0A0002F2786070BC0412F87012F2146168B188B
:10D0B000DC01412989110AC025BF2F2686013018BD
:10D0C0004402FAB0412E86010BC026BB4C140B3033
:10D0D00091189C019318DC0026BA0AC005230B1195
:10D0E0002E7940188400402B4B150BC015BC26B977
:10D0F000422B4B1555BC95185C008D18DC028F181F
:10D100001C03E208EFFE0CC00CC16A0D20000C707D
:10D110000C70DAC7ECC3A1C1DF80104160DF5E167E
:10D1200000168C200280CC20828F0000FF00B1F21C
:10D13000611600168C200280CC20828F0000FF0038
:10D14000A7F240210027402482307CD96C723E0F28
:10D15000E0021042031482306E867CD9A0BA2240CD
:10D16000CE082001031C82300C70A60EEFED9EB895
:10D17000402482307DD96C72120FE00242400314C9
:10D1800080306E867DD94620800182B8031C023033
:10D190000F7A9E08200122406E862FD94C7192088A
:10D1A000200122406E8633D94C708608200122402F
:10D1B0006E867ED94C727A08200122408A2503129D
:10D1C0008A208126402482306ED96C724240BE0E85
:10D1D000E002AB20082E0314803019081F00C34062
:10D1E000204100002A0ECFEDA5772F2647F3ECF55E
:10D1F0006E862FD94C703A0820012240402482309C
:10D2000038D96C72860EE00242400314803023B895
:10D2100053208080031C02303BF4402482306ED9BE
:10D220006C726A0EE002424003148D30402482305A
:10D230007DD96C72560EE0024240031480306E8637
:10D240007DD9462082012240E60FE000031C823097
:10D25000402482307CD96C72320EE00242400314CA
:10D2600082306E867CD980BA2240C60FE000031C53
:10D2700082300C709A0DEFED9EB8170D7E1061DFB5
:10D280000F0DBE1062DFE3BD64DFCA27A210E140CC
:10D29000CCC7E078E6C3A1C1DF814A240071004316
:10D2A000C340A1005C4128452C700042A820C00169
:10D2B00008120F050D0FC51024712C748A271F1436
:10D2C000367841802288A140631E9810B20E20005B
:10D2D000CA1EDC133C4D4024823043D96C72AE0D23
:10D2E000E002021C05300314803080260511A141A4
:10D2F00000AEE20920030C70E140C6C7E6C3A1C13D
:10D30000BF8040200E072847402482307CD96C72B1
:10D310007A0DE002C1400314803038150610F57014
:10D32000A2B8CF20A200031C02304024C2307CD916
:10D330006C718C70AC706A0C6003C140C6C7E07839
:10D34000E8C3A1C1DF80484730402FD96E864C71B9
:10D35000DE0EE00008458308B0201CE5E7087020D9
:10D3600040248230710831204024823036D96C72DA
:10D370001A0DE002A1404024423036D96C71A14020
:10D38000F60B6003011CC233BE0CEFED0C710114EF
:10D3900080304024823037D9721E02106C72EE0C3D
:10D3A000E002A1400314823028BF532781106C2271
:10D3B00080002578011C02304024423037D96C713E
:10D3C000B60B6003A140820CEFED0C7101148030AC
:10D3D000731E0210C8C7402482303AD96C72AE0C5A
:10D3E000E002A140402442303AD96C71A1408A0B3E
:10D3F0006003011CC233520CEFED0C71011480303C
:10D40000402482303BD9761E02106C727E0CE00202
:10D41000A1400314803028BFC2BF6C208000E57893
:10D42000011C0230402442303BD96C714A0B60032E
:10D43000A140160CEFED0C7101148030771E021024
:10D44000C8C738D96C72460CE002A1404024423073
:10D4500038D96C71A140220B6003011CC233EA0B66
:10D46000EFED0C71011480304024823039D9741EE4
:10D4700002106C72160CE002A1400314803028BF29
:10D48000C2BF6C208000E578011C0230402442308D
:10D4900039D96C71E20A6003A140AE0BEFED0C715B
:10D4A00001148030751E0210C8C7E078E6C3A1C120
:10D4B000DF8048476109B00040200D07A5097000D2
:10D4C00040248230347082F44024823074D96C72EB
:10D4D000BA0BE002A1404024423074D96C71A140E3
:10D4E000960A6003011CC2335E0BEFED0C71011450
:10D4F00080304024823077D9B01E02106C728E0BBF
:10D50000E002A1400314803028BFC1BF6C2040005E
:10D51000E5784CF04024823076D96C726E0BE002D4
:10D52000A1404024423076D96C71A1404A0A600380
:10D53000011CC233120BEFED0C710114803040243A
:10D54000823077D9B21E02106C72420BE002A14009
:10D550000314803024BF4427011C4620000C25F012
:10D5600075D96C72260BE002A1404024423075D977
:10D570006C71A140020A6003011CC233CA0AEFEDBC
:10D580000C71011480304024823077D9B11E021012
:10D590006C72FA0AE002A1400314803026BF4427CF
:10D5A0000113462000032578011C0230402442303C
:10D5B00077D96C71C2096003A1408E0AEFED0C713E
:10D5C00001148030B31E0210C6C7E078E6C3A1C1C3
:10D5D000BF8040200F0728464024823077D96C72E4
:10D5E000E140021C0530A60AE002011C03300314CE
:10D5F0008130166E842001008421C20F2578011C21
:10D6000002304024423077D96C716E096003E140EA
:10D610000E85360AEFED4830C002C6C7E6C3A1C189
:10D62000BF8040200E072847402482306BD96C729F
:10D630005A0AE002C1400314813079270210146AAB
:10D64000A4B9381506100579A1408020460A40A8E3
:10D65000031C42304024C2306BD96C718C70AC70AA
:10D660003E096003C14003148030A71D0210C6C7E5
:10D67000EAC3A1C1BF812846084789087304402135
:10D680001107F572380126005625401D00881470D8
:10D6900036F4402482307DD96C72F209E0022240D7
:10D6A00003148030B115021650204100110AB50054
:10D6B000031C423046208102031C42306E852F7AC3
:10D6C0007DD96E0BE000C140402482307CD96C7261
:10D6D000BA09E0022240031482306E857CD980BAF8
:10D6E000C1404E0BE000031C82300C702209EFEDAC
:10D6F0009EB8B9168010C6B8B91E02106D0200009F
:10D7000091E79CF28C270290CC27829F0000FF00BB
:10D71000640222008A20860A09654024823034711E
:10D720003040B6F442D96C726209E0022240031420
:10D730008030381506104024C23085200300031CB9
:10D74000023042D96C718C70AC7056086003224074
:10D75000402482307DD96C723209E00222400314E9
:10D76000803090150117911503179215021738157F
:10D77000061045208002A31D5C10A41DDC10A51D11
:10D780009C10031C02304024C2307DD96C718C7017
:10D79000AC700E0860032240402482307CD96C7249
:10D7A000EA08E0022240031482306E857CD9A0BAD8
:10D7B000C1407E0AE000031C8230D8F090E7DCF420
:10D7C0005609EFFFC140611D5910B91682106C70E7
:10D7D0008C70C6BAB91E82104C7000410E09E0026E
:10D7E000C140E0850DEF2D876079E1405687A41791
:10D7F0000011607AE1414E870C71607AE1412D861B
:10D8000023D80DA56079C1405686A4160011607A10
:10D81000C141402482307DD96C727208E0022240FE
:10D82000031482306E857DD9A1BAC140020AE0009E
:10D83000031C823010DDA2F061150F168C27C39FE8
:10D8400004F2FFD8C1418BFFC140B60D6FFF8A20A3
:10D85000062B32250114104085E92C718E0D6FFEC8
:10D86000C1408209AFFEC140DB154417DA154317EA
:10D87000D9154217C1405E08E00202418C27C39FC0
:10D8800011DD7CF2E140C1417AFF78F07CD96C7205
:10D89000FA0FA00222404108B1200314803038154D
:10D8A000061080B8031C02304024C2307CD96C7151
:10D8B0008C70AC70EA0E200322404024823042D9A2
:10D8C0006C72CA0FA0022240031480303815061073
:10D8D000C5B81DF038150610A0B8031C023040244E
:10D8E000C2307CD96C718C70AC70B60E20032240B3
:10D8F0004024823042D96C72920FA002224003145D
:10D90000803038150610C5B887B8031C0230402493
:10D91000C23042D96C718C70AC70860E20032240EC
:10D92000402482307DD96C72620FA0022240031421
:10D9300080309315011794150317951502173815A4
:10D94000061045208002A31D5C10A41DDC10A51D3F
:10D950009C10031C02304024C2307DD96C718C7045
:10D96000AC703E0E200322400C70C1414E0BE00211
:10D97000611DD81361150D16A140CAC7F81CC8B7A0
:10D980005F80C2B9071C42301CE0381206004024F8
:10D99000C23143D96C718C70060E2003AC70081430
:10D9A0001F34E07EECC3A1C1BF814A244071CB4645
:10D9B000A10044413041402112072C700A2280030B
:10D9C000A8208002041203054833030004330080BA
:10D9D00043F624712C75357E0B692708F500E28E1D
:10D9E000B1408020862A001080201708B100FFD89F
:10D9F0002241820CEFFF00180320001883200096BC
:10DA00004024823042D948300000641D18106C72E6
:10DA10007A0EA00242400314803038150610C3BFAE
:10DA20006C20C000E578031C02304024C23042D98B
:10DA30006C71C344140078324240660D20030A25FD
:10DA400040044024823043D96C72420EA00242400E
:10DA500003148130641500168025051120ADCCC754
:10DA6000E8C204777040284588E004012D0024DED8
:10DA70007C100F202520000009F03CF050F05AF0F7
:10DA800066F03DF074F041F043F0018D608D08B810
:10DA9000057BD91FDC10238D028D6E7C08B90579BA
:10DAA000DA1F5C10058D448D2E7908B84578DB1F90
:10DAB0001C100E7A4E0AE0028140B50831002C702D
:10DAC0000240EE09EFFF8142DA1742172C71E2099A
:10DAD000EFFF0240DB1742172C72D609EFFF02401E
:10DAE0002C71EE0AEFFF0240FA0E6FFE024020F0AA
:10DAF000A1408208200002411AF0008D8027071300
:10DB0000CD70C0B829F04E0EA000024006F0A14032
:10DB10004041B6096FFF024208462AF0008D4420BA
:10DB200041000240DA0FAFFFD61F4210CD7020F047
:10DB30002C70BA0A6FFE0240008D11E829087100AE
:10DB400023DEBE0F2FFF024008460EF0008D802717
:10DB5000861ACD70C1B800AF0AF0A1400241CA08D0
:10DB60006FFFCD702C71860A6FFE0240C140C8C69F
:10DB7000E4C20088BF812846442041805625401DCC
:10DB800020A819F48A20460A08651D0871002C7027
:10DB90008E0AEFFFC140D615801086E82C70620F08
:10DBA000AFFFC140611500161BE83F0871000C7102
:10DBB00018F02C70360A6FFEC1401F868020460A7E
:10DBC00000888AE82C713A0FAFFFC1402C71520ACD
:10DBD000EFFFC1402C71160A6FFEC14005F00C70BA
:10DBE000920AEFFFC1410C70C4C6E0785F81204506
:10DBF0006C72761A18008022C3053C49C344130096
:10DC0000D8BDA104A0021CD95F81204516DB5D1A96
:10DC100018008022420F3C49C344130050E9850498
:10DC2000A0022C73F8C3A3C1304103E8D8C77C110C
:10DC30001020B911C0202C10152008101820041035
:10DC40001420147044F6BE10C02014705C012A0029
:10DC500055208E2F820C4FEE1043D416C0903042C8
:10DC6000D016C190CB108820C7108B20CA10C320BB
:10DC700008B8C9108C20C3421300345E08B90520CF
:10DC800000020521C10248308B00028208BB857B5F
:10DC900048318C0025820030000348338300013076
:10DCA000C60004820031C900208200300003CB4549
:10DCB000A100201E0031C100013043020182013168
:10DCC000080323820030C002101516100031C10273
:10DCD0000130001014151710013642000133C10243
:10DCE000FC8640C0022380A542C10322C1A59E0D2F
:10DCF000AFE241C20730800F7A470000073602705A
:10DD0000803F00000037801F8C3FCDCC0432008064
:10DD1000900026003D26C1243D2780240C22C0A56A
:10DD2000CA2041007D0811000037801F663F6666EB
:10DD3000043200806C002C004A24C0704A24001079
:10DD4000A82040081520002380C15520430F957955
:10DD50004083008101308200C3400000FF7F40A16A
:10DD60004832C10248318B000232C20213086200FD
:10DD700040A3C340FFFF00801071CA204A00857194
:10DD800019A3208D0BE9048D0D0901003F866079F0
:10DD900022400C70047104AD04F03F86607922408B
:10DDA000101DC014141D8014530C302055218D28D3
:10DDB000B914C02047081300BE1080203F08BE01E0
:10DDC00082422185DE0EA0020085330D1020B91598
:10DDD000C0202B081300E510812011E9E6108020F7
:10DDE00015092100A2422185BA0EA00200850C70FF
:10DDF000E61803200471E6180220177018F3B91012
:10DE0000C03014702806CAFFBE108020E5B810F399
:10DE1000218500858E0EA0020342D8C7E8C3A1C1A8
:10DE20000845B6D8021C0430FE092FFFA14040254A
:10DE30000F17402482307ED96C713E092003E140E7
:10DE4000060AAFED0C72E2092FFFA1404024823098
:10DE50002C706C72360AA002E140E108310022DE2B
:10DE600003148030D508B10A21DED6082000A14075
:10DE7000D340803F00004024423053D96C718C70F5
:10DE8000AC70E1400A260004011C83321209200311
:10DE9000CD704024423055D96C718C70AC70E1402B
:10DEA0000A260004FA082003011C82334024423071
:10DEB00056D96C718C70AC70E1400A260004E208FF
:10DEC0002003011C82334024423054D96C718C7081
:10DED000AC70E1400A260004C6082003011C83320E
:10DEE0002C702E0D6FFEA14010402C71220D6FFE84
:10DEF000A14008472C721A0D6FFEA1400041FFDAC5
:10DF000080213E0008BA30792909A4008A213E0008
:10DF10003B67707B1D0BA400027130791509A400CA
:10DF200005270F1405273E9004F2C2082FFFA140D9
:10DF30004E850C70607AA141C140C8C7EAC3A1C137
:10DF400008461F80CB45A100FC206C7008D94025F5
:10DF50000C168DBB24DA8CB9C2185803C1181803EB
:10DF600080208C0F40260F1760B0A2188280C01846
:10DF7000C381BE184480402482307CD96C720E0963
:10DF8000A002E140031480304024C2307CD9A0B804
:10DF9000031C02306C71E20FE002E1401040AA085D
:10DFA000AFED0C71AB0831204024823059D96C722E
:10DFB000DA08A002E140031480304024C23059D96D
:10DFC000A0B8031C02306C71AE0FE002E140830880
:10DFD000310054251019AD708A210220B07AC14059
:10DFE000BE0CE00202411B09852F000000205521D4
:10DFF00011285520102855250D1872E829F0A9E898
:10E000004024823059D96C728208A002E140031486
:10E0100080304024C23059D980B8031C02306C7162
:10E02000560FE002E14014DD4024823021D96C72A9
:10E030005A08A002E14003148030170870007FD80E
:10E04000CE0F6FED17B8A5772F2647F3EEF5CAC7A9
:10E0500078880C700A21800FA100D8200111820459
:10E060000B0BA00014760471BAF7E07F3823800010
:10E07000EAC20845CD70CB47A100D8200117901403
:10E08000188D33080004AE0D0FEE1E0C2FEE10415C
:10E0900000420240960D2FEE22410DE82F8040797C
:10E0A00000418C2002800C71CC21828F0000FF0087
:10E0B00005F2C571C90ED4910C70CAC6E4C3A1C1E2
:10E0C00040200E0708454024823057D96C72BE0F9D
:10E0D0006002C140031480304024C23057D9A5B833
:10E0E000031C02306C718C70AC70C346803F000022
:10E0F000AE0EE002C140B91581100C70C6B9B91D51
:10E100004210C4C7E4C3A1C140200E070845402403
:10E11000823057D96C72760F6002C1400314803090
:10E120004024C23057D985B8031C02306C718C7002
:10E13000AC70C346803F0000660EE002C140B915D6
:10E1400081100C7087B9B91D4210C4C7E07FA610BA
:10E150000001E0781F80E07F9F100006E6C2BF81CB
:10E160002846760F2FEE0847A11D1810C140607F8A
:10E17000A21D5810C6C6E078E07F9C100000E07831
:10E18000E6C03F085100C343A100701E008B00A9E8
:10E19000038B828BC18BB668E48B156CC4BE4420A4
:10E1A000000884250110C578976FA578857801A9A6
:10E1B000068B02A9078BC2B803A9001A05010C70CF
:10E1C000C6C4E078E2C2BF80004109A51208200061
:10E1D0000C700C709F1D1910C2C6E078EAC3A1C173
:10E1E000BF8128463508B40010408C2002A0CC2006
:10E1F00082AF0000FF0054F480D9FE0BEFFEC14057
:10E20000560B2002C140C34048410000A60BAFFEA0
:10E21000C1419F1D181444F02C70DE0BEFFEC1406D
:10E22000FF863C4E80C22FD96C71001C83304A0D92
:10E23000E00210410E87120E6FED4830C002C3415C
:10E24000A100701E609103918289438960C3021C02
:10E25000023028B8248928BB05BC06BA4420CF095F
:10E26000C4BB4424001884220100657807B94578AE
:10E270002578011C023080C230D96C742240FA0C1F
:10E28000E002031CC233B9168010C141C6B8B91EE2
:10E2900002100C701E0BAFFE9F1D18140C701E0A8E
:10E2A000A002C1419F150016CAC7E078E2C20C70F7
:10E2B0003A0AA00228459C150010C2C6E6C24F08C3
:10E2C000710023D8490A1401E1890389C089A28910
:10E2D00008BF08B804278C1F0000001F84201C0002
:10E2E000C342A100701EC57CA57880B203B201892B
:10E2F00025B8C0B802AA018926B8C0B803AA018906
:10E3000027B804AA520A200260400C70C6C6E07802
:10E31000E4C3A1C145093101484640200D0740240E
:10E32000823058D96C72660D6002A14003148230AD
:10E33000126E44200101502280002578031C023017
:10E340004024C23058D96C718C70AC70C346803F89
:10E3500000004E0CE002A140C4C7E078E4C3A1C1B4
:10E3600040200E0708454024823057D96C721E0D9C
:10E370006002C140031480304024C23057D9A1B894
:10E38000031C02306C718C70AC70C346803F00007F
:10E390000E0CE002C140B91581100C70C6B9B91D50
:10E3A0004210C4C7E4C3A1C140200E070845402461
:10E3B000823057D96C72D60C6002C1400314803091
:10E3C0004024C23057D981B8031C02306C718C7064
:10E3D000AC70C346803F0000C60BE002C140B915D7
:10E3E00081100C7087B9B91D4210C4C7E07FA61018
:10E3F0000001E0781F80E07F961000065F812045D5
:10E400006C73951A18008022C3063C49C34413005C
:10E41000D0E7910460021ED9E07F9C100000E078F4
:10E42000E8C3A6C1504028461471031C033080F491
:10E4300040230D0781C27CD96C72520C6002A1404E
:10E4400005148030402482307CD9031C0230A0B8EF
:10E45000021C02306C718C70AC70C346803F0000AF
:10E460003E0BE002A140402482302FD96C71A140C4
:10E47000060BE002021CC33081C230D911DB0E0C46
:10E480006002A1404024413110DA4A0F6FE2C140DE
:10E49000402482302FD96C71A140DE0AE002021CB8
:10E4A000033181C230D911DBE20B6002A140284E5A
:10E4B000402441311E0F6FE210DA402482302FD900
:10E4C0006C71A140B20AE002021C433181C230D912
:10E4D00011DBBA0B6002A140484E40244131F60ED8
:10E4E0006FE210DA402482302FD96C71A1408A0A81
:10E4F000E002021C833181C230D907DB8E0B60023F
:10E50000A140684E40244131CA0E6FE24C7640244F
:10E51000C2307CD96C718C70AC70C346803F0000F7
:10E520007E0AE002A14036D8001804200C70C8C74B
:10E53000F1C000411F807FDB4C7017BB961898001C
:10E5400024A0DC188400DB1882006EA00E082000D6
:10E550000C70D1C0E07F0C70ECC3A2C17C11100024
:10E560002845D908B40010418C2102A0CC2182AFEB
:10E570000000FF00BDF480D97E08EFFEA140DF85DA
:10E5800040250F174024C2307CD96C72E140FE0A4E
:10E590006002071C033021C03816061040244230A8
:10E5A000071C0230A0B8011C02307CD96C718C7041
:10E5B000AC70EE09E002E140402442302FD96C718A
:10E5C000E140B609E002011C83314024C23032D957
:10E5D0006C73BA0A6002E14021C2051481306C728A
:10E5E00080BA84B9011C8230021C4230402442307F
:10E5F00032D98609E002E140402442302FD96C71C3
:10E60000E1407609E002011C03303E0A6FED32D88A
:10E61000381606104024C2317CD96C718C70AC70F5
:10E620007E09E002E140C34048420000860F6FFED1
:10E63000A141961858245DF02C70BE0FAFFEA1408A
:10E64000FF85CD703C4D4024C2307CD96C72061CD5
:10E6500082333A0A6002104221C03817061081C284
:10E660005020010061C1061C02307CD96C718C7095
:10E67000AC702E09E0024240402442302FD96C7128
:10E680004240F608E002011C83314024C23032D9F6
:10E690006C73FA0960024240051480304024423015
:10E6A00032D9A4B8021C02306C724240CA08E0029F
:10E6B000011C8233402442302FD96C714240BA0889
:10E6C000E002011C823382096FED32D83817061040
:10E6D000402482317CD96C718C70AC70C208E0022D
:10E6E00042400C70A141CE0E6FFE961858240C705B
:10E6F000CA0D6002A14196100026CCC7E2C20C7080
:10E70000EA0D600228459C150010C2C6E4C3A1C1F1
:10E7100028452C70D3087100011C4230CB0AB40D7F
:10E7200023D940230E07402482307CD96C725E09C5
:10E730006002C1400314803080C27CD9011C0230C9
:10E74000A0B860C06C718C70AC70C346803F000094
:10E750004E08E002C14080C22FD96C71C1401A0836
:10E76000E002001CC33030D910DBC1400A08E002CF
:10E77000A14280C22FD96C71C140FE0FA002001CC3
:10E7800003314025021430D910DBEE0FA002C14046
:10E7900080C22FD96C71C140DE0FA002001C433132
:10E7A0004025021830D910DBCE0FA002C14080C234
:10E7B0002FD96C71C140C20FA002001C83314025CB
:10E7C000021C30D96C76B20FA002C1404024423006
:10E7D0007CD96C718C70AC70C346803F0000C20F56
:10E7E000A002C1402C702040C4C7E078E4C3A1C19E
:10E7F00040200E0708454024823057D96C728E089D
:10E800006002C140031480304024C23057D9A1B8FF
:10E81000031C02306C718C70AC70C346803F0000EA
:10E820007E0FA002C140B91581100C70C6B9B91D88
:10E830004210C4C7E4C3A1C140200E0708454024CC
:10E84000823057D96C7246086002C1400314803090
:10E850004024C23057D981B8031C02306C718C70CF
:10E86000AC70C346803F0000360FA002C140B9150E
:10E8700081100C7087B9B91D4210C4C7E07FA61083
:10E880000001E0781F80E07F8A1000067F8100424F
:10E89000941B18002040007AE07F9C100000E07874
:10E8A000F1C05F8000417FD817B80EA20C708A1AA1
:10E8B00019001208200025A2D1C0E07F0C70E0787A
:10E8C000EAC3A2C1BF812846BB08B40010408C2017
:10E8D00002A0CC2082AF0000FF00A5F480D91A0D61
:10E8E000AFFEC140FF863C4E402442307CD96C7262
:10E8F000071C0330960F2002104102148030381795
:10E90000061081C2071C0230A0B861C07CD96C71AE
:10E910008C70AC708A0EA002224081C22FD96C711B
:10E920002240560EA002041C83314024423032D9CA
:10E930006C735A0F2002224003148030021481307D
:10E9400081C283B861C1051C023032D96C722A0EB3
:10E95000A0022240F20E2FED32D8381706104024C4
:10E96000C2317CD96C718C70AC70360EA002224022
:10E97000C340484200003E0C6FFEC1418A1D18147E
:10E9800051F02C70720CAFFEC140FF863C4E40240B
:10E9900042307CD96C72061C0330F20E200210410A
:10E9A00002148030381706104024823050200100B5
:10E9B000021C4230061C02307CD96C718C70AC7029
:10E9C000DE0DA002224081C22FD96C712240AA0D17
:10E9D000A002041C83314024423032D96C73AE0E45
:10E9E00020022240031480300214813081C2A3B877
:10E9F00061C1051C023032D96C727E0DA00222402A
:10EA000038170610402482317CD96C718C70AC7040
:10EA10008E0DA00222400C70C1419A0B6FFE8A1D20
:10EA200018140C70960A6002C1418A150016CAC7F4
:10EA3000E2C20C70B60A600228459C150010C2C6DE
:10EA400014702040E07D3F80951101060079E07848
:10EA5000E6C1A3C19F80AD7042C5814080204503BF
:10EA60006188C088F7108F8008BB657EC2BF41C532
:10EA700040C5DB0E801F00000080A1140017CF0EE0
:10EA80002010CE788314431748308B004833800021
:10EA90000030830F004300000033801F003F000060
:10EAA0004A24C0700130C000A11C9C1341280304FB
:10EAB0000030880F00380000CD70C347003C0000D4
:10EAC000991C1C109A1CDC10A820410014248013EF
:10EAD00080C38A104B0715238603871043074833EA
:10EAE000841084104B07483385008D104307801035
:10EAF000400748338B104833830048309E00003372
:10EB0000C01100338B0F00390000003000100034BA
:10EB1000840F003A00000130830F803F0000003076
:10EB2000C0120035C50101340B00003380071524E5
:10EB300089130030C00200304311C5719B191C10AD
:10EB400030B8001EC0009C191C100C714A24C07003
:10EB50000028C00348308700A820800C14244013EC
:10EB600015244B13961043079C130E1740240930AD
:10EB7000A310400748338600F0214313402E0914A8
:10EB80009B130E1748308000F021480301338B0F90
:10EB9000803F000001300300052180130030C001D8
:10EBA00001338301013000100033C3010030C00283
:10EBB00015224F030130C000A57100A7C6C5E0783B
:10EBC0005F8120453C498022050322D9C3441300BC
:10EBD000B4D9D10420026C73E4C3A1C140200E0754
:10EBE00008454024823057D96C72A20C2002C140E3
:10EBF000031480304024C23057D9A4B8031C02301B
:10EC00006C718C70AC70C346803F0000920BA00208
:10EC1000C140B91581100C70C6B9B91D4210C4C7E6
:10EC2000E4C3A1C140200E0708454024823057D9D3
:10EC30006C725A0C2002C140031480304024C23050
:10EC400057D984B8031C02306C718C70AC70C34609
:10EC5000803F00004A0BA002C140B91581100C7022
:10EC600087B9B91D4210C4C7E07FA6100001E07843
:10EC70001F80E07F77100006E4C2DF8128456C72B8
:10EC8000781E18103C495526021E20D98C70160C8F
:10EC90002002A145781601166079A140C4C6E0782B
:10ECA000E07F9C100000E078E6C06B08F101404670
:10ECB000C340A1003C1E62908490C69060A9412B85
:10ECC00008026E9082A9E8904A90AC90412C0B12F9
:10ECD000412B09026CA9709092900088C4A9E6A902
:10ECE00048A9AAA928BE28BF28BA28BD6EA990A9FC
:10ECF00028BB28BC12A9011902020319C202C5A926
:10ED0000E7A949A9ABA90D1942026FA991A9001E53
:10ED1000C5040C70C6C4E078E6C23FDA0041C340C7
:10ED2000A1003C1E8A231E010ABA66B048B04022E8
:10ED3000C30F5F818A2319108A240A1FCB47000062
:10ED400012F9CB4600005178CB450000717D0418C4
:10ED5000C40284B0ECB0CEB0B0B0241805040018E2
:10ED600003006AB00C70771A19000E08200026A262
:10ED70000C70C6C6EAC3A2C1BF812846CB08B40046
:10ED800010408C2002A0CC2082AF0000FF00B0F425
:10ED900080D96608AFFEC140FF863C4E4024423019
:10EDA0007CD96C72071C0330E20A20021041021465
:10EDB0008030381706104024823050200100021C99
:10EDC0004230071C02307CD96C718C70AC70D20957
:10EDD000A002224081C22FD96C7122409A09A00260
:10EDE000041CC3314024423038D96C739E0A20027F
:10EDF0002240031481300214803081C2051C42304D
:10EE00004520010545208005021C423061C038D9EB
:10EE10006C726609A00222402E0A2FED32D83817F4
:10EE200006104024C2317CD96C718C70AC707209B0
:10EE3000A0022240C340484200007A0F2FFEC14189
:10EE4000771D181454F040260F17402442307CD907
:10EE50006C72E140360A2002061C03300214803036
:10EE6000381506104024823050200100021C423028
:10EE7000061C02307CD96C718C70AC702209A00227
:10EE8000E14081C22FD96C71E140EE08A002041C60
:10EE9000C3314024423038D96C73F2092002E1407A
:10EEA000021480300314813081C2A1B8051C4230A5
:10EEB00061C038D96C72C208A002E1408A092FED06
:10EEC00032D838150610402482317CD96C718C7090
:10EED000AC70CE08A002E1402C701E0F6FFEC14046
:10EEE0000C70C141CE0E2FFE771D18140C70CE0D84
:10EEF0002002C14177150016CAC7E078E2C20C7043
:10EF0000EA0D200228459C150010C2C6F4C3A4C116
:10EF1000604687E0AD70E6F493E2C801250023DD8A
:10EF200000119200011190008289638904119100FF
:10EF300005894689E7890811880009118B000A11A3
:10EF40009F000B118400121194000C1187000D1109
:10EF500089000E119E000F11850010119500318956
:10EF60004028132208BB4028100208BF402909127C
:10EF7000402D0502402900027C161600CB46A10058
:10EF80003C1E402B0B12402C0402857B457F052143
:10EF9000C2110525810705204005AD700522D22448
:10EFA0000520502405230B120524CC0764B64EB669
:10EFB00030B612B64026000783C27CD96C72081C9A
:10EFC000443341C540C50E1C42330C1C44330F1C56
:10EFD0004233001E0215041E84140C1E0414E8B6ED
:10EFE000141EC4128CB6A608200210400D148030E6
:10EFF0003816062040244233502001000D1C4230B8
:10F000000F1C02307CD96C718C70AC70920F600256
:10F01000024080C22FD96C7102405E0F6002001C5A
:10F02000833102962496469668968A9660C0021CA2
:10F03000423061C2061CC23028B828B928BA28BBA1
:10F0400062C428BC011C0230031C4230051C823003
:10F05000071CC23080C236D90ADB02401A0F600298
:10F06000091C023380C22FD96C7102400A0F600262
:10F07000001CC3310C962E965096729660C0021CEE
:10F08000423061C2061CC23028B828B928BA28BB51
:10F09000011C0230031C4230051C8230071CC230A8
:10F0A00083C238D96C73E60FE0010240208E0D1444
:10F0B00080300E1482300ADB2578091C823062C051
:10F0C00080C230D9B20E60020240381606204024B9
:10F0D000C2337CD96C718C70AC70C60E6002024079
:10F0E000A140D4C7E6C3A1C1DF8140210F07084575
:10F0F0004024823077D96C72E140920FE001001C0D
:10F1000001306195809542950314803038160610C1
:10F11000412C0E12412B8B01412A0801C1BE442310
:10F12000011344200D1CC579A5796C204001257878
:10F13000031C0230021C8230011CC23080C274D910
:10F140006C748C70AC70E140560E600260C4C6C72F
:10F15000ECC3A1C1DF800845F88840248230E7165F
:10F1600080107CD96C720F20C003E71E02103C4D4A
:10F170001A0FE0011041031480304E71442050807A
:10F18000031C023409F26E867CD94C70A140A2089F
:10F190002000031C03306E862FD94C71A1409208C9
:10F1A0002000002ACF236E8635D94C7482082000B7
:10F1B000A140960EEFEC28D8402482306AD96C72B8
:10F1C000CA0EE0012240031482306E866AD981BAE9
:10F1D000A1405E082000031C82306E867ED9A0DA32
:10F1E0004E0820000A2040035E0EEFEC0C75402410
:10F1F00082302C736C72960EE00122400314803032
:10F2000024B844204080031C0230F0F31108302061
:10F210007CD96E864C711A082000A140E716811037
:10F220000C70E679E71E4210CCC7E078E6C3A1C1B6
:10F23000DF806847031C82301CE04024C2306C71C0
:10F24000360D600228450137801F803F0000C20D47
:10F25000CFEC03148030DD653C1D0210C6C7E0789A
:10F26000E4C3A1C140200E0708454024823057D98D
:10F270006C721A0EE001C140031480304024C23089
:10F2800057D9A3B8031C02306C718C70AC70C346A4
:10F29000803F00000A0D6002C140B91581100C705A
:10F2A000C6B9B91D4210C4C7E4C3A1C140200E07AE
:10F2B00008454024823057D96C72D20DE001C1401C
:10F2C000031480304024C23057D983B8031C023065
:10F2D0006C718C70AC70C346803F0000C20C600241
:10F2E000C140B91581100C7087B9B91D4210C4C74F
:10F2F000E07FA6100001E0781F80E07FA8100006E4
:10F30000E6C2BF812846D20DAFED0847AA1D1810EE
:10F31000C140607FAB1D5810C6C6E078E07F9C10EE
:10F320000000E078EAC3A4C15041F9087100284602
:10F33000BF833C4B80C27CD96C720E1C03304E0DD7
:10F34000E00110400114803038150610402442308E
:10F3500050200100011C42300F1C02307CD96C711E
:10F360008C70AC703A0C60020240402482332FD97A
:10F370006C710240020C60020E1C83300E85CA0CB8
:10F38000EFEC4830C00280C236D90BDBFE0CE00146
:10F3900002400214803021C70114833003148230EC
:10F3A0000A14813005148C30061488300714873015
:10F3B0000814893009148B303815061008BF08B8B6
:10F3C000CB45A1007A1E6578E57A29AD00B541B537
:10F3D0004024C2337CD96C718C70AC70024084AD17
:10F3E000051D0212061DC211071D4212B20B60025A
:10F3F000081DC212008D00AE018D01AE028D02AE5D
:10F40000038D03AE048D04AE058D05AE068D06AEEC
:10F41000078D07AE088D08AE098D09AE001985224B
:10F420000C70CAC7E4C2DF800845E20920020AA6C0
:10F430000C7012082000A1410C70A81E1910C4C63F
:10F44000EAC3A3C1BF812846BF08B40010408C2086
:10F4500002A0CC2082AF0000FF00B0F480D99A094E
:10F460006FFEC140C340484200004A092FFEC1411F
:10F47000FF863C4E81C27CD96C72120CE0011041B7
:10F480000514803038170610402442315020010006
:10F49000051C42300B1C02307CD96C718C70AC7036
:10F4A000FE0A6002224080C22FD96C712240CA0A33
:10F4B0006002001C83300E878E0BEFEC4830C002D8
:10F4C00081C234D96C73C60BE00122400514803030
:10F4D00080C234D984B860C06C719E0A6002224038
:10F4E0000E87660BEFEC4830C00238170610402438
:10F4F000C2327CD96C718C70AC70A60A600222405A
:10F50000A81D18145AF040260F17402482307CD9C9
:10F510006C727A0BE001E14003148030381506105C
:10F520004024C23050200100031C42300A1C02302B
:10F530007CD96C718C70AC70660A6002E14080C24C
:10F540002FD96C71E140320A6002001C83300E85B5
:10F55000F60AEFEC4830C0024024823034D96C7295
:10F560002A0BE001E1400314803080C234D9A4B8F2
:10F5700060C06C71020A6002E1400E85CA0AEFECBD
:10F580004830C00238150610402482327CD96C7194
:10F590008C70AC700A0A6002E1402C705A086FFE51
:10F5A000C140B9168010C141C6B8B91E02100C7016
:10F5B00002082FFEA81D18140C70020FE001C141B3
:10F5C000A8150016CAC7E078E2C20C701E0FE00151
:10F5D00028459C150010C2C6F1C04508710023D80B
:10F5E0003F0A940201898089C342A1007A1E08B8AB
:10F5F000857800B20389828908B8857801B20489C8
:10F6000004AA058905AA068906AA078907AA0889FE
:10F6100008AA098909AAF60FE00160400C70D1C060
:10F62000E07EE078F1C0C340A100C841B910C1003C
:10F630000909130031804079C340A100F81D008002
:10F6400005E8298803E931804079D1C0E07EE0787F
:10F65000E4C3A1C12846C341A100E01D208908459B
:10F66000CE0D20020C76004127ED3C4E4024423066
:10F670001A0AE0016C7308442F2607F01EF40314E5
:10F6800080308D704128430144204200412801010F
:10F690004128CB00412888001D7865AD40AD44214C
:10F6A00043004423421044204110C0B864AD43AD30
:10F6B00022AD01AD02F0FFDC8D78C4C7E4C3A1C167
:10F6C0002846C341A100041E20890845760D20026A
:10F6D0000C76004127ED3C4E40244230AE09E0015B
:10F6E0006C7308442F2607F01EF4031480308D70CD
:10F6F0004128430144204200412801014128CB0018
:10F70000412888001D7865AD40AD44214300442365
:10F71000421044204110C0B864AD43AD22AD01ADEC
:10F7200002F0FFDC8D78C4C7C343A10069130F0842
:10F73000500115085100178B03F0008BC1B800A9C8
:10F74000001A8500E07F0C70E8C3A3C1C341A1008B
:10F75000941220810846041C0530001C013008E981
:10F76000C340A10000124079004176F080C0E60E4F
:10F77000EFFFC141C341A100E01D20890845B20C43
:10F7800020020C750847B570AD711DF4031480306C
:10F79000330871004024423240260D176C73E1415A
:10F7A000EA08E001A1400B1480304024C2316C71A2
:10F7B0006C20C000071C0230A140BE0F2002E141B6
:10F7C000AD703C4E82C26C71E141081CC331AA0F7E
:10F7D000200210407208EFEC0AD880C0760EEFFFCE
:10F7E000C14191E8051480301B08F10182C26C719F
:10F7F0000240E141820F2002081C43314A08EFEC2D
:10F800000AD880C04E0EEFFFC141004187E80514C1
:10F8100080300B0870012C70ECD92F2647F0C525DD
:10F820006210350D3F10402442326C7302405E0876
:10F83000E001E1410B1480304024C2316C716C2036
:10F84000C0004520C000071C023002402A0F2002E1
:10F85000E1412C702D78C8C7E8C3A3C1C341A10002
:10F86000641320810846041C0530001C013008E99F
:10F87000C340A100D0124079004176F080C0420E12
:10F88000EFFFC141C341A100041E20890845B60B0A
:10F8900020020C750847B570AD711DF4031480305B
:10F8A000330871004024423240260D176C73E14149
:10F8B000DA0FA001A1400B1480304024C2316C71DA
:10F8C0006C20C000071C0230A140AE0E2002E141B6
:10F8D000AD703C4E82C26C71E141081CC3319A0E7E
:10F8E00020021040620FAFEC0AD880C0D20DEFFFAB
:10F8F000C14191E8051480301B08F10182C26C718E
:10F900000240E141720E2002081C43313A0FAFEC75
:10F910000AD880C0AA0DEFFFC141004187E8051455
:10F9200080300B0870012C70ECD92F2647F0C525CC
:10F930006210350D3F10402442326C7302404E0F6E
:10F94000A001E1410B1480304024C2316C716C2065
:10F95000C0004520C000071C023002401A0E2002E1
:10F96000E1412C702D78C8C7EEC3A4C19810800067
:10F97000AD70CB46A10090121471B6F4008E011C3C
:10F9800042330F1C42330E1C423390E07E052500AB
:10F99000AD70CB47A100E01D208F960A20020C76A7
:10F9A000D342A100E4414024C2326C730041DE0E18
:10F9B000A00142400D148030442013821DF2208F9C
:10F9C0006E0A20020C7508454024C2326C73424016
:10F9D000BA0EA001A1410D148030402482336C7115
:10F9E0006C20C0000E1C0230A1418E0D200242404E
:10F9F000560EAFEC0AD878D8011C023040244230B1
:10FA00007ED96C71720D200242403E0EAFEC0AD8D6
:10FA100060D8011C0230402442307ED96C715A0DEE
:10FA200020024240220EAFEC0AD8AED8011C0230B0
:10FA3000402442307ED96C713E0D200242400A0EB5
:10FA4000AFEC0AD84024C2327FD96C733E0EA001BD
:10FA5000424081D8011C0230402442307FD96C7171
:10FA6000160D20024240402442307DD96C71424044
:10FA7000060D2002011C83304024C23221D96C7350
:10FA80000A0EA00142402F2607F040020100402448
:10FA9000423135D96C73F60DA001424008452F263E
:10FAA00007F00E70CD702E701CF4071490304024B7
:10FAB000823029D96C73D60DA001424082C22AD966
:10FAC0006C73CA0DA00142400A14803021C16C2021
:10FAD000512103B8C2B944200E0E53205021257E77
:10FAE00079020000008E021C423390E01E042500C3
:10FAF00062C5CB47A100E01D208F360920020C769D
:10FB0000D340A100E441402442316C7300417E0D9A
:10FB1000A001024007148030442011821BF2208F84
:10FB20000E0920020C750845402442316C730240D6
:10FB30005A0DA001A1410714803082C26C716C2063
:10FB4000C00062C0A141320C20020240FA0CAFECAE
:10FB50000AD878D8021C0230402482307ED96C71D9
:10FB6000160C20020240E20CAFEC0AD860D8021C4E
:10FB70000230402482307ED96C71FE0B200202409C
:10FB8000C60CAFEC0AD8AED8021C0230402482303A
:10FB90007ED96C71E20B20020240AE0CAFEC0AD8A9
:10FBA000402442317FD96C73E20CA001024081D81D
:10FBB000021C0230402482307FD96C71BA0B2002C3
:10FBC0000240402482307DD96C710240AA0B200291
:10FBD000021C83304024423121D96C73AE0CA00149
:10FBE000024008452F2607F009F4008E0F08940400
:10FBF00007148030F7E003F2EADD2F2647F346F4DE
:10FC0000402482307DD96C7102406E0B2002021CB0
:10FC1000033080D8021C0230402482307FD96C71BE
:10FC2000560B20020240208F0C7506082002021C91
:10FC3000C331402482306C7100413E0B20020240EF
:10FC4000060CAFEC0ED8208FE60FE0010C76EE0B21
:10FC5000A001E0D908459AE8208F0C75D20FE00189
:10FC6000021C4331402482306C7100410A0B200297
:10FC70000240D60BAFEC12D8208FB60FE0010C7605
:10FC8000BA0BA001A0D9084536701EF22F2647F303
:10FC90001AF4208F9A0FE0010C7508454024423178
:10FCA0006C730240E60BA001A1410714803082C2B0
:10FCB0006C716C20C00080B862C0A141BA0A2002F9
:10FCC0000240AD7047020000208E130974040D1429
:10FCD0008030F1E0BA05C2FF04F0E1E0B205C2FFF6
:10FCE00080D8011C02304024423021D96C718A0A2C
:10FCF00020024240008E91E09605E5FF40248230CC
:10FD000029D96C73860BA001424082C22AD96C7338
:10FD10007A0BA0014240041490300A148E30402423
:10FD2000423153209020C2BE35D96C734240041C2E
:10FD300002345A0BA0010A1C823308450714803094
:10FD40002F2647F3336E6C20510153204E010520BE
:10FD50005020CA212220C07E2F2647F3D7F4052148
:10FD600080230F1C02304024C23335D96C710A0A3B
:10FD700020024240402442307DD96C714240FA0951
:10FD80002002011C033080D8011C02304024423084
:10FD90007FD96C71E20920024240208F0C75920ECF
:10FDA000E001011CC331402442306C710041CA099A
:10FDB00020024240920AAFEC0ED8208F720EE00172
:10FDC0000C767A0AA001E0D9084514709FF4208FC0
:10FDD0000C755E0EE001011C4331402442306C7111
:10FDE00000419609200242405E0AAFEC12D8208FF3
:10FDF0003E0EE0010C76460AA001A0D90845147019
:10FE000085F481D8011C0230402442307FD96C71C6
:10FE1000660920024240402442307DD96C71424044
:10FE200056092002011C8330052050244024C2338F
:10FE300035D96C714240420920020F1C0234412E18
:10FE4000C01053268110C2B8051C4230021C02307B
:10FE50004024423129D96C711E09200242404024BD
:10FE600082302AD96C71120920024240402442306B
:10FE700075D96C71424002092002011C0331CA0984
:10FE8000AFEC0C75AD704024423075D96C714240B6
:10FE9000E6082002011C423361D8011C02304024D4
:10FEA000423021D96C71D2082002424040244230B5
:10FEB0007DD96C714240C2082002011C42334024AB
:10FEC00042307FD96C714240AE082002011C42339F
:10FED0003B0B30200C755A0DE001208F0846402462
:10FEE000C2326C734240A609A001C1410D1480309A
:10FEF000402482336C716C20C0004520C0000E1C71
:10FF00000230C141720820024240AD78CEC7E0788D
:10FF1000EEC3A4C198108000AD70CB46A100601361
:10FF20001471B6F4008E011C42330F1C42330E1CB8
:10FF3000423390E07E052500AD70CB47A100041E42
:10FF4000208F020DE0010C76D342A100A442402490
:10FF5000C2326C7300413609A00142400D1480305A
:10FF6000442013821DF2208FDA0CE0010C75084545
:10FF70004024C2326C7342401209A001A1410D1409
:10FF80008030402482336C716C20C0000E1C023023
:10FF9000A141E60FE0014240AE08AFEC0AD878D8A4
:10FFA000011C0230402442307ED96C71CA0FE0013E
:10FFB00042409608AFEC0AD860D8011C02304024B9
:10FFC00042307ED96C71B20FE00142407A08AFEC4A
:10FFD0000AD8AED8011C0230402442307ED96C7160
:10FFE000960FE00142406208AFEC0AD84024C232CA
:10FFF0007FD96C739608A001424081D8011C023061
:020000040803EF
:10000000402442307FD96C716E0FE00142404024A1
:1000100042307DD96C7142405E0FE001011C83309B
:100020004024C23221D96C736208A00142402F26BD
:1000300007F0400201004024423135D96C734E086C
:10004000A001424008452F2607F00E70CD702E709B
:100050001CF4071490304024823029D96C732E0888
:10006000A001424082C22AD96C732208A0014240FA
:100070000A14803021C16C20512103B8C2B9442038
:100080000E0E53205021257E79020000008E021CA6
:10009000423390E01E04250062C5CB47A100041E38
:1000A000208FA20BE0010C76D340A100A442402493
:1000B00042316C730041D60F60010240071480305A
:1000C000442011821BF2208F7A0BE0010C75084549
:1000D000402442316C730240B20F6001A141071409
:1000E000803082C26C716C20C00062C0A1418A0E57
:1000F000E0010240520F6FEC0AD878D8021C02309F
:10010000402482307ED96C716E0EE00102403A0FBD
:100110006FEC0AD860D8021C0230402482307ED9AD
:100120006C71560EE00102401E0F6FEC0AD8AED87B
:10013000021C0230402482307ED96C713A0EE001FC
:100140000240060F6FEC0AD8402442317FD96C730D
:100150003A0F6001024081D8021C023040248230F4
:100160007FD96C71120EE0010240402482307DD9AB
:100170006C710240020EE001021C833040244231C7
:1001800021D96C73060F6001024008452F2607F045
:1001900009F4008E0F08940407148030F7E003F28E
:1001A000EADD2F2647F346F4402482307DD96C7176
:1001B0000240C60DE001021C033080D8021C023050
:1001C000402482307FD96C71AE0DE0010240208F57
:1001D0000C75720AE001021CC331402482306C713C
:1001E0000041960DE00102405E0E6FEC0ED8208FAC
:1001F000520AE0010C766E0E6001E0D908459AE8DB
:10020000208F0C753E0AE001021C433140248230ED
:100210006C710041620DE00102402E0E6FEC12D8AD
:10022000208F220AE0010C763A0E6001A0D9084521
:1002300036701EF22F2647F31AF4208F060AE001CB
:100240000C750845402442316C7302403E0E60013B
:10025000A1410714803082C26C716C20C00080B84C
:1002600062C0A141120DE0010240AD7047020000E2
:10027000208E130974040D148030F1E0BA05C2FF1A
:1002800004F0E1E0B205C2FF80D8011C0230402436
:10029000423021D96C71E20CE0014240008E91E0C5
:1002A0009605E5FF4024823029D96C73DE0D60018C
:1002B000424082C22AD96C73D20D600142400414BC
:1002C00090300A148E304024423153209020C2BE18
:1002D00035D96C734240041C0234B20D60010A1C13
:1002E00082330845071480302F2647F3336E6C2085
:1002F000510153204E0105205020CA212220C07EEA
:100300002F2647F3D7F4052180230F1C0230402409
:10031000C23335D96C71620CE00142404024423056
:100320007DD96C714240520CE001011C033080D831
:10033000011C0230402442307FD96C713A0CE0013C
:100340004240208F0C75FE08E001011CC33140249F
:1003500042306C710041220CE0014240EA0C6FEC2B
:100360000ED8208FDE08E0010C76FA0C6001E0D98F
:10037000084514709FF4208F0C75CA08E001011C19
:100380004331402442306C710041EE0BE0014240A9
:10039000B60C6FEC12D8208FAA08E0010C76C60CC0
:1003A0006001A0D90845147085F481D8011C023081
:1003B000402442307FD96C71BE0BE00142404024A2
:1003C00042307DD96C714240AE0BE001011C83309C
:1003D000052050244024C23335D96C7142409A0B19
:1003E000E0010F1C0234412EC01053268110C2B808
:1003F000051C4230021C02304024423129D96C7164
:10040000760BE0014240402482302AD96C716A0B9D
:10041000E00142404024423075D96C7142405A0B91
:10042000E001011C0331220C6FEC0C75AD7040240F
:10043000423075D96C7142403E0BE001011C4233E1
:1004400061D8011C02304024423021D96C712A0B42
:10045000E0014240402442307DD96C7142401A0B89
:10046000E001011C4233402442307FD96C7142408C
:10047000060BE001011C42333B0B30200C75C60F0C
:10048000A001208F08464024C2326C734240FE0B0C
:100490006001C1410D148030402482336C716C20A6
:1004A000C0004520C0000E1C0230C141CA0AE00154
:1004B0004240AD78CEC7E078E6C2CB47A1009C129F
:1004C000251782103D8F26178710241780107C8FE8
:1004D00008BA402905043B8F402F07041A62CB411C
:1004E0008000000022178D1008BBE072C34600FF99
:1004F00000009F8F21178B1079613172638723175A
:10050000881020178E101E8FC022860108BD483229
:10051000820008BC617500339E00081707104187F0
:1005200000170B108C704028081410BE9860002033
:100530004813D860043600B100214301C5F6248772
:1005400002365E3005F045F7248701365E303173A0
:10055000CB44A1000012C023860131702584C02045
:100560008601C344803F0000483085000784013184
:100570001F01218400324D01013002010036C037D5
:10058000003582100131050023840F844833830035
:10059000013182002A84023505000D8400314101B9
:1005A0000033C3100030400101324100013000012E
:1005B0000C20409207310D0006842984C02086114A
:1005C0000130020102840033820000314101013018
:1005D00082000C8401324100483088100030400114
:1005E0000130000107310E00308411840031020017
:1005F0000031430302349F000236C2106484073284
:10060000DE070030820702358210AE840732CB0746
:10061000488401320901003702022C14081000320C
:100620004202013383000030421101338300003560
:100630004211B38401320201073388005284003032
:10064000400300318300023081000235C0100036C3
:1006500041100030C002023100004833C11207309F
:10066000C2072BA74836C0320AA701308010483095
:10067000C0020CA7C6C6E078E6C2CB47A1006C1347
:10068000251782103D8F26178710241780107C8F26
:1006900008BA402905043B8F402F07041A62CB415A
:1006A0008000000022178D1008BBE072C34600FFD7
:1006B00000009F8F21178B10796131726387231798
:1006C000881020178E101E8FC022860108BD483268
:1006D000820008BC617500339E000817071041872F
:1006E00000170B108C704028081410BE9860002072
:1006F0004813D860043600B100214301C5F62487B1
:1007000002365E3005F045F7248701365E303173DE
:10071000CB44A100D012C023860131702584C020B3
:100720008601C344803F00004830850007840131C2
:100730001F01218400324D01013002010036C03713
:10074000003582100131050023840F844833830073
:10075000013182002A84023505000D8400314101F7
:100760000033C3100030400101324100013000016C
:100770000C20409207310D0006842984C020861188
:100780000130020102840033820000314101013056
:1007900082000C8401324100483088100030400152
:1007A0000130000107310E00308411840031020055
:1007B0000031430302349F000236C21064840732C2
:1007C000DE070030820702358210AE840732CB0785
:1007D000488401320901003702022C14081000324B
:1007E000420201338300003042110133830000359F
:1007F0004211B38401320201073388005284003071
:10080000400300318300023081000235C010003601
:1008100041100030C002023100004833C1120730DD
:10082000C2072BA74836C0320AA7013080104830D3
:10083000C0020CA7C6C6E078E2C30F08F100A1C150
:100840001709B5006C711108310120430B09D40060
:100850006C7203F020435320C100146B4420000C41
:10086000257840220D07031C02304024C2302C742E
:100870006C71060FA001A140C340A100E01D2088BB
:100880000C75AE0BA001031C833000414024C23024
:100890006C71E60EA001A1407FD8760F2FEC17B83F
:1008A000C2C7E078E2C30F08F100A1C11709B50083
:1008B0006C711108310120430B09D4006C7203F0F4
:1008C00020435320C100146B4420000C25784022A3
:1008D0000D07031C02304024C2302C746C719A0E38
:1008E000A001A140C340A100041E20880C75560B36
:1008F000A001031C833000414024C2306C717A0E89
:10090000A001A1407FD80A0F2FEC17B8C2C7E0782A
:10091000ECC3A3C1CB47A100E01D3040208F1041A4
:10092000CD700C7561C6021C8433060BA0010A1C35
:100930008233004140200027402482306C733042D3
:100940004A0F2001104021C0970855020B093120A1
:10095000CD718F0810000B095120870850000477D3
:100960002708B500AD70402482326C7142410240CC
:10097000060EA0010A1C4233C340C0400000920E84
:100980000FEC5F091020208F0C750B1C423462C5E0
:100990009E0AA001061C44334024C2326C710041FF
:1009A000D60DA0010240402482312C746C73DE0EFF
:1009B0002001024022C03671C341A100402024B86A
:1009C000CA25A1190F093021C1B80F09D120054945
:1009D00003F01579A4813A0E2FEC48350010C14080
:1009E000CCC7E078ECC3A3C1CB47A100041E3040C4
:1009F000208F1041CD700C7561C6021C8433460AED
:100A0000A0010A1C8233004140200027402482308C
:100A10006C733042760E2001104021C097085502B9
:100A20000B093120CD718F0810000B095120870868
:100A3000500004772708B500AD70402482326C71F5
:100A400042410240320DA0010A1C4233C340C04063
:100A50000000BE0D0FEC5F091020208F0C750B1CE1
:100A6000423462C5DE09A001061C44334024C23270
:100A70006C710041020DA0010240402482312C74AF
:100A80006C730A0E2001024022C03671C341A100DE
:100A9000602024B8CA25A1190F093021C1B80F0957
:100AA000D120054903F01579A481660D2FEC483556
:100AB0000010C140CCC7E078E4C3CB44A100691367
:100AC0004F08B002A1C15B0850019308710023D800
:100AD000570AB400CD70A089031C8233021C8233F4
:100AE000001C843340230E0780C22C746C73C140F9
:100AF0009A0D2001B7AC350DD0103B0D5010430DB1
:100B00009010A6ED021480304620000C1EF00089E3
:100B10002D837920000001AC607960401FF02089AE
:100B20000C70C1B920ACC4C7021480304520000C41
:100B30000CF0021480304620000C84B806F0021439
:100B400080304620000C85B8031C02304024C2309F
:100B50002C746C71220CA001C1400C70C4C7E078E9
:100B6000E4C2CB45A100E01D08460915C0104E0B9C
:100B70006001081D4310B9168110C340A1009912ED
:100B8000081D0310C6B9001803000C70B91E4210EE
:100B9000C4C6E078E2C20845C340A1000C1E1E0B8B
:100BA00060010010C000B9158110C340A100691395
:100BB00000180300C6B90C70B91D4210C2C6E07817
:100BC000E4C2CB45A100E01D08460915C010020B88
:100BD0006001081D4310B9168110081D03100C7028
:100BE00087B9B91E4210C4C6E2C20845C340A1007D
:100BF0000C1EDE0A60010010C000B91581100C70D7
:100C000087B9B91D4210C2C6C3400000FF7FE07E15
:100C1000C3400000FF7FE07EC340A100EC1DE07FE9
:100C20000080E078C340A100101EE07F0080E078E3
:100C3000C343A100E01D488B20455470E07D05A30F
:100C40004025000730D9C342A100B412C3441400A8
:100C5000D42B510420010FDBE4C3A1C1C342A10086
:100C6000041E2846208A05A2DA0F60010C75402672
:100C70000D174024C2306C718C70AC700041A140E3
:100C80000A0BA001031C033130D9C342A100841315
:100C90000FDBC3441400382CA1400A0C2001C145CD
:100CA000C4C7E078C340A100E41DE07F0080E07885
:100CB000C340A100081EE07F0080E078C3402041CF
:100CC0000000E07EC34020410000E07EC343A1005D
:100CD00099120F08500115085100178B03F0008B73
:100CE000C1B800A9001A8500E07F0C70FAC2FC1C94
:100CF000C8B6ABC141C0B6D8291C023001C0AD7026
:100D00004024423A1CE07ED96C710A1C4233081C14
:100D100044331B1C4233620AA00140C02A0B2FEC53
:100D20000AD800C04024423A7ED96C714A0AA00118
:100D3000291C4233120B2FEC0AD800C082C22C703F
:100D40004A0B20016C73147022DD09F40A148130FF
:100D50001F09F00C8C21028821DD4A040200001ECC
:100D60004370A100F01DC340AB437B1408F0C340A7
:100D7000CB4185EB001E4370A100E01DCB45A100D7
:100D80000012ED700E70CD70001D4210AC1D0010F1
:100D90004F2040212B1C023000C04024C23A50D9C1
:100DA0004A2340000E1CC233CE09A0010C1CC433E0
:100DB000960A2FEC0C7100C083C255D9CE0A2001CF
:100DC0006C730E1480304620BE8747C0F2F307C014
:100DD0002908350883C200C052D9B20A20016C73B9
:100DE00000C00E148E3083C253D9A20A20016C7346
:100DF0000E14803008BE057E142500140671950877
:100E000034A8501884037A1500116C1510118C1534
:100E100003116A150C116E150F117015011144C0E4
:100E20007C150011CB43000000080FDA5320D122BB
:100E3000DB43FFFF00F008BA29BB412CC4110C2191
:100E4000C0A245C004278E102F782F27070328BC87
:100E5000C5BB84240400C021C626D860901DC210E2
:100E60007C238E040224031148318C204129D401B3
:100E700041291202412801218015051182A5EF7C2C
:100E80004479483383003C6404C178150811741513
:100E9000091149C3402B03110423430172151E118C
:100EA000761506111725D600842404202F7B05C152
:100EB0004128D51102220F254129D21141280212C1
:100EC000412914128425042084220420981D8213B1
:100ED000C344803B0000412ECE31412E13322F21DE
:100EE0008727412ED701412E18022F268731022253
:100EF00046052F7A022481244836962048379510DB
:100F000048318F005024C105717000364120C02047
:100F1000C606842604102F20472202238923842713
:100F200004200131930FB84100004830810009C00E
:100F30002F2507020220C835DB41803800004831E8
:100F400089104836940048308E105024C80500316E
:100F5000121100300902003440268A273C308C27C9
:100F600002800130880FD1B817B704C0C027C60768
:100F7000717400364B1600374E1604C727B884200C
:100F8000040028BF104F24A5C024C6168C2102A03F
:100F9000C3414844000048308000C021C6278C254A
:100FA00002800730540005C0C025C6078C2602B059
:100FB00005C7C026C6378C2002A027B8C020C62788
:100FC0008C23028028BF84200400C023C6078C2203
:100FD0000280104FC022C607483787004830800083
:100FE0004833830048328200003506210737870FD7
:100FF000A04000003C1DC014201D8014181D80114D
:10100000141D401207304F00381D0012341DC0124D
:10101000CCA5441D001507335500041DC01107322F
:101020004000F3A548319120483585000031012169
:101030000035820F003D00000131810F233C0AD7AB
:101040004BA507C248369E304830902027A5003671
:10105000813F003D00000030832F003D00004834F8
:101060008C1083A52AA569A5401D40152F0A3508B7
:1010700012A580D81B1C023000C04024C23650D9B3
:10108000F60E60016C71C340A10094120018800F2D
:101090001300F8F6B60E2FFF01C000C082C22C75F7
:1010A000EA0FE0006C7300168070A100E01D07E8F5
:1010B0000A1480304520C0010AF000168070A1009B
:1010C000F01D08E80A1480308520010C1B1C02303A
:1010D00000C04024C2362C759E0E60016C71001653
:1010E0008070A1009A12AD70001E4273A100B01270
:1010F00091E800160070A100E41DC34114007C2C8F
:10110000F60D200101C2001E0270A100E91DAE0D06
:10111000000101C001C14E80607A0C7001C0B9109D
:101120008100C6B90E0DAFECB91842007A0BAFECD6
:101130000846004215D8F60CAFECC141001E007005
:10114000A100F81DC340E73B47AB001E0070A100A3
:10115000A012001E0070A1009C1200C0C342803A81
:101160005B9EC341EB3BF61B001E8070A100A812E2
:10117000001E4070A100A41288C22ED96C73221CDC
:1011800042330A0FE000201C4433221480304024F4
:10119000823A2ED987B82A1C023000C0DA0D6001CD
:1011A0006C71A140ABC004141B34DAC6FAC2FC1C3B
:1011B000C8B6ABC141C0B6D8291C023001C0AD7061
:1011C0004024423A1CE07ED96C710A1C4233081C50
:1011D00044331B1C4233A20D600140C06A0EEFEB8A
:1011E0000AD800C04024423A7ED96C718A0D600151
:1011F000291C4233520EEFEB0AD800C082C22C7079
:101200008A0EE0006C73147022DD09F40A14813038
:101210001F09F00C8C21028821DD4A040200001E07
:101220004370A100141EC340AB437B1408F0C340BD
:10123000CB4185EB001E4370A100041ECB45A100ED
:10124000D012ED700E70CD70001D4210AC1D00105C
:101250004F2040212B1C023000C04024C23A50D9FC
:101260004A2340000E1CC2330E0D60010C1CC43317
:10127000D60DEFEB0C7100C083C255D90E0EE00005
:101280006C730E1480304620BE8747C0F2F307C04F
:101290002908350883C200C052D9F20DE0006C73F2
:1012A00000C00E148E3083C253D9E20DE0006C737F
:1012B0000E14803008BE057E1425001406719508B2
:1012C00034A8501884037A1500116C1510118C1570
:1012D00003116A150C116E150F117015011144C020
:1012E0007C150011CB43000000080FDA5320D122F7
:1012F000DB43FFFF00F008BA29BB412CC4110C21CD
:10130000C0A245C004278E102F782F27070328BCC2
:10131000C5BB84240400C021C626D860901DC2101D
:101320007C238E040224031148318C204129D401EE
:1013300041291202412801218015051182A5EF7C67
:101340004479483383003C6404C17815081174154E
:10135000091149C3402B03110423430172151E11C7
:10136000761506111725D600842404202F7B05C18D
:101370004128D51102220F254129D21141280212FC
:10138000412914128425042084220420981D8213EC
:10139000C344803B0000412ECE31412E13322F2119
:1013A0008727412ED701412E18022F26873102228E
:1013B00046052F7A02248124483696204837951016
:1013C00048318F005024C105717000364120C02083
:1013D000C606842604102F2047220223892384274F
:1013E00004200131930FB84100004830810009C04A
:1013F0002F2507020220C835DB4180380000483124
:1014000089104836940048308E105024C8050031A9
:10141000121100300902003440268A273C308C2704
:1014200002800130880FD1B817B704C0C027C607A3
:10143000717400364B1600374E1604C727B8842047
:10144000040028BF104F24A5C024C6168C2102A07A
:10145000C3414844000048308000C021C6278C2585
:1014600002800730540005C0C025C6078C2602B094
:1014700005C7C026C6378C2002A027B8C020C627C3
:101480008C23028028BF84200400C023C6078C223E
:101490000280104FC022C6074837870048308000BE
:1014A0004833830048328200003506210737870F12
:1014B000A04000003C1DC014201D8014181D801188
:1014C000141D401207304F00381D0012341DC01289
:1014D000CCA5441D001507335500041DC01107326B
:1014E0004000F3A5483191204835850000310121A5
:1014F0000035820F003D00000131810F233C0AD7E7
:101500004BA507C248369E304830902027A50036AC
:10151000813F003D00000030832F003D0000483433
:101520008C1083A52AA569A5401D40152F0A3508F2
:1015300012A580D81B1C023000C04024C23650D9EE
:10154000360A60016C71C340A10064130018800F5B
:101550001300A0FC060B2FFF01C000C082C22C7537
:101560002A0BE0006C7300168070A100041E07E8CF
:101570000A1480304520C0010AF000168070A100D6
:10158000141E08E80A1480308520010C1B1C023050
:1015900000C04024C2362C75DE0960016C71001653
:1015A0008070A1006A13AD70001E4273A100801309
:1015B00091E800160070A100081EC3411400982C89
:1015C0003609200101C2001E0270A1000C1EEE08A7
:1015D000000101C001C14E80607A0C7001C0B910D9
:1015E0008100C6B94E08AFECB9184200BA0E6FECD4
:1015F000084600420C753608AFECC141001E007071
:10160000A1001C1EC340E73B47AB001E0070A100B9
:101610007013001E0070A1006C1300C0C342803A1A
:101620005B9EC341EB3BF61B001E8070A10078134C
:10163000001E4070A100741388C22ED96C73221C46
:1016400042334A0AE000201C4433221480304024F4
:10165000823A2ED987B82A1C023000C01A096001CC
:101660006C71A140ABC004141B34DAC6E8C3AAC134
:101670002845084784C02C709E0BEFEE18DACB4645
:10168000A100E01D330FB4100C704D0F30140C701E
:101690008C270290CC27829F0000FF000BF40C7473
:1016A000720AAFFFA14107E80C70A1410E0EE000E5
:1016B000E3A60386C8C7A1415A0AAFFF081E43101C
:1016C00006E80C70A141F60DE000E3A60386081EB3
:1016D0000310C8C7208E834206B202B240C00E1C5F
:1016E00002304E0D20010C75CB47A100E44183C2AE
:1016F0006C7300419609E000E1400C70160AAFFFE0
:10170000A1410C742C713609AFFFA142208E220D2D
:1017100020010C7570DA40251017071C8230402418
:10172000C2316C7100415208600102401A09EFEBAE
:101730000C71208EFA0C20010C7508464024C23131
:101740006C710240C14132086001071C4331FA0844
:10175000EFEB1ED880C0FE0EEFFEA14191E805140C
:1017600080301F0871014024C2316C710240C141B8
:1017700006086001071C0332CE08EFEB0C7480C032
:10178000D20EEFFEA14192E8051480301D08F10150
:101790004024C2316C710240C141DE0F2001071CA0
:1017A0000331A608EFEB10D880C0AA0EEFFEA141CE
:1017B00088E8051480300D0831010C718A08CFEBE0
:1017C00084C10DD8860AE000A14260DEB6E884C17B
:1017D0000BD87A0AE000A142B0E884C115D86E0A9D
:1017E000E000A142AAE884C113D8620AE000A14245
:1017F000A4E882C260D96C73E1400A1C03308E08F1
:10180000E000081C05300A1480304024823260D980
:101810006C2000010A1C02306C715E0F2001E14057
:101820002608EFEB0C710E14803011087100CD7298
:101830000C71E208AFFFA14109C208C08C704830AA
:10184000C1024832C0022E7A0E7BC1419E08E000E0
:10185000A1404E850C70607AA14110D8C8C7E078CD
:10186000E8C3AAC12845084784C02C70AA09EFEE36
:1018700018DACB46A100041E1D0FB4100C702F0FF8
:1018800030140C708C270290CC27829F0000FF0040
:101890000BF40C745209AFFFA14107E80C70A14191
:1018A0001A0CE000E3A60386C8C7208E834206B266
:1018B00002B240C00E1C02308A0B20010C75CB47CF
:1018C000A100A44283C26C730041C20FA000E1409A
:1018D0000C701609AFFFA1410C742C71CA0F6FFF79
:1018E000A142208E5E0B20010C7570DA4025101786
:1018F000071C82304024C2316C7100417A0E2001F5
:101900000240460FAFEB0C71208E3A0B20010C7594
:1019100008464024C2316C710240C1415A0E200178
:10192000071C4331220FAFEB1ED880C0920DEFFE93
:10193000A14192E8051480301D0871014024C23194
:101940006C710240C141320E2001071C0332FA0EB5
:10195000AFEB0C7480C06A0DEFFEA14191E8051455
:1019600080301F08F1014024C2316C710240C14136
:10197000060E2001071C0331CE0EAFEB10D880C03D
:101980003E0DEFFEA14189E8051480300B083101BE
:101990000C71B60E8FEB84C10DD8DE09E000A142B8
:1019A00060DEB7E884C10BD8CE09E000A142B1E8FF
:1019B00084C115D8C209E000A142ABE884C113D8A4
:1019C000B609E000A142A5E882C260D96C73E1408B
:1019D0000A1C0330B60EA000081C05300A14803023
:1019E0004024823260D96C2000010A1C02306C71E4
:1019F000860D2001E140520EAFEB0C710E148030C9
:101A00000F087100CD720C71DE0F6FFFA14109C28A
:101A100008C08C704830C1024832C0022E7A0E7B5A
:101A2000C141CA0EA000A1404E850C70607AA14150
:101A300010D8C8C7E8C3A1C108450C70D60E6FFF07
:101A400028471470CB46A100E01D85F29C170110B9
:101A5000A0170010C3424843000004314083CA2548
:101A6000451004350090CA2505100435809052F6C3
:101A7000C340C84200000435009054002B000435D8
:101A800080904C0026002C7101A6AD74004205F038
:101A900041A62C70AD73C340A10099120088510873
:101AA000B0000E708BE80132830F48C30000BFBB4B
:101AB0000433808F833A6F129AF70432808F484341
:101AC000000055F7304094E80E7112F0C3424842CE
:101AD00000000435809082002B00043500907A00CD
:101AE00026002C7241A6AD75D7F13040F60BE00010
:101AF0000916C010218602310000BFB80430808F63
:101B0000833A6F124A000C00B20BE0000916C010B5
:101B1000FA0BE0000916C010A14002411E0D6FFF34
:101B2000E142208E0A0920010C7500413C4F4024FF
:101B3000C2306C718C70AC70520C2001031C0331EC
:101B400016092001E1400C70A209E000E141081EE5
:101B500003100186C8C7C340C84100000435009087
:101B600088F60435809046F701A62C73AD7690F187
:101B7000C342484100000435809089F60435009046
:101B800045F741A62C7307DD87F1C340C84000002C
:101B90000435009088F60435809046F701A62C7332
:101BA00008DD76F1C342484000000435809089F694
:101BB0000435009045F741A62C7309DD6DF1C34251
:101BC000C83F00002C730ADD41A667F1E8C3A1C13C
:101BD00008450C70120E6FFF28471470CB46A10009
:101BE000041E83F29C170110A0170010C342484343
:101BF000000004314083CA25451004350090CA25F1
:101C000005100435809052F6C340C84200000435E8
:101C1000009054002B00043580904C0026002C715D
:101C200001A6AD74004205F041A62C70AD73C3400F
:101C3000A100691300885108B0000E708BE80132D2
:101C4000830F48C30000BFBB0433808F833A6F12F9
:101C50009AF70432808F4843000055F7304094E8EB
:101C60000E7112F0C34248420000043580907E009D
:101C70002B0004350090760026002C7241A6AD752D
:101C8000D7F130405E0AE0000816C010218602310C
:101C90000000BFB80430808F833A6F124A000C00F6
:101CA0001A0AE0000816C010620AE0000816C01008
:101CB000A1400241F20B6FFFE142208E860FE0004F
:101CC0000C7500413C4F4024C2306C718C70AC707C
:101CD000BA0A2001031C0331A20FE000E1400C709E
:101CE0000A08E000E1410186C8C7C340C8410000BE
:101CF0000435009088F60435809046F701A62C73D1
:101D0000AD7692F1C342484100000435809089F6D7
:101D10000435009045F741A62C7307DD89F1C340D7
:101D2000C84000000435009088F60435809046F7DE
:101D300001A62C7308DD78F1C34248400000043549
:101D4000809089F60435009045F741A62C7309DD93
:101D50006FF1C342C83F00002C730ADD41A669F150
:101D6000E4C3CB44A10099124F08B002A1C15B08A3
:101D700050019308710023D8570AB400CD70A08990
:101D8000031C8233021C8233001C843340230E0761
:101D900080C22C746C73C140F20AA000B7AC350D40
:101DA000D0103B0D5010430D9010A6ED0214803062
:101DB0004620000C1EF000892D837920000001AC24
:101DC000607960401FF020890C70C1B920ACC4C795
:101DD000021480304520000C0CF0021480304620A4
:101DE000000C84B806F0021480304620000C85B840
:101DF000031C02304024C2302C746C717A0920011B
:101E0000C1400C70C4C7E0786A24801251248093CA
:101E1000E020820F1300C013CB44000046003E793F
:101E20006A24801251248093E020820F130028142A
:101E3000CB44000047003E796A24801251248093ED
:101E4000E020820F1300E413CB44000044003E79ED
:101E50006A24801251248093E020820F13008C1496
:101E6000CB44000045003E79F2C394242F3AC3408E
:101E7000A000307E2E0C20001042CB47F000340032
:101E800003E850D92DF0CB4614000042008E1EE826
:101E9000AD70D341140004420A20802F1400184270
:101EA00004110224041001240024833F00003006A2
:101EB0008A240800060C200042402708320058D926
:101EC000008EA571DD0D04904FD840C081C180C245
:101ED0004240BA0B20004024143106E857D934AFF1
:101EE00015AFD2C74A22002000C0930A05205A220B
:101EF0000E25302480231D78060A6FEC1043084518
:101F00003BE80785B9E881C01E66028634151110CA
:101F10000E09200030151010104506092000038618
:101F2000043040A54C706C70CA236900043080A056
:101F3000A241C5F774700241BE71043100A0CA20ED
:101F40004904043580A0D1F7043040A005F25021A7
:101F5000FE8703F22CA5043100A00FF25020FE876B
:101F60000BF20DA509F059D814AF161FC21455AFC6
:101F7000198D87B819AD4671B8F1C340A100084A60
:101F8000860D0FFCD2C7E0786A248012512480931A
:101F9000E020820F1300AC17CB44000043003E79D1
:101FA000ECC38224183C4FD840C081C1C340A0007C
:101FB000307EDA0A200080C202E8CCC7760E0FEC31
:101FC000E60C2FEC104210414A27001000C0EF0F22
:101FD000259081C05A270D15A06026096FEC1D7849
:101FE00008461BE8078699E881C0B8601010100108
:101FF0004A25001015086E23A14042412E0E2FECF9
:10200000224208E8078886E8A571ED0D149805F0CE
:10201000198E87B819AEE571DAF1E0786A2480127A
:1020200051248093E020820F1300D417CB4400008A
:102030004B003E79E6C22846460D2FFC0845188D18
:102040006308730842200302970B35051472C341DD
:10205000A1001018C342A100A0182520C00015F04F
:1020600051F0E4F05DF0E2F0E0F0E0F0DEF0DEF000
:1020700065F077F0DAF083F0D8F0D8F0D6F0D6F04B
:10208000D4F08BF097F042868B856A8500820CA194
:1020900001820DA102820EA1038291A170A10FA164
:1020A000C4F0A1E0C342A100201993F2A4E0C3410F
:1020B000A100E8189BF2A7E0A9F2ADE0B6F42286F1
:1020C0008B856A85008100A2018101A2028102A2A2
:1020D000038103A2048186A265A204A2A6F0A6F44D
:1020E0002286CB85EA85C340A10010184181628118
:1020F00083812081C5A0E4A020A083A062A041A08C
:1021000094F042868B856A85008206A1018207A130
:10211000028208A103828BA16AA109A186F04286EE
:102120008B856A85008212A1018213A1028214A10B
:10213000038297A176A115A178F042868B856A85E6
:1021400000821EA101821FA1028280190000038269
:102150008C1900038819C0008419000066F04286BB
:102160008B856A85008218A1018219A102821AA1B9
:1021700003829DA17CA11BA158F022868B856A85D4
:10218000008100A2018101A2028102A2038185A235
:1021900064A203A24AF022868B856A8500810CA284
:1021A00001810DA202810EA2038191A270A20FA251
:1021B0003CF022868B856A85008106A2018107A2F8
:1021C000028108A203818BA26AA209A22EF02286B4
:1021D0008B856A85008107A2018108A2028109A27C
:1021E00003818CA26BA20AA220F042868B856A85AD
:1021F000008207A1018208A1028209A103820AA12B
:1022000004828DA16CA10BA110F042868B856A859A
:10221000008200A1018201A1028202A1038203A126
:10222000048286A165A104A14A2700105B0FF51363
:102230000C705A270E1E3226801FA100881923E831
:10224000720D2000E140BA0E0FEC1DE855801BEA2C
:10225000298819E9C341A1008919788D2C66270BBB
:1022600021033E66228E8DE92A85618E2AA02B8568
:102270002BA0C341A1001018607A62AE228E0969BA
:1022800002AEE571D4F1C6C66A248012512480934F
:10229000E020820F11002C69CB4400004D003E79F4
:1022A0006A24801251248093E020820F1300AC2A0C
:1022B000CB4400004A003E796A2480125124809366
:1022C000E020820F11003475CB4400004C003E79B1
:1022D000788860428022BD03270A74034A6B0F0A84
:1022E00015081F0E8F700583C1824223020989E2FF
:1022F000E020CD078A23480211238080E07C1080F3
:10230000E07F00A16A24801251248093E020820F94
:102310001100F47ECB44000033003E796A24801221
:1023200051248093E020820F11001080CB440000E4
:102330001C003E7907213E80260024001A610722F6
:1023400001002F2646F01A002300BF20FF0FC341D3
:102350000000FF7FC342FFFF008014703C72E07FEB
:102360004E78E07807213E801E0024001961072185
:102370003E8016002300BF20FF0FC341FF7FFFFFF9
:102380001470C0216100E07F2040E078F1C005E9D1
:10239000160820005878C3410000FF7F9A0B800088
:1023A000D1C0E07EE1C5004317E9317C717A052A8E
:1023B00000031A200D03A27A5B7A150A2403072171
:1023C000FE800A000300170C851004710721FE80AF
:1023D0000A000400C2C46040C2C41378C2C4E078DA
:1023E000E8C2504028463A0BA00008450847320B87
:1023F000A000C140EC784220412016700128420024
:10240000C3430000FF7F01280104C0BACA22210093
:102410001109E100C77D090D12104C70604109F0EF
:10242000016B0F092400A4782FB84C7079605961B2
:10243000B570CE212B002E78C8C6E078324807212F
:1024400003000722010064792F2646F018002300BC
:10245000BF20FF0FC3410000FF7FC342FFFF00808A
:1024600014703C72E07F4E78EAC205907041504093
:1024700041280D020F7EB04EA60AA000284789E031
:102480000C700EF70926401365B800B7104D001800
:10249000042020970C71314E00194420CAC6E07800
:1024A000E6C3A2C1BF8040200E07284780C27CD966
:1024B0006C72DA0B6000C1400114803038150610D0
:1024C0004024423050200100011C4230071C0230E1
:1024D0007CD96C718C70AC70C60AE000C14040249D
:1024E00042312FD96C71C1408E0AE000051C433087
:1024F0000E85560B6FEB4830C00280C23ED96C731C
:102500008A0B6000C1400214803001148230F570E3
:102510008A213E00C6B8C5204200051C8230061C38
:102520000230402442313ED96C724E0AE000C14074
:102530000E85160B6FEB4830C0023815061040248C
:10254000C2317CD96C718C70AC70560AE000C1400D
:10255000C6C7E078E6C3A2C1DF8040200D07402453
:1025600082317CD96C72260B6000A1400714803048
:10257000381606104024C231A0B8071C02307CD99E
:102580006C718C70AC701A0AE000A14080C22FD927
:102590006C71A140E209E000001C83300E86AA0A9B
:1025A0006FEB4830C002C341A100701E0091E28968
:1025B0004389639160C0248928B8956F06BA532077
:1025C0000F0144240018021CC23028BB84220100E1
:1025D000E57807B9C2BB45788523020C2578031C32
:1025E000C230011C023080C230D96C748A09E0000C
:1025F000A140402482317CD96C72920A6000A140D3
:1026000007148030381606104024C23180B8071CE9
:1026100002307CD96C718C70AC708609E000A140EE
:10262000C6C7E078E1C580986C7090BB354B2C7CB8
:102630004C7D7D7B99653B6330BB60B0C2C4E07864
:10264000E1C5618048310C00483381000731040343
:102650002080028048318100073107034830800024
:1026600007300603003401010037C001013041008A
:1026700000368001013101000431808F10400000DC
:10268000B400260065D80431808F803E0000A80089
:102690002C006C700437C080E844D224EC1704345A
:1026A000C0800A230011D223EC170434C0922C708E
:1026B0008941CA216500CA21C5120436C0800A209A
:1026C0008011D220EC1704310092CA21A500CB451D
:1026D000663F666629097000043340939BE9043421
:1026E0004093540005000434809F8C3FCDCC4800BB
:1026F00029000437C080001A430019F09CF7043306
:10270000809F8C3FCDCC18F6011A43000434C08062
:102710000DF00430409390F70430809F8C3FCDCC77
:102720000AF60436C080021A43002C770C70CA21C6
:10273000660023AAC2C4E0786A24801251248093E0
:10274000E020820F1100B49FCB4400001B003E79B3
:10275000C340A100BC1EE07F00184300C340A1009D
:10276000CC1EE07F001843006A248012512480931D
:10277000E020820F110084A1CB4400000A003E79C2
:102780006A24801251248093E020820F1100F4A368
:10279000CB4400000B003E796A24801251248093C0
:1027A000E020820F110004A4CB4400000D003E790C
:1027B0000F08D5033220800FA100B441E07EE07FF6
:1027C000FFD8E078E2C20844660920000C74208437
:1027D000A18448314102307948310B000435C09260
:1027E00089F64E09200012D8483541123079483117
:1027F0000B00A2840435C09289F63609200010D857
:1028000048354112307948310B00A6840435C09216
:1028100089F61E09200028D8483541123079483100
:102820000B00A7840435C09289F60609200036D82B
:1028300048354112307948310B00A8840435C092E4
:1028400089F6EE08200034D84835411230794831F5
:102850000B00A9840435C09289F6D608200048D818
:1028600048354112307948310B00A3840435C092B9
:1028700089F6BE08200016D8483541123079483113
:102880000B00A4840435C09289F6A608200024D841
:1028900048354112307948310B00A5840435C09287
:1028A00089F68E08200022D8483541123079483107
:1028B0000B00AA840435C09289F6760820004ED811
:1028C00048354112307948310B00AC840435C09250
:1028D00089F65E08200042D84835411230794831E7
:1028E0000B002B840431C08284F6460820005AD89D
:1028F000C2C6E0784A2440730A22800FA100201F3C
:10290000A8208001298A0D0900000AE2E07F0C70EE
:10291000C340A100A41F008004E80192209204F0AB
:102920000392229210B8E07F2578E0784A24407321
:10293000C341A100281F1D7B0A224000A82080015E
:10294000018A0D0B00000AE2E07F0C703F813470B9
:10295000E07CE07F008AE078EAC3A5C1284608450C
:10296000C708300023DFC30E3010A140FE0DEFFF7B
:1029700068151010388D1041ED70101CC4333909E2
:10298000750643C7310E4E70400170A002864E1589
:1029900083100380483040020F7A1D0BA000AC70FA
:1029A0002C1504106A854E1D02102C76560F20003F
:1029B000A140388D0B69730895076F0E0E706C3649
:1029C0001F36C342FF4600FE003081204831002000
:1029D00007310900028680C3CB4400C700004024B1
:1029E00008332080C18002806D7040C141C642C062
:1029F000310BF51083C100830031011040400431D8
:102A0000808020A306F6043100838140CA2046005E
:102A1000041B10004830C002657102181410EAF15E
:102A20009A0E2000A140E140CAC7E078E8C3A2C1E5
:102A30006D811040C34050430BD74C812E81003331
:102A4000030000320200003100004833C1028B4411
:102A500021B4C341A10008174832C2024830C00265
:102A600040210D0340B402B480C2020EAFFBA1406E
:102A70009E150111AD70C2B90969150875014C7038
:102A80000021800FA100A841FF108280CB46A10049
:102A9000F81E018E2B08A00040AE09E8226E00A9A6
:102AA00002401A0E2000A1A9408E0AEA226E0240BE
:102AB00041A90A0E2000A0A9408E03F04C700C70B2
:102AC00041AEC8C7E8C3A2C128460845147023D840
:102AD0005DF2BB0E10101A85CB47FF4600FE00309A
:102AE000D0038A0CEFFFA1404830000007300820D7
:102AF00082864A24C07080C1C34300C7000081425F
:102B0000A820C005041200042846E141003000104E
:102B10000430C0806F230B100430C08305F65123AE
:102B200000907C7000414831C002226E00B60384E0
:102B30004E158110483040020F7A1B09A0002C76F8
:102B40002C1504106A854E1D0210AC70B60D2000C5
:102B5000A140C340A100BC1E2088809683426192A0
:102B600040928BE92290130A410024900B0B410004
:102B70002690190C401042B00018030064B086B0D3
:102B800080C13A0D2000A1400C70C8C7E8C3A2C1A3
:102B900028460845147023D85DF2BB0E10101A8524
:102BA000CB47FF4600FE0030D003C20BEFFFA14031
:102BB000483000000730082082864A24C07080C157
:102BC000C34300C700008142A820C00504120004CE
:102BD0002846E141003000100430C0806F230B1004
:102BE0000430C08305F6512300907C7000414831C9
:102BF000C002226E00B603844E1581104830400298
:102C00000F7A1B09A0002C762C1504106A854E1D26
:102C10000210AC70EE0C2000A140C340A100CC1EFD
:102C2000208880968342619240928BE92290130A19
:102C3000410024900B0B41002690190C401042B02B
:102C40000018030064B086B080C1720C2000A1405F
:102C50000C70C8C7E4C3A2C128460845147023D825
:102C600031F231EE22864E15831004814830400245
:102C70000F7A1D0BA000AC702C1504106A854E1D38
:102C800002102C767E0C2000A140228642816181B8
:102C90002381C340A2453DF8003202000033030007
:102CA000003100004833C1024830C0024832C2023D
:102CB000834321B300B380C1A140020C200042B382
:102CC0000C70C4C76A24801251248093E020820FC4
:102CD00011003CAECB44000032003E796A248012E1
:102CE00051248093E020820F110094AECB44000069
:102CF00031003E79C342F000400280D808A20C8225
:102D00002F2605F0E020C4072F277F006F233F0008
:102D10000482A7B804A22F267F00E07EE8C3A2C1E8
:102D20002846504008454024813181C240248330E8
:102D30003A0FAFFFC1409B0830000C7004140731FC
:102D4000629E06144031419E249EE09E0616491163
:102D5000AC7142274B001E230E0469682F240880A3
:102D6000002DC002041506100E78002DC3001E664B
:102D7000CA232100022ECE11021408316E7BC076C8
:102D8000DB631E220204022B030142205E101E2779
:102D90000B146C791A2349028085002D8F07EE7F72
:102DA0001A626170022AC201F96121770228C0010A
:102DB0009A6202290C02022F011238609A6200A561
:102DC000C3410000FF7F60406E09600041A5C8C795
:102DD000F1C04089C341A100141FC2BADE0A20001D
:102DE00040A9D1C0E07F0C70F1C0C341A100141F05
:102DF000CA0A0000D1C0E07F0C70E078E4C2CD7058
:102E0000410E55135A268012CB45A100201F1D6587
:102E1000EE0AEFEB088D4128010400B521B50AE860
:102E2000C341A100A41F00810F20800300A108F06E
:102E3000CE0AEFEB098D02B530B803B5C571E2F1EA
:102E4000C4C6E078E4C3A1C128459DE8098D1BE80C
:102E5000CB46A100E01D088E95E8620E8FFE258608
:102E60006079A140208ECA0D60000C7500413C4D78
:102E70004024C2306C718C70AC701209A000031C2D
:102E80000331C4C7F41CC8B79E7860814181228198
:102E9000BE788B4424B481C143B4220A200062B4BA
:102EA0000C141F34E07F0C70E4C3A1C1284503E873
:102EB000C4C7CA0F8FFECB46A100041E25866079C9
:102EC000A140068676E80988F4E8208E760D600039
:102ED0000C7500413C4D4024C2306C718C70AC705C
:102EE000AA08A000031C0331C4C7E078E2C2C340B3
:102EF000A100E81D0088284502E8C2C6DA09CFEB28
:102F0000A20D2000A142C2C6E2C2CE09EFEB2845C5
:102F1000920D2000A142C2C6F1C0C3411400C82CCA
:102F2000120BAFEE0DD8C3411400202D9A0BAFEE5B
:102F30000DD8D1C0E07EE078F1C048440042147260
:102F40000C7012F2490A510045093401001B0501B9
:102F5000C341A100E21E208903AC02AC01AC0C719C
:102F600020AC16F029093402001B050207AC06ACA0
:102F700005AC04AC03AC02AC01AC00ACC341A10095
:102F8000DC1E4C764E0C2FE081400C71D1C0E07EEF
:102F9000F1C048441D08B0006C702D08510029098B
:102FA0001401408CC341A100E21E6C7140B10CF0D1
:102FB000150934024C76C340A100DC1E160C2FE02C
:102FC00081416C71D1C0E07F6040E078E4C3ADC165
:102FD0002845084680C02C703E0A2FEE34DA1F0DBB
:102FE000B4108C250290CC25829F0000FF000DF4C8
:102FF000C3404843000042C003F0081C013080C1B8
:103000009E0F2000C140C4C76A24801251248093BF
:10301000E020820F13007055CB4400005D003E7924
:103020006A24801251248093E020820F1300885577
:10303000CB4400005E003E79E2C3A1C128450041B7
:1030400040244230C340A100E441420820006C7398
:10305000031481308A207F0AB171CA202100C2C7BF
:10306000E2C3A1C12845004140244230C340A10031
:10307000A4421A0820006C73031481308A207F0A4E
:10308000B171CA202100C2C76A24801251248093E2
:10309000E020820F13008C57CB44000028003E79BB
:1030A0006A24801251248093E020820F1200804C09
:1030B000CB44000029003E796A2480125124809379
:1030C000E020820F1200E800CB44000018003E7997
:1030D0006A24801251248093E020820F1200A40100
:1030E000CB44000017003E796A248012512480935B
:1030F000E020820F12000C6CCB44000016003E79D9
:103100006A24801251248093E020820F12009805D7
:10311000CB4400001D003E79F1C0C341A100F81E60
:10312000408908EA247241A9920FEFFF00190300B9
:10313000D1C0E07F0C70E078FAC2FC1CC8B6A3C115
:103140000A26C0210A2780210A2040310A210031A5
:1031500078431040AE712E7040241231ED70CD7066
:10316000001C8030B670CA4500C0CA25C1150A24AB
:103170000026209D0A234026CA24C126CA230120F6
:1031800081C08C70AC70CC7082426243001A4024C3
:1031900036082000081C4034219D1E6681C08C70BA
:1031A000AC70CC7082422208200062431F67B67068
:1031B000AE70DAF50418C02300188023A3C00414ED
:1031C0001B34DAC6EEC208461E224000AD70304203
:1031D0008DBD2186B8604EB80A2180210A20402189
:1031E0000A2300218209AFFF68471E278114084780
:1031F0000086B9617209AFFF4EB91A270114B9618F
:103200006609AFFF4EB91E23812401A6B8611A27B3
:1032100041144EB8B9615209AFFF4EB900A6C3417F
:103220000000FF7F120D2000E140CEC6E1C580986E
:103230006C708FBB354B2C7C4C7D7D7B99653B63E3
:103240002FBB60B0C2C4E078E6C3A6C1161C023032
:103250000C7040220F0748462845141C043044C017
:103260004024823560D96C71E1400E0D6000171C5E
:103270000331D60DEFEA0C71C340A100E01D208898
:10328000AE0960000C754024C2356C710041EA0C37
:103290006000E140B20DEFEA0C7684C0B60B2FFE61
:1032A000C141D1083100084615148030C5083101EC
:1032B000CD70CD7080C231D90EDBE1400C1C84335F
:1032C00042C641C6C60DEFFF40C606148230161432
:1032D00080300514813007148C30031483300214BD
:1032E0008B3021C708BA6BB810BC08BB596157684E
:1032F0008420830FCB4000FF0000CB418000000002
:1033000010BF617399611D780A260002FB63317159
:103310004578C342A1009C12CA26250031738082E1
:10332000C0230602483383002F2307900034C310C4
:1033300012F2418200264000483080001D0B7011BF
:1033400000320200190B1011290B7110F8DE60A574
:10335000CD7010F061A50EF042A50CF0218500851E
:10336000628543A5023041000233800024A505A5F3
:10337000CD78C6C7E6C3A6C1161C02300C70402229
:103380000F0748462845141C043044C040248235A9
:1033900060D96C71E140E20B6000171C0331AA0C8C
:1033A000EFEA0C71C340A100041E2088960860005B
:1033B0000C754024C2356C710041BE0B6000E140C9
:1033C000860CEFEA0C7684C0F60A2FFEC141D108C4
:1033D0003100084615148030C5083101CD70CD701C
:1033E00080C231D90EDBE1400C1C843342C641C699
:1033F0009A0CEFFF40C60614823016148030051474
:10340000813007148C300314833002148B3021C7B1
:1034100008BA6BB810BC08BB596157688420830F89
:10342000CB4000FF0000CB418000000010BF617363
:1034300099611D780A260002FB6331714578C34209
:10344000A1006C13CA26250031738082C0230602B6
:10345000483383002F2307900034C31012F24182B7
:1034600000264000483080001D0B70110032020021
:10347000190B1011290B7110F8DE60A5CD7010F03A
:1034800061A50EF042A50CF021850085628543A55B
:10349000023041000233800024A505A5CD78C6C7BF
:1034A0006A24801251248093E020820F1200DC09EC
:1034B000CB44000015003E796A2480125124809389
:1034C000E020820F1200F409CB44000014003E7982
:1034D0006A24801251248093E020820F1200040A93
:1034E000CB44000013003E796A248012512480935B
:1034F000E020820F12002C0ACB44000012003E791B
:1035000000438C20C78F24D8E020C9078C23388043
:10351000E020CB078C21C78FE020C9078C213880A1
:10352000E020CB078C22C78FE020C9078C2238808F
:10353000E020CB07E07F0C70E6C3A3C1BF80402032
:103540000E0781C27CD96C72420BEFFFC14005149B
:1035500080303815061080C20B1C0230A0B860C045
:103560007CD96C718C70AC70360A6000C14080C22E
:103570002FD96C71C140020A6000001C43300E85D7
:10358000C60AEFEA4830C00281C23CD96C75FE0A17
:10359000EFFFC140CB44A100641EE09422946194EB
:1035A000039422C260C7849428BF05B9021CC230AC
:1035B00028BB06B8C4BF4421010884220200C2BB54
:1035C00084200100E57907BC657A25784522020E42
:1035D0008578031C8230011C023080C23CD96C7497
:1035E00096096000C1400E855E0AEFEA4830C002CD
:1035F000381506104024C2327CD96C718C70AC70C6
:103600009E096000C140C6C7E4C3A4C1BF8040207A
:103610000E07402442337CD96C72720AEFFFC1401E
:103620000E1480303815061080C20F1C0230A0B86E
:1036300060C07CD96C718C70AC7066096000C14050
:1036400080C22FD96C71C1402E096000001C8330EC
:103650000E85F609EFEA4830C002C340A1007A1E89
:103660002090419082906390049060C1021C82304F
:1036700028B928BA061CC430081C0430011C42308A
:10368000031C823080C236D90ADBC140EA086000E0
:10369000041C04330E85B209EFEA4830C002381525
:1036A00006104024C2337CD96C718C70AC70F20867
:1036B0006000C140C4C7E0786A248012512480931E
:1036C000E020820F1200FC183BDC3E796A24801255
:1036D00051248093E020820F1200146B3ADC3E7973
:1036E0006A24801251248093E020820F1200181A5D
:1036F00039DC3E796A24801251248093E020820FC5
:103700001200B01A35DC3E796A248012512480936D
:10371000E020820F1200541B37DC3E791178E07FE5
:103720001078E078E07F08204000E078E07F092012
:103730004000E07800421071CA224B0085F63278D2
:103740005070CA220900E07F4E78E0782C709EB954
:103750002042107122B93EF72C700CEA5B61707048
:10376000D4218600C220C600412A82803D79F8F526
:10377000E07F3078809861984298897C697B497AAB
:103780009863CD07EFFF58606A248012512480931C
:10379000E020820F1300AC5B0CDC3E79FAC2FC1C0B
:1037A000C8B6ADC108440C724E09AFFF20434CC0EF
:1037B0004609AFFF09D840C03E09AFFF08D841C055
:1037C0003609AFFF0BD842C02E09AFFF12D843C055
:1037D0002609AFFF11D844C01E09AFFF14D845C059
:1037E0001609AFFF1BD846C00E09AFFF1AD847C055
:1037F0000609AFFF24D848C0FE08AFFF27D849C04C
:10380000F608AFFF21D84AC0EE08AFFF2DD8588C7C
:10381000404180213E04110975034BC0210E4F70B9
:103820000000071F40408020FD098BE0F6030D00DB
:10383000112600F00000A70AEA0301002B09750316
:103840008022FD09252040000DF022F022F02EF00C
:103850002CF02CF02AF02AF01EF020F020F022F0BC
:1038600022F00CDD2DF0450A3503AD7025208000D7
:1038700027F00CF01CF01AF018F01CF016F01CF0F9
:1038800014F01CF012F01CF0AD711BF007DD19F004
:103890000DDD17F0AD7415F0AD7513F0AD7611F0C8
:1038A0000ADD0FF00BDD0DF0AD770BF0AD7209F016
:1038B000AD7307F008DD05F009DD03F00EDD0083D0
:1038C0000C13070008130400041305005020FE87A2
:1038D0000A26003032F45025FE8730F45024FE874B
:1038E0002CF45027FE872AF4E4835027FE9726F411
:1038F000C5835026FE9722F42C835021FE871EF4A8
:103900000A835020FE871AF44B835022FE8716F458
:1039100086835024FE9712F41C130B005023FE974D
:103920000CF4201308005020FE9708F4241306001E
:10393000EF705026FE870FF22413060020130800B4
:103940001C130B0086834B832C830A83C583E4837B
:10395000EF715E25091ECB45A100541900214913C2
:1039600024190010604030194010201980131C19D0
:10397000C0131819C01108190011041940110019B9
:1039800080173419C2172C198010281980111419A6
:1039900000121019C012320E6FFF0C1900134A24C6
:1039A000C0732C700E702E704E706E708E70AE7074
:1039B000CE70EE700F702F706F70CD700D706D70D7
:1039C00035190210A82041025A23021E657158655C
:1039D000A2628C806B8004320082CA218900CA20D6
:1039E0008910498004348093CA2609130433C086A1
:1039F000CA23C930688004324086CA218930478092
:103A000004330085CA24C92066800432C084CA23D6
:103A100089204A8004338084CA22C9206580043208
:103A20000086CA20893044800433C085CA27C92053
:103A3000638004328085CA26892042800180043355
:103A40004085CA25C92004324084CA218920043017
:103A50000084CA2009204A24C0736D70A820020582
:103A60005A23031E6C4D686014708DF26D4D6860B2
:103A70003B08F30942200202650A15050C70252057
:103A8000800062F05BF074F04FF072F070F070F054
:103A90006EF06EF04EF044F06AF038F068F068F0C6
:103AA00066F066F064F037F015F000428022BD0346
:103AB000450A5503252080004FF023F052F017F0FF
:103AC00009F024F027F02CF02FF034F037F041F01B
:103AD0003AF0786504800736002048F073089000BB
:103AE00077087008A4E00C7042F478650A8007300B
:103AF00000303CF06D08F009ADE00C7038F47865EA
:103B00000B800733003032F07865038007350020E2
:103B10002CF0786505800737002028F0786507804D
:103B20000733002022F078650680073200201EF05F
:103B3000786508800734002018F078650180073028
:103B4000002014F078650280073100200EF0A06399
:103B5000073100000AF078650C800736001006F087
:103B60007865098007310030483040024025821DC9
:103B70006C620F7A0F0CA0107A65361A0200371AA1
:103B8000030065710CC005E8020CEFFF0CC000C01B
:103B900005E800C0F60BEFFF024101C005E801C0D7
:103BA000EA0BEFFF224102C005E802C0DE0BEFFF87
:103BB000424103C005E803C0D20BEFFF624104C0DD
:103BC00005E804C0C60BEFFF824105C005E805C04B
:103BD000BA0BEFFFA24106C005E806C0AE0BEFFF2F
:103BE000C24107C005E807C0A20BEFFFE24108C0D1
:103BF00005E808C0960BEFFF034109C005E809C0BE
:103C00008A0BEFFF23410BC005E80BC07E0BEFFFD3
:103C100063410AC005E80AC0720BEFFFC1411E0BE9
:103C20004FFFADC004141B34DAC6E078004265B81B
:103C30000B0875013470C0226200E07F4F78E07895
:103C4000004265B80B0875013470C0226200E07F45
:103C50004F78E078E2C2CB45A100E01D0042C341AD
:103C600014007C2C920AEFFF0185660AEFFF09AD74
:103C7000D60BAFEA0C71C2C6E2C2CB45A100041E4E
:103C80000042C3411400982C6E0AEFFF0185420ADE
:103C9000EFFF08ADB20BAFEA0C71C2C6E4C3A1C11D
:103CA000284615E940200D075D78412A4101C3B837
:103CB000031C4230021C0230402482305BD96C72FB
:103CC000B60A2000A14005E8C4C70C77C4C75ED976
:103CD00080DBA140A20A2000C142C4C7EEC3A3C139
:103CE000FF801CE082C27DD96C72A20BAFFF104234
:103CF00009148030381706104024423282B8091C5B
:103D000002307DD96C718C70AC704240920A2000F8
:103D10002E708A2381260E70CD70AD70C340C842CC
:103D20000000EE0AAFEAAB23082E80C20CD907DBF5
:103D30005A0BAFFF42400614813021C302148B306E
:103D40000514823003148C3001148830267108B9B0
:103D500008BB402B0B122F2047044579657C0523B7
:103D6000031214742E788E796E7A002010203E662D
:103D7000AC07E5FF5D654024823241D96C720E0BC1
:103D8000AFFF4240442D0D110B148230442E0E1112
:103D9000AC7D44281021CC7EB9661A200024AD7079
:103DA0003860483080002F3000004830C1028AEA75
:103DB0000021800FFFFF47C18C20CA833C00050013
:103DC000130A51000021800FFFFFA3E08C20C58162
:103DD00094F7150A91000021800FFFFF51F08C200D
:103DE000C2888CF78021200A65D8D1E165DDCA2020
:103DF00025005473CA250110541700168C20028028
:103E0000CC20828F0000FF0011F209148030381797
:103E1000061040244232A2B8091C02307DD96C71D0
:103E20008C70AC707A0920004240A140CEC7E07887
:103E3000F1C0C341A10008179A0C2FFB1C49D1C047
:103E4000E07F0C70E2C2084507800CE82C706E0A17
:103E5000AFFFA1402C703609EFFFA1400C70C2C625
:103E600022D8C2C6F1C0278006E9520AAFFF2C70E3
:103E70000C7003F022D8D1C0E07EE078E4C3A2C188
:103E80006D814C812E810846C34050437FD600335C
:103E90000300CB45A100DC1E00320200003100000F
:103EA0004833C10263954832C2024830C0028B4495
:103EB00040B421B402B480C2C340A100EC16EA0FA2
:103EC0002FFBA141984D2F2607F000A904F2EE091F
:103ED000AFFFC1400C70C4C7F1C0C340A100EC16D5
:103EE000C341A100DC1E62096FFB00180500D1C0B0
:103EF000E07F0C70F1C0C341A100E41EBE098FFF3A
:103F0000D1C0E07F0C70E078F1C0278006E9AE09EF
:103F1000AFFF2C700C7003F022D8D1C0E07EE078A7
:103F2000E07F0C70F1C0278006E99209AFFF2C708A
:103F30000C7003F022D8D1C0E07EE078F1C0278079
:103F400006E97A09AFFF2C700C7003F022D8D1C0BB
:103F5000E07EE078E2C2084507800CE82C705E093C
:103F6000AFFFA1402C702608EFFFA1400C70C2C625
:103F700022D8C2C66A24801251248093E020820F86
:103F80001300FC5D1FDC3E796A248012512480936B
:103F9000E020820F1200804B20DC3E796A248012E0
:103FA00051248093E020820F1200404C23DC3E79A4
:103FB0009BC900000B2A00004C0905000008000006
:103FC0000000000002004E0500AAAA0A000000003E
:103FD00000000000000000000000000000010000E0
:103FE000035400040010004002006F0000003E0077
:103FF00000000340083F0004000103000800000522
:10400000005600002700CB000354000400180040B5
:1040100003006F0000003E000000177A0841000A0C
:104020000000187A0841000A0000FE7A08410007E3
:10403000008D00003900F9000354000400280040FE
:1040400004006F0000003E0000000DFA104400055F
:104050000000FAFA0044004400000D000800000EC1
:1040600000010D000800001100000DA0084200032F
:1040700000280000230057000354000400300040D3
:1040800002006F0000003E0000000380283F000295
:10409000000000000000000000000080003F000061
:1040A000000000000000000000000080003F000051
:1040B000000103000800000600BF00002500870083
:1040C00003540004009800400F006F0300003E00FE
:1040D00000000100080000010000030008000001CA
:1040E00000000200080000010001060008000001B5
:1040F000000006000800000200010700080000019F
:10410000000007000800000200010900080000018B
:10411000000009000800000200122A000800000147
:104120000040FE80180000010040400040100000E8
:10413000080000000080800800FFFE7F187FFF025B
:1041400000FF007F007FFF4FFFFF7F7FFF7FFF7F2C
:104150000140FE4088000003004040804000000015
:10416000008080808000000000404040400000004F
:10417000004040404000000000404000400000007F
:1041800000808080000000000000000000000000AF
:10419000008080408000000000404040400000005F
:1041A000004040404000000000404040400000000F
:1041B00000404040400000000040404040000000FF
:1041C00000404040400000000040404040000000EF
:1041D00000404040400000000040404040000000DF
:1041E00000404040400000000040404040000000CF
:1041F00000404040400000000040404040000000BF
:1042000000404040400000000040404040000000AE
:10421000000040004080800080000000008080801E
:10422000800000000080808080000000008080808E
:1042300080000000008080808000000000008080FE
:1042400000000000008080800000000000000000EE
:10425000800000000080808080000000008080805E
:10426000800000000080808080000000008080804E
:10427000800000000080808080000000008080803E
:10428000800000000080808080000000008080802E
:10429000800000000080808080000000008080801E
:1042A000800000000080808080000000008080800E
:1042B00080000000008080808000000000808080FE
:1042C00080000000008080808000000000808080EE
:1042D00080000000000000800100FE008800000453
:1042E00000120020003CAC00AC122020123CAC3C80
:1042F0000000000000000000CCCDCCCCCD3DCC3D7A
:10430000CC00CC00CD00003D0058008B003AA0004E
:10431000A0588B8B583AA03AAC122020123CAC3CEF
:10432000AC58208B123AA03CA0588B8B583AA03A3C
:10433000AC122020123CAC3CCCCDCCCCCD3DCC3D05
:10434000CCCDCCCCCD3DCC3DCC58CC8BCD3AA03DCA
:10435000A0008B005800003A0000000000000000A0
:10436000000000000000000000000000000000004D
:104370000000000000000000E80A1C1C0A41E8419F
:10438000E8121C200A3CAC41AC122020123CAC3C90
:104390000101000001000100010000000100000017
:1043A000000000000000000000000000000000000D
:1043B00000000000000000000000000000000000FD
:1043C00000000000000000000000000000000000ED
:1043D00000000000000000000000000000000000DD
:1043E00000000000000000000000000000000000CD
:1043F00000000000000000000000000000000000BD
:1044000000000000000000000000000000000000AC
:10441000000000000000000000000000000000009C
:10442000000000000000000000000000000000008C
:10443000000000000000000000000000000000007C
:10444000000000000000000000000000000000006C
:10445000000000000000000000000000000000005C
:104460000001FE000800000A004100000100950064
:1044700005000000B0030000300000004000000014
:104480004800000028000000503E1400983D140031
:10449000C83D1400083E1400703D1400F1C00E0821
:1044A0000000D1C0E07F0C70E4C2AD700A26801F0E
:1044B000A100C01F0086218602790D09720122B970
:1044C0001E084FFFA571F10D349408E6C4C6000024
:1044D000494E4903543B1100E01DA10008010000B2
:1044E00000C262000401C84200FF04090C050A0270
:1044F0000EB4F31302060303C8DE83420F23031630
:104500000F0407100107090F080F1002100500AA79
:1045100000010402000200000500010101009002F8
:1045200016EE06F205808020A216F1020205020EA8
:10453000981B14021C0000C80608B006086AC4E0F4
:104540000208060220F802080328181D14024A0077
:1045500000300208021737880F030F1002100702FD
:10456000040378000014A6130464A82C1408149003
:1045700033D49D13001308D4A71708041B04288400
:104580002A05280312BE08333303060304BD0203C1
:10459000060304BC0903060304BB1103060304BAA3
:1045A0000B33CB03060304B91203060304B81A0342
:1045B000060304B70851B61B03100304CCCCB52482
:1045C00003060304B42703060304B32D0306030400
:1045D000B221030605C00400602005FC8C2B1400EA
:1045E00005000000BCA81300C01FA100EF1C0000C4
:1045F00000B0DA485FA1000F040B1008022010067B
:104600000418020803041C02080B046E0F20021099
:104610000F040310280218030440020803040B5877
:10462000070C0F000000AAEA1102041402041C0285
:10463000040402040502040902041002040F200FFE
:1046400020028002022414057A3D04010000D6FFF6
:10465000F93D0802114010D6FF793E100304103EC8
:104660000000484103500000C84C644106022C027F
:104670001042070408C8420804084843036C02209B
:104680004312900A0510440B0208342337202138C6
:1046900039020A484202341E00410604030C080491
:1046A0000248080004130006090008280080000CD6
:1046B00026000E27000E02322301022901032A01DF
:1046C0000000032501042101052B01050901060451
:1046D000010C00000502000302041C030006060290
:1046E0000706020800000602130606140700C82E7B
:1046F000002E802E65B101080508DB00802EB40273
:10470000802EE3010510120250302008212E59F5A9
:104710001002066AF5802ED702620000014D0000EB
:10472000010022008000001000107900A9F7802EFF
:10473000FC3F00C10F040F100F100F100F100F10CF
:104740000F100F100F100F100F100710FD2D0C5031
:10475000D8B904D506053301010003001801060F7E
:1047600000020901F73F13F80710030812022402A0
:1047700018030B0F040F100F100F100F100F100E57
:10478000101A24010012782E00B02050E77FF67F27
:1047900006320F2E61F50020FE09C0B3042F17303A
:1047A0002F2EA1002D0210F66F0000E76FE05FC80A
:1047B0002E0F800A8202301242410E0000FC2FB8F8
:1047C0002ED152002E604041400DBC98BC4046C0E6
:1047D0002E010A0FB81302FD2D0E6112DC000088B5
:1047E0000615050000E0AA3805E090300400EE064A
:1047F000F2058080160000F102022D01D47B3B01FE
:10480000DB7A04003F7BCD00006CC3048509C30440
:10481000ECE60C4601002700191034009600A012A7
:10482000320C00F03C00122403020C2394320000EE
:10483000004006BC02840700FC3FFC12F95178716D
:104840007D3800100014021C06670C079D00000C48
:10485000FF0F0004C00000005BF598F1D400D30006
:104860001EF219F466F5FF00000064F5A200E000F6
:10487000A500FF7FB4164DE9B544000069EDCF00F7
:104880008A00BE008C008E00FF3FFFFB0008310154
:1048900000380030FDF5D7008002865FFF00400041
:1048A000004D0FEB007FFFC2F568F7470F3B0F414C
:1048B0000F0000600F58F75BF7630F00808600520F
:1048C0000F650F0004B3F15F0F6CF7B9F1C6F10289
:1048D00059FFD1F5670F00006A0FFF0300FCF03F9E
:1048E0000B010E011001B90000002DF5CAF5D5002D
:1048F00020F2B801FF1F802EC00800001D6CAD0023
:10490000590131D10008EE7AE40C12020000B30024
:10491000B4046203C0021FF8E107D307DD01000001
:10492000D901BF01C901CB01C301C201C501E30126
:104930000000A000C801DC01F0004CF703021202E5
:104940000002FC016FF70CED0F0D0F100F100F1090
:104950000810251046300F2EA4F1BE00000980B3C8
:10496000062F0D2E920084AF022F16302D90812E2F
:10497000850086020660F5271A35D2C02E212E4A00
:10498000F1084303000F090A109050F77FE67FD526
:104990007FC47FB37FA17F0000907F827F7B7F9861
:1049A0002EF40000B26E2F012E00001101072E0F11
:1049B00001052E31010FBABFB9A3BC0000DC0A1FEC
:1049C000BA24BC1C0B0FB822BD032E3C0100002FE3
:1049D000B9200A9EBC072E1201820A9FB8BBBD00F7
:1049E00000910A3FB8900A252E1800052EC1F52E19
:1049F000BC02040503AAA20EB83130880407025095
:104A0000180000900305000208830260192FA550CA
:104A10009152982E3D03052E82104000252EA002B3
:104A20003482008090022F123025021201221A2EA9
:104A30000326103005024E012F2102062502120323
:104A40000E80B22001000244C0F5F230020807AA2D
:104A50007330032E840018000022411A052F032E04
:104A600066F59FBC9FB840900C00402FA7520330C2
:104A700053422B3090045B42210222240000BD7E71
:104A8000808184434202420232252E62F5050004F1
:104A90002E94008182052E0A0123020A9750900865
:104AA00001000031232E60F580B20B2FF23E012E63
:104AB000CAF582140108250206055224E03F90023F
:104AC0000C59F5906FB36FC400406FD56FE66FF768
:104AD0006F7B6F826FA16F70328EA0104150807F0C
:104AE000E71644A27F9132BE7B7F002E01024C600C
:104AF0000180144C626F0132910880B20D2F00B218
:104B0000032F04C2008090052FAB560230C142C271
:104B100086002EC24203782000009000300602E892
:104B20008200A950212E5AF2982E006AFFB3F66F28
:104B3000806F916FA20676E70274600270137A208C
:104B40000000301330C23308088B098A083050A2A5
:104B5000B8004440B2F112C8DB7F31120489004131
:104B600090072F0052D889006000032E8800B150B2
:104B7000982ED60380B313203284302008410423BA
:104B80002E9D126E88009156B11282E0B110252040
:104B900020E06F00B20512569D0002301004210281
:104BA0002040B20200060210D200823F0208010A31
:104BB000212ED200DB6F00A0F06FD05F802E95CF4A
:104BC000F06F01309802080302161005803F480874
:104BD0006344890023020EDB0222B82E438625009F
:104BE00000400440D8BE2C0B2211544203804B0ECF
:104BF000F68FFF42A843960B045B689A0134725A01
:104C00002A990F0B0F100F100F100F100F10041018
:104C100000006050D17FF37FE27FC07FBB7F132510
:104C2000982E000074C0C16F00A0B3541022E36F2F
:104C30004240C3881200A03218020F22B230C06F67
:104C40002A2C01424042C4800004D16F4884C140F4
:104C5000834003420330A16FC10F0200042FE06FB5
:104C6000F16F0142002EC1122200AC4340E200006D
:104C70006F10300130082FC29082840122814008D9
:104C800000000090422030092C804281848288C13B
:104C900090000A00430516800234BB6FA05FB82E57
:104CA000078A43817A850000033014304343438BE5
:104CB000934243437E8B680E80009342F72F868099
:104CC0005252DC124201423280002E200004428007
:104CD0002EED12D6910016B802344A0C212E801106
:104CE0002DF5C02E232E9172DE7DAAFD2D3012F8F7
:104CF000BD0E50001032982EFA010030F07F1030B7
:104D0000008212D02E020101029C002E418248A294
:104D1000FB222EA0004090042F25811112BC212ED1
:104D20001900192D33123398C7C1053274F07F80F2
:104D30009000B20E2F91024A4DC303065AC7982E17
:104D400049B4982E4004EC02982EFDB213F81900D5
:104D500001629E00B2042F9828082EE2B32376A1A8
:104D60000212920004AE0B2240A00000B2042A07F7
:104D70002F0350740E00B2022F03328702208742A5
:104D80000A902E60AA1BB1012E950222033C150E3B
:104D9000033C85021C85021212023C0AA0920224E6
:104DA000020256050E092D982E5D0D01424E044259
:104DB00020450407D22142FE012E86022E902E337A
:104DC000024A8600023102129608058A47CB036A1E
:104DD000190082300322031661327A09010344006C
:104DE0000028BD28B905B29B58232F079095520083
:104DF000300000372F15410441DCBE44BEDCBA2C24
:104E000001A20000209B56510F0C2FD24224B9C2A0
:104E10004212425E6AF702909C4354B21022982ECE
:104E20002AB4212D6242A09200030C010103B25A60
:104E3000F5182DE27F503210FA019B5493509000E8
:104E40000042703099528142BE84E16F40B281428B
:104E50000514242F2102B81002202AB4032D603239
:104E60009692000386069002921802E481009754FD
:104E70009352E042287AC122361A402236A5A20374
:104E80003020023016B405EA0502FE1E141E920000
:104E90004208D026023E82029802FC0D2F01901D8E
:104EA00002DC3F52AC9900A1329F5805001288B62F
:104EB000039A9800122D9D58A332104111411800F9
:104EC00040B9044198BC410A940A982ED4B6120203
:104ED0008699902100212ED452789800152A033209
:104EE0008600182D039C03AA4000012F982E2B0E3C
:104EF000030C3F8003A2012F002E02911402864171
:104F00000E30029835B4032C8700059E012236002E
:104F1000B22401000230F5CB052E9300A152020A03
:104F20007C8243862100012ED300E040A354C4229A
:104F3000BE98B9914243BE93000042040A9042E2F7
:104F40007FF0318240F16F95BC1005404258D0028D
:104F5000FAA8CF06BCD26FE16F100A403254C015D8
:104F600050244419029EA0126442B7802E08B0C09B
:104F700094142672046194A0F52F12F20F0204BE5D
:104F800009536C807F80B3D532A6B362B80000119C
:104F90002FAD501A251240427F74821240527F0575
:104FA0008822EE4053826AD6012E61F7013143C652
:104FB00061F78012D2284086000822284022FE098C
:104FC0000117BC96BC0FB863342144002E96120C16
:104FD00001302A0218920044B2052F47B200109007
:104FE000302D2F21026E2B2D032EFDF59E230890D0
:104FF0001402202880FCF599040C0E020C49F1AF34
:10500000544A084090081204218A733A1030032F42
:10501000B35C920010123416142E86000A325A0025
:105020000A69F72DBD2FB980B2010254875230862C
:1050300000E03112042196D8806F57E87B6F916FA2
:105040004052E810514F80E000017F0480D17F542E
:10505000889242A4B47FA37F8B7F1200003001406E
:10506000982EFEC9C26FB16F804285804450008483
:10507000627F700816710246404283804A256F8223
:105080005000007F2F8F717F7A82477F0430BB50A2
:10509000B75AB900045CB5568240377F217FF012C1
:1050A0007667CCD26F3100006F824040428190061B
:1050B0002FA46F706F0B410300008444400B4284A7
:1050C00042418E706F0180A26F7000107F8184500A
:1050D0006F246F0283500EA20846DB2F01000025CB
:1050E000D56F966F3982878D4442478BA57F7600B6
:1050F000107F307FBD88716F1241414024025C16E1
:10510000B73001000240246F516F610E307FF22FE3
:10511000916F438A3D0000884241438B04410B302C
:10512000A20E957F5B7F1600002F42840B308240D9
:10513000A20F5B7F102FA26F4400008A8188454137
:105140000441A50E0430072F45828240008441406F
:10515000824091020E002F1430547F1A2572B01332
:1051600082446FA112D60568440868021606683E9C
:1051700084722E7F7A880504033A740420716FA02C
:105180006F326F002284012884402000241EA04238
:10519000A27F8280916F7B0424907F0726A46F00FA
:1051A00000906F624004410540A228AA1E224202DC
:1051B000840440036F2360982E9103A06F3F800604
:1051C00084131296A2030002540510E46F014002FA
:1051D00081018B40B2042F616F0930524E40402252
:1051E0001800400090D06F022F12078246B16F0462
:1051F000234282051A072FB16F41060C335AED0086
:10520000507270272F0600C0023A0334202F5141FC
:1052100042418A016F8184AF1504002FB502164503
:105220004140B30E2F044100A5012F41010152421C
:1052300000AD0430092F8173D82E062C5430042C75
:1052400080004430022C0430343290ED00042C04F1
:1052500025022C0000003000308B6FF05EB82ECBA2
:1052600050F0501240000006401A256CBE768A7439
:1052700080FB7F68BFCD5600000B30D3084CBA6C62
:10528000BB5B7F4B430B42C0B28080C67FB47FD0F4
:105290007FE52256902EACB3012E90424E00820B39
:1052A0002FC152012E8B009202EABBCC01302302A7
:1052B000160000926FA36F1A2526BC86BA25BC0F74
:1052C000B854B1002000B2967F0C2FC350C5540BC8
:1052D000300BA21CC95800021B429B426C090B42B6
:1052E0002B020E8B427184CF5000225809C7529175
:1052F00050827F750248C2C0010252E56F0800D497
:105300006F739234C152BF5C982E06CD656FA06F4B
:105310000080C35240B304BD5340AFBA4440E17F64
:10532000029200080040B302323EC55C1230934343
:10533000844303BF6FBB000080B3202F466FDE00A5
:10534000566F2603444240910000272E8C00C55220
:10535000142FC55C002E9541864100005D05A6070F
:1053600080AB042F80910A2F966F750F1022072FA4
:10537000956F02562F53424452BE042C111228112D
:105380003081020206BC0FB8D27F0022EC3102D677
:10539000D100232E8A0028080B2C0152508A920C2F
:1053A000D100101A023296D100012D86080172EE4A
:1053B00083DED16FB06F0308E26FBD12148C0082E0
:1053C00040009A5042112C4242103031524090021B
:1053D000420546C06F950E8280B00608002EFB6F16
:1053E0001072D4BD501050D35205729CA200FB2203
:1053F000B6134093D2B0FB4224ED03982E87CF0121
:105400002E1200971270FB6F732669F7B13F0108E7
:105410000130F05F2311010216212E69F278E2B308
:10542000F00244032EFCF5012EC00001F8D554D73C
:105430005682080B021ACB0AD9588090DD0001BEB3
:105440004C085FB959228022120334C308F23A0A89
:105450000004080235C0904A0A4822C08210FCF5B8
:105460001050FB0514127C5673B0C311303030FB62
:105470006F035E9B02B6890021514002FC232E1966
:10548000020C90020CD100B82E03BC2152BC033197
:1054900000020440B21002DE72D630052F052E96AF
:1054A0000080900150002F232E6F826621029C11F4
:1054B000308108012E6AF77180503F23BD01080238
:1054C0000AC36A6AF7302563125A027421470272CE
:1054D000945330037C2AB440024A9200037A032595
:1054E000802E16B4020003C22A00310808F23020D0
:1054F000504A08E17F00B22028FB7F01301562CAC4
:105500009B0001900302689B52F4CAB60010982ECB
:10551000A8CF11304108232EDB019266B41025A0DC
:105520002AFB6FE06FE0A47CE014941112C49B028C
:105530005AE01224505100009154EB7F11300A259B
:105540004D575F5D9540C44000002501D4424D1782
:10555000C4406503D542560EF52F00006357023054
:10556000C640B129E642002EC340C0B200000A2363
:105570004C14710ED47F902EC6B603313153000007
:1055800033555C058A282B8251572D5F2E80DE8C87
:10559000008A3089FF29967F607FC5D216A4D21475
:1055A000777F5112C2000090419241D36FC0B24642
:1055B0007F317F082FD0A00000022FA06F052C1094
:1055C00010C66F96140312020A0020052ED901801E
:1055D00090295540424A2F4152A4D9C020102B5542
:1055E000DB52201286FEC9726F102553B6226FE37C
:1055F000028030030A0FCA916F7686DB522D55D098
:105600004293042205850B1A2F02447980DB5290C5
:10561000041A820F3CCA936F31025A1850D04213B9
:105620000420093A136F355FC042F702AC2242AE44
:105630003100005B33592F5D3157982E67CCB16F25
:10564000022C40020042428680326F8182626F46A5
:105650006F967F4A0EB000107F942FF13D4F55108A
:1056600030536F91220AD9016600006FD14080400B
:1056700001009042091685402802800004429A8069
:105680002955D67FC37FB0026CD9C00530F5000420
:105690007F2025B16F2D592B5D2D045AD66FC36F16
:1056A000B200006F616FA7849043590EDF2F103056
:1056B0008140080000289042D27F02A0272F275562
:1056C000515303309601000254081715306509B58F
:1056D00001C30261B8948CB600C17FBFBD2955C11A
:1056E0007F438290D9C03555F204560BB20080B288
:1056F0006F0330C16FAB84595D934250424EB20C80
:105700002808DB2F8312C0D12200B3C0616FC00212
:1057100090B3C0516F09400398B3C0B2B65208228B
:10572000B26FC16FA07FB352140F0400CAB2021A45
:10573000B3303753982E5ACAD66F023061C0046F07
:10574000D27F907F81021E42454176023E0FCAD22F
:105750006F8100016F10284140926FD00218982E7F
:105760000FCA816F7600106F59555042720EE92FA3
:10577000C26FA1026CFEC910101025B3302112BEF9
:105780000FCA2025615139025216B7C500006F615A
:10579000513B5D1240750531301186535DC10000EB
:1057A0007F150F0040082F3F8000A8212EC901005F
:1057B0002018300A2F9043B2F243018003A0031255
:1057C000C2122F914300028043002E3D55006F828C
:1057D000C256F06E3F55020F2000142FE16EC30237
:1057E0008E74C0C36F41550130C17F0000C20F0AE3
:1057F0002FF06E4353810E1130042F006F80100084
:10580000A41130002F21021AF180C24033F2555505
:10581000B804008612E23ED786232ECB01C242385E
:105820008A02400A00041A55550030022F91420E98
:10583000C268032ECC01121000304A2823020850FF
:10584000A0042F57558982C36F830400424012423F
:10585000052E9A00848C4741A141A956C00000B38F
:105860000B09C40544898541F3BF828DA77F94004D
:10587000007F0A2F092ECA010091062F8180475907
:105880000B000040495B847F0C2C49512B0998B9CF
:105890004404D80040BA828453BC455FB3BE8B40F9
:1058A00013BE871236864010414B53B26F76322EAC
:1058B000557F4B7F3402CA0FCAD110056F880E0383
:1058C00032D6C20100E2F2004206C401102D0302EA
:1058D000442E0206304828726FA8B923020C0B0E22
:1058E000C1126C0300C02F9042914200308042B33D
:1058F00030B26F41127203407200081220012E0272
:105900004042160340C601122D012EC6017100014E
:105910006FA95401804A0821020C010E072F5B5128
:105920000210008001302152EA0142252EC501916A
:105930006F7E8443010082387C809A29034046426E
:10594000C3B2063000302BBB2A736A92CC27029474
:1059500002DCF26A05D29C03021603020C1C1264DC
:10596000836F02A083B262172FF36E506F980F00FF
:10597000301232DC98021220440E2FE36E600412C3
:10598000092F306F0312052F80024A0204202F2DA9
:10599000029E1030424082AC5682012FF33E5B558E
:1059A000288082842D02848612645D5556425642B8
:1059B0004A0EFB02280000DC01012D0030EB6FB025
:1059C0005EB82E2751013080015D551142420EFC18
:1059D000322A533EC20140500A253C455072A40170
:1059E0003234E37F3244207AC1FB6FC042DC700264
:1059F0001C39000080F37F0342A17FC27FD17F0367
:105A0000300343E40500E2AE220626D26F021704FB
:105A100008C16F0C09041A10000030043020220164
:105A2000B2142F65591409F3309300000824BD44C3
:105A3000BA940A0217F36F4C089A088A00000A0900
:105A4000535108A958940828BD98B8E46F514400F0
:105A50000A01228EBB6F900268F556054069180D49
:105A600017E10000181905162537254A175418ECB8
:105A700018043064000007EA188E005F02DB5693BA
:105A8000004C022FB9910000BC910A0242B82E6767
:105A90005369514340052E250000F3B8BD9A0A1200
:105AA0004242826B5564404340480000BEE30A1303
:105AB000424382420EF72F802E78B70100402E3DE0
:105AC000010FBC8FB81050012E9C0041921601109E
:105AD00011900E2F70221268F7FB222C64B79802E7
:105AE00026062CFB00086F00900030012F212E6845
:105AF000F705340FB8F05F0200210234B82E6F555D
:105B00006D51A140838A834018BE0800624141A2C2
:105B100046230B28BD6341510A1442B8BD800042A0
:105B20004111425A0A0102949B50013F0240510820
:105B300000101142013201423E802131C02EF39605
:105B4000802E00FEFFC10F040F100F100F100F105A
:105B50000F100F100F100F100F100F100F100F104D
:105B60000F100F1001000310012E5DF708BC80AC70
:105B70000EBB022F0030410000048206C0A400309A
:105B8000112F40A9032F40910D00002F00A70B2FCC
:105B900080B3DB58022F90A12613208880238090A9
:105BA00043A4CC0E00022EB82EE356DD54D0724C26
:105BB00000000B2EFDF3E3529042944295420530D3
:105BC000E55008200F8806B2289642C54248BE73A9
:105BD000300D82224FBA000A8442034281B3022F61
:105BE0002B822806C2E877F7E15600209308252E7D
:105BF00077F7DF54252EC2F507024442308080B487
:105C000033DA0A4C0027020C4340D43FDC0843320D
:105C1000280020002E43402430DC0A434204800345
:105C2000021A4A0A9208230206613415BAD0512397
:105C300024CF0D5A527EF60D6B870800ED54E1A279
:105C4000AEB37FB288E752C27F658BE95608008405
:105C50007F61A264D07F957F537F1430EB54816FB6
:105C60000000427F002E5340458C42409041BB8350
:105C700086410000D804160600AC817F022F023056
:105C8000D30410060400C1845264020B16040914E4
:105C9000019902C1B9AFBC0008590A646F5143A110
:105CA000B4124113225D357F647F04002631A3AE18
:105CB000982E37CA326F756F834042412300027FAE
:105CC000127FF630402551250316146F2005706FA2
:105CD0002000256F6907A2D2440B3004429B428BFF
:105CE0004255428050327F40A9C36F71A2CAD04052
:105CF000C37F13661512661300002F00A4112F84B2
:105D0000BD982E79CA556FF554540101C20BF33F6B
:105D10004541CB02F662AA37CA336FA46FC10000B7
:105D200042032C0043A46F336F002E426F556F91D6
:105D3000000440428B0041410001435502D8C1405C
:105D400095404D004002C56FF350680E756FD1420B
:105D5000A37F8A52A69600000001B3222FED58902F
:105D60006F17301341B66FE4015402FA91411440A9
:105D70009241154017128AB6B2DECB3264000001A0
:105D80000C0715C26F140B290214C3A3C18FE46F53
:105D9000D0C0006FE62F14300502100516442DEF19
:105DA000540132F55800000530A9508340D80891BD
:105DB00001B8BD38B5E67F00000A16B16F2ABBA650
:105DC000BD1C0106BC5240060AA00053404503B169
:105DD000120898121A1ABD16B686BA00A90000AAAF
:105DE0000AB3520F2F0091B352032FB35A550F0429
:105DF00000B3527206A1042F3F91032FF558D40F20
:105E0000002F0000F5541225F233982ED9C0E46F0C
:105E1000F53745090004218505430530F152510E3F
:105E20000374C52FD55409050B222A2202A077F747
:105E3000FB6F305226432E92B31E7F5D2F01000070
:105E4000B2542F02B24E2F0390632FFB50398202BF
:105E50000040408188FD54414003570442002E9485
:105E6000121AD80000BE2C0B45406C0155420C178D
:105E700045402C0354000042530EF22F05573E823A
:105E8000E240C34028BD9300400A4340DA00534239
:105E90008A1643409A0252023641000040D5544AC5
:105EA0000E3B2F3A8200304140212E6510000F40FA
:105EB000B20AB29A610C982E2B0E982E410EFB035B
:105EC00000B22E62942E35B40155F75683428F8668
:105ED0007430FF080054C442A3789200A1422330DA
:105EE000272E9500212E00829400BA82182C814220
:105EF0003042D29200132D21626E0802232E9202AC
:105F00001A7BF70C2D7712E01F0CF9500C82200E33
:105F1000123040422502182F2E7B02E4B3DA54DA05
:105F200086FB7FE1040032620226C2C4A956A56F37
:105F3000AB08916F4B0807000057C46F23094DBA97
:105F400093BC8C0BD16F0B09ED400052095F564298
:105F5000AF021223BD940AE56F68BBEB000408BDD5
:105F6000B963BEFB6F5242E3B2824342905FF300DB
:105F70000050032E25F31240004028BA9BBC88BD78
:105F8000930020B4E30A891608B6C02E19006202F5
:105F9000C50C5D0D025401028231300804FB6F0113
:105FA00030C30E9402A895B2FE01450002CC030254
:105FB000CC480E0152B6050EB82E0B51213401000B
:105FC00000428230C132252E62F5010022300140AC
:105FD0004A42040A53660B55F03B23240D53837247
:105FE000B683305042C4000132272E64F59400502D
:105FF000825ED33F84407D82E31001084042835299
:106000009201530002F87C86DD52092E5004400FA5
:10601000E31240D386544055409442854221027495
:10602000420410402532EEC0427E82052E87008059
:1060300062BA052E0980000127BD2FB98090D38E4A
:106040006FF50C2D072E510F208014301C090522EE
:1060500024E15647BE9308940A25020C20800F5570
:1060600050424A7246B82E5050023043860D422CA0
:106070008002E37FD27FC07FB1320841120A480418
:10608000982E74C000001EAAD36F1430B16FE322A3
:10609000C06F5240E46F00004C0E1242D37FEB2FD2
:1060A000032E660F409011302800032F23020A02AE
:1060B000F23ED06FFB6FB05FB82E40500008F17F0A
:1060C0000A253C86EB7F413322149CD36FF43000C9
:1060D00000DC091359C26F940915596ABBDC08B476
:1060E000B90000B1BD115B950821BDF6BF770B511A
:1060F000BEF16F0000EB6F52425442C02E4342C0CB
:106100005F50501F51000251301142FB7F7B300B1A
:10611000223402802333014240100300072E800303
:10612000E310AD52E27FD302AA982E9C00C00ED19C
:106130006F080A1A257B86D07F013312046E031282
:10614000800800B20D2FE36F0102305130C792E694
:1061500021F208BC0000C042982EED03002E002E54
:10616000D02EB06F0BB80042032E1B00081AB07F70
:1061700070A226212E21F2051A9800402E6DC0989B
:106180002E5DC01751982E44CB190206460440C319
:106190001B020653C72026C06F01311142E1028C59
:1061A0009800002E2EB7215300314340180A404278
:1061B000F2370900002E5EF72357A2082551C2428C
:1061C00085311542220040334A00FC860B403230B4
:1061D000C2420B42E0827A9840802EC0B3D16F80D9
:1061E00012D00330E06F1D55043003708003018925
:1061F000620EFA2F4302E482B0726EB05FB44800C0
:10620000000000A25500007D6F0000A8FFFFFF4EB8
:106210000100000000280000006EE7FFFF76F3FF9A
:10622000FF7CF4FFFF9FFF020F0F030F100F1006FC
:1062300010802E7FCC0F100F100F100F100F100FAB
:10624000100F100F10FF030F100F100F100F100F73
:10625000100F100F100F100F100910190006003248
:10626000000000070064000800C800090090010A4F
:1062700000200320080B007D0004124E803DFA0030
:10628000030208003EF4014210020208803EE803C7
:1062900012AB00003FD007020F00803F00005220E9
:1062A0005DBF522095EEDC2F0E0EBF1283DA004048
:1062B000BF1206F500000E0E0040018000400324CE
:1062C0000E00020E01020408100001000342999A18
:1062D0009B9E787900007A71A0A27B7C7072A400EA
:1062E000C841A100F103000000622A0002010A0671
:1062F0000F02060D03050A0510110207F00204E85B
:106300000306002802060303A0007C0A1400FC1305
:106310001400A80914404100C4171400340210509E
:10632000020CF00814004C020CC00B8E020C032A65
:10633000980208F01A14005C021403100B04C41233
:10634000A10B0F09400A0C803E090D48430000C80C
:106350003F0000FF7F071401B5650209FF03040336
:10636000020506030E0FC00218150FC0032A0216FD
:106370000303A00004003C0F1400F0151400B40245
:10638000A05C19140040551702A078020C240204E6
:1063900054020CE80208042A02084802D4B8F41394
:1063A000F30B030F0C0494130FC0071F0FC00FC093
:1063B00002CE022BFF0AC01A01100035000F0101A6
:1063C00006C0210219158000001027190003780269
:1063D00000000044AB1300ECAE1300E8A91300402A
:1063E000B31300AAA0F00208480204080204F8024D
:1063F0000498D9130034022090020C7430C8B402FF
:10640000BCAA020402480B03F814A100A00FC402A6
:1064100021B81E827C051B804400004841027A009E
:1064200008021C0303138004040AC019E210010FC0
:10643000C00000030FC0023005C08000F0CA029007
:10644000D413000400CCC702A8D7130094C91300CA
:106450004CC3130058C028B013009C020CD402187F
:1064600024D01300ACC602DC0220A40214325E0069
:106470000E0138150FC005216666662230050C0234
:10648000BC02C0C802C0D0B85307D007051404BC72
:10649000020B010290020704031B010FC00022D46B
:1064A0000003A804011F80037823003CB813006C8C
:1064B00002041C0204C40204029B24020444B71315
:1064C0000070B602D802367C12800207001402184F
:1064D000775803080F0403107A1F80031502048FF6
:1064E000C2753D020706038002CC48F81142000045
:1064F00003B60513030A040403050513002E010F58
:10650000C000002107051F8002F0178030E613004D
:10651000500204140204C0E713002841CD0208C44D
:10652000E513007C02040002011C02100207000CAB
:106530000608030C3B4B0F040310A02F4002150F5D
:10654000C000000FC005CE010AC02F010FC000CC53
:106550000000200FC00AC0C0E222FC020484E11344
:10656000008CE413004A55A80208340204ECE0153C
:10657000808C020C0002017C02089C0220B0F74FC4
:106580000208020F0C037C1F80061E0FC00FC00301
:10659000B704040305063430010FC0000C0C0038AA
:1065A0000FC00AC0A8EA130004EB02AC02088CEC8E
:1065B0001300829A300208B0E91300680204000256
:1065C00001080210020700F80210BA7F9C0220386E
:1065D000061003140704810FC006190FC00FC00373
:1065E000B70404030506342B6210010FC00000231A
:1065F0000FC00AC094BA1300B0020470B913B8AA4D
:106600000020BB32C003080204D426F078020C003C
:106610000201680208300220FE0F9C0208020F0FE0
:10662000034F8004200FC00FC003B7040403050408
:106630003200002C01310C0FC00000370FC008C021
:10664000A00054DF32C00204E4DE1300AAAA3C22F8
:106650003408020C94020C4C0204000201EC0608FF
:10666000DC02084C0220FE0F10022002170F030F5D
:10667000C004200FC00FC003B70404030504320098
:1066800000310131200FC00000390FC008C0800068
:10669000B4F11300D0020488F02D615234F3522873
:1066A0000208380204F0EF225400000090020C02AD
:1066B0000700EA1F800208680220B4020803100FD6
:1066C000043FC003200FC00FC003B701000000004B
:1066D000000101000000000000000000084AA100C5
:1066E0005B05000000B269000201F00102050E0323
:1066F000C00E10090F4844090C03090B060AF4F0F8
:106700006DA21300DC0204060F0F070F100410F136
:106710000F80021604020403030106320203060B73
:1067200004C8430000C83F0512020605080D06E82C
:1067300026869B140D11020E7FD6D03D02070F0353
:106740000410D10F80021605200205FF7C02030F02
:1067500080027C0280021904030F80041500E80FF8
:106760008002170F8002130803CDFFDE0F80021A8C
:1067700007130F8005801F0002310A03AC1F800A37
:106780001C0F0B0310CB076D030DFFB7060417DAC0
:106790000F800F80062F0C071F00031D1F0003141E
:1067A0000704FC0F800219250204B7B30F0305107C
:1067B0002C000A05140D06C41F000D1F0F0E00FD4E
:1067C0000F800222280204F5630303052F80000FC7
:1067D0008003260D040F800D1E0F0E0000F70F80A2
:1067E00002231CFFB7020403031F801F8003240F32
:1067F000041F8003201F8003140704F60F80021972
:106800001F0204FFDB03030F800F8003240F040F1C
:106810008003200F8003140704F30F8002190D0278
:106820000403037EB8031F801D804F0003333F80A5
:106830000414E12E654204090F050210D00F80FDFB
:106840009102140E46000F801500022104034F0030
:1068500004150054284580E0240508EFFF03160FB7
:106860008003140704CF0F80021927D90F800580F9
:106870004F0002310A034F000A1B0F0BEDFF0410FB
:10688000F40F8002160C020403030F800F80032410
:106890000F042F0003201F0003140704F6EFF20F6C
:1068A00080021916020403033F800F8003240F04A3
:1068B0000F800520806634050E0B06F653D20F803C
:1068C000021D1726000F80021B0A032F00051B1C48
:1068D0002915F8EC2A00006EFF000F80052C030636
:1068E000CE0F80021513020403030F801F00032440
:1068F0000F042F000F20EDFF0F10F50F8002211560
:10690000020403030F800F8003240F041F8005205F
:106910001F0005160306F6FBFE0F8002152B02046E
:106920000F0305105C804F000423E41680040D0F54
:10693000050F100210F67FFB0F8002142202040FD5
:106940000305100C8037A7051B06066F0006170FFE
:10695000070810C0FBDF0F80021A0696015F801F38
:1069600080022B0F035F0004205F8004150605CC16
:106970000F800218FE6F070F80021405031C001F12
:106980008004232F0003150F8003140704C80F8011
:10699000021926FFDB0680020B0E030C801F800409
:1069A0002C1F8004150F050A10C90F80021C290630
:1069B000803F00E7ED1E800F80023A00000F800448
:1069C000150F050A10C60F80021C1D06802F000E31
:1069D00080FBF61F80023A002F0004141F8004156C
:1069E0000605C20F8002180F06806F000F80022B71
:1069F000BFFD0F030F8004206F0004150605C30FB1
:106A0000800218100F80021405032C001F000423BD
:106A1000DFFE2F8003150F8003140704C50F8002CB
:106A2000192006801F801F00022B0F031F00042067
:106A3000B7FF1F8004150605C10F800218180680D5
:106A40002F800F80022B0F030F8006205F80061718
:106A5000EDFF0207C40F800214190F800214050312
:106A60001F8005160B061F80051C0F8005160306E8
:106A7000F6BFCA0F8002152C0680020B0E030F8092
:106A80000E1F020F6F0002130F030C10C70F80FDC3
:106A90006F021E230F80021405030C804F00042395
:106AA0004F0004150F050A10830F80021C087CDEBE
:106AB000800004012F802F0004250E05C41D858051
:106AC0000B172F800B1CB60F80021D7E819996003C
:106AD000020B0E0313C803040317060F3A00683CA9
:106AE00014000C020472CC8402045C2D0F88033461
:106AF0000F040000ED0F4602239A3402050F032F06
:106B0000000410037C0304030D02CF1E00C03B14DD
:106B100000BC271400A8E00D2E140050A8974603CF
:106B20002C0F040910F80F80021B89300000FE3979
:106B300021025E0304020F0F0306100221060A0B56
:106B40000724A40F780B1E0F0C0000D637F90F8016
:106B5000022388028020025F0304020F0F03061045
:106B6000022FA60418D8A36F7D0F8004170F050805
:106B700010E40F80021A9C12803802800304020F76
:106B80000F03061002836F0F3A0418602B1400786D
:106B90000204040D0F050F100210BF0F4602148FE0
:106BA000FDF502802302800304020F0F0306105F2D
:106BB000FF0517D42204F40204050E0F060F105827
:106BC0003F0000B20F8002239E028039028003043E
:106BD000020F0F0306100F800000EA59B022F89848
:106BE0000204B4020406250F070F1000B50F80023F
:106BF000229F0280377F3D02800304020F0F0306AD
:106C0000100F800517E4027CCC0204050E0F060F5E
:106C1000100000443F7A030F1400006502131502B0
:106C2000800304020B0E03EF800D1F142C81003F24
:106C3000F80000CDCCCC3D0D260000000000000087
:106C4000885EA100360000000032DD000201E00194
:106C500002050E03D04103111903050F040A1003A6
:106C60000A0C090B1800AC2014090D0F0A000000D3
:106C70000000000000000000000000000000000014
:106C8000085FA1000900000001FC1DA1008C1EA1ED
:106C900000000000105FA1000900000001E81EA133
:106CA00000A81FA100000000185FA100050000005F
:106CB00001941EA1000000001C5FA100050000005F
:106CC000019C1EA100000000205FA100090000003F
:106CD00001841EA100041FA100000000285FA10084
:106CE0001900000001A41EA100AC1EA100F01EA10D
:106CF00000FC1EA100181FA100B81FA10000000089
:106D0000405FA1000900000001B41EA100B01FA156
:106D1000000000000012A10020F4FFFF00000000AE
:106D20000000000000000000000000000102030459
:106D30000607080900000000010203041201000117
:106D4000EF020140332815B00001010203010000E9
:106D500009025D000301008032080B0002020200FC
:106D600000090400000102020004052400200105BE
:106D70002401000104240202052406000107058104
:106D80000308001009040100020A000000070502C0
:106D900002400000070582024000000904020000D2
:106DA000FE01010509210DE80300100101000000AA
:106DB0000904000002030604001202030604010095
:106DC0007475645F6364635F6E5F77726974655F37
:106DD000666C757368000000636463645F6F706560
:106DE0006E000000636463645F786665725F63626F
:106DF00000000000CDC2000875C30008D9C3000818
:106E0000FDC50008D1C700080000000075C90008D2
:106E100083C9000899C9000815CA000800000000CD
:106E2000000000007475645F696E69740000000002
:106E3000636F6E66696775726174696F6E5F7265A4
:106E4000736574007475645F7461736B5F657874E7
:106E50000000000070726F636573735F636F6E7420
:106E6000726F6C5F726571756573740070726F63B9
:106E70006573735F7365745F636F6E666967000047
:106E800070726F636573735F6765745F6465736366
:106E9000726970746F7200006F73616C5F717565F9
:106EA00075655F73656E6400757362645F6F7065AE
:106EB0006E5F656470745F7061697200757362649F
:106EC0005F656470745F6F70656E000075736264F7
:106ED0005F656470745F7866657200007475645FE6
:106EE000636F6E74726F6C5F78666572000000008D
:106EF000757362645F636F6E74726F6C5F786665E2
:106F0000725F636200000000000000504300000058
:106F10000600000000050000000004404D000000D5
:106F20000900000000100000636865636B5F647710
:106F3000633200006463645F656470745F6F7065E2
:106F40006E00000074755F656470745F76616C69D3
:106F5000646174650000202020202020202020284B
:106F60002828282820202020202020202020202001
:106F70002020202020208810101010101010101039
:106F80001010101010100404040404040404040479
:106F900010101010101010414141414141010101F8
:106FA00001010101010101010101010101010101D1
:106FB00001101010101010424242424242020202DE
:106FC00002020202020202020202020202020202A1
:106FD000021010101020000000000000000000004F
:106FE00000000000000000000000000000000000A1
:106FF0000000000000000000000000000000000091
:107000000000000000000000000000000000000080
:107010000000000000000000000000000000000070
:107020000000000000000000000000000000000060
:107030000000000000000000000000000000000050
:107040000000000000000000000000000000000040
:10705000000000000000494E4600696E66004E4187
:107060004E006E616E0030003031323334353637C9
:1070700038394142434445460030313233343536A5
:1070800037383961626364656600496E66696E69A6
:107090007479004E614E005245454E54206D616C2E
:1070A0006C6F6320737563636565646564002F624C
:1070B00075696C642F676E752D746F6F6C732D66B8
:1070C0006F722D73746D33325F31312E332E7265D2
:1070D0006C312E32303233303931322D313630305E
:1070E0002F7372632F6E65776C69622F6E65776C94
:1070F00069622F6C6962632F7374646C69622F64B8
:10710000746F612E630042616C6C6F6320737563F2
:10711000636565646564002F6275696C642F676ED2
:10712000752D746F6F6C732D666F722D73746D3364
:10713000325F31312E332E72656C312E3230323364
:10714000303931322D313630302F7372632F6E6506
:10715000776C69622F6E65776C69622F6C69626308
:107160002F7374646C69622F6D707265632E630097
:107170000080E03779C34143176E05B5B5B8934633
:10718000F5F93FE9034F384D321D30F94877825AFF
:107190003CBF737FDD4F1575000000000000F03F1D
:1071A00000000000000024400000000000005940E2
:1071B0000000000000408F40000000000088C34035
:1071C00000000000006AF8400000000080842E41AA
:1071D00000000000D01263410000000084D79741F6
:1071E0000000000065CDCD41000000205FA00242FC
:1071F000000000E876483742000000A2941A6D4271
:10720000000040E59C30A2420000901EC4BCD64263
:1072100000003426F56B0C430080E03779C341430E
:1072200000A0D8855734764300C84E676DC1AB4384
:10723000003D9160E458E143408CB5781DAF1544A2
:1072400050EFE2D6E41A4B4492D54D06CFF080447D
:10725000F64AE1C7022DB544B49DD9794378EA4492
:1072600005000000190000007D000000232D302BD8
:107270002000686C4C006566674546470043005037
:107280004F534958002E002C2066756E6374696F49
:107290006E3A2000617373657274696F6E202225E7
:1072A0007322206661696C65643A2066696C6520AA
:1072B000222573222C206C696E6520256425732598
:0472C000730A00004D
:0872C4005499FC7F0100000059
:0472CC00F5010008C0
:0472D000D1010008E0
:1072D400010101001B00000000000000000000008C
:1072E40000000000010202001C0000000000000079
:1072F4000000000000000000010303001D00000066
:107304000000000000000000000000000104040070
:107314001E0000000000000000000000000000004B
:10732400020105021B000000000000000000000034
:1073340000000000020206021C0000000000000021
:107344000000000000000000020307021D0000000E
:107354000000000000000000000000000204080219
:107364001E000000000000000000000000000000FB
:10737400030109031B0000000000000000000000DE
:107384000000000003020A031C00000000000000CB
:10739400000000000000000003030B031D000000B8
:1073A40000000000000000000000000003040C03C3
:1073B4001E000000000000000000000000000000AB
:1073C40004010D051B000000000000000000000087
:1073D4000000000004020E051C0000000000000074
:1073E400000000000000000004030F051D00000061
:1073F400000000000000000000000000040410056C
:107404001E0000000000000000000000000000005A
:10741400050111071B00000000000000000000002F
:1074240000000000050212071C000000000000001C
:107434000000000000000000050313071D00000009
:107444000000000000000000000000000504140714
:107454001E0000000000000000000000000000000A
:107464000024F400B06D030878400108804001084E
:107474008C40010898400108A04001081000000059
:1074840001FF00003DEA00083850002010000C0005
:1074940000000000000000000300000080520020F3
:1074A4000000000080520020E852002050530020C9
:1074B40000000000000000000000000000000000C8
:1074C40000000000000000000000000000000000B8
:1074D40000000000000000000000000000000000A8
:1074E400000000000000000000000000D0010020A7
:1074F4004300000000000000000000000000000045
:107504000000000000000000000000000000000077
:107514004300000000000000000000000000000024
:107524000000000000000000000000000000000057
:107534004300000000000000000000000000000004
:107544000000000000000000000000000000000037
:1075540043000000000000000000000000000000E4
:107564000000000000000000000000000000000017
:1075740043000000000000000000000000000000C4
:1075840000000000000000000000000000000000F7
:1075940043000000000000000000000000000000A4
:1075A40000000000000000000000000000000000D7
:1075B4004300000000000000000000000000000084
:1075C40000000000000000000000000000000000B7
:1075D400F5380108D138010800000000556F030890
:1075E40085720308C2720308C2720308C2720308D8
:1075F400C2720308C2720308C2720308C27203088B
:10760400C2720308C2720308FFFFFFFFFFFFFFFF00
:10761400FFFFFFFFFFFF0000010041534349490002
:107624000000000000000000000000000000000056
:1076340000000000000000000000415343494900DD
:107644000000000000000000000000000000000036
:0C7654000000000000000000000000002A
:04000005080047495F
:00000001FF
